cluster_id,unique_id,festival_id,name_clean,name,festival_type,destination_id,destination_name,start_date,end_date
fest_Q60969574,fest_Q60969574,Q60969574,kënga magjike 2017,Kënga Magjike 2017,Festival,Q222,Albania,2017-12-06,2017-12-09
fest_Q71435666,fest_Q71435666,Q71435666,kënga magjike 2019,Kënga Magjike 2019,Festival,Q222,Albania,,
fest_Q2319714,fest_Q2319714,Q2319714,abu dhabi motor show,Abu Dhabi Motor Show,Festival,Q1519,Abu Dhabi,,
fest_Q7600800,fest_Q7600800,Q7600800,star mega jam,Star Mega Jam,Festival,Q3787,Abuja,2001-01-01,2010-01-01
fest_Q7600800,fest_Q7600800,Q7600800,star mega jam,Star Mega Jam,Festival,Q3787,Abuja,2001-01-01,2010-01-01
fest_Q7600800,fest_Q7600800,Q7600800,star mega jam,Star Mega Jam,Festival,Q3787,Abuja,2001-01-01,2010-01-01
fest_Q38236899,fest_Q38236899,Q38236899,mozilla festival,Mozilla Festival,Festival,Q727,Amsterdam,,
fest_Q38236899,fest_Q38236899,Q38236899,mozilla festival,Mozilla Festival,Festival,Q727,Amsterdam,,
fest_Q60969892,fest_Q60969892,Q60969892,kënga magjike 2018,Kënga Magjike 2018,Festival,Q222,Albania,2018-12-05,2018-12-08
fest_Q4666934,fest_Q4666934,Q4666934,aberdeen international youth festival,Aberdeen International Youth Festival,Festival,Q36405,Aberdeen,,
fest_Q3358839,fest_Q3358839,Q3358839,royal national mod,Royal National Mod,Festival,Q36405,Aberdeen,,
fest_Q3358839,fest_Q3358839,Q3358839,royal national mod,Royal National Mod,Festival,Q36405,Aberdeen,,
fest_Q28134942,fest_Q28134942,Q28134942,ozasia festival,OzAsia Festival,Festival,Q5112,Adelaide,,
fest_Q28134942,fest_Q28134942,Q28134942,ozasia festival,OzAsia Festival,Festival,Q5112,Adelaide,,
fest_Q2181135,fest_Q2181135,Q2181135,festival of fools,Festival of Fools,Festival,Q727,Amsterdam,,
fest_Q2181135,fest_Q2181135,Q2181135,festival of fools,Festival of Fools,Festival,Q727,Amsterdam,,
fest_Q23925671,fest_Q23925671,Q23925671,comiciade,Comiciade,Festival,Q1017,Aachen,,
fest_Q23925671,fest_Q23925671,Q23925671,comiciade,Comiciade,Festival,Q1017,Aachen,,
fest_Q12222274,fest_Q12222274,Q12222274,ashura in algeria,Ashura in Algeria,Festival,Q262,Algeria,,
fest_Q2207483,fest_Q2207483,Q2207483,poelifinario,Poelifinario,Festival,Q727,Amsterdam,2003-01-01,
fest_Q2207483,fest_Q2207483,Q2207483,poelifinario,Poelifinario,Festival,Q727,Amsterdam,2003-01-01,
fest_Q4982316,fest_Q4982316,Q4982316,bubonicon,Bubonicon,Festival,Q34804,Albuquerque,,
fest_Q105741210,fest_Q105741210,Q105741210,wiki loves monuments in albania kosovo,Wiki Loves Monuments in Albania & Kosovo,Festival,Q222,Albania,,
fest_Q105741210,fest_Q105741210,Q105741210,wiki loves monuments in albania kosovo,Wiki Loves Monuments in Albania & Kosovo,Festival,Q222,Albania,,
fest_Q139324332,fest_Q139324332,Q139324332,albanian diaspora summit,Albanian Diaspora Summit,Festival,Q222,Albania,,
fest_Q139324332,fest_Q139324332,Q139324332,albanian diaspora summit,Albanian Diaspora Summit,Festival,Q222,Albania,,
fest_Q16146537,fest_Q16146537,Q16146537,15th world festival of youth and students,15th World Festival of Youth and Students,Festival,Q262,Algeria,,
fest_Q112612933,fest_Q112612933,Q112612933,advention,Advention,Festival,Q5112,Adelaide,,
fest_Q112612933,fest_Q112612933,Q112612933,advention,Advention,Festival,Q5112,Adelaide,,
fest_Q23014326,fest_Q23014326,Q23014326,kënga magjike 2015,Kënga Magjike 2015,Festival,Q222,Albania,,
fest_Q1795594,fest_Q1795594,Q1795594,kënga magjike,Kënga Magjike,Festival,Q222,Albania,,
fest_Q1795594,fest_Q1795594,Q1795594,kënga magjike,Kënga Magjike,Festival,Q222,Albania,,
fest_Q1795594,fest_Q1795594,Q1795594,kënga magjike,Kënga Magjike,Festival,Q222,Albania,,
fest_Q4708969,fest_Q4708969,Q4708969,albacon,Albacon,Festival,Q24861,Albany,,
fest_Q79048068,fest_Q79048068,Q79048068,tirana book fair,Tirana Book Fair,Festival,Q222,Albania,,
fest_Q79048068,fest_Q79048068,Q79048068,tirana book fair,Tirana Book Fair,Festival,Q222,Albania,,
fest_Q20561724,fest_Q20561724,Q20561724,kult awards,Kult Awards,Festival,Q222,Albania,,
fest_Q16849154,fest_Q16849154,Q16849154,international festival of comics,International Festival of Comics,Festival,Q262,Algeria,,
fest_Q56299731,fest_Q56299731,Q56299731,kënga magjike 2016,Kënga Magjike 2016,Festival,Q222,Albania,,
fest_Q304607,fest_Q304607,Q304607,gjirokastër national folklore festival,Gjirokastër National Folklore Festival,Festival,Q222,Albania,,
fest_Q948858,fest_Q948858,Q948858,cannabis cup,Cannabis Cup,Festival,Q727,Amsterdam,,
fest_Q948858,fest_Q948858,Q948858,cannabis cup,Cannabis Cup,Festival,Q727,Amsterdam,,
fest_Q11983109,fest_Q11983109,Q11983109,danish national exhibition of 1909,Danish National Exhibition of 1909,Festival,Q25319,Aarhus,,
fest_Q11983109,fest_Q11983109,Q11983109,danish national exhibition of 1909,Danish National Exhibition of 1909,Festival,Q25319,Aarhus,,
fest_Q116767093,fest_Q116767093,Q116767093,spectra festival of light,Spectra Festival of Light,Festival,Q36405,Aberdeen,,
fest_Q26156861,fest_Q26156861,Q26156861,amsterdam light festival,Amsterdam Light Festival,Festival,Q727,Amsterdam,,
fest_Q26156861,fest_Q26156861,Q26156861,amsterdam light festival,Amsterdam Light Festival,Festival,Q727,Amsterdam,,
fest_Q138036118,fest_Q138036118,Q138036118,jouvert morning aruba,"Jouvert Morning, Aruba",Festival,Q21203,Aruba,,
fest_Q138323197,fest_Q138323197,Q138323197,grand carnival parade san nicolas,"Grand Carnival Parade, San Nicolas",Festival,Q21203,Aruba,,
fest_Q138321756,fest_Q138321756,Q138321756,lightning parade san nicolas aruba,"Lightning parade, San Nicolas Aruba",Festival,Q21203,Aruba,,
fest_Q127335869,fest_Q127335869,Q127335869,buenos aires celebra país vasco 2021,Buenos Aires Celebra País Vasco 2021,Festival,Q414,Argentina,,
fest_Q127335869,fest_Q127335869,Q127335869,buenos aires celebra país vasco 2021,Buenos Aires Celebra País Vasco 2021,Festival,Q414,Argentina,,
fest_Q25227199,fest_Q25227199,Q25227199,ultra buenos aires,Ultra Buenos Aires,Festival,Q414,Argentina,,
fest_Q108464937,fest_Q108464937,Q108464937,tempo dance festival,Tempo Dance Festival,Festival,Q37100,Auckland,,
fest_Q108464937,fest_Q108464937,Q108464937,tempo dance festival,Tempo Dance Festival,Festival,Q37100,Auckland,,
fest_Q115505283,fest_Q115505283,Q115505283,bear festivities in the pyrenees,Bear festivities in the Pyrenees,Festival,Q228,Andorra,,
fest_Q115505283,fest_Q115505283,Q115505283,bear festivities in the pyrenees,Bear festivities in the Pyrenees,Festival,Q228,Andorra,,
fest_Q130243963,fest_Q130243963,Q130243963,feira filda,Feira Filda,Festival,Q916,Angola,,
fest_Q3690905,fest_Q3690905,Q3690905,copa de competencia laf,Copa de Competencia (LAF),Festival,Q414,Argentina,,
fest_Q84045610,fest_Q84045610,Q84045610,cosquín rock 2020,Cosquín Rock 2020,Festival,Q414,Argentina,2020-02-08,2020-02-09
fest_Q17492841,fest_Q17492841,Q17492841,summer of antwerp,Summer of Antwerp,Festival,Q12892,Antwerp,,
fest_Q17492841,fest_Q17492841,Q17492841,summer of antwerp,Summer of Antwerp,Festival,Q12892,Antwerp,,
fest_Q16491950,fest_Q16491950,Q16491950,national day of tango,National Day of Tango,Festival,Q414,Argentina,,
fest_Q5787759,fest_Q5787759,Q5787759,copa general pedro ramírez,Copa General Pedro Ramírez,Festival,Q414,Argentina,,
fest_Q3690900,fest_Q3690900,Q3690900,copa de competencia aamf,Copa de Competencia (AAmF),Festival,Q414,Argentina,,
fest_Q19799894,fest_Q19799894,Q19799894,census in argentina,census in Argentina,Festival,Q414,Argentina,,
fest_Q24057155,fest_Q24057155,Q24057155,pepsi music 2013,Pepsi Music 2013,Festival,Q414,Argentina,,
fest_Q127328811,fest_Q127328811,Q127328811,buenos aires celebra país vasco,Buenos Aires Celebra País Vasco,Festival,Q414,Argentina,,
fest_Q127328811,fest_Q127328811,Q127328811,buenos aires celebra país vasco,Buenos Aires Celebra País Vasco,Festival,Q414,Argentina,,
fest_Q7565949,fest_Q7565949,Q7565949,south american business forum,South American Business Forum,Festival,Q414,Argentina,2004-01-01,
fest_Q76763282,fest_Q76763282,Q76763282,2019 argentina presidential debates,2019 Argentina presidential debates,Festival,Q414,Argentina,,
fest_Q4985521,fest_Q4985521,Q4985521,buenos aires fashion week,Buenos Aires Fashion Week,Festival,Q414,Argentina,2001-01-01,
fest_Q139807837,fest_Q139807837,Q139807837,madrid economic forum,Madrid Economic Forum,Festival,Q228,Andorra,,
fest_Q96622031,fest_Q96622031,Q96622031,wiki loves folklore,Wiki Loves Folklore,Festival,Q414,Argentina,,
fest_Q96622031,fest_Q96622031,Q96622031,wiki loves folklore,Wiki Loves Folklore,Festival,Q414,Argentina,,
fest_Q96622031,fest_Q96622031,Q96622031,wiki loves folklore,Wiki Loves Folklore,Festival,Q414,Argentina,,
fest_Q96622031,fest_Q96622031,Q96622031,wiki loves folklore,Wiki Loves Folklore,Festival,Q414,Argentina,,
fest_Q96622031,fest_Q96622031,Q96622031,wiki loves folklore,Wiki Loves Folklore,Festival,Q414,Argentina,,
fest_Q96622031,fest_Q96622031,Q96622031,wiki loves folklore,Wiki Loves Folklore,Festival,Q414,Argentina,,
fest_Q96622031,fest_Q96622031,Q96622031,wiki loves folklore,Wiki Loves Folklore,Festival,Q414,Argentina,,
fest_Q96622031,fest_Q96622031,Q96622031,wiki loves folklore,Wiki Loves Folklore,Festival,Q414,Argentina,,
fest_Q96622031,fest_Q96622031,Q96622031,wiki loves folklore,Wiki Loves Folklore,Festival,Q414,Argentina,,
fest_Q96622031,fest_Q96622031,Q96622031,wiki loves folklore,Wiki Loves Folklore,Festival,Q414,Argentina,,
fest_Q96622031,fest_Q96622031,Q96622031,wiki loves folklore,Wiki Loves Folklore,Festival,Q414,Argentina,,
fest_Q96622031,fest_Q96622031,Q96622031,wiki loves folklore,Wiki Loves Folklore,Festival,Q414,Argentina,,
fest_Q96622031,fest_Q96622031,Q96622031,wiki loves folklore,Wiki Loves Folklore,Festival,Q414,Argentina,,
fest_Q96622031,fest_Q96622031,Q96622031,wiki loves folklore,Wiki Loves Folklore,Festival,Q414,Argentina,,
fest_Q96622031,fest_Q96622031,Q96622031,wiki loves folklore,Wiki Loves Folklore,Festival,Q414,Argentina,,
fest_Q96622031,fest_Q96622031,Q96622031,wiki loves folklore,Wiki Loves Folklore,Festival,Q414,Argentina,,
fest_Q96622031,fest_Q96622031,Q96622031,wiki loves folklore,Wiki Loves Folklore,Festival,Q414,Argentina,,
fest_Q96622031,fest_Q96622031,Q96622031,wiki loves folklore,Wiki Loves Folklore,Festival,Q414,Argentina,,
fest_Q96622031,fest_Q96622031,Q96622031,wiki loves folklore,Wiki Loves Folklore,Festival,Q414,Argentina,,
fest_Q96622031,fest_Q96622031,Q96622031,wiki loves folklore,Wiki Loves Folklore,Festival,Q414,Argentina,,
fest_Q96622031,fest_Q96622031,Q96622031,wiki loves folklore,Wiki Loves Folklore,Festival,Q414,Argentina,,
fest_Q96622031,fest_Q96622031,Q96622031,wiki loves folklore,Wiki Loves Folklore,Festival,Q414,Argentina,,
fest_Q96622031,fest_Q96622031,Q96622031,wiki loves folklore,Wiki Loves Folklore,Festival,Q414,Argentina,,
fest_Q97461264,fest_Q97461264,Q97461264,copa confraternidad iberoamericana,Copa Confraternidad Iberoamericana,Festival,Q414,Argentina,1964-01-01,1965-01-01
fest_Q5996078,fest_Q5996078,Q5996078,marchas de la resistencia,Marchas de la Resistencia,Festival,Q414,Argentina,2015-12-10,2006-01-26
fest_Q121301318,fest_Q121301318,Q121301318,new year in armenia,New Year in Armenia,Event,Q399,Armenia,,
fest_Q1130500,fest_Q1130500,Q1130500,tie cup,Tie Cup,Festival,Q414,Argentina,,
fest_Q134316570,fest_Q134316570,Q134316570,printopia,Printopia,Festival,Q37100,Auckland,,
fest_Q134316570,fest_Q134316570,Q134316570,printopia,Printopia,Festival,Q37100,Auckland,,
fest_Q6343954,fest_Q6343954,Q6343954,pepsi music 2006,Pepsi Music 2006,Festival,Q414,Argentina,,
fest_Q22082577,fest_Q22082577,Q22082577,copa mariano reyna,Copa Mariano Reyna,Festival,Q414,Argentina,,
fest_Q24057022,fest_Q24057022,Q24057022,pepsi music 2011,Pepsi Music 2011,Festival,Q414,Argentina,,
fest_Q6343952,fest_Q6343952,Q6343952,pepsi music 2005,Pepsi Music 2005,Festival,Q414,Argentina,,
fest_Q127329161,fest_Q127329161,Q127329161,buenos aires celebra país vasco 2011,Buenos Aires Celebra País Vasco 2011,Festival,Q414,Argentina,,
fest_Q127329161,fest_Q127329161,Q127329161,buenos aires celebra país vasco 2011,Buenos Aires Celebra País Vasco 2011,Festival,Q414,Argentina,,
fest_Q6343959,fest_Q6343959,Q6343959,pepsi music 2009,Pepsi Music 2009,Festival,Q414,Argentina,,
fest_Q127329167,fest_Q127329167,Q127329167,buenos aires celebra país vasco 2012,Buenos Aires Celebra País Vasco 2012,Festival,Q414,Argentina,,
fest_Q127329167,fest_Q127329167,Q127329167,buenos aires celebra país vasco 2012,Buenos Aires Celebra País Vasco 2012,Festival,Q414,Argentina,,
fest_Q127329467,fest_Q127329467,Q127329467,buenos aires celebra país vasco 2017,Buenos Aires Celebra País Vasco 2017,Festival,Q414,Argentina,,
fest_Q127329467,fest_Q127329467,Q127329467,buenos aires celebra país vasco 2017,Buenos Aires Celebra País Vasco 2017,Festival,Q414,Argentina,,
fest_Q6343956,fest_Q6343956,Q6343956,pepsi music 2007,Pepsi Music 2007,Festival,Q414,Argentina,,
fest_Q20313154,fest_Q20313154,Q20313154,atlanta fantasy fair,Atlanta Fantasy Fair,Festival,Q23556,Atlanta,,
fest_Q19413530,fest_Q19413530,Q19413530,ushuaia loppet,Ushuaia Loppet,Festival,Q414,Argentina,,
fest_Q6343957,fest_Q6343957,Q6343957,pepsi music 2008,Pepsi Music 2008,Festival,Q414,Argentina,,
fest_Q112615789,fest_Q112615789,Q112615789,asficon,ASFiCon,Festival,Q23556,Atlanta,,
fest_Q7170506,fest_Q7170506,Q7170506,personal fest,Personal Fest,Festival,Q414,Argentina,,
fest_Q96392358,fest_Q96392358,Q96392358,rosario-santa fe,Rosario-Santa Fe,Festival,Q414,Argentina,,
fest_Q13052112,fest_Q13052112,Q13052112,agra hadig,Agra Hadig,Event,Q399,Armenia,,
fest_Q6343960,fest_Q6343960,Q6343960,pepsi music 2010,Pepsi Music 2010,Festival,Q414,Argentina,,
fest_Q5058966,fest_Q5058966,Q5058966,census in armenia,Census in Armenia,Festival,Q399,Armenia,1926-01-01,
fest_Q6343964,fest_Q6343964,Q6343964,pepsi music 2012,Pepsi Music 2012,Festival,Q414,Argentina,,
fest_Q125599959,fest_Q125599959,Q125599959,buenos aires trap,Buenos Aires Trap,Festival,Q414,Argentina,,
fest_Q125599959,fest_Q125599959,Q125599959,buenos aires trap,Buenos Aires Trap,Festival,Q414,Argentina,,
fest_Q56319324,fest_Q56319324,Q56319324,cosquín rock 2019,Cosquín Rock 2019,Festival,Q414,Argentina,,
fest_Q5787592,fest_Q5787592,Q5787592,copa de competencia británica,Copa de Competencia Británica,Festival,Q414,Argentina,,
fest_Q135233603,fest_Q135233603,Q135233603,argentine figure skating championships,Argentine Figure Skating Championships,Festival,Q414,Argentina,,
fest_Q127329181,fest_Q127329181,Q127329181,buenos aires celebra país vasco 2014,Buenos Aires Celebra País Vasco 2014,Festival,Q414,Argentina,,
fest_Q127329181,fest_Q127329181,Q127329181,buenos aires celebra país vasco 2014,Buenos Aires Celebra País Vasco 2014,Festival,Q414,Argentina,,
fest_Q127333532,fest_Q127333532,Q127333532,buenos aires celebra país vasco 2019,Buenos Aires Celebra País Vasco 2019,Festival,Q414,Argentina,,
fest_Q127333532,fest_Q127333532,Q127333532,buenos aires celebra país vasco 2019,Buenos Aires Celebra País Vasco 2019,Festival,Q414,Argentina,,
fest_Q20807227,fest_Q20807227,Q20807227,copa de competencia la nación,Copa de Competencia La Nación,Festival,Q414,Argentina,,
fest_Q132291574,fest_Q132291574,Q132291574,collaborative photo shootscarnabarriales,Collaborative photo shoots:Carnabarriales,Festival,Q414,Argentina,,
fest_Q4653945,fest_Q4653945,Q4653945,art athina,ART ATHINA,Festival,Q1524,Athens,,
fest_Q1993348,fest_Q1993348,Q1993348,oti festival 1980,OTI Festival 1980,Festival,Q414,Argentina,,
fest_Q609550,fest_Q609550,Q609550,copa beccar varela,Copa Beccar Varela,Festival,Q414,Argentina,,
fest_Q127329193,fest_Q127329193,Q127329193,buenos aires celebra país vasco 2015,Buenos Aires Celebra País Vasco 2015,Festival,Q414,Argentina,,
fest_Q127329193,fest_Q127329193,Q127329193,buenos aires celebra país vasco 2015,Buenos Aires Celebra País Vasco 2015,Festival,Q414,Argentina,,
fest_Q138172086,fest_Q138172086,Q138172086,european industry summit,European Industry Summit,Festival,Q12892,Antwerp,,
fest_Q138172086,fest_Q138172086,Q138172086,european industry summit,European Industry Summit,Festival,Q12892,Antwerp,,
fest_Q5168211,fest_Q5168211,Q5168211,copa premier honor argentino,Copa Premier Honor Argentino,Festival,Q414,Argentina,,
fest_Q1836480,fest_Q1836480,Q1836480,copa de honor municipalidad de buenos aires,Copa de Honor Municipalidad de Buenos Aires,Festival,Q414,Argentina,,
fest_Q21605520,fest_Q21605520,Q21605520,fiesta de la navidad en capioví,Fiesta de la Navidad en Capioví,Event,Q414,Argentina,,
fest_Q5861655,fest_Q5861655,Q5861655,national rice festival,National Rice Festival,Event,Q414,Argentina,,
fest_Q127331152,fest_Q127331152,Q127331152,buenos aires celebra país vasco 2018,Buenos Aires Celebra País Vasco 2018,Festival,Q414,Argentina,,
fest_Q127331152,fest_Q127331152,Q127331152,buenos aires celebra país vasco 2018,Buenos Aires Celebra País Vasco 2018,Festival,Q414,Argentina,,
fest_Q20011195,fest_Q20011195,Q20011195,plisskën festival,Plisskën Festival,Festival,Q1524,Athens,,
fest_Q130282561,fest_Q130282561,Q130282561,address to the nation of the president of kazakhstan,Address to the Nation of the President of Kazakhstan,Festival,Q1520,Astana,,
fest_Q130282561,fest_Q130282561,Q130282561,address to the nation of the president of kazakhstan,Address to the Nation of the President of Kazakhstan,Festival,Q1520,Astana,,
fest_Q21451634,fest_Q21451634,Q21451634,festival mastai,Festival MASTAI,Festival,Q414,Argentina,,
fest_Q21059662,fest_Q21059662,Q21059662,argentina presidential election debates 2015,"Argentina presidential election debates, 2015",Festival,Q414,Argentina,,
fest_Q83649221,fest_Q83649221,Q83649221,festival internacional de pallasses,Festival Internacional de Pallasses,Festival,Q228,Andorra,,
fest_Q127337171,fest_Q127337171,Q127337171,buenos aires celebra país vasco 2023,Buenos Aires Celebra País Vasco 2023,Festival,Q414,Argentina,,
fest_Q127337171,fest_Q127337171,Q127337171,buenos aires celebra país vasco 2023,Buenos Aires Celebra País Vasco 2023,Festival,Q414,Argentina,,
fest_Q125257928,fest_Q125257928,Q125257928,wikiherramientas,Wikiherramientas,Festival,Q414,Argentina,2022-04-26,
fest_Q7142119,fest_Q7142119,Q7142119,pasifika festival,Pasifika Festival,Festival,Q37100,Auckland,,
fest_Q7142119,fest_Q7142119,Q7142119,pasifika festival,Pasifika Festival,Festival,Q37100,Auckland,,
fest_Q16272148,fest_Q16272148,Q16272148,areni wine festival,Areni wine festival,Festival,Q399,Armenia,,
fest_Q5938034,fest_Q5938034,Q5938034,leyendas,Leyendas,Festival,Q414,Argentina,1999-01-01,
fest_Q136756111,fest_Q136756111,Q136756111,argentine biological anthropology conference,Argentine Biological Anthropology Conference,Festival,Q414,Argentina,,
fest_Q109484558,fest_Q109484558,Q109484558,wiki loves monuments in armenia,Wiki Loves Monuments in Armenia,Festival,Q399,Armenia,,
fest_Q116766836,fest_Q116766836,Q116766836,armcon,ArmCon,Festival,Q399,Armenia,,
fest_Q1799109,fest_Q1799109,Q1799109,la rural exhibition argentina,La Rural Exhibition Argentina,Festival,Q414,Argentina,,
fest_Q127329387,fest_Q127329387,Q127329387,buenos aires celebra país vasco 2016,Buenos Aires Celebra País Vasco 2016,Festival,Q414,Argentina,,
fest_Q127329387,fest_Q127329387,Q127329387,buenos aires celebra país vasco 2016,Buenos Aires Celebra País Vasco 2016,Festival,Q414,Argentina,,
fest_Q127334784,fest_Q127334784,Q127334784,buenos aires celebra país vasco 2020,Buenos Aires Celebra País Vasco 2020,Festival,Q414,Argentina,,
fest_Q127334784,fest_Q127334784,Q127334784,buenos aires celebra país vasco 2020,Buenos Aires Celebra País Vasco 2020,Festival,Q414,Argentina,,
fest_Q106034463,fest_Q106034463,Q106034463,ball de l'ossa of encamp,Ball de l'ossa of Encamp,Event,Q228,Andorra,,
fest_Q1133236,fest_Q1133236,Q1133236,flisol,FLISOL,Festival,Q414,Argentina,,
fest_Q1133236,fest_Q1133236,Q1133236,flisol,FLISOL,Festival,Q414,Argentina,,
fest_Q1133236,fest_Q1133236,Q1133236,flisol,FLISOL,Festival,Q414,Argentina,,
fest_Q1133236,fest_Q1133236,Q1133236,flisol,FLISOL,Festival,Q414,Argentina,,
fest_Q1133236,fest_Q1133236,Q1133236,flisol,FLISOL,Festival,Q414,Argentina,,
fest_Q1133236,fest_Q1133236,Q1133236,flisol,FLISOL,Festival,Q414,Argentina,,
fest_Q1133236,fest_Q1133236,Q1133236,flisol,FLISOL,Festival,Q414,Argentina,,
fest_Q1133236,fest_Q1133236,Q1133236,flisol,FLISOL,Festival,Q414,Argentina,,
fest_Q1133236,fest_Q1133236,Q1133236,flisol,FLISOL,Festival,Q414,Argentina,,
fest_Q1133236,fest_Q1133236,Q1133236,flisol,FLISOL,Festival,Q414,Argentina,,
fest_Q1133236,fest_Q1133236,Q1133236,flisol,FLISOL,Festival,Q414,Argentina,,
fest_Q53426517,fest_Q53426517,Q53426517,5th birthday of wikimedia armenia,5th birthday of Wikimedia Armenia,Event,Q399,Armenia,,
fest_Q1001834,fest_Q1001834,Q1001834,buenos aires jazz festival,Buenos Aires Jazz Festival,Festival,Q414,Argentina,,
fest_Q100740692,fest_Q100740692,Q100740692,national day for the right to identity,National Day for the Right to Identity,Festival,Q414,Argentina,,
fest_Q16567719,fest_Q16567719,Q16567719,fiesta nacional del durazno,Fiesta NACIONAL DEL DURAZNO.,Event,Q414,Argentina,,
fest_Q4816156,fest_Q4816156,Q4816156,atlanta streets alive,Atlanta Streets Alive,Festival,Q23556,Atlanta,,
fest_Q48782022,fest_Q48782022,Q48782022,cosquín rock 2018,Cosquín Rock 2018,Festival,Q414,Argentina,,
fest_Q5305076,fest_Q5305076,Q5305076,dragon con,Dragon Con,Festival,Q23556,Atlanta,,
fest_Q4071451,fest_Q4071451,Q4071451,kha b'nissan,Kha b'Nissan,Event,Q399,Armenia,,
fest_Q4071451,fest_Q4071451,Q4071451,kha b'nissan,Kha b'Nissan,Event,Q399,Armenia,,
fest_Q4071451,fest_Q4071451,Q4071451,kha b'nissan,Kha b'Nissan,Event,Q399,Armenia,,
fest_Q4071451,fest_Q4071451,Q4071451,kha b'nissan,Kha b'Nissan,Event,Q399,Armenia,,
fest_Q133444005,fest_Q133444005,Q133444005,dolma festival in armenia 2015,Dolma Festival in Armenia 2015,Festival,Q399,Armenia,,
fest_Q65225643,fest_Q65225643,Q65225643,yerevan wine days,Yerevan Wine Days,Festival,Q399,Armenia,,
fest_Q65225643,fest_Q65225643,Q65225643,yerevan wine days,Yerevan Wine Days,Festival,Q399,Armenia,,
fest_Q6276334,fest_Q6276334,Q6276334,jordancon,JordanCon,Festival,Q23556,Atlanta,,
fest_Q5445726,fest_Q5445726,Q5445726,festival nacional del cabrito,Festival Nacional del Cabrito,Festival,Q414,Argentina,,
fest_Q127336311,fest_Q127336311,Q127336311,buenos aires celebra país vasco 2022,Buenos Aires Celebra País Vasco 2022,Festival,Q414,Argentina,,
fest_Q127336311,fest_Q127336311,Q127336311,buenos aires celebra país vasco 2022,Buenos Aires Celebra País Vasco 2022,Festival,Q414,Argentina,,
fest_Q111363084,fest_Q111363084,Q111363084,wiki loves monuments in aruba,Wiki Loves Monuments in Aruba,Festival,Q21203,Aruba,,
fest_Q21044497,fest_Q21044497,Q21044497,summer solstice fire festivals in the pyrenees,Summer solstice fire festivals in the Pyrenees,Event,Q228,Andorra,,
fest_Q21044497,fest_Q21044497,Q21044497,summer solstice fire festivals in the pyrenees,Summer solstice fire festivals in the Pyrenees,Event,Q228,Andorra,,
fest_Q6897370,fest_Q6897370,Q6897370,momocon,MomoCon,Festival,Q23556,Atlanta,,
fest_Q17631763,fest_Q17631763,Q17631763,torneo internacional nocturno rioplatense,Torneo Internacional Nocturno Rioplatense,Festival,Q414,Argentina,,
fest_Q1129940,fest_Q1129940,Q1129940,copa aldao,Copa Aldao,Festival,Q414,Argentina,,
fest_Q121262925,fest_Q121262925,Q121262925,celebration of musa ler,Celebration of Musa Ler,Event,Q399,Armenia,,
fest_Q1241933,fest_Q1241933,Q1241933,donnerstagsdemonstrationen,Donnerstagsdemonstrationen,Festival,Q40,Austria,,
fest_Q124808386,fest_Q124808386,Q124808386,south by southwest 1992,South by Southwest 1992,Festival,Q16559,Austin,,
fest_Q124808387,fest_Q124808387,Q124808387,south by southwest 1993,South by Southwest 1993,Festival,Q16559,Austin,,
fest_Q124808384,fest_Q124808384,Q124808384,south by southwest 1990,South by Southwest 1990,Festival,Q16559,Austin,,
fest_Q124808385,fest_Q124808385,Q124808385,south by southwest 1991,South by Southwest 1991,Festival,Q16559,Austin,,
fest_Q124808390,fest_Q124808390,Q124808390,south by southwest 1996,South by Southwest 1996,Festival,Q16559,Austin,,
fest_Q4852748,fest_Q4852748,Q4852748,balticon,Balticon,Festival,Q5092,Baltimore,,
fest_Q111966898,fest_Q111966898,Q111966898,act performance art festival 2017 bern,"ACT Performance Art Festival 2017, Bern",Festival,Q78,Basel,,
fest_Q111966898,fest_Q111966898,Q111966898,act performance art festival 2017 bern,"ACT Performance Art Festival 2017, Bern",Festival,Q78,Basel,,
fest_Q124808391,fest_Q124808391,Q124808391,south by southwest 1997,South by Southwest 1997,Festival,Q16559,Austin,,
fest_Q47118668,fest_Q47118668,Q47118668,musikprotokoll,Musikprotokoll,Festival,Q40,Austria,,
fest_Q124808388,fest_Q124808388,Q124808388,south by southwest 1994,South by Southwest 1994,Festival,Q16559,Austin,,
fest_Q4792537,fest_Q4792537,Q4792537,armadillocon,ArmadilloCon,Festival,Q16559,Austin,,
fest_Q124808389,fest_Q124808389,Q124808389,south by southwest 1995,South by Southwest 1995,Festival,Q16559,Austin,,
fest_Q2585452,fest_Q2585452,Q2585452,wir sind wienfestival der bezirke,Wir sind Wien.Festival der Bezirke,Festival,Q40,Austria,,
fest_Q2585452,fest_Q2585452,Q2585452,wir sind wienfestival der bezirke,Wir sind Wien.Festival der Bezirke,Festival,Q40,Austria,,
fest_Q59617928,fest_Q59617928,Q59617928,bludenzer tage zeitgemäßer musik,Bludenzer Tage zeitgemäßer Musik,Festival,Q40,Austria,,
fest_Q111966451,fest_Q111966451,Q111966451,act performance art festival 2021 basel,"ACT Performance Art Festival 2021, Basel",Festival,Q78,Basel,,
fest_Q111966451,fest_Q111966451,Q111966451,act performance art festival 2021 basel,"ACT Performance Art Festival 2021, Basel",Festival,Q78,Basel,,
fest_Q124808394,fest_Q124808394,Q124808394,south by southwest 1999,South by Southwest 1999,Festival,Q16559,Austin,,
fest_Q4852886,fest_Q4852886,Q4852886,baltimore marathon,Baltimore Marathon,Festival,Q5092,Baltimore,,
fest_Q103967891,fest_Q103967891,Q103967891,festival 80 tage wien,"Festival ""80 Tage Wien""",Festival,Q40,Austria,1995-08-25,1995-11-12
fest_Q103967891,fest_Q103967891,Q103967891,festival 80 tage wien,"Festival ""80 Tage Wien""",Festival,Q40,Austria,1995-08-25,1995-11-12
fest_Q124808395,fest_Q124808395,Q124808395,south by southwest 2000,South by Southwest 2000,Festival,Q16559,Austin,,
fest_Q124808393,fest_Q124808393,Q124808393,south by southwest 1998,South by Southwest 1998,Festival,Q16559,Austin,,
fest_Q124808398,fest_Q124808398,Q124808398,south by southwest 2003,South by Southwest 2003,Festival,Q16559,Austin,,
fest_Q1328626,fest_Q1328626,Q1328626,yaldā,Yaldā,Festival,Q227,Azerbaijan,,
fest_Q1328626,fest_Q1328626,Q1328626,yaldā,Yaldā,Festival,Q227,Azerbaijan,,
fest_Q1328626,fest_Q1328626,Q1328626,yaldā,Yaldā,Festival,Q227,Azerbaijan,,
fest_Q1328626,fest_Q1328626,Q1328626,yaldā,Yaldā,Festival,Q227,Azerbaijan,,
fest_Q124808396,fest_Q124808396,Q124808396,south by southwest 2001,South by Southwest 2001,Festival,Q16559,Austin,,
fest_Q112616037,fest_Q112616037,Q112616037,australian national doctor who convention,Australian National Doctor Who Convention,Festival,Q408,Australia,,
fest_Q136432182,fest_Q136432182,Q136432182,international carpet festival,International Carpet Festival,Festival,Q9248,Baku,,
fest_Q124808397,fest_Q124808397,Q124808397,south by southwest 2002,South by Southwest 2002,Festival,Q16559,Austin,,
fest_Q20102416,fest_Q20102416,Q20102416,080 barcelona fashion,080 Barcelona Fashion,Festival,Q1492,Barcelona,,
fest_Q20102416,fest_Q20102416,Q20102416,080 barcelona fashion,080 Barcelona Fashion,Festival,Q1492,Barcelona,,
fest_Q118781114,fest_Q118781114,Q118781114,interferencia,Interferencia,Festival,Q1492,Barcelona,,
fest_Q694891,fest_Q694891,Q694891,bregenzer festspiele,Bregenzer Festspiele,Festival,Q40,Austria,,
fest_Q85625819,fest_Q85625819,Q85625819,winter meeting of the osce parliamentary assembly,Winter Meeting of the OSCE Parliamentary Assembly,Festival,Q40,Austria,,
fest_Q33127652,fest_Q33127652,Q33127652,poolbar festival,Poolbar Festival,Festival,Q40,Austria,,
fest_Q111966913,fest_Q111966913,Q111966913,act performance art festival 2012 basel and bern,"ACT Performance Art Festival 2012, Basel and Bern",Festival,Q78,Basel,,
fest_Q111966913,fest_Q111966913,Q111966913,act performance art festival 2012 basel and bern,"ACT Performance Art Festival 2012, Basel and Bern",Festival,Q78,Basel,,
fest_Q111966913,fest_Q111966913,Q111966913,act performance art festival 2012 basel and bern,"ACT Performance Art Festival 2012, Basel and Bern",Festival,Q78,Basel,,
fest_Q111965428,fest_Q111965428,Q111965428,act performance art festival 2019 basel,"ACT Performance Art Festival 2019, Basel",Festival,Q78,Basel,,
fest_Q111965428,fest_Q111965428,Q111965428,act performance art festival 2019 basel,"ACT Performance Art Festival 2019, Basel",Festival,Q78,Basel,,
fest_Q63143963,fest_Q63143963,Q63143963,afrika festival nürnberg,Afrika Festival Nürnberg,Festival,Q40,Austria,,
fest_Q104814344,fest_Q104814344,Q104814344,festival la gacilly-baden photo,Festival La Gacilly-Baden Photo,Festival,Q40,Austria,,
fest_Q135041629,fest_Q135041629,Q135041629,baku piano festival 2025,Baku Piano Festival 2025,Festival,Q9248,Baku,2025-06-14,2025-06-28
fest_Q135041629,fest_Q135041629,Q135041629,baku piano festival 2025,Baku Piano Festival 2025,Festival,Q9248,Baku,2025-06-14,2025-06-28
fest_Q124809612,fest_Q124809612,Q124809612,sxsw edu,SXSW EDU,Festival,Q16559,Austin,2011-03-01,
fest_Q5295460,fest_Q5295460,Q5295460,donaukanaltreiben festival,Donaukanaltreiben Festival,Festival,Q40,Austria,,
fest_Q5295460,fest_Q5295460,Q5295460,donaukanaltreiben festival,Donaukanaltreiben Festival,Festival,Q40,Austria,,
fest_Q4837688,fest_Q4837688,Q4837688,babelcon,BabelCon,Festival,Q28218,Baton Rouge,,
fest_Q107999226,fest_Q107999226,Q107999226,bregenzer frühling,Bregenzer Frühling,Festival,Q40,Austria,,
fest_Q6158397,fest_Q6158397,Q6158397,7th world festival of youth and students,7th World Festival of Youth and Students,Festival,Q40,Austria,,
fest_Q698718,fest_Q698718,Q698718,vienna opera ball,Vienna Opera Ball,Festival,Q40,Austria,,
fest_Q118781033,fest_Q118781033,Q118781033,escena poblenou festival de tardor,Escena Poblenou. Festival De Tardor,Festival,Q1492,Barcelona,,
fest_Q133852415,fest_Q133852415,Q133852415,baku flames international festival of creativity and effectiveness,Baku Flames International Festival of Creativity and Effectiveness,Festival,Q9248,Baku,,
fest_Q133852415,fest_Q133852415,Q133852415,baku flames international festival of creativity and effectiveness,Baku Flames International Festival of Creativity and Effectiveness,Festival,Q9248,Baku,,
fest_Q1084193,fest_Q1084193,Q1084193,christmas in vienna,Christmas in Vienna,Festival,Q40,Austria,,
fest_Q11921899,fest_Q11921899,Q11921899,festa de sant medir,Festa de Sant Medir,Event,Q1492,Barcelona,,
fest_Q11921899,fest_Q11921899,Q11921899,festa de sant medir,Festa de Sant Medir,Event,Q1492,Barcelona,,
fest_Q479014,fest_Q479014,Q479014,almabtrieb,Almabtrieb,Festival,Q40,Austria,,
fest_Q479014,fest_Q479014,Q479014,almabtrieb,Almabtrieb,Festival,Q40,Austria,,
fest_Q479014,fest_Q479014,Q479014,almabtrieb,Almabtrieb,Festival,Q40,Austria,,
fest_Q479014,fest_Q479014,Q479014,almabtrieb,Almabtrieb,Festival,Q40,Austria,,
fest_Q111966932,fest_Q111966932,Q111966932,act performance art festival 2011 basel,"ACT Performance Art Festival 2011, Basel",Festival,Q78,Basel,,
fest_Q111966932,fest_Q111966932,Q111966932,act performance art festival 2011 basel,"ACT Performance Art Festival 2011, Basel",Festival,Q78,Basel,,
fest_Q124790347,fest_Q124790347,Q124790347,south by southwest 2024,South by Southwest 2024,Festival,Q16559,Austin,2024-03-08,2024-03-16
fest_Q118781117,fest_Q118781117,Q118781117,lp'07 festival de dansa o no,Lp'07 Festival De Dansa... O No,Festival,Q1492,Barcelona,,
fest_Q131901416,fest_Q131901416,Q131901416,south by southwest 2025,South by Southwest 2025,Festival,Q16559,Austin,2025-03-07,2025-03-15
fest_Q1711230,fest_Q1711230,Q1711230,jugend musiziert,Jugend musiziert,Festival,Q40,Austria,,
fest_Q20103498,fest_Q20103498,Q20103498,llum bcn,Llum BCN,Festival,Q1492,Barcelona,,
fest_Q20103498,fest_Q20103498,Q20103498,llum bcn,Llum BCN,Festival,Q1492,Barcelona,,
fest_Q138034817,fest_Q138034817,Q138034817,south by southwest 2026,South by Southwest 2026,Festival,Q16559,Austin,2026-03-12,2026-03-18
fest_Q115870073,fest_Q115870073,Q115870073,barcelona gallery weekend,Barcelona Gallery Weekend,Festival,Q1492,Barcelona,,
fest_Q115870073,fest_Q115870073,Q115870073,barcelona gallery weekend,Barcelona Gallery Weekend,Festival,Q1492,Barcelona,,
fest_Q111966607,fest_Q111966607,Q111966607,loisiarte festival,Loisiarte Festival,Festival,Q40,Austria,,
fest_Q1376362,fest_Q1376362,Q1376362,european bike week,European Bike Week,Festival,Q40,Austria,,
fest_Q112174343,fest_Q112174343,Q112174343,legs performance festival,Legs Performance Festival,Festival,Q78,Basel,,
fest_Q112174343,fest_Q112174343,Q112174343,legs performance festival,Legs Performance Festival,Festival,Q78,Basel,,
fest_Q112174343,fest_Q112174343,Q112174343,legs performance festival,Legs Performance Festival,Festival,Q78,Basel,,
fest_Q118781122,fest_Q118781122,Q118781122,mostra de teatre de barcelona,Mostra De Teatre De Barcelona,Festival,Q1492,Barcelona,,
fest_Q111964654,fest_Q111964654,Q111964654,act performance art festival 2018 basel,"ACT Performance Art Festival 2018, Basel",Festival,Q78,Basel,,
fest_Q111964654,fest_Q111964654,Q111964654,act performance art festival 2018 basel,"ACT Performance Art Festival 2018, Basel",Festival,Q78,Basel,,
fest_Q30635344,fest_Q30635344,Q30635344,coded cultures,Coded Cultures,Festival,Q40,Austria,,
fest_Q121144392,fest_Q121144392,Q121144392,oblivion access festival,Oblivion Access Festival,Festival,Q16559,Austin,,
fest_Q111964228,fest_Q111964228,Q111964228,act art performance festival 2007 basel,"ACT Art Performance Festival 2007, Basel",Festival,Q78,Basel,,
fest_Q111964228,fest_Q111964228,Q111964228,act art performance festival 2007 basel,"ACT Art Performance Festival 2007, Basel",Festival,Q78,Basel,,
fest_Q24203052,fest_Q24203052,Q24203052,wiener kabarettfestival,Wiener Kabarettfestival,Festival,Q40,Austria,,
fest_Q118781123,fest_Q118781123,Q118781123,novembre vaca,Novembre Vaca,Festival,Q1492,Barcelona,,
fest_Q54666713,fest_Q54666713,Q54666713,2017 beijing meetup,2017 Beijing meetup,Event,Q956,Beijing,,
fest_Q118781092,fest_Q118781092,Q118781092,dansat,Dansat,Festival,Q1492,Barcelona,,
fest_Q114775713,fest_Q114775713,Q114775713,feel good festival,Feel Good Festival,Festival,Q40,Austria,2017-01-01,
fest_Q114775713,fest_Q114775713,Q114775713,feel good festival,Feel Good Festival,Festival,Q40,Austria,2017-01-01,
fest_Q63979259,fest_Q63979259,Q63979259,act performance art festival,ACT Performance Art Festival,Festival,Q78,Basel,,
fest_Q63979259,fest_Q63979259,Q63979259,act performance art festival,ACT Performance Art Festival,Festival,Q78,Basel,,
fest_Q63979259,fest_Q63979259,Q63979259,act performance art festival,ACT Performance Art Festival,Festival,Q78,Basel,,
fest_Q63979259,fest_Q63979259,Q63979259,act performance art festival,ACT Performance Art Festival,Festival,Q78,Basel,,
fest_Q107879672,fest_Q107879672,Q107879672,montforter zwischentöne,Montforter Zwischentöne,Festival,Q40,Austria,,
fest_Q20422783,fest_Q20422783,Q20422783,baghdad international flower festival,Baghdad International Flower Festival,Festival,Q1530,Baghdad,,
fest_Q20422783,fest_Q20422783,Q20422783,baghdad international flower festival,Baghdad International Flower Festival,Festival,Q1530,Baghdad,,
fest_Q118781094,fest_Q118781094,Q118781094,dies de dansa,Dies De Dansa,Festival,Q1492,Barcelona,,
fest_Q136743150,fest_Q136743150,Q136743150,mozilla festival 2025,Mozilla Festival 2025,Festival,Q1492,Barcelona,,
fest_Q136743150,fest_Q136743150,Q136743150,mozilla festival 2025,Mozilla Festival 2025,Festival,Q1492,Barcelona,,
fest_Q112185038,fest_Q112185038,Q112185038,partout platform for international performance art,Partout – Platform for international Performance Art,Festival,Q78,Basel,2020-10-02,2020-10-11
fest_Q112185038,fest_Q112185038,Q112185038,partout platform for international performance art,Partout – Platform for international Performance Art,Festival,Q78,Basel,2020-10-02,2020-10-11
fest_Q112185038,fest_Q112185038,Q112185038,partout platform for international performance art,Partout – Platform for international Performance Art,Festival,Q78,Basel,2020-10-02,2020-10-11
fest_Q139885495,fest_Q139885495,Q139885495,ido acg expo,IDO ACG Expo,Festival,Q956,Beijing,,
fest_Q139885495,fest_Q139885495,Q139885495,ido acg expo,IDO ACG Expo,Festival,Q956,Beijing,,
fest_Q112191005,fest_Q112191005,Q112191005,performance index 1995,Performance Index 1995,Festival,Q78,Basel,,
fest_Q112191005,fest_Q112191005,Q112191005,performance index 1995,Performance Index 1995,Festival,Q78,Basel,,
fest_Q2387726,fest_Q2387726,Q2387726,tag des denkmals,Tag des Denkmals,Festival,Q40,Austria,,
fest_Q111966976,fest_Q111966976,Q111966976,act performance art festival 2010 basel,"ACT Performance Art Festival 2010, Basel",Festival,Q78,Basel,,
fest_Q111966976,fest_Q111966976,Q111966976,act performance art festival 2010 basel,"ACT Performance Art Festival 2010, Basel",Festival,Q78,Basel,,
fest_Q31073768,fest_Q31073768,Q31073768,exporecerca jove,Exporecerca Jove,Festival,Q1492,Barcelona,,
fest_Q31073768,fest_Q31073768,Q31073768,exporecerca jove,Exporecerca Jove,Festival,Q1492,Barcelona,,
fest_Q80949,fest_Q80949,Q80949,april fools' day,April Fools' Day,Festival,Q408,Australia,1564-01-01,
fest_Q80949,fest_Q80949,Q80949,april fools' day,April Fools' Day,Festival,Q408,Australia,1564-01-01,
fest_Q80949,fest_Q80949,Q80949,april fools' day,April Fools' Day,Festival,Q408,Australia,1564-01-01,
fest_Q80949,fest_Q80949,Q80949,april fools' day,April Fools' Day,Festival,Q408,Australia,1564-01-01,
fest_Q80949,fest_Q80949,Q80949,april fools' day,April Fools' Day,Festival,Q408,Australia,1564-01-01,
fest_Q80949,fest_Q80949,Q80949,april fools' day,April Fools' Day,Festival,Q408,Australia,1564-01-01,
fest_Q80949,fest_Q80949,Q80949,april fools' day,April Fools' Day,Festival,Q408,Australia,1564-01-01,
fest_Q80949,fest_Q80949,Q80949,april fools' day,April Fools' Day,Festival,Q408,Australia,1564-01-01,
fest_Q80949,fest_Q80949,Q80949,april fools' day,April Fools' Day,Festival,Q408,Australia,1564-01-01,
fest_Q80949,fest_Q80949,Q80949,april fools' day,April Fools' Day,Festival,Q408,Australia,1564-01-01,
fest_Q80949,fest_Q80949,Q80949,april fools' day,April Fools' Day,Festival,Q408,Australia,1564-01-01,
fest_Q80949,fest_Q80949,Q80949,april fools' day,April Fools' Day,Festival,Q408,Australia,1564-01-01,
fest_Q80949,fest_Q80949,Q80949,april fools' day,April Fools' Day,Festival,Q408,Australia,1564-01-01,
fest_Q80949,fest_Q80949,Q80949,april fools' day,April Fools' Day,Festival,Q408,Australia,1564-01-01,
fest_Q80949,fest_Q80949,Q80949,april fools' day,April Fools' Day,Festival,Q408,Australia,1564-01-01,
fest_Q80949,fest_Q80949,Q80949,april fools' day,April Fools' Day,Festival,Q408,Australia,1564-01-01,
fest_Q80949,fest_Q80949,Q80949,april fools' day,April Fools' Day,Festival,Q408,Australia,1564-01-01,
fest_Q1402710,fest_Q1402710,Q1402710,feldkirch festival,Feldkirch Festival,Festival,Q40,Austria,2001-01-01,2012-01-01
fest_Q112191014,fest_Q112191014,Q112191014,performance index 1996,Performance Index 1996,Festival,Q78,Basel,,
fest_Q112191014,fest_Q112191014,Q112191014,performance index 1996,Performance Index 1996,Festival,Q78,Basel,,
fest_Q111968692,fest_Q111968692,Q111968692,act performance art festival 2013 basel,"ACT Performance Art Festival 2013, Basel",Festival,Q78,Basel,,
fest_Q111968692,fest_Q111968692,Q111968692,act performance art festival 2013 basel,"ACT Performance Art Festival 2013, Basel",Festival,Q78,Basel,,
fest_Q6541316,fest_Q6541316,Q6541316,dolomitenlauf,Dolomitenlauf,Festival,Q40,Austria,,
fest_Q118781142,fest_Q118781142,Q118781142,per amor a l'hart,Per Amor A L'hart,Festival,Q1492,Barcelona,,
fest_Q23807418,fest_Q23807418,Q23807418,premis de la crítica de les arts escèniques,Premis de la Crítica de les Arts Escèniques,Festival,Q1492,Barcelona,,
fest_Q19889347,fest_Q19889347,Q19889347,woodstock der blasmusik,Woodstock der Blasmusik,Festival,Q40,Austria,,
fest_Q4881124,fest_Q4881124,Q4881124,beijing design week,Beijing Design Week,Festival,Q956,Beijing,2009-01-01,
fest_Q4881124,fest_Q4881124,Q4881124,beijing design week,Beijing Design Week,Festival,Q956,Beijing,2009-01-01,
fest_Q50799330,fest_Q50799330,Q50799330,al ghadeer international festival,Al Ghadeer International Festival,Festival,Q1530,Baghdad,,
fest_Q50799330,fest_Q50799330,Q50799330,al ghadeer international festival,Al Ghadeer International Festival,Festival,Q1530,Baghdad,,
fest_Q118781098,fest_Q118781098,Q118781098,festival d'òpera de butxaca i noves creacions,Festival D'òpera De Butxaca I Noves Creacions,Festival,Q1492,Barcelona,,
fest_Q118781096,fest_Q118781096,Q118781096,festival complicitats,Festival Complicitats,Festival,Q1492,Barcelona,,
fest_Q1408647,fest_Q1408647,Q1408647,festival der regionen,Festival der Regionen,Festival,Q40,Austria,,
fest_Q118781101,fest_Q118781101,Q118781101,festival idn,Festival Idn,Festival,Q1492,Barcelona,,
fest_Q118781106,fest_Q118781106,Q118781106,festival marató de l'espectacle,Festival Marató De L'espectacle,Festival,Q1492,Barcelona,,
fest_Q118781104,fest_Q118781104,Q118781104,festival inmotion biennal internacional de performance i arts visuals aplicades a la realitat,Festival Inmotion. Biennal Internacional De Performance I Arts Visuals Aplicades A La Realitat,Festival,Q1492,Barcelona,,
fest_Q1328341,fest_Q1328341,Q1328341,elevate festival,Elevate Festival,Festival,Q40,Austria,,
fest_Q2360207,fest_Q2360207,Q2360207,ständige ägyptologenkonferenz,Ständige Ägyptologenkonferenz,Festival,Q40,Austria,,
fest_Q118781108,fest_Q118781108,Q118781108,festival neo festival internacional de dramatúrgies plàstiques de la imatge noves tecnologies titelles i objectes,"Festival Neo. Festival Internacional De Dramatúrgies Plàstiques De La Imatge, Noves Tecnologies, Titelles I Objectes",Festival,Q1492,Barcelona,,
fest_Q959755,fest_Q959755,Q959755,south by southwest,South by Southwest,Festival,Q16559,Austin,1987-01-01,
fest_Q111966451,fest_Q111967720,Q111967720,act performance art festival 2021 basel,"ACT Performance Art Festival 2021, Basel",Festival,Q78,Basel,,
fest_Q111966451,fest_Q111967720,Q111967720,act performance art festival 2021 basel,"ACT Performance Art Festival 2021, Basel",Festival,Q78,Basel,,
fest_Q124802049,fest_Q124802049,Q124802049,south by southwest 2023,South by Southwest 2023,Festival,Q16559,Austin,,
fest_Q2359108,fest_Q2359108,Q2359108,stunde der wintervögel,Stunde der Wintervögel,Festival,Q40,Austria,,
fest_Q2359108,fest_Q2359108,Q2359108,stunde der wintervögel,Stunde der Wintervögel,Festival,Q40,Austria,,
fest_Q7641902,fest_Q7641902,Q7641902,supanova pop culture expo,Supanova Pop Culture Expo,Festival,Q408,Australia,,
fest_Q106473417,fest_Q106473417,Q106473417,literaricum lech,Literaricum Lech,Festival,Q40,Austria,,
fest_Q4824472,fest_Q4824472,Q4824472,australian national science fiction convention,Australian National Science Fiction Convention,Festival,Q408,Australia,,
fest_Q6117914,fest_Q6117914,Q6117914,automobile barcelona,Automobile Barcelona,Festival,Q1492,Barcelona,,
fest_Q6117914,fest_Q6117914,Q6117914,automobile barcelona,Automobile Barcelona,Festival,Q1492,Barcelona,,
fest_Q112064456,fest_Q112064456,Q112064456,tun was man kann 2,Tun was man kann 2,Festival,Q78,Basel,,
fest_Q118781125,fest_Q118781125,Q118781125,tens dansa,Tens Dansa,Festival,Q1492,Barcelona,,
fest_Q2083986,fest_Q2083986,Q2083986,pflasterspektakel,Pflasterspektakel,Festival,Q40,Austria,,
fest_Q60021471,fest_Q60021471,Q60021471,digitale bibliothek,Digitale Bibliothek,Festival,Q40,Austria,,
fest_Q136485557,fest_Q136485557,Q136485557,hr lovers afterwork,HR Lovers Afterwork,Festival,Q1492,Barcelona,,
fest_Q136485557,fest_Q136485557,Q136485557,hr lovers afterwork,HR Lovers Afterwork,Festival,Q1492,Barcelona,,
fest_Q136485557,fest_Q136485557,Q136485557,hr lovers afterwork,HR Lovers Afterwork,Festival,Q1492,Barcelona,,
fest_Q6554944,fest_Q6554944,Q6554944,linucon,Linucon,Festival,Q16559,Austin,,
fest_Q112615470,fest_Q112615470,Q112615470,anzapa con,ANZAPA Con,Festival,Q408,Australia,,
fest_Q111967092,fest_Q111967092,Q111967092,act on 2007 basel,"ACT ON 2007, Basel",Festival,Q78,Basel,,
fest_Q111967092,fest_Q111967092,Q111967092,act on 2007 basel,"ACT ON 2007, Basel",Festival,Q78,Basel,,
fest_Q112190997,fest_Q112190997,Q112190997,performance index,Performance Index,Festival,Q78,Basel,,
fest_Q112190997,fest_Q112190997,Q112190997,performance index,Performance Index,Festival,Q78,Basel,,
fest_Q112174366,fest_Q112174574,Q112174574,legs performance festival 2017,Legs Performance Festival 2017,Festival,Q78,Basel,,
fest_Q112174366,fest_Q112174574,Q112174574,legs performance festival 2017,Legs Performance Festival 2017,Festival,Q78,Basel,,
fest_Q1686168,fest_Q1686168,Q1686168,kürbisfest im retzer land,Kürbisfest im Retzer Land,Festival,Q40,Austria,,
fest_Q5944895,fest_Q5944895,Q5944895,loop barcelona,LOOP Barcelona,Festival,Q1492,Barcelona,2003-01-01,
fest_Q5944895,fest_Q5944895,Q5944895,loop barcelona,LOOP Barcelona,Festival,Q1492,Barcelona,2003-01-01,
fest_Q124808382,fest_Q124808382,Q124808382,south by southwest 1988,South by Southwest 1988,Festival,Q16559,Austin,,
fest_Q2206144,fest_Q2206144,Q2206144,roboexotica,Roboexotica,Festival,Q40,Austria,,
fest_Q124808383,fest_Q124808383,Q124808383,south by southwest 1989,South by Southwest 1989,Festival,Q16559,Austin,,
fest_Q124808381,fest_Q124808381,Q124808381,south by southwest 1987,South by Southwest 1987,Festival,Q16559,Austin,,
fest_Q5055276,fest_Q5055276,Q5055276,caxton street seafood and wine festival,Caxton Street Seafood and Wine Festival,Festival,Q408,Australia,,
fest_Q19879182,fest_Q19879182,Q19879182,soulfest festival,Soulfest festival,Festival,Q408,Australia,,
fest_Q7739376,fest_Q7739376,Q7739376,the henry lawson festival,The Henry Lawson Festival,Festival,Q408,Australia,,
fest_Q4824785,fest_Q4824785,Q4824785,australian venture,Australian Venture,Festival,Q408,Australia,1965-01-01,
fest_Q5519829,fest_Q5519829,Q5519829,game connect,Game Connect,Festival,Q408,Australia,,
fest_Q24190412,fest_Q24190412,Q24190412,maroochy music and visual arts festival,Maroochy Music And Visual Arts Festival,Festival,Q408,Australia,,
fest_Q17013864,fest_Q17013864,Q17013864,midsumma festival,Midsumma Festival,Festival,Q408,Australia,,
fest_Q7566121,fest_Q7566121,Q7566121,south australian living artists festival,South Australian Living Artists Festival,Festival,Q408,Australia,,
fest_Q4785217,fest_Q4785217,Q4785217,arcanacon,Arcanacon,Festival,Q408,Australia,,
fest_Q5582563,fest_Q5582563,Q5582563,good food wine show,Good Food & Wine Show,Festival,Q408,Australia,,
fest_Q20807647,fest_Q20807647,Q20807647,goulburn to sydney classic,Goulburn to Sydney Classic,Festival,Q408,Australia,,
fest_Q6718064,fest_Q6718064,Q6718064,ms fest,MS Fest,Festival,Q408,Australia,,
fest_Q6811770,fest_Q6811770,Q6811770,melbourne fashion festival,Melbourne Fashion Festival,Festival,Q408,Australia,1996-01-01,
fest_Q6811770,fest_Q6811770,Q6811770,melbourne fashion festival,Melbourne Fashion Festival,Festival,Q408,Australia,1996-01-01,
fest_Q5625142,fest_Q5625142,Q5625142,gympie muster,Gympie Muster,Festival,Q408,Australia,,
fest_Q48803069,fest_Q48803069,Q48803069,beef australia,Beef Australia,Festival,Q408,Australia,,
fest_Q7361085,fest_Q7361085,Q7361085,rollercoaster,Rollercoaster,Festival,Q408,Australia,,
fest_Q6979473,fest_Q6979473,Q6979473,national young writers' festival,National Young Writers' Festival,Festival,Q408,Australia,,
fest_Q48723635,fest_Q48723635,Q48723635,hillsong conference,Hillsong Conference,Festival,Q408,Australia,,
fest_Q19903813,fest_Q19903813,Q19903813,world of commodore,World of Commodore,Festival,Q408,Australia,,
fest_Q7660053,fest_Q7660053,Q7660053,sydney new year's eve,Sydney New Year's Eve,Festival,Q408,Australia,1976-01-01,
fest_Q130712793,fest_Q6749509,Q6749509,manifest,Manifest,Festival,Q408,Australia,2000-01-01,
fest_Q7373583,fest_Q7373583,Q7373583,royal adelaide show,Royal Adelaide Show,Festival,Q408,Australia,,
fest_Q4681688,fest_Q4681688,Q4681688,adelaide christmas pageant,Adelaide Christmas Pageant,Festival,Q408,Australia,,
fest_Q107637051,fest_Q107637051,Q107637051,toowoomba carnival of flowers,Toowoomba Carnival of Flowers,Festival,Q408,Australia,,
fest_Q23073782,fest_Q23073782,Q23073782,oz comic con,Oz Comic Con,Festival,Q408,Australia,2012-01-01,
fest_Q5058971,fest_Q5058971,Q5058971,census in australia,census in Australia,Festival,Q408,Australia,,
fest_Q24886945,fest_Q24886945,Q24886945,madman anime festival,Madman Anime Festival,Festival,Q408,Australia,2016-01-01,
fest_Q18390549,fest_Q18390549,Q18390549,mercedes-benz fashion festival sydney 2014,Mercedes-Benz Fashion Festival Sydney 2014,Festival,Q408,Australia,,
fest_Q4733886,fest_Q4733886,Q4733886,almond blossom festival,Almond Blossom Festival,Festival,Q408,Australia,,
fest_Q4968569,fest_Q4968569,Q4968569,brisbane festival,Brisbane Festival,Festival,Q408,Australia,,
fest_Q4887083,fest_Q4887083,Q4887083,bendigo easter festival,Bendigo Easter Festival,Festival,Q408,Australia,,
fest_Q4851456,fest_Q4851456,Q4851456,ballarat begonia festival,Ballarat Begonia Festival,Festival,Q408,Australia,,
fest_Q7096650,fest_Q7096650,Q7096650,opera in the domain,Opera in The Domain,Festival,Q408,Australia,,
fest_Q4795617,fest_Q4795617,Q4795617,around the bay in a day,Around the Bay in a Day,Festival,Q408,Australia,,
fest_Q16891412,fest_Q16891412,Q16891412,fringe world,Fringe World,Festival,Q408,Australia,,
fest_Q1652194,fest_Q1652194,Q1652194,day of national solidarity of azerbaijanis,Day of National Solidarity of Azerbaijanis,Festival,Q227,Azerbaijan,,
fest_Q5944596,fest_Q5944596,Q5944596,hunter valley steamfest,Hunter Valley Steamfest,Festival,Q408,Australia,,
fest_Q7502011,fest_Q7502011,Q7502011,short and sweet,Short and Sweet,Festival,Q408,Australia,,
fest_Q4824816,fest_Q4824816,Q4824816,australian wooden boat festival,Australian Wooden Boat Festival,Festival,Q408,Australia,,
fest_Q4824816,fest_Q4824816,Q4824816,australian wooden boat festival,Australian Wooden Boat Festival,Festival,Q408,Australia,,
fest_Q5600122,fest_Q5600122,Q5600122,great victorian bike ride,Great Victorian Bike Ride,Festival,Q408,Australia,1984-01-01,
fest_Q57804576,fest_Q57804576,Q57804576,castlemaine state festival,Castlemaine State Festival,Festival,Q408,Australia,,
fest_Q2850027,fest_Q2850027,Q2850027,animania,Animania,Festival,Q408,Australia,,
fest_Q17014244,fest_Q17014244,Q17014244,moondyne festival,Moondyne Festival,Festival,Q408,Australia,,
fest_Q5610366,fest_Q5610366,Q5610366,groovin' the moo,Groovin' the Moo,Festival,Q408,Australia,,
fest_Q16970846,fest_Q16970846,Q16970846,melbourne marathon festival,Melbourne Marathon Festival,Festival,Q408,Australia,,
fest_Q16970846,fest_Q16970846,Q16970846,melbourne marathon festival,Melbourne Marathon Festival,Festival,Q408,Australia,,
fest_Q17985794,fest_Q17985794,Q17985794,beaufort street festival,Beaufort Street Festival,Festival,Q408,Australia,,
fest_Q4824401,fest_Q4824401,Q4824401,australian made,Australian Made,Festival,Q408,Australia,,
fest_Q19872904,fest_Q19872904,Q19872904,dirt n dust festival,Dirt n Dust Festival,Festival,Q408,Australia,,
fest_Q4075920,fest_Q4075920,Q4075920,mstislav rostropovich baku international festival,Mstislav Rostropovich Baku International Festival,Festival,Q227,Azerbaijan,,
fest_Q106314769,fest_Q106314769,Q106314769,milli dalğa award,Milli Dalğa Award,Festival,Q227,Azerbaijan,,
fest_Q937516,fest_Q937516,Q937516,kangaroo hoppet,Kangaroo Hoppet,Festival,Q408,Australia,,
fest_Q7243085,fest_Q7243085,Q7243085,primary schools music festival,Primary Schools Music Festival,Festival,Q408,Australia,,
fest_Q4824330,fest_Q4824330,Q4824330,australian international airshow,Australian International Airshow,Festival,Q408,Australia,,
fest_Q5154710,fest_Q5154710,Q5154710,community cup,Community Cup,Festival,Q408,Australia,1997-01-01,
fest_Q19874514,fest_Q19874514,Q19874514,huon show,Huon Show,Festival,Q408,Australia,,
fest_Q3478312,fest_Q3478312,Q3478312,australian fashion week,Australian Fashion Week,Festival,Q408,Australia,1996-01-01,
fest_Q3478312,fest_Q3478312,Q3478312,australian fashion week,Australian Fashion Week,Festival,Q408,Australia,1996-01-01,
fest_Q7091312,fest_Q7091312,Q7091312,on the bright side festival,On the Bright Side Festival,Festival,Q408,Australia,,
fest_Q23641765,fest_Q23641765,Q23641765,darwin festival,Darwin Festival,Festival,Q408,Australia,,
fest_Q496020,fest_Q496020,Q496020,floriade,Floriade,Festival,Q408,Australia,,
fest_Q7158475,fest_Q7158475,Q7158475,peats ridge festival,Peats Ridge Festival,Festival,Q408,Australia,,
fest_Q7959875,fest_Q7959875,Q7959875,wai-con,Wai-Con,Festival,Q408,Australia,,
fest_Q81610,fest_Q81610,Q81610,mr gay world,Mr Gay World,Festival,Q408,Australia,,
fest_Q81610,fest_Q81610,Q81610,mr gay world,Mr Gay World,Festival,Q408,Australia,,
fest_Q81610,fest_Q81610,Q81610,mr gay world,Mr Gay World,Festival,Q408,Australia,,
fest_Q81610,fest_Q81610,Q81610,mr gay world,Mr Gay World,Festival,Q408,Australia,,
fest_Q81610,fest_Q81610,Q81610,mr gay world,Mr Gay World,Festival,Q408,Australia,,
fest_Q81610,fest_Q81610,Q81610,mr gay world,Mr Gay World,Festival,Q408,Australia,,
fest_Q81610,fest_Q81610,Q81610,mr gay world,Mr Gay World,Festival,Q408,Australia,,
fest_Q81610,fest_Q81610,Q81610,mr gay world,Mr Gay World,Festival,Q408,Australia,,
fest_Q81610,fest_Q81610,Q81610,mr gay world,Mr Gay World,Festival,Q408,Australia,,
fest_Q81610,fest_Q81610,Q81610,mr gay world,Mr Gay World,Festival,Q408,Australia,,
fest_Q81610,fest_Q81610,Q81610,mr gay world,Mr Gay World,Festival,Q408,Australia,,
fest_Q81610,fest_Q81610,Q81610,mr gay world,Mr Gay World,Festival,Q408,Australia,,
fest_Q81610,fest_Q81610,Q81610,mr gay world,Mr Gay World,Festival,Q408,Australia,,
fest_Q81610,fest_Q81610,Q81610,mr gay world,Mr Gay World,Festival,Q408,Australia,,
fest_Q81610,fest_Q81610,Q81610,mr gay world,Mr Gay World,Festival,Q408,Australia,,
fest_Q81610,fest_Q81610,Q81610,mr gay world,Mr Gay World,Festival,Q408,Australia,,
fest_Q81610,fest_Q81610,Q81610,mr gay world,Mr Gay World,Festival,Q408,Australia,,
fest_Q81610,fest_Q81610,Q81610,mr gay world,Mr Gay World,Festival,Q408,Australia,,
fest_Q81610,fest_Q81610,Q81610,mr gay world,Mr Gay World,Festival,Q408,Australia,,
fest_Q81610,fest_Q81610,Q81610,mr gay world,Mr Gay World,Festival,Q408,Australia,,
fest_Q81610,fest_Q81610,Q81610,mr gay world,Mr Gay World,Festival,Q408,Australia,,
fest_Q81610,fest_Q81610,Q81610,mr gay world,Mr Gay World,Festival,Q408,Australia,,
fest_Q81610,fest_Q81610,Q81610,mr gay world,Mr Gay World,Festival,Q408,Australia,,
fest_Q85039642,fest_Q85039642,Q85039642,yoo-long erah-ba-diahng 1795,Yoo-long Erah-ba-diahng 1795,Event,Q408,Australia,,
fest_Q28224213,fest_Q28224213,Q28224213,moreart,MoreArt,Festival,Q408,Australia,,
fest_Q4968603,fest_Q4968603,Q4968603,brisbane pride festival,Brisbane Pride Festival,Festival,Q408,Australia,,
fest_Q4968603,fest_Q4968603,Q4968603,brisbane pride festival,Brisbane Pride Festival,Festival,Q408,Australia,,
fest_Q4968595,fest_Q4968595,Q4968595,brisbane open house,Brisbane Open House,Festival,Q408,Australia,,
fest_Q4968595,fest_Q4968595,Q4968595,brisbane open house,Brisbane Open House,Festival,Q408,Australia,,
fest_Q4824163,fest_Q4824163,Q4824163,australian film walk of fame,Australian Film Walk of Fame,Festival,Q408,Australia,,
fest_Q5504503,fest_Q5504503,Q5504503,fright nights,Fright Nights,Festival,Q408,Australia,,
fest_Q16917680,fest_Q16917680,Q16917680,gold coast art festival,Gold coast art festival,Festival,Q408,Australia,,
fest_Q4612095,fest_Q4612095,Q4612095,2008 tropfest finalists,2008 Tropfest finalists,Festival,Q408,Australia,,
fest_Q106809542,fest_Q106809542,Q106809542,khari bulbul music festival,Khari Bulbul Music Festival,Festival,Q227,Azerbaijan,,
fest_Q6952824,fest_Q6952824,Q6952824,nbl australia all-star game,NBL (Australia) All-Star Game,Festival,Q408,Australia,1982-01-01,
fest_Q6969988,fest_Q6969988,Q6969988,nati frinj,Nati Frinj,Festival,Q408,Australia,,
fest_Q63343503,fest_Q63343503,Q63343503,tarnanthi,Tarnanthi,Festival,Q408,Australia,,
fest_Q113414745,fest_Q113414745,Q113414745,vagif poetry days,Vagif Poetry Days,Festival,Q227,Azerbaijan,,
fest_Q6780879,fest_Q6780879,Q6780879,mary valley art festival,Mary Valley Art Festival,Festival,Q408,Australia,,
fest_Q17020380,fest_Q17020380,Q17020380,paniyiri greek festival,Paniyiri Greek Festival,Festival,Q408,Australia,,
fest_Q7994532,fest_Q7994532,Q7994532,white christmas,White Christmas,Festival,Q408,Australia,,
fest_Q24997542,fest_Q24997542,Q24997542,secret garden festival,Secret Garden Festival,Festival,Q408,Australia,,
fest_Q111431254,fest_Q111431254,Q111431254,negev forum,Negev Forum,Festival,Q398,Bahrain,,
fest_Q111431254,fest_Q111431254,Q111431254,negev forum,Negev Forum,Festival,Q398,Bahrain,,
fest_Q111431254,fest_Q111431254,Q111431254,negev forum,Negev Forum,Festival,Q398,Bahrain,,
fest_Q4851469,fest_Q4851469,Q4851469,ballarat heritage weekend,Ballarat Heritage Weekend,Festival,Q408,Australia,,
fest_Q4692171,fest_Q4692171,Q4692171,agfest,Agfest,Festival,Q408,Australia,,
fest_Q6907391,fest_Q6907391,Q6907391,moomba,Moomba,Festival,Q408,Australia,1955-01-01,
fest_Q6907391,fest_Q6907391,Q6907391,moomba,Moomba,Festival,Q408,Australia,1955-01-01,
fest_Q5568412,fest_Q5568412,Q5568412,glendi,Glendi,Festival,Q408,Australia,,
fest_Q17014240,fest_Q17014240,Q17014240,australian fitness health expo,Australian Fitness & Health Expo,Festival,Q408,Australia,1995-01-01,
fest_Q5306803,fest_Q5306803,Q5306803,dreamworld's 30th birthday,Dreamworld's 30th Birthday,Festival,Q408,Australia,,
fest_Q617378,fest_Q617378,Q617378,worldcon,Worldcon,Festival,Q408,Australia,,
fest_Q617378,fest_Q617378,Q617378,worldcon,Worldcon,Festival,Q408,Australia,,
fest_Q617378,fest_Q617378,Q617378,worldcon,Worldcon,Festival,Q408,Australia,,
fest_Q617378,fest_Q617378,Q617378,worldcon,Worldcon,Festival,Q408,Australia,,
fest_Q617378,fest_Q617378,Q617378,worldcon,Worldcon,Festival,Q408,Australia,,
fest_Q617378,fest_Q617378,Q617378,worldcon,Worldcon,Festival,Q408,Australia,,
fest_Q17015117,fest_Q17015117,Q17015117,national multicultural festival,National Multicultural Festival,Festival,Q408,Australia,1981-01-01,
fest_Q4823390,fest_Q4823390,Q4823390,austral wheel race,Austral Wheel Race,Festival,Q408,Australia,,
fest_Q5322603,fest_Q5322603,Q5322603,eb games expo,EB Games Expo,Festival,Q408,Australia,2011-01-01,
fest_Q66421540,fest_Q66421540,Q66421540,national yaylag festival,National Yaylag Festival,Festival,Q227,Azerbaijan,,
fest_Q5004306,fest_Q5004306,Q5004306,byron bay writers festival,Byron Bay Writers Festival,Festival,Q408,Australia,,
fest_Q106246041,fest_Q106246041,Q106246041,yirramboi festival,Yirramboi Festival,Festival,Q408,Australia,,
fest_Q3533306,fest_Q3533306,Q3533306,tour of coleraine,Tour of Coleraine,Festival,Q408,Australia,,
fest_Q28224128,fest_Q28224128,Q28224128,melbourne international games week,Melbourne International Games Week,Festival,Q408,Australia,,
fest_Q28224128,fest_Q28224128,Q28224128,melbourne international games week,Melbourne International Games Week,Festival,Q408,Australia,,
fest_Q1322124,fest_Q1322124,Q1322124,tour of tasmania,Tour of Tasmania,Festival,Q408,Australia,,
fest_Q7660044,fest_Q7660044,Q7660044,sydney model railway exhibition,Sydney Model Railway Exhibition,Festival,Q408,Australia,1962-01-01,
fest_Q7728133,fest_Q7728133,Q7728133,the croc festival,The Croc Festival,Festival,Q408,Australia,,
fest_Q1711348,fest_Q1711348,Q1711348,goychay pomegranate festival,Goychay Pomegranate Festival,Festival,Q227,Azerbaijan,,
fest_Q7017467,fest_Q7017467,Q7017467,newcastle regional show,Newcastle Regional Show,Festival,Q408,Australia,,
fest_Q6811812,fest_Q6811812,Q6811812,melbourne international jazz festival,Melbourne International Jazz Festival,Festival,Q408,Australia,,
fest_Q6811812,fest_Q6811812,Q6811812,melbourne international jazz festival,Melbourne International Jazz Festival,Festival,Q408,Australia,,
fest_Q55612039,fest_Q55612039,Q55612039,freeplay independent games festival,Freeplay Independent Games Festival,Festival,Q408,Australia,,
fest_Q5157907,fest_Q5157907,Q5157907,confest,ConFest,Festival,Q408,Australia,,
fest_Q108581987,fest_Q108581987,Q108581987,isol-aid,Isol-Aid,Festival,Q408,Australia,,
fest_Q7767794,fest_Q7767794,Q7767794,the sydney fringe,The Sydney Fringe,Festival,Q408,Australia,,
fest_Q7170890,fest_Q7170890,Q7170890,perth royal show,Perth Royal Show,Festival,Q408,Australia,,
fest_Q23641720,fest_Q23641720,Q23641720,connect expo,Connect Expo,Festival,Q408,Australia,2014-01-01,
fest_Q6657094,fest_Q6657094,Q6657094,live at the zoo,Live at the Zoo,Festival,Q408,Australia,,
fest_Q6952272,fest_Q6952272,Q6952272,naidoc week,NAIDOC Week,Festival,Q408,Australia,,
fest_Q8055626,fest_Q8055626,Q8055626,yorke peninsula field days,Yorke Peninsula Field Days,Festival,Q408,Australia,,
fest_Q7537707,fest_Q7537707,Q7537707,skyfire,Skyfire,Festival,Q408,Australia,,
fest_Q18207482,fest_Q18207482,Q18207482,govhack,GovHack,Festival,Q408,Australia,2009-01-01,
fest_Q6811774,fest_Q6811774,Q6811774,melbourne food and wine festival,Melbourne Food and Wine Festival,Festival,Q408,Australia,,
fest_Q6811774,fest_Q6811774,Q6811774,melbourne food and wine festival,Melbourne Food and Wine Festival,Festival,Q408,Australia,,
fest_Q60776171,fest_Q60776171,Q60776171,good things,Good Things,Festival,Q408,Australia,,
fest_Q7332549,fest_Q7332549,Q7332549,ride to work day,Ride to Work Day,Festival,Q408,Australia,1994-01-01,
fest_Q7432714,fest_Q7432714,Q7432714,schools spectacular,Schools Spectacular,Festival,Q408,Australia,1984-01-01,
fest_Q7649604,fest_Q7649604,Q7649604,sustainable living festival,Sustainable Living Festival,Festival,Q408,Australia,,
fest_Q6811817,fest_Q6811817,Q6811817,melbourne jazz fringe festival,Melbourne Jazz Fringe Festival,Festival,Q408,Australia,,
fest_Q4690907,fest_Q4690907,Q4690907,agquip,AgQuip,Festival,Q408,Australia,,
fest_Q7653412,fest_Q7653412,Q7653412,swancon,Swancon,Festival,Q408,Australia,,
fest_Q7653412,fest_Q7653412,Q7653412,swancon,Swancon,Festival,Q408,Australia,,
fest_Q7021165,fest_Q7021165,Q7021165,next wave festival,Next Wave Festival,Festival,Q408,Australia,,
fest_Q7445477,fest_Q7445477,Q7445477,see change festival,See Change Festival,Festival,Q408,Australia,,
fest_Q4868159,fest_Q4868159,Q4868159,bassinthedust,Bassinthedust,Festival,Q408,Australia,,
fest_Q5596005,fest_Q5596005,Q5596005,granny smith festival,Granny Smith Festival,Festival,Q408,Australia,,
fest_Q6811807,fest_Q6811807,Q6811807,melbourne international animation festival,Melbourne International Animation Festival,Festival,Q408,Australia,,
fest_Q6811807,fest_Q6811807,Q6811807,melbourne international animation festival,Melbourne International Animation Festival,Festival,Q408,Australia,,
fest_Q1368654,fest_Q1368654,Q1368654,melbourne to warrnambool classic,Melbourne to Warrnambool Classic,Festival,Q408,Australia,,
fest_Q52009089,fest_Q52009089,Q52009089,azecon,AzeCON,Festival,Q227,Azerbaijan,,
fest_Q138849470,fest_Q138849470,Q138849470,wiener zukunftstage,Wiener Zukunftstage,Festival,Q40,Austria,,
fest_Q19873102,fest_Q19873102,Q19873102,edutech,EduTECH,Festival,Q408,Australia,2011-01-01,
fest_Q3012492,fest_Q3012492,Q3012492,dally m awards,Dally M Awards,Festival,Q408,Australia,,
fest_Q105638526,fest_Q105638526,Q105638526,invasion fest,Invasion Fest,Festival,Q408,Australia,,
fest_Q6647854,fest_Q6647854,Q6647854,lithgow ironfest,Lithgow Ironfest,Festival,Q408,Australia,,
fest_Q7967820,fest_Q7967820,Q7967820,wangaratta festival of jazz,Wangaratta Festival of Jazz,Festival,Q408,Australia,,
fest_Q55622727,fest_Q55622727,Q55622727,melburn roobaix,Melburn Roobaix,Festival,Q408,Australia,2005-01-01,
fest_Q130712668,fest_Q130712668,Q130712668,dudcon,Dudcon,Festival,Q408,Australia,,
fest_Q116893705,fest_Q116893705,Q116893705,art music awards,Art Music Awards,Festival,Q408,Australia,,
fest_Q116893714,fest_Q116893714,Q116893714,classical music awards for best composition by an australian composer,Classical Music Awards for Best Composition by an Australian Composer,Festival,Q408,Australia,,
fest_Q136353254,fest_Q136353254,Q136353254,inauguration of the commonwealth 1901,Inauguration of the Commonwealth 1901,Event,Q408,Australia,,
fest_Q136353190,fest_Q136353190,Q136353190,new year fireworks 2000,New Year fireworks 2000,Festival,Q408,Australia,,
fest_Q136353190,fest_Q136353190,Q136353190,new year fireworks 2000,New Year fireworks 2000,Festival,Q408,Australia,,
fest_Q136362151,fest_Q136362151,Q136362151,great inflatable film festival,Great Inflatable Film Festival,Festival,Q408,Australia,,
fest_Q130712630,fest_Q130712630,Q130712630,conjunction,Conjunction,Festival,Q408,Australia,,
fest_Q134489695,fest_Q134489695,Q134489695,international museum day editathon,International Museum Day Editathon,Festival,Q902,Bangladesh,2024-01-01,
fest_Q130712804,fest_Q130712804,Q130712804,melbourne all-club mini-cons,Melbourne All-Club Mini-Cons,Festival,Q408,Australia,,
fest_Q117599080,fest_Q117599080,Q117599080,australian early development census,Australian Early Development Census,Festival,Q408,Australia,,
fest_Q122860685,fest_Q122860685,Q122860685,wiki loves monuments in bangladesh,Wiki Loves Monuments In Bangladesh,Festival,Q902,Bangladesh,,
fest_Q135497336,fest_Q135497336,Q135497336,2025 tasmanian government formation,2025 Tasmanian government formation,Festival,Q408,Australia,,
fest_Q17049884,fest_Q17049884,Q17049884,bizhu,Bizhu,Festival,Q902,Bangladesh,,
fest_Q17049884,fest_Q17049884,Q17049884,bizhu,Bizhu,Festival,Q902,Bangladesh,,
fest_Q130712825,fest_Q130712825,Q130712825,nanocon,Nanocon,Festival,Q408,Australia,,
fest_Q130712727,fest_Q130712727,Q130712727,genghiscon,GenghisCon,Festival,Q408,Australia,,
fest_Q10244,fest_Q10244,Q10244,diwali,Diwali,Festival,Q902,Bangladesh,,
fest_Q10244,fest_Q10244,Q10244,diwali,Diwali,Festival,Q902,Bangladesh,,
fest_Q10244,fest_Q10244,Q10244,diwali,Diwali,Festival,Q902,Bangladesh,,
fest_Q10244,fest_Q10244,Q10244,diwali,Diwali,Festival,Q902,Bangladesh,,
fest_Q10244,fest_Q10244,Q10244,diwali,Diwali,Festival,Q902,Bangladesh,,
fest_Q10244,fest_Q10244,Q10244,diwali,Diwali,Festival,Q902,Bangladesh,,
fest_Q10244,fest_Q10244,Q10244,diwali,Diwali,Festival,Q902,Bangladesh,,
fest_Q10244,fest_Q10244,Q10244,diwali,Diwali,Festival,Q902,Bangladesh,,
fest_Q10244,fest_Q10244,Q10244,diwali,Diwali,Festival,Q902,Bangladesh,,
fest_Q10244,fest_Q10244,Q10244,diwali,Diwali,Festival,Q902,Bangladesh,,
fest_Q130712631,fest_Q130712631,Q130712631,conquest,Conquest,Festival,Q408,Australia,,
fest_Q24952301,fest_Q24952301,Q24952301,crack international art camp,CRACK International Art Camp,Festival,Q902,Bangladesh,2007-12-23,
fest_Q130712803,fest_Q130712803,Q130712803,medtrek,Medtrek,Festival,Q408,Australia,,
fest_Q110234453,fest_Q110234453,Q110234453,outback queensland masters,Outback Queensland Masters,Festival,Q408,Australia,,
fest_Q112612996,fest_Q112612996,Q112612996,aicon,AICon,Festival,Q408,Australia,,
fest_Q137739285,fest_Q137739285,Q137739285,battle of the tech bands,Battle of the Tech Bands,Festival,Q408,Australia,,
fest_Q137739285,fest_Q137739285,Q137739285,battle of the tech bands,Battle of the Tech Bands,Festival,Q408,Australia,,
fest_Q137739285,fest_Q137739285,Q137739285,battle of the tech bands,Battle of the Tech Bands,Festival,Q408,Australia,,
fest_Q16977968,fest_Q16977968,Q16977968,dhaka lit fest,Dhaka Lit Fest,Festival,Q902,Bangladesh,2011-01-01,
fest_Q136505028,fest_Q136505028,Q136505028,breakfest,Breakfest,Festival,Q408,Australia,,
fest_Q130712604,fest_Q130712604,Q130712604,concave,ConCave,Festival,Q408,Australia,,
fest_Q136353273,fest_Q136353273,Q136353273,dawn service,Dawn Service,Event,Q408,Australia,,
fest_Q136353273,fest_Q136353273,Q136353273,dawn service,Dawn Service,Event,Q408,Australia,,
fest_Q117749901,fest_Q117749901,Q117749901,behind the lines,Behind the Lines,Festival,Q408,Australia,,
fest_Q123111273,fest_Q123111273,Q123111273,traditional melbourne toy run,Traditional Melbourne Toy Run,Festival,Q408,Australia,,
fest_Q130712730,fest_Q130712730,Q130712730,gynaecon,Gynaecon,Festival,Q408,Australia,,
fest_Q130712626,fest_Q130712626,Q130712626,conflux,Conflux,Festival,Q408,Australia,,
fest_Q136362355,fest_Q136362355,Q136362355,oranje fest,Oranje Fest,Festival,Q408,Australia,,
fest_Q136362355,fest_Q136362355,Q136362355,oranje fest,Oranje Fest,Festival,Q408,Australia,,
fest_Q116893700,fest_Q116893700,Q116893700,classical music awards,Classical Music Awards,Festival,Q408,Australia,,
fest_Q130712815,fest_Q130712815,Q130712815,multiverse,Multiverse,Festival,Q408,Australia,,
fest_Q5103471,fest_Q5103471,Q5103471,chobi mela international photography festival,Chobi Mela International Photography Festival,Festival,Q902,Bangladesh,,
fest_Q17014106,fest_Q17014106,Q17014106,pohela falgun,Pohela Falgun,Festival,Q902,Bangladesh,,
fest_Q136353266,fest_Q136353266,Q136353266,brookvale procession,Brookvale procession,Event,Q408,Australia,,
fest_Q136353266,fest_Q136353266,Q136353266,brookvale procession,Brookvale procession,Event,Q408,Australia,,
fest_Q108553597,fest_Q108553597,Q108553597,wiki loves monuments in australia,Wiki Loves Monuments in Australia,Festival,Q408,Australia,,
fest_Q123156556,fest_Q123156556,Q123156556,shimano supercrit,Shimano Supercrit,Festival,Q408,Australia,,
fest_Q117802240,fest_Q117802240,Q117802240,russell taylor oration,Russell Taylor Oration,Festival,Q408,Australia,,
fest_Q130712570,fest_Q130712570,Q130712570,aussie gather,Aussie Gather,Festival,Q408,Australia,,
fest_Q127797242,fest_Q127797242,Q127797242,rugby league las vegas,Rugby League Las Vegas,Festival,Q408,Australia,,
fest_Q19891320,fest_Q19891320,Q19891320,dhaka international trade fair,Dhaka International Trade Fair,Festival,Q902,Bangladesh,1995-12-01,
fest_Q130712717,fest_Q130712717,Q130712717,force,Force,Festival,Q408,Australia,,
fest_Q112660157,fest_Q112660157,Q112660157,circulation,Circulation,Festival,Q408,Australia,,
fest_Q130712769,fest_Q130712769,Q130712769,kinkon,Kinkon,Festival,Q408,Australia,,
fest_Q123159015,fest_Q123159015,Q123159015,broadford bike bonanza,Broadford Bike Bonanza,Festival,Q408,Australia,,
fest_Q430574,fest_Q430574,Q430574,krishna janmashtami,Krishna Janmashtami,Festival,Q902,Bangladesh,,
fest_Q430574,fest_Q430574,Q430574,krishna janmashtami,Krishna Janmashtami,Festival,Q902,Bangladesh,,
fest_Q430574,fest_Q430574,Q430574,krishna janmashtami,Krishna Janmashtami,Festival,Q902,Bangladesh,,
fest_Q25588150,fest_Q25588150,Q25588150,sangrai,Sangrai,Festival,Q902,Bangladesh,,
fest_Q137517290,fest_Q137517290,Q137517290,warbirds downunder,Warbirds Downunder,Festival,Q408,Australia,,
fest_Q132200592,fest_Q132200592,Q132200592,volume,Volume,Festival,Q408,Australia,,
fest_Q16886667,fest_Q16886667,Q16886667,sohrai,Sohrai,Festival,Q902,Bangladesh,,
fest_Q16886667,fest_Q16886667,Q16886667,sohrai,Sohrai,Festival,Q902,Bangladesh,,
fest_Q16886667,fest_Q16886667,Q16886667,sohrai,Sohrai,Festival,Q902,Bangladesh,,
fest_Q134792827,fest_Q134792827,Q134792827,cooly rocks on,Cooly Rocks On,Festival,Q408,Australia,,
fest_Q112623631,fest_Q112623631,Q112623631,borderlands,Borderlands,Festival,Q408,Australia,,
fest_Q112623631,fest_Q112623631,Q112623631,borderlands,Borderlands,Festival,Q408,Australia,,
fest_Q108417800,fest_Q108417800,Q108417800,wiki loves earth in australia,Wiki Loves Earth in Australia,Festival,Q408,Australia,,
fest_Q130712868,fest_Q130712868,Q130712868,omegacon,OmegaCon,Festival,Q408,Australia,,
fest_Q130712793,fest_Q130712793,Q130712793,manifest,Manifest,Festival,Q408,Australia,,
fest_Q130712555,fest_Q130712555,Q130712555,avcon,AVCon,Festival,Q408,Australia,,
fest_Q120653763,fest_Q120653763,Q120653763,australian speedrun marathon,Australian Speedrun Marathon,Festival,Q408,Australia,,
fest_Q130712852,fest_Q130712852,Q130712852,nullus anxietas,Nullus Anxietas,Festival,Q408,Australia,,
fest_Q105703284,fest_Q105703284,Q105703284,jatiya pitha utsab,Jatiya Pitha Utsab,Festival,Q902,Bangladesh,,
fest_Q105703284,fest_Q105703284,Q105703284,jatiya pitha utsab,Jatiya Pitha Utsab,Festival,Q902,Bangladesh,,
fest_Q125661229,fest_Q125661229,Q125661229,railfest,Railfest,Festival,Q408,Australia,,
fest_Q130712643,fest_Q130712643,Q130712643,continuum,Continuum,Festival,Q408,Australia,,
fest_Q112617847,fest_Q112617847,Q112617847,basicon,Basicon,Festival,Q408,Australia,,
fest_Q112617847,fest_Q112617847,Q112617847,basicon,Basicon,Festival,Q408,Australia,,
fest_Q130712693,fest_Q130712693,Q130712693,fandomedia,Fandomedia,Festival,Q408,Australia,,
fest_Q130712904,fest_Q130712904,Q130712904,q-con,Q-Con,Festival,Q408,Australia,,
fest_Q130688600,fest_Q130688600,Q130688600,hill film festival,Hill Film Festival,Festival,Q902,Bangladesh,,
fest_Q111944318,fest_Q111944318,Q111944318,rising,Rising,Festival,Q408,Australia,2022-01-01,
fest_Q111944318,fest_Q111944318,Q111944318,rising,Rising,Festival,Q408,Australia,2022-01-01,
fest_Q133971207,fest_Q133971207,Q133971207,nazirpur battle day,Nazirpur Battle Day,Festival,Q902,Bangladesh,,
fest_Q136353321,fest_Q136353321,Q136353321,survival festival concert,Survival Festival Concert,Festival,Q408,Australia,,
fest_Q130712671,fest_Q130712671,Q130712671,eastercon,Eastercon,Festival,Q408,Australia,,
fest_Q136362417,fest_Q136362417,Q136362417,kultūras dienas,Kultūras Dienas,Festival,Q408,Australia,,
fest_Q130712646,fest_Q130712646,Q130712646,convergence,Convergence,Festival,Q408,Australia,,
fest_Q135489859,fest_Q135489859,Q135489859,keris woomera,Keris Woomera,Festival,Q408,Australia,,
fest_Q135489859,fest_Q135489859,Q135489859,keris woomera,Keris Woomera,Festival,Q408,Australia,,
fest_Q134980164,fest_Q134980164,Q134980164,junior parkrun,junior parkrun,Festival,Q408,Australia,,
fest_Q134980164,fest_Q134980164,Q134980164,junior parkrun,junior parkrun,Festival,Q408,Australia,,
fest_Q116908266,fest_Q116908266,Q116908266,art music awards work of the year orchestral,Art Music Awards: Work of the Year: Orchestral,Festival,Q408,Australia,,
fest_Q116279995,fest_Q116279995,Q116279995,event corey worthington's party,Event Corey Worthington's Party,Event,Q408,Australia,,
fest_Q17065751,fest_Q17065751,Q17065751,international animation and cartoon festival,International Animation and Cartoon Festival,Festival,Q902,Bangladesh,2013-01-01,
fest_Q123325057,fest_Q123325057,Q123325057,wiki loves bangla,Wiki Loves Bangla,Festival,Q902,Bangladesh,,
fest_Q123325057,fest_Q123325057,Q123325057,wiki loves bangla,Wiki Loves Bangla,Festival,Q902,Bangladesh,,
fest_Q116908165,fest_Q116908165,Q116908165,art music awards work of the year large ensemble,Art Music Awards: Work of the Year: Large Ensemble,Festival,Q408,Australia,,
fest_Q130712908,fest_Q130712908,Q130712908,ratcon,Ratcon,Festival,Q408,Australia,,
fest_Q136353331,fest_Q136353331,Q136353331,sydney olympic arts festival 2000,Sydney Olympic Arts Festival 2000,Festival,Q408,Australia,,
fest_Q54587748,fest_Q54587748,Q54587748,time festival,Time Festival,Festival,Q31,Belgium,,
fest_Q798911,fest_Q798911,Q798911,mafestival brugge,MAfestival Brugge,Festival,Q31,Belgium,,
fest_Q65052355,fest_Q65052355,Q65052355,vestiville,VestiVille,Festival,Q31,Belgium,,
fest_Q12748851,fest_Q12748851,Q12748851,belgrade jazz festival,Belgrade Jazz Festival,Festival,Q3711,Belgrade,,
fest_Q12748851,fest_Q12748851,Q12748851,belgrade jazz festival,Belgrade Jazz Festival,Festival,Q3711,Belgrade,,
fest_Q33106168,fest_Q33106168,Q33106168,festival international de la marionette,Festival International de la Marionette,Festival,Q31,Belgium,,
fest_Q56346275,fest_Q56346275,Q56346275,ichapekene piesta,Ichapekene Piesta,Festival,Q750,Bolivia,,
fest_Q33106169,fest_Q33106169,Q33106169,festival bitume,Festival Bitume,Festival,Q31,Belgium,,
fest_Q86664758,fest_Q86664758,Q86664758,waterloo historical film festival,Waterloo Historical Film Festival,Festival,Q31,Belgium,,
fest_Q94636784,fest_Q94636784,Q94636784,vitez fest,Vitez fest,Festival,Q3711,Belgrade,,
fest_Q94636784,fest_Q94636784,Q94636784,vitez fest,Vitez fest,Festival,Q3711,Belgrade,,
fest_Q112033258,fest_Q29946979,Q29946979,republican festival of national cultures,Republican Festival of National Cultures,Festival,Q184,Belarus,,
fest_Q51843934,fest_Q51843934,Q51843934,svyata sontsa,Svyata Sontsa,Festival,Q184,Belarus,,
fest_Q33106180,fest_Q33106180,Q33106180,festival charleroi,Festival Charleroi,Festival,Q31,Belgium,,
fest_Q4882285,fest_Q4882285,Q4882285,belfast festival at queen's,Belfast Festival at Queen's,Festival,Q10686,Belfast,1962-01-01,
fest_Q21013246,fest_Q21013246,Q21013246,ostend voor anker,Ostend voor Anker,Festival,Q31,Belgium,,
fest_Q3074850,fest_Q3074850,Q3074850,foire de liège,Foire de Liège,Festival,Q31,Belgium,,
fest_Q3074850,fest_Q3074850,Q3074850,foire de liège,Foire de Liège,Festival,Q31,Belgium,,
fest_Q54588230,fest_Q54588230,Q54588230,via festival,VIA Festival,Festival,Q31,Belgium,,
fest_Q112033258,fest_Q4393642,Q4393642,republican festival of national cultures,Republican Festival of National Cultures,Festival,Q184,Belarus,,
fest_Q572335,fest_Q572335,Q572335,59th berlin international film festival,59th Berlin International Film Festival,Festival,Q64,Berlin,,
fest_Q805045,fest_Q805045,Q805045,balkan black box festival,Balkan Black Box Festival,Festival,Q64,Berlin,,
fest_Q25405777,fest_Q25405777,Q25405777,thimphu tshechu,Thimphu Tshechu,Festival,Q917,Bhutan,,
fest_Q54803896,fest_Q54803896,Q54803896,playground,Playground,Festival,Q31,Belgium,,
fest_Q14226255,fest_Q14226255,Q14226255,minsk gay pride,Minsk Gay Pride,Festival,Q184,Belarus,,
fest_Q14226255,fest_Q14226255,Q14226255,minsk gay pride,Minsk Gay Pride,Festival,Q184,Belarus,,
fest_Q4288600,fest_Q4288600,Q4288600,international festival modern choreography in vitebsk,International Festival Modern Choreography in Vitebsk,Festival,Q184,Belarus,,
fest_Q794887,fest_Q794887,Q794887,day of belarusian writing,Day of Belarusian Writing,Festival,Q184,Belarus,,
fest_Q2656379,fest_Q2656379,Q2656379,mano mundo,Mano Mundo,Festival,Q31,Belgium,,
fest_Q24911461,fest_Q24911461,Q24911461,bet lahem live festival,Bet Lahem Live Festival,Festival,Q5776,Bethlehem,,
fest_Q33106173,fest_Q33106173,Q33106173,brugfestival,Brugfestival,Festival,Q31,Belgium,,
fest_Q1421817,fest_Q1421817,Q1421817,prix europa,Prix Europa,Festival,Q64,Berlin,,
fest_Q1421817,fest_Q1421817,Q1421817,prix europa,Prix Europa,Festival,Q64,Berlin,,
fest_Q55441924,fest_Q55441924,Q55441924,art festival watou,Art festival Watou,Festival,Q31,Belgium,,
fest_Q3070008,fest_Q3070008,Q3070008,festival temps d'images,Festival Temps d'images,Festival,Q31,Belgium,,
fest_Q3070008,fest_Q3070008,Q3070008,festival temps d'images,Festival Temps d'images,Festival,Q31,Belgium,,
fest_Q3070008,fest_Q3070008,Q3070008,festival temps d'images,Festival Temps d'images,Festival,Q31,Belgium,,
fest_Q3070008,fest_Q3070008,Q3070008,festival temps d'images,Festival Temps d'images,Festival,Q31,Belgium,,
fest_Q3070008,fest_Q3070008,Q3070008,festival temps d'images,Festival Temps d'images,Festival,Q31,Belgium,,
fest_Q18465047,fest_Q18465047,Q18465047,ch'utillos,Ch'utillos,Festival,Q750,Bolivia,,
fest_Q55356825,fest_Q55356825,Q55356825,2006 beaufort,2006 Beaufort,Festival,Q31,Belgium,2006-03-31,2006-09-03
fest_Q1433233,fest_Q1433233,Q1433233,krakelingen and tonnekensbrand geraardsbergen,Krakelingen and Tonnekensbrand Geraardsbergen,Festival,Q31,Belgium,,
fest_Q5511682,fest_Q5511682,Q5511682,fête du vodoun,Fête du Vodoun,Festival,Q962,Benin,,
fest_Q3639930,fest_Q3639930,Q3639930,bilbolbul festival,Bilbolbul Festival,Festival,Q1891,Bologna,,
fest_Q3639930,fest_Q3639930,Q3639930,bilbolbul festival,Bilbolbul Festival,Festival,Q1891,Bologna,,
fest_Q33106166,fest_Q33106166,Q33106166,our house,Our House,Festival,Q31,Belgium,,
fest_Q17502535,fest_Q17502535,Q17502535,dozhynki in belarus,Dozhynki in Belarus,Festival,Q184,Belarus,,
fest_Q3040732,fest_Q3040732,Q3040732,ducasse,ducasse,Festival,Q31,Belgium,,
fest_Q2927115,fest_Q2927115,Q2927115,festival bruxellons,Festival Bruxellons!,Festival,Q31,Belgium,,
fest_Q63098987,fest_Q63098987,Q63098987,de quaeye werelt,De Quaeye Werelt,Festival,Q31,Belgium,,
fest_Q3092908,fest_Q3092908,Q3092908,celebrations at the university of bologna in 1888,Celebrations at the University of Bologna in 1888,Festival,Q1891,Bologna,,
fest_Q112033258,fest_Q25536445,Q25536445,republican festival of national cultures,Republican Festival of National Cultures,Festival,Q184,Belarus,,
fest_Q5445782,fest_Q5445782,Q5445782,festival of fools,Festival of Fools,Festival,Q10686,Belfast,,
fest_Q4066281,fest_Q4066281,Q4066281,animajoŭka,Animajoŭka,Festival,Q184,Belarus,,
fest_Q55356809,fest_Q55356809,Q55356809,2003 beaufort,2003 Beaufort,Festival,Q31,Belgium,2003-04-05,2003-09-27
fest_Q6345022,fest_Q6345022,Q6345022,kadalekai parishe,Kadalekai Parishe,Festival,Q1355,Bengaluru,,
fest_Q6345022,fest_Q6345022,Q6345022,kadalekai parishe,Kadalekai Parishe,Festival,Q1355,Bengaluru,,
fest_Q1773038,fest_Q1773038,Q1773038,bergen international festival,Bergen International Festival,Festival,Q26793,Bergen,,
fest_Q1773038,fest_Q1773038,Q1773038,bergen international festival,Bergen International Festival,Festival,Q26793,Bergen,,
fest_Q54803356,fest_Q54803356,Q54803356,corpusfestival,Corpusfestival,Festival,Q31,Belgium,,
fest_Q24075477,fest_Q24075477,Q24075477,festival estéreo picnic,Festival Estéreo Picnic,Festival,Q2841,Bogotá,,
fest_Q24075477,fest_Q24075477,Q24075477,festival estéreo picnic,Festival Estéreo Picnic,Festival,Q2841,Bogotá,,
fest_Q11050247,fest_Q11050247,Q11050247,mesam,MESAM,Festival,Q3711,Belgrade,1984-01-01,1996-01-01
fest_Q1408689,fest_Q1408689,Q1408689,festival of flanders,Festival of Flanders,Festival,Q31,Belgium,,
fest_Q19386234,fest_Q19386234,Q19386234,raptus,Raptus,Festival,Q26793,Bergen,,
fest_Q19386234,fest_Q19386234,Q19386234,raptus,Raptus,Festival,Q26793,Bergen,,
fest_Q28668761,fest_Q28668761,Q28668761,cheap festival - street poster art festival,Cheap Festival - Street Poster Art Festival,Festival,Q1891,Bologna,,
fest_Q28668761,fest_Q28668761,Q28668761,cheap festival - street poster art festival,Cheap Festival - Street Poster Art Festival,Festival,Q1891,Bologna,,
fest_Q2440929,fest_Q2440929,Q2440929,oud limburgs schuttersfeest,Oud Limburgs Schuttersfeest,Festival,Q31,Belgium,1876-01-01,
fest_Q2440929,fest_Q2440929,Q2440929,oud limburgs schuttersfeest,Oud Limburgs Schuttersfeest,Festival,Q31,Belgium,1876-01-01,
fest_Q33106167,fest_Q33106167,Q33106167,strapatzen,StraPatZen,Festival,Q31,Belgium,,
fest_Q33106174,fest_Q33106174,Q33106174,spots op west,Spots op West,Festival,Q31,Belgium,,
fest_Q17779336,fest_Q17779336,Q17779336,guitar art festival,Guitar Art Festival,Festival,Q3711,Belgrade,,
fest_Q17779336,fest_Q17779336,Q17779336,guitar art festival,Guitar Art Festival,Festival,Q3711,Belgrade,,
fest_Q25458984,fest_Q25458984,Q25458984,reader badge,Reader badge,Festival,Q3711,Belgrade,,
fest_Q25458984,fest_Q25458984,Q25458984,reader badge,Reader badge,Festival,Q3711,Belgrade,,
fest_Q3540271,fest_Q3540271,Q3540271,trolls legends,Trolls & Legends,Festival,Q31,Belgium,,
fest_Q2123481,fest_Q2123481,Q2123481,kroningsfeesten,Kroningsfeesten,Festival,Q31,Belgium,,
fest_Q33106170,fest_Q33106170,Q33106170,wintervuurplein,Wintervuurplein,Festival,Q31,Belgium,,
fest_Q58006044,fest_Q58006044,Q58006044,big bang festival,Big Bang Festival,Festival,Q31,Belgium,,
fest_Q16034467,fest_Q16034467,Q16034467,massimadi,Massimadi,Festival,Q31,Belgium,,
fest_Q16034467,fest_Q16034467,Q16034467,massimadi,Massimadi,Festival,Q31,Belgium,,
fest_Q16034467,fest_Q16034467,Q16034467,massimadi,Massimadi,Festival,Q31,Belgium,,
fest_Q33100437,fest_Q33100437,Q33100437,bronks,BRONKS,Festival,Q31,Belgium,,
fest_Q54577394,fest_Q54577394,Q54577394,next,NEXT,Festival,Q31,Belgium,,
fest_Q891526,fest_Q891526,Q891526,bologna children's book fair,Bologna Children's Book Fair,Festival,Q1891,Bologna,,
fest_Q891526,fest_Q891526,Q891526,bologna children's book fair,Bologna Children's Book Fair,Festival,Q1891,Bologna,,
fest_Q117087485,fest_Q117087485,Q117087485,scenic art expo norway,scenic art expo norway,Festival,Q26793,Bergen,,
fest_Q117087485,fest_Q117087485,Q117087485,scenic art expo norway,scenic art expo norway,Festival,Q26793,Bergen,,
fest_Q2284770,fest_Q2284770,Q2284770,25 ans de circumambulation de l'hegge,25 ans de circumambulation de l'Hegge,Festival,Q31,Belgium,,
fest_Q117087503,fest_Q117087503,Q117087503,bergenske frynser,Bergenske Frynser,Festival,Q26793,Bergen,,
fest_Q117087503,fest_Q117087503,Q117087503,bergenske frynser,Bergenske Frynser,Festival,Q26793,Bergen,,
fest_Q376112,fest_Q376112,Q376112,knowledge day,Knowledge Day,Festival,Q184,Belarus,,
fest_Q376112,fest_Q376112,Q376112,knowledge day,Knowledge Day,Festival,Q184,Belarus,,
fest_Q112053330,fest_Q112053330,Q112053330,bone - performance festival 2012 bern,"BONE - Performance Festival 2012, Bern",Festival,Q70,Bern,,
fest_Q112053330,fest_Q112053330,Q112053330,bone - performance festival 2012 bern,"BONE - Performance Festival 2012, Bern",Festival,Q70,Bern,,
fest_Q112185954,fest_Q112185954,Q112185954,ppp progrperformanceplattform 2017,PPP ProgrPerformancePlattform 2017,Festival,Q70,Bern,,
fest_Q112185954,fest_Q112185954,Q112185954,ppp progrperformanceplattform 2017,PPP ProgrPerformancePlattform 2017,Festival,Q70,Bern,,
fest_Q131275633,fest_Q131275633,Q131275633,popular al parque,Popular al Parque,Festival,Q2841,Bogotá,,
fest_Q131275633,fest_Q131275633,Q131275633,popular al parque,Popular al Parque,Festival,Q2841,Bogotá,,
fest_Q117087462,fest_Q117087462,Q117087462,oktoberdans,Oktoberdans,Festival,Q26793,Bergen,,
fest_Q117087462,fest_Q117087462,Q117087462,oktoberdans,Oktoberdans,Festival,Q26793,Bergen,,
fest_Q115236242,fest_Q115236242,Q115236242,bergen fringe festival,Bergen Fringe Festival,Festival,Q26793,Bergen,,
fest_Q115236242,fest_Q115236242,Q115236242,bergen fringe festival,Bergen Fringe Festival,Festival,Q26793,Bergen,,
fest_Q111984024,fest_Q111984024,Q111984024,bone - performance festival 2014 bern,"BONE - Performance Festival 2014, Bern",Festival,Q70,Bern,,
fest_Q111984024,fest_Q111984024,Q111984024,bone - performance festival 2014 bern,"BONE - Performance Festival 2014, Bern",Festival,Q70,Bern,,
fest_Q111983245,fest_Q111983245,Q111983245,bone - performance festival,BONE - Performance Festival,Festival,Q70,Bern,,
fest_Q111983245,fest_Q111983245,Q111983245,bone - performance festival,BONE - Performance Festival,Festival,Q70,Bern,,
fest_Q2922048,fest_Q2922048,Q2922048,omloop van de fruitstreek,Omloop van de Fruitstreek,Festival,Q31,Belgium,,
fest_Q119002345,fest_Q119002345,Q119002345,bayard steed parade and the parade of the three giants,Bayard Steed Parade and the Parade of the three Giants,Event,Q31,Belgium,,
fest_Q13212982,fest_Q13212982,Q13212982,grand feu,Grand feu,Event,Q31,Belgium,,
fest_Q131597465,fest_Q131597465,Q131597465,welove eya,WeLove Eya,Festival,Q962,Benin,,
fest_Q111964052,fest_Q111964052,Q111964052,act performance art festival 2007 bern,"ACT Performance Art Festival 2007, Bern",Festival,Q70,Bern,,
fest_Q111964052,fest_Q111964052,Q111964052,act performance art festival 2007 bern,"ACT Performance Art Festival 2007, Bern",Festival,Q70,Bern,,
fest_Q115236244,fest_Q115236244,Q115236244,brosteinsfestivalen,Brosteinsfestivalen,Festival,Q26793,Bergen,,
fest_Q115236244,fest_Q115236244,Q115236244,brosteinsfestivalen,Brosteinsfestivalen,Festival,Q26793,Bergen,,
fest_Q124735415,fest_Q124735415,Q124735415,bacchus,Bacchus,Festival,Q31,Belgium,,
fest_Q128858925,fest_Q128858925,Q128858925,horizon 2030,Horizon 2030,Festival,Q31,Belgium,,
fest_Q117087555,fest_Q117087555,Q117087555,dans - en fest,Dans - en fest!,Festival,Q26793,Bergen,,
fest_Q117087555,fest_Q117087555,Q117087555,dans - en fest,Dans - en fest!,Festival,Q26793,Bergen,,
fest_Q111964321,fest_Q111964321,Q111964321,act performance art festival 2018 bern,"ACT Performance Art Festival 2018, Bern",Festival,Q70,Bern,,
fest_Q111964321,fest_Q111964321,Q111964321,act performance art festival 2018 bern,"ACT Performance Art Festival 2018, Bern",Festival,Q70,Bern,,
fest_Q475430,fest_Q475430,Q475430,fosdem,FOSDEM,Festival,Q31,Belgium,,
fest_Q109037780,fest_Q109037780,Q109037780,fête de chicote au bénin,Fête de Chicote au Bénin,Festival,Q962,Benin,,
fest_Q123010518,fest_Q123010518,Q123010518,saint-evermarus celebration rutten,Saint-Evermarus celebration Rutten,Event,Q31,Belgium,,
fest_Q111983274,fest_Q111983274,Q111983274,bone - performance festival 2019 bern,"BONE - Performance Festival 2019, Bern",Festival,Q70,Bern,,
fest_Q111983274,fest_Q111983274,Q111983274,bone - performance festival 2019 bern,"BONE - Performance Festival 2019, Bern",Festival,Q70,Bern,,
fest_Q662829,fest_Q662829,Q662829,eurocon,Eurocon,Festival,Q31,Belgium,,
fest_Q662829,fest_Q662829,Q662829,eurocon,Eurocon,Festival,Q31,Belgium,,
fest_Q662829,fest_Q662829,Q662829,eurocon,Eurocon,Festival,Q31,Belgium,,
fest_Q662829,fest_Q662829,Q662829,eurocon,Eurocon,Festival,Q31,Belgium,,
fest_Q662829,fest_Q662829,Q662829,eurocon,Eurocon,Festival,Q31,Belgium,,
fest_Q662829,fest_Q662829,Q662829,eurocon,Eurocon,Festival,Q31,Belgium,,
fest_Q662829,fest_Q662829,Q662829,eurocon,Eurocon,Festival,Q31,Belgium,,
fest_Q662829,fest_Q662829,Q662829,eurocon,Eurocon,Festival,Q31,Belgium,,
fest_Q662829,fest_Q662829,Q662829,eurocon,Eurocon,Festival,Q31,Belgium,,
fest_Q662829,fest_Q662829,Q662829,eurocon,Eurocon,Festival,Q31,Belgium,,
fest_Q662829,fest_Q662829,Q662829,eurocon,Eurocon,Festival,Q31,Belgium,,
fest_Q662829,fest_Q662829,Q662829,eurocon,Eurocon,Festival,Q31,Belgium,,
fest_Q662829,fest_Q662829,Q662829,eurocon,Eurocon,Festival,Q31,Belgium,,
fest_Q662829,fest_Q662829,Q662829,eurocon,Eurocon,Festival,Q31,Belgium,,
fest_Q662829,fest_Q662829,Q662829,eurocon,Eurocon,Festival,Q31,Belgium,,
fest_Q117087472,fest_Q117087472,Q117087472,norsk dramatikk,Norsk Dramatikk,Festival,Q26793,Bergen,,
fest_Q117087472,fest_Q117087472,Q117087472,norsk dramatikk,Norsk Dramatikk,Festival,Q26793,Bergen,,
fest_Q2485118,fest_Q2485118,Q2485118,grand prix dr eugeen roggeman,Grand Prix Dr. Eugeen Roggeman,Festival,Q31,Belgium,,
fest_Q4826093,fest_Q4826093,Q4826093,auto assembly,Auto Assembly,Festival,Q2256,Birmingham,,
fest_Q4826093,fest_Q4826093,Q4826093,auto assembly,Auto Assembly,Festival,Q2256,Birmingham,,
fest_Q117087478,fest_Q117087478,Q117087478,profiler '95,Profiler '95,Festival,Q26793,Bergen,,
fest_Q117087478,fest_Q117087478,Q117087478,profiler '95,Profiler '95,Festival,Q26793,Bergen,,
fest_Q131345426,fest_Q131345426,Q131345426,ouidah voodoo festival,Ouidah Voodoo Festival,Festival,Q962,Benin,,
fest_Q123010515,fest_Q123010515,Q123010515,historic archery in flanders,Historic archery in Flanders,Event,Q31,Belgium,,
fest_Q124611458,fest_Q124611458,Q124611458,chope piesta santísima trinidad,Chope Piesta Santísima Trinidad,Festival,Q750,Bolivia,,
fest_Q123529075,fest_Q123529075,Q123529075,black-necked crane festival,Black-necked Crane Festival,Event,Q917,Bhutan,,
fest_Q3425199,fest_Q3425199,Q3425199,libre software meeting,Libre Software Meeting,Festival,Q31,Belgium,,
fest_Q3425199,fest_Q3425199,Q3425199,libre software meeting,Libre Software Meeting,Festival,Q31,Belgium,,
fest_Q2307031,fest_Q2307031,Q2307031,kortrijk koerse,Kortrijk Koerse,Festival,Q31,Belgium,,
fest_Q112053405,fest_Q112053405,Q112053405,bone - performance festival 2018 bern,"BONE - Performance Festival 2018, Bern",Festival,Q70,Bern,,
fest_Q112053405,fest_Q112053405,Q112053405,bone - performance festival 2018 bern,"BONE - Performance Festival 2018, Bern",Festival,Q70,Bern,,
fest_Q117087496,fest_Q117087496,Q117087496,3p,[3P],Festival,Q26793,Bergen,,
fest_Q117087496,fest_Q117087496,Q117087496,3p,[3P],Festival,Q26793,Bergen,,
fest_Q117087507,fest_Q117087507,Q117087507,textout,TextOUT,Festival,Q26793,Bergen,,
fest_Q117087507,fest_Q117087507,Q117087507,textout,TextOUT,Festival,Q26793,Bergen,,
fest_Q2856346,fest_Q2856346,Q2856346,humo's comedy cup,Humo's Comedy Cup,Festival,Q31,Belgium,1998-01-01,
fest_Q112184603,fest_Q112184603,Q112184603,ppp progrperformanceplattform,PPP ProgrPerformancePlattform,Festival,Q70,Bern,,
fest_Q112184603,fest_Q112184603,Q112184603,ppp progrperformanceplattform,PPP ProgrPerformancePlattform,Festival,Q70,Bern,,
fest_Q3130130,fest_Q3130130,Q3130130,procession of the holy blood in bruges,Procession of the Holy Blood in Bruges,Festival,Q31,Belgium,,
fest_Q114839858,fest_Q114839858,Q114839858,adriaen brouwer bierfeesten,Adriaen Brouwer Bierfeesten,Event,Q31,Belgium,,
fest_Q111983813,fest_Q111983813,Q111983813,bone - performance festival 2008 bern,"BONE - Performance Festival 2008, Bern",Festival,Q70,Bern,,
fest_Q111983813,fest_Q111983813,Q111983813,bone - performance festival 2008 bern,"BONE - Performance Festival 2008, Bern",Festival,Q70,Bern,,
fest_Q117284078,fest_Q117284078,Q117284078,adnak,ADNAK!,Festival,Q184,Belarus,,
fest_Q122031279,fest_Q122031279,Q122031279,quirinus procession loenhout,Quirinus procession Loenhout,Event,Q31,Belgium,,
fest_Q2799112,fest_Q2799112,Q2799112,izegem koers,Izegem Koers,Festival,Q31,Belgium,,
fest_Q115236255,fest_Q115236255,Q115236255,frie grupper festival,Frie grupper festival,Festival,Q26793,Bergen,,
fest_Q115236255,fest_Q115236255,Q115236255,frie grupper festival,Frie grupper festival,Festival,Q26793,Bergen,,
fest_Q112185875,fest_Q112185875,Q112185875,ppp progrperformanceplattform 2016,PPP ProgrPerformancePlattform 2016,Festival,Q70,Bern,,
fest_Q112185875,fest_Q112185875,Q112185875,ppp progrperformanceplattform 2016,PPP ProgrPerformancePlattform 2016,Festival,Q70,Bern,,
fest_Q1948068,fest_Q1948068,Q1948068,ensor award,Ensor Award,Festival,Q31,Belgium,,
fest_Q122030555,fest_Q122030555,Q122030555,international horse procession hakendover tienen,International horse procession Hakendover Tienen,Event,Q31,Belgium,,
fest_Q126487038,fest_Q126487038,Q126487038,manneken pis dressing ceremony,Manneken Pis dressing ceremony,Event,Q31,Belgium,,
fest_Q2236734,fest_Q2236734,Q2236734,stadsprijs geraardsbergen,Stadsprijs Geraardsbergen,Festival,Q31,Belgium,,
fest_Q2089965,fest_Q2089965,Q2089965,omloop mandel-leie-schelde,Omloop Mandel-Leie-Schelde,Festival,Q31,Belgium,,
fest_Q125213566,fest_Q125213566,Q125213566,national pilgrimage,National Pilgrimage,Event,Q31,Belgium,,
fest_Q111983813,fest_Q112053263,Q112053263,bone - performance festival 2008 bern,"BONE - Performance Festival 2008, Bern",Festival,Q70,Bern,,
fest_Q111983813,fest_Q112053263,Q112053263,bone - performance festival 2008 bern,"BONE - Performance Festival 2008, Bern",Festival,Q70,Bern,,
fest_Q112052913,fest_Q112052913,Q112052913,bone - performance festival 20062010201120142019 bern,"BONE - Performance Festival 2006/2010/2011/2014/2019, Bern",Festival,Q70,Bern,,
fest_Q112052913,fest_Q112052913,Q112052913,bone - performance festival 20062010201120142019 bern,"BONE - Performance Festival 2006/2010/2011/2014/2019, Bern",Festival,Q70,Bern,,
fest_Q112054205,fest_Q112054205,Q112054205,bone - performance festival 2017 bern,"BONE - Performance Festival 2017, Bern",Festival,Q70,Bern,,
fest_Q112054205,fest_Q112054205,Q112054205,bone - performance festival 2017 bern,"BONE - Performance Festival 2017, Bern",Festival,Q70,Bern,,
fest_Q96650089,fest_Q96650089,Q96650089,kikk festival,KIKK Festival,Festival,Q31,Belgium,,
fest_Q117087516,fest_Q117087516,Q117087516,kulturdagene i fana og ytrebygda,Kulturdagene i Fana og Ytrebygda,Festival,Q26793,Bergen,,
fest_Q117087516,fest_Q117087516,Q117087516,kulturdagene i fana og ytrebygda,Kulturdagene i Fana og Ytrebygda,Festival,Q26793,Bergen,,
fest_Q2423538,fest_Q2423538,Q2423538,antwerpse havenpijl,Antwerpse Havenpijl,Festival,Q31,Belgium,,
fest_Q4354765,fest_Q4354765,Q4354765,tour of antwerp,Tour of Antwerp,Festival,Q31,Belgium,,
fest_Q4996129,fest_Q4996129,Q4996129,wieltjesfeesten,Wieltjesfeesten,Event,Q31,Belgium,,
fest_Q118953344,fest_Q118953344,Q118953344,blankenberge carnival,Blankenberge Carnival,Event,Q31,Belgium,,
fest_Q112053441,fest_Q112053441,Q112053441,bone - performance festival 2016 bern,"BONE - Performance Festival 2016, Bern",Festival,Q70,Bern,,
fest_Q112053441,fest_Q112053441,Q112053441,bone - performance festival 2016 bern,"BONE - Performance Festival 2016, Bern",Festival,Q70,Bern,,
fest_Q117087515,fest_Q117087515,Q117087515,never or now,Never or Now,Festival,Q26793,Bergen,,
fest_Q117087515,fest_Q117087515,Q117087515,never or now,Never or Now,Festival,Q26793,Bergen,,
fest_Q112053296,fest_Q112053296,Q112053296,bone - performance festival 2009 bern,"BONE - Performance Festival 2009, Bern",Festival,Q70,Bern,,
fest_Q112053296,fest_Q112053296,Q112053296,bone - performance festival 2009 bern,"BONE - Performance Festival 2009, Bern",Festival,Q70,Bern,,
fest_Q1268418,fest_Q1268418,Q1268418,dwars door de antwerpse kempen,Dwars door de Antwerpse Kempen,Festival,Q31,Belgium,,
fest_Q115236243,fest_Q115236243,Q115236243,bitbergen internasjonale teaterfestival,BIT/Bergen Internasjonale Teaterfestival,Festival,Q26793,Bergen,,
fest_Q115236243,fest_Q115236243,Q115236243,bitbergen internasjonale teaterfestival,BIT/Bergen Internasjonale Teaterfestival,Festival,Q26793,Bergen,,
fest_Q117087526,fest_Q117087526,Q117087526,bergart,BergArt,Festival,Q26793,Bergen,,
fest_Q117087526,fest_Q117087526,Q117087526,bergart,BergArt,Festival,Q26793,Bergen,,
fest_Q2524862,fest_Q2524862,Q2524862,crazy comedy cover contest,Crazy Comedy Cover Contest,Festival,Q31,Belgium,,
fest_Q112054245,fest_Q112054245,Q112054245,bone - performance festival 2001 bern,"BONE - Performance Festival 2001, Bern",Festival,Q70,Bern,,
fest_Q112054245,fest_Q112054245,Q112054245,bone - performance festival 2001 bern,"BONE - Performance Festival 2001, Bern",Festival,Q70,Bern,,
fest_Q117087542,fest_Q117087542,Q117087542,nordisk scenekunst mot tusenårsskiftet,Nordisk Scenekunst mot Tusenårsskiftet,Festival,Q26793,Bergen,,
fest_Q117087542,fest_Q117087542,Q117087542,nordisk scenekunst mot tusenårsskiftet,Nordisk Scenekunst mot Tusenårsskiftet,Festival,Q26793,Bergen,,
fest_Q130385162,fest_Q130385162,Q130385162,hope happening,Hope Happening,Festival,Q31,Belgium,,
fest_Q130385162,fest_Q130385162,Q130385162,hope happening,Hope Happening,Festival,Q31,Belgium,,
fest_Q1547573,fest_Q1547573,Q1547573,grote prijs briek schotte,Grote Prijs Briek Schotte,Festival,Q31,Belgium,,
fest_Q1982882,fest_Q1982882,Q1982882,pumpkin day,Pumpkin day,Festival,Q31,Belgium,,
fest_Q117087493,fest_Q117087493,Q117087493,frontlosjen,Frontlosjen,Festival,Q26793,Bergen,,
fest_Q117087493,fest_Q117087493,Q117087493,frontlosjen,Frontlosjen,Festival,Q26793,Bergen,,
fest_Q111963877,fest_Q111963877,Q111963877,act performance art festival 2003,ACT Performance Art Festival 2003,Festival,Q70,Bern,,
fest_Q111963877,fest_Q111963877,Q111963877,act performance art festival 2003,ACT Performance Art Festival 2003,Festival,Q70,Bern,,
fest_Q5312579,fest_Q5312579,Q5312579,dugu,Dugu,Event,Q242,Belize,,
fest_Q1879540,fest_Q1879540,Q1879540,heritage day,Heritage Day,Festival,Q31,Belgium,,
fest_Q117087524,fest_Q117087524,Q117087524,fattigdomsuken 2010,Fattigdomsuken 2010,Festival,Q26793,Bergen,,
fest_Q117087524,fest_Q117087524,Q117087524,fattigdomsuken 2010,Fattigdomsuken 2010,Festival,Q26793,Bergen,,
fest_Q115236236,fest_Q115236236,Q115236236,216t - performancefestival,216T - performancefestival,Festival,Q26793,Bergen,,
fest_Q115236236,fest_Q115236236,Q115236236,216t - performancefestival,216T - performancefestival,Festival,Q26793,Bergen,,
fest_Q117794100,fest_Q117794100,Q117794100,acht van brasschaat,Acht van Brasschaat,Festival,Q31,Belgium,,
fest_Q107574886,fest_Q107574886,Q107574886,sound track,Sound Track,Festival,Q31,Belgium,,
fest_Q21490948,fest_Q21490948,Q21490948,omloop der vlaamse gewesten,Omloop der Vlaamse Gewesten,Festival,Q31,Belgium,1928-01-01,
fest_Q134774353,fest_Q134774353,Q134774353,eventwiki loves denderland2025,Event:Wiki Loves Denderland/2025,Festival,Q31,Belgium,2025-06-24,2025-09-30
fest_Q106097078,fest_Q106097078,Q106097078,belarusian military exhibition,Belarusian Military Exhibition,Festival,Q184,Belarus,,
fest_Q106097078,fest_Q106097078,Q106097078,belarusian military exhibition,Belarusian Military Exhibition,Festival,Q184,Belarus,,
fest_Q107422705,fest_Q107422705,Q107422705,european march of remembrance and friendship,European March of Remembrance and Friendship,Festival,Q31,Belgium,,
fest_Q116033868,fest_Q116033868,Q116033868,grote prijs piet vandoorsselaere,Grote Prijs Piet Vandoorsselaere,Festival,Q31,Belgium,,
fest_Q113839933,fest_Q113839933,Q113839933,marche des 600 franchimontois,Marche des 600 Franchimontois,Festival,Q31,Belgium,,
fest_Q112659908,fest_Q112659908,Q112659908,sfancon,SfanCon,Festival,Q31,Belgium,,
fest_Q116181461,fest_Q116181461,Q116181461,national day of acullico,National Day of Acullico,Festival,Q750,Bolivia,,
fest_Q63315475,fest_Q63315475,Q63315475,museum night fever,Museum Night Fever,Festival,Q31,Belgium,,
fest_Q63315475,fest_Q63315475,Q63315475,museum night fever,Museum Night Fever,Festival,Q31,Belgium,,
fest_Q92579799,fest_Q92579799,Q92579799,wammekse feesten,Wammekse Feesten,Festival,Q31,Belgium,,
fest_Q108172946,fest_Q108172946,Q108172946,last post ceremony,Last Post Ceremony,Festival,Q31,Belgium,,
fest_Q137516000,fest_Q137516000,Q137516000,mechelen guild jewel,Mechelen Guild Jewel,Festival,Q31,Belgium,,
fest_Q5115569,fest_Q5115569,Q5115569,west-vlaamse sluitingsprijs zwevezele,West-Vlaamse Sluitingsprijs Zwevezele,Festival,Q31,Belgium,,
fest_Q97185727,fest_Q97185727,Q97185727,titancon,TitanCon,Festival,Q10686,Belfast,,
fest_Q17354578,fest_Q17354578,Q17354578,de kustpijl,De Kustpijl,Festival,Q31,Belgium,,
fest_Q16069797,fest_Q16069797,Q16069797,tinekesfeesten heule,Tinekesfeesten Heule,Festival,Q31,Belgium,,
fest_Q107073590,fest_Q107073590,Q107073590,wiki loves pajottenland zennevallei 2021,Wiki Loves Pajottenland Zennevallei 2021,Festival,Q31,Belgium,2021-07-01,2021-09-30
fest_Q107453693,fest_Q107453693,Q107453693,trans march,Trans* March,Festival,Q31,Belgium,,
fest_Q38964592,fest_Q38964592,Q38964592,día nacional del peatón y del ciclista en defensa de la madre tierra,Día Nacional del Peatón y del Ciclista en defensa de la Madre Tierra,Festival,Q750,Bolivia,2011-01-01,
fest_Q108803788,fest_Q108803788,Q108803788,berlin music video awards,Berlin Music Video Awards,Festival,Q64,Berlin,,
fest_Q116033862,fest_Q116033862,Q116033862,kemmel koerse,Kemmel Koerse,Festival,Q31,Belgium,,
fest_Q112621590,fest_Q112621590,Q112621590,beneluxcon,Beneluxcon,Festival,Q31,Belgium,,
fest_Q112621590,fest_Q112621590,Q112621590,beneluxcon,Beneluxcon,Festival,Q31,Belgium,,
fest_Q123331690,fest_Q123331690,Q123331690,casa europea 1 1994,"Casa Europea 1, 1994",Festival,Q31,Belgium,,
fest_Q116033863,fest_Q116033863,Q116033863,heusden koers,Heusden Koers,Festival,Q31,Belgium,,
fest_Q126940977,fest_Q126940977,Q126940977,eventwiki loves denderland,Event:Wiki Loves Denderland,Festival,Q31,Belgium,,
fest_Q112033258,fest_Q112033258,Q112033258,republican festival of national cultures,Republican Festival of National Cultures,Festival,Q184,Belarus,,
fest_Q116033866,fest_Q116033866,Q116033866,kortemark koerse,Kortemark Koerse,Festival,Q31,Belgium,,
fest_Q15991824,fest_Q15991824,Q15991824,grand prix beeckman-de caluwé,Grand Prix Beeckman-De Caluwé,Festival,Q31,Belgium,,
fest_Q111462551,fest_Q111462551,Q111462551,minsk dialogue council on international relations,Minsk Dialogue Council on International Relations,Festival,Q184,Belarus,,
fest_Q50414249,fest_Q50414249,Q50414249,open belgium,Open Belgium,Festival,Q31,Belgium,,
fest_Q50414249,fest_Q50414249,Q50414249,open belgium,Open Belgium,Festival,Q31,Belgium,,
fest_Q125874444,fest_Q125874444,Q125874444,beacon,Beacon,Festival,Q31,Belgium,,
fest_Q125874444,fest_Q125874444,Q125874444,beacon,Beacon,Festival,Q31,Belgium,,
fest_Q115170429,fest_Q115170429,Q115170429,boektopia,Boektopia,Festival,Q31,Belgium,,
fest_Q136050930,fest_Q136050930,Q136050930,trinidad pride,Trinidad Pride,Festival,Q750,Bolivia,,
fest_Q108770696,fest_Q108770696,Q108770696,wiki loves monuments in bolivia,Wiki Loves Monuments in Bolivia,Festival,Q750,Bolivia,,
fest_Q115153874,fest_Q115153874,Q115153874,grote prijs van de wase polders,Grote Prijs van de Wase Polders,Festival,Q31,Belgium,,
fest_Q15874171,fest_Q15874171,Q15874171,day of agriculture,Day of Agriculture,Festival,Q31,Belgium,,
fest_Q112486235,fest_Q112486235,Q112486235,adfc-sternfahrt berlin,ADFC-Sternfahrt Berlin,Festival,Q64,Berlin,,
fest_Q116033865,fest_Q116033865,Q116033865,criterium sd worx,Criterium SD Worx,Festival,Q31,Belgium,,
fest_Q115160954,fest_Q115160954,Q115160954,slorarock,Slorarock,Festival,Q31,Belgium,,
fest_Q30612298,fest_Q30612298,Q30612298,rajyotsava awards,Rajyotsava Awards,Festival,Q1355,Bengaluru,,
fest_Q30612298,fest_Q30612298,Q30612298,rajyotsava awards,Rajyotsava Awards,Festival,Q1355,Bengaluru,,
fest_Q117794211,fest_Q117794211,Q117794211,kampioenschap van limburg,Kampioenschap van Limburg,Festival,Q31,Belgium,,
fest_Q115154411,fest_Q115154411,Q115154411,kaj-kwb prijs,KAJ-KWB Prijs,Festival,Q31,Belgium,,
fest_Q129198556,fest_Q129198556,Q129198556,live is live,Live is Live,Festival,Q31,Belgium,,
fest_Q15875465,fest_Q15875465,Q15875465,grote prijs lucien van impe,Grote Prijs Lucien Van Impe,Festival,Q31,Belgium,,
fest_Q54202417,fest_Q54202417,Q54202417,xii republican festival of national cultures,XII Republican Festival of National Cultures,Festival,Q184,Belarus,,
fest_Q7354740,fest_Q7354740,Q7354740,rock werchter 2010,Rock Werchter 2010,Festival,Q31,Belgium,,
fest_Q19206998,fest_Q19206998,Q19206998,normandy format,Normandy Format,Festival,Q64,Berlin,,
fest_Q19206998,fest_Q19206998,Q19206998,normandy format,Normandy Format,Festival,Q64,Berlin,,
fest_Q19206998,fest_Q19206998,Q19206998,normandy format,Normandy Format,Festival,Q64,Berlin,,
fest_Q19206998,fest_Q19206998,Q19206998,normandy format,Normandy Format,Festival,Q64,Berlin,,
fest_Q42165678,fest_Q42165678,Q42165678,septennial virga jesse festivities in hasselt,Septennial Virga Jesse festivities in Hasselt,Festival,Q31,Belgium,,
fest_Q20823612,fest_Q20823612,Q20823612,streitraum,Streitraum,Festival,Q64,Berlin,,
fest_Q2613396,fest_Q2613396,Q2613396,eurovision young musicians 1992,Eurovision Young Musicians 1992,Festival,Q31,Belgium,,1992-06-09
fest_Q31190698,fest_Q31190698,Q31190698,peko,PEKO,Festival,Q31,Belgium,,
fest_Q124221051,fest_Q124221051,Q124221051,art antwerp,Art Antwerp,Festival,Q31,Belgium,,
fest_Q115154531,fest_Q115154531,Q115154531,puivelde koerse,Puivelde Koerse,Festival,Q31,Belgium,,
fest_Q9697538,fest_Q9697538,Q9697538,carnaval de florianópolis,Carnaval de Florianópolis,Festival,Q155,Brazil,,
fest_Q16497294,fest_Q16497294,Q16497294,bauernfest,Bauernfest,Festival,Q155,Brazil,,
fest_Q116821895,fest_Q116821895,Q116821895,budapest pride festival 2022,Budapest Pride Festival 2022,Festival,Q1781,Budapest,2022-06-24,2022-07-24
fest_Q109530554,fest_Q109530554,Q109530554,tuseo,tuSeo,Festival,Q3844,Brazzaville,,
fest_Q109530554,fest_Q109530554,Q109530554,tuseo,tuSeo,Festival,Q3844,Brazzaville,,
fest_Q24969549,fest_Q24969549,Q24969549,the miracle of 1511,The Miracle of 1511,Festival,Q239,Brussels,,
fest_Q4958900,fest_Q4958900,Q4958900,brazilian presidential election debates 2010,"Brazilian presidential election debates, 2010",Festival,Q155,Brazil,,
fest_Q17995964,fest_Q17995964,Q17995964,prêmio contigo de tv,Prêmio Contigo! de TV,Festival,Q155,Brazil,,
fest_Q18476898,fest_Q18476898,Q18476898,comenda da paz chico xavier,Comenda da Paz Chico Xavier,Festival,Q155,Brazil,,
fest_Q8964906,fest_Q8964906,Q8964906,cinema brazil grand prize,Cinema Brazil Grand Prize,Festival,Q155,Brazil,2002-01-01,
fest_Q116821892,fest_Q116821892,Q116821892,budapest pride festival 2019,Budapest Pride Festival 2019,Festival,Q1781,Budapest,2019-06-07,2019-07-07
fest_Q18477812,fest_Q18477812,Q18477812,festival promessas 2013,Festival Promessas 2013,Festival,Q155,Brazil,,
fest_Q7300437,fest_Q7300437,Q7300437,readercon,Readercon,Festival,Q100,Boston,,
fest_Q116821894,fest_Q116821894,Q116821894,budapest pride festival 2021,Budapest Pride Festival 2021,Festival,Q1781,Budapest,2021-06-25,2021-07-25
fest_Q18464392,fest_Q18464392,Q18464392,chocofest,Chocofest,Festival,Q155,Brazil,,
fest_Q10281773,fest_Q10281773,Q10281773,iemanjá day,Iemanjá Day,Event,Q155,Brazil,,
fest_Q3028738,fest_Q3028738,Q3028738,libre graphics meeting,Libre Graphics Meeting,Festival,Q239,Brussels,,
fest_Q3028738,fest_Q3028738,Q3028738,libre graphics meeting,Libre Graphics Meeting,Festival,Q239,Brussels,,
fest_Q3028738,fest_Q3028738,Q3028738,libre graphics meeting,Libre Graphics Meeting,Festival,Q239,Brussels,,
fest_Q3028738,fest_Q3028738,Q3028738,libre graphics meeting,Libre Graphics Meeting,Festival,Q239,Brussels,,
fest_Q3028738,fest_Q3028738,Q3028738,libre graphics meeting,Libre Graphics Meeting,Festival,Q239,Brussels,,
fest_Q3028738,fest_Q3028738,Q3028738,libre graphics meeting,Libre Graphics Meeting,Festival,Q239,Brussels,,
fest_Q3028738,fest_Q3028738,Q3028738,libre graphics meeting,Libre Graphics Meeting,Festival,Q239,Brussels,,
fest_Q3028738,fest_Q3028738,Q3028738,libre graphics meeting,Libre Graphics Meeting,Festival,Q239,Brussels,,
fest_Q3028738,fest_Q3028738,Q3028738,libre graphics meeting,Libre Graphics Meeting,Festival,Q239,Brussels,,
fest_Q3028738,fest_Q3028738,Q3028738,libre graphics meeting,Libre Graphics Meeting,Festival,Q239,Brussels,,
fest_Q3028738,fest_Q3028738,Q3028738,libre graphics meeting,Libre Graphics Meeting,Festival,Q239,Brussels,,
fest_Q3028738,fest_Q3028738,Q3028738,libre graphics meeting,Libre Graphics Meeting,Festival,Q239,Brussels,,
fest_Q18467868,fest_Q18467868,Q18467868,romaria dos cavaleiros de santana,Romaria dos Cavaleiros de Santana,Festival,Q155,Brazil,,
fest_Q4904581,fest_Q4904581,Q4904581,biennial of illustration bratislava,Biennial of Illustration Bratislava,Festival,Q1780,Bratislava,,
fest_Q4904581,fest_Q4904581,Q4904581,biennial of illustration bratislava,Biennial of Illustration Bratislava,Festival,Q1780,Bratislava,,
fest_Q10281980,fest_Q10281980,Q10281980,manacapuru ciranda festival,Manacapuru Ciranda Festival,Festival,Q155,Brazil,,
fest_Q9006025,fest_Q9006025,Q9006025,metal open air,Metal Open Air,Festival,Q155,Brazil,,
fest_Q112615440,fest_Q112615440,Q112615440,anonycon,Anonycon,Festival,Q40435,Buffalo,,
fest_Q10335626,fest_Q10335626,Q10335626,natal fashion week,Natal Fashion Week,Festival,Q155,Brazil,,
fest_Q545584,fest_Q545584,Q545584,ignis brunensis,Ignis Brunensis,Festival,Q14960,Brno,,
fest_Q545584,fest_Q545584,Q545584,ignis brunensis,Ignis Brunensis,Festival,Q14960,Brno,,
fest_Q135840916,fest_Q135840916,Q135840916,lone walk,lone walk,Festival,Q100,Boston,,
fest_Q139603935,fest_Q139603935,Q139603935,nexus,Nexus,Festival,Q23154,Bristol,,
fest_Q84533874,fest_Q84533874,Q84533874,13th international circus festival of budapest,13th International Circus Festival of Budapest,Festival,Q1781,Budapest,,
fest_Q84533874,fest_Q84533874,Q84533874,13th international circus festival of budapest,13th International Circus Festival of Budapest,Festival,Q1781,Budapest,,
fest_Q9719362,fest_Q9719362,Q9719362,agricultural census of brazil,Agricultural Census of Brazil,Festival,Q155,Brazil,,
fest_Q101599202,fest_Q101599202,Q101599202,open house brno,Open House Brno,Festival,Q14960,Brno,,
fest_Q101599202,fest_Q101599202,Q101599202,open house brno,Open House Brno,Festival,Q14960,Brno,,
fest_Q10281956,fest_Q10281956,Q10281956,festival vale do café,Festival Vale do Café,Festival,Q155,Brazil,,
fest_Q16952930,fest_Q16952930,Q16952930,boston fashion week,Boston Fashion Week,Festival,Q100,Boston,,
fest_Q5347112,fest_Q5347112,Q5347112,eeriecon,EerieCon,Festival,Q40435,Buffalo,,
fest_Q9610154,fest_Q9610154,Q9610154,amazônia fashion week,Amazônia Fashion Week,Festival,Q155,Brazil,,
fest_Q3848622,fest_Q3848622,Q3848622,fórum internacional software livre,Fórum Internacional Software Livre,Festival,Q155,Brazil,2000-05-04,
fest_Q9660320,fest_Q9660320,Q9660320,boi bumbá campineiro,Boi Bumbá Campineiro,Festival,Q155,Brazil,,
fest_Q116821891,fest_Q116821891,Q116821891,budapest pride festival 2018,Budapest Pride Festival 2018,Festival,Q1781,Budapest,2018-06-08,2018-07-08
fest_Q1075347,fest_Q1075347,Q1075347,chlotrudis awards,Chlotrudis Awards,Festival,Q100,Boston,1995-01-01,
fest_Q5328323,fest_Q5328323,Q5328323,east european comic con,East European Comic Con,Festival,Q19660,Bucharest,,
fest_Q5328323,fest_Q5328323,Q5328323,east european comic con,East European Comic Con,Festival,Q19660,Bucharest,,
fest_Q18243472,fest_Q18243472,Q18243472,charme,Charme,Event,Q155,Brazil,,
fest_Q4947296,fest_Q4947296,Q4947296,boskone,Boskone,Festival,Q100,Boston,,
fest_Q3617564,fest_Q3617564,Q3617564,animefest,Animefest,Festival,Q14960,Brno,2004-01-01,
fest_Q3617564,fest_Q3617564,Q3617564,animefest,Animefest,Festival,Q14960,Brno,2004-01-01,
fest_Q10369872,fest_Q10369872,Q10369872,semana farroupilha,Semana Farroupilha,Event,Q155,Brazil,,
fest_Q10283236,fest_Q10283236,Q10283236,folia de reis,Folia de Reis,Festival,Q155,Brazil,,
fest_Q10281999,fest_Q10281999,Q10281999,festival de quadrilhas juninas do nordeste,Festival de Quadrilhas Juninas do Nordeste,Festival,Q155,Brazil,,
fest_Q6381503,fest_Q6381503,Q6381503,meus prêmios nick,Meus Prêmios Nick,Festival,Q155,Brazil,2000-01-01,2021-01-01
fest_Q16498285,fest_Q16498285,Q16498285,bienal de música brasileira contemporânea,Bienal de Música Brasileira Contemporânea,Festival,Q155,Brazil,,
fest_Q10281997,fest_Q10281997,Q10281997,festival de música de santa catarina,Festival de Música de Santa Catarina,Festival,Q155,Brazil,,
fest_Q45021690,fest_Q45021690,Q45021690,biennial of animation bratislava,Biennial of Animation Bratislava,Festival,Q1780,Bratislava,,
fest_Q45021690,fest_Q45021690,Q45021690,biennial of animation bratislava,Biennial of Animation Bratislava,Festival,Q1780,Bratislava,,
fest_Q10281801,fest_Q10281801,Q10281801,feast of the eternal father,Feast of the Eternal Father,Festival,Q155,Brazil,,
fest_Q8048120,fest_Q8048120,Q8048120,yamurikuma,Yamurikuma,Festival,Q155,Brazil,,
fest_Q130531831,fest_Q130531831,Q130531831,evenings of new music,Evenings of New Music,Festival,Q1780,Bratislava,,
fest_Q10282001,fest_Q10282001,Q10282001,festival de teatro de curitiba,Festival de Teatro de Curitiba,Festival,Q155,Brazil,,
fest_Q5445654,fest_Q5445654,Q5445654,festa do peão de boiadeiro,Festa do Peão de Boiadeiro,Festival,Q155,Brazil,,
fest_Q16829590,fest_Q16829590,Q16829590,dia dos namorados,Dia dos Namorados,Festival,Q155,Brazil,,
fest_Q65089389,fest_Q65089389,Q65089389,slapstick festival,Slapstick Festival,Festival,Q23154,Bristol,,
fest_Q10281732,fest_Q10281732,Q10281732,angra international theater party,Angra International Theater Party,Festival,Q155,Brazil,,
fest_Q10281793,fest_Q10281793,Q10281793,festa do bonfim,Festa do Bonfim,Festival,Q155,Brazil,,
fest_Q112080326,fest_Q112080326,Q112080326,bristol-con,Bristol-Con,Festival,Q23154,Bristol,,
fest_Q17995332,fest_Q17995332,Q17995332,liberdade street market,Liberdade street market,Festival,Q155,Brazil,,
fest_Q782793,fest_Q782793,Q782793,oti festival 1973,OTI Festival 1973,Festival,Q155,Brazil,,
fest_Q70751104,fest_Q70751104,Q70751104,festival koma,Festival KOMA,Festival,Q14960,Brno,2014-01-01,2024-01-01
fest_Q7211012,fest_Q7211012,Q7211012,baile da ilha fiscal,Baile da Ilha Fiscal,Event,Q155,Brazil,,
fest_Q10264164,fest_Q10264164,Q10264164,dança dos mascarados,Dança dos Mascarados,Festival,Q155,Brazil,,
fest_Q746947,fest_Q746947,Q746947,quarup,Quarup,Event,Q155,Brazil,,
fest_Q19708219,fest_Q19708219,Q19708219,festival promessas 2011,Festival Promessas 2011,Festival,Q155,Brazil,,
fest_Q4790906,fest_Q4790906,Q4790906,arisia,Arisia,Festival,Q100,Boston,,
fest_Q116821893,fest_Q116821893,Q116821893,budapest pride festival 2020,Budapest Pride Festival 2020,Festival,Q1781,Budapest,2020-08-14,2020-08-23
fest_Q55605278,fest_Q55605278,Q55605278,beton fest,Beton Fest,Festival,Q225,Bosnia and Herzegovina,,
fest_Q21020252,fest_Q21020252,Q21020252,fourth centennial of the city of são paulo,Fourth Centennial of the City of São Paulo,Festival,Q155,Brazil,1954-07-09,1954-07-11
fest_Q54864384,fest_Q54864384,Q54864384,iv centenário do descobrimento do brasil,IV Centenário do Descobrimento do Brasil,Event,Q155,Brazil,,
fest_Q138817866,fest_Q138817866,Q138817866,south summit brazil 2024,South Summit Brazil 2024,Festival,Q155,Brazil,2024-03-20,2024-03-22
fest_Q86740825,fest_Q86740825,Q86740825,lambe sujo,Lambe Sujo,Festival,Q155,Brazil,,
fest_Q138808532,fest_Q138808532,Q138808532,south summit brazil 2026,South Summit Brazil 2026,Festival,Q155,Brazil,2026-03-25,2026-03-27
fest_Q132652860,fest_Q132652860,Q132652860,todo mundo no rio,Todo Mundo no Rio,Festival,Q155,Brazil,,
fest_Q4875387,fest_Q4875387,Q4875387,baščaršija nights,Baščaršija Nights,Festival,Q225,Bosnia and Herzegovina,,
fest_Q30939126,fest_Q30939126,Q30939126,festividade de são sebastião,Festividade de São Sebastião,Event,Q155,Brazil,,
fest_Q61846485,fest_Q61846485,Q61846485,expozebu,ExpoZebu,Festival,Q155,Brazil,,
fest_Q62595089,fest_Q62595089,Q62595089,cryptorave,CryptoRave,Festival,Q155,Brazil,,
fest_Q56351611,fest_Q56351611,Q56351611,brazilian presidential election debates 2018,"Brazilian presidential election debates, 2018",Festival,Q155,Brazil,,
fest_Q42387577,fest_Q42387577,Q42387577,festival contato,Festival Contato,Festival,Q155,Brazil,,
fest_Q138818063,fest_Q138818063,Q138818063,south summit brazil 2023,South Summit Brazil 2023,Festival,Q155,Brazil,2023-03-29,2023-03-31
fest_Q114866361,fest_Q114866361,Q114866361,lgbt pride in salvador bahia,"LGBT pride in Salvador, Bahia",Festival,Q155,Brazil,,
fest_Q7422993,fest_Q7422993,Q7422993,sarajevo winter festival,Sarajevo Winter Festival,Festival,Q225,Bosnia and Herzegovina,,
fest_Q133805362,fest_Q133805362,Q133805362,2023 school census,2023 School Census,Festival,Q155,Brazil,,
fest_Q61791944,fest_Q61791944,Q61791944,wikidata lab,Wikidata Lab,Festival,Q155,Brazil,,
fest_Q16115980,fest_Q16115980,Q16115980,mladifest,Mladifest,Festival,Q225,Bosnia and Herzegovina,,
fest_Q55632569,fest_Q55632569,Q55632569,sarajevo street art festival,Sarajevo Street Art Festival,Festival,Q225,Bosnia and Herzegovina,,
fest_Q114347478,fest_Q114347478,Q114347478,glitchartbr,glitch.art.br,Festival,Q155,Brazil,,
fest_Q55075152,fest_Q55075152,Q55075152,pop art festival,Pop Art Festival,Festival,Q225,Bosnia and Herzegovina,,
fest_Q7295277,fest_Q7295277,Q7295277,rastok,Rastok,Festival,Q225,Bosnia and Herzegovina,,
fest_Q111738409,fest_Q111738409,Q111738409,festa das neves,Festa das Neves,Festival,Q155,Brazil,,
fest_Q105979888,fest_Q105979888,Q105979888,wikiconvida,WikiConvida,Festival,Q155,Brazil,,
fest_Q107285736,fest_Q107285736,Q107285736,census in brunei,census in Brunei,Festival,Q921,Brunei,,
fest_Q138797787,fest_Q138797787,Q138797787,interform,Interform,Festival,Q155,Brazil,,
fest_Q90052538,fest_Q90052538,Q90052538,campanha da fraternidade 1973,Campanha da Fraternidade 1973,Festival,Q155,Brazil,,
fest_Q128108280,fest_Q128108280,Q128108280,noites do terror,Noites do Terror,Festival,Q155,Brazil,,
fest_Q106188930,fest_Q106188930,Q106188930,arab community day in brazil,Arab Community Day in Brazil,Festival,Q155,Brazil,,
fest_Q48878067,fest_Q48878067,Q48878067,ufsctock,UFSCtock,Festival,Q155,Brazil,,
fest_Q55630076,fest_Q55630076,Q55630076,pitchwise festival,PitchWise Festival,Festival,Q225,Bosnia and Herzegovina,,
fest_Q124466550,fest_Q124466550,Q124466550,anime summit,Anime Summit,Festival,Q155,Brazil,,
fest_Q55637261,fest_Q55637261,Q55637261,warm festival,WARM Festival,Festival,Q225,Bosnia and Herzegovina,,
fest_Q125465900,fest_Q125465900,Q125465900,festa de são benedito cuiabá,Festa de São Benedito (Cuiabá),Festival,Q155,Brazil,,
fest_Q63803041,fest_Q63803041,Q63803041,festa do trabalhador,Festa do Trabalhador,Event,Q155,Brazil,,
fest_Q28679584,fest_Q28679584,Q28679584,brazilian presidential election debates 2014,"Brazilian presidential election debates, 2014",Festival,Q155,Brazil,,
fest_Q115626612,fest_Q115626612,Q115626612,lavagem da esquina do padre,Lavagem da Esquina do Padre,Event,Q155,Brazil,1988-02-06,
fest_Q138820727,fest_Q138820727,Q138820727,wikipedia 25 party,Wikipedia 25 Party,Event,Q239,Brussels,,
fest_Q125395092,fest_Q125395092,Q125395092,wikicon brasil 2025,WikiCon Brasil 2025,Festival,Q155,Brazil,2025-07-19,2025-07-20
fest_Q105730568,fest_Q105730568,Q105730568,wiki loves monuments in brazil,Wiki Loves Monuments in Brazil,Festival,Q155,Brazil,,
fest_Q110685305,fest_Q110685305,Q110685305,ceremony of presentation of credential letters from foreign ambassadors to jair bolsonaro february 2021,"Ceremony of presentation of credential letters from Foreign Ambassadors to Jair Bolsonaro, February 2021",Event,Q155,Brazil,,
fest_Q123692553,fest_Q123692553,Q123692553,romaria da penha,Romaria da Penha,Festival,Q155,Brazil,,
fest_Q55614515,fest_Q55614515,Q55614515,interdance fest,InterDance Fest,Festival,Q225,Bosnia and Herzegovina,,
fest_Q55630247,fest_Q55630247,Q55630247,pop-up sarajevo,Pop-Up! Sarajevo,Festival,Q225,Bosnia and Herzegovina,,
fest_Q138809030,fest_Q138809030,Q138809030,south summit brazil 2025,South Summit Brazil 2025,Festival,Q155,Brazil,2025-04-09,2025-04-11
fest_Q108262539,fest_Q108262539,Q108262539,tudum festival,Tudum Festival,Festival,Q155,Brazil,,
fest_Q115048266,fest_Q115048266,Q115048266,brazilian presidential election debates 2022,"Brazilian presidential election debates, 2022",Festival,Q155,Brazil,,
fest_Q55607852,fest_Q55607852,Q55607852,coffee fest sarajevo,Coffee Fest Sarajevo,Festival,Q225,Bosnia and Herzegovina,,
fest_Q66315607,fest_Q66315607,Q66315607,desfile de afoxés,Desfile de Afoxés,Festival,Q155,Brazil,,
fest_Q126959025,fest_Q126959025,Q126959025,wiki loves earth brazil 2024,Wiki Loves Earth Brazil 2024,Festival,Q155,Brazil,,
fest_Q26265418,fest_Q26265418,Q26265418,wiki loves the olympics,Wiki Loves the Olympics,Festival,Q155,Brazil,,
fest_Q26265418,fest_Q26265418,Q26265418,wiki loves the olympics,Wiki Loves the Olympics,Festival,Q155,Brazil,,
fest_Q138808531,fest_Q138808531,Q138808531,south summit brazil,South Summit Brazil,Festival,Q155,Brazil,,
fest_Q106559996,fest_Q106559996,Q106559996,conexão vivo belo horizonte,Conexão Vivo Belo Horizonte,Festival,Q155,Brazil,,
fest_Q42402171,fest_Q42402171,Q42402171,mess international theater festival,MESS: International Theater Festival,Festival,Q225,Bosnia and Herzegovina,,
fest_Q61000339,fest_Q61000339,Q61000339,primavera dos museus,Primavera dos Museus,Festival,Q155,Brazil,,
fest_Q28677197,fest_Q28677197,Q28677197,festival latinidades,Festival Latinidades,Festival,Q155,Brazil,,
fest_Q112225305,fest_Q112225305,Q112225305,festa de são benedito,Festa de São Benedito,Festival,Q155,Brazil,,
fest_Q138818254,fest_Q138818254,Q138818254,south summit brazil 2022,South Summit Brazil 2022,Festival,Q155,Brazil,2022-05-04,2022-05-06
fest_Q25419802,fest_Q25419802,Q25419802,caminhada noturna,Caminhada Noturna,Festival,Q155,Brazil,,
fest_Q86738652,fest_Q86738652,Q86738652,festival mix brasil de cultura da diversidade,Festival Mix Brasil de Cultura da Diversidade,Festival,Q155,Brazil,,
fest_Q108121534,fest_Q108121534,Q108121534,cowboy party of curaçá,Cowboy Party of Curaçá,Event,Q155,Brazil,,
fest_Q30540488,fest_Q30540488,Q30540488,obra,O.bra,Festival,Q155,Brazil,,
fest_Q13090411,fest_Q13090411,Q13090411,sarajevo fashion week,Sarajevo Fashion Week,Festival,Q225,Bosnia and Herzegovina,,
fest_Q113552637,fest_Q113552637,Q113552637,festa das cerejeiras do parque do carmo,Festa Das Cerejeiras do Parque do Carmo,Festival,Q155,Brazil,,
fest_Q55633713,fest_Q55633713,Q55633713,spiritus progenitum,Spiritus Progenitum,Festival,Q225,Bosnia and Herzegovina,,
fest_Q65129637,fest_Q65129637,Q65129637,slovo gorčina,Slovo Gorčina,Festival,Q225,Bosnia and Herzegovina,,
fest_Q55614320,fest_Q55614320,Q55614320,ilidža international children's folklore festival,Ilidža International Children's Folklore Festival,Festival,Q225,Bosnia and Herzegovina,,
fest_Q63746744,fest_Q63746744,Q63746744,unicamp de portas abertas,Unicamp de Portas Abertas,Festival,Q155,Brazil,,
fest_Q114444726,fest_Q114444726,Q114444726,2023 viña del mar international song festival,2023 Viña del Mar International Song Festival,Festival,Q298,Chile,,
fest_Q19059464,fest_Q19059464,Q19059464,concoction,ConCoction,Festival,Q37320,Cleveland,,
fest_Q6843456,fest_Q6843456,Q6843456,midwestcon,Midwestcon,Festival,Q43196,Cincinnati,,
fest_Q9081812,fest_Q9081812,Q9081812,tapati,Tapati,Festival,Q298,Chile,,
fest_Q3744009,fest_Q3744009,Q3744009,1961 viña del mar international song festival,1961 Viña del Mar International Song Festival,Festival,Q298,Chile,,
fest_Q11687544,fest_Q11687544,Q11687544,2009 viña del mar international song festival,2009 Viña del Mar International Song Festival,Festival,Q298,Chile,,
fest_Q7687705,fest_Q7687705,Q7687705,taste of polonia,Taste of Polonia,Festival,Q1297,Chicago,,
fest_Q116222290,fest_Q116222290,Q116222290,las condes festival 2023,Las Condes Festival 2023,Festival,Q298,Chile,,
fest_Q6168894,fest_Q6168894,Q6168894,1974 viña del mar international song festival,1974 Viña del Mar International Song Festival,Festival,Q298,Chile,,
fest_Q6757771,fest_Q6757771,Q6757771,marcon,Marcon,Festival,Q16567,Columbus,,
fest_Q19328355,fest_Q19328355,Q19328355,festival dichato vive 2015,Festival Dichato Vive 2015,Festival,Q298,Chile,,
fest_Q5404784,fest_Q5404784,Q5404784,1976 viña del mar international song festival,1976 Viña del Mar International Song Festival,Festival,Q298,Chile,,
fest_Q114964373,fest_Q114964373,Q114964373,chile architecture biennial,Chile Architecture Biennial,Festival,Q298,Chile,,
fest_Q9096441,fest_Q9096441,Q9096441,1997 viña del mar international song festival,1997 Viña del Mar International Song Festival,Festival,Q298,Chile,1997-02-13,
fest_Q124102008,fest_Q124102008,Q124102008,golden panda awards,Golden Panda Awards,Festival,Q30002,Chengdu,,
fest_Q124102008,fest_Q124102008,Q124102008,golden panda awards,Golden Panda Awards,Festival,Q30002,Chengdu,,
fest_Q8024867,fest_Q8024867,Q8024867,windycon,Windycon,Festival,Q1297,Chicago,,
fest_Q6168749,fest_Q6168749,Q6168749,1972 viña del mar international song festival,1972 Viña del Mar International Song Festival,Festival,Q298,Chile,,
fest_Q60850003,fest_Q60850003,Q60850003,j awards,J Awards,Event,Q3733,Conakry,,
fest_Q60850003,fest_Q60850003,Q60850003,j awards,J Awards,Event,Q3733,Conakry,,
fest_Q2259748,fest_Q2259748,Q2259748,oti festival 1978,OTI Festival 1978,Festival,Q298,Chile,,
fest_Q1023986,fest_Q1023986,Q1023986,colour cologne,COLOUR Cologne,Festival,Q365,Cologne,,
fest_Q6168759,fest_Q6168759,Q6168759,1971 viña del mar international song festival,1971 Viña del Mar International Song Festival,Festival,Q298,Chile,,
fest_Q106957967,fest_Q106957967,Q106957967,edimotion festival for the art of film editing cologne,Edimotion – Festival for the Art of Film Editing Cologne,Festival,Q365,Cologne,,
fest_Q4802690,fest_Q4802690,Q4802690,1981 viña del mar international song festival,1981 Viña del Mar International Song Festival,Festival,Q298,Chile,1981-02-18,1981-02-23
fest_Q4802683,fest_Q4802683,Q4802683,1982 viña del mar international song festival,1982 Viña del Mar International Song Festival,Festival,Q298,Chile,1982-02-17,1982-02-22
fest_Q16142280,fest_Q16142280,Q16142280,2015 viña del mar international song festival,2015 Viña del Mar International Song Festival,Festival,Q298,Chile,2015-02-22,2015-02-27
fest_Q20016913,fest_Q20016913,Q20016913,1963 viña del mar international song festival,1963 Viña del Mar International Song Festival,Festival,Q298,Chile,,
fest_Q3744008,fest_Q3744008,Q3744008,1960 viña del mar international song festival,1960 Viña del Mar International Song Festival,Festival,Q298,Chile,1960-02-21,1960-02-28
fest_Q7057560,fest_Q7057560,Q7057560,northalsted market days,Northalsted Market Days,Festival,Q1297,Chicago,,
fest_Q6059351,fest_Q6059351,Q6059351,pampilla festival,Pampilla Festival,Festival,Q298,Chile,,
fest_Q20016917,fest_Q20016917,Q20016917,1968 viña del mar international song festival,1968 Viña del Mar International Song Festival,Festival,Q298,Chile,,
fest_Q6168821,fest_Q6168821,Q6168821,2004 viña del mar international song festival,2004 Viña del Mar International Song Festival,Festival,Q298,Chile,2004-02-18,2004-02-23
fest_Q6168916,fest_Q6168916,Q6168916,1988 viña del mar international song festival,1988 Viña del Mar International Song Festival,Festival,Q298,Chile,,
fest_Q51842888,fest_Q51842888,Q51842888,2019 viña del mar international song festival,2019 Viña del Mar International Song Festival,Festival,Q298,Chile,2019-02-24,2019-03-01
fest_Q6168769,fest_Q6168769,Q6168769,1973 viña del mar international song festival,1973 Viña del Mar International Song Festival,Festival,Q298,Chile,,
fest_Q5157900,fest_Q5157900,Q5157900,concarolinas,ConCarolinas,Festival,Q16565,Charlotte,,
fest_Q55610059,fest_Q55610059,Q55610059,duckon,DucKon,Festival,Q1297,Chicago,,
fest_Q24435796,fest_Q24435796,Q24435796,open house chicago,Open House Chicago,Festival,Q1297,Chicago,,
fest_Q6168927,fest_Q6168927,Q6168927,1987 viña del mar international song festival,1987 Viña del Mar International Song Festival,Festival,Q298,Chile,,
fest_Q4618793,fest_Q4618793,Q4618793,2010 viña del mar international song festival,2010 Viña del Mar International Song Festival,Festival,Q298,Chile,2010-02-22,2010-02-27
fest_Q6168930,fest_Q6168930,Q6168930,1986 viña del mar international song festival,1986 Viña del Mar International Song Festival,Festival,Q298,Chile,,
fest_Q110103890,fest_Q110103890,Q110103890,festival rec,Festival REC,Festival,Q298,Chile,,
fest_Q15477144,fest_Q15477144,Q15477144,festival viva dichato,Festival Viva Dichato,Festival,Q298,Chile,,
fest_Q4168006,fest_Q4168006,Q4168006,festival dichato vive 2013,Festival Dichato Vive 2013,Festival,Q298,Chile,2013-02-02,2013-02-23
fest_Q15043434,fest_Q15043434,Q15043434,2014 viña del mar international song festival,2014 Viña del Mar International Song Festival,Festival,Q298,Chile,,
fest_Q5858775,fest_Q5858775,Q5858775,santiago international book fair,Santiago International Book Fair,Festival,Q298,Chile,,
fest_Q4167984,fest_Q4167984,Q4167984,festival dichato vive 2012,Festival Dichato Vive 2012,Festival,Q298,Chile,,
fest_Q28501465,fest_Q28501465,Q28501465,2017 viña del mar international song festival,2017 Viña del Mar International Song Festival,Festival,Q298,Chile,,
fest_Q6168790,fest_Q6168790,Q6168790,1970 viña del mar international song festival,1970 Viña del Mar International Song Festival,Festival,Q298,Chile,,
fest_Q6168936,fest_Q6168936,Q6168936,1985 viña del mar international song festival,1985 Viña del Mar International Song Festival,Festival,Q298,Chile,,
fest_Q123034336,fest_Q123034336,Q123034336,2024 viña del mar international song festival,2024 Viña del Mar International Song Festival,Festival,Q298,Chile,,
fest_Q5861340,fest_Q5861340,Q5861340,festival del huaso de olmué,Festival del Huaso de Olmué,Festival,Q298,Chile,,
fest_Q6168940,fest_Q6168940,Q6168940,1984 viña del mar international song festival,1984 Viña del Mar International Song Festival,Festival,Q298,Chile,,
fest_Q67131205,fest_Q67131205,Q67131205,2020 viña del mar international song festival,2020 Viña del Mar International Song Festival,Festival,Q298,Chile,2020-02-23,2020-02-28
fest_Q14686742,fest_Q14686742,Q14686742,nerdacon,NerdaCon,Festival,Q16567,Columbus,,
fest_Q81709125,fest_Q81709125,Q81709125,festival de autores de santiago,Festival de Autores de Santiago,Festival,Q298,Chile,2018-10-01,
fest_Q81709125,fest_Q81709125,Q81709125,festival de autores de santiago,Festival de Autores de Santiago,Festival,Q298,Chile,2018-10-01,
fest_Q6168799,fest_Q6168799,Q6168799,2001 viña del mar international song festival,2001 Viña del Mar International Song Festival,Festival,Q298,Chile,,
fest_Q6168796,fest_Q6168796,Q6168796,2002 viña del mar international song festival,2002 Viña del Mar International Song Festival,Festival,Q298,Chile,,
fest_Q6168948,fest_Q6168948,Q6168948,1992 viña del mar international song festival,1992 Viña del Mar International Song Festival,Festival,Q298,Chile,,
fest_Q20019058,fest_Q20019058,Q20019058,1964 viña del mar international song festival,1964 Viña del Mar International Song Festival,Festival,Q298,Chile,,
fest_Q7679967,fest_Q7679967,Q7679967,tall stacks,Tall Stacks,Festival,Q43196,Cincinnati,,
fest_Q6168953,fest_Q6168953,Q6168953,1991 viña del mar international song festival,1991 Viña del Mar International Song Festival,Festival,Q298,Chile,,
fest_Q5815860,fest_Q5815860,Q5815860,día del patrimonio,Día del Patrimonio,Festival,Q298,Chile,,
fest_Q6168958,fest_Q6168958,Q6168958,1993 viña del mar international song festival,1993 Viña del Mar International Song Festival,Festival,Q298,Chile,,
fest_Q6168807,fest_Q6168807,Q6168807,2008 viña del mar international song festival,2008 Viña del Mar International Song Festival,Festival,Q298,Chile,,
fest_Q6168804,fest_Q6168804,Q6168804,2003 viña del mar international song festival,2003 Viña del Mar International Song Festival,Festival,Q298,Chile,,
fest_Q20019061,fest_Q20019061,Q20019061,1965 viña del mar international song festival,1965 Viña del Mar International Song Festival,Festival,Q298,Chile,,
fest_Q134361417,fest_Q134361417,Q134361417,century of negro progress exhibition,Century of Negro Progress Exhibition,Festival,Q1297,Chicago,1963-08-16,1963-09-02
fest_Q6168811,fest_Q6168811,Q6168811,2000 viña del mar international song festival,2000 Viña del Mar International Song Festival,Festival,Q298,Chile,,
fest_Q139603246,fest_Q139603246,Q139603246,open christchurch,Open Christchurch,Festival,Q79990,Christchurch,,
fest_Q139603246,fest_Q139603246,Q139603246,open christchurch,Open Christchurch,Festival,Q79990,Christchurch,,
fest_Q33111556,fest_Q33111556,Q33111556,2018 viña del mar international song festival,2018 Viña del Mar International Song Festival,Festival,Q298,Chile,,2018-02-25
fest_Q20019064,fest_Q20019064,Q20019064,1966 viña del mar international song festival,1966 Viña del Mar International Song Festival,Festival,Q298,Chile,,
fest_Q15519773,fest_Q15519773,Q15519773,festival dichato vive 2014,Festival Dichato Vive 2014,Festival,Q298,Chile,2014-02-01,2014-02-22
fest_Q20019065,fest_Q20019065,Q20019065,1967 viña del mar international song festival,1967 Viña del Mar International Song Festival,Festival,Q298,Chile,,
fest_Q6168814,fest_Q6168814,Q6168814,2007 viña del mar international song festival,2007 Viña del Mar International Song Festival,Festival,Q298,Chile,,
fest_Q5659100,fest_Q5659100,Q5659100,1980 viña del mar international song festival,1980 Viña del Mar International Song Festival,Festival,Q298,Chile,,
fest_Q6168819,fest_Q6168819,Q6168819,2005 viña del mar international song festival,2005 Viña del Mar International Song Festival,Festival,Q298,Chile,,
fest_Q6168817,fest_Q6168817,Q6168817,2006 viña del mar international song festival,2006 Viña del Mar International Song Festival,Festival,Q298,Chile,,
fest_Q107359695,fest_Q107359695,Q107359695,chicago is a drag festival,Chicago Is a Drag Festival,Festival,Q1297,Chicago,,
fest_Q108551189,fest_Q108551189,Q108551189,national half century exposition and lincoln jubilee,National Half Century Exposition and Lincoln Jubilee,Festival,Q1297,Chicago,1915-08-22,1915-09-16
fest_Q136481281,fest_Q136481281,Q136481281,festa,FESTA,Festival,Q79990,Christchurch,,
fest_Q136481281,fest_Q136481281,Q136481281,festa,FESTA,Festival,Q79990,Christchurch,,
fest_Q125491365,fest_Q125491365,Q125491365,chaco,Ch.ACO,Festival,Q298,Chile,,
fest_Q125491365,fest_Q125491365,Q125491365,chaco,Ch.ACO,Festival,Q298,Chile,,
fest_Q111282776,fest_Q111282776,Q111282776,festival international des textiles extra ordinaires,Festival International des Textiles Extra ordinaires,Festival,Q42168,Clermont-Ferrand,,
fest_Q22080139,fest_Q22080139,Q22080139,vijay television awards,Vijay Television Awards,Festival,Q1352,Chennai,,
fest_Q22080139,fest_Q22080139,Q22080139,vijay television awards,Vijay Television Awards,Festival,Q1352,Chennai,,
fest_Q3115407,fest_Q3115407,Q3115407,grant park music festival,Grant Park Music Festival,Festival,Q1297,Chicago,,
fest_Q6168984,fest_Q6168984,Q6168984,1996 viña del mar international song festival,1996 Viña del Mar International Song Festival,Festival,Q298,Chile,,
fest_Q5095554,fest_Q5095554,Q5095554,chicago comic entertainment expo,Chicago Comic & Entertainment Expo,Festival,Q1297,Chicago,,
fest_Q6168990,fest_Q6168990,Q6168990,1995 viña del mar international song festival,1995 Viña del Mar International Song Festival,Festival,Q298,Chile,,
fest_Q4473910,fest_Q4473910,Q4473910,2011 viña del mar international song festival,2011 Viña del Mar International Song Festival,Festival,Q298,Chile,2011-02-21,2011-02-26
fest_Q6168993,fest_Q6168993,Q6168993,1994 viña del mar international song festival,1994 Viña del Mar International Song Festival,Festival,Q298,Chile,,
fest_Q5861105,fest_Q5861105,Q5861105,festival primavera fauna,Festival Primavera Fauna,Festival,Q298,Chile,,
fest_Q5036248,fest_Q5036248,Q5036248,capricon,Capricon,Festival,Q1297,Chicago,,
fest_Q6168828,fest_Q6168828,Q6168828,1999 viña del pico international song festival,1999 Viña del pico International Song Festival,Festival,Q298,Chile,,
fest_Q5576680,fest_Q5576680,Q5576680,1990 viña del mar international song festival,1990 Viña del Mar International Song Festival,Festival,Q298,Chile,,
fest_Q6168997,fest_Q6168997,Q6168997,1989 viña del mar international song festival,1989 Viña del Mar International Song Festival,Festival,Q298,Chile,,
fest_Q11092978,fest_Q11092978,Q11092978,1998 viña del mar international song festival,1998 Viña del Mar International Song Festival,Festival,Q298,Chile,,
fest_Q131347051,fest_Q131347051,Q131347051,gerewol festival,Gerewol Festival,Festival,Q657,Chad,,
fest_Q21002516,fest_Q21002516,Q21002516,2016 viña del mar international song festival,2016 Viña del Mar International Song Festival,Festival,Q298,Chile,,
fest_Q9096417,fest_Q9096417,Q9096417,1978 viña del mar international song festival,1978 Viña del Mar International Song Festival,Festival,Q298,Chile,,
fest_Q108764273,fest_Q108764273,Q108764273,wiki loves monuments in chile,Wiki Loves Monuments in Chile,Festival,Q298,Chile,,
fest_Q115942710,fest_Q115942710,Q115942710,prix hadiatou sow du journalisme,Prix Hadiatou Sow du journalisme,Event,Q3733,Conakry,,
fest_Q115942710,fest_Q115942710,Q115942710,prix hadiatou sow du journalisme,Prix Hadiatou Sow du journalisme,Event,Q3733,Conakry,,
fest_Q106632483,fest_Q106632483,Q106632483,conakry capital mondial du livre,Conakry capital mondial du livre,Festival,Q3733,Conakry,2017-04-23,2018-04-22
fest_Q106632483,fest_Q106632483,Q106632483,conakry capital mondial du livre,Conakry capital mondial du livre,Festival,Q3733,Conakry,2017-04-23,2018-04-22
fest_Q20019074,fest_Q20019074,Q20019074,1969 viña del mar international song festival,1969 Viña del Mar International Song Festival,Festival,Q298,Chile,,1969-01-28
fest_Q6169012,fest_Q6169012,Q6169012,1979 viña del mar international song festival,1979 Viña del Mar International Song Festival,Festival,Q298,Chile,,
fest_Q6374325,fest_Q6374325,Q6374325,2013 viña del mar international song festival,2013 Viña del Mar International Song Festival,Festival,Q298,Chile,,
fest_Q6168865,fest_Q6168865,Q6168865,1977 viña del mar international song festival,1977 Viña del Mar International Song Festival,Festival,Q298,Chile,,
fest_Q4199911,fest_Q4199911,Q4199911,ilmensky festival,Ilmensky festival,Festival,Q906,Chelyabinsk,,
fest_Q4199911,fest_Q4199911,Q4199911,ilmensky festival,Ilmensky festival,Festival,Q906,Chelyabinsk,,
fest_Q7144161,fest_Q7144161,Q7144161,patagonian international marathon,Patagonian International Marathon,Festival,Q298,Chile,,
fest_Q6356511,fest_Q6356511,Q6356511,1983 viña del mar international song festival,1983 Viña del Mar International Song Festival,Festival,Q298,Chile,,
fest_Q20016878,fest_Q20016878,Q20016878,1962 viña del mar international song festival,1962 Viña del Mar International Song Festival,Festival,Q298,Chile,,
fest_Q4473919,fest_Q4473919,Q4473919,2012 viña del mar international song festival,2012 Viña del Mar International Song Festival,Festival,Q298,Chile,,
fest_Q6168882,fest_Q6168882,Q6168882,1975 viña del mar international song festival,1975 Viña del Mar International Song Festival,Festival,Q298,Chile,,
fest_Q5270148,fest_Q5270148,Q5270148,fiesta de la tirana,fiesta de la tirana,Festival,Q298,Chile,,
fest_Q54912534,fest_Q54912534,Q54912534,festival internacional de teatro santiago a mil,Festival Internacional De Teatro Santiago A Mil,Festival,Q298,Chile,,
fest_Q139823010,fest_Q139823010,Q139823010,kodomma,Kodomma,Festival,Q657,Chad,,
fest_Q139823010,fest_Q139823010,Q139823010,kodomma,Kodomma,Festival,Q657,Chad,,
fest_Q126184062,fest_Q126184062,Q126184062,la furia del libro,La Furia del Libro,Festival,Q298,Chile,,
fest_Q108326238,fest_Q108326238,Q108326238,wiki loves monuments in colombia,Wiki Loves Monuments in Colombia,Festival,Q739,Colombia,,
fest_Q16976237,fest_Q16976237,Q16976237,louder than a bomb,Louder Than a Bomb,Festival,Q1297,Chicago,2001-01-01,
fest_Q135317660,fest_Q135317660,Q135317660,encuentro colombiano de combinatoria ecco,Encuentro Colombiano de Combinatoria (ECCO),Festival,Q739,Colombia,,
fest_Q16567572,fest_Q16567572,Q16567572,world day of laziness,World Day of Laziness,Festival,Q739,Colombia,,
fest_Q130449694,fest_Q130449694,Q130449694,vi bienal latinoamericana de arquitectura de paisaje,VI Bienal Latinoamericana de Arquitectura de Paisaje,Festival,Q739,Colombia,2024-10-16,2024-10-17
fest_Q130449694,fest_Q130449694,Q130449694,vi bienal latinoamericana de arquitectura de paisaje,VI Bienal Latinoamericana de Arquitectura de Paisaje,Festival,Q739,Colombia,2024-10-16,2024-10-17
fest_Q5421470,fest_Q5421470,Q5421470,expoasoinducals,ExpoAsoinducals,Festival,Q739,Colombia,2008-01-01,
fest_Q137033966,fest_Q137033966,Q137033966,vallenato legend festival 1968,Vallenato Legend Festival 1968,Festival,Q739,Colombia,1968-04-27,1968-04-30
fest_Q6050049,fest_Q6050049,Q6050049,boyacá international cultural festival,Boyacá International Cultural Festival,Festival,Q739,Colombia,,
fest_Q580654,fest_Q580654,Q580654,festival of the flowers,Festival of the Flowers,Festival,Q739,Colombia,,
fest_Q580654,fest_Q580654,Q580654,festival of the flowers,Festival of the Flowers,Festival,Q739,Colombia,,
fest_Q6135496,fest_Q6135496,Q6135496,summerland,Summerland,Festival,Q739,Colombia,,
fest_Q126957591,fest_Q126957591,Q126957591,2025 viña del mar international song festival,2025 Viña del Mar International Song Festival,Festival,Q298,Chile,,
fest_Q3694370,fest_Q3694370,Q3694370,corraleja,Corraleja,Festival,Q739,Colombia,,
fest_Q133284716,fest_Q133284716,Q133284716,2026 viña del mar international song festival,2026 Viña del Mar International Song Festival,Festival,Q298,Chile,,
fest_Q131227847,fest_Q131227847,Q131227847,handwoven festival,Handwoven Festival,Festival,Q739,Colombia,,
fest_Q6051033,fest_Q6051033,Q6051033,international image festival,International Image Festival,Festival,Q739,Colombia,,
fest_Q7318795,fest_Q7318795,Q7318795,revolutionary independent labour movement,Revolutionary Independent Labour Movement,Event,Q739,Colombia,,
fest_Q5445813,fest_Q5445813,Q5445813,festival of the laurels,Festival of the Laurels,Festival,Q739,Colombia,,
fest_Q5861134,fest_Q5861134,Q5861134,festival de ancón,Festival de Ancón,Festival,Q739,Colombia,,
fest_Q5445820,fest_Q5445820,Q5445820,festival y reinado nacional del carbón,Festival y Reinado Nacional del Carbón,Festival,Q739,Colombia,,
fest_Q5180480,fest_Q5180480,Q5180480,cradle of accordions festival,Cradle of Accordions Festival,Festival,Q739,Colombia,,
fest_Q2613047,fest_Q2613047,Q2613047,eurovision young musicians 1986,Eurovision Young Musicians 1986,Festival,Q35,Denmark,,1986-05-27
fest_Q124539982,fest_Q124539982,Q124539982,copenhagen light festival,Copenhagen Light Festival,Festival,Q35,Denmark,,
fest_Q124539982,fest_Q124539982,Q124539982,copenhagen light festival,Copenhagen Light Festival,Festival,Q35,Denmark,,
fest_Q7857911,fest_Q7857911,Q7857911,twicon,Twicon,Festival,Q16557,Dallas,,
fest_Q12333811,fest_Q12333811,Q12333811,roskilde festival 2003,Roskilde Festival 2003,Festival,Q35,Denmark,2003-06-26,2003-07-03
fest_Q66588073,fest_Q66588073,Q66588073,literaturexchange,LiteratureXchange,Festival,Q35,Denmark,,
fest_Q110217976,fest_Q110217976,Q110217976,enter art fair,Enter Art Fair,Festival,Q35,Denmark,,
fest_Q108816208,fest_Q108816208,Q108816208,roskilde festival 2016,Roskilde Festival 2016,Festival,Q35,Denmark,2016-06-25,2016-07-03
fest_Q7369009,fest_Q7369009,Q7369009,roskilde festival 2009,Roskilde Festival 2009,Festival,Q35,Denmark,2009-07-02,2009-07-05
fest_Q108816702,fest_Q108816702,Q108816702,roskilde festival 1994,Roskilde Festival 1994,Festival,Q35,Denmark,1994-06-30,1994-07-03
fest_Q10459001,fest_Q10459001,Q10459001,copenhagen irish festival,Copenhagen Irish Festival,Festival,Q1748,Copenhagen,,
fest_Q10459001,fest_Q10459001,Q10459001,copenhagen irish festival,Copenhagen Irish Festival,Festival,Q1748,Copenhagen,,
fest_Q258417,fest_Q258417,Q258417,aarhus festuge,Aarhus Festuge,Festival,Q35,Denmark,,
fest_Q21065149,fest_Q21065149,Q21065149,dansk melodi grand prix 2016,Dansk Melodi Grand Prix 2016,Festival,Q35,Denmark,,2016-02-13
fest_Q25038242,fest_Q25038242,Q25038242,moesgård viking moot,Moesgård Viking Moot,Festival,Q35,Denmark,,
fest_Q21762313,fest_Q21762313,Q21762313,danmarks hurtigste bil,Danmarks Hurtigste Bil,Festival,Q35,Denmark,,
fest_Q12322858,fest_Q12322858,Q12322858,krimimessen,Krimimessen,Festival,Q35,Denmark,,
fest_Q12333805,fest_Q12333805,Q12333805,roskilde festival 1978,Roskilde Festival 1978,Festival,Q35,Denmark,1978-06-30,1978-07-02
fest_Q111442284,fest_Q111442284,Q111442284,myths and legends,Myths and Legends,Festival,Q16554,Denver,,
fest_Q57408666,fest_Q57408666,Q57408666,dansk melodi grand prix 2019,Dansk Melodi Grand Prix 2019,Festival,Q35,Denmark,,
fest_Q12333808,fest_Q12333808,Q12333808,roskilde festival 2000,Roskilde Festival 2000,Festival,Q35,Denmark,2000-06-29,2000-07-02
fest_Q109554261,fest_Q109554261,Q109554261,roskilde festival 2022,Roskilde Festival 2022,Festival,Q35,Denmark,2022-06-25,2022-07-02
fest_Q12333807,fest_Q12333807,Q12333807,roskilde festival 1980,Roskilde Festival 1980,Festival,Q35,Denmark,1980-06-27,1980-06-29
fest_Q16324383,fest_Q16324383,Q16324383,roskilde festival 1982,Roskilde Festival 1982,Festival,Q35,Denmark,1982-07-02,1982-07-04
fest_Q12333810,fest_Q12333810,Q12333810,roskilde festival 2002,Roskilde Festival 2002,Festival,Q35,Denmark,2002-06-23,2002-06-30
fest_Q7369007,fest_Q7369007,Q7369007,roskilde festival 2008,Roskilde Festival 2008,Festival,Q35,Denmark,2008-06-29,2008-07-06
fest_Q6485867,fest_Q6485867,Q6485867,langelandsfestival,Langelandsfestival,Festival,Q35,Denmark,,
fest_Q112613033,fest_Q112613033,Q112613033,anaconism,Anaconism,Festival,Q16554,Denver,,
fest_Q135116222,fest_Q135116222,Q135116222,roskilde festival 2025,Roskilde Festival 2025,Festival,Q35,Denmark,2025-06-28,2025-07-05
fest_Q12333804,fest_Q12333804,Q12333804,roskilde festival 1977,Roskilde Festival 1977,Festival,Q35,Denmark,1977-07-01,1977-07-03
fest_Q17482227,fest_Q17482227,Q17482227,dansk melodi grand prix 2015,Dansk Melodi Grand Prix 2015,Festival,Q35,Denmark,,2015-02-07
fest_Q50471315,fest_Q50471315,Q50471315,roskilde festival 2018,Roskilde Festival 2018,Festival,Q35,Denmark,2018-06-30,2018-07-07
fest_Q1069508,fest_Q1069508,Q1069508,world festival of black arts,World Festival of Black Arts,Festival,Q3718,Dakar,,
fest_Q1069508,fest_Q1069508,Q1069508,world festival of black arts,World Festival of Black Arts,Festival,Q3718,Dakar,,
fest_Q108816621,fest_Q108816621,Q108816621,roskilde festival 1986,Roskilde Festival 1986,Festival,Q35,Denmark,1986-07-04,1986-07-06
fest_Q7369005,fest_Q7369005,Q7369005,roskilde festival 2006,Roskilde Festival 2006,Festival,Q35,Denmark,2006-06-25,2006-07-02
fest_Q12333806,fest_Q12333806,Q12333806,roskilde festival 1979,Roskilde Festival 1979,Festival,Q35,Denmark,1979-06-29,1979-07-01
fest_Q131468037,fest_Q131468037,Q131468037,mobile summer workshop,Mobile Summer Workshop,Festival,Q35,Denmark,,
fest_Q131468037,fest_Q131468037,Q131468037,mobile summer workshop,Mobile Summer Workshop,Festival,Q35,Denmark,,
fest_Q131468037,fest_Q131468037,Q131468037,mobile summer workshop,Mobile Summer Workshop,Festival,Q35,Denmark,,
fest_Q12306687,fest_Q12306687,Q12306687,copenhagen pride,Copenhagen Pride,Festival,Q1748,Copenhagen,,
fest_Q12306687,fest_Q12306687,Q12306687,copenhagen pride,Copenhagen Pride,Festival,Q1748,Copenhagen,,
fest_Q12333803,fest_Q12333803,Q12333803,roskilde festival 1975,Roskilde Festival 1975,Festival,Q35,Denmark,1975-06-27,1975-06-29
fest_Q108816617,fest_Q108816617,Q108816617,roskilde festival 1983,Roskilde Festival 1983,Festival,Q35,Denmark,1983-07-01,1983-07-03
fest_Q16324382,fest_Q16324382,Q16324382,roskilde festival 1981,Roskilde Festival 1981,Festival,Q35,Denmark,1981-07-26,1981-07-28
fest_Q108816623,fest_Q108816623,Q108816623,roskilde festival 1988,Roskilde Festival 1988,Festival,Q35,Denmark,1988-06-30,1988-07-03
fest_Q5219679,fest_Q5219679,Q5219679,danish air show,Danish Air Show,Festival,Q35,Denmark,,
fest_Q12333802,fest_Q12333802,Q12333802,roskilde festival 1976,Roskilde Festival 1976,Festival,Q35,Denmark,1976-07-02,1976-07-04
fest_Q28928997,fest_Q28928997,Q28928997,ciff,CIFF,Festival,Q35,Denmark,,
fest_Q5157911,fest_Q5157911,Q5157911,confusion,ConFusion,Festival,Q12439,Detroit,,
fest_Q18618544,fest_Q18618544,Q18618544,dallas allied arts exhibition,Dallas Allied Arts Exhibition,Festival,Q16557,Dallas,1928-01-01,
fest_Q7881914,fest_Q7881914,Q7881914,uncommoncon,UnCommonCon,Festival,Q16557,Dallas,,
fest_Q109472952,fest_Q109472952,Q109472952,wiki loves monuments in denmark,Wiki Loves Monuments in Denmark,Festival,Q35,Denmark,,
fest_Q25110850,fest_Q25110850,Q25110850,copenhagen architecture festival x film,Copenhagen Architecture Festival x FILM,Festival,Q35,Denmark,,
fest_Q12342732,fest_Q12342732,Q12342732,roskilde festival 2007,Roskilde Festival 2007,Festival,Q35,Denmark,2007-07-01,2007-07-08
fest_Q12333800,fest_Q12333800,Q12333800,roskilde festival 1972,Roskilde Festival 1972,Festival,Q35,Denmark,1972-06-30,1972-07-02
fest_Q12311192,fest_Q12311192,Q12311192,femølejren,Femølejren,Festival,Q35,Denmark,,
fest_Q108816620,fest_Q108816620,Q108816620,roskilde festival 1985,Roskilde Festival 1985,Festival,Q35,Denmark,1985-06-28,1985-06-30
fest_Q135116233,fest_Q135116233,Q135116233,roskilde festival 2023,Roskilde Festival 2023,Festival,Q35,Denmark,2023-06-24,2023-07-01
fest_Q135987242,fest_Q135987242,Q135987242,festivélo,Festivélo,Festival,Q35,Denmark,2022-07-01,2022-07-02
fest_Q139901480,fest_Q139901480,Q139901480,leakycon,LeakyCon,Festival,Q16554,Denver,,
fest_Q139901480,fest_Q139901480,Q139901480,leakycon,LeakyCon,Festival,Q16554,Denver,,
fest_Q108816420,fest_Q108816420,Q108816420,roskilde festival 1999,Roskilde Festival 1999,Festival,Q35,Denmark,1999-07-01,1999-07-04
fest_Q12333812,fest_Q12333812,Q12333812,roskilde festival 2004,Roskilde Festival 2004,Festival,Q35,Denmark,2004-06-27,2004-07-04
fest_Q97462547,fest_Q97462547,Q97462547,dansk melodi grand prix 2017,Dansk Melodi Grand Prix 2017,Festival,Q35,Denmark,,
fest_Q108816622,fest_Q108816622,Q108816622,roskilde festival 1987,Roskilde Festival 1987,Festival,Q35,Denmark,1987-07-03,1987-07-05
fest_Q29152581,fest_Q29152581,Q29152581,dansk melodi grand prix 2018,Dansk Melodi Grand Prix 2018,Festival,Q35,Denmark,,
fest_Q2947200,fest_Q2947200,Q2947200,bogforum,BogForum,Festival,Q35,Denmark,,
fest_Q17341772,fest_Q17341772,Q17341772,græsted veterantræf,Græsted Veterantræf,Festival,Q35,Denmark,,
fest_Q7369010,fest_Q7369010,Q7369010,roskilde festival 2011,Roskilde Festival 2011,Festival,Q35,Denmark,2011-07-01,2011-07-03
fest_Q4727824,fest_Q4727824,Q4727824,all-con,All-Con,Festival,Q16557,Dallas,,
fest_Q108816699,fest_Q108816699,Q108816699,roskilde festival 1991,Roskilde Festival 1991,Festival,Q35,Denmark,1991-06-27,1991-06-30
fest_Q5266038,fest_Q5266038,Q5266038,detroit triple fan fair,Detroit Triple Fan Fair,Festival,Q12439,Detroit,,
fest_Q3430342,fest_Q3430342,Q3430342,roskilde festival 2010,Roskilde Festival 2010,Festival,Q35,Denmark,2010-07-01,2010-07-04
fest_Q12333798,fest_Q12333798,Q12333798,roskilde festival 1971,Roskilde Festival 1971,Festival,Q35,Denmark,1971-06-28,1971-06-29
fest_Q5255323,fest_Q5255323,Q5255323,demicon,DemiCon,Festival,Q39709,Des Moines,,
fest_Q16324385,fest_Q16324385,Q16324385,roskilde festival 2014,Roskilde Festival 2014,Festival,Q35,Denmark,2014-06-29,2014-07-06
fest_Q12314109,fest_Q12314109,Q12314109,golden days,Golden Days,Festival,Q1748,Copenhagen,,
fest_Q12314109,fest_Q12314109,Q12314109,golden days,Golden Days,Festival,Q1748,Copenhagen,,
fest_Q108816202,fest_Q108816202,Q108816202,roskilde festival 2015,Roskilde Festival 2015,Festival,Q35,Denmark,2015-06-27,2015-07-04
fest_Q64569200,fest_Q64569200,Q64569200,krigshistorisk festival,Krigshistorisk Festival,Festival,Q35,Denmark,,
fest_Q56063696,fest_Q56063696,Q56063696,copenhagen democracy summit,Copenhagen Democracy Summit,Festival,Q1748,Copenhagen,,
fest_Q112237231,fest_Q112237231,Q112237231,golden jubilee of margrethe ii,Golden Jubilee of Margrethe II,Festival,Q35,Denmark,,
fest_Q17081230,fest_Q17081230,Q17081230,milehicon,MileHiCon,Festival,Q16554,Denver,,
fest_Q108816698,fest_Q108816698,Q108816698,roskilde festival 1990,Roskilde Festival 1990,Festival,Q35,Denmark,1990-06-28,1990-07-01
fest_Q17509342,fest_Q17509342,Q17509342,aarhus international jazz festival,Aarhus International Jazz Festival,Festival,Q35,Denmark,,
fest_Q16324384,fest_Q16324384,Q16324384,roskilde festival 2013,Roskilde Festival 2013,Festival,Q35,Denmark,2013-07-04,2013-07-07
fest_Q135116239,fest_Q135116239,Q135116239,roskilde festival 2024,Roskilde Festival 2024,Festival,Q35,Denmark,2024-06-29,2024-07-06
fest_Q12333801,fest_Q12333801,Q12333801,roskilde festival 1974,Roskilde Festival 1974,Festival,Q35,Denmark,1974-06-28,1974-06-30
fest_Q5434248,fest_Q5434248,Q5434248,fantasticon,Fantasticon,Festival,Q1748,Copenhagen,,
fest_Q5434248,fest_Q5434248,Q5434248,fantasticon,Fantasticon,Festival,Q1748,Copenhagen,,
fest_Q16991678,fest_Q16991678,Q16991678,denver comic con,Denver Comic Con,Festival,Q16554,Denver,,
fest_Q64994907,fest_Q64994907,Q64994907,naturmødet,Naturmødet,Festival,Q35,Denmark,,
fest_Q28167921,fest_Q28167921,Q28167921,historiske dage,Historiske Dage,Festival,Q35,Denmark,,
fest_Q3435973,fest_Q3435973,Q3435973,rebild festival,Rebild Festival,Festival,Q35,Denmark,,
fest_Q3962454,fest_Q3962454,Q3962454,skanderborg festival,Skanderborg Festival,Festival,Q35,Denmark,,
fest_Q130712684,fest_Q130712684,Q130712684,fabula,Fabula,Festival,Q35,Denmark,,
fest_Q108816476,fest_Q108816476,Q108816476,roskilde festival 1998,Roskilde Festival 1998,Festival,Q35,Denmark,1998-06-25,1998-06-28
fest_Q108816493,fest_Q108816493,Q108816493,roskilde festival 1996,Roskilde Festival 1996,Festival,Q35,Denmark,1996-06-27,1996-06-30
fest_Q1118605,fest_Q1118605,Q1118605,protiproudu,ProtiProudu,Festival,Q213,Czech Republic,,
fest_Q12333632,fest_Q12333632,Q12333632,robodays,RoboDays,Festival,Q35,Denmark,,
fest_Q7928850,fest_Q7928850,Q7928850,vig festival,Vig Festival,Festival,Q35,Denmark,,
fest_Q3425467,fest_Q3425467,Q3425467,j-day,J-day,Festival,Q35,Denmark,,
fest_Q112617138,fest_Q112617138,Q112617138,autoclave,AutoClave,Festival,Q12439,Detroit,,
fest_Q85797933,fest_Q85797933,Q85797933,roskilde festival 2019,Roskilde Festival 2019,Festival,Q35,Denmark,2019-06-29,2019-07-06
fest_Q108816624,fest_Q108816624,Q108816624,roskilde festival 1989,Roskilde Festival 1989,Festival,Q35,Denmark,1989-06-30,1989-07-02
fest_Q12333799,fest_Q12333799,Q12333799,roskilde festival 1973,Roskilde Festival 1973,Festival,Q35,Denmark,1973-06-29,1973-07-01
fest_Q108816701,fest_Q108816701,Q108816701,roskilde festival 1993,Roskilde Festival 1993,Festival,Q35,Denmark,1993-07-01,1993-07-04
fest_Q16989031,fest_Q16989031,Q16989031,dallas fantasy fair,Dallas Fantasy Fair,Festival,Q16557,Dallas,,
fest_Q5211295,fest_Q5211295,Q5211295,dallas comic con,Dallas Comic Con,Festival,Q16557,Dallas,,
fest_Q6918116,fest_Q6918116,Q6918116,motor city comic con,Motor City Comic Con,Festival,Q12439,Detroit,,
fest_Q7707679,fest_Q7707679,Q7707679,texas fear fest,Texas Fear Fest,Festival,Q16557,Dallas,,
fest_Q108816178,fest_Q108816178,Q108816178,roskilde festival 2012,Roskilde Festival 2012,Festival,Q35,Denmark,2012-06-30,2012-07-08
fest_Q108816492,fest_Q108816492,Q108816492,roskilde festival 1995,Roskilde Festival 1995,Festival,Q35,Denmark,1995-06-29,1995-07-02
fest_Q31193509,fest_Q31193509,Q31193509,royal run,Royal Run,Festival,Q35,Denmark,,
fest_Q12333809,fest_Q12333809,Q12333809,roskilde festival 2001,Roskilde Festival 2001,Festival,Q35,Denmark,2001-06-24,2001-07-01
fest_Q7602460,fest_Q7602460,Q7602460,start festival,Start! Festival,Festival,Q35,Denmark,,
fest_Q1997010,fest_Q1997010,Q1997010,1st world festival of youth and students,1st World Festival of Youth and Students,Festival,Q213,Czech Republic,,
fest_Q1997010,fest_Q1997010,Q1997010,1st world festival of youth and students,1st World Festival of Youth and Students,Festival,Q213,Czech Republic,,
fest_Q135116680,fest_Q135116680,Q135116680,roskilde festival 2026,Roskilde Festival 2026,Festival,Q35,Denmark,,
fest_Q108816619,fest_Q108816619,Q108816619,roskilde festival 1984,Roskilde Festival 1984,Festival,Q35,Denmark,1984-06-29,1984-07-01
fest_Q6484244,fest_Q6484244,Q6484244,land og folk festival,Land og Folk Festival,Festival,Q35,Denmark,,
fest_Q108816494,fest_Q108816494,Q108816494,roskilde festival 1997,Roskilde Festival 1997,Festival,Q35,Denmark,1997-06-26,1997-06-29
fest_Q108816700,fest_Q108816700,Q108816700,roskilde festival 1992,Roskilde Festival 1992,Festival,Q35,Denmark,1992-06-25,1992-06-25
fest_Q106676266,fest_Q106676266,Q106676266,waiting for the tram in beroun,Waiting for the tram in Beroun,Festival,Q213,Czech Republic,,
fest_Q121682802,fest_Q121682802,Q121682802,slavex pride,Slavex Pride,Festival,Q213,Czech Republic,,
fest_Q123604829,fest_Q123604829,Q123604829,koprcon,KoprCon,Festival,Q213,Czech Republic,,
fest_Q12644207,fest_Q12644207,Q12644207,urban fest osijek,Urban Fest Osijek,Festival,Q224,Croatia,,
fest_Q104891169,fest_Q104891169,Q104891169,hořovická heligónka,Hořovická Heligónka,Festival,Q213,Czech Republic,,
fest_Q112622457,fest_Q112622457,Q112622457,hasičské slavnosti litoměřice,Hasičské slavnosti Litoměřice,Event,Q213,Czech Republic,,
fest_Q131472248,fest_Q131472248,Q131472248,ullmann's celebrations,Ullmann's celebrations,Festival,Q213,Czech Republic,,
fest_Q131472248,fest_Q131472248,Q131472248,ullmann's celebrations,Ullmann's celebrations,Festival,Q213,Czech Republic,,
fest_Q138381580,fest_Q138381580,Q138381580,battle of kulm reenactment,Battle of Kulm reenactment,Festival,Q213,Czech Republic,,
fest_Q12016672,fest_Q12016672,Q12016672,flaming nights,Flaming Nights,Festival,Q213,Czech Republic,,
fest_Q106612670,fest_Q106612670,Q106612670,sametové posvícení,Sametové posvícení,Festival,Q213,Czech Republic,,
fest_Q106612670,fest_Q106612670,Q106612670,sametové posvícení,Sametové posvícení,Festival,Q213,Czech Republic,,
fest_Q5876332,fest_Q5876332,Q5876332,hody,Hody,Festival,Q213,Czech Republic,,
fest_Q12058473,fest_Q12058473,Q12058473,teknival hostomice 1994,Teknival Hostomice 1994,Festival,Q213,Czech Republic,,
fest_Q10396698,fest_Q10396698,Q10396698,šamajim,Šamajim,Festival,Q213,Czech Republic,2004-01-01,2023-01-01
fest_Q12221393,fest_Q12221393,Q12221393,třebíčské bramborobraní,Třebíčské Bramborobraní,Festival,Q213,Czech Republic,,
fest_Q12630976,fest_Q12630976,Q12630976,new circus festival,New Circus Festival,Festival,Q224,Croatia,,
fest_Q12630976,fest_Q12630976,Q12630976,new circus festival,New Circus Festival,Festival,Q224,Croatia,,
fest_Q4685615,fest_Q4685615,Q4685615,adriatic boat show,Adriatic Boat Show,Festival,Q224,Croatia,2008-01-01,
fest_Q5264411,fest_Q5264411,Q5264411,designblok,Designblok,Festival,Q213,Czech Republic,,
fest_Q12354195,fest_Q12354195,Q12354195,international puppet theatre festival,International Puppet Theatre Festival,Festival,Q224,Croatia,,
fest_Q12354195,fest_Q12354195,Q12354195,international puppet theatre festival,International Puppet Theatre Festival,Festival,Q224,Croatia,,
fest_Q113360468,fest_Q113360468,Q113360468,ostrava pride,Ostrava Pride,Festival,Q213,Czech Republic,,
fest_Q18006511,fest_Q18006511,Q18006511,bezručova opava,Bezručova Opava,Festival,Q213,Czech Republic,,
fest_Q12058968,fest_Q12058968,Q12058968,tichý hlas pro svatou zemi,Tichý hlas pro Svatou zemi,Festival,Q213,Czech Republic,,
fest_Q27555477,fest_Q27555477,Q27555477,marketing festival,Marketing Festival,Festival,Q213,Czech Republic,2013-01-01,
fest_Q109567034,fest_Q109567034,Q109567034,smetana international piano competition,Smetana international piano competition,Festival,Q213,Czech Republic,,
fest_Q60161744,fest_Q60161744,Q60161744,oslava 100 let od vzniku českobratrské církve evangelické,Oslava 100 let od vzniku Českobratrské církve evangelické,Event,Q213,Czech Republic,,
fest_Q1278356,fest_Q1278356,Q1278356,porin award,Porin Award,Festival,Q224,Croatia,,
fest_Q131334835,fest_Q131334835,Q131334835,43th kladrubské léto music festival,43th Kladrubské léto music festival,Festival,Q213,Czech Republic,,
fest_Q30242242,fest_Q30242242,Q30242242,hanácké benátky,Hanácké Benátky,Festival,Q213,Czech Republic,,
fest_Q118118480,fest_Q118118480,Q118118480,advík,Advík,Festival,Q213,Czech Republic,,
fest_Q21659661,fest_Q21659661,Q21659661,zlatá praha festival,Zlatá Praha (festival),Festival,Q213,Czech Republic,,
fest_Q6786726,fest_Q6786726,Q6786726,mateřinka,Mateřinka,Festival,Q213,Czech Republic,,
fest_Q11706376,fest_Q11706376,Q11706376,bytefest,Bytefest,Festival,Q213,Czech Republic,,
fest_Q11706376,fest_Q11706376,Q11706376,bytefest,Bytefest,Festival,Q213,Czech Republic,,
fest_Q125807006,fest_Q125807006,Q125807006,žonglobalizace,Žonglobalizace,Festival,Q213,Czech Republic,2011-01-01,
fest_Q61728467,fest_Q61728467,Q61728467,wikiconference,Wikiconference,Festival,Q213,Czech Republic,2009-01-01,
fest_Q3513877,fest_Q3513877,Q3513877,sferakon,SFeraKon,Festival,Q224,Croatia,,
fest_Q7237677,fest_Q7237677,Q7237677,prague international jazz festival,Prague International Jazz Festival,Festival,Q213,Czech Republic,,
fest_Q7237677,fest_Q7237677,Q7237677,prague international jazz festival,Prague International Jazz Festival,Festival,Q213,Czech Republic,,
fest_Q17573685,fest_Q17573685,Q17573685,divadelní svět brno,Divadelní svět Brno,Festival,Q213,Czech Republic,,
fest_Q11773871,fest_Q11773871,Q11773871,czechtek 2005,CzechTek 2005,Festival,Q213,Czech Republic,,
fest_Q12038552,fest_Q12038552,Q12038552,monarchist march,Monarchist March,Festival,Q213,Czech Republic,,
fest_Q12038552,fest_Q12038552,Q12038552,monarchist march,Monarchist March,Festival,Q213,Czech Republic,,
fest_Q12630969,fest_Q12630969,Q12630969,festival of actor,Festival of Actor,Festival,Q224,Croatia,,
fest_Q20057394,fest_Q20057394,Q20057394,ghettofest,Ghettofest,Festival,Q213,Czech Republic,,
fest_Q131419079,fest_Q131419079,Q131419079,chodovar beer festival,Chodovar Beer Festival,Festival,Q213,Czech Republic,,
fest_Q7632447,fest_Q7632447,Q7632447,subversive film festival,Subversive Film Festival,Festival,Q224,Croatia,,
fest_Q7632447,fest_Q7632447,Q7632447,subversive film festival,Subversive Film Festival,Festival,Q224,Croatia,,
fest_Q131336018,fest_Q131336018,Q131336018,malá inventura,Malá inventura,Festival,Q213,Czech Republic,,
fest_Q11773873,fest_Q11773873,Q11773873,czechtek 2006,CzechTek 2006,Festival,Q213,Czech Republic,,
fest_Q117035823,fest_Q117035823,Q117035823,inauguration of the president of czech republic,inauguration of the president of Czech Republic,Event,Q213,Czech Republic,,
fest_Q5586807,fest_Q5586807,Q5586807,gorolski święto,Gorolski Święto,Festival,Q213,Czech Republic,,
fest_Q48831837,fest_Q48831837,Q48831837,chodorockfest,Chodorockfest,Festival,Q213,Czech Republic,,
fest_Q121682677,fest_Q121682677,Q121682677,most pride,Most Pride,Festival,Q213,Czech Republic,,
fest_Q5201741,fest_Q5201741,Q5201741,czech beer festival,Czech Beer Festival,Festival,Q213,Czech Republic,,
fest_Q136289011,fest_Q136289011,Q136289011,magiales šarivari,Magiales Šarivari,Festival,Q213,Czech Republic,1960-01-01,
fest_Q3510937,fest_Q3510937,Q3510937,festival fantazie,Festival fantazie,Festival,Q213,Czech Republic,,
fest_Q93956718,fest_Q93956718,Q93956718,bramborobraní 2016,Bramborobraní 2016,Festival,Q213,Czech Republic,,
fest_Q22262482,fest_Q22262482,Q22262482,utubering,Utubering,Festival,Q213,Czech Republic,,
fest_Q131418901,fest_Q131418901,Q131418901,8th chodovar beer festival,8th Chodovar Beer Festival,Event,Q213,Czech Republic,,
fest_Q12643646,fest_Q12643646,Q12643646,dance week festival,Dance Week Festival,Festival,Q224,Croatia,,
fest_Q12041853,fest_Q12041853,Q12041853,obrok,Obrok,Festival,Q213,Czech Republic,,
fest_Q5698187,fest_Q5698187,Q5698187,hefaiston,Hefaiston,Festival,Q213,Czech Republic,,
fest_Q26161577,fest_Q26161577,Q26161577,letní letná,Letní Letná,Festival,Q213,Czech Republic,,
fest_Q60366252,fest_Q60366252,Q60366252,chodské slavnosti,Chodské slavnosti,Festival,Q213,Czech Republic,,
fest_Q44326566,fest_Q44326566,Q44326566,máš umělecké střevo,Máš umělecké střevo?,Festival,Q213,Czech Republic,,
fest_Q107229240,fest_Q107229240,Q107229240,kladenské dvorky,Kladenské dvorky,Festival,Q213,Czech Republic,,
fest_Q12638009,fest_Q12638009,Q12638009,croatian theatre awards,Croatian Theatre Awards,Festival,Q224,Croatia,1992-11-24,
fest_Q104840435,fest_Q104840435,Q104840435,kaplické divadelní léto,Kaplické divadelní léto,Festival,Q213,Czech Republic,,
fest_Q26982039,fest_Q26982039,Q26982039,týden divů,Týden divů,Festival,Q213,Czech Republic,,
fest_Q12060313,fest_Q12060313,Q12060313,třebíčský zvonek,Třebíčský Zvonek,Festival,Q213,Czech Republic,,
fest_Q131315275,fest_Q131315275,Q131315275,napoleon in brno,Napoleon in Brno,Festival,Q213,Czech Republic,,
fest_Q104635478,fest_Q104635478,Q104635478,kolínský majáles,Kolínský Majáles,Festival,Q213,Czech Republic,,
fest_Q12016795,fest_Q12016795,Q12016795,fotofestival moravská třebová,Fotofestival Moravská Třebová,Festival,Q213,Czech Republic,,
fest_Q130712886,fest_Q130712886,Q130712886,parcon,Parcon,Festival,Q213,Czech Republic,,
fest_Q130712886,fest_Q130712886,Q130712886,parcon,Parcon,Festival,Q213,Czech Republic,,
fest_Q123734154,fest_Q123734154,Q123734154,battle of austerlitz reenactment,Battle of Austerlitz reenactment,Festival,Q213,Czech Republic,,
fest_Q12038182,fest_Q12038182,Q12038182,czech athletics championships series,Czech Athletics Championships series,Festival,Q213,Czech Republic,,
fest_Q7279969,fest_Q7279969,Q7279969,radar festival,Radar Festival,Festival,Q224,Croatia,,
fest_Q66817205,fest_Q66817205,Q66817205,soundtrack poděbrady,Soundtrack Poděbrady,Festival,Q213,Czech Republic,,
fest_Q42993305,fest_Q42993305,Q42993305,4 4 days in motion,4 + 4 Days in Motion,Festival,Q213,Czech Republic,,
fest_Q42993305,fest_Q42993305,Q42993305,4 4 days in motion,4 + 4 Days in Motion,Festival,Q213,Czech Republic,,
fest_Q12046766,fest_Q12046766,Q12046766,prague pride,Prague Pride,Festival,Q213,Czech Republic,,
fest_Q59221158,fest_Q59221158,Q59221158,den poezie festival,Den poezie (festival),Festival,Q213,Czech Republic,,
fest_Q24192639,fest_Q24192639,Q24192639,open house prague,Open House Prague,Festival,Q213,Czech Republic,,
fest_Q113680960,fest_Q113680960,Q113680960,festival animánie,Festival Animánie,Festival,Q213,Czech Republic,,
fest_Q12745604,fest_Q12745604,Q12745604,jurjevanje,Jurjevanje,Festival,Q224,Croatia,,
fest_Q12745604,fest_Q12745604,Q12745604,jurjevanje,Jurjevanje,Festival,Q224,Croatia,,
fest_Q117599979,fest_Q117599979,Q117599979,urbanfestival 9 inplace of border,UrbanFestival 9: (in)place of border,Festival,Q224,Croatia,,
fest_Q111943397,fest_Q111943397,Q111943397,critical upgrade,Critical Upgrade,Festival,Q224,Croatia,2002-05-01,2002-05-08
fest_Q117661923,fest_Q117661923,Q117661923,urbanfestival 11,UrbanFestival 11,Festival,Q224,Croatia,,
fest_Q130712913,fest_Q130712913,Q130712913,rikon,Rikon,Festival,Q224,Croatia,,
fest_Q20527082,fest_Q20527082,Q20527082,advent in zagreb,Advent in Zagreb,Festival,Q224,Croatia,,
fest_Q20527082,fest_Q20527082,Q20527082,advent in zagreb,Advent in Zagreb,Festival,Q224,Croatia,,
fest_Q117456147,fest_Q117456147,Q117456147,urbanfestival 12 between worlds,UrbanFestival 12: Between worlds,Festival,Q224,Croatia,,
fest_Q117662400,fest_Q117662400,Q117662400,45 environmental film festival,4.5 Environmental Film Festival,Festival,Q224,Croatia,,
fest_Q117706038,fest_Q117706038,Q117706038,7th environmental film festival,7th Environmental Film Festival,Festival,Q224,Croatia,,
fest_Q122150399,fest_Q122150399,Q122150399,faller's enigmatic memorial,Faller's Enigmatic Memorial,Festival,Q224,Croatia,,
fest_Q122150399,fest_Q122150399,Q122150399,faller's enigmatic memorial,Faller's Enigmatic Memorial,Festival,Q224,Croatia,,
fest_Q117599399,fest_Q117599399,Q117599399,urbanfestival 2,UrbanFestival 2,Festival,Q224,Croatia,,
fest_Q2265649,fest_Q2265649,Q2265649,carnaval on curaçao,carnaval on Curaçao,Festival,Q25279,Curaçao,,
fest_Q135654882,fest_Q135654882,Q135654882,nicosia international festival,Nicosia International Festival,Festival,Q229,Cyprus,,
fest_Q135654882,fest_Q135654882,Q135654882,nicosia international festival,Nicosia International Festival,Festival,Q229,Cyprus,,
fest_Q113140891,fest_Q113140891,Q113140891,festival žudija,Festival žudija,Festival,Q224,Croatia,,
fest_Q112191628,fest_Q112191628,Q112191628,pričigin,Pričigin,Festival,Q224,Croatia,,
fest_Q131289525,fest_Q131289525,Q131289525,zvjezdano ljeto,Zvjezdano ljeto,Festival,Q224,Croatia,,
fest_Q135458449,fest_Q135458449,Q135458449,operation storm anniversaries,Operation Storm anniversaries,Event,Q224,Croatia,,
fest_Q25500125,fest_Q25500125,Q25500125,tocatì,Tocatì,Festival,Q224,Croatia,,
fest_Q25500125,fest_Q25500125,Q25500125,tocatì,Tocatì,Festival,Q224,Croatia,,
fest_Q12645507,fest_Q12645507,Q12645507,zagreb salon,Zagreb Salon,Festival,Q224,Croatia,,
fest_Q115436356,fest_Q115436356,Q115436356,fubar,Fubar,Festival,Q224,Croatia,,
fest_Q117035706,fest_Q117035706,Q117035706,1st freedom of creation festival of free culture science and technology,"1st Freedom of Creation! Festival of Free Culture, Science and Technology",Festival,Q224,Croatia,2005-01-12,2005-01-15
fest_Q117662134,fest_Q117662134,Q117662134,2nd environmental film festival,2nd Environmental Film Festival,Festival,Q224,Croatia,,
fest_Q112274802,fest_Q112274802,Q112274802,otokultivator,Otokultivator,Festival,Q224,Croatia,,2003-01-01
fest_Q117661960,fest_Q117661960,Q117661960,urbanfestival 13 back to the square,UrbanFestival 13: Back to the square!,Festival,Q224,Croatia,,
fest_Q113952228,fest_Q113952228,Q113952228,international children's festival šibenik,International children's festival Šibenik,Festival,Q224,Croatia,,
fest_Q117599727,fest_Q117599727,Q117599727,urbanfestival 6 the politics of space,UrbanFestival 6: The Politics of space,Festival,Q224,Croatia,,
fest_Q117599579,fest_Q117599579,Q117599579,urbanfestival 4,UrbanFestival 4,Festival,Q224,Croatia,,
fest_Q65071396,fest_Q65071396,Q65071396,mediterranean book festival,Mediterranean Book Festival,Festival,Q224,Croatia,2017-01-01,
fest_Q117662603,fest_Q117662603,Q117662603,8th environmental film festival,8th Environmental Film Festival,Festival,Q224,Croatia,,
fest_Q18713042,fest_Q18713042,Q18713042,interliber,Interliber,Festival,Q224,Croatia,1977-01-01,
fest_Q135474555,fest_Q135474555,Q135474555,cyprus figure skating championships,Cyprus Figure Skating Championships,Festival,Q229,Cyprus,,
fest_Q16113327,fest_Q16113327,Q16113327,sudamja,Sudamja,Festival,Q224,Croatia,,
fest_Q117662305,fest_Q117662305,Q117662305,4th environmental film festival,4th Environmental Film Festival,Festival,Q224,Croatia,,
fest_Q116907447,fest_Q116907447,Q116907447,freedom of creation festival of free culture science and technology,"Freedom of Creation! Festival of Free Culture, Science and Technology",Festival,Q224,Croatia,,
fest_Q108809043,fest_Q108809043,Q108809043,fête du livre de kinshasa,Fête du Livre de Kinshasa,Festival,Q974,Democratic Republic of the Congo,,
fest_Q136472780,fest_Q136472780,Q136472780,14th world festival of youth and students,14th World Festival of Youth and Students,Festival,Q241,Cuba,,
fest_Q136472780,fest_Q136472780,Q136472780,14th world festival of youth and students,14th World Festival of Youth and Students,Festival,Q241,Cuba,,
fest_Q12956992,fest_Q12956992,Q12956992,emberbal,Emberbal,Event,Q224,Croatia,,
fest_Q115519555,fest_Q115519555,Q115519555,cirkobalkana,Cirkobalkana,Festival,Q224,Croatia,,
fest_Q115519555,fest_Q115519555,Q115519555,cirkobalkana,Cirkobalkana,Festival,Q224,Croatia,,
fest_Q117599618,fest_Q117599618,Q117599618,urbanfestival 5,UrbanFestival 5,Festival,Q224,Croatia,,
fest_Q117599918,fest_Q117599918,Q117599918,urbanfestival x impossibilities extensions,UrbanFestival X: (IM)POSSIBILITIES: EXTENSIONS,Festival,Q224,Croatia,,
fest_Q117599320,fest_Q117599320,Q117599320,urbanfestival,UrbanFestival,Festival,Q224,Croatia,,
fest_Q117035731,fest_Q117035731,Q117035731,2nd freedom of creation festival of free culture science and technology,"2nd Freedom of Creation! Festival of Free Culture, Science and Technology",Festival,Q224,Croatia,2006-02-01,2006-02-05
fest_Q117706270,fest_Q117706270,Q117706270,9th environmental film festival,9th Environmental Film Festival,Festival,Q224,Croatia,,
fest_Q31200259,fest_Q31200259,Q31200259,kliofest,Kliofest,Festival,Q224,Croatia,,
fest_Q31200259,fest_Q31200259,Q31200259,kliofest,Kliofest,Festival,Q224,Croatia,,
fest_Q117662095,fest_Q117662095,Q117662095,environmental film festival,Environmental Film Festival,Festival,Q224,Croatia,,
fest_Q117662095,fest_Q117662095,Q117662095,environmental film festival,Environmental Film Festival,Festival,Q224,Croatia,,
fest_Q117599785,fest_Q117599785,Q117599785,urbanfestival 7 of other spaces,UrbanFestival 7: Of Other Spaces,Festival,Q224,Croatia,,
fest_Q117599491,fest_Q117599491,Q117599491,urbanfestival 3,UrbanFestival 3,Festival,Q224,Croatia,,
fest_Q117662203,fest_Q117662203,Q117662203,3rd environmental film festival,3rd Environmental Film Festival,Festival,Q224,Croatia,,
fest_Q109512562,fest_Q109512562,Q109512562,vruja festival,Vruja Festival,Festival,Q224,Croatia,,
fest_Q117706311,fest_Q117706311,Q117706311,10th environmental film festival,10th Environmental Film Festival,Festival,Q224,Croatia,,
fest_Q117662514,fest_Q117662514,Q117662514,6th environmental film festival,6th Environmental Film Festival,Festival,Q224,Croatia,,
fest_Q115740102,fest_Q115740102,Q115740102,subversive festival,Subversive Festival,Festival,Q224,Croatia,,
fest_Q115740102,fest_Q115740102,Q115740102,subversive festival,Subversive Festival,Festival,Q224,Croatia,,
fest_Q6111504,fest_Q6111504,Q6111504,romerías de mayo,Romerías de Mayo,Festival,Q241,Cuba,,
fest_Q130712784,fest_Q130712784,Q130712784,liburnicon,Liburnicon,Festival,Q224,Croatia,,
fest_Q117599823,fest_Q117599823,Q117599823,urbanfestival 8 how we regret,UrbanFestival 8: How we regret...,Festival,Q224,Croatia,,
fest_Q110264185,fest_Q110264185,Q110264185,11th world festival of youth and students,11th World Festival of Youth and Students,Festival,Q241,Cuba,,
fest_Q110264185,fest_Q110264185,Q110264185,11th world festival of youth and students,11th World Festival of Youth and Students,Festival,Q241,Cuba,,
fest_Q31965926,fest_Q31965926,Q31965926,eurovision young musicians 2018,Eurovision Young Musicians 2018,Festival,Q23436,Edinburgh,,
fest_Q129658162,fest_Q129658162,Q129658162,ambato pride,Ambato Pride,Festival,Q736,Ecuador,,
fest_Q829363,fest_Q829363,Q829363,edinburgh festival,Edinburgh Festival,Festival,Q23436,Edinburgh,,
fest_Q67831982,fest_Q67831982,Q67831982,festival fff,Festival FFF,Festival,Q736,Ecuador,,
fest_Q12630967,fest_Q12630967,Q12630967,festivity of saint blaise the patron of dubrovnik,"Festivity of Saint Blaise, the patron of Dubrovnik",Festival,Q1722,Dubrovnik,,
fest_Q4601298,fest_Q4601298,Q4601298,2003 edinburgh festival fringe,2003 Edinburgh Festival Fringe,Festival,Q23436,Edinburgh,,
fest_Q5447342,fest_Q5447342,Q5447342,fiestas de quito,Fiestas de Quito,Festival,Q736,Ecuador,,
fest_Q129656533,fest_Q129656533,Q129656533,santo domingo pride,Santo Domingo Pride,Festival,Q736,Ecuador,,
fest_Q133825285,fest_Q133825285,Q133825285,festival of slavonian culture in donetsk 2013,"Festival of slavonian culture in Donetsk, 2013",Festival,Q43070,Donetsk,2013-05-24,2013-05-25
fest_Q5861729,fest_Q5861729,Q5861729,feast of fruit and flowers,Feast of fruit and flowers,Event,Q736,Ecuador,,
fest_Q133804057,fest_Q133804057,Q133804057,big donbass 2015,"Big Donbass, 2015",Festival,Q43070,Donetsk,2015-08-13,2015-08-16
fest_Q112595903,fest_Q112595903,Q112595903,klangvokal musikfestival dortmund,Klangvokal Musikfestival Dortmund,Festival,Q1295,Dortmund,,
fest_Q137186035,fest_Q137186035,Q137186035,pakistan jashn-e-azadi festival 2025,Pakistan Jashn-e-Azadi Festival 2025,Festival,Q612,Dubai,,
fest_Q68026902,fest_Q68026902,Q68026902,al sur del cielo,Al Sur del Cielo,Festival,Q736,Ecuador,,
fest_Q129653037,fest_Q129653037,Q129653037,portoviejo pride,Portoviejo Pride,Festival,Q736,Ecuador,,
fest_Q5119452,fest_Q5119452,Q5119452,ciclopaseo in quito ecuador,"Ciclopaseo in Quito, Ecuador",Festival,Q736,Ecuador,,
fest_Q47964898,fest_Q47964898,Q47964898,feria internacional del libro de guayaquil,Feria Internacional del Libro de Guayaquil,Festival,Q736,Ecuador,,
fest_Q68966535,fest_Q68966535,Q68966535,pululahua rock desde el volcán,"Pululahua, Rock desde el Volcán",Festival,Q736,Ecuador,,
fest_Q16834839,fest_Q16834839,Q16834839,edinburgh international magic festival,Edinburgh International Magic Festival,Festival,Q23436,Edinburgh,,
fest_Q129653470,fest_Q129653470,Q129653470,riobamba pride,Riobamba Pride,Festival,Q736,Ecuador,,
fest_Q1284693,fest_Q1284693,Q1284693,edinburgh marathon,Edinburgh Marathon,Festival,Q23436,Edinburgh,,
fest_Q117202248,fest_Q117202248,Q117202248,diablada de píllaro,Diablada de Píllaro,Festival,Q736,Ecuador,,
fest_Q21006870,fest_Q21006870,Q21006870,edinburgh comic con,Edinburgh Comic Con,Festival,Q23436,Edinburgh,2014-01-01,
fest_Q129652966,fest_Q129652966,Q129652966,manta pride,Manta Pride,Festival,Q736,Ecuador,,
fest_Q5338146,fest_Q5338146,Q5338146,edinburgh art festival,Edinburgh Art Festival,Festival,Q23436,Edinburgh,,
fest_Q65237899,fest_Q65237899,Q65237899,edinburgh international harp festival,Edinburgh International Harp Festival,Festival,Q23436,Edinburgh,,
fest_Q129654049,fest_Q129654049,Q129654049,machala pride,Machala Pride,Festival,Q736,Ecuador,,
fest_Q4598638,fest_Q4598638,Q4598638,2001 edinburgh festival fringe,2001 Edinburgh Festival Fringe,Festival,Q23436,Edinburgh,,
fest_Q85759420,fest_Q85759420,Q85759420,entry of james vi into edinburgh,Entry of James VI into Edinburgh,Event,Q23436,Edinburgh,,
fest_Q136376725,fest_Q136376725,Q136376725,stars over donbass 2025,"Stars over Donbass, 2025",Festival,Q43070,Donetsk,,
fest_Q106946693,fest_Q106946693,Q106946693,dresden small format film festival,dresden small format film festival,Festival,Q1731,Dresden,,
fest_Q120263404,fest_Q120263404,Q120263404,18th world festival of youth and students,18th World Festival of Youth and Students,Festival,Q736,Ecuador,2013-12-07,2013-12-14
fest_Q7077014,fest_Q7077014,Q7077014,octocon,Octocon,Festival,Q1761,Dublin,,
fest_Q7077014,fest_Q7077014,Q7077014,octocon,Octocon,Festival,Q1761,Dublin,,
fest_Q4288599,fest_Q4288599,Q4288599,smithcraft festival in donetsk,Smithcraft festival in Donetsk,Festival,Q43070,Donetsk,,
fest_Q17069789,fest_Q17069789,Q17069789,fiesta de toros del señor de girón,Fiesta de Toros del Señor de Girón,Festival,Q736,Ecuador,,
fest_Q129653889,fest_Q129653889,Q129653889,loja pride,Loja Pride,Festival,Q736,Ecuador,,
fest_Q5613183,fest_Q5613183,Q5613183,guadalajara gay pride,Guadalajara Gay Pride,Festival,Q9022,Guadalajara,,
fest_Q5613183,fest_Q5613183,Q5613183,guadalajara gay pride,Guadalajara Gay Pride,Festival,Q9022,Guadalajara,,
fest_Q43062532,fest_Q43062532,Q43062532,internationales sommerfestival,Internationales Sommerfestival,Festival,Q1055,Hamburg,,
fest_Q4852692,fest_Q4852692,Q4852692,baltic circle festival,Baltic Circle Festival,Festival,Q1757,Helsinki,,
fest_Q64607727,fest_Q64607727,Q64607727,pointti festival,Pointti festival,Festival,Q1757,Helsinki,,
fest_Q56317877,fest_Q56317877,Q56317877,corona capital guadalajara,"Corona Capital, Guadalajara",Festival,Q9022,Guadalajara,2010-10-16,
fest_Q56317877,fest_Q56317877,Q56317877,corona capital guadalajara,"Corona Capital, Guadalajara",Festival,Q9022,Guadalajara,2010-10-16,
fest_Q125358639,fest_Q125358639,Q125358639,rabin ajaw,Rabin Ajaw,Festival,Q774,Guatemala,,
fest_Q65254802,fest_Q65254802,Q65254802,esto 2019,ESTO 2019,Festival,Q1757,Helsinki,,
fest_Q65254802,fest_Q65254802,Q65254802,esto 2019,ESTO 2019,Festival,Q1757,Helsinki,,
fest_Q65254802,fest_Q65254802,Q65254802,esto 2019,ESTO 2019,Festival,Q1757,Helsinki,,
fest_Q12015639,fest_Q12015639,Q12015639,abu tv song festival 2013,ABU TV Song Festival 2013,Festival,Q1858,Hanoi,,2013-10-26
fest_Q17035928,fest_Q17035928,Q17035928,triennial of photography,Triennial of Photography,Festival,Q1055,Hamburg,,
fest_Q7932770,fest_Q7932770,Q7932770,vinokino,Vinokino,Festival,Q1757,Helsinki,,
fest_Q11856211,fest_Q11856211,Q11856211,docpoint,DocPoint,Festival,Q1757,Helsinki,,
fest_Q15819138,fest_Q15819138,Q15819138,hammoniale,Hammoniale,Festival,Q1055,Hamburg,,
fest_Q137393968,fest_Q137393968,Q137393968,visit by israel's chief rabbi kalman ber to the chabad lubavitch jewish centre of lower saxony at haus benjamin in hanover,Visit by Israel's Chief Rabbi Kalman Ber to the Chabad Lubavitch Jewish Centre of Lower Saxony at Haus Benjamin in Hanover,Event,Q1715,Hanover,,
fest_Q2613628,fest_Q2613628,Q2613628,flow festival,Flow Festival,Festival,Q1757,Helsinki,,
fest_Q98433660,fest_Q98433660,Q98433660,helsinki fest,Helsinki Fest,Festival,Q1757,Helsinki,2020-08-21,2020-08-23
fest_Q131851351,fest_Q131851351,Q131851351,carnival of guinea-bissau,Carnival of Guinea-Bissau,Festival,Q1007,Guinea-Bissau,,
fest_Q125867585,fest_Q125867585,Q125867585,international children's and youth choir festival hannover 08th - 12th may 2024,International Children's and Youth Choir Festival Hannover 08th - 12th May 2024,Festival,Q1715,Hanover,,
fest_Q5861255,fest_Q5861255,Q5861255,sumpango festival,Sumpango Festival,Festival,Q774,Guatemala,,
fest_Q21042070,fest_Q21042070,Q21042070,hamburg magic nights,Hamburg Magic Nights,Festival,Q1055,Hamburg,,
fest_Q65152687,fest_Q65152687,Q65152687,katala 224,Katala 224,Event,Q1006,Guinea,,
fest_Q11862160,fest_Q11862160,Q11862160,8th world festival of youth and students,8th World Festival of Youth and Students,Festival,Q1757,Helsinki,,
fest_Q15210367,fest_Q15210367,Q15210367,the dinner under the helsinki sky,The Dinner under the Helsinki sky,Festival,Q1757,Helsinki,,
fest_Q125637783,fest_Q125637783,Q125637783,klangbrücken,Klangbrücken,Festival,Q1715,Hanover,,
fest_Q24955623,fest_Q24955623,Q24955623,wechoice awards,WeChoice Awards,Festival,Q1854,Ho Chi Minh City,,
fest_Q24955623,fest_Q24955623,Q24955623,wechoice awards,WeChoice Awards,Festival,Q1854,Ho Chi Minh City,,
fest_Q114558589,fest_Q114558589,Q114558589,bootboohook festival,BootBooHook Festival,Festival,Q1715,Hanover,,
fest_Q111677584,fest_Q111677584,Q111677584,kipona,Kipona,Festival,Q25280,Harrisburg,,
fest_Q113553776,fest_Q113553776,Q113553776,harbin international beer festival,Harbin International Beer Festival,Festival,Q42956,Harbin,,
fest_Q113553776,fest_Q113553776,Q113553776,harbin international beer festival,Harbin International Beer Festival,Festival,Q42956,Harbin,,
fest_Q3765292,fest_Q3765292,Q3765292,bihu,Bihu,Festival,Q668,India,,
fest_Q7370637,fest_Q7370637,Q7370637,rottela panduga,Rottela Panduga,Festival,Q668,India,,
fest_Q2722469,fest_Q2722469,Q2722469,naraka chaturdashi,Naraka Chaturdashi,Festival,Q668,India,,
fest_Q3660978,fest_Q3660978,Q3660978,cartoons on the bay,Cartoons on the Bay,Festival,Q38,Italy,,
fest_Q31023,fest_Q31023,Q31023,bhai dooj,Bhai Dooj,Festival,Q668,India,,
fest_Q31023,fest_Q31023,Q31023,bhai dooj,Bhai Dooj,Festival,Q668,India,,
fest_Q5052269,fest_Q5052269,Q5052269,cathedral quarter arts festival,Cathedral Quarter Arts Festival,Festival,Q27,Ireland,,
fest_Q5050453,fest_Q5050453,Q5050453,castlebar song contest,Castlebar Song Contest,Festival,Q27,Ireland,,
fest_Q3649159,fest_Q3649159,Q3649159,cabaret festival - premio totò alla comicità,Cabaret festival - Premio Totò alla comicità,Festival,Q38,Italy,,
fest_Q1423773,fest_Q1423773,Q1423773,ratha yatra,Ratha Yatra,Festival,Q668,India,,
fest_Q6907083,fest_Q6907083,Q6907083,mood indigo,Mood Indigo,Festival,Q668,India,,
fest_Q3660434,fest_Q3660434,Q3660434,carnevale di cegni,Carnevale di Cegni,Festival,Q38,Italy,,
fest_Q1059856,fest_Q1059856,Q1059856,icwip,ICWiP,Festival,Q28,Hungary,,
fest_Q7190443,fest_Q7190443,Q7190443,picnic festival,Pic.Nic festival,Festival,Q801,Israel,,2011-01-01
fest_Q7537703,fest_Q7537703,Q7537703,skyfest,Skyfest,Festival,Q27,Ireland,,
fest_Q3660960,fest_Q3660960,Q3660960,cartoon club,Cartoon Club,Festival,Q38,Italy,,
fest_Q3536399,fest_Q3536399,Q3536399,national science day,National Science Day,Festival,Q668,India,,
fest_Q2824458,fest_Q2824458,Q2824458,aadi perukku,Aadi Perukku,Festival,Q668,India,,
fest_Q2824458,fest_Q2824458,Q2824458,aadi perukku,Aadi Perukku,Festival,Q668,India,,
fest_Q5102229,fest_Q5102229,Q5102229,chithirai thiruvizha,Chithirai Thiruvizha,Festival,Q668,India,,
fest_Q3006213,fest_Q3006213,Q3006213,lohri,Lohri,Festival,Q668,India,,
fest_Q7901139,fest_Q7901139,Q7901139,urs festival ajmer,"Urs festival, Ajmer",Festival,Q668,India,,
fest_Q10269,fest_Q10269,Q10269,navratri,Navratri,Festival,Q668,India,,
fest_Q135274167,fest_Q931282,Q931282,bathukamma,Bathukamma,Festival,Q668,India,,
fest_Q4006964,fest_Q4006964,Q4006964,view conference,VIEW Conference,Festival,Q38,Italy,,
fest_Q2777041,fest_Q2777041,Q2777041,harela,Harela,Festival,Q668,India,,
fest_Q3743890,fest_Q3743890,Q3743890,festa del grano,Festa del grano,Festival,Q38,Italy,,
fest_Q15121559,fest_Q15121559,Q15121559,mtv italia awards,MTV Italia Awards,Festival,Q38,Italy,,
fest_Q3859314,fest_Q3859314,Q3859314,mr gay italy,Mr Gay Italy,Festival,Q38,Italy,,
fest_Q6730379,fest_Q6730379,Q6730379,magh bihu,Magh Bihu,Festival,Q668,India,,
fest_Q7229931,fest_Q7229931,Q7229931,porag,Porag,Festival,Q668,India,,
fest_Q3106863,fest_Q3106863,Q3106863,battle on the bridge,Battle on the Bridge,Festival,Q38,Italy,,
fest_Q3055994,fest_Q3055994,Q3055994,erau,Erau,Festival,Q252,Indonesia,,
fest_Q4850838,fest_Q4850838,Q4850838,bali jatra,Bali Jatra,Festival,Q668,India,,
fest_Q6434290,fest_Q6434290,Q6434290,kottankulangara festival,Kottankulangara Festival,Festival,Q668,India,,
fest_Q859333,fest_Q859333,Q859333,cell-cup,Cell-Cup,Festival,Q28,Hungary,1997-01-01,
fest_Q5211604,fest_Q5211604,Q5211604,dalriada festival,Dalriada Festival,Festival,Q27,Ireland,,
fest_Q777550,fest_Q777550,Q777550,armel opera festival,Armel Opera Festival,Festival,Q28,Hungary,,
fest_Q7270654,fest_Q7270654,Q7270654,queen of the land festival,Queen of the Land Festival,Festival,Q27,Ireland,,
fest_Q5170796,fest_Q5170796,Q5170796,cork international exhibition,Cork International Exhibition,Festival,Q27,Ireland,,
fest_Q6473598,fest_Q6473598,Q6473598,lai haraoba,Lai Haraoba,Festival,Q668,India,,
fest_Q3744066,fest_Q3744066,Q3744066,festival della mente,Festival della Mente,Festival,Q38,Italy,,
fest_Q4750236,fest_Q4750236,Q4750236,an tóstal,An Tóstal,Festival,Q27,Ireland,,
fest_Q3866166,fest_Q3866166,Q3866166,international cartoonists exhibition,International Cartoonists Exhibition,Festival,Q38,Italy,,
fest_Q1771621,fest_Q1771621,Q1771621,rama navami,Rama Navami,Festival,Q668,India,,
fest_Q1771621,fest_Q1771621,Q1771621,rama navami,Rama Navami,Festival,Q668,India,,
fest_Q7136956,fest_Q7136956,Q7136956,pargat diwas,Pargat Diwas,Festival,Q668,India,,
fest_Q3885588,fest_Q3885588,Q3885588,orestiadi di gibelina,Orestiadi di Gibelina,Festival,Q38,Italy,,
fest_Q16130575,fest_Q16130575,Q16130575,piyut festival,Piyut Festival,Festival,Q801,Israel,,
fest_Q16130575,fest_Q16130575,Q16130575,piyut festival,Piyut Festival,Festival,Q801,Israel,,
fest_Q1520962,fest_Q1520962,Q1520962,þorrablót,Þorrablót,Festival,Q189,Iceland,,
fest_Q3754234,fest_Q3754234,Q3754234,fullcomics games,Fullcomics & Games,Festival,Q38,Italy,,
fest_Q5359316,fest_Q5359316,Q5359316,elephant festival,Elephant Festival,Festival,Q668,India,,
fest_Q5359316,fest_Q5359316,Q5359316,elephant festival,Elephant Festival,Festival,Q668,India,,
fest_Q6781028,fest_Q6781028,Q6781028,mary from dungloe,Mary from Dungloe,Festival,Q27,Ireland,,
fest_Q7698448,fest_Q7698448,Q7698448,tradfest,TradFest,Festival,Q27,Ireland,,
fest_Q3744269,fest_Q3744269,Q3744269,festival filosofia,Festival Filosofia,Festival,Q38,Italy,2001-01-01,
fest_Q6635504,fest_Q6635504,Q6635504,daliah dancing festival,Daliah dancing festival,Festival,Q801,Israel,,
fest_Q12408685,fest_Q12408685,Q12408685,tel aviv's white night,Tel aviv's white night,Festival,Q801,Israel,,
fest_Q13109912,fest_Q13109912,Q13109912,athachamayam,Athachamayam,Festival,Q668,India,,
fest_Q3908479,fest_Q3908479,Q3908479,pordenonelegge,Pordenonelegge,Festival,Q38,Italy,,
fest_Q4787874,fest_Q4787874,Q4787874,ardee baroque festival,Ardee Baroque Festival,Festival,Q27,Ireland,,
fest_Q2979868,fest_Q2979868,Q2979868,hanuman jayanti,Hanuman Jayanti,Festival,Q668,India,,
fest_Q3910732,fest_Q3910732,Q3910732,premio chiara,Premio Chiara,Festival,Q38,Italy,,
fest_Q6810925,fest_Q6810925,Q6810925,mela maghi,Mela Maghi,Festival,Q668,India,,
fest_Q5475545,fest_Q5475545,Q5475545,prathamastami,Prathamastami,Festival,Q668,India,,
fest_Q6738769,fest_Q6738769,Q6738769,makaravilakku,Makaravilakku,Festival,Q668,India,,
fest_Q3883892,fest_Q3883892,Q3883892,operaestate festival veneto,Operaestate Festival Veneto,Festival,Q38,Italy,,
fest_Q7522234,fest_Q7522234,Q7522234,sindhu darshan festival,Sindhu Darshan Festival,Festival,Q668,India,,
fest_Q7368832,fest_Q7368832,Q7368832,roshd international film festival,Roshd International Film Festival,Festival,Q794,Iran,,
fest_Q5431407,fest_Q5431407,Q5431407,fajr international music festival,Fajr International Music Festival,Festival,Q794,Iran,,
fest_Q3650643,fest_Q3650643,Q3650643,calendimaggio festival in assisi,Calendimaggio festival in Assisi,Festival,Q38,Italy,,
fest_Q3494208,fest_Q3494208,Q3494208,spraoi,Spraoi,Festival,Q27,Ireland,,
fest_Q3651984,fest_Q3651984,Q3651984,campi hobbit,Campi Hobbit,Festival,Q38,Italy,1977-01-01,1981-01-01
fest_Q1141851,fest_Q1141851,Q1141851,seachtain na gaeilge,Seachtain na Gaeilge,Festival,Q27,Ireland,,
fest_Q3815261,fest_Q3815261,Q3815261,kilowatt festival,Kilowatt Festival,Festival,Q38,Italy,,
fest_Q6459626,fest_Q6459626,Q6459626,low festival,LOW Festival,Festival,Q28,Hungary,,
fest_Q2923922,fest_Q2923922,Q2923922,brazil festival of italy,Brazil Festival of Italy,Festival,Q38,Italy,,
fest_Q3744064,fest_Q3744064,Q3744064,festival of economics,Festival of Economics,Festival,Q38,Italy,,
fest_Q3874966,fest_Q3874966,Q3874966,netmage,Netmage,Festival,Q38,Italy,,
fest_Q16928366,fest_Q16928366,Q16928366,devaragutta dasara festival,Devaragutta Dasara festival,Festival,Q668,India,,
fest_Q2000081,fest_Q2000081,Q2000081,trl awards,TRL Awards,Festival,Q38,Italy,2006-01-01,
fest_Q7427940,fest_Q7427940,Q7427940,savaria historical carnival,Savaria Historical Carnival,Festival,Q28,Hungary,,
fest_Q3566356,fest_Q3566356,Q3566356,gangaur,Gangaur,Festival,Q668,India,,
fest_Q1850560,fest_Q1850560,Q1850560,diwali in gujarat,Diwali in Gujarat,Festival,Q668,India,,
fest_Q5620569,fest_Q5620569,Q5620569,guruvayur ekadasi,Guruvayur Ekadasi,Festival,Q668,India,,
fest_Q29271,fest_Q29271,Q29271,pongal,Pongal,Festival,Q668,India,,
fest_Q29271,fest_Q29271,Q29271,pongal,Pongal,Festival,Q668,India,,
fest_Q29271,fest_Q29271,Q29271,pongal,Pongal,Festival,Q668,India,,
fest_Q29271,fest_Q29271,Q29271,pongal,Pongal,Festival,Q668,India,,
fest_Q29271,fest_Q29271,Q29271,pongal,Pongal,Festival,Q668,India,,
fest_Q4900656,fest_Q4900656,Q4900656,bhagoria festival,Bhagoria Festival,Festival,Q668,India,,
fest_Q6697775,fest_Q6697775,Q6697775,lucknow mahotsav,Lucknow Mahotsav,Festival,Q668,India,,
fest_Q6697775,fest_Q6697775,Q6697775,lucknow mahotsav,Lucknow Mahotsav,Festival,Q668,India,,
fest_Q7723263,fest_Q7723263,Q7723263,the clare festival of traditional singing,The Clare Festival of Traditional Singing,Festival,Q27,Ireland,,
fest_Q13112508,fest_Q13112508,Q13112508,thiruvathira,Thiruvathira,Festival,Q668,India,,
fest_Q13112508,fest_Q13112508,Q13112508,thiruvathira,Thiruvathira,Festival,Q668,India,,
fest_Q12411505,fest_Q12411505,Q12411505,sacred defence week,Sacred Defence Week,Festival,Q794,Iran,,
fest_Q12976761,fest_Q12976761,Q12976761,kaanum pongal,Kaanum Pongal,Festival,Q668,India,,
fest_Q7967794,fest_Q7967794,Q7967794,wangala,Wangala,Festival,Q668,India,,
fest_Q5357459,fest_Q5357459,Q5357459,electric picnic,Electric Picnic,Festival,Q27,Ireland,,
fest_Q12414710,fest_Q12414710,Q12414710,ahoi ashtami,Ahoi Ashtami,Festival,Q668,India,,
fest_Q4121183,fest_Q4121183,Q4121183,durga puja in odisha,Durga Puja in Odisha,Festival,Q668,India,,
fest_Q870188,fest_Q870188,Q870188,sausage festival of csaba,Sausage festival of Csaba,Festival,Q28,Hungary,,
fest_Q10266,fest_Q10266,Q10266,raksha bandhan,Raksha Bandhan,Festival,Q668,India,,
fest_Q6393406,fest_Q6393406,Q6393406,kerala school kalolsavam,Kerala School Kalolsavam,Festival,Q668,India,,
fest_Q3660958,fest_Q3660958,Q3660958,cartoomics,Cartoomics,Festival,Q38,Italy,,
fest_Q3873386,fest_Q3873386,Q3873386,nauticsud,Nauticsud,Festival,Q38,Italy,,
fest_Q3663939,fest_Q3663939,Q3663939,cavallo di fuoco,Cavallo di fuoco,Festival,Q38,Italy,,
fest_Q10274,fest_Q10274,Q10274,vijayadashami,Vijayadashami,Festival,Q668,India,,
fest_Q16252492,fest_Q16252492,Q16252492,heikru hidongba,Heikru Hidongba,Festival,Q668,India,,
fest_Q7590951,fest_Q7590951,Q7590951,st patrick's festival,St. Patrick's Festival,Festival,Q27,Ireland,,
fest_Q3930568,fest_Q3930568,Q3930568,ravello festival,Ravello Festival,Festival,Q38,Italy,,
fest_Q5517546,fest_Q5517546,Q5517546,gajan,Gajan,Festival,Q668,India,,
fest_Q1138898,fest_Q1138898,Q1138898,crankworx,Crankworx,Festival,Q1735,Innsbruck,,
fest_Q220281,fest_Q220281,Q220281,vasant panchami,Vasant Panchami,Festival,Q668,India,,
fest_Q3876059,fest_Q3876059,Q3876059,nickelodeon kids' choice awards italy,Nickelodeon Kids' Choice Awards (Italy),Festival,Q38,Italy,,
fest_Q3778094,fest_Q3778094,Q3778094,oireachtas na gaeilge,Oireachtas na Gaeilge,Festival,Q27,Ireland,,
fest_Q3743989,fest_Q3743989,Q3743989,festambiente,Festambiente,Festival,Q38,Italy,,
fest_Q6506012,fest_Q6506012,Q6506012,lazio between europe and the mediterranean festival,Lazio between Europe and the Mediterranean Festival,Festival,Q38,Italy,,
fest_Q3686962,fest_Q3686962,Q3686962,itala kongreso de esperanto,Itala Kongreso de Esperanto,Festival,Q38,Italy,,
fest_Q3800067,fest_Q3800067,Q3800067,internazionale a ferrara,Internazionale a Ferrara,Festival,Q38,Italy,,
fest_Q5740920,fest_Q5740920,Q5740920,farabi international award,Farabi International Award,Festival,Q794,Iran,,
fest_Q4900574,fest_Q4900574,Q4900574,bhadu,Bhadu,Festival,Q668,India,,
fest_Q929250,fest_Q929250,Q929250,ganesh chaturthi,Ganesh Chaturthi,Festival,Q668,India,,
fest_Q1408417,fest_Q1408417,Q1408417,festa di piedigrotta,Festa di Piedigrotta,Festival,Q38,Italy,,
fest_Q1000998,fest_Q1000998,Q1000998,festivals in hollókő,Festivals in Hollókő,Festival,Q28,Hungary,,
fest_Q2612687,fest_Q2612687,Q2612687,mahavir janma kalyanak,Mahavir Janma Kalyanak,Festival,Q668,India,,
fest_Q851227,fest_Q851227,Q851227,international circus festival of budapest,International Circus Festival of Budapest,Festival,Q28,Hungary,,
fest_Q4929287,fest_Q4929287,Q4929287,blue jean country queen festival,Blue Jean Country Queen Festival,Festival,Q27,Ireland,,
fest_Q12418384,fest_Q12418384,Q12418384,karam,Karam,Festival,Q668,India,,
fest_Q25403019,fest_Q25403019,Q25403019,pesa vegia,Pesa vegia,Festival,Q38,Italy,,
fest_Q84034895,fest_Q84034895,Q84034895,fiera internazionale del tartufo bianco dalba,Fiera Internazionale del Tartufo Bianco d’Alba,Festival,Q38,Italy,,
fest_Q55394307,fest_Q55394307,Q55394307,guwahati theatre festival,Guwahati Theatre Festival,Festival,Q668,India,,
fest_Q125131651,fest_Q125131651,Q125131651,bundi utsav,Bundi Utsav,Festival,Q668,India,,
fest_Q20865624,fest_Q20865624,Q20865624,raja,Raja,Festival,Q668,India,,
fest_Q20473736,fest_Q20473736,Q20473736,istanbul tulip festival,Istanbul Tulip Festival,Festival,Q406,Istanbul,,
fest_Q115114411,fest_Q115114411,Q115114411,salso film tv festival,Salso Film & Tv Festival,Festival,Q38,Italy,,
fest_Q112244543,fest_Q112244543,Q112244543,festival di morgana,Festival di Morgana,Festival,Q38,Italy,,
fest_Q39089707,fest_Q39089707,Q39089707,tailteann games,Tailteann Games,Festival,Q27,Ireland,,
fest_Q25221777,fest_Q25221777,Q25221777,nirbhaya samaroh,Nirbhaya Samaroh,Festival,Q668,India,,
fest_Q123317902,fest_Q123317902,Q123317902,rogosin pedestrian festival,Rogosin Pedestrian Festival,Festival,Q801,Israel,,
fest_Q16381991,fest_Q16381991,Q16381991,ludi circenses,Ludi Circenses,Festival,Q38,Italy,,
fest_Q112244962,fest_Q112244962,Q112244962,macchina dei sogni,Macchina dei sogni,Festival,Q38,Italy,,
fest_Q85783217,fest_Q85783217,Q85783217,mahindra blues festival,Mahindra Blues Festival,Festival,Q668,India,2011-01-01,
fest_Q115867142,fest_Q115867142,Q115867142,media wave international film festival,Media Wave International Film Festival,Festival,Q28,Hungary,,
fest_Q110246928,fest_Q110246928,Q110246928,festival of the madonna of the arch,Festival of the Madonna of the Arch,Festival,Q38,Italy,,
fest_Q110246928,fest_Q110246928,Q110246928,festival of the madonna of the arch,Festival of the Madonna of the Arch,Festival,Q38,Italy,,
fest_Q17055916,fest_Q17055916,Q17055916,incident,Incident,Festival,Q668,India,,
fest_Q114759378,fest_Q114759378,Q114759378,experimental tools festival,Experimental Tools Festival,Festival,Q801,Israel,,
fest_Q114759378,fest_Q114759378,Q114759378,experimental tools festival,Experimental Tools Festival,Festival,Q801,Israel,,
fest_Q130316507,fest_Q130316507,Q130316507,pattern,pattern,Festival,Q27,Ireland,,
fest_Q64869351,fest_Q64869351,Q64869351,millenial road safety festival,Millenial Road Safety Festival,Festival,Q252,Indonesia,,
fest_Q22083939,fest_Q22083939,Q22083939,dalkey book festival,Dalkey Book Festival,Festival,Q27,Ireland,,
fest_Q131048138,fest_Q131048138,Q131048138,chhath in naihati,Chhath in Naihati,Festival,Q668,India,,
fest_Q21877233,fest_Q21877233,Q21877233,italian capital of culture,Italian Capital of Culture,Festival,Q38,Italy,2014-12-12,
fest_Q111851408,fest_Q111851408,Q111851408,saint patrick's festival,Saint Patrick's Festival,Festival,Q27,Ireland,,
fest_Q16860840,fest_Q16860840,Q16860840,garia puja,Garia Puja,Festival,Q668,India,,
fest_Q28670289,fest_Q28670289,Q28670289,fuochi di san martino,Fuochi di San Martino,Festival,Q38,Italy,,
fest_Q103839866,fest_Q103839866,Q103839866,chhadakhai,Chhadakhai,Festival,Q668,India,,
fest_Q67907801,fest_Q67907801,Q67907801,kati bihu,Kati Bihu,Festival,Q668,India,,
fest_Q20804296,fest_Q20804296,Q20804296,brihadeeswarar temple car festival,Brihadeeswarar Temple Car Festival,Festival,Q668,India,,
fest_Q98834424,fest_Q98834424,Q98834424,kerala school kalolsavam 2019-20,Kerala School Kalolsavam 2019-20,Festival,Q668,India,,
fest_Q65214040,fest_Q65214040,Q65214040,saparan bekakak,Saparan Bekakak,Festival,Q252,Indonesia,,
fest_Q24932976,fest_Q24932976,Q24932976,blues made in italy,Blues Made In Italy,Festival,Q38,Italy,,
fest_Q22570013,fest_Q22570013,Q22570013,kaveri pushkaram,Kaveri Pushkaram,Festival,Q668,India,,
fest_Q14866086,fest_Q14866086,Q14866086,bohag bihu,Bohag Bihu,Festival,Q668,India,,
fest_Q71421195,fest_Q71421195,Q71421195,nigunim betzedek,Nigunim Betzedek,Festival,Q801,Israel,,
fest_Q77031480,fest_Q77031480,Q77031480,fajr international poetry festival,Fajr International Poetry Festival,Festival,Q794,Iran,,
fest_Q77031480,fest_Q77031480,Q77031480,fajr international poetry festival,Fajr International Poetry Festival,Festival,Q794,Iran,,
fest_Q98149511,fest_Q98149511,Q98149511,na-khowa,Na-Khowa,Festival,Q668,India,,
fest_Q16711608,fest_Q16711608,Q16711608,soviet-indian friendship festival,Soviet-Indian Friendship Festival,Festival,Q668,India,1987-01-01,1988-01-01
fest_Q19894688,fest_Q19894688,Q19894688,national tribal dance festival,National Tribal Dance Festival,Festival,Q668,India,,
fest_Q110635856,fest_Q110635856,Q110635856,bikaner camel festival,Bikaner Camel Festival,Festival,Q668,India,,
fest_Q17155473,fest_Q17155473,Q17155473,waves,Waves,Festival,Q668,India,,
fest_Q60401334,fest_Q60401334,Q60401334,maipi mela,Maipi Mela,Festival,Q668,India,,
fest_Q24946222,fest_Q24946222,Q24946222,lui ngai ni,Lui Ngai Ni,Festival,Q668,India,,
fest_Q15725354,fest_Q15725354,Q15725354,sudasha brata,Sudasha Brata,Festival,Q668,India,,
fest_Q117881465,fest_Q117881465,Q117881465,naturalmente tecnologici,Naturalmente Tecnologici,Festival,Q38,Italy,,
fest_Q24906814,fest_Q24906814,Q24906814,abu tv song festival 2016,ABU TV Song Festival 2016,Festival,Q252,Indonesia,,2016-10-22
fest_Q25456037,fest_Q25456037,Q25456037,lift festival of lesbian identities,LIFT – Festival of Lesbian identities,Festival,Q28,Hungary,,
fest_Q130263899,fest_Q130263899,Q130263899,animix festival,ANIMIX Festival,Festival,Q801,Israel,,
fest_Q130263899,fest_Q130263899,Q130263899,animix festival,ANIMIX Festival,Festival,Q801,Israel,,
fest_Q24948797,fest_Q24948797,Q24948797,bihar utsav,Bihar Utsav,Festival,Q668,India,,
fest_Q24948797,fest_Q24948797,Q24948797,bihar utsav,Bihar Utsav,Festival,Q668,India,,
fest_Q113232600,fest_Q113232600,Q113232600,ādi kārthigai,Ādi Kārthigai,Festival,Q668,India,,
fest_Q113232600,fest_Q113232600,Q113232600,ādi kārthigai,Ādi Kārthigai,Festival,Q668,India,,
fest_Q18394262,fest_Q18394262,Q18394262,thomso,Thomso,Festival,Q668,India,1982-01-01,
fest_Q12814124,fest_Q12814124,Q12814124,east fest,East Fest,Festival,Q28,Hungary,,
fest_Q17165267,fest_Q17165267,Q17165267,ambon bay festival,Ambon bay festival,Festival,Q252,Indonesia,,
fest_Q28173741,fest_Q28173741,Q28173741,kolkata christmas festival,Kolkata Christmas Festival,Festival,Q668,India,,
fest_Q60839734,fest_Q60839734,Q60839734,estasia,EstAsia,Festival,Q38,Italy,,
fest_Q43086327,fest_Q43086327,Q43086327,torinodanza,TorinoDanza,Festival,Q38,Italy,,
fest_Q31441022,fest_Q31441022,Q31441022,chitra pournami,Chitra Pournami,Festival,Q668,India,,
fest_Q16978118,fest_Q16978118,Q16978118,nenmara vallanghy vela,Nenmara Vallanghy Vela,Festival,Q668,India,,
fest_Q123322335,fest_Q123322335,Q123322335,rehovot international living statues festival,Rehovot International Living Statues Festival,Festival,Q801,Israel,,2023-01-01
fest_Q85991453,fest_Q85991453,Q85991453,night light festival,Night Light Festival,Festival,Q801,Israel,2014-12-01,
fest_Q64347560,fest_Q64347560,Q64347560,dasai festival,Dasai festival,Festival,Q668,India,,
fest_Q96405323,fest_Q96405323,Q96405323,serendipity arts festival,Serendipity Arts Festival,Festival,Q668,India,,
fest_Q38410682,fest_Q38410682,Q38410682,gaan-ngai,Gaan-Ngai,Festival,Q668,India,,
fest_Q97228727,fest_Q97228727,Q97228727,bohada,Bohada,Festival,Q668,India,,
fest_Q16978056,fest_Q16978056,Q16978056,chapchar kut festival,Chapchar Kut Festival,Festival,Q668,India,,
fest_Q18110072,fest_Q18110072,Q18110072,baha parab,Baha parab,Festival,Q668,India,,
fest_Q117705764,fest_Q117705764,Q117705764,sabha,Sabha,Festival,Q668,India,,
fest_Q117336720,fest_Q117336720,Q117336720,youth festival 2012,Youth Festival 2012,Festival,Q668,India,,
fest_Q117336720,fest_Q117336720,Q117336720,youth festival 2012,Youth Festival 2012,Festival,Q668,India,,
fest_Q25681834,fest_Q25681834,Q25681834,goru bihu,Goru Bihu,Festival,Q668,India,,
fest_Q126888046,fest_Q126888046,Q126888046,sankar janmotsav,Sankar Janmotsav,Festival,Q668,India,,
fest_Q43065638,fest_Q43065638,Q43065638,untimely festival,Untimely Festival,Festival,Q794,Iran,,
fest_Q15723965,fest_Q15723965,Q15723965,khudurukuni,Khudurukuni,Festival,Q668,India,,
fest_Q97342916,fest_Q97342916,Q97342916,városmajori színházi szemle,Városmajori Színházi Szemle,Festival,Q28,Hungary,,
fest_Q55829521,fest_Q55829521,Q55829521,romaeuropa festival,Romaeuropa Festival,Festival,Q38,Italy,,
fest_Q55829521,fest_Q55829521,Q55829521,romaeuropa festival,Romaeuropa Festival,Festival,Q38,Italy,,
fest_Q124789039,fest_Q124789039,Q124789039,basanta uṯsab,Basanta Uṯsab,Festival,Q668,India,,
fest_Q25689308,fest_Q25689308,Q25689308,shigmo,Shigmo,Festival,Q668,India,,
fest_Q111718869,fest_Q111718869,Q111718869,sakshama,Sakshama,Festival,Q668,India,,
fest_Q112134795,fest_Q112134795,Q112134795,reh festival,Reh festival,Festival,Q668,India,,
fest_Q15692984,fest_Q15692984,Q15692984,maghi,Maghi,Festival,Q668,India,,
fest_Q10244,fest_Q16973943,Q16973943,diwali,Diwali,Festival,Q668,India,,
fest_Q60747577,fest_Q60747577,Q60747577,agera,Agera,Festival,Q668,India,,
fest_Q60747577,fest_Q60747577,Q60747577,agera,Agera,Festival,Q668,India,,
fest_Q130260067,fest_Q130260067,Q130260067,cutting chai festival,Cutting Chai Festival,Festival,Q668,India,,
fest_Q17049325,fest_Q17049325,Q17049325,anwesha,Anwesha,Festival,Q668,India,,
fest_Q119350367,fest_Q119350367,Q119350367,festa dell'amicizia,Festa dell'Amicizia,Festival,Q38,Italy,,
fest_Q16956249,fest_Q16956249,Q16956249,new ross piano festival,New Ross Piano Festival,Festival,Q27,Ireland,,
fest_Q15724870,fest_Q15724870,Q15724870,budhei osa,Budhei Osa,Festival,Q668,India,,
fest_Q85800902,fest_Q85800902,Q85800902,shirui lily festival,Shirui Lily Festival,Festival,Q668,India,,
fest_Q123392539,fest_Q123392539,Q123392539,insignia festival,Insignia (festival),Festival,Q668,India,,
fest_Q113645107,fest_Q113645107,Q113645107,gaeltacht pride,Gaeltacht Pride,Festival,Q27,Ireland,,
fest_Q42417212,fest_Q42417212,Q42417212,stendhal festival,Stendhal Festival,Festival,Q27,Ireland,,
fest_Q128215295,fest_Q128215295,Q128215295,premio satira politica forte dei marmi,Premio Satira Politica Forte dei Marmi,Festival,Q38,Italy,,
fest_Q28687631,fest_Q28687631,Q28687631,ennichisai,Ennichisai,Festival,Q252,Indonesia,,
fest_Q56323566,fest_Q56323566,Q56323566,corteggio storico,Corteggio storico,Festival,Q38,Italy,,
fest_Q60366965,fest_Q60366965,Q60366965,kurala panchami,Kurala Panchami,Festival,Q668,India,,
fest_Q85770548,fest_Q85770548,Q85770548,jakarta international literary festival,Jakarta International Literary Festival,Festival,Q252,Indonesia,,
fest_Q85770548,fest_Q85770548,Q85770548,jakarta international literary festival,Jakarta International Literary Festival,Festival,Q252,Indonesia,,
fest_Q26721262,fest_Q26721262,Q26721262,zsámbék summer theatre and festival,Zsámbék Summer Theatre and Festival,Festival,Q28,Hungary,,
fest_Q95589843,fest_Q95589843,Q95589843,festival del teatro patologico,Festival del Teatro Patologico,Festival,Q38,Italy,,
fest_Q95589843,fest_Q95589843,Q95589843,festival del teatro patologico,Festival del Teatro Patologico,Festival,Q38,Italy,,
fest_Q63430531,fest_Q63430531,Q63430531,global chess festival,Global Chess Festival,Festival,Q28,Hungary,,
fest_Q61037369,fest_Q61037369,Q61037369,festival del viaggio,Festival del Viaggio,Festival,Q38,Italy,,
fest_Q48725466,fest_Q48725466,Q48725466,jackfruit festival,Jackfruit Festival,Festival,Q668,India,,
fest_Q97482010,fest_Q97482010,Q97482010,shaghayegh kalposh plain festival,Shaghayegh Kalposh Plain Festival,Festival,Q794,Iran,,
fest_Q30637839,fest_Q30637839,Q30637839,sunny side up tropical festival,Sunny Side Up Tropical Festival,Festival,Q252,Indonesia,,
fest_Q48806384,fest_Q48806384,Q48806384,rock targato italia,Rock Targato Italia,Festival,Q38,Italy,,
fest_Q115069039,fest_Q115069039,Q115069039,bada osha,Bada Osha,Festival,Q668,India,,
fest_Q109981193,fest_Q109981193,Q109981193,san gio' verona video festival,San Gio' Verona Video Festival,Festival,Q38,Italy,,
fest_Q21013223,fest_Q21013223,Q21013223,palazzolo digital festival,Palazzolo Digital Festival,Festival,Q38,Italy,2012-01-01,
fest_Q108701707,fest_Q108701707,Q108701707,internet festival,Internet Festival,Festival,Q38,Italy,,
fest_Q43085956,fest_Q43085956,Q43085956,short theatre,Short Theatre,Festival,Q38,Italy,,
fest_Q123998626,fest_Q123998626,Q123998626,sundarban kristi mela o loko sanskriti utsab,Sundarban Kristi Mela o Loko Sanskriti Utsab,Festival,Q668,India,,
fest_Q30623004,fest_Q30623004,Q30623004,soma festival,Soma Festival,Festival,Q27,Ireland,,
fest_Q136600665,fest_Q136600665,Q136600665,phawangkut,Phawangkut,Festival,Q668,India,,
fest_Q1187361,fest_Q1187361,Q1187361,bologna motor show,Bologna Motor Show,Festival,Q38,Italy,,
fest_Q13092254,fest_Q13092254,Q13092254,brokohan,Brokohan,Event,Q252,Indonesia,,
fest_Q136933916,fest_Q136933916,Q136933916,basavanagudi kadalekai parishe 2025,Basavanagudi Kadalekai Parishe (2025),Festival,Q668,India,,
fest_Q104836203,fest_Q104836203,Q104836203,festa e fiera di santa maria della lizza,Festa e Fiera di Santa Maria della Lizza,Event,Q38,Italy,,
fest_Q550430,fest_Q550430,Q550430,gen con,Gen Con,Festival,Q6346,Indianapolis,1968-01-01,
fest_Q115498546,fest_Q115498546,Q115498546,thanksgiving ceremony for upgrading bavar-373,Thanksgiving ceremony for upgrading Bavar-373,Event,Q794,Iran,,
fest_Q139714127,fest_Q139714127,Q139714127,festa della perdonanza,Festa della Perdonanza,Event,Q38,Italy,,
fest_Q136398922,fest_Q136398922,Q136398922,rantia baras,Rantia Baras,Festival,Q668,India,,
fest_Q134487457,fest_Q134487457,Q134487457,borobudur vesak lantern festival,Borobudur Vesak Lantern Festival,Festival,Q252,Indonesia,,
fest_Q121029169,fest_Q121029169,Q121029169,everyone has a name,Everyone Has a Name,Event,Q801,Israel,,
fest_Q5641261,fest_Q5641261,Q5641261,haldi kumkum,Haldi Kumkum,Event,Q668,India,,
fest_Q6382557,fest_Q6382557,Q6382557,keddaso,Keddaso,Event,Q668,India,,
fest_Q57981141,fest_Q57981141,Q57981141,leut,Leut,Event,Q252,Indonesia,,
fest_Q109334637,fest_Q109334637,Q109334637,lulo sangia,Lulo Sangia,Event,Q252,Indonesia,,
fest_Q12521717,fest_Q12521717,Q12521717,tiwah,Tiwah,Event,Q252,Indonesia,,
fest_Q116286589,fest_Q116286589,Q116286589,idf chiefs of staff change of command ceremony,IDF chiefs of Staff change of command ceremony,Event,Q801,Israel,,
fest_Q136759957,fest_Q136759957,Q136759957,9th malleshwaram kadalekai parishe 2025,9th Malleshwaram Kadalekai Parishe (2025),Festival,Q668,India,,
fest_Q138977692,fest_Q138977692,Q138977692,maa parv,Maa Parv,Festival,Q668,India,,
fest_Q108099976,fest_Q108099976,Q108099976,usaba dimel,Usaba Dimel,Event,Q252,Indonesia,,
fest_Q13095105,fest_Q13095105,Q13095105,midodaren,Midodaren,Event,Q252,Indonesia,,
fest_Q131709321,fest_Q131709321,Q131709321,gangireddu decorated bull,Gangireddu (Decorated Bull),Festival,Q668,India,,
fest_Q3944237,fest_Q3944237,Q3944237,sabato fascista,Sabato fascista,Event,Q38,Italy,,
fest_Q3739491,fest_Q3739491,Q3739491,faradda di li candareri,Faradda di li candareri,Event,Q38,Italy,,
fest_Q17194409,fest_Q17194409,Q17194409,mecaru,Mecaru,Event,Q252,Indonesia,,
fest_Q133871646,fest_Q133871646,Q133871646,roja fakuwa,Roja Fakuwa,Festival,Q668,India,,
fest_Q7959468,fest_Q7959468,Q7959468,wagah-attari border ceremony,Wagah-Attari border ceremony,Event,Q668,India,,
fest_Q7959468,fest_Q7959468,Q7959468,wagah-attari border ceremony,Wagah-Attari border ceremony,Event,Q668,India,,
fest_Q3708591,fest_Q3708591,Q3708591,diotto,Diotto,Event,Q38,Italy,,
fest_Q97455494,fest_Q97455494,Q97455494,usaba dangsil,Usaba Dangsil,Event,Q252,Indonesia,,
fest_Q12473228,fest_Q12473228,Q12473228,badewa,Badewa,Event,Q252,Indonesia,,
fest_Q13095413,fest_Q13095413,Q13095413,ngerik,Ngerik,Event,Q252,Indonesia,,
fest_Q6898689,fest_Q6898689,Q6898689,mondei,Mondei,Event,Q668,India,,
fest_Q135274167,fest_Q135274167,Q135274167,bathukamma,Bathukamma,Festival,Q668,India,,
fest_Q12407714,fest_Q12407714,Q12407714,israeli independence day ceremony,Israeli Independence Day ceremony,Event,Q801,Israel,,
fest_Q19409,fest_Q19409,Q19409,hong kong film awards,Hong Kong Film Awards,Festival,Q8646,Hong Kong,1982-01-01,
fest_Q19409,fest_Q19409,Q19409,hong kong film awards,Hong Kong Film Awards,Festival,Q8646,Hong Kong,1982-01-01,
fest_Q132650050,fest_Q132650050,Q132650050,ambassador david friedman and pm benjamin netanyahu visit to uss ross port of ashdod october 2018,"Ambassador David Friedman and PM Benjamin Netanyahu visit to USS Ross, Port of Ashdod, October 2018",Event,Q801,Israel,,
fest_Q13095713,fest_Q13095713,Q13095713,panggih,Panggih,Event,Q252,Indonesia,,
fest_Q804457,fest_Q804457,Q804457,baklahorani,Baklahorani,Festival,Q406,Istanbul,,
fest_Q138744640,fest_Q138744640,Q138744640,the wellness carnival,The Wellness Carnival,Festival,Q668,India,,
fest_Q118947258,fest_Q118947258,Q118947258,pidakala war,Pidakala War,Event,Q668,India,,
fest_Q137796949,fest_Q137796949,Q137796949,jaipur literature festival 2026,Jaipur Literature Festival 2026,Festival,Q668,India,,
fest_Q137796949,fest_Q137796949,Q137796949,jaipur literature festival 2026,Jaipur Literature Festival 2026,Festival,Q668,India,,
fest_Q13092031,fest_Q13092031,Q13092031,bebali,Bebali,Event,Q252,Indonesia,,
fest_Q48735009,fest_Q48735009,Q48735009,chhattisgarh rajyotsav,Chhattisgarh Rajyotsav,Event,Q668,India,,
fest_Q139936502,fest_Q139936502,Q139936502,digital security festival,Digital Security Festival,Festival,Q38,Italy,,
fest_Q131198847,fest_Q131198847,Q131198847,inauguration of the makom balev memorial ashdod,"Inauguration of the Makom BaLev memorial, Ashdod",Event,Q801,Israel,,
fest_Q109803885,fest_Q109803885,Q109803885,opening ceremony of the first knesset,Opening ceremony of the first Knesset,Event,Q801,Israel,,
fest_Q109803885,fest_Q109803885,Q109803885,opening ceremony of the first knesset,Opening ceremony of the first Knesset,Event,Q801,Israel,,
fest_Q1274953,fest_Q1274953,Q1274953,eicma,EICMA,Festival,Q38,Italy,,
fest_Q13092045,fest_Q13092045,Q13092045,bekakak,Bekakak,Event,Q252,Indonesia,,
fest_Q5068768,fest_Q5068768,Q5068768,chalio,Chalio,Event,Q668,India,,
fest_Q17199583,fest_Q17199583,Q17199583,bukakak,Bukakak,Event,Q252,Indonesia,,
fest_Q136122140,fest_Q136122140,Q136122140,festival delle libertà digitali,Festival delle Libertà Digitali,Festival,Q38,Italy,,
fest_Q373713,fest_Q373713,Q373713,l'eroica,L'Eroica,Festival,Q38,Italy,,
fest_Q12498656,fest_Q12498656,Q12498656,miya,Miya,Event,Q252,Indonesia,,
fest_Q65663280,fest_Q65663280,Q65663280,pesta srada,Pesta Srada,Event,Q252,Indonesia,,
fest_Q138041518,fest_Q138041518,Q138041518,ceremony of the selamlik,Ceremony of the Selamlik,Event,Q406,Istanbul,,
fest_Q3958383,fest_Q3958383,Q3958383,settimana santa di ispica,Settimana santa di Ispica,Event,Q38,Italy,,
fest_Q25487937,fest_Q25487937,Q25487937,declaration of israeli independence,declaration of Israeli independence,Event,Q801,Israel,,
fest_Q41686878,fest_Q41686878,Q41686878,sindur khela,Sindur Khela,Event,Q668,India,,
fest_Q13096970,fest_Q13096970,Q13096970,sepasaran,Sepasaran,Event,Q252,Indonesia,,
fest_Q124328397,fest_Q124328397,Q124328397,ram mandir prana pratishtha,Ram Mandir Prana Pratishtha,Event,Q668,India,,
fest_Q6346722,fest_Q6346722,Q6346722,kagyed,Kagyed,Event,Q668,India,,
fest_Q134293383,fest_Q134293383,Q134293383,krishnabai utsav,Krishnabai Utsav,Festival,Q668,India,,
fest_Q30601521,fest_Q30601521,Q30601521,goa arts and literature festival,Goa Arts and Literature Festival,Event,Q668,India,,
fest_Q3844193,fest_Q3844193,Q3844193,mamuthone,mamuthone,Event,Q38,Italy,,
fest_Q136122216,fest_Q136122216,Q136122216,basilicata wiki fest,Basilicata Wiki Fest,Festival,Q38,Italy,,
fest_Q648132,fest_Q648132,Q648132,prix italia,Prix Italia,Festival,Q38,Italy,,
fest_Q13095481,fest_Q13095481,Q13095481,nyatus,Nyatus,Event,Q252,Indonesia,,
fest_Q106511747,fest_Q106511747,Q106511747,pennant to the fallen,Pennant to the Fallen,Event,Q801,Israel,,
fest_Q3633448,fest_Q3633448,Q3633448,ballo dei diavoli,Ballo dei diavoli,Event,Q38,Italy,,
fest_Q3637123,fest_Q3637123,Q3637123,baìo,Baìo,Event,Q38,Italy,,
fest_Q23689139,fest_Q23689139,Q23689139,torgya,Torgya,Event,Q668,India,,
fest_Q111917713,fest_Q111917713,Q111917713,opening session of the 7th knesset 1969,"Opening session of the 7th Knesset, 1969",Event,Q801,Israel,,
fest_Q111917713,fest_Q111917713,Q111917713,opening session of the 7th knesset 1969,"Opening session of the 7th Knesset, 1969",Event,Q801,Israel,,
fest_Q17195088,fest_Q17195088,Q17195088,ngempugin,Ngempugin,Event,Q252,Indonesia,,
fest_Q131831137,fest_Q131831137,Q131831137,yair nitzani receiving the title of honorary scientist,Yair Nitzani receiving the title of Honorary Scientist,Event,Q801,Israel,,
fest_Q56392653,fest_Q56392653,Q56392653,larungan risalah doa,Larungan Risalah Doa,Event,Q252,Indonesia,,
fest_Q69372573,fest_Q69372573,Q69372573,lukat geni,Lukat Geni,Event,Q252,Indonesia,,
fest_Q16964039,fest_Q16964039,Q16964039,gorehabba,Gorehabba,Event,Q668,India,,
fest_Q138643827,fest_Q138643827,Q138643827,international kite festival,International Kite Festival,Festival,Q38,Italy,,
fest_Q1152140,fest_Q1152140,Q1152140,marriage of the sea ceremony,Marriage of the Sea ceremony,Event,Q38,Italy,,
fest_Q7071224,fest_Q7071224,Q7071224,nyokum,Nyokum,Event,Q668,India,,
fest_Q13196173,fest_Q13196173,Q13196173,fistinu,Fistinu,Event,Q38,Italy,,
fest_Q13196173,fest_Q13196173,Q13196173,fistinu,Fistinu,Event,Q38,Italy,,
fest_Q17017832,fest_Q17017832,Q17017832,delhi republic day parade,Delhi Republic Day parade,Festival,Q668,India,,
fest_Q5522281,fest_Q5522281,Q5522281,garden party,Garden Party,Festival,Q27,Ireland,,
fest_Q17064752,fest_Q17064752,Q17064752,khairatabad ganesh,Khairatabad Ganesh,Festival,Q668,India,,
fest_Q1105963,fest_Q1105963,Q1105963,kecskemét air show,Kecskemét Air Show,Festival,Q28,Hungary,,
fest_Q7287106,fest_Q7287106,Q7287106,rally of the lakes,Rally of the Lakes,Festival,Q27,Ireland,,
fest_Q6802890,fest_Q6802890,Q6802890,mae-dam-mae-phi,Mae-Dam-Mae-Phi,Festival,Q668,India,,
fest_Q13157160,fest_Q13157160,Q13157160,corn uí riada,Corn Uí Riada,Festival,Q27,Ireland,,
fest_Q5310979,fest_Q5310979,Q5310979,dublin theatre festival,Dublin Theatre Festival,Festival,Q27,Ireland,,
fest_Q7969890,fest_Q7969890,Q7969890,warpcon,Warpcon,Festival,Q27,Ireland,,
fest_Q137767146,fest_Q137767146,Q137767146,chief military police officer change of command ceremony 2025,"Chief Military Police Officer change of command ceremony, 2025",Event,Q801,Israel,,
fest_Q12482909,fest_Q12482909,Q12482909,jakarta great sale festival,Jakarta Great Sale Festival,Festival,Q252,Indonesia,,
fest_Q16129946,fest_Q16129946,Q16129946,world congress of jewish studies,World Congress of Jewish Studies,Festival,Q801,Israel,,
fest_Q6020036,fest_Q6020036,Q6020036,wings india,Wings India,Festival,Q668,India,,
fest_Q22906209,fest_Q22906209,Q22906209,krishna pushkaralu,Krishna Pushkaralu,Festival,Q668,India,,
fest_Q21099719,fest_Q21099719,Q21099719,mahamaham,Mahamaham,Festival,Q668,India,,
fest_Q3908551,fest_Q3908551,Q3908551,porretta soul festival,Porretta Soul Festival,Festival,Q38,Italy,,
fest_Q4855058,fest_Q4855058,Q4855058,bengaluru karaga,Bengaluru Karaga,Festival,Q668,India,,
fest_Q1070962,fest_Q1070962,Q1070962,lucca comics games,Lucca Comics & Games,Festival,Q38,Italy,,
fest_Q4765082,fest_Q4765082,Q4765082,animation-comic-game hong kong,Animation-Comic-Game Hong Kong,Festival,Q8646,Hong Kong,,
fest_Q4765082,fest_Q4765082,Q4765082,animation-comic-game hong kong,Animation-Comic-Game Hong Kong,Festival,Q8646,Hong Kong,,
fest_Q7586372,fest_Q7586372,Q7586372,srijan,Srijan,Festival,Q668,India,,
fest_Q4829513,fest_Q4829513,Q4829513,nihon no matsuri,Nihon no Matsuri,Festival,Q252,Indonesia,2007-01-01,
fest_Q16996002,fest_Q16996002,Q16996002,houstoncon,Houstoncon,Festival,Q16555,Houston,,
fest_Q13628754,fest_Q13628754,Q13628754,baresahariya bhaona,Baresahariya Bhaona,Festival,Q668,India,,
fest_Q15699373,fest_Q15699373,Q15699373,godavari maha pushkaram,Godavari Maha Pushkaram,Festival,Q668,India,,
fest_Q3853891,fest_Q3853891,Q3853891,meeting for friendship among peoples,Meeting for friendship among peoples,Festival,Q38,Italy,1980-01-01,
fest_Q23791036,fest_Q23791036,Q23791036,55th venice biennale,55th Venice Biennale,Festival,Q38,Italy,2013-06-01,2013-11-24
fest_Q5295611,fest_Q5295611,Q5295611,donegal international rally,Donegal International Rally,Festival,Q27,Ireland,,
fest_Q22908798,fest_Q22908798,Q22908798,sindhu pushkaram,Sindhu Pushkaram,Festival,Q668,India,,
fest_Q7069037,fest_Q7069037,Q7069037,numaish,Numaish,Festival,Q668,India,,
fest_Q22908514,fest_Q22908514,Q22908514,sarasvati pushkaram,Sarasvati Pushkaram,Festival,Q668,India,,
fest_Q19894876,fest_Q19894876,Q19894876,odisha solar conference,Odisha Solar Conference,Festival,Q668,India,,
fest_Q7564977,fest_Q7564977,Q7564977,soundtrack '08,Soundtrack '08,Festival,Q27,Ireland,,
fest_Q3722420,fest_Q3722420,Q3722420,italian general election,Italian general election,Festival,Q38,Italy,,
fest_Q3782780,fest_Q3782780,Q3782780,earagail arts festival,Earagail Arts Festival,Festival,Q27,Ireland,,
fest_Q6124460,fest_Q6124460,Q6124460,jakarta fashion week,Jakarta Fashion Week,Festival,Q252,Indonesia,,
fest_Q6124460,fest_Q6124460,Q6124460,jakarta fashion week,Jakarta Fashion Week,Festival,Q252,Indonesia,,
fest_Q4854733,fest_Q4854733,Q4854733,bandung berisik,Bandung Berisik,Festival,Q252,Indonesia,,
fest_Q5655482,fest_Q5655482,Q5655482,hard working class heroes,Hard Working Class Heroes,Festival,Q27,Ireland,,
fest_Q19895155,fest_Q19895155,Q19895155,patliputra natya mahotsav,Patliputra Natya Mahotsav,Festival,Q668,India,,
fest_Q19895159,fest_Q19895159,Q19895159,patna sahib mahotsav,Patna Sahib Mahotsav,Festival,Q668,India,,
fest_Q20422823,fest_Q20422823,Q20422823,arba'een pilgrimage,Arba'een Pilgrimage,Festival,Q796,Iraq,,
fest_Q1473135,fest_Q1473135,Q1473135,ünnepi könyvhét,Ünnepi Könyvhét,Festival,Q28,Hungary,,
fest_Q3005611,fest_Q3005611,Q3005611,international kite festival in gujarat uttarayan,International Kite Festival in Gujarat – Uttarayan,Festival,Q668,India,,
fest_Q11351906,fest_Q11351906,Q11351906,international competition valsesia musica,International Competition “Valsesia Musica”,Festival,Q38,Italy,1981-01-01,
fest_Q3348778,fest_Q3348778,Q3348778,international kolkata book fair,International Kolkata Book Fair,Festival,Q668,India,1976-01-01,
fest_Q3348778,fest_Q3348778,Q3348778,international kolkata book fair,International Kolkata Book Fair,Festival,Q668,India,1976-01-01,
fest_Q20046372,fest_Q20046372,Q20046372,music fest perugia,Music Fest Perugia,Festival,Q38,Italy,,
fest_Q6692029,fest_Q6692029,Q6692029,lovebox dublin,Lovebox Dublin,Festival,Q27,Ireland,,
fest_Q20012080,fest_Q20012080,Q20012080,rally di roma capitale,Rally di Roma Capitale,Festival,Q38,Italy,,
fest_Q7798281,fest_Q7798281,Q7798281,thrissur pooram exhibition,Thrissur Pooram Exhibition,Festival,Q668,India,,
fest_Q24946759,fest_Q24946759,Q24946759,kerala fashion league,Kerala Fashion League,Festival,Q668,India,2015-01-01,
fest_Q7250378,fest_Q7250378,Q7250378,propose day,Propose Day,Festival,Q668,India,,
fest_Q3586557,fest_Q3586557,Q3586557,italian presidential elections,Italian presidential elections,Festival,Q38,Italy,,
fest_Q3635091,fest_Q3635091,Q3635091,vat purnima,Vat Purnima,Festival,Q668,India,,
fest_Q17038407,fest_Q17038407,Q17038407,sha tin trophy,Sha Tin Trophy,Festival,Q8646,Hong Kong,1978-10-07,
fest_Q17332549,fest_Q17332549,Q17332549,bosm,BOSM,Festival,Q668,India,,
fest_Q1353202,fest_Q1353202,Q1353202,wiki loves monuments,Wiki Loves Monuments,Festival,Q38,Italy,,
fest_Q1353202,fest_Q1353202,Q1353202,wiki loves monuments,Wiki Loves Monuments,Festival,Q38,Italy,,
fest_Q3595695,fest_Q3595695,Q3595695,puli kali,Puli Kali,Festival,Q668,India,,
fest_Q6008722,fest_Q6008722,Q6008722,inconjunction,InConJunction,Festival,Q6346,Indianapolis,,
fest_Q22906181,fest_Q22906181,Q22906181,komikazen,Komikazen,Festival,Q38,Italy,,
fest_Q6745431,fest_Q6745431,Q6745431,mamankam festival,Mamankam festival,Festival,Q668,India,,
fest_Q5894753,fest_Q5894753,Q5894753,hong kong international lighting fair,Hong Kong International Lighting Fair,Festival,Q8646,Hong Kong,,
fest_Q16250045,fest_Q16250045,Q16250045,indian army day,Indian Army Day,Festival,Q668,India,,
fest_Q8422162,fest_Q8422162,Q8422162,hong kong 1 july marches,Hong Kong 1 July marches,Festival,Q8646,Hong Kong,,
fest_Q8422162,fest_Q8422162,Q8422162,hong kong 1 july marches,Hong Kong 1 July marches,Festival,Q8646,Hong Kong,,
fest_Q5424333,fest_Q5424333,Q5424333,fai cup final,FAI Cup Final,Festival,Q27,Ireland,,
fest_Q12456876,fest_Q12456876,Q12456876,ujjain simhastha,Ujjain Simhastha,Festival,Q668,India,,
fest_Q2747677,fest_Q2747677,Q2747677,chitra vichitra fair,Chitra Vichitra Fair,Festival,Q668,India,,
fest_Q1068874,fest_Q1068874,Q1068874,a symphony of lights,A Symphony of Lights,Festival,Q8646,Hong Kong,,
fest_Q1068874,fest_Q1068874,Q1068874,a symphony of lights,A Symphony of Lights,Festival,Q8646,Hong Kong,,
fest_Q7580485,fest_Q7580485,Q7580485,spring fest,Spring Fest,Festival,Q668,India,,
fest_Q5473422,fest_Q5473422,Q5473422,fossavatnsgangan,Fossavatnsgangan,Festival,Q189,Iceland,,
fest_Q25345632,fest_Q25345632,Q25345632,atmos,ATMOS,Festival,Q668,India,,
fest_Q22908572,fest_Q22908572,Q22908572,ganga pushkaram,Ganga Pushkaram,Festival,Q668,India,,
fest_Q24590470,fest_Q24590470,Q24590470,international civil engineering symposium,International Civil Engineering Symposium,Festival,Q668,India,,
fest_Q6052829,fest_Q6052829,Q6052829,international sabancı theater festival,International Sabancı Theater Festival,Festival,Q406,Istanbul,1999-01-01,
fest_Q6735005,fest_Q6735005,Q6735005,mahurat trading,Mahurat trading,Festival,Q668,India,,
fest_Q3361439,fest_Q3361439,Q3361439,palio of legnano,palio of Legnano,Festival,Q38,Italy,,
fest_Q5091429,fest_Q5091429,Q5091429,chennai book fair,Chennai Book Fair,Festival,Q668,India,1977-12-14,
fest_Q16869136,fest_Q16869136,Q16869136,art jog,Art Jog,Festival,Q252,Indonesia,2008-01-01,
fest_Q18155396,fest_Q18155396,Q18155396,midburn,Midburn,Festival,Q801,Israel,,
fest_Q25313319,fest_Q25313319,Q25313319,asia new star model festival - face of india,Asia New Star Model Festival - Face of India,Festival,Q668,India,,
fest_Q3945748,fest_Q3945748,Q3945748,terra madre salone del gusto,Terra Madre Salone del Gusto,Festival,Q38,Italy,1996-01-01,
fest_Q10859603,fest_Q10859603,Q10859603,international iran air show,International Iran Air Show,Festival,Q794,Iran,,
fest_Q17068401,fest_Q17068401,Q17068401,lakme fashion week,Lakme Fashion Week,Festival,Q668,India,,
fest_Q7111889,fest_Q7111889,Q7111889,outburst queer arts festival belfast,Outburst Queer Arts Festival Belfast,Festival,Q27,Ireland,,
fest_Q17143301,fest_Q17143301,Q17143301,ziggurat con,Ziggurat Con,Festival,Q796,Iraq,2007-01-01,
fest_Q13121950,fest_Q13121950,Q13121950,nashik-trimbakeshwar simhastha,Nashik-Trimbakeshwar Simhastha,Festival,Q668,India,,
fest_Q5151748,fest_Q5151748,Q5151748,comic con india,Comic Con India,Festival,Q668,India,2011-01-01,
fest_Q16931036,fest_Q16931036,Q16931036,budapest fashion week,Budapest Fashion Week,Festival,Q28,Hungary,,
fest_Q22909850,fest_Q22909850,Q22909850,yamuna pushkaram,Yamuna Pushkaram,Festival,Q668,India,,
fest_Q5594718,fest_Q5594718,Q5594718,grand kerala shopping festival,Grand Kerala Shopping Festival,Festival,Q668,India,,
fest_Q5457769,fest_Q5457769,Q5457769,flat lake festival,Flat Lake Festival,Festival,Q27,Ireland,,
fest_Q4780260,fest_Q4780260,Q4780260,apollocon,ApolloCon,Festival,Q16555,Houston,,
fest_Q6414080,fest_Q6414080,Q6414080,kinnernet,Kinnernet,Festival,Q801,Israel,,
fest_Q3811125,fest_Q3811125,Q3811125,scoil gheimhridh frankie kennedy,Scoil Gheimhridh Frankie Kennedy,Festival,Q27,Ireland,,
fest_Q11243436,fest_Q11243436,Q11243436,yadnya kasada,Yadnya Kasada,Festival,Q252,Indonesia,,
fest_Q17082209,fest_Q17082209,Q17082209,patna book fair,Patna Book Fair,Festival,Q668,India,1985-01-01,
fest_Q22907886,fest_Q22907886,Q22907886,pranahita pushkaralu,Pranahita Pushkaralu,Festival,Q668,India,,
fest_Q6422821,fest_Q6422821,Q6422821,knockanstockan,KnockanStockan,Festival,Q27,Ireland,,
fest_Q25312991,fest_Q25312991,Q25312991,ritambhara,Ritambhara,Festival,Q668,India,,
fest_Q25211957,fest_Q25211957,Q25211957,vijyoshi,Vijyoshi,Festival,Q668,India,,
fest_Q17130616,fest_Q17130616,Q17130616,tullamore show,Tullamore Show,Festival,Q27,Ireland,,
fest_Q5170741,fest_Q5170741,Q5170741,cork 20 rally,Cork 20 Rally,Festival,Q27,Ireland,,
fest_Q22907172,fest_Q22907172,Q22907172,narmada pushkaram,Narmada Pushkaram,Festival,Q668,India,,
fest_Q5135046,fest_Q5135046,Q5135046,clonmel junction festival,Clonmel Junction Festival,Festival,Q27,Ireland,,
fest_Q3639261,fest_Q3639261,Q3639261,beyond media,Beyond Media,Festival,Q38,Italy,,
fest_Q17052473,fest_Q17052473,Q17052473,engifest,Engifest,Festival,Q668,India,1974-01-01,
fest_Q5419384,fest_Q5419384,Q5419384,excel model engineering college,"Excel, Model Engineering College",Festival,Q668,India,,
fest_Q19899721,fest_Q19899721,Q19899721,etna comics,Etna Comics,Festival,Q38,Italy,,
fest_Q7848818,fest_Q7848818,Q7848818,tryst iit delhi,"Tryst, IIT Delhi",Festival,Q668,India,,
fest_Q17056437,fest_Q17056437,Q17056437,indore fashion week,Indore Fashion Week,Festival,Q668,India,2012-01-01,
fest_Q4765143,fest_Q4765143,Q4765143,anime festival asia,Anime Festival Asia,Festival,Q252,Indonesia,2008-01-01,
fest_Q16979843,fest_Q16979843,Q16979843,national education day,National Education Day,Festival,Q668,India,,
fest_Q18394287,fest_Q18394287,Q18394287,thrissur motor show,Thrissur Motor Show,Festival,Q668,India,,
fest_Q5050564,fest_Q5050564,Q5050564,castlepalooza,Castlepalooza,Festival,Q27,Ireland,,
fest_Q4869059,fest_Q4869059,Q4869059,bathow puja,Bathow Puja,Festival,Q668,India,,
fest_Q3605857,fest_Q3605857,Q3605857,adunata nazionale degli alpini,Adunata nazionale degli Alpini,Festival,Q38,Italy,,
fest_Q4724588,fest_Q4724588,Q4724588,ali aye ligang,Ali Aye Ligang,Festival,Q668,India,,
fest_Q24948566,fest_Q24948566,Q24948566,abeyaantrix,Abeyaantrix,Festival,Q668,India,,
fest_Q5285200,fest_Q5285200,Q5285200,djakarta artmosphere,Djakarta Artmosphere,Festival,Q252,Indonesia,,
fest_Q8079596,fest_Q8079596,Q8079596,āhvān,Āhvān,Festival,Q668,India,,
fest_Q17070924,fest_Q17070924,Q17070924,statesman vintage classic car rally,Statesman Vintage & Classic Car Rally,Festival,Q668,India,,
fest_Q15703133,fest_Q15703133,Q15703133,tungabhadra pushkaralu,Tungabhadra Pushkaralu,Festival,Q668,India,,
fest_Q7129631,fest_Q7129631,Q7129631,pan celtic festival,Pan Celtic Festival,Festival,Q27,Ireland,1971-01-01,
fest_Q3804071,fest_Q3804071,Q3804071,italcon,Italcon,Festival,Q38,Italy,,
fest_Q3686090,fest_Q3686090,Q3686090,concerto del primo maggio,Concerto del Primo Maggio,Festival,Q38,Italy,,
fest_Q3686090,fest_Q3686090,Q3686090,concerto del primo maggio,Concerto del Primo Maggio,Festival,Q38,Italy,,
fest_Q1162234,fest_Q1162234,Q1162234,magyar sziget,Magyar Sziget,Festival,Q28,Hungary,2001-01-01,
fest_Q18354408,fest_Q18354408,Q18354408,eximius,Eximius,Festival,Q668,India,,
fest_Q5894534,fest_Q5894534,Q5894534,hong kong fashion week for fallwinter,Hong Kong Fashion Week for Fall/Winter,Festival,Q8646,Hong Kong,,
fest_Q16938401,fest_Q16938401,Q16938401,india telecom,India Telecom,Festival,Q668,India,2006-01-01,
fest_Q22907706,fest_Q22907706,Q22907706,deepcon,DeepCon,Festival,Q38,Italy,,
fest_Q6087591,fest_Q6087591,Q6087591,israeli presidential conference,Israeli Presidential Conference,Festival,Q801,Israel,,
fest_Q27940504,fest_Q27940504,Q27940504,varese pride,Varese Pride,Festival,Q38,Italy,,
fest_Q48732842,fest_Q48732842,Q48732842,nauchandi mela,Nauchandi Mela,Festival,Q668,India,,
fest_Q63976547,fest_Q63976547,Q63976547,arf festival,ARF! Festival,Festival,Q38,Italy,,
fest_Q28153891,fest_Q28153891,Q28153891,cartist automobile art festival,Cartist Automobile Art Festival,Festival,Q668,India,,
fest_Q64211270,fest_Q64211270,Q64211270,perugia pride,Perugia Pride,Festival,Q38,Italy,,
fest_Q39053659,fest_Q39053659,Q39053659,pet fed india,Pet Fed India,Festival,Q668,India,2014-01-01,
fest_Q108675544,fest_Q108675544,Q108675544,wiki loves monuments 2021 in ireland,Wiki Loves Monuments 2021 in Ireland,Festival,Q27,Ireland,2021-09-01,2021-09-30
fest_Q64211294,fest_Q64211294,Q64211294,vicenza pride,Vicenza Pride,Festival,Q38,Italy,,
fest_Q64211249,fest_Q64211249,Q64211249,bergamo pride,Bergamo Pride,Festival,Q38,Italy,,
fest_Q25454527,fest_Q25454527,Q25454527,bali arts festival,Bali Arts Festival,Festival,Q252,Indonesia,1979-01-01,
fest_Q64211340,fest_Q64211340,Q64211340,sorrento pride,Sorrento Pride,Festival,Q38,Italy,,
fest_Q48987885,fest_Q48987885,Q48987885,international photography festival,International Photography Festival,Festival,Q801,Israel,,
fest_Q84024478,fest_Q84024478,Q84024478,indonesia international book fair,Indonesia International Book Fair,Festival,Q252,Indonesia,1980-01-01,
fest_Q64211278,fest_Q64211278,Q64211278,pavia pride,Pavia Pride,Festival,Q38,Italy,,
fest_Q92308912,fest_Q92308912,Q92308912,cruinniú na nóg,Cruinniú na nÓg,Festival,Q27,Ireland,,
fest_Q125132471,fest_Q125132471,Q125132471,odia literature edit-a-thon 2024,Odia literature edit-a-thon 2024,Festival,Q668,India,2024-04-01,2024-04-15
fest_Q28171987,fest_Q28171987,Q28171987,riviera vit university,"Riviera, VIT University",Festival,Q668,India,,
fest_Q108675456,fest_Q108675456,Q108675456,wiki loves monuments in ireland,Wiki Loves Monuments in Ireland,Festival,Q27,Ireland,,
fest_Q64211281,fest_Q64211281,Q64211281,friuli venezia giulia pride,Friuli Venezia Giulia Pride,Festival,Q38,Italy,,
fest_Q105730384,fest_Q105730384,Q105730384,wiki loves monuments in israel,Wiki Loves Monuments in Israel,Festival,Q801,Israel,,
fest_Q116179006,fest_Q116179006,Q116179006,emoinu fish fest,Emoinu Fish Fest,Festival,Q668,India,,
fest_Q108675533,fest_Q108675533,Q108675533,wiki loves monuments 2015 in ireland,Wiki Loves Monuments 2015 in Ireland,Festival,Q27,Ireland,2015-08-23,2015-09-30
fest_Q64211296,fest_Q64211296,Q64211296,abellinum pride,Abellinum Pride,Festival,Q38,Italy,,
fest_Q48731415,fest_Q48731415,Q48731415,soorya festival,Soorya Festival,Festival,Q668,India,,
fest_Q64211319,fest_Q64211319,Q64211319,treviso pride,Treviso Pride,Festival,Q38,Italy,,
fest_Q65782856,fest_Q65782856,Q65782856,starshine film festival,Starshine Film Festival,Festival,Q38,Italy,,
fest_Q64211160,fest_Q64211160,Q64211160,vercelli pride,Vercelli Pride,Festival,Q38,Italy,,
fest_Q64211323,fest_Q64211323,Q64211323,tuscany pride,Tuscany Pride,Festival,Q38,Italy,,
fest_Q96394615,fest_Q96394615,Q96394615,naj cosfest,NAJ Cosfest,Festival,Q668,India,,
fest_Q65083094,fest_Q65083094,Q65083094,ficci frames,FICCI Frames,Festival,Q668,India,1999-01-01,
fest_Q25336661,fest_Q25336661,Q25336661,milan pride,Milan Pride,Festival,Q38,Italy,,
fest_Q57516482,fest_Q57516482,Q57516482,romics d'oro,Romics d'Oro,Festival,Q38,Italy,,
fest_Q64211333,fest_Q64211333,Q64211333,molise pride,Molise Pride,Festival,Q38,Italy,,
fest_Q59771129,fest_Q59771129,Q59771129,indo defence expo forum,Indo Defence Expo & Forum,Festival,Q252,Indonesia,,
fest_Q108675531,fest_Q108675531,Q108675531,wiki loves monuments 2014 in ireland,Wiki Loves Monuments 2014 in Ireland,Festival,Q27,Ireland,2014-08-23,2014-09-30
fest_Q64211310,fest_Q64211310,Q64211310,palermo pride,Palermo Pride,Festival,Q38,Italy,,
fest_Q23808343,fest_Q23808343,Q23808343,milan triennial,Milan Triennial,Festival,Q38,Italy,,
fest_Q59771037,fest_Q59771037,Q59771037,mentawai festival,Mentawai Festival,Festival,Q252,Indonesia,,
fest_Q108675539,fest_Q108675539,Q108675539,wiki loves monuments 2018 in ireland,Wiki Loves Monuments 2018 in Ireland,Festival,Q27,Ireland,2018-08-25,2018-09-30
fest_Q48730654,fest_Q48730654,Q48730654,indonesia comic con,Indonesia Comic Con,Festival,Q252,Indonesia,2015-01-01,
fest_Q24929726,fest_Q24929726,Q24929726,bhima pushkaram,Bhima Pushkaram,Festival,Q668,India,,
fest_Q65068267,fest_Q65068267,Q65068267,purushottam karandak,Purushottam Karandak,Festival,Q668,India,,
fest_Q48988230,fest_Q48988230,Q48988230,centrestage,Centrestage,Festival,Q8646,Hong Kong,,
fest_Q120847224,fest_Q120847224,Q120847224,census of ireland,Census of Ireland,Festival,Q27,Ireland,,
fest_Q65330106,fest_Q65330106,Q65330106,reic,REIC,Festival,Q27,Ireland,,
fest_Q27590944,fest_Q27590944,Q27590944,iranian esperanto congress,Iranian Esperanto Congress,Festival,Q794,Iran,,
fest_Q42895112,fest_Q42895112,Q42895112,balotsav,Balotsav,Festival,Q668,India,,
fest_Q81883555,fest_Q81883555,Q81883555,wiki explores paschim medinipur - phase i,Wiki Explores Paschim Medinipur - Phase I,Festival,Q668,India,2019-12-03,2019-12-07
fest_Q64211272,fest_Q64211272,Q64211272,roma pride,Roma Pride,Festival,Q38,Italy,,
fest_Q64211291,fest_Q64211291,Q64211291,brescia pride,Brescia Pride,Festival,Q38,Italy,,
fest_Q123003412,fest_Q123003412,Q123003412,festa di maria santissima del monte racalmuto,Festa di Maria Santissima del Monte (Racalmuto),Festival,Q38,Italy,,
fest_Q65212044,fest_Q65212044,Q65212044,sapi sonok,Sapi Sonok,Festival,Q252,Indonesia,,
fest_Q64211343,fest_Q64211343,Q64211343,novara pride,Novara Pride,Festival,Q38,Italy,,
fest_Q64211308,fest_Q64211308,Q64211308,naples pride,Naples Pride,Festival,Q38,Italy,,
fest_Q124727243,fest_Q124727243,Q124727243,vairankode vela,Vairankode Vela,Festival,Q668,India,,
fest_Q24893434,fest_Q24893434,Q24893434,cochin carnival,Cochin Carnival,Festival,Q668,India,,
fest_Q108675538,fest_Q108675538,Q108675538,wiki loves monuments 2017 in ireland,Wiki Loves Monuments 2017 in Ireland,Festival,Q27,Ireland,2017-08-27,2017-09-30
fest_Q24942920,fest_Q24942920,Q24942920,india kids fashion show,India kids fashion show,Festival,Q668,India,,
fest_Q64211267,fest_Q64211267,Q64211267,salerno pride,Salerno Pride,Festival,Q38,Italy,,
fest_Q64211304,fest_Q64211304,Q64211304,bologna pride,Bologna Pride,Festival,Q38,Italy,,
fest_Q113774103,fest_Q113774103,Q113774103,ccc,CCC,Festival,Q38,Italy,,
fest_Q69070182,fest_Q69070182,Q69070182,arc giantposter exhibition,ARC giantposter exhibition,Festival,Q28,Hungary,2000-01-01,
fest_Q31368760,fest_Q31368760,Q31368760,national girl child day,National Girl Child Day,Festival,Q668,India,,
fest_Q110658135,fest_Q110658135,Q110658135,wiki loves museums,Wiki Loves Museums,Festival,Q668,India,,
fest_Q64211316,fest_Q64211316,Q64211316,bari pride,Bari Pride,Festival,Q38,Italy,,
fest_Q64211327,fest_Q64211327,Q64211327,asti pride,Asti Pride,Festival,Q38,Italy,,
fest_Q109516252,fest_Q109516252,Q109516252,wiki loves monuments in iran,Wiki Loves Monuments in Iran,Festival,Q794,Iran,,
fest_Q59593975,fest_Q59593975,Q59593975,trade expo indonesia,Trade Expo Indonesia,Festival,Q252,Indonesia,,
fest_Q67934054,fest_Q67934054,Q67934054,citizens' press conference,Citizens' Press Conference,Festival,Q8646,Hong Kong,,
fest_Q67934054,fest_Q67934054,Q67934054,citizens' press conference,Citizens' Press Conference,Festival,Q8646,Hong Kong,,
fest_Q24940293,fest_Q24940293,Q24940293,ptl,PTL,Festival,Q38,Italy,,
fest_Q24940293,fest_Q24940293,Q24940293,ptl,PTL,Festival,Q38,Italy,,
fest_Q61947748,fest_Q61947748,Q61947748,hellana games,Hellana Games,Festival,Q38,Italy,,
fest_Q64211247,fest_Q64211247,Q64211247,taranto pride,Taranto Pride,Festival,Q38,Italy,,
fest_Q28164192,fest_Q28164192,Q28164192,karavaan,Karavaan,Festival,Q668,India,,
fest_Q64211321,fest_Q64211321,Q64211321,brianza pride,Brianza Pride,Festival,Q38,Italy,,
fest_Q108675543,fest_Q108675543,Q108675543,wiki loves monuments 2020 in ireland,Wiki Loves Monuments 2020 in Ireland,Festival,Q27,Ireland,2020-09-01,2020-09-30
fest_Q74121310,fest_Q74121310,Q74121310,icelandic basketball association men's all-star game,Icelandic Basketball Association Men's All-Star Game,Festival,Q189,Iceland,,
fest_Q61050455,fest_Q61050455,Q61050455,indonesia fashion week,Indonesia Fashion Week,Festival,Q252,Indonesia,,
fest_Q39059077,fest_Q39059077,Q39059077,hair chopping incidents in india,Hair chopping incidents in India,Festival,Q668,India,,
fest_Q64211338,fest_Q64211338,Q64211338,puglia pride,Puglia Pride,Festival,Q38,Italy,,
fest_Q117475531,fest_Q117475531,Q117475531,joyland festival,Joyland Festival,Festival,Q252,Indonesia,,
fest_Q85815824,fest_Q85815824,Q85815824,willie loughman forest rally,Willie Loughman Forest Rally,Festival,Q27,Ireland,,
fest_Q64211275,fest_Q64211275,Q64211275,stretto pride,Stretto Pride,Festival,Q38,Italy,,
fest_Q84321390,fest_Q84321390,Q84321390,sanremo music festival award,Sanremo Music Festival award,Festival,Q38,Italy,,
fest_Q107072390,fest_Q107072390,Q107072390,lavi fair,Lavi Fair,Festival,Q668,India,,
fest_Q24943353,fest_Q24943353,Q24943353,prayag kumbh mela,Prayag Kumbh Mela,Festival,Q668,India,,
fest_Q89100462,fest_Q89100462,Q89100462,mondocon,MondoCon,Festival,Q28,Hungary,,
fest_Q67984328,fest_Q67984328,Q67984328,hong kong roar,Hong Kong roar,Festival,Q8646,Hong Kong,,
fest_Q67984328,fest_Q67984328,Q67984328,hong kong roar,Hong Kong roar,Festival,Q8646,Hong Kong,,
fest_Q65065557,fest_Q65065557,Q65065557,mathrubhumi international festival of letters,Mathrubhumi International Festival of Letters,Festival,Q668,India,,
fest_Q28455188,fest_Q28455188,Q28455188,india runway week,India Runway Week,Festival,Q668,India,2013-01-01,
fest_Q57911463,fest_Q57911463,Q57911463,ubud writers and readers festival,Ubud Writers and Readers Festival,Festival,Q252,Indonesia,,
fest_Q71157556,fest_Q71157556,Q71157556,biennale dell'antiquariato,Biennale dell'Antiquariato,Festival,Q38,Italy,,
fest_Q109563034,fest_Q109563034,Q109563034,jakarta film week,Jakarta Film Week,Festival,Q252,Indonesia,,
fest_Q109563034,fest_Q109563034,Q109563034,jakarta film week,Jakarta Film Week,Festival,Q252,Indonesia,,
fest_Q60776402,fest_Q60776402,Q60776402,coimbatore vizha,Coimbatore Vizha,Festival,Q668,India,,
fest_Q56274125,fest_Q56274125,Q56274125,iran pride day,Iran Pride Day,Festival,Q794,Iran,,
fest_Q64211256,fest_Q64211256,Q64211256,modena pride,Modena Pride,Festival,Q38,Italy,,
fest_Q115812562,fest_Q115812562,Q115812562,global artificial intelligence summit awards,Global Artificial Intelligence Summit & Awards,Festival,Q668,India,,
fest_Q24942482,fest_Q24942482,Q24942482,haridwar kumbh mela,Haridwar Kumbh Mela,Festival,Q668,India,,
fest_Q108662782,fest_Q108662782,Q108662782,birds and trees day,Birds and Trees Day,Festival,Q28,Hungary,1902-01-01,
fest_Q59573944,fest_Q59573944,Q59573944,jogja international heritage walk,Jogja International Heritage Walk,Festival,Q252,Indonesia,,
fest_Q29025545,fest_Q29025545,Q29025545,animation masters summit,Animation Masters Summit,Festival,Q668,India,1999-01-01,
fest_Q30971306,fest_Q30971306,Q30971306,girandola a castel sant'angelo,Girandola a Castel Sant'Angelo,Festival,Q38,Italy,1600-01-01,1834-01-01
fest_Q109918362,fest_Q109918362,Q109918362,head in the clouds festival,Head in the Clouds Festival,Festival,Q252,Indonesia,,
fest_Q109918362,fest_Q109918362,Q109918362,head in the clouds festival,Head in the Clouds Festival,Festival,Q252,Indonesia,,
fest_Q108675535,fest_Q108675535,Q108675535,wiki loves monuments 2016 in ireland,Wiki Loves Monuments 2016 in Ireland,Festival,Q27,Ireland,2016-08-27,2016-09-30
fest_Q64211335,fest_Q64211335,Q64211335,reggio calabria pride,Reggio Calabria Pride,Festival,Q38,Italy,,
fest_Q48792905,fest_Q48792905,Q48792905,dragon of shandon,Dragon of Shandon,Festival,Q27,Ireland,,
fest_Q84441169,fest_Q84441169,Q84441169,pop-up gaeltacht,Pop-up Gaeltacht,Festival,Q27,Ireland,,
fest_Q64211283,fest_Q64211283,Q64211283,marche pride,Marche Pride,Festival,Q38,Italy,,
fest_Q123347540,fest_Q123347540,Q123347540,godachi shree bhadrakali veerabhadreshwara temple,Godachi Shree Bhadrakali Veerabhadreshwara Temple,Festival,Q668,India,,
fest_Q64211253,fest_Q64211253,Q64211253,verona pride,Verona Pride,Festival,Q38,Italy,,
fest_Q64211298,fest_Q64211298,Q64211298,liguria pride,Liguria Pride,Festival,Q38,Italy,,
fest_Q73852346,fest_Q73852346,Q73852346,wiki loves monuments in india,Wiki Loves Monuments in India,Festival,Q668,India,,
fest_Q64211330,fest_Q64211330,Q64211330,rimini summer pride,Rimini Summer Pride,Festival,Q38,Italy,,
fest_Q28169230,fest_Q28169230,Q28169230,shahjahanpur rang mahotsav,Shahjahanpur Rang Mahotsav,Festival,Q668,India,,
fest_Q64211306,fest_Q64211306,Q64211306,lazio pride,Lazio Pride,Festival,Q38,Italy,,
fest_Q111722308,fest_Q111722308,Q111722308,aaroh,Aaroh,Festival,Q668,India,,
fest_Q28134445,fest_Q28134445,Q28134445,west cork rally,West Cork Rally,Festival,Q27,Ireland,,
fest_Q64211325,fest_Q64211325,Q64211325,sardinia pride,Sardinia Pride,Festival,Q38,Italy,,
fest_Q114403092,fest_Q114403092,Q114403092,wiki loves monuments 2022 in ireland,Wiki Loves Monuments 2022 in Ireland,Festival,Q27,Ireland,2022-09-01,2022-09-30
fest_Q45108310,fest_Q45108310,Q45108310,international islamic unity conference,International Islamic Unity Conference,Festival,Q794,Iran,,
fest_Q60787696,fest_Q60787696,Q60787696,niv art centre,Niv Art Centre,Festival,Q668,India,,
fest_Q56291777,fest_Q56291777,Q56291777,icecon,IceCon,Festival,Q189,Iceland,,
fest_Q56291777,fest_Q56291777,Q56291777,icecon,IceCon,Festival,Q189,Iceland,,
fest_Q30635079,fest_Q30635079,Q30635079,tehran game convention,Tehran Game Convention,Festival,Q794,Iran,,
fest_Q116456767,fest_Q116456767,Q116456767,combined commanders conference,Combined Commanders’ Conference,Festival,Q668,India,,
fest_Q64211287,fest_Q64211287,Q64211287,torino pride,Torino Pride,Festival,Q38,Italy,,
fest_Q60776473,fest_Q60776473,Q60776473,niv art movies,Niv Art Movies,Festival,Q668,India,,
fest_Q65250318,fest_Q65250318,Q65250318,tel aviv fashion week,Tel Aviv Fashion Week,Festival,Q801,Israel,,
fest_Q65250318,fest_Q65250318,Q65250318,tel aviv fashion week,Tel Aviv Fashion Week,Festival,Q801,Israel,,
fest_Q64211301,fest_Q64211301,Q64211301,syracuse pride,Syracuse Pride,Festival,Q38,Italy,,
fest_Q64211260,fest_Q64211260,Q64211260,padua pride,Padua Pride,Festival,Q38,Italy,,
fest_Q64211264,fest_Q64211264,Q64211264,alessandria pride,Alessandria Pride,Festival,Q38,Italy,,
fest_Q119767471,fest_Q119767471,Q119767471,ratha jatra edit-a-thon 2023,Ratha Jatra Edit-a-thon 2023,Festival,Q668,India,2023-06-20,2023-06-28
fest_Q138779106,fest_Q138779106,Q138779106,domenico danzuso award,Domenico Danzuso Award,Festival,Q38,Italy,,
fest_Q2923452,fest_Q2923452,Q2923452,sanremo music festival 1972,Sanremo Music Festival 1972,Festival,Q38,Italy,1972-02-24,1972-02-26
fest_Q2600487,fest_Q2600487,Q2600487,sanremo music festival 1960,Sanremo Music Festival 1960,Festival,Q38,Italy,1960-01-28,1960-01-30
fest_Q2750847,fest_Q2750847,Q2750847,sanremo music festival 1965,Sanremo Music Festival 1965,Festival,Q38,Italy,1965-01-28,1965-01-30
fest_Q1711529,fest_Q1711529,Q1711529,sanremo music festival 2008,Sanremo Music Festival 2008,Festival,Q38,Italy,2008-02-25,2008-03-01
fest_Q127798872,fest_Q127798872,Q127798872,numaish bijnor,"Numaish, Bijnor",Festival,Q668,India,,
fest_Q127417589,fest_Q127417589,Q127417589,ashdodance,AshdoDance,Festival,Q801,Israel,,
fest_Q18488711,fest_Q18488711,Q18488711,sanremo music festival 1962,Sanremo Music Festival 1962,Festival,Q38,Italy,1962-02-08,1962-02-10
fest_Q135108246,fest_Q135108246,Q135108246,ratha jatra edit-a-thon 2025,Ratha Jatra Edit-a-thon 2025,Festival,Q668,India,2025-06-27,2024-07-09
fest_Q139963803,fest_Q139963803,Q139963803,festival sacre armonie,Festival Sacre Armonie,Festival,Q38,Italy,,
fest_Q2043882,fest_Q2043882,Q2043882,2nd world festival of youth and students,2nd World Festival of Youth and Students,Festival,Q28,Hungary,,
fest_Q136087801,fest_Q136087801,Q136087801,albissola comics,Albissola Comics,Festival,Q38,Italy,,
fest_Q55388025,fest_Q55388025,Q55388025,2019 prayagraj ardh kumbh mela,2019 Prayagraj Ardh Kumbh Mela,Festival,Q668,India,,
fest_Q131765963,fest_Q131765963,Q131765963,ladakh international music festival,Ladakh International Music Festival,Festival,Q668,India,,
fest_Q130712882,fest_Q130712882,Q130712882,p-con,P-Con,Festival,Q27,Ireland,,
fest_Q2020312,fest_Q2020312,Q2020312,sanremo music festival 1975,Sanremo Music Festival 1975,Festival,Q38,Italy,1975-02-27,1975-03-01
fest_Q5357462,fest_Q5357462,Q5357462,electric picnic 2009,Electric Picnic 2009,Festival,Q27,Ireland,,
fest_Q5357460,fest_Q5357460,Q5357460,electric picnic 2008,Electric Picnic 2008,Festival,Q27,Ireland,,
fest_Q139934157,fest_Q139934157,Q139934157,ortigia music fest,Ortigia Music Fest,Festival,Q38,Italy,,
fest_Q137926466,fest_Q137926466,Q137926466,wiki loves folklore india,Wiki Loves Folklore India,Festival,Q668,India,,
fest_Q1865905,fest_Q1865905,Q1865905,sanremo music festival 1969,Sanremo Music Festival 1969,Festival,Q38,Italy,1969-01-30,1969-02-01
fest_Q139890054,fest_Q139890054,Q139890054,opera selection,Opera Selection,Festival,Q38,Italy,,
fest_Q139890026,fest_Q139890026,Q139890026,voci di periferia,Voci di Periferia,Festival,Q38,Italy,,
fest_Q139890026,fest_Q139890026,Q139890026,voci di periferia,Voci di Periferia,Festival,Q38,Italy,,
fest_Q125619572,fest_Q125619572,Q125619572,comicpalooza film festival,Comicpalooza Film Festival,Festival,Q16555,Houston,,
fest_Q133461756,fest_Q133461756,Q133461756,all about music,All About Music,Festival,Q668,India,,
fest_Q136594169,fest_Q136594169,Q136594169,butter fine art fair,BUTTER Fine Art Fair,Festival,Q6346,Indianapolis,,
fest_Q130210778,fest_Q130210778,Q130210778,experience trail courmayeur,Experience Trail Courmayeur,Festival,Q38,Italy,,
fest_Q133521869,fest_Q133521869,Q133521869,odia literature edit-a-thon,Odia literature edit-a-thon,Festival,Q668,India,,
fest_Q135108184,fest_Q135108184,Q135108184,ratha jatra edit-a-thon,Ratha Jatra Edit-a-thon,Festival,Q668,India,,
fest_Q131307356,fest_Q131307356,Q131307356,iraq census,Iraq census,Festival,Q796,Iraq,,
fest_Q139782067,fest_Q139782067,Q139782067,il maggio dei libri,Il maggio dei libri,Festival,Q38,Italy,,
fest_Q3744129,fest_Q3744129,Q3744129,sanremo music festival 1980,Sanremo Music Festival 1980,Festival,Q38,Italy,1980-02-07,1980-02-09
fest_Q137476800,fest_Q137476800,Q137476800,wiki loves birds india 2025,Wiki Loves Birds India 2025,Festival,Q668,India,,
fest_Q125297726,fest_Q125297726,Q125297726,ashmoret conference,Ashmoret Conference,Festival,Q801,Israel,,
fest_Q23791026,fest_Q23791026,Q23791026,35th venice biennale,35th Venice Biennale,Festival,Q38,Italy,,
fest_Q125867237,fest_Q125867237,Q125867237,jal utsav,Jal Utsav,Festival,Q668,India,,
fest_Q137380112,fest_Q137380112,Q137380112,penjor festival,Penjor festival,Festival,Q252,Indonesia,,
fest_Q131189837,fest_Q131189837,Q131189837,luguburu ghantabari,Luguburu Ghantabari,Festival,Q668,India,,
fest_Q2440262,fest_Q2440262,Q2440262,sanremo music festival 1977,Sanremo Music Festival 1977,Festival,Q38,Italy,1977-03-03,1977-03-05
fest_Q3744131,fest_Q3744131,Q3744131,sanremo music festival 1982,Sanremo Music Festival 1982,Festival,Q38,Italy,1982-01-28,1982-01-30
fest_Q18488701,fest_Q18488701,Q18488701,sanremo music festival 1964,Sanremo Music Festival 1964,Festival,Q38,Italy,1964-01-30,1964-02-01
fest_Q22083962,fest_Q22083962,Q22083962,electric picnic 2014,Electric Picnic 2014,Festival,Q27,Ireland,,
fest_Q1852928,fest_Q1852928,Q1852928,sanremo music festival 1963,Sanremo Music Festival 1963,Festival,Q38,Italy,1963-02-07,1963-02-09
fest_Q131632435,fest_Q131632435,Q131632435,bansberia kumbh mela,Bansberia Kumbh Mela,Festival,Q668,India,,
fest_Q133521901,fest_Q133521901,Q133521901,odia literature edit-a-thon 2025,Odia literature edit-a-thon 2025,Festival,Q668,India,2025-04-01,2025-04-15
fest_Q2142382,fest_Q2142382,Q2142382,sanremo music festival 1961,Sanremo Music Festival 1961,Festival,Q38,Italy,1961-01-26,1961-02-06
fest_Q132042287,fest_Q132042287,Q132042287,shravani mela,Shravani Mela,Festival,Q668,India,,
fest_Q3744128,fest_Q3744128,Q3744128,sanremo music festival 1979,Sanremo Music Festival 1979,Festival,Q38,Italy,1979-01-11,1979-01-13
fest_Q131807059,fest_Q131807059,Q131807059,2026 in indian public domain,2026 in Indian public domain,Festival,Q668,India,,
fest_Q135854942,fest_Q135854942,Q135854942,indian independence day edit-a-thon,Indian Independence day edit-a-thon,Festival,Q668,India,,
fest_Q131426752,fest_Q131426752,Q131426752,halleoween,HalLEOween,Festival,Q38,Italy,,
fest_Q3744126,fest_Q3744126,Q3744126,sanremo music festival 1978,Sanremo Music Festival 1978,Festival,Q38,Italy,1978-01-26,1978-01-28
fest_Q127329063,fest_Q127329063,Q127329063,government exchange day,Government Exchange Day,Festival,Q801,Israel,,
fest_Q130712759,fest_Q130712759,Q130712759,irish discworld convention,Irish Discworld Convention,Festival,Q27,Ireland,,
fest_Q1838455,fest_Q1838455,Q1838455,sanremo music festival 1976,Sanremo Music Festival 1976,Festival,Q38,Italy,1976-02-19,1976-02-21
fest_Q131522408,fest_Q131522408,Q131522408,metal for emergency,Metal for Emergency,Festival,Q38,Italy,,
fest_Q131765255,fest_Q131765255,Q131765255,2024 in indian public domain,2024 in Indian public domain,Festival,Q668,India,,
fest_Q137926592,fest_Q137926592,Q137926592,uttar pradesh apravasi bhartiya ratna award,Uttar Pradesh Apravasi Bhartiya Ratna Award,Festival,Q668,India,,
fest_Q2196081,fest_Q2196081,Q2196081,sanremo music festival 1971,Sanremo Music Festival 1971,Festival,Q38,Italy,1971-02-25,1971-02-27
fest_Q130712865,fest_Q130712865,Q130712865,olamot,Olamot,Festival,Q801,Israel,,
fest_Q3744125,fest_Q3744125,Q3744125,sanremo music festival 1970,Sanremo Music Festival 1970,Festival,Q38,Italy,1970-01-26,1970-01-28
fest_Q138706228,fest_Q138706228,Q138706228,ketoeducation academy - ketogenic diet courses,KetoEducation Academy - ketogenic diet courses,Festival,Q38,Italy,,
fest_Q138844625,fest_Q138844625,Q138844625,odia literature edit-a-thon 2026,Odia literature edit-a-thon 2026,Festival,Q668,India,2025-04-01,2025-04-15
fest_Q131316181,fest_Q131316181,Q131316181,ratha jatra edit-a-thon 2024,Ratha Jatra Edit-a-thon 2024,Festival,Q668,India,2024-07-07,2024-07-19
fest_Q139741925,fest_Q139741925,Q139741925,benedetto opera festival,Benedetto Opera Festival,Festival,Q38,Italy,,
fest_Q3744124,fest_Q3744124,Q3744124,sanremo music festival 1967,Sanremo Music Festival 1967,Festival,Q38,Italy,1967-01-26,1967-01-28
fest_Q139270224,fest_Q139270224,Q139270224,synthalia festival 2026,Synthalia Festival 2026,Festival,Q38,Italy,,
fest_Q2264055,fest_Q2264055,Q2264055,sanremo music festival 1973,Sanremo Music Festival 1973,Festival,Q38,Italy,1973-03-08,1973-03-10
fest_Q138667185,fest_Q138667185,Q138667185,quran recitation week,Quran Recitation Week,Festival,Q252,Indonesia,,
fest_Q130712743,fest_Q130712743,Q130712743,hungarocon,HungaroCon,Festival,Q28,Hungary,,
fest_Q138349325,fest_Q138349325,Q138349325,poet not dead,Poet Not Dead,Festival,Q252,Indonesia,,
fest_Q130371350,fest_Q130371350,Q130371350,water queen,Water Queen,Festival,Q801,Israel,,
fest_Q3744132,fest_Q3744132,Q3744132,sanremo music festival 1983,Sanremo Music Festival 1983,Festival,Q38,Italy,1983-02-03,1983-02-05
fest_Q130457925,fest_Q130457925,Q130457925,zeh mehalev,Zeh MeHalev,Festival,Q801,Israel,,
fest_Q2131673,fest_Q2131673,Q2131673,sanremo music festival 1974,Sanremo Music Festival 1974,Festival,Q38,Italy,1974-03-07,1974-03-09
fest_Q3948551,fest_Q3948551,Q3948551,sanremo giovani 1993,Sanremo Giovani 1993,Festival,Q38,Italy,,
fest_Q138713071,fest_Q138713071,Q138713071,ketoeducation ketogenic diet fad courses,KetoEducation ketogenic diet FAD courses,Festival,Q38,Italy,,
fest_Q131938281,fest_Q131938281,Q131938281,rally del lazio,Rally del Lazio,Festival,Q38,Italy,,
fest_Q129254754,fest_Q129254754,Q129254754,exercise tarang shakti,Exercise Tarang Shakti,Festival,Q668,India,,
fest_Q130712747,fest_Q130712747,Q130712747,icon,ICon,Festival,Q801,Israel,,
fest_Q125457919,fest_Q125457919,Q125457919,ai on track,AI ON TRACK,Festival,Q801,Israel,,
fest_Q3948556,fest_Q3948556,Q3948556,sanremo giovani 1997,Sanremo Giovani 1997,Festival,Q38,Italy,,
fest_Q124519394,fest_Q124519394,Q124519394,global science festival kerala,Global Science Festival Kerala,Festival,Q668,India,2024-01-15,
fest_Q130210782,fest_Q130210782,Q130210782,youth chamonix courmayeur,Youth Chamonix Courmayeur,Festival,Q38,Italy,,
fest_Q139741876,fest_Q139741876,Q139741876,donnafugata music festival,Donnafugata Music Festival,Festival,Q38,Italy,,
fest_Q131824503,fest_Q131824503,Q131824503,63rd kerala school kalolsavam,63rd Kerala School Kalolsavam,Festival,Q668,India,,
fest_Q25220281,fest_Q25220281,Q25220281,japan amusement expo,Japan Amusement Expo,Festival,Q17,Japan,,
fest_Q11405274,fest_Q11405274,Q11405274,chiyo-nagare,Chiyo-nagare,Festival,Q17,Japan,,
fest_Q11629036,fest_Q11629036,Q11629036,nishi-nagare,Nishi-nagare,Festival,Q17,Japan,,
fest_Q11389379,fest_Q11389379,Q11389379,national memorial service for war dead,National Memorial Service for War Dead,Event,Q17,Japan,,
fest_Q11442078,fest_Q11442078,Q11442078,daikoku-nagare,Daikoku-nagare,Festival,Q17,Japan,,
fest_Q24885817,fest_Q24885817,Q24885817,patriotism memorial,Patriotism Memorial,Festival,Q17,Japan,,
fest_Q11374839,fest_Q11374839,Q11374839,higashiyama hanatouro,Higashiyama Hanatouro,Festival,Q17,Japan,,
fest_Q6406163,fest_Q6406163,Q6406163,kijimuna festival,Kijimuna Festival,Festival,Q17,Japan,,
fest_Q28682646,fest_Q28682646,Q28682646,gion kashiwazaki matsuri,Gion Kashiwazaki Matsuri,Festival,Q17,Japan,,
fest_Q6367753,fest_Q6367753,Q6367753,karachi fashion week,Karachi Fashion Week,Festival,Q8660,Karachi,,
fest_Q6367753,fest_Q6367753,Q6367753,karachi fashion week,Karachi Fashion Week,Festival,Q8660,Karachi,,
fest_Q6003417,fest_Q6003417,Q6003417,imari ton-ten-ton festival,Imari Ton-Ten-Ton Festival,Festival,Q17,Japan,,
fest_Q4328104,fest_Q4328104,Q4328104,nureyev festival,Nureyev festival,Festival,Q900,Kazan,,
fest_Q24892914,fest_Q24892914,Q24892914,sengyo,Sengyo,Festival,Q17,Japan,,
fest_Q4288486,fest_Q4288486,Q4288486,sendai international music competition,Sendai International Music Competition,Festival,Q17,Japan,2001-01-01,
fest_Q4691834,fest_Q4691834,Q4691834,ageha,ageHa,Festival,Q17,Japan,,
fest_Q11447740,fest_Q11447740,Q11447740,mukonage and suminuri,Mukonage and Suminuri,Festival,Q17,Japan,,
fest_Q2616539,fest_Q2616539,Q2616539,hadaka matsuri,Hadaka Matsuri,Festival,Q17,Japan,,
fest_Q11266554,fest_Q11266554,Q11266554,izaihō,Izaihō,Festival,Q17,Japan,,
fest_Q120719694,fest_Q120719694,Q120719694,tatcultfest,TatCultFest,Festival,Q900,Kazan,,
fest_Q120719694,fest_Q120719694,Q120719694,tatcultfest,TatCultFest,Festival,Q900,Kazan,,
fest_Q17193309,fest_Q17193309,Q17193309,general public greeting,general public greeting,Festival,Q17,Japan,1948-01-02,
fest_Q11301756,fest_Q11301756,Q11301756,game market,Game Market,Festival,Q17,Japan,,
fest_Q11612202,fest_Q11612202,Q11612202,suneori amagoi,Suneori Amagoi,Festival,Q17,Japan,,
fest_Q11670304,fest_Q11670304,Q11670304,takamatsu international piano competition,Takamatsu International Piano Competition,Festival,Q17,Japan,2006-01-01,
fest_Q9302453,fest_Q9302453,Q9302453,omizutori,Omizutori,Festival,Q17,Japan,,
fest_Q11536932,fest_Q11536932,Q11536932,peach festival,Peach Festival,Festival,Q17,Japan,,
fest_Q11527721,fest_Q11527721,Q11527721,higashi-nagare,Higashi-nagare,Festival,Q17,Japan,,
fest_Q11566994,fest_Q11566994,Q11566994,lighthouse memorial day,Lighthouse Memorial Day,Festival,Q17,Japan,,
fest_Q11489125,fest_Q11489125,Q11489125,okihiki,Okihiki,Festival,Q17,Japan,,
fest_Q11508806,fest_Q11508806,Q11508806,nihongi kōen,Nihongi Kōen,Festival,Q17,Japan,,
fest_Q11404273,fest_Q11404273,Q11404273,grand kitano tea ceremony,Grand Kitano Tea Ceremony,Event,Q17,Japan,,
fest_Q11262273,fest_Q11262273,Q11262273,ohara festival,Ohara Festival,Festival,Q17,Japan,,
fest_Q1072387,fest_Q1072387,Q1072387,shichi-go-san,Shichi-Go-San,Festival,Q17,Japan,,
fest_Q27926875,fest_Q27926875,Q27926875,kyoto experiment,KYOTO EXPERIMENT,Festival,Q17,Japan,,
fest_Q27926875,fest_Q27926875,Q27926875,kyoto experiment,KYOTO EXPERIMENT,Festival,Q17,Japan,,
fest_Q986756,fest_Q986756,Q986756,census in japan,census in Japan,Festival,Q17,Japan,,
fest_Q1135687,fest_Q1135687,Q1135687,hamamatsu international piano competition,Hamamatsu International Piano Competition,Festival,Q17,Japan,1991-01-01,
fest_Q11537266,fest_Q11537266,Q11537266,kiryu fashion week,Kiryu Fashion Week,Festival,Q17,Japan,,
fest_Q10567340,fest_Q10567340,Q10567340,dian cha,Dian cha,Event,Q17,Japan,,
fest_Q11492412,fest_Q11492412,Q11492412,ebisu-nagare,Ebisu-nagare,Festival,Q17,Japan,,
fest_Q5327561,fest_Q5327561,Q5327561,east-east,East-East,Festival,Q17,Japan,,
fest_Q5327561,fest_Q5327561,Q5327561,east-east,East-East,Festival,Q17,Japan,,
fest_Q7205337,fest_Q7205337,Q7205337,plum mariko memorial show,Plum Mariko Memorial Show,Festival,Q17,Japan,,
fest_Q11423189,fest_Q11423189,Q11423189,doi-nagare,Doi-nagare,Festival,Q17,Japan,,
fest_Q20045311,fest_Q20045311,Q20045311,sendai hōsō matsuri,Sendai Hōsō Matsuri,Festival,Q17,Japan,,
fest_Q6172694,fest_Q6172694,Q6172694,jeddah economic forum,Jeddah Economic Forum,Festival,Q374365,Jeddah,,
fest_Q6172694,fest_Q6172694,Q6172694,jeddah economic forum,Jeddah Economic Forum,Festival,Q374365,Jeddah,,
fest_Q11400243,fest_Q11400243,Q11400243,katsuyama sagichō,Katsuyama Sagichō,Festival,Q17,Japan,,
fest_Q5347024,fest_Q5347024,Q5347024,ee ja nai ka,ee ja nai ka,Festival,Q17,Japan,1867-06-01,1868-05-01
fest_Q21452641,fest_Q21452641,Q21452641,pocky pretz day,Pocky & Pretz Day,Festival,Q17,Japan,,
fest_Q1371522,fest_Q1371522,Q1371522,japan media arts festival,Japan Media Arts Festival,Festival,Q17,Japan,,
fest_Q20044199,fest_Q20044199,Q20044199,kō natsu matsuri,Kō Natsu Matsuri,Festival,Q17,Japan,,
fest_Q19750810,fest_Q19750810,Q19750810,reanimation,Re:animation,Festival,Q17,Japan,,
fest_Q64876314,fest_Q64876314,Q64876314,nepal pride parade,Nepal Pride Parade,Festival,Q3037,Kathmandu,,
fest_Q64876314,fest_Q64876314,Q64876314,nepal pride parade,Nepal Pride Parade,Festival,Q3037,Kathmandu,,
fest_Q11200930,fest_Q11200930,Q11200930,geisai,GEISAI,Festival,Q17,Japan,,
fest_Q11274533,fest_Q11274533,Q11274533,nara tōkae,Nara Tōkae,Festival,Q17,Japan,,
fest_Q11652418,fest_Q11652418,Q11652418,nagasaki peace memorial ceremony,Nagasaki Peace Memorial Ceremony,Event,Q17,Japan,,
fest_Q16638525,fest_Q16638525,Q16638525,garasha matsuri,Garasha Matsuri,Festival,Q17,Japan,,
fest_Q11366524,fest_Q11366524,Q11366524,nakasu-nagare,Nakasu-nagare,Festival,Q17,Japan,,
fest_Q11374838,fest_Q11374838,Q11374838,arashiyama hanatōro,Arashiyama Hanatōro,Festival,Q17,Japan,,
fest_Q11652390,fest_Q11652390,Q11652390,nagasaki lantern festival,Nagasaki Lantern Festival,Festival,Q17,Japan,,
fest_Q11327037,fest_Q11327037,Q11327037,havriin bayar,Havriin Bayar,Festival,Q17,Japan,,
fest_Q11327037,fest_Q11327037,Q11327037,havriin bayar,Havriin Bayar,Festival,Q17,Japan,,
fest_Q11256639,fest_Q11256639,Q11256639,aichi triennale,Aichi Triennale,Festival,Q17,Japan,,
fest_Q763304,fest_Q763304,Q763304,hiroshima peace memorial ceremony,Hiroshima Peace Memorial Ceremony,Event,Q17,Japan,,
fest_Q17225061,fest_Q17225061,Q17225061,oshiraishimochi,Oshiraishimochi,Festival,Q17,Japan,,
fest_Q2069076,fest_Q2069076,Q2069076,niigata comic market,Niigata Comic Market,Festival,Q17,Japan,,
fest_Q11582264,fest_Q11582264,Q11582264,aioi peron matsuri,Aioi Peron Matsuri,Festival,Q17,Japan,,
fest_Q1749262,fest_Q1749262,Q1749262,hakata gion yamakasa festival,Hakata Gion Yamakasa Festival,Festival,Q17,Japan,,
fest_Q22125523,fest_Q22125523,Q22125523,bitsummit,BitSummit,Festival,Q17,Japan,,
fest_Q11544879,fest_Q11544879,Q11544879,jisedai world hobby fair,Jisedai World Hobby Fair,Festival,Q17,Japan,,
fest_Q11594394,fest_Q11594394,Q11594394,fukujin-nagare,Fukujin-nagare,Festival,Q17,Japan,,
fest_Q65272007,fest_Q65272007,Q65272007,monthly labour survey,Monthly Labour Survey,Festival,Q17,Japan,,
fest_Q11476051,fest_Q11476051,Q11476051,tōge no kunitori tsunahiki gassen,Tōge no Kunitori Tsunahiki Gassen,Festival,Q17,Japan,,
fest_Q21653791,fest_Q21653791,Q21653791,tomiya marching festival,Tomiya Marching Festival,Festival,Q17,Japan,,
fest_Q11435600,fest_Q11435600,Q11435600,odate daimonji festival,Odate Daimonji Festival,Festival,Q17,Japan,,
fest_Q1032381,fest_Q1032381,Q1032381,hatsumōde,Hatsumōde,Festival,Q17,Japan,,
fest_Q11279175,fest_Q11279175,Q11279175,japanese unified local election,Japanese unified local election,Festival,Q17,Japan,,
fest_Q5288609,fest_Q5288609,Q5288609,doi taikomatsuri,Doi taikomatsuri,Festival,Q17,Japan,,
fest_Q8031746,fest_Q8031746,Q8031746,wonder festival,Wonder Festival,Festival,Q17,Japan,,
fest_Q17189951,fest_Q17189951,Q17189951,kyoto cross media experience,KYOTO Cross Media Experience,Festival,Q17,Japan,,
fest_Q13423122,fest_Q13423122,Q13423122,qixi festival,Qixi Festival,Festival,Q17,Japan,,
fest_Q13423122,fest_Q13423122,Q13423122,qixi festival,Qixi Festival,Festival,Q17,Japan,,
fest_Q11678799,fest_Q11678799,Q11678799,shimoda black ship festival,Shimoda Black Ship Festival,Festival,Q17,Japan,,
fest_Q16272090,fest_Q16272090,Q16272090,rahlin seasons,Rahlin seasons,Festival,Q900,Kazan,,
fest_Q16272090,fest_Q16272090,Q16272090,rahlin seasons,Rahlin seasons,Festival,Q900,Kazan,,
fest_Q10661677,fest_Q10661677,Q10661677,sapporo international ski marathon,Sapporo International Ski Marathon,Festival,Q17,Japan,,
fest_Q11448260,fest_Q11448260,Q11448260,basic school survey,Basic School Survey,Festival,Q17,Japan,,
fest_Q11304313,fest_Q11304313,Q11304313,sound conifer 229,Sound Conifer 229,Festival,Q17,Japan,,
fest_Q3610588,fest_Q3610588,Q3610588,hiroshima flower festival,Hiroshima Flower Festival,Festival,Q17,Japan,,
fest_Q2650249,fest_Q2650249,Q2650249,nihon sf taikai,Nihon SF Taikai,Festival,Q17,Japan,,
fest_Q11396697,fest_Q11396697,Q11396697,beppu hatto onsen festival,Beppu Hatto Onsen Festival,Festival,Q17,Japan,,
fest_Q11543279,fest_Q11543279,Q11543279,yokohama port festival,Yokohama Port Festival,Festival,Q17,Japan,,
fest_Q16251000,fest_Q16251000,Q16251000,indian film festival japan,Indian Film Festival Japan,Festival,Q17,Japan,,
fest_Q11281926,fest_Q11281926,Q11281926,waraji-biki,Waraji-biki,Festival,Q17,Japan,,
fest_Q11559379,fest_Q11559379,Q11559379,umibiraki,umibiraki,Event,Q17,Japan,,
fest_Q11225372,fest_Q11225372,Q11225372,japan international contents festival,Japan International Contents Festival,Festival,Q17,Japan,,
fest_Q11611950,fest_Q11611950,Q11611950,nochi spring festival,Nochi Spring Festival,Festival,Q17,Japan,,
fest_Q11408956,fest_Q11408956,Q11408956,hakata matsubayashi,Hakata Matsubayashi,Festival,Q17,Japan,,
fest_Q16909481,fest_Q16909481,Q16909481,super rock '85 in japan,Super Rock '85 in Japan,Festival,Q17,Japan,,
fest_Q16941387,fest_Q16941387,Q16941387,matsuyama shiroyama koen cherry blossom festival,Matsuyama Shiroyama Koen Cherry Blossom Festival,Festival,Q17,Japan,,
fest_Q11642088,fest_Q11642088,Q11642088,mikumano jinja taisai,Mikumano Jinja Taisai,Festival,Q17,Japan,,
fest_Q11340380,fest_Q11340380,Q11340380,machi asobi,Machi Asobi,Festival,Q17,Japan,,
fest_Q11589832,fest_Q11589832,Q11589832,kobe international flute competition,Kobe International Flute Competition,Festival,Q17,Japan,1985-01-01,
fest_Q11589832,fest_Q11589832,Q11589832,kobe international flute competition,Kobe International Flute Competition,Festival,Q17,Japan,1985-01-01,
fest_Q11269290,fest_Q11269290,Q11269290,national urban greening fair,National Urban Greening Fair,Festival,Q17,Japan,1983-01-01,
fest_Q11620248,fest_Q11620248,Q11620248,moe game award,Moe Game Award,Festival,Q17,Japan,,
fest_Q17209977,fest_Q17209977,Q17209977,kanji day,Kanji Day,Festival,Q17,Japan,,
fest_Q135891628,fest_Q135891628,Q135891628,marines natsu matsuri,Marines Natsu Matsuri,Festival,Q17,Japan,2025-08-19,2025-08-31
fest_Q112571725,fest_Q112571725,Q112571725,atsuta matsuri,Atsuta Matsuri,Festival,Q17,Japan,,
fest_Q109357571,fest_Q109357571,Q109357571,census of manufacture,Census of Manufacture,Festival,Q17,Japan,,
fest_Q109379755,fest_Q109379755,Q109379755,dbcls biohackathon,DBCLS BioHackathon,Festival,Q17,Japan,,
fest_Q131991089,fest_Q131991089,Q131991089,subscription concert of nagoya philharmonic orchestra,Subscription Concert of Nagoya Philharmonic Orchestra,Festival,Q17,Japan,,
fest_Q118455731,fest_Q118455731,Q118455731,maulidi festivities,Maulidi Festivities,Festival,Q114,Kenya,,
fest_Q114045450,fest_Q114045450,Q114045450,okuribon festival,Okuribon Festival,Festival,Q17,Japan,,
fest_Q39747320,fest_Q39747320,Q39747320,12th takeshima day ceremony,12th Takeshima Day Ceremony,Event,Q17,Japan,,
fest_Q55526656,fest_Q55526656,Q55526656,hokusō haru matsuri,Hokusō Haru Matsuri,Festival,Q17,Japan,,
fest_Q130552906,fest_Q130552906,Q130552906,nibuchan-pionships,NIBUCHAN-PIONSHIPS,Event,Q17,Japan,,
fest_Q127503128,fest_Q128480280,Q128480280,monozukuri - a celebration of japanese artisanal techniques 2024,Monozukuri - A Celebration of Japanese Artisanal Techniques 2024,Festival,Q17,Japan,,
fest_Q39746709,fest_Q39746709,Q39746709,8th takeshima day ceremony,8th Takeshima Day Ceremony,Event,Q17,Japan,,
fest_Q131701907,fest_Q131701907,Q131701907,yokohama otoko matsuri 2025,Yokohama Otoko Matsuri 2025,Festival,Q17,Japan,2025-08-26,2025-08-28
fest_Q28686932,fest_Q28686932,Q28686932,beppu hinoumi matsuri,Beppu Hinoumi Matsuri,Festival,Q17,Japan,,
fest_Q80708100,fest_Q80708100,Q80708100,toyohashi oni festival,Toyohashi Oni Festival,Festival,Q17,Japan,,
fest_Q6127305,fest_Q6127305,Q6127305,jamaica independence festival,Jamaica Independence Festival,Festival,Q766,Jamaica,,
fest_Q65966757,fest_Q65966757,Q65966757,nakagawa kingyo matsuri,Nakagawa Kingyo Matsuri,Festival,Q17,Japan,,
fest_Q370038,fest_Q370038,Q370038,passa passa,Passa Passa,Event,Q766,Jamaica,,
fest_Q131316266,fest_Q131316266,Q131316266,nairobi film festival,Nairobi Film Festival,Festival,Q114,Kenya,,
fest_Q131311624,fest_Q131311624,Q131311624,mombasa carnival,Mombasa Carnival,Festival,Q114,Kenya,,
fest_Q7574658,fest_Q7574658,Q7574658,special operations forces exhibition,Special Operations Forces Exhibition,Festival,Q810,Jordan,1996-01-01,
fest_Q109257142,fest_Q109257142,Q109257142,the centenary of the establishment of the jordanian state,The centenary of the establishment of the Jordanian state,Event,Q810,Jordan,,
fest_Q125018927,fest_Q125018927,Q125018927,ōhama-nagare-kanjō,Ōhama-nagare-kanjō,Festival,Q17,Japan,,
fest_Q86740734,fest_Q86740734,Q86740734,shibare festival,Shibare Festival,Festival,Q17,Japan,,
fest_Q64044545,fest_Q64044545,Q64044545,tokyo international conducting competition,Tokyo International Conducting Competition,Festival,Q17,Japan,1966-01-01,
fest_Q55624261,fest_Q55624261,Q55624261,my famicase,My Famicase,Festival,Q17,Japan,,
fest_Q138854437,fest_Q138854437,Q138854437,enshu yokosuka kite festival,Enshu Yokosuka Kite Festival,Festival,Q17,Japan,,
fest_Q135642091,fest_Q135642091,Q135642091,hina kawata graduation ceremony,Hina Kawata graduation ceremony,Event,Q17,Japan,,
fest_Q108373656,fest_Q108373656,Q108373656,vietnam festival in japan,Vietnam Festival in Japan,Festival,Q17,Japan,,
fest_Q129694314,fest_Q129694314,Q129694314,yokohama otoko matsuri,Yokohama Otoko Matsuri,Festival,Q17,Japan,,
fest_Q135989693,fest_Q135989693,Q135989693,shibuya aoharu 20 2025,SHIBUYA AOHARU 2.0 2025,Festival,Q17,Japan,2025-08-16,2025-08-17
fest_Q24236111,fest_Q24236111,Q24236111,calabash international literary festival,Calabash International Literary Festival,Festival,Q766,Jamaica,,
fest_Q65259305,fest_Q65259305,Q65259305,the commemoration ceremony of the thirtieth anniversary of his majesty the emperor's accession to the throne,The Commemoration Ceremony of the Thirtieth Anniversary of His Majesty the Emperor's Accession to the Throne,Event,Q17,Japan,,
fest_Q133249186,fest_Q133249186,Q133249186,oiyamanarashi,Oiyamanarashi,Festival,Q17,Japan,,
fest_Q55524579,fest_Q55524579,Q55524579,koga peach festival,Koga Peach Festival,Festival,Q17,Japan,,
fest_Q39746601,fest_Q39746601,Q39746601,7th takeshima day ceremony,7th Takeshima Day Ceremony,Event,Q17,Japan,,
fest_Q118905214,fest_Q118905214,Q118905214,dreams on ice,Dreams On Ice,Festival,Q17,Japan,,
fest_Q131311717,fest_Q131311717,Q131311717,marsabit lake turkana festival,Marsabit Lake Turkana Festival,Festival,Q114,Kenya,,
fest_Q131315722,fest_Q131315722,Q131315722,kilifi new year festival,Kilifi New Year Festival,Festival,Q114,Kenya,,
fest_Q131723343,fest_Q131723343,Q131723343,oiyama,Oiyama,Festival,Q17,Japan,,
fest_Q109370434,fest_Q109370434,Q109370434,hinakuri,Hinakuri,Festival,Q17,Japan,,
fest_Q113955168,fest_Q113955168,Q113955168,inauguration of william ruto,inauguration of William Ruto,Event,Q114,Kenya,,
fest_Q124363255,fest_Q124363255,Q124363255,yamadome,Yamadome,Festival,Q17,Japan,,
fest_Q132348392,fest_Q132348392,Q132348392,touring event of kindaichi kōsuke's path,Touring event of Kindaichi Kōsuke's Path,Festival,Q17,Japan,,
fest_Q131311915,fest_Q131311915,Q131311915,rusinga cultural festival,Rusinga Cultural Festival,Festival,Q114,Kenya,,
fest_Q121160208,fest_Q121160208,Q121160208,i love ireland festival,I Love Ireland Festival,Festival,Q17,Japan,,
fest_Q131316160,fest_Q131316160,Q131316160,luo festival,Luo Festival,Festival,Q114,Kenya,,
fest_Q121645849,fest_Q121645849,Q121645849,jamaica festival reggae cuisine in japan,Jamaica Festival Reggae & Cuisine in Japan,Festival,Q17,Japan,,
fest_Q136375503,fest_Q136375503,Q136375503,midsummer swimsuit festival,Midsummer Swimsuit Festival,Festival,Q17,Japan,,
fest_Q63795744,fest_Q63795744,Q63795744,a feast day of kayadani,A feast day of Kayadani,Festival,Q17,Japan,,
fest_Q39745435,fest_Q39745435,Q39745435,1st takeshima day ceremony,1st Takeshima Day Ceremony,Event,Q17,Japan,,
fest_Q125894291,fest_Q125894291,Q125894291,bonden,Bonden,Festival,Q17,Japan,,
fest_Q125959947,fest_Q125959947,Q125959947,numa-iri bonden,Numa-iri Bonden,Festival,Q17,Japan,,
fest_Q39746481,fest_Q39746481,Q39746481,6th takeshima day ceremony,6th Takeshima Day Ceremony,Event,Q17,Japan,,
fest_Q133287908,fest_Q133287908,Q133287908,yasaka jinja gion matsuri,Yasaka Jinja Gion Matsuri,Festival,Q17,Japan,,
fest_Q70188015,fest_Q70188015,Q70188015,fleet review japan,Fleet Review (Japan),Festival,Q17,Japan,,
fest_Q25345082,fest_Q25345082,Q25345082,the kenya schools and colleges drama festival,The Kenya Schools and Colleges Drama Festival,Festival,Q114,Kenya,,
fest_Q137910804,fest_Q137910804,Q137910804,yokohama otoko matsuri 2026,Yokohama Otoko Matsuri 2026,Festival,Q17,Japan,2026-08-18,2026-08-20
fest_Q83532750,fest_Q83532750,Q83532750,rta in japan,RTA in Japan,Festival,Q17,Japan,,
fest_Q138674079,fest_Q138674079,Q138674079,idol runway collection,Idol Runway Collection,Festival,Q17,Japan,2023-01-01,
fest_Q130553101,fest_Q130553101,Q130553101,hinatazaka46 akari nibu graduation ceremony,Hinatazaka46 Akari Nibu graduation ceremony,Event,Q17,Japan,,
fest_Q116197089,fest_Q116197089,Q116197089,wrestle kingdom,Wrestle Kingdom,Festival,Q17,Japan,,
fest_Q135726467,fest_Q135726467,Q135726467,asean day 2025 celebration in kenya,ASEAN Day 2025 celebration in Kenya,Event,Q114,Kenya,,
fest_Q30922504,fest_Q30922504,Q30922504,kisawa juhyō matsuri,Kisawa Juhyō Matsuri,Festival,Q17,Japan,,
fest_Q130712731,fest_Q130712731,Q130712731,hal-con,HAL-CON,Festival,Q17,Japan,,
fest_Q121646023,fest_Q121646023,Q121646023,jamaica festival reggae cuisine in tokyo,Jamaica Festival Reggae & Cuisine in Tokyo,Festival,Q17,Japan,,
fest_Q39746961,fest_Q39746961,Q39746961,10th takeshima day ceremony,10th Takeshima Day Ceremony,Event,Q17,Japan,,
fest_Q86737662,fest_Q86737662,Q86737662,nōhime matsuri,Nōhime Matsuri,Festival,Q17,Japan,,
fest_Q129695018,fest_Q129695018,Q129695018,yokohama otoko matsuri 2024,Yokohama Otoko Matsuri 2024,Festival,Q17,Japan,2024-08-20,2024-08-22
fest_Q39747116,fest_Q39747116,Q39747116,11th takeshima day ceremony,11th Takeshima Day Ceremony,Event,Q17,Japan,,
fest_Q132348219,fest_Q132348219,Q132348219,jingu karaage festival,Jingu Karaage Festival,Festival,Q17,Japan,2025-04-02,2025-04-04
fest_Q131311451,fest_Q131311451,Q131311451,lamu cultural festival,Lamu Cultural Festival,Festival,Q114,Kenya,,
fest_Q56863439,fest_Q56863439,Q56863439,komaneko festival,Komaneko Festival,Festival,Q17,Japan,,
fest_Q39746053,fest_Q39746053,Q39746053,3rd takeshima day ceremony,3rd Takeshima Day Ceremony,Event,Q17,Japan,,
fest_Q127503128,fest_Q127503128,Q127503128,monozukuri - a celebration of japanese artisanal techniques 2024,Monozukuri - A Celebration of Japanese Artisanal Techniques 2024,Festival,Q17,Japan,2024-08-02,2024-08-04
fest_Q60988115,fest_Q60988115,Q60988115,kutsukko matsuri,Kutsukko Matsuri,Festival,Q17,Japan,,
fest_Q39746804,fest_Q39746804,Q39746804,9th takeshima day ceremony,9th Takeshima Day Ceremony,Event,Q17,Japan,,
fest_Q60213133,fest_Q60213133,Q60213133,gohan ritual,Gohan ritual,Festival,Q17,Japan,,
fest_Q127789312,fest_Q127789312,Q127789312,koganei sakura festival,KOGANEI SAKURA FESTIVAL,Festival,Q17,Japan,,
fest_Q39746356,fest_Q39746356,Q39746356,5th takeshima day ceremony,5th Takeshima Day Ceremony,Event,Q17,Japan,,
fest_Q131311844,fest_Q131311844,Q131311844,rift valley music festival,Rift Valley Music Festival,Festival,Q114,Kenya,,
fest_Q114957242,fest_Q114957242,Q114957242,pokémon fossil museum,Pokémon Fossil Museum,Festival,Q17,Japan,,
fest_Q86735439,fest_Q86735439,Q86735439,kinoene aki matsuri,Kinoene Aki Matsuri,Festival,Q17,Japan,,
fest_Q61057617,fest_Q61057617,Q61057617,osaka sekai hansen matsuri,Osaka Sekai Hansen Matsuri,Festival,Q17,Japan,1983-10-22,1983-11-01
fest_Q65272329,fest_Q65272329,Q65272329,sagami river koinobori matsuri,Sagami River Koinobori Matsuri,Festival,Q17,Japan,,
fest_Q131321722,fest_Q131321722,Q131321722,safari rally,Safari Rally,Festival,Q114,Kenya,,
fest_Q39745767,fest_Q39745767,Q39745767,2nd takeshima day ceremony,2nd Takeshima Day Ceremony,Event,Q17,Japan,,
fest_Q65271684,fest_Q65271684,Q65271684,sakura o miru kai,Sakura o Miru Kai,Festival,Q17,Japan,,
fest_Q39746220,fest_Q39746220,Q39746220,4th takeshima day ceremony,4th Takeshima Day Ceremony,Event,Q17,Japan,,
fest_Q131701917,fest_Q131701917,Q131701917,b-party 2025,B-PARTY 2025,Event,Q17,Japan,2025-04-11,2025-04-13
fest_Q65235263,fest_Q65235263,Q65235263,tomakomai skate matsuri,Tomakomai Skate Matsuri,Festival,Q17,Japan,,
fest_Q8031744,fest_Q8031744,Q8031744,wonder dream concert,Wonder Dream Concert,Festival,Q766,Jamaica,,
fest_Q135746980,fest_Q135746980,Q135746980,wakamiya jinja reitaisai,Wakamiya Jinja Reitaisai,Festival,Q17,Japan,,
fest_Q123698819,fest_Q123698819,Q123698819,momiji hachiman-gū shishi matsuri,Momiji Hachiman-gū Shishi Matsuri,Festival,Q17,Japan,,
fest_Q28690104,fest_Q28690104,Q28690104,premium friday,Premium Friday,Festival,Q17,Japan,,
fest_Q109603119,fest_Q109603119,Q109603119,atami fireworks festival,Atami Fireworks Festival,Festival,Q17,Japan,,
fest_Q112222177,fest_Q112222177,Q112222177,setagaya panmatsuri,Setagaya Panmatsuri,Festival,Q17,Japan,,
fest_Q30928431,fest_Q30928431,Q30928431,hagi hime matsuri,Hagi Hime Matsuri,Festival,Q17,Japan,,
fest_Q111283049,fest_Q111283049,Q111283049,hiwatari-sai,Hiwatari-sai,Festival,Q17,Japan,,
fest_Q57388689,fest_Q57388689,Q57388689,iiyama snow festival,Iiyama Snow Festival,Festival,Q17,Japan,,
fest_Q124342230,fest_Q124342230,Q124342230,mix hitobito tango,mix hitobito tango,Festival,Q17,Japan,,
fest_Q85879019,fest_Q85879019,Q85879019,osaka international chamber music competition,Osaka International Chamber Music Competition,Festival,Q17,Japan,1993-01-01,
fest_Q85879019,fest_Q85879019,Q85879019,osaka international chamber music competition,Osaka International Chamber Music Competition,Festival,Q17,Japan,1993-01-01,
fest_Q115298088,fest_Q115298088,Q115298088,mitsuyama-taisai,Mitsuyama-taisai,Festival,Q17,Japan,,
fest_Q130552888,fest_Q130552888,Q130552888,akari nibu graduation ceremony,Akari Nibu graduation ceremony,Event,Q17,Japan,2024-11-30,2024-12-01
fest_Q119478096,fest_Q119478096,Q119478096,kindai mahjong swimsuit festival,Kindai Mahjong Swimsuit Festival,Festival,Q17,Japan,,
fest_Q131321470,fest_Q131321470,Q131321470,jamhuri day,Jamhuri Day,Festival,Q114,Kenya,,
fest_Q48748975,fest_Q48748975,Q48748975,suito matsuri,Suito Matsuri,Festival,Q17,Japan,,
fest_Q124751043,fest_Q124751043,Q124751043,hijisai,Hijisai,Festival,Q17,Japan,,
fest_Q113470456,fest_Q113470456,Q113470456,osu summer festival,Osu Summer Festival,Festival,Q17,Japan,,
fest_Q7447349,fest_Q7447349,Q7447349,seksualiti merdeka,Seksualiti Merdeka,Festival,Q1865,Kuala Lumpur,,
fest_Q7447349,fest_Q7447349,Q7447349,seksualiti merdeka,Seksualiti Merdeka,Festival,Q1865,Kuala Lumpur,,
fest_Q65061247,fest_Q65061247,Q65061247,lagos games festival,Lagos Games Festival,Festival,Q8673,Lagos,,
fest_Q65061247,fest_Q65061247,Q65061247,lagos games festival,Lagos Games Festival,Festival,Q8673,Lagos,,
fest_Q108470882,fest_Q108470882,Q108470882,lagos international film festival,Lagos international film festival,Festival,Q8673,Lagos,,
fest_Q108470882,fest_Q108470882,Q108470882,lagos international film festival,Lagos international film festival,Festival,Q8673,Lagos,,
fest_Q60601182,fest_Q60601182,Q60601182,kyiv international advertising festival,Kyiv International Advertising Festival,Festival,Q1899,Kyiv,,
fest_Q29959335,fest_Q29959335,Q29959335,copernicus festival,Copernicus Festival,Festival,Q31487,Kraków,2014-01-01,
fest_Q29959335,fest_Q29959335,Q29959335,copernicus festival,Copernicus Festival,Festival,Q31487,Kraków,2014-01-01,
fest_Q107176534,fest_Q107176534,Q107176534,our homecoming,Our Homecoming,Festival,Q8673,Lagos,,
fest_Q107176534,fest_Q107176534,Q107176534,our homecoming,Our Homecoming,Festival,Q8673,Lagos,,
fest_Q98104254,fest_Q98104254,Q98104254,the queer may festival kraków,"The Queer May Festival, Kraków",Festival,Q31487,Kraków,,
fest_Q98104254,fest_Q98104254,Q98104254,the queer may festival kraków,"The Queer May Festival, Kraków",Festival,Q31487,Kraków,,
fest_Q11802057,fest_Q11802057,Q11802057,paka,PaKA,Festival,Q31487,Kraków,1985-01-01,
fest_Q11802057,fest_Q11802057,Q11802057,paka,PaKA,Festival,Q31487,Kraków,1985-01-01,
fest_Q123746410,fest_Q123746410,Q123746410,where the sheep sleep,Where the Sheep Sleep,Festival,Q29999,Kingdom of the Netherlands,,
fest_Q12237733,fest_Q12237733,Q12237733,layaly february,Layaly February,Festival,Q817,Kuwait,,
fest_Q108471053,fest_Q108471053,Q108471053,yoruba arts festival,Yoruba arts festival,Festival,Q8673,Lagos,,
fest_Q108471053,fest_Q108471053,Q108471053,yoruba arts festival,Yoruba arts festival,Festival,Q8673,Lagos,,
fest_Q131329790,fest_Q131329790,Q131329790,rhythm unplugged,Rhythm Unplugged,Festival,Q8673,Lagos,,
fest_Q131329790,fest_Q131329790,Q131329790,rhythm unplugged,Rhythm Unplugged,Festival,Q8673,Lagos,,
fest_Q12165653,fest_Q12165653,Q12165653,carpathian nativity scene festival,Carpathian Nativity Scene Festival,Festival,Q1899,Kyiv,2007-01-01,2013-01-01
fest_Q3319267,fest_Q3319267,Q3319267,krakow photomonth festival,Krakow Photomonth Festival,Festival,Q31487,Kraków,,
fest_Q20077703,fest_Q20077703,Q20077703,kiev laurels,Kiev laurels,Festival,Q1899,Kyiv,2006-01-01,
fest_Q139378460,fest_Q139378460,Q139378460,seksualiti merdeka 2010,Seksualiti Merdeka 2010,Festival,Q1865,Kuala Lumpur,2010-10-03,2010-10-17
fest_Q139378460,fest_Q139378460,Q139378460,seksualiti merdeka 2010,Seksualiti Merdeka 2010,Festival,Q1865,Kuala Lumpur,2010-10-03,2010-10-17
fest_Q21425910,fest_Q21425910,Q21425910,felabration,Felabration,Festival,Q8673,Lagos,,
fest_Q21425910,fest_Q21425910,Q21425910,felabration,Felabration,Festival,Q8673,Lagos,,
fest_Q132177384,fest_Q132177384,Q132177384,gaudeamus muziekweek,Gaudeamus Muziekweek,Festival,Q29999,Kingdom of the Netherlands,1945-01-01,
fest_Q20011191,fest_Q20011191,Q20011191,gidi culture festival,Gidi Culture Festival,Festival,Q8673,Lagos,,
fest_Q20011191,fest_Q20011191,Q20011191,gidi culture festival,Gidi Culture Festival,Festival,Q8673,Lagos,,
fest_Q6473368,fest_Q6473368,Q6473368,lahore fashion week,Lahore Fashion Week,Festival,Q11739,Lahore,,
fest_Q6473368,fest_Q6473368,Q6473368,lahore fashion week,Lahore Fashion Week,Festival,Q11739,Lahore,,
fest_Q71608002,fest_Q71608002,Q71608002,kyiv international economic forum,Kyiv International Economic Forum,Festival,Q1899,Kyiv,,
fest_Q12153736,fest_Q12153736,Q12153736,slavic rock,Slavic rock,Festival,Q1899,Kyiv,2006-01-01,
fest_Q113707371,fest_Q113707371,Q113707371,etno fest,Etno Fest,Festival,Q1246,Kosovo,,
fest_Q6805421,fest_Q6805421,Q6805421,mediawestcon,MediaWest*Con,Festival,Q28237,Lansing,,
fest_Q125701268,fest_Q125701268,Q125701268,lagos international poetry festival,Lagos International Poetry Festival,Festival,Q8673,Lagos,,
fest_Q125701268,fest_Q125701268,Q125701268,lagos international poetry festival,Lagos International Poetry Festival,Festival,Q8673,Lagos,,
fest_Q115044876,fest_Q115044876,Q115044876,vushtrri potato festival,Vushtrri Potato Festival,Festival,Q1246,Kosovo,,
fest_Q7897486,fest_Q7897486,Q7897486,unsound festival,Unsound Festival,Festival,Q31487,Kraków,,
fest_Q7897486,fest_Q7897486,Q7897486,unsound festival,Unsound Festival,Festival,Q31487,Kraków,,
fest_Q7253161,fest_Q7253161,Q7253161,prussian homage,Prussian Homage,Event,Q31487,Kraków,,
fest_Q12169050,fest_Q12169050,Q12169050,chaika open air,Chaika Open Air,Festival,Q1899,Kyiv,,
fest_Q4949782,fest_Q4949782,Q4949782,boun khun khao,Boun Khun Khao,Festival,Q819,Laos,,
fest_Q139378331,fest_Q139378331,Q139378331,seksualiti merdeka 2008,Seksualiti Merdeka 2008,Festival,Q1865,Kuala Lumpur,2008-08-29,2008-08-31
fest_Q139378331,fest_Q139378331,Q139378331,seksualiti merdeka 2008,Seksualiti Merdeka 2008,Festival,Q1865,Kuala Lumpur,2008-08-29,2008-08-31
fest_Q136434402,fest_Q136434402,Q136434402,autostrada biennale,Autostrada Biennale,Festival,Q1246,Kosovo,,
fest_Q11699225,fest_Q11699225,Q11699225,gadający pies,Gadający Pies,Festival,Q31487,Kraków,,2015-01-01
fest_Q11699225,fest_Q11699225,Q11699225,gadający pies,Gadający Pies,Festival,Q31487,Kraków,,2015-01-01
fest_Q97375636,fest_Q97375636,Q97375636,ride for the living,Ride For The Living,Festival,Q31487,Kraków,,
fest_Q18350674,fest_Q18350674,Q18350674,ign convention,IGN Convention,Festival,Q817,Kuwait,,
fest_Q4637374,fest_Q4637374,Q4637374,40bunarfest,40BunarFest,Festival,Q1246,Kosovo,,
fest_Q17099050,fest_Q17099050,Q17099050,saulkrasti jazz festival,Saulkrasti Jazz Festival,Festival,Q211,Latvia,,
fest_Q112175370,fest_Q112175370,Q112175370,les urbaines performance festival 2009,Les Urbaines Performance Festival 2009,Festival,Q807,Lausanne,,
fest_Q112175370,fest_Q112175370,Q112175370,les urbaines performance festival 2009,Les Urbaines Performance Festival 2009,Festival,Q807,Lausanne,,
fest_Q112175068,fest_Q112175068,Q112175068,les urbaines performance festival 2015,Les Urbaines Performance Festival 2015,Festival,Q807,Lausanne,,
fest_Q112175068,fest_Q112175068,Q112175068,les urbaines performance festival 2015,Les Urbaines Performance Festival 2015,Festival,Q807,Lausanne,,
fest_Q7627990,fest_Q7627990,Q7627990,studentu paradīze,Studentu paradīze,Festival,Q211,Latvia,,
fest_Q112080263,fest_Q112080263,Q112080263,lucon,Lucon,Festival,Q39121,Leeds,,
fest_Q937328,fest_Q937328,Q937328,feast of the pheasant,Feast of the Pheasant,Event,Q648,Lille,,
fest_Q4076961,fest_Q4076961,Q4076961,baltcon,Baltcon,Festival,Q211,Latvia,,
fest_Q4076961,fest_Q4076961,Q4076961,baltcon,Baltcon,Festival,Q211,Latvia,,
fest_Q4076961,fest_Q4076961,Q4076961,baltcon,Baltcon,Festival,Q211,Latvia,,
fest_Q4076961,fest_Q4076961,Q4076961,baltcon,Baltcon,Festival,Q211,Latvia,,
fest_Q4076961,fest_Q4076961,Q4076961,baltcon,Baltcon,Festival,Q211,Latvia,,
fest_Q112175383,fest_Q112175383,Q112175383,les urbaines performance festival 2014,Les Urbaines Performance Festival 2014,Festival,Q807,Lausanne,,
fest_Q112175383,fest_Q112175383,Q112175383,les urbaines performance festival 2014,Les Urbaines Performance Festival 2014,Festival,Q807,Lausanne,,
fest_Q2568529,fest_Q2568529,Q2568529,new wave 2010,New Wave 2010,Festival,Q211,Latvia,,
fest_Q7333342,fest_Q7333342,Q7333342,riga salsa festival,Riga Salsa Festival,Festival,Q211,Latvia,,
fest_Q19508432,fest_Q19508432,Q19508432,supernova,Supernova,Festival,Q211,Latvia,,
fest_Q4881387,fest_Q4881387,Q4881387,beirut nights,Beirut Nights,Festival,Q822,Lebanon,,
fest_Q98947020,fest_Q98947020,Q98947020,white night,White Night,Festival,Q211,Latvia,,
fest_Q98947020,fest_Q98947020,Q98947020,white night,White Night,Festival,Q211,Latvia,,
fest_Q112175096,fest_Q112175096,Q112175096,les urbaines performance festival 2001-2003,Les Urbaines Performance Festival 2001-2003,Festival,Q807,Lausanne,,
fest_Q112175096,fest_Q112175096,Q112175096,les urbaines performance festival 2001-2003,Les Urbaines Performance Festival 2001-2003,Festival,Q807,Lausanne,,
fest_Q15864742,fest_Q15864742,Q15864742,užgavėnės,Užgavėnės,Event,Q37,Lithuania,,
fest_Q137909802,fest_Q137909802,Q137909802,no trolls allowed,No Trolls Allowed,Festival,Q37,Lithuania,2013-07-19,
fest_Q19841497,fest_Q19841497,Q19841497,1884 national eisteddfod of wales,1884 National Eisteddfod of Wales,Festival,Q24826,Liverpool,,
fest_Q55171303,fest_Q55171303,Q55171303,a summer in le havre,A Summer in Le Havre,Festival,Q42810,Le Havre,,
fest_Q18638656,fest_Q18638656,Q18638656,lithuanian song festival,Lithuanian Song Festival,Festival,Q37,Lithuania,,
fest_Q109729341,fest_Q109729341,Q109729341,wiki loves earth in latvia,Wiki Loves Earth in Latvia,Festival,Q211,Latvia,,
fest_Q67080823,fest_Q67080823,Q67080823,jazzonze,JazzOnze+,Festival,Q807,Lausanne,,
fest_Q67080823,fest_Q67080823,Q67080823,jazzonze,JazzOnze+,Festival,Q807,Lausanne,,
fest_Q51845040,fest_Q51845040,Q51845040,m4music,m4music,Festival,Q807,Lausanne,1998-01-01,
fest_Q51845040,fest_Q51845040,Q51845040,m4music,m4music,Festival,Q807,Lausanne,1998-01-01,
fest_Q51845040,fest_Q51845040,Q51845040,m4music,m4music,Festival,Q807,Lausanne,1998-01-01,
fest_Q97233807,fest_Q97233807,Q97233807,riga fashion week,Riga Fashion Week,Festival,Q211,Latvia,,
fest_Q61892420,fest_Q61892420,Q61892420,al-manar football festival,Al-Manar Football Festival,Festival,Q822,Lebanon,,
fest_Q19841520,fest_Q19841520,Q19841520,1929 national eisteddfod of wales,1929 National Eisteddfod of Wales,Festival,Q24826,Liverpool,,
fest_Q112175447,fest_Q112175447,Q112175447,les urbaines performance festival 2018,Les Urbaines Performance Festival 2018,Festival,Q807,Lausanne,,
fest_Q112175447,fest_Q112175447,Q112175447,les urbaines performance festival 2018,Les Urbaines Performance Festival 2018,Festival,Q807,Lausanne,,
fest_Q13128183,fest_Q13128183,Q13128183,1900 national eisteddfod of wales,1900 National Eisteddfod of Wales,Festival,Q24826,Liverpool,,
fest_Q112175299,fest_Q112175299,Q112175299,les urbaines performance festival 2021,Les Urbaines Performance Festival 2021,Festival,Q807,Lausanne,,
fest_Q112175299,fest_Q112175299,Q112175299,les urbaines performance festival 2021,Les Urbaines Performance Festival 2021,Festival,Q807,Lausanne,,
fest_Q5574730,fest_Q5574730,Q5574730,go blonde festival,Go Blonde Festival,Festival,Q211,Latvia,,
fest_Q673014,fest_Q673014,Q673014,prix de lausanne,Prix de Lausanne,Festival,Q807,Lausanne,,
fest_Q673014,fest_Q673014,Q673014,prix de lausanne,Prix de Lausanne,Festival,Q807,Lausanne,,
fest_Q113253520,fest_Q113253520,Q113253520,libya international holy quran competition,Libya International Holy Quran Competition,Festival,Q1016,Libya,,
fest_Q6407064,fest_Q6407064,Q6407064,kilkim žaibu,Kilkim Žaibu,Festival,Q37,Lithuania,,
fest_Q4070157,fest_Q4070157,Q4070157,artdocfest,Artdocfest,Festival,Q211,Latvia,,
fest_Q4070157,fest_Q4070157,Q4070157,artdocfest,Artdocfest,Festival,Q211,Latvia,,
fest_Q139165304,fest_Q139165304,Q139165304,ecomexpo,EcomExpo,Festival,Q37,Lithuania,,
fest_Q112175014,fest_Q112175014,Q112175014,les urbaines performance festival,Les Urbaines Performance Festival,Festival,Q807,Lausanne,,
fest_Q112175014,fest_Q112175014,Q112175014,les urbaines performance festival,Les Urbaines Performance Festival,Festival,Q807,Lausanne,,
fest_Q48879529,fest_Q48879529,Q48879529,rock in rio lisboa i,Rock in Rio Lisboa I,Festival,Q597,Lisbon,2004-05-28,2004-06-06
fest_Q48879529,fest_Q48879529,Q48879529,rock in rio lisboa i,Rock in Rio Lisboa I,Festival,Q597,Lisbon,2004-05-28,2004-06-06
fest_Q65129607,fest_Q65129607,Q65129607,christmas on earth festival,Christmas on Earth Festival,Festival,Q39121,Leeds,,
fest_Q112175468,fest_Q112175468,Q112175468,les urbaines performance festival 2016,Les Urbaines Performance Festival 2016,Festival,Q807,Lausanne,,
fest_Q112175468,fest_Q112175468,Q112175468,les urbaines performance festival 2016,Les Urbaines Performance Festival 2016,Festival,Q807,Lausanne,,
fest_Q890297,fest_Q890297,Q890297,baltic song festivals,Baltic song festivals,Festival,Q211,Latvia,,
fest_Q890297,fest_Q890297,Q890297,baltic song festivals,Baltic song festivals,Festival,Q211,Latvia,,
fest_Q15715248,fest_Q15715248,Q15715248,sxsw v2v,SXSW V2V,Festival,Q23768,Las Vegas,,
fest_Q112175328,fest_Q112175328,Q112175328,les urbaines performance festival 2019,Les Urbaines Performance Festival 2019,Festival,Q807,Lausanne,,
fest_Q112175328,fest_Q112175328,Q112175328,les urbaines performance festival 2019,Les Urbaines Performance Festival 2019,Festival,Q807,Lausanne,,
fest_Q16851156,fest_Q16851156,Q16851156,jurģi,Jurģi,Festival,Q211,Latvia,,
fest_Q12654989,fest_Q12654989,Q12654989,gaudeamus,Gaudeamus,Festival,Q211,Latvia,,
fest_Q12654989,fest_Q12654989,Q12654989,gaudeamus,Gaudeamus,Festival,Q211,Latvia,,
fest_Q1152956,fest_Q1152956,Q1152956,def con,DEF CON,Festival,Q23768,Las Vegas,,
fest_Q6672817,fest_Q6672817,Q6672817,jāņi,Jāņi,Festival,Q211,Latvia,,
fest_Q48879654,fest_Q48879654,Q48879654,rock in rio lisboa ii,Rock in Rio Lisboa II,Festival,Q597,Lisbon,,
fest_Q48879654,fest_Q48879654,Q48879654,rock in rio lisboa ii,Rock in Rio Lisboa II,Festival,Q597,Lisbon,,
fest_Q12646889,fest_Q12646889,Q12646889,axx,AXX,Festival,Q37,Lithuania,,
fest_Q134439968,fest_Q134439968,Q134439968,wiki loves monuments in lithuania,Wiki Loves Monuments in Lithuania,Festival,Q37,Lithuania,,
fest_Q111149729,fest_Q111149729,Q111149729,wiki loves monuments in latvia,Wiki Loves Monuments in Latvia,Festival,Q211,Latvia,,
fest_Q4796950,fest_Q4796950,Q4796950,art madrid,Art Madrid,Festival,Q2807,Madrid,,
fest_Q4796950,fest_Q4796950,Q4796950,art madrid,Art Madrid,Festival,Q2807,Madrid,,
fest_Q131193721,fest_Q131193721,Q131193721,1855 national eisteddfod of wales,1855 National Eisteddfod of Wales,Festival,Q84,London,,
fest_Q135831137,fest_Q135831137,Q135831137,international festival of letters and arts festilarts,International Festival of Letters and Arts (FESTILARTS),Festival,Q3792,Lomé,,
fest_Q135831137,fest_Q135831137,Q135831137,international festival of letters and arts festilarts,International Festival of Letters and Arts (FESTILARTS),Festival,Q3792,Lomé,,
fest_Q13632977,fest_Q13632977,Q13632977,fashionclash,Fashionclash,Festival,Q1309,Maastricht,,
fest_Q13632977,fest_Q13632977,Q13632977,fashionclash,Fashionclash,Festival,Q1309,Maastricht,,
fest_Q10948,fest_Q10948,Q10948,bocuse d'or,Bocuse d'Or,Festival,Q456,Lyon,1987-01-01,
fest_Q30589254,fest_Q30589254,Q30589254,picocon,Picocon,Festival,Q84,London,,
fest_Q78846875,fest_Q78846875,Q78846875,madferia,MADferia,Festival,Q2807,Madrid,,
fest_Q78846875,fest_Q78846875,Q78846875,madferia,MADferia,Festival,Q2807,Madrid,,
fest_Q1395073,fest_Q1395073,Q1395073,famadihana,Famadihana,Event,Q1019,Madagascar,,
fest_Q123862814,fest_Q123862814,Q123862814,fimo 228,FIMO 228,Festival,Q3792,Lomé,,
fest_Q123862814,fest_Q123862814,Q123862814,fimo 228,FIMO 228,Festival,Q3792,Lomé,,
fest_Q1127473,fest_Q1127473,Q1127473,la outfest,L.A. Outfest,Festival,Q65,Los Angeles,,
fest_Q12119143,fest_Q12119143,Q12119143,lviv international childrens festival,Lviv International Children’s Festival,Festival,Q36036,Lviv,,
fest_Q117717339,fest_Q117717339,Q117717339,luxcon,Luxcon,Festival,Q32,Luxembourg,,
fest_Q2446735,fest_Q2446735,Q2446735,london fashion week,London Fashion Week,Festival,Q84,London,1984-01-01,
fest_Q9184805,fest_Q9184805,Q9184805,sztukmistrzów carnival,Sztukmistrzów Carnival,Festival,Q37333,Lublin,,
fest_Q5368835,fest_Q5368835,Q5368835,emaischen,Emaischen,Festival,Q1842,Luxembourg,,
fest_Q5368835,fest_Q5368835,Q5368835,emaischen,Emaischen,Festival,Q1842,Luxembourg,,
fest_Q25640486,fest_Q25640486,Q25640486,queensday maastricht,Queensday Maastricht,Festival,Q1309,Maastricht,,
fest_Q25640486,fest_Q25640486,Q25640486,queensday maastricht,Queensday Maastricht,Festival,Q1309,Maastricht,,
fest_Q139672443,fest_Q139672443,Q139672443,psymposium,Psymposium,Festival,Q2807,Madrid,,
fest_Q30740257,fest_Q30740257,Q30740257,fête des merveilles,Fête des Merveilles,Event,Q456,Lyon,,
fest_Q119478325,fest_Q119478325,Q119478325,wednesday concerts,Wednesday Concerts,Festival,Q84,London,,
fest_Q123310678,fest_Q123310678,Q123310678,émergence films festival,Émergence Films Festival,Festival,Q3792,Lomé,,
fest_Q123310678,fest_Q123310678,Q123310678,émergence films festival,Émergence Films Festival,Festival,Q3792,Lomé,,
fest_Q1287634,fest_Q1287634,Q1287634,international festival of photography in lodz,International Festival of Photography in Lodz,Festival,Q580,Łódź,,
fest_Q11821535,fest_Q11821535,Q11821535,fashionphilosophy fashion week poland,FashionPhilosophy Fashion Week Poland,Festival,Q580,Łódź,,
fest_Q9259206,fest_Q9259206,Q9259206,festiwal dialogu czterech kultur,Festiwal Dialogu Czterech Kultur,Festival,Q580,Łódź,,
fest_Q9259206,fest_Q9259206,Q9259206,festiwal dialogu czterech kultur,Festiwal Dialogu Czterech Kultur,Festival,Q580,Łódź,,
fest_Q59814090,fest_Q59814090,Q59814090,super demain,Super Demain,Festival,Q456,Lyon,,
fest_Q1355092,fest_Q1355092,Q1355092,octave celebration,Octave celebration,Event,Q32,Luxembourg,,
fest_Q2274064,fest_Q2274064,Q2274064,be-in,Be-In,Festival,Q65,Los Angeles,,
fest_Q113461590,fest_Q113461590,Q113461590,london trans pride,London Trans+ Pride,Festival,Q84,London,,
fest_Q9259336,fest_Q9259336,Q9259336,łódź of four cultures festival,Łódź of Four Cultures Festival,Festival,Q580,Łódź,,
fest_Q9259336,fest_Q9259336,Q9259336,łódź of four cultures festival,Łódź of Four Cultures Festival,Festival,Q580,Łódź,,
fest_Q6669815,fest_Q6669815,Q6669815,london a cappella festival,London A Cappella Festival,Festival,Q84,London,,
fest_Q56145919,fest_Q56145919,Q56145919,professional concerts,Professional Concerts,Festival,Q84,London,,
fest_Q8027085,fest_Q8027085,Q8027085,wiscon,WisCon,Festival,Q43788,Madison,,
fest_Q16972574,fest_Q16972574,Q16972574,ciclavia,CicLAvia,Festival,Q65,Los Angeles,,
fest_Q113023151,fest_Q113023151,Q113023151,handel festival 1857,Handel Festival 1857,Festival,Q84,London,,
fest_Q2584209,fest_Q2584209,Q2584209,anime expo,Anime Expo,Festival,Q65,Los Angeles,,
fest_Q4266494,fest_Q4266494,Q4266494,london festival of architecture,London Festival of Architecture,Festival,Q84,London,,
fest_Q85229173,fest_Q85229173,Q85229173,urban highline festival lublin,Urban Highline Festival Lublin,Festival,Q37333,Lublin,,
fest_Q112040117,fest_Q112040117,Q112040117,nine worlds,Nine Worlds,Festival,Q84,London,,
fest_Q55176050,fest_Q55176050,Q55176050,shrekfest,Shrekfest,Festival,Q43788,Madison,,
fest_Q62558388,fest_Q62558388,Q62558388,vocal concerts,Vocal Concerts,Festival,Q84,London,,
fest_Q2906822,fest_Q2906822,Q2906822,blockbuster entertainment awards,Blockbuster Entertainment Awards,Festival,Q65,Los Angeles,,
fest_Q6670410,fest_Q6670410,Q6670410,london film and comic con,London Film and Comic Con,Festival,Q84,London,,
fest_Q9259255,fest_Q9259255,Q9259255,miasto poezji,Miasto Poezji,Festival,Q37333,Lublin,,
fest_Q6670505,fest_Q6670505,Q6670505,london international festival of exploratory music,London International Festival of Exploratory Music,Festival,Q84,London,,
fest_Q538406,fest_Q538406,Q538406,buergbrennen,Buergbrennen,Event,Q32,Luxembourg,,
fest_Q627485,fest_Q627485,Q627485,world pastry cup,World Pastry Cup,Festival,Q456,Lyon,1989-01-01,
fest_Q139961697,fest_Q139961697,Q139961697,south by southwest london 2025,South by Southwest London 2025,Festival,Q84,London,2025-06-02,2025-06-07
fest_Q6815954,fest_Q6815954,Q6815954,men's fashion week los angeles,Men's Fashion Week Los Angeles,Festival,Q65,Los Angeles,,
fest_Q2663784,fest_Q2663784,Q2663784,festival of britain,Festival of Britain,Festival,Q84,London,1951-03-24,1951-11-03
fest_Q78220196,fest_Q78220196,Q78220196,international pakistan prestige awards,International Pakistan Prestige Awards,Festival,Q84,London,,
fest_Q78220196,fest_Q78220196,Q78220196,international pakistan prestige awards,International Pakistan Prestige Awards,Festival,Q84,London,,
fest_Q78220196,fest_Q78220196,Q78220196,international pakistan prestige awards,International Pakistan Prestige Awards,Festival,Q84,London,,
fest_Q4966654,fest_Q4966654,Q4966654,bridges handicap race,Bridges Handicap Race,Festival,Q84,London,,
fest_Q20646971,fest_Q20646971,Q20646971,british citizen awards,British Citizen Awards,Festival,Q84,London,,
fest_Q5861826,fest_Q5861826,Q5861826,san lorenzo festival madrid,San Lorenzo Festival (Madrid),Event,Q2807,Madrid,,
fest_Q5861826,fest_Q5861826,Q5861826,san lorenzo festival madrid,San Lorenzo Festival (Madrid),Event,Q2807,Madrid,,
fest_Q112615511,fest_Q112615511,Q112615511,aquacon,Aquacon,Festival,Q65,Los Angeles,,
fest_Q5529780,fest_Q5529780,Q5529780,geekkon,Geek.Kon,Festival,Q43788,Madison,,
fest_Q5215209,fest_Q5215209,Q5215209,dance umbrella,Dance Umbrella,Festival,Q84,London,,
fest_Q2240130,fest_Q2240130,Q2240130,kunsttour,KunstTour,Festival,Q1309,Maastricht,,
fest_Q2240130,fest_Q2240130,Q2240130,kunsttour,KunstTour,Festival,Q1309,Maastricht,,
fest_Q110958110,fest_Q110958110,Q110958110,festival internacional de magia de madrid,Festival Internacional de Magia de Madrid,Festival,Q2807,Madrid,2011-01-01,
fest_Q110958110,fest_Q110958110,Q110958110,festival internacional de magia de madrid,Festival Internacional de Magia de Madrid,Festival,Q2807,Madrid,2011-01-01,
fest_Q18160724,fest_Q18160724,Q18160724,london super comic convention,London Super Comic Convention,Festival,Q84,London,,
fest_Q127599572,fest_Q127599572,Q127599572,back2black festival,Back2Black Festival,Festival,Q84,London,,
fest_Q127599572,fest_Q127599572,Q127599572,back2black festival,Back2Black Festival,Festival,Q84,London,,
fest_Q123092347,fest_Q123092347,Q123092347,british concerts,British Concerts,Festival,Q84,London,,
fest_Q2321840,fest_Q2321840,Q2321840,musica sacra maastricht,Musica Sacra Maastricht,Festival,Q1309,Maastricht,,
fest_Q2321840,fest_Q2321840,Q2321840,musica sacra maastricht,Musica Sacra Maastricht,Festival,Q1309,Maastricht,,
fest_Q5445777,fest_Q5445777,Q5445777,festival of europe,Festival of Europe,Festival,Q84,London,,
fest_Q12089187,fest_Q12089187,Q12089187,dislocation festival,Dislocation (festival),Festival,Q36036,Lviv,,
fest_Q22087183,fest_Q22087183,Q22087183,lumiere,Lumiere,Festival,Q84,London,,
fest_Q139961683,fest_Q139961683,Q139961683,south by southwest london 2026,South by Southwest London 2026,Festival,Q84,London,2026-06-01,2026-06-06
fest_Q65054598,fest_Q65054598,Q65054598,borneo fashion week,Borneo Fashion Week,Festival,Q833,Malaysia,2017-01-01,
fest_Q27963750,fest_Q27963750,Q27963750,chak phra,Chak phra,Festival,Q833,Malaysia,,
fest_Q139488682,fest_Q139488682,Q139488682,2017 melaka well-being program,2017 Melaka well-being program,Festival,Q833,Malaysia,2017-05-13,2017-05-14
fest_Q139486688,fest_Q139486688,Q139486688,2015 melaka well-being program,2015 Melaka well-being program,Festival,Q833,Malaysia,2015-03-27,2015-03-29
fest_Q139488678,fest_Q139488678,Q139488678,2017 perak well-being program,2017 Perak well-being program,Festival,Q833,Malaysia,2017-10-27,2017-10-29
fest_Q108326540,fest_Q108326540,Q108326540,wiki loves monuments in malta,Wiki Loves Monuments in Malta,Festival,Q233,Malta,,
fest_Q25687998,fest_Q25687998,Q25687998,maltese carnival,Maltese Carnival,Festival,Q233,Malta,,
fest_Q24934691,fest_Q24934691,Q24934691,census in malaysia,census in Malaysia,Festival,Q833,Malaysia,,
fest_Q16997282,fest_Q16997282,Q16997282,manchester comedy festival,Manchester Comedy Festival,Festival,Q18125,Manchester,,
fest_Q4707938,fest_Q4707938,Q4707938,alan turing centenary conference,Alan Turing Centenary Conference,Festival,Q18125,Manchester,2012-06-22,2012-06-25
fest_Q42176250,fest_Q42176250,Q42176250,rocktoberfest borneo,Rocktoberfest Borneo,Festival,Q833,Malaysia,,
fest_Q7711307,fest_Q7711307,Q7711307,malmöfestivalen,Malmöfestivalen,Festival,Q2211,Malmö,,
fest_Q7711307,fest_Q7711307,Q7711307,malmöfestivalen,Malmöfestivalen,Festival,Q2211,Malmö,,
fest_Q18208274,fest_Q18208274,Q18208274,kuala lumpur fashion week,Kuala Lumpur Fashion Week,Festival,Q833,Malaysia,,
fest_Q7318594,fest_Q7318594,Q7318594,egg flower,egg flower,Event,Q833,Malaysia,,
fest_Q42305826,fest_Q42305826,Q42305826,qed,QED,Festival,Q18125,Manchester,2011-01-01,
fest_Q1886519,fest_Q1886519,Q1886519,festival dansa-diawoura,Festival Dansa-Diawoura,Festival,Q912,Mali,,
fest_Q139488683,fest_Q139488683,Q139488683,2017 penang well-being program,2017 Penang well-being program,Festival,Q833,Malaysia,2017-12-09,2017-12-11
fest_Q79208045,fest_Q79208045,Q79208045,kuala lumpur summit,Kuala Lumpur Summit,Festival,Q833,Malaysia,,
fest_Q124317844,fest_Q124317844,Q124317844,0161 festival,0161 Festival,Festival,Q18125,Manchester,,
fest_Q139486692,fest_Q139486692,Q139486692,2015 pahang well-being program,2015 Pahang well-being program,Festival,Q833,Malaysia,2015-08-21,2015-08-24
fest_Q139488677,fest_Q139488677,Q139488677,2017 pahang well-being program,2017 Pahang well-being program,Festival,Q833,Malaysia,2017-08-18,2017-08-21
fest_Q131294364,fest_Q131294364,Q131294364,marrakech popular arts festival,Marrakech Popular Arts Festival,Festival,Q101625,Marrakech,,
fest_Q131294364,fest_Q131294364,Q131294364,marrakech popular arts festival,Marrakech Popular Arts Festival,Festival,Q101625,Marrakech,,
fest_Q139486690,fest_Q139486690,Q139486690,2015 perak well-being program,2015 Perak well-being program,Festival,Q833,Malaysia,2015-05-11,2015-05-13
fest_Q134028947,fest_Q134028947,Q134028947,united front for multiparty democracy,United Front for Multiparty Democracy,Event,Q1020,Malawi,,
fest_Q6478640,fest_Q6478640,Q6478640,lake of stars music festival,Lake of Stars Music Festival,Festival,Q1020,Malawi,2004-01-01,
fest_Q61099606,fest_Q61099606,Q61099606,trooping the colour malaysia,Trooping the Colour (Malaysia),Event,Q833,Malaysia,,
fest_Q124313901,fest_Q124313901,Q124313901,festival permainan malaysia,Festival Permainan Malaysia,Festival,Q833,Malaysia,,
fest_Q12700537,fest_Q12700537,Q12700537,big bad wolf books,Big Bad Wolf Books,Festival,Q833,Malaysia,,
fest_Q139898702,fest_Q139898702,Q139898702,festgħana,Festgħana,Festival,Q233,Malta,,
fest_Q25486500,fest_Q25486500,Q25486500,malaysian islamic party's annual general meeting,Malaysian Islamic Party's annual general meeting,Festival,Q833,Malaysia,,
fest_Q67303429,fest_Q67303429,Q67303429,festival of urban culture at la castellane,Festival of Urban Culture at La Castellane,Festival,Q23482,Marseille,2019-01-01,
fest_Q19839999,fest_Q19839999,Q19839999,chu hua yuan,Chu Hua Yuan,Event,Q833,Malaysia,,
fest_Q19839999,fest_Q19839999,Q19839999,chu hua yuan,Chu Hua Yuan,Event,Q833,Malaysia,,
fest_Q19839999,fest_Q19839999,Q19839999,chu hua yuan,Chu Hua Yuan,Event,Q833,Malaysia,,
fest_Q19839999,fest_Q19839999,Q19839999,chu hua yuan,Chu Hua Yuan,Event,Q833,Malaysia,,
fest_Q12682000,fest_Q12682000,Q12682000,sacred food as offering,Sacred food as offering,Event,Q833,Malaysia,,
fest_Q118127974,fest_Q118127974,Q118127974,wiki loves earth in malaysia,Wiki Loves Earth in Malaysia,Festival,Q833,Malaysia,,
fest_Q109617399,fest_Q109617399,Q109617399,ong chun,Ong Chun,Event,Q833,Malaysia,,
fest_Q6718973,fest_Q6718973,Q6718973,mtv world stage live in malaysia,MTV World Stage Live in Malaysia,Festival,Q833,Malaysia,2007-01-01,
fest_Q139488675,fest_Q139488675,Q139488675,2017 kelantan well-being program,2017 Kelantan well-being program,Festival,Q833,Malaysia,2017-04-28,2017-04-30
fest_Q136007869,fest_Q136007869,Q136007869,malaysian games and comics convention 2012,Malaysian Games and Comics Convention 2012,Festival,Q833,Malaysia,,
fest_Q24946823,fest_Q24946823,Q24946823,borneo cultural festival,Borneo Cultural Festival,Festival,Q833,Malaysia,,
fest_Q139486691,fest_Q139486691,Q139486691,2015 klang valley well-being program,2015 Klang Valley well-being program,Festival,Q833,Malaysia,2015-05-22,2015-05-24
fest_Q139486689,fest_Q139486689,Q139486689,2015 terengganu well-being program,2015 Terengganu well-being program,Festival,Q833,Malaysia,2015-04-16,2015-04-18
fest_Q139488674,fest_Q139488674,Q139488674,2017 sabah well-being program,2017 Sabah well-being program,Festival,Q833,Malaysia,2017-03-24,2017-03-26
fest_Q4256343,fest_Q4256343,Q4256343,malaysia film festival,Malaysia Film Festival,Festival,Q833,Malaysia,,
fest_Q139486687,fest_Q139486687,Q139486687,2015 johor well-being program,2015 Johor well-being program,Festival,Q833,Malaysia,2015-03-06,2015-03-08
fest_Q7278814,fest_Q7278814,Q7278814,rabu pungkasan,Rabu pungkasan,Festival,Q833,Malaysia,,
fest_Q12699415,fest_Q12699415,Q12699415,langkawi international maritime and aerospace exhibition,Langkawi International Maritime and Aerospace Exhibition,Festival,Q833,Malaysia,,
fest_Q139486742,fest_Q139486742,Q139486742,jakim lgbt outreach programme,JAKIM LGBT Outreach Programme,Festival,Q833,Malaysia,,
fest_Q139486693,fest_Q139486693,Q139486693,2015 kedah well-being program,2015 Kedah well-being program,Festival,Q833,Malaysia,2015-10-11,2015-10-13
fest_Q139378435,fest_Q139378435,Q139378435,seksualiti merdeka 2009,Seksualiti Merdeka 2009,Festival,Q833,Malaysia,2009-08-12,2009-08-16
fest_Q18386346,fest_Q18386346,Q18386346,pan american sports festival,Pan American Sports Festival,Festival,Q96,Mexico,,
fest_Q106980863,fest_Q106980863,Q106980863,guelaguetza,Guelaguetza,Festival,Q96,Mexico,,
fest_Q6865209,fest_Q6865209,Q6865209,minicon,Minicon,Festival,Q36091,Minneapolis,,
fest_Q3070315,fest_Q3070315,Q3070315,2009 monte-carlo television festival,2009 Monte-Carlo Television Festival,Festival,Q235,Monaco,,
fest_Q6861503,fest_Q6861503,Q6861503,top marques monaco,Top Marques Monaco,Festival,Q235,Monaco,,
fest_Q3070316,fest_Q3070316,Q3070316,2010 monte-carlo television festival,2010 Monte-Carlo Television Festival,Festival,Q235,Monaco,,
fest_Q3306414,fest_Q3306414,Q3306414,2007 universal forum of cultures,2007 Universal Forum of Cultures,Festival,Q96,Mexico,2007-01-01,
fest_Q7586652,fest_Q7586652,Q7586652,st-ambroise montreal fringe festival,St-Ambroise Montreal Fringe Festival,Festival,Q340,Montreal,1990-01-01,
fest_Q5861015,fest_Q5861015,Q5861015,festival internacional de música de morelia,Festival Internacional de Música de Morelia,Festival,Q96,Mexico,,
fest_Q130448934,fest_Q130448934,Q130448934,i bienal latinoamericana de arquitectura de paisaje,I Bienal Latinoamericana de Arquitectura de Paisaje,Festival,Q96,Mexico,2014-06-10,2014-06-11
fest_Q130448934,fest_Q130448934,Q130448934,i bienal latinoamericana de arquitectura de paisaje,I Bienal Latinoamericana de Arquitectura de Paisaje,Festival,Q96,Mexico,2014-06-10,2014-06-11
fest_Q5013416,fest_Q5013416,Q5013416,convergence,CONvergence,Festival,Q36091,Minneapolis,,
fest_Q3070534,fest_Q3070534,Q3070534,festival du monde arabe de montréal,Festival du Monde Arabe de Montréal,Festival,Q340,Montreal,,
fest_Q55074660,fest_Q55074660,Q55074660,cutout fest,CutOut Fest,Festival,Q96,Mexico,,
fest_Q130446454,fest_Q130446454,Q130446454,latin american biennial of landscape architecture,Latin American Biennial of Landscape Architecture,Festival,Q96,Mexico,,
fest_Q112418032,fest_Q112418032,Q112418032,p'urépecha new year's festival,P'urépecha New Year's Festival,Festival,Q96,Mexico,,
fest_Q4721902,fest_Q4721902,Q4721902,alfeñique fair,Alfeñique fair,Festival,Q96,Mexico,,
fest_Q5856656,fest_Q5856656,Q5856656,fashion week mexico,Fashion Week Mexico,Festival,Q96,Mexico,,
fest_Q117122814,fest_Q117122814,Q117122814,festival nacional de la birria,Festival Nacional de la Birria,Festival,Q96,Mexico,,
fest_Q130449690,fest_Q130449690,Q130449690,iii bienal latinoamericana de arquitectura de paisaje,III Bienal Latinoamericana de Arquitectura de Paisaje,Festival,Q96,Mexico,2018-09-26,2018-09-27
fest_Q130449690,fest_Q130449690,Q130449690,iii bienal latinoamericana de arquitectura de paisaje,III Bienal Latinoamericana de Arquitectura de Paisaje,Festival,Q96,Mexico,2018-09-26,2018-09-27
fest_Q5356879,fest_Q5356879,Q5356879,festival internacional cervantino,Festival Internacional Cervantino,Festival,Q96,Mexico,,
fest_Q60762157,fest_Q60762157,Q60762157,fashion week mexico city,Fashion Week Mexico City,Festival,Q96,Mexico,,
fest_Q60762157,fest_Q60762157,Q60762157,fashion week mexico city,Fashion Week Mexico City,Festival,Q96,Mexico,,
fest_Q139913541,fest_Q139913541,Q139913541,international colloquium on sapphic writings,International Colloquium on Sapphic Writings,Festival,Q96,Mexico,,
fest_Q5283926,fest_Q5283926,Q5283926,diversicon,Diversicon,Festival,Q36091,Minneapolis,,
fest_Q137258734,fest_Q137258734,Q137258734,cibacopa all-star game,CIBACOPA All-Star Game,Festival,Q96,Mexico,,
fest_Q130449692,fest_Q130449692,Q130449692,v bienal latinoamericana de arquitectura de paisaje,V Bienal Latinoamericana de Arquitectura de Paisaje,Festival,Q96,Mexico,,
fest_Q5166126,fest_Q5166126,Q5166126,convencion de juegos de mesa y comics,Convencion de Juegos de Mesa y Comics,Festival,Q96,Mexico,,
fest_Q16567733,fest_Q16567733,Q16567733,fiesta de enero en chiapa de corzo,Fiesta de Enero en Chiapa de Corzo,Event,Q96,Mexico,,
fest_Q7258838,fest_Q7258838,Q7258838,puerto vallarta festival,Puerto Vallarta festival,Festival,Q96,Mexico,,
fest_Q116869186,fest_Q116869186,Q116869186,leon international balloon festival,Leon International Balloon Festival,Festival,Q96,Mexico,,
fest_Q5158628,fest_Q5158628,Q5158628,concheros,Concheros,Event,Q96,Mexico,,
fest_Q136289122,fest_Q136289122,Q136289122,lnbp all-star game,LNBP All-Star Game,Festival,Q96,Mexico,,
fest_Q6773081,fest_Q6773081,Q6773081,marscon,MarsCon,Festival,Q36091,Minneapolis,,
fest_Q7096093,fest_Q7096093,Q7096093,open house melbourne,Open House Melbourne,Festival,Q3141,Melbourne,,
fest_Q607585,fest_Q607585,Q607585,international circus festival of monte-carlo,International Circus Festival of Monte-Carlo,Festival,Q235,Monaco,,
fest_Q130449107,fest_Q130449107,Q130449107,ii bienal latinoamericana de arquitectura de paisaje,II Bienal Latinoamericana de Arquitectura de Paisaje,Festival,Q96,Mexico,,
fest_Q111990983,fest_Q111990983,Q111990983,feria de los chicahuales,Feria de los Chicahuales,Event,Q96,Mexico,,
fest_Q123513558,fest_Q123513558,Q123513558,festival internacional de teatro universitario,Festival Internacional de Teatro Universitario,Festival,Q96,Mexico,1993-01-01,
fest_Q123513558,fest_Q123513558,Q123513558,festival internacional de teatro universitario,Festival Internacional de Teatro Universitario,Festival,Q96,Mexico,1993-01-01,
fest_Q29443339,fest_Q29443339,Q29443339,mexico city pride,Mexico City Pride,Festival,Q96,Mexico,,
fest_Q29443339,fest_Q29443339,Q29443339,mexico city pride,Mexico City Pride,Festival,Q96,Mexico,,
fest_Q17632986,fest_Q17632986,Q17632986,xochitlalis,Xochitlalis,Festival,Q96,Mexico,,
fest_Q5858790,fest_Q5858790,Q5858790,municipal book fair of guadalajara,Municipal Book Fair of Guadalajara,Festival,Q96,Mexico,,
fest_Q106980863,fest_Q5614753,Q5614753,guelaguetza,Guelaguetza,Festival,Q96,Mexico,,
fest_Q7272050,fest_Q7272050,Q7272050,quimera festival,Quimera Festival,Festival,Q96,Mexico,,
fest_Q2009332,fest_Q2009332,Q2009332,oti festival 1981,OTI Festival 1981,Festival,Q96,Mexico,,
fest_Q116865878,fest_Q116865878,Q116865878,festival marica,Festival Marica,Festival,Q96,Mexico,,
fest_Q5613185,fest_Q5613185,Q5613185,guadalajara international book fair,Guadalajara International Book Fair,Festival,Q96,Mexico,1987-01-01,
fest_Q20430438,fest_Q20430438,Q20430438,gustar,Gustar,Festival,Q217,Moldova,,
fest_Q123256583,fest_Q123256583,Q123256583,feria del libro de aguascalientes,Feria del Libro de Aguascalientes,Festival,Q96,Mexico,,
fest_Q4456967,fest_Q4456967,Q4456967,shadowcon,ShadowCon,Festival,Q16563,Memphis,,
fest_Q116984010,fest_Q116984010,Q116984010,tlanchana fest,Tlanchana Fest,Festival,Q96,Mexico,,
fest_Q3148912,fest_Q3148912,Q3148912,imagina,Imagina,Festival,Q235,Monaco,,
fest_Q17623129,fest_Q17623129,Q17623129,muévete en bici,Muévete en Bici,Festival,Q96,Mexico,,
fest_Q130449691,fest_Q130449691,Q130449691,iv bienal latinoamericana de arquitectura de paisaje,IV Bienal Latinoamericana de Arquitectura de Paisaje,Festival,Q96,Mexico,2020-09-29,2020-10-02
fest_Q6366640,fest_Q6366640,Q6366640,vive latino 1998,Vive Latino 1998,Festival,Q96,Mexico,,
fest_Q765700,fest_Q765700,Q765700,oti festival 1976,OTI Festival 1976,Festival,Q96,Mexico,,
fest_Q107977901,fest_Q107977901,Q107977901,fandango jarocho,Fandango jarocho,Event,Q96,Mexico,,
fest_Q72205356,fest_Q72205356,Q72205356,feria internacional del libro universitario,Feria Internacional del Libro Universitario,Festival,Q96,Mexico,,
fest_Q3330959,fest_Q3330959,Q3330959,mutek,MUTEK,Festival,Q340,Montreal,,
fest_Q123176833,fest_Q123176833,Q123176833,el aleph festival de arte y ciencia,El Aleph. Festival de arte y ciencia,Festival,Q96,Mexico,,
fest_Q123176833,fest_Q123176833,Q123176833,el aleph festival de arte y ciencia,El Aleph. Festival de arte y ciencia,Festival,Q96,Mexico,,
fest_Q112660178,fest_Q112660178,Q112660178,concept,Con*Cept,Festival,Q340,Montreal,,
fest_Q105873851,fest_Q105873851,Q105873851,bouge d'ici,Bouge d'ici,Festival,Q340,Montreal,,
fest_Q3070809,fest_Q3070809,Q3070809,international festival of film on art,International Festival of Film on Art,Festival,Q340,Montreal,,
fest_Q139737336,fest_Q139737336,Q139737336,international architecture festival,International Architecture Festival,Festival,Q96,Mexico,,
fest_Q117123984,fest_Q117123984,Q117123984,festival del tamal y el atole,Festival del Tamal y el Atole,Festival,Q96,Mexico,,
fest_Q96372033,fest_Q96372033,Q96372033,anarchapulco,Anarchapulco,Festival,Q96,Mexico,,
fest_Q661777,fest_Q661777,Q661777,feria nacional de san marcos,Feria Nacional de San Marcos,Event,Q96,Mexico,,
fest_Q26183454,fest_Q26183454,Q26183454,vive latino 2015,Vive Latino 2015,Festival,Q96,Mexico,,
fest_Q116541587,fest_Q116541587,Q116541587,wiki loves monuments in mexico,Wiki Loves Monuments in Mexico,Festival,Q96,Mexico,,
fest_Q51647311,fest_Q51647311,Q51647311,march of the diversity,March of the Diversity,Festival,Q1335,Montevideo,,
fest_Q131278398,fest_Q131278398,Q131278398,montreal jazz festival,Montreal Jazz Festival,Festival,Q340,Montreal,,
fest_Q1161566,fest_Q1161566,Q1161566,oti festival 1974,OTI Festival 1974,Festival,Q96,Mexico,,
fest_Q3070337,fest_Q3070337,Q3070337,gnaoua world music festival,Gnaoua World Music Festival,Festival,Q1028,Morocco,,
fest_Q86732596,fest_Q86732596,Q86732596,2013 monte-carlo television festival,2013 Monte-Carlo Television Festival,Festival,Q235,Monaco,,
fest_Q85664014,fest_Q85664014,Q85664014,gnaoua world music festival 2018,Gnaoua World Music Festival 2018,Festival,Q1028,Morocco,2018-06-21,2018-06-23
fest_Q17353817,fest_Q17353817,Q17353817,2014 monte-carlo television festival,2014 Monte-Carlo Television Festival,Festival,Q235,Monaco,,
fest_Q85635110,fest_Q85635110,Q85635110,gnaoua world music festival 1999,Gnaoua World Music Festival 1999,Festival,Q1028,Morocco,1999-06-24,1999-06-27
fest_Q85662947,fest_Q85662947,Q85662947,gnaoua world music festival 2015,Gnaoua World Music Festival 2015,Festival,Q1028,Morocco,2015-05-14,2015-05-17
fest_Q110048786,fest_Q110048786,Q110048786,trg od ćirilice,Trg od ćirilice,Festival,Q236,Montenegro,,
fest_Q132200576,fest_Q132200576,Q132200576,agtana khureet festival,Agtana Khureet Festival,Festival,Q711,Mongolia,,
fest_Q85662053,fest_Q85662053,Q85662053,gnaoua world music festival 2011,Gnaoua World Music Festival 2011,Festival,Q1028,Morocco,2011-06-23,2011-06-26
fest_Q85662524,fest_Q85662524,Q85662524,gnaoua world music festival 2013,Gnaoua World Music Festival 2013,Festival,Q1028,Morocco,2013-06-20,2013-06-23
fest_Q25349615,fest_Q25349615,Q25349615,15th edition of mawazine festival,15th edition of Mawazine Festival,Festival,Q1028,Morocco,2016-05-20,2016-05-28
fest_Q25349615,fest_Q25349615,Q25349615,15th edition of mawazine festival,15th edition of Mawazine Festival,Festival,Q1028,Morocco,2016-05-20,2016-05-28
fest_Q28495007,fest_Q28495007,Q28495007,2015 monte-carlo television festival,2015 Monte-Carlo Television Festival,Festival,Q235,Monaco,,
fest_Q25110777,fest_Q25110777,Q25110777,anmugar amadal n zafran,Anmugar Amadal N Zafran,Festival,Q1028,Morocco,,
fest_Q28495014,fest_Q28495014,Q28495014,2016 monte-carlo television festival,2016 Monte-Carlo Television Festival,Festival,Q235,Monaco,,
fest_Q131283231,fest_Q131283231,Q131283231,roses festival,Roses Festival,Festival,Q1028,Morocco,,
fest_Q25383554,fest_Q25383554,Q25383554,population census of morocco,Population census of Morocco,Festival,Q1028,Morocco,1960-01-01,
fest_Q85636907,fest_Q85636907,Q85636907,gnaoua world music festival 2004,Gnaoua World Music Festival 2004,Festival,Q1028,Morocco,2004-06-24,2004-06-27
fest_Q131278983,fest_Q131278983,Q131278983,international nomad festival,International Nomad Festival,Festival,Q1028,Morocco,,
fest_Q86732525,fest_Q86732525,Q86732525,2018 monte-carlo television festival,2018 Monte-Carlo Television Festival,Festival,Q235,Monaco,,
fest_Q85662304,fest_Q85662304,Q85662304,gnaoua world music festival 2012,Gnaoua World Music Festival 2012,Festival,Q1028,Morocco,2012-06-21,2012-06-24
fest_Q3045874,fest_Q3045874,Q3045874,mawazine,Mawazine,Festival,Q1028,Morocco,,
fest_Q3045874,fest_Q3045874,Q3045874,mawazine,Mawazine,Festival,Q1028,Morocco,,
fest_Q39074938,fest_Q39074938,Q39074938,2017 monte-carlo television festival,2017 Monte-Carlo Television Festival,Festival,Q235,Monaco,,
fest_Q530944,fest_Q530944,Q530944,boulevard des jeunes musiciens,Boulevard des Jeunes Musiciens,Festival,Q1028,Morocco,,
fest_Q86733894,fest_Q86733894,Q86733894,2007 monte-carlo television festival,2007 Monte-Carlo Television Festival,Festival,Q235,Monaco,,
fest_Q85638771,fest_Q85638771,Q85638771,gnaoua world music festival 2008,Gnaoua World Music Festival 2008,Festival,Q1028,Morocco,2008-06-26,2008-06-29
fest_Q85635672,fest_Q85635672,Q85635672,gnaoua world music festival 2001,Gnaoua World Music Festival 2001,Festival,Q1028,Morocco,2001-06-14,2001-06-17
fest_Q12245982,fest_Q12245982,Q12245982,morocco donkey festival,Morocco Donkey Festival,Festival,Q1028,Morocco,,
fest_Q85663667,fest_Q85663667,Q85663667,gnaoua world music festival 2019,Gnaoua World Music Festival 2019,Festival,Q1028,Morocco,2019-06-20,2019-06-23
fest_Q131294508,fest_Q131294508,Q131294508,imilchil marriage festival,Imilchil Marriage Festival,Festival,Q1028,Morocco,,
fest_Q85631891,fest_Q85631891,Q85631891,gnaoua world music festival 2016,Gnaoua World Music Festival 2016,Festival,Q1028,Morocco,2016-05-12,2016-05-15
fest_Q94085101,fest_Q94085101,Q94085101,fez festival of amazigh culture,Fez Festival of Amazigh Culture,Festival,Q1028,Morocco,,
fest_Q86732553,fest_Q86732553,Q86732553,2019 monte-carlo television festival,2019 Monte-Carlo Television Festival,Festival,Q235,Monaco,,
fest_Q85635380,fest_Q85635380,Q85635380,gnaoua world music festival 2000,Gnaoua World Music Festival 2000,Festival,Q1028,Morocco,2000-06-08,2000-06-11
fest_Q4865246,fest_Q4865246,Q4865246,montevizija,Montevizija,Festival,Q236,Montenegro,,
fest_Q85636682,fest_Q85636682,Q85636682,gnaoua world music festival 2003,Gnaoua World Music Festival 2003,Festival,Q1028,Morocco,2003-06-26,2003-06-29
fest_Q3092853,fest_Q3092853,Q3092853,imilchil moussem,Imilchil Moussem,Festival,Q1028,Morocco,,
fest_Q85631794,fest_Q85631794,Q85631794,gnaoua world music festival 2017,Gnaoua World Music Festival 2017,Festival,Q1028,Morocco,2017-06-29,2017-07-01
fest_Q131279123,fest_Q131279123,Q131279123,marathon des sables,Marathon des Sables,Festival,Q1028,Morocco,,
fest_Q85632056,fest_Q85632056,Q85632056,gnaoua world music festival 1998,Gnaoua World Music Festival 1998,Festival,Q1028,Morocco,1998-06-05,1998-06-07
fest_Q16009834,fest_Q16009834,Q16009834,2012 monte-carlo television festival,2012 Monte-Carlo Television Festival,Festival,Q235,Monaco,,
fest_Q85638081,fest_Q85638081,Q85638081,gnaoua world music festival 2007,Gnaoua World Music Festival 2007,Festival,Q1028,Morocco,2007-06-19,2007-06-23
fest_Q85635838,fest_Q85635838,Q85635838,gnaoua world music festival 2002,Gnaoua World Music Festival 2002,Festival,Q1028,Morocco,2002-06-13,2002-06-15
fest_Q85637338,fest_Q85637338,Q85637338,gnaoua world music festival 2005,Gnaoua World Music Festival 2005,Festival,Q1028,Morocco,2005-06-23,2005-06-26
fest_Q16009833,fest_Q16009833,Q16009833,2011 monte-carlo television festival,2011 Monte-Carlo Television Festival,Festival,Q235,Monaco,,
fest_Q85637507,fest_Q85637507,Q85637507,gnaoua world music festival 2006,Gnaoua World Music Festival 2006,Festival,Q1028,Morocco,2006-06-22,2006-06-25
fest_Q721133,fest_Q721133,Q721133,naadam,Naadam,Festival,Q711,Mongolia,,
fest_Q16934233,fest_Q16934233,Q16934233,monaco yacht show,Monaco Yacht Show,Festival,Q235,Monaco,1991-01-01,
fest_Q85662743,fest_Q85662743,Q85662743,gnaoua world music festival 2014,Gnaoua World Music Festival 2014,Festival,Q1028,Morocco,2014-06-12,2014-06-15
fest_Q85638912,fest_Q85638912,Q85638912,gnaoua world music festival 2009,Gnaoua World Music Festival 2009,Festival,Q1028,Morocco,2009-06-25,2009-06-28
fest_Q124036381,fest_Q124036381,Q124036381,almost naked party,Almost Naked party,Event,Q649,Moscow,2023-12-20,2023-12-21
fest_Q124036381,fest_Q124036381,Q124036381,almost naked party,Almost Naked party,Event,Q649,Moscow,2023-12-20,2023-12-21
fest_Q113412235,fest_Q113412235,Q113412235,our generation 2023,Our Generation 2023,Festival,Q649,Moscow,2023-03-01,2023-04-01
fest_Q113412235,fest_Q113412235,Q113412235,our generation 2023,Our Generation 2023,Festival,Q649,Moscow,2023-03-01,2023-04-01
fest_Q452897,fest_Q452897,Q452897,the european fine art fair,The European Fine Art Fair,Festival,Q55,Netherlands,,
fest_Q7448003,fest_Q7448003,Q7448003,self-transcendence 6 10 day,Self-Transcendence 6 & 10 day,Festival,Q60,New York City,1985-01-01,
fest_Q2082409,fest_Q2082409,Q2082409,scrooge festival,Scrooge Festival,Festival,Q55,Netherlands,,
fest_Q1846767,fest_Q1846767,Q1846767,arnhem mode biënnale,Arnhem Mode Biënnale,Festival,Q55,Netherlands,,
fest_Q2171993,fest_Q2171993,Q2171993,the world port days,The World Port Days,Festival,Q55,Netherlands,,
fest_Q5958068,fest_Q5958068,Q5958068,hypericon,Hypericon,Festival,Q23197,Nashville,,
fest_Q2256949,fest_Q2256949,Q2256949,parel van de veluwe,Parel van de Veluwe,Festival,Q55,Netherlands,,
fest_Q113493162,fest_Q113493162,Q113493162,may contain hackers 2022,May Contain Hackers 2022,Festival,Q55,Netherlands,2022-07-22,2022-07-26
fest_Q2294184,fest_Q2294184,Q2294184,brunssum october fests,Brunssum October Fests,Event,Q55,Netherlands,,
fest_Q6703618,fest_Q6703618,Q6703618,lunacon,Lunacon,Festival,Q60,New York City,,
fest_Q2120072,fest_Q2120072,Q2120072,eelde flower parade,Eelde Flower Parade,Festival,Q55,Netherlands,,
fest_Q2287773,fest_Q2287773,Q2287773,dutch design week,Dutch Design Week,Festival,Q55,Netherlands,2002-01-01,
fest_Q2255458,fest_Q2255458,Q2255458,week of the landscape,Week of the Landscape,Festival,Q55,Netherlands,,
fest_Q2384646,fest_Q2384646,Q2384646,summer carnival,Summer Carnival,Event,Q55,Netherlands,,
fest_Q2384646,fest_Q2384646,Q2384646,summer carnival,Summer Carnival,Event,Q55,Netherlands,,
fest_Q1863445,fest_Q1863445,Q1863445,glow festival eindhoven,GLOW Festival Eindhoven,Festival,Q55,Netherlands,,
fest_Q1113829,fest_Q1113829,Q1113829,new york fashion week,New York Fashion Week,Festival,Q60,New York City,1943-01-01,
fest_Q2635715,fest_Q2635715,Q2635715,6th world festival of youth and students,6th World Festival of Youth and Students,Festival,Q649,Moscow,,
fest_Q2359698,fest_Q2359698,Q2359698,t-dose,T-DOSE,Festival,Q55,Netherlands,2006-12-02,
fest_Q124102031,fest_Q124102031,Q124102031,international university choral festival,International University Choral Festival,Festival,Q60,New York City,,
fest_Q124102031,fest_Q124102031,Q124102031,international university choral festival,International University Choral Festival,Festival,Q60,New York City,,
fest_Q124102031,fest_Q124102031,Q124102031,international university choral festival,International University Choral Festival,Festival,Q60,New York City,,
fest_Q135010700,fest_Q135010700,Q135010700,two rivers 2025,Two Rivers 2025,Festival,Q649,Moscow,,
fest_Q135010700,fest_Q135010700,Q135010700,two rivers 2025,Two Rivers 2025,Festival,Q649,Moscow,,
fest_Q2286836,fest_Q2286836,Q2286836,parade,Parade,Festival,Q55,Netherlands,,
fest_Q1841668,fest_Q1841668,Q1841668,nacht van de poëzie,Nacht van de Poëzie,Festival,Q55,Netherlands,,
fest_Q1639632,fest_Q1639632,Q1639632,kwaku summer festival,Kwaku Summer Festival,Festival,Q55,Netherlands,1975-01-01,
fest_Q112624232,fest_Q112624232,Q112624232,cabbagecon,Cabbagecon,Festival,Q55,Netherlands,,
fest_Q2280523,fest_Q2280523,Q2280523,dordt in stoom,Dordt in Stoom,Festival,Q55,Netherlands,,
fest_Q2447862,fest_Q2447862,Q2447862,maand van de geschiedenis,Maand van de Geschiedenis,Festival,Q55,Netherlands,,
fest_Q4842341,fest_Q4842341,Q4842341,bahamas international film festival,Bahamas International Film Festival,Festival,Q2467,Nassau,,
fest_Q4842341,fest_Q4842341,Q4842341,bahamas international film festival,Bahamas International Film Festival,Festival,Q2467,Nassau,,
fest_Q681814,fest_Q681814,Q681814,siege of groningen,Siege of Groningen,Event,Q55,Netherlands,1672-07-09,1672-08-17
fest_Q2140539,fest_Q2140539,Q2140539,zundert flower parade,Zundert Flower Parade,Festival,Q55,Netherlands,,
fest_Q18624252,fest_Q18624252,Q18624252,free easy festival,Free & Easy Festival,Festival,Q1726,Munich,,
fest_Q85802389,fest_Q85802389,Q85802389,southern festival of books,Southern Festival of Books,Festival,Q23197,Nashville,,
fest_Q2228011,fest_Q2228011,Q2228011,eindhoven ballooning,Eindhoven Ballooning,Festival,Q55,Netherlands,,
fest_Q2350450,fest_Q2350450,Q2350450,kunstrai,KunstRAI,Festival,Q55,Netherlands,,
fest_Q2214547,fest_Q2214547,Q2214547,gergiev festival,Gergiev Festival,Festival,Q55,Netherlands,,
fest_Q2072705,fest_Q2072705,Q2072705,the hague debutante ball,The Hague Debutante Ball,Festival,Q55,Netherlands,,
fest_Q1823260,fest_Q1823260,Q1823260,nationaal songfestival 1958,Nationaal Songfestival 1958,Festival,Q55,Netherlands,,
fest_Q2066411,fest_Q2066411,Q2066411,varend corso westland,Varend Corso Westland,Festival,Q55,Netherlands,,
fest_Q2400066,fest_Q2400066,Q2400066,festival ad werf,Festival a/d Werf,Festival,Q55,Netherlands,1986-01-01,2012-01-01
fest_Q135568353,fest_Q135568353,Q135568353,namibian lesbian festival 2022,Namibian Lesbian Festival 2022,Festival,Q1030,Namibia,,
fest_Q3552770,fest_Q3552770,Q3552770,utopiales,Utopiales,Festival,Q12191,Nantes,,
fest_Q121639672,fest_Q121639672,Q121639672,summer streets,Summer Streets,Festival,Q60,New York City,,
fest_Q1058102,fest_Q1058102,Q1058102,international tchaikovsky competition,International Tchaikovsky Competition,Festival,Q649,Moscow,,
fest_Q1058102,fest_Q1058102,Q1058102,international tchaikovsky competition,International Tchaikovsky Competition,Festival,Q649,Moscow,,
fest_Q616693,fest_Q616693,Q616693,ronde van limburg,Ronde van Limburg,Festival,Q55,Netherlands,,
fest_Q3119054,fest_Q3119054,Q3119054,world science festival 2008,"World Science Festival, 2008",Festival,Q60,New York City,2008-05-28,2008-06-01
fest_Q974167,fest_Q974167,Q974167,nationaal songfestival 1983,Nationaal Songfestival 1983,Festival,Q55,Netherlands,,
fest_Q1516940,fest_Q1516940,Q1516940,prinsjesdag,Prinsjesdag,Festival,Q55,Netherlands,,
fest_Q2232965,fest_Q2232965,Q2232965,harley day breda,Harley Day Breda,Festival,Q55,Netherlands,,
fest_Q1911707,fest_Q1911707,Q1911707,amsterdam fashion week,Amsterdam Fashion Week,Festival,Q55,Netherlands,,
fest_Q2212236,fest_Q2212236,Q2212236,sail amsterdam,SAIL Amsterdam,Festival,Q55,Netherlands,,
fest_Q2047885,fest_Q2047885,Q2047885,tedxamsterdam,TEDxAmsterdam,Festival,Q55,Netherlands,,
fest_Q2016137,fest_Q2016137,Q2016137,tangomagia,Tangomagia,Festival,Q55,Netherlands,,
fest_Q111439846,fest_Q111439846,Q111439846,musicon,Musicon,Festival,Q23197,Nashville,,
fest_Q1951091,fest_Q1951091,Q1951091,gogbot,GOGBOT,Festival,Q55,Netherlands,,
fest_Q2229455,fest_Q2229455,Q2229455,dutch dance days festival,Dutch Dance Days Festival,Festival,Q55,Netherlands,,
fest_Q2104914,fest_Q2104914,Q2104914,veterans day netherlands,Veterans Day (Netherlands),Festival,Q55,Netherlands,,
fest_Q2132045,fest_Q2132045,Q2132045,ronde van midden-nederland,Ronde van Midden-Nederland,Festival,Q55,Netherlands,,
fest_Q1834547,fest_Q1834547,Q1834547,prinsengrachtconcert,Prinsengrachtconcert,Festival,Q55,Netherlands,,
fest_Q258550,fest_Q258550,Q258550,cameretten,Cameretten,Festival,Q55,Netherlands,,
fest_Q2004206,fest_Q2004206,Q2004206,kom in de kas,Kom in de Kas,Festival,Q55,Netherlands,,
fest_Q2478389,fest_Q2478389,Q2478389,tong tong fair,Tong Tong Fair,Festival,Q55,Netherlands,,
fest_Q1958531,fest_Q1958531,Q1958531,national mills day,National Mills Day,Festival,Q55,Netherlands,,
fest_Q1519668,fest_Q1519668,Q1519668,grote prijs gerrie knetemann,Grote Prijs Gerrie Knetemann,Festival,Q55,Netherlands,,
fest_Q2237897,fest_Q2237897,Q2237897,5th of may parade,5th of may parade,Festival,Q55,Netherlands,,
fest_Q2005256,fest_Q2005256,Q2005256,út sneek,Út Sneek,Festival,Q55,Netherlands,,
fest_Q2135223,fest_Q2135223,Q2135223,actus,actus,Event,Q55,Netherlands,,
fest_Q137776825,fest_Q137776825,Q137776825,new york herald tribune youth forum,New York Herald Tribune Youth Forum,Festival,Q60,New York City,1947-01-01,1972-01-01
fest_Q2225726,fest_Q2225726,Q2225726,nationale voorleesdagen,Nationale Voorleesdagen,Festival,Q55,Netherlands,,
fest_Q111442303,fest_Q111442303,Q111442303,metrocon,Metrocon,Festival,Q60,New York City,,
fest_Q111439782,fest_Q111439782,Q111439782,xanadu,Xanadu,Festival,Q23197,Nashville,,
fest_Q113707971,fest_Q113707971,Q113707971,munich isar proof,Munich Isar proof,Event,Q1726,Munich,,
fest_Q100700975,fest_Q100700975,Q100700975,white ravens,White Ravens,Festival,Q1726,Munich,,
fest_Q1966423,fest_Q1966423,Q1966423,springdance,Springdance,Festival,Q55,Netherlands,,
fest_Q136148747,fest_Q136148747,Q136148747,absurde séance nantes international film festival,Absurde Séance Nantes International Film Festival,Festival,Q12191,Nantes,,
fest_Q2062414,fest_Q2062414,Q2062414,zuidenveldfeest,Zuidenveldfeest,Festival,Q55,Netherlands,,
fest_Q2095889,fest_Q2095889,Q2095889,pinksterlanddagen,Pinksterlanddagen,Festival,Q55,Netherlands,,
fest_Q2201305,fest_Q2201305,Q2201305,stripdagen haarlem,Stripdagen Haarlem,Festival,Q55,Netherlands,,
fest_Q2353364,fest_Q2353364,Q2353364,brabant day,Brabant Day,Festival,Q55,Netherlands,,
fest_Q739459,fest_Q739459,Q739459,nationaal songfestival 1977,Nationaal Songfestival 1977,Festival,Q55,Netherlands,,
fest_Q112615487,fest_Q112615487,Q112615487,apricon,Apricon,Festival,Q60,New York City,,
fest_Q1328416,fest_Q1328416,Q1328416,elf fantasy fair,Elf Fantasy Fair,Festival,Q55,Netherlands,,
fest_Q333016,fest_Q333016,Q333016,king's day,King's Day,Festival,Q55,Netherlands,1885-01-01,
fest_Q112659899,fest_Q112659899,Q112659899,cozycon,CozyCon,Festival,Q55,Netherlands,,
fest_Q2217867,fest_Q2217867,Q2217867,de inktaap,De Inktaap,Festival,Q55,Netherlands,2002-01-01,
fest_Q1842272,fest_Q1842272,Q1842272,drentse fiets 4daagse,Drentse Fiets 4daagse,Festival,Q55,Netherlands,,
fest_Q135659074,fest_Q135659074,Q135659074,what hackers yearn 2025,What Hackers Yearn 2025,Festival,Q55,Netherlands,2025-08-08,2025-08-12
fest_Q112632021,fest_Q112632021,Q112632021,hillcon,Hillcon,Festival,Q55,Netherlands,,
fest_Q129636581,fest_Q129636581,Q129636581,moscow-2030,Moscow-2030,Festival,Q649,Moscow,2024-08-01,2024-09-08
fest_Q129636581,fest_Q129636581,Q129636581,moscow-2030,Moscow-2030,Festival,Q649,Moscow,2024-08-01,2024-09-08
fest_Q1851942,fest_Q1851942,Q1851942,parkpop,Parkpop,Festival,Q55,Netherlands,,
fest_Q17144006,fest_Q17144006,Q17144006,puck fair,Puck Fair,Festival,Q55,Netherlands,,
fest_Q13510235,fest_Q13510235,Q13510235,dada-tournee,Dada-tournee,Festival,Q55,Netherlands,,
fest_Q2755211,fest_Q2755211,Q2755211,kaagweek,Kaagweek,Festival,Q55,Netherlands,,
fest_Q4748745,fest_Q4748745,Q4748745,oerol festival,Oerol Festival,Festival,Q55,Netherlands,,2017-06-18
fest_Q56305320,fest_Q56305320,Q56305320,psy-fi,Psy-Fi,Festival,Q55,Netherlands,,
fest_Q15885631,fest_Q15885631,Q15885631,nationaal songfestival 1994,Nationaal Songfestival 1994,Festival,Q55,Netherlands,,
fest_Q17148787,fest_Q17148787,Q17148787,smofcon,SMOFcon,Festival,Q55,Netherlands,,
fest_Q17148787,fest_Q17148787,Q17148787,smofcon,SMOFcon,Festival,Q55,Netherlands,,
fest_Q17148787,fest_Q17148787,Q17148787,smofcon,SMOFcon,Festival,Q55,Netherlands,,
fest_Q3943627,fest_Q3943627,Q3943627,fruitcorso tiel,Fruitcorso Tiel,Festival,Q55,Netherlands,,
fest_Q2520077,fest_Q2520077,Q2520077,new years eve,New Years Eve,Festival,Q55,Netherlands,,
fest_Q15885632,fest_Q15885632,Q15885632,nationaal songfestival 1999,Nationaal Songfestival 1999,Festival,Q55,Netherlands,,
fest_Q6053673,fest_Q6053673,Q6053673,international student congress of medical sciences,International Student Congress of Medical Sciences,Festival,Q55,Netherlands,1992-01-01,
fest_Q15879662,fest_Q15879662,Q15879662,nationaal songfestival 1990,Nationaal Songfestival 1990,Festival,Q55,Netherlands,,
fest_Q15879663,fest_Q15879663,Q15879663,nationaal songfestival 1992,Nationaal Songfestival 1992,Festival,Q55,Netherlands,,
fest_Q15879660,fest_Q15879660,Q15879660,nationaal songfestival 1988,Nationaal Songfestival 1988,Festival,Q55,Netherlands,,
fest_Q15879666,fest_Q15879666,Q15879666,nationaal songfestival 1996,Nationaal Songfestival 1996,Festival,Q55,Netherlands,,
fest_Q4900107,fest_Q4900107,Q4900107,dag van de bouw,Dag van de Bouw,Festival,Q55,Netherlands,2006-06-03,
fest_Q3952132,fest_Q3952132,Q3952132,truckstar festival,Truckstar Festival,Festival,Q55,Netherlands,,
fest_Q3105189,fest_Q3105189,Q3105189,nach van 't limburgse leed,Nach van 't Limburgse Leed,Festival,Q55,Netherlands,,
fest_Q14646155,fest_Q14646155,Q14646155,nationaal songfestival 1975,Nationaal Songfestival 1975,Festival,Q55,Netherlands,,
fest_Q2965050,fest_Q2965050,Q2965050,het tuinfeest,Het Tuinfeest,Festival,Q55,Netherlands,,
fest_Q2491204,fest_Q2491204,Q2491204,gouda bij kaarslicht,Gouda bij Kaarslicht,Festival,Q55,Netherlands,,
fest_Q27349622,fest_Q27349622,Q27349622,historic festival almelo,Historic Festival Almelo,Festival,Q55,Netherlands,,
fest_Q14646160,fest_Q14646160,Q14646160,nationaal songfestival 1976,Nationaal Songfestival 1976,Festival,Q55,Netherlands,,
fest_Q14646166,fest_Q14646166,Q14646166,nationaal songfestival 1978,Nationaal Songfestival 1978,Festival,Q55,Netherlands,,
fest_Q2501496,fest_Q2501496,Q2501496,nationaal songfestival 2010,Nationaal Songfestival 2010,Festival,Q55,Netherlands,,
fest_Q2697905,fest_Q2697905,Q2697905,friese ballonfeesten,Friese Ballonfeesten,Festival,Q55,Netherlands,,
fest_Q2801443,fest_Q2801443,Q2801443,open dagen luchtmacht,Open Dagen Luchtmacht,Festival,Q55,Netherlands,,
fest_Q2864426,fest_Q2864426,Q2864426,marinedagen,Marinedagen,Festival,Q55,Netherlands,,
fest_Q20683546,fest_Q20683546,Q20683546,valkenswaard flower parade,Valkenswaard Flower Parade,Festival,Q55,Netherlands,,
fest_Q15526277,fest_Q15526277,Q15526277,best kept secret,Best Kept Secret,Festival,Q55,Netherlands,,
fest_Q4671838,fest_Q4671838,Q4671838,oud-lunterse dag,Oud-Lunterse Dag,Festival,Q55,Netherlands,,
fest_Q55063975,fest_Q55063975,Q55063975,greidhoek' festival,Greidhoek' Festival,Festival,Q55,Netherlands,,
fest_Q52636390,fest_Q52636390,Q52636390,eleven cities oldtimer rally,Eleven Cities Oldtimer Rally,Festival,Q55,Netherlands,,
fest_Q30644087,fest_Q30644087,Q30644087,dancing on the edge festival,Dancing on the Edge Festival,Festival,Q55,Netherlands,,
fest_Q20979131,fest_Q20979131,Q20979131,hobnob,HobNob,Festival,Q55,Netherlands,,
fest_Q50335348,fest_Q50335348,Q50335348,amsterdam open air,Amsterdam Open Air,Festival,Q55,Netherlands,,
fest_Q14923361,fest_Q14923361,Q14923361,nationaal songfestival 1982,Nationaal Songfestival 1982,Festival,Q55,Netherlands,,
fest_Q15885630,fest_Q15885630,Q15885630,nationaal songfestival 1965,Nationaal Songfestival 1965,Festival,Q55,Netherlands,1965-02-08,1965-02-13
fest_Q14923364,fest_Q14923364,Q14923364,nationaal songfestival 1987,Nationaal Songfestival 1987,Festival,Q55,Netherlands,,
fest_Q14643351,fest_Q14643351,Q14643351,midzomergracht,Midzomergracht,Festival,Q55,Netherlands,,
fest_Q4035098,fest_Q4035098,Q4035098,vredesweek,Vredesweek,Festival,Q55,Netherlands,,
fest_Q13878586,fest_Q13878586,Q13878586,nationaal songfestival 2009,Nationaal Songfestival 2009,Festival,Q55,Netherlands,,
fest_Q20011006,fest_Q20011006,Q20011006,vuurol,Vuurol,Festival,Q55,Netherlands,,
fest_Q3374213,fest_Q3374213,Q3374213,naturalisatiedag,Naturalisatiedag,Festival,Q55,Netherlands,,
fest_Q3031119,fest_Q3031119,Q3031119,concert at sea,Concert At Sea,Festival,Q55,Netherlands,,
fest_Q4433028,fest_Q4433028,Q4433028,dutch national jamboree,Dutch National Jamboree,Festival,Q55,Netherlands,,
fest_Q2490268,fest_Q2490268,Q2490268,nationaal songfestival 1984,Nationaal Songfestival 1984,Festival,Q55,Netherlands,,
fest_Q5199972,fest_Q5199972,Q5199972,nationaal songfestival 2012,Nationaal Songfestival 2012,Festival,Q55,Netherlands,,
fest_Q34806206,fest_Q34806206,Q34806206,tweetakt,Tweetakt,Festival,Q55,Netherlands,,
fest_Q2566527,fest_Q2566527,Q2566527,what the hack,What the Hack,Festival,Q55,Netherlands,,
fest_Q4456582,fest_Q4456582,Q4456582,bollenstreek flower parade,Bollenstreek Flower Parade,Festival,Q55,Netherlands,,
fest_Q16508486,fest_Q16508486,Q16508486,limburg festival,Limburg Festival,Festival,Q55,Netherlands,,
fest_Q7339580,fest_Q7339580,Q7339580,roadburn festival,Roadburn Festival,Festival,Q55,Netherlands,,
fest_Q44829646,fest_Q44829646,Q44829646,bredaphoto,BredaPhoto,Festival,Q55,Netherlands,,
fest_Q19915201,fest_Q19915201,Q19915201,viva classic live,Viva Classic Live,Festival,Q55,Netherlands,,
fest_Q13882224,fest_Q13882224,Q13882224,nationaal songfestival 2007,Nationaal Songfestival 2007,Festival,Q55,Netherlands,,
fest_Q4714147,fest_Q4714147,Q4714147,national violin competition oskar back,National Violin Competition Oskar Back,Festival,Q55,Netherlands,,
fest_Q14533152,fest_Q14533152,Q14533152,observe hack make,Observe. Hack. Make.,Festival,Q55,Netherlands,2013-07-31,2013-08-04
fest_Q20232423,fest_Q20232423,Q20232423,nationaal songfestival 1970,Nationaal Songfestival 1970,Festival,Q55,Netherlands,,
fest_Q4288521,fest_Q4288521,Q4288521,tromp,TROMP,Festival,Q55,Netherlands,,
fest_Q2526253,fest_Q2526253,Q2526253,neerlands hoop,Neerlands Hoop,Festival,Q55,Netherlands,2003-01-01,
fest_Q2526253,fest_Q2526253,Q2526253,neerlands hoop,Neerlands Hoop,Festival,Q55,Netherlands,2003-01-01,
fest_Q2549726,fest_Q2549726,Q2549726,huishoudbeurs,Huishoudbeurs,Festival,Q55,Netherlands,,
fest_Q2550462,fest_Q2550462,Q2550462,onbederf'lijk vers,Onbederf'lijk Vers,Festival,Q55,Netherlands,,
fest_Q2800699,fest_Q2800699,Q2800699,mosseldag,Mosseldag,Festival,Q55,Netherlands,,
fest_Q3122642,fest_Q3122642,Q3122642,winternachten,Winternachten,Festival,Q55,Netherlands,,
fest_Q16481672,fest_Q16481672,Q16481672,nationaal songfestival 2011,Nationaal Songfestival 2011,Festival,Q55,Netherlands,,
fest_Q17450505,fest_Q17450505,Q17450505,grand prix leende,Grand Prix Leende,Festival,Q55,Netherlands,,
fest_Q4288362,fest_Q4288362,Q4288362,noorderlicht,Noorderlicht,Festival,Q55,Netherlands,,
fest_Q3285439,fest_Q3285439,Q3285439,nationaal songfestival 1986,Nationaal Songfestival 1986,Festival,Q55,Netherlands,,
fest_Q3284468,fest_Q3284468,Q3284468,kinderboekenweek,Kinderboekenweek,Festival,Q55,Netherlands,,
fest_Q2512512,fest_Q2512512,Q2512512,autorai,AutoRAI,Festival,Q55,Netherlands,,
fest_Q4342233,fest_Q4342233,Q4342233,twente ballooning,Twente Ballooning,Festival,Q55,Netherlands,,
fest_Q2946156,fest_Q2946156,Q2946156,impakt festival,Impakt Festival,Festival,Q55,Netherlands,,
fest_Q113680453,fest_Q113680453,Q113680453,we love public space festival,We Love Public Space Festival,Festival,Q55,Netherlands,,
fest_Q90374203,fest_Q90374203,Q90374203,giant jas de keistamper,giant Jas de Keistamper,Event,Q55,Netherlands,,
fest_Q129984162,fest_Q129984162,Q129984162,dutch design week 2005,Dutch Design Week 2005,Festival,Q55,Netherlands,,
fest_Q129984163,fest_Q129984163,Q129984163,dutch design week 2006,Dutch Design Week 2006,Festival,Q55,Netherlands,,
fest_Q128977198,fest_Q128977198,Q128977198,but filmfestival,BUT Filmfestival,Festival,Q55,Netherlands,,
fest_Q129984167,fest_Q129984167,Q129984167,dutch design week 2009,Dutch Design Week 2009,Festival,Q55,Netherlands,,
fest_Q129984164,fest_Q129984164,Q129984164,dutch design week 2007,Dutch Design Week 2007,Festival,Q55,Netherlands,,
fest_Q129984165,fest_Q129984165,Q129984165,dutch design week 2008,Dutch Design Week 2008,Festival,Q55,Netherlands,,
fest_Q111133748,fest_Q111133748,Q111133748,commemoration of the february strike,Commemoration of the February strike,Festival,Q55,Netherlands,,
fest_Q129984169,fest_Q129984169,Q129984169,dutch design week 2010,Dutch Design Week 2010,Festival,Q55,Netherlands,,
fest_Q79794247,fest_Q79794247,Q79794247,nationaal songfestival 1964,Nationaal Songfestival 1964,Festival,Q55,Netherlands,,
fest_Q65509269,fest_Q65509269,Q65509269,demo festival,Demo festival,Festival,Q55,Netherlands,,
fest_Q79765879,fest_Q79765879,Q79765879,nationaal songfestival 1968,Nationaal Songfestival 1968,Festival,Q55,Netherlands,,
fest_Q122372472,fest_Q122372472,Q122372472,a12-blockades,A12-Blockades,Festival,Q55,Netherlands,,
fest_Q129984173,fest_Q129984173,Q129984173,dutch design week 2011,Dutch Design Week 2011,Festival,Q55,Netherlands,,
fest_Q98078079,fest_Q98078079,Q98078079,myanmar international fashion week,Myanmar International Fashion Week,Festival,Q836,Myanmar,,
fest_Q129984179,fest_Q129984179,Q129984179,dutch design week 2013,Dutch Design Week 2013,Festival,Q55,Netherlands,,
fest_Q121090741,fest_Q121090741,Q121090741,drongo festival,Drongo festival,Festival,Q55,Netherlands,,
fest_Q129984176,fest_Q129984176,Q129984176,dutch design week 2012,Dutch Design Week 2012,Festival,Q55,Netherlands,,
fest_Q129984183,fest_Q129984183,Q129984183,dutch design week 2014,Dutch Design Week 2014,Festival,Q55,Netherlands,,
fest_Q123562027,fest_Q123562027,Q123562027,dragon stabbing in beesel,Dragon stabbing in Beesel,Festival,Q55,Netherlands,,
fest_Q79794980,fest_Q79794980,Q79794980,nationaal songfestival 1967,Nationaal Songfestival 1967,Festival,Q55,Netherlands,,
fest_Q79780597,fest_Q79780597,Q79780597,nationaal songfestival 1962,Nationaal Songfestival 1962,Festival,Q55,Netherlands,,
fest_Q126101199,fest_Q126101199,Q126101199,into the void,Into the Void,Festival,Q55,Netherlands,,
fest_Q66581862,fest_Q66581862,Q66581862,welcome to the village,Welcome to The Village,Festival,Q55,Netherlands,,
fest_Q129984186,fest_Q129984186,Q129984186,dutch design week 2017,Dutch Design Week 2017,Festival,Q55,Netherlands,,
fest_Q129984184,fest_Q129984184,Q129984184,dutch design week 2015,Dutch Design Week 2015,Festival,Q55,Netherlands,,
fest_Q129984185,fest_Q129984185,Q129984185,dutch design week 2016,Dutch Design Week 2016,Festival,Q55,Netherlands,,
fest_Q129984190,fest_Q129984190,Q129984190,dutch design week 2019,Dutch Design Week 2019,Festival,Q55,Netherlands,,
fest_Q131429464,fest_Q131429464,Q131429464,miracle of lights,Miracle of Lights,Festival,Q55,Netherlands,,
fest_Q129984188,fest_Q129984188,Q129984188,dutch design week 2018,Dutch Design Week 2018,Festival,Q55,Netherlands,,
fest_Q123496552,fest_Q123496552,Q123496552,fiber,FIBER,Festival,Q55,Netherlands,,
fest_Q13070866,fest_Q13070866,Q13070866,pagoda festival,Pagoda festival,Festival,Q836,Myanmar,,
fest_Q61051464,fest_Q61051464,Q61051464,video awards,#Video Awards,Festival,Q55,Netherlands,,
fest_Q129984193,fest_Q129984193,Q129984193,dutch design week 2020,Dutch Design Week 2020,Festival,Q55,Netherlands,,
fest_Q133875500,fest_Q133875500,Q133875500,annie mg schmidtlezing,Annie M.G. Schmidtlezing,Festival,Q55,Netherlands,,
fest_Q133875500,fest_Q133875500,Q133875500,annie mg schmidtlezing,Annie M.G. Schmidtlezing,Festival,Q55,Netherlands,,
fest_Q129984198,fest_Q129984198,Q129984198,dutch design week 2022,Dutch Design Week 2022,Festival,Q55,Netherlands,,
fest_Q129984196,fest_Q129984196,Q129984196,dutch design week 2021,Dutch Design Week 2021,Festival,Q55,Netherlands,,
fest_Q129984202,fest_Q129984202,Q129984202,dutch design week 2024,Dutch Design Week 2024,Festival,Q55,Netherlands,,
fest_Q116803063,fest_Q116803063,Q116803063,houtfestival,Houtfestival,Festival,Q55,Netherlands,,
fest_Q129984201,fest_Q129984201,Q129984201,dutch design week 2023,Dutch Design Week 2023,Festival,Q55,Netherlands,,
fest_Q109335217,fest_Q109335217,Q109335217,landbouw rai,Landbouw RAI,Festival,Q55,Netherlands,,
fest_Q79781986,fest_Q79781986,Q79781986,nationaal songfestival 1966,Nationaal Songfestival 1966,Festival,Q55,Netherlands,,
fest_Q131429443,fest_Q131429443,Q131429443,halloween fright nights,Halloween Fright Nights,Festival,Q55,Netherlands,,
fest_Q113514093,fest_Q113514093,Q113514093,kunstlijn haarlem,Kunstlijn Haarlem,Festival,Q55,Netherlands,,
fest_Q134505629,fest_Q134505629,Q134505629,one conference,One Conference,Festival,Q55,Netherlands,,
fest_Q134505629,fest_Q134505629,Q134505629,one conference,One Conference,Festival,Q55,Netherlands,,
fest_Q125565159,fest_Q125565159,Q125565159,indigo,INDIGO,Festival,Q55,Netherlands,,
fest_Q129984159,fest_Q129984159,Q129984159,week van het ontwerp 2002,Week van het Ontwerp 2002,Festival,Q55,Netherlands,,
fest_Q13067088,fest_Q13067088,Q13067088,taungbyone festival,Taungbyone Festival,Festival,Q836,Myanmar,,
fest_Q111154718,fest_Q111154718,Q111154718,stripdagen haarlem 1992,Stripdagen Haarlem 1992,Festival,Q55,Netherlands,,
fest_Q123560224,fest_Q123560224,Q123560224,samsam,SamSam,Festival,Q55,Netherlands,,
fest_Q129984160,fest_Q129984160,Q129984160,week van het ontwerp 2003,Week van het Ontwerp 2003,Festival,Q55,Netherlands,,
fest_Q129984161,fest_Q129984161,Q129984161,week van het ontwerp 2004,Week van het Ontwerp 2004,Festival,Q55,Netherlands,,
fest_Q136756507,fest_Q136756507,Q136756507,international youth congress,International Youth Congress,Festival,Q55,Netherlands,,
fest_Q7690402,fest_Q7690402,Q7690402,tazaungdaing festival,Tazaungdaing festival,Festival,Q836,Myanmar,,
fest_Q121065986,fest_Q121065986,Q121065986,milkshake,Milkshake,Festival,Q55,Netherlands,,
fest_Q130248953,fest_Q130248953,Q130248953,onder de radar,Onder de Radar,Festival,Q55,Netherlands,,
fest_Q131363190,fest_Q131363190,Q131363190,winter efteling,Winter Efteling,Festival,Q55,Netherlands,,
fest_Q113016622,fest_Q113016622,Q113016622,leidse rembrandtdagen,Leidse Rembrandtdagen,Festival,Q55,Netherlands,,
fest_Q121298163,fest_Q121298163,Q121298163,saint martin celebration in utrecht,Saint Martin Celebration in Utrecht,Event,Q55,Netherlands,,
fest_Q79794615,fest_Q79794615,Q79794615,nationaal songfestival 1959,Nationaal Songfestival 1959,Festival,Q55,Netherlands,,
fest_Q134580739,fest_Q134580739,Q134580739,bert van selm-lezing,Bert van Selm-lezing,Festival,Q55,Netherlands,,
fest_Q136720338,fest_Q136720338,Q136720338,lof der zotheidlezing,Lof der Zotheidlezing,Festival,Q55,Netherlands,,
fest_Q136720338,fest_Q136720338,Q136720338,lof der zotheidlezing,Lof der Zotheidlezing,Festival,Q55,Netherlands,,
fest_Q115858490,fest_Q115858490,Q115858490,spring performing arts festival,SPRING Performing Arts Festival,Festival,Q55,Netherlands,,
fest_Q60458513,fest_Q60458513,Q60458513,pisuisse-prijs,Pisuisse-prijs,Festival,Q55,Netherlands,,1999-01-01
fest_Q87647510,fest_Q87647510,Q87647510,gekke maondaag,Gekke Maondaag,Event,Q55,Netherlands,,
fest_Q56678353,fest_Q56678353,Q56678353,agrarische dagen,Agrarische Dagen,Festival,Q55,Netherlands,,
fest_Q114839781,fest_Q114839781,Q114839781,klomppop,Klomppop,Festival,Q55,Netherlands,,
fest_Q117488181,fest_Q117488181,Q117488181,lampegietersavond,Lampegietersavond,Event,Q55,Netherlands,,
fest_Q114421166,fest_Q114421166,Q114421166,grondfest,Grondfest,Festival,Q55,Netherlands,,
fest_Q135937267,fest_Q135937267,Q135937267,international conducting competition rotterdam,International Conducting Competition Rotterdam,Festival,Q55,Netherlands,,
fest_Q135937267,fest_Q135937267,Q135937267,international conducting competition rotterdam,International Conducting Competition Rotterdam,Festival,Q55,Netherlands,,
fest_Q79796115,fest_Q79796115,Q79796115,nationaal songfestival 1969,Nationaal Songfestival 1969,Festival,Q55,Netherlands,,
fest_Q79796418,fest_Q79796418,Q79796418,nationaal songfestival 1971,Nationaal Songfestival 1971,Festival,Q55,Netherlands,,
fest_Q97738122,fest_Q97738122,Q97738122,afrika festival hertme,Afrika Festival Hertme,Festival,Q55,Netherlands,,
fest_Q13066990,fest_Q13066990,Q13066990,taunggyi hot air balloon festival,Taunggyi Hot Air Balloon Festival,Festival,Q836,Myanmar,,
fest_Q135658992,fest_Q135658992,Q135658992,sail amsterdam 2025,Sail Amsterdam 2025,Festival,Q55,Netherlands,,
fest_Q59909777,fest_Q59909777,Q59909777,bronk,Bronk,Event,Q55,Netherlands,,
fest_Q79779646,fest_Q79779646,Q79779646,nationaal songfestival 1960,Nationaal Songfestival 1960,Festival,Q55,Netherlands,,
fest_Q124517834,fest_Q124517834,Q124517834,international film festival rotterdam 2002,International Film Festival Rotterdam 2002,Festival,Q55,Netherlands,,
fest_Q107354969,fest_Q107354969,Q107354969,national red cross blossom walk,National Red Cross Blossom Walk,Festival,Q55,Netherlands,,
fest_Q107491721,fest_Q107491721,Q107491721,nl doet,NL Doet,Festival,Q55,Netherlands,,
fest_Q109622706,fest_Q109622706,Q109622706,zuid-limburgs federatiefeest,Zuid-Limburgs Federatiefeest,Festival,Q55,Netherlands,,
fest_Q79781467,fest_Q79781467,Q79781467,nationaal songfestival 1974,Nationaal Songfestival 1974,Festival,Q55,Netherlands,,
fest_Q121298163,fest_Q121298523,Q121298523,saint martin celebration in utrecht,Saint Martin Celebration in Utrecht,Event,Q55,Netherlands,,
fest_Q8046513,fest_Q8046513,Q8046513,yadana cave festival,Yadana Cave Festival,Festival,Q836,Myanmar,,
fest_Q110190309,fest_Q110190309,Q110190309,gondelvaart op wielen,Gondelvaart op Wielen,Festival,Q55,Netherlands,,
fest_Q130477597,fest_Q130477597,Q130477597,international literature festival utrecht,International Literature Festival Utrecht,Festival,Q55,Netherlands,,
fest_Q85760070,fest_Q85760070,Q85760070,exercise frisian flag,Exercise Frisian Flag,Festival,Q55,Netherlands,,
fest_Q14557893,fest_Q14557893,Q14557893,asthimki festival,Asthimki Festival,Festival,Q837,Nepal,,
fest_Q105742388,fest_Q105742388,Q105742388,tamu lhosar,Tamu Lhosar,Festival,Q837,Nepal,,
fest_Q50922878,fest_Q50922878,Q50922878,oshituthi shomagongo,Oshituthi shomagongo,Festival,Q1030,Namibia,,
fest_Q5527730,fest_Q5527730,Q5527730,gaura parva,Gaura Parva,Festival,Q837,Nepal,,
fest_Q139889444,fest_Q139889444,Q139889444,wiki loves earth 2026 in nepal,Wiki Loves Earth 2026 in Nepal,Festival,Q837,Nepal,,
fest_Q13179959,fest_Q13179959,Q13179959,kaag tihar,Kaag Tihar,Festival,Q837,Nepal,,
fest_Q13180109,fest_Q13180109,Q13180109,kukur tihar,Kukur Tihar,Festival,Q837,Nepal,,
fest_Q26207721,fest_Q26207721,Q26207721,census in nepal,Census in Nepal,Festival,Q837,Nepal,,
fest_Q596684,fest_Q596684,Q596684,pasni,Pasni,Event,Q837,Nepal,,
fest_Q30131186,fest_Q30131186,Q30131186,nepal literature festival,Nepal Literature Festival,Festival,Q837,Nepal,,
fest_Q7801802,fest_Q7801802,Q7801802,tij festival,Tij Festival,Festival,Q837,Nepal,,
fest_Q13179120,fest_Q13179120,Q13179120,national paddy day,National Paddy Day,Festival,Q837,Nepal,,
fest_Q106855753,fest_Q106855753,Q106855753,ghode jatra,Ghode Jatra,Festival,Q837,Nepal,,
fest_Q19672090,fest_Q19672090,Q19672090,gyalpo lhosar,Gyalpo Lhosar,Festival,Q837,Nepal,,
fest_Q17022491,fest_Q17022491,Q17022491,swanti,Swanti,Festival,Q837,Nepal,,
fest_Q761661,fest_Q761661,Q761661,gadhimai festival,Gadhimai festival,Festival,Q837,Nepal,,
fest_Q105742385,fest_Q105742385,Q105742385,sonam lhosar,Sonam Lhosar,Festival,Q837,Nepal,,
fest_Q19570759,fest_Q19570759,Q19570759,afropolitan vibes,Afropolitan Vibes,Festival,Q1033,Nigeria,,
fest_Q11994263,fest_Q11994263,Q11994263,oslo bokfestival,Oslo bokfestival,Festival,Q20,Norway,,
fest_Q7880100,fest_Q7880100,Q7880100,ultima oslo contemporary music festival,Ultima Oslo Contemporary Music Festival,Festival,Q20,Norway,1990-01-01,
fest_Q25230902,fest_Q25230902,Q25230902,aké arts and book festival,Aké Arts and Book Festival,Festival,Q1033,Nigeria,2013-01-01,
fest_Q7690875,fest_Q7690875,Q7690875,te matatini,Te Matatini,Festival,Q664,New Zealand,,
fest_Q19385906,fest_Q19385906,Q19385906,på kanten,På Kanten,Festival,Q20,Norway,,
fest_Q4575290,fest_Q4575290,Q4575290,márkomeannu,Márkomeannu,Festival,Q20,Norway,,
fest_Q11961846,fest_Q11961846,Q11961846,bomkræsjbang,BomKræsjBang,Festival,Q20,Norway,,
fest_Q19403862,fest_Q19403862,Q19403862,veka,VEKA,Festival,Q20,Norway,,
fest_Q85795313,fest_Q85795313,Q85795313,queenstown winter festival,Queenstown Winter Festival,Festival,Q664,New Zealand,,
fest_Q63191908,fest_Q63191908,Q63191908,nuart festival,NuArt Festival,Festival,Q20,Norway,,
fest_Q4575389,fest_Q4575389,Q4575389,audunbakkenfestivalen,Audunbakkenfestivalen,Festival,Q20,Norway,,
fest_Q21003218,fest_Q21003218,Q21003218,igogo festival,Igogo festival,Festival,Q1033,Nigeria,,
fest_Q7622425,fest_Q7622425,Q7622425,strawberry fields music festival,Strawberry Fields Music Festival,Festival,Q664,New Zealand,,
fest_Q56406187,fest_Q56406187,Q56406187,livestock,Livestock,Festival,Q20,Norway,,
fest_Q131341049,fest_Q22081661,Q22081661,ofala festival,Ofala Festival,Festival,Q1033,Nigeria,,
fest_Q17109271,fest_Q17109271,Q17109271,olojo festival,Olojo Festival,Festival,Q1033,Nigeria,,
fest_Q24912700,fest_Q24912700,Q24912700,oro festival,Oro Festival,Festival,Q1033,Nigeria,,
fest_Q17071521,fest_Q17071521,Q17071521,new yam festival of the igbo,New Yam Festival of the Igbo,Festival,Q1033,Nigeria,,
fest_Q18641750,fest_Q18641750,Q18641750,havmanndagene,Havmanndagene,Festival,Q20,Norway,,
fest_Q7088502,fest_Q7088502,Q7088502,olokun festival,Olokun Festival,Festival,Q1033,Nigeria,,
fest_Q5422961,fest_Q5422961,Q5422961,eyo festival,Eyo festival,Festival,Q1033,Nigeria,,
fest_Q11995058,fest_Q11995058,Q11995058,the peer gynt festival,The Peer Gynt Festival,Festival,Q20,Norway,,
fest_Q28230225,fest_Q28230225,Q28230225,another story festival,Another Story Festival,Festival,Q221,North Macedonia,,
fest_Q28230225,fest_Q28230225,Q28230225,another story festival,Another Story Festival,Festival,Q221,North Macedonia,,
fest_Q11988924,fest_Q11988924,Q11988924,melafestivalen,Melafestivalen,Festival,Q20,Norway,,
fest_Q12001816,fest_Q12001816,Q12001816,solfesten,Solfesten,Festival,Q20,Norway,,
fest_Q12000424,fest_Q12000424,Q12000424,yagori,Yagori,Festival,Q20,Norway,,
fest_Q23581371,fest_Q23581371,Q23581371,lagos black heritage festival,Lagos Black Heritage Festival,Festival,Q1033,Nigeria,,
fest_Q1408555,fest_Q1408555,Q1408555,festival international de la mode en afrique,Festival International de la Mode en Afrique,Festival,Q1032,Niger,,
fest_Q1408555,fest_Q1408555,Q1408555,festival international de la mode en afrique,Festival International de la Mode en Afrique,Festival,Q1032,Niger,,
fest_Q19392795,fest_Q19392795,Q19392795,torghattfestivalen,Torghattfestivalen,Festival,Q20,Norway,,
fest_Q16966674,fest_Q16966674,Q16966674,volumfestivalen,Volumfestivalen,Festival,Q20,Norway,,
fest_Q19385570,fest_Q19385570,Q19385570,porsgrunn internasjonale teaterfestival,Porsgrunn Internasjonale Teaterfestival,Festival,Q20,Norway,,
fest_Q11983085,fest_Q11983085,Q11983085,landskappleiken,Landskappleiken,Festival,Q20,Norway,,
fest_Q7015455,fest_Q7015455,Q7015455,new zealand international science festival,New Zealand International Science Festival,Festival,Q664,New Zealand,,
fest_Q11042751,fest_Q11042751,Q11042751,republic of gulating,Republic of Gulating,Festival,Q20,Norway,,
fest_Q8073028,fest_Q8073028,Q8073028,zlatno slavejče,Zlatno Slavejče,Festival,Q221,North Macedonia,,
fest_Q7960029,fest_Q7960029,Q7960029,waikino music festival,Waikino music festival,Festival,Q664,New Zealand,,
fest_Q25427636,fest_Q25427636,Q25427636,oslo arkitekturtriennale,Oslo arkitekturtriennale,Festival,Q20,Norway,,
fest_Q26884519,fest_Q26884519,Q26884519,tråante 2017,Tråante 2017,Festival,Q20,Norway,2017-02-04,2017-02-12
fest_Q26884519,fest_Q26884519,Q26884519,tråante 2017,Tråante 2017,Festival,Q20,Norway,2017-02-04,2017-02-12
fest_Q4867607,fest_Q4867607,Q4867607,basker fest,Basker Fest,Festival,Q221,North Macedonia,,
fest_Q1824110,fest_Q1824110,Q1824110,durbar festival,Durbar festival,Festival,Q1033,Nigeria,,
fest_Q11974308,fest_Q11974308,Q11974308,hardanger musikkfest,Hardanger Musikkfest,Festival,Q20,Norway,,
fest_Q11982671,fest_Q11982671,Q11982671,kvinesdal emigrant festival,Kvinesdal Emigrant Festival,Festival,Q20,Norway,,
fest_Q5194692,fest_Q5194692,Q5194692,cure salée,Cure Salée,Festival,Q1032,Niger,,
fest_Q4854225,fest_Q4854225,Q4854225,band together,Band Together,Festival,Q664,New Zealand,,
fest_Q60775315,fest_Q60775315,Q60775315,agemo festival,Agemo festival,Festival,Q1033,Nigeria,,
fest_Q20982117,fest_Q20982117,Q20982117,ojude oba festival,Ojude Oba festival,Festival,Q1033,Nigeria,,
fest_Q19892311,fest_Q19892311,Q19892311,days of comedy,Days of Comedy,Festival,Q221,North Macedonia,,
fest_Q5191955,fest_Q5191955,Q5191955,cuba street carnival,Cuba Street Carnival,Festival,Q664,New Zealand,,
fest_Q4789767,fest_Q4789767,Q4789767,argungu fishing festival,Argungu Fishing Festival,Festival,Q1033,Nigeria,,
fest_Q3070830,fest_Q3070830,Q3070830,international student festival in trondheim,International Student Festival in Trondheim,Festival,Q20,Norway,,
fest_Q602771,fest_Q602771,Q602771,arirang festival,Arirang Festival,Festival,Q423,North Korea,,2013-01-01
fest_Q602771,fest_Q602771,Q602771,arirang festival,Arirang Festival,Festival,Q423,North Korea,,2013-01-01
fest_Q61347854,fest_Q61347854,Q61347854,kippari festival,Kippari Festival,Festival,Q20,Norway,,
fest_Q48733452,fest_Q48733452,Q48733452,ogun festival,Ogun Festival,Festival,Q1033,Nigeria,,
fest_Q794639,fest_Q794639,Q794639,aïr festival,Aïr Festival,Festival,Q1032,Niger,,
fest_Q855443,fest_Q855443,Q855443,bianou,Bianou,Festival,Q1032,Niger,,
fest_Q10715818,fest_Q10715818,Q10715818,narvik winter festival,Narvik Winter Festival,Festival,Q20,Norway,,
fest_Q24529817,fest_Q24529817,Q24529817,lagos carnival,Lagos Carnival,Festival,Q1033,Nigeria,,
fest_Q31078908,fest_Q31078908,Q31078908,popvenstre,Popvenstre,Festival,Q20,Norway,,
fest_Q4735526,fest_Q4735526,Q4735526,alpine unity,Alpine Unity,Festival,Q664,New Zealand,,
fest_Q4591200,fest_Q4591200,Q4591200,protestfestival,Protestfestival,Festival,Q20,Norway,,
fest_Q24927689,fest_Q24927689,Q24927689,sango festival of oyo,Sango Festival of Oyo,Festival,Q1033,Nigeria,,
fest_Q60740235,fest_Q60740235,Q60740235,idoma carnival,Idoma Carnival,Festival,Q1033,Nigeria,,
fest_Q48792945,fest_Q48792945,Q48792945,kaduna book and arts festival,Kaduna Book and Arts Festival,Festival,Q1033,Nigeria,2017-01-01,
fest_Q16947416,fest_Q16947416,Q16947416,igue festival,Igue festival,Festival,Q1033,Nigeria,,
fest_Q6514220,fest_Q6514220,Q6514220,storåsfestivalen,Storåsfestivalen,Festival,Q20,Norway,,
fest_Q2593605,fest_Q2593605,Q2593605,world buskers festival,World Buskers Festival,Festival,Q664,New Zealand,,
fest_Q17750586,fest_Q17750586,Q17750586,blinkfestivalen,Blinkfestivalen,Festival,Q20,Norway,,
fest_Q61896981,fest_Q61896981,Q61896981,zanga festival,Zanga Festival,Festival,Q1033,Nigeria,,
fest_Q12750093,fest_Q12750093,Q12750093,galičnik wedding festival,Galičnik Wedding Festival,Festival,Q221,North Macedonia,,
fest_Q455596,fest_Q455596,Q455596,matariki,Matariki,Festival,Q664,New Zealand,,
fest_Q65395323,fest_Q65395323,Q65395323,october rain,October rain,Festival,Q1033,Nigeria,,
fest_Q5018273,fest_Q5018273,Q5018273,calabar carnival,Calabar Carnival,Festival,Q1033,Nigeria,,
fest_Q4801560,fest_Q4801560,Q4801560,artsplash festival,Artsplash Festival,Festival,Q664,New Zealand,,
fest_Q66616069,fest_Q66616069,Q66616069,german singer festival,German singer festival,Festival,Q2090,Nuremberg,1861-07-20,1861-07-23
fest_Q4919977,fest_Q4919977,Q4919977,bjørnson festival,Bjørnson Festival,Festival,Q20,Norway,,
fest_Q85790015,fest_Q85790015,Q85790015,nupe cultural day,Nupe Cultural Day,Festival,Q1033,Nigeria,,
fest_Q108526568,fest_Q108526568,Q108526568,upleka festival,Upleka Festival,Festival,Q1033,Nigeria,,
fest_Q108380697,fest_Q108380697,Q108380697,alo mmo new yam festival,Alo Mmo New Yam Festival,Festival,Q1033,Nigeria,,
fest_Q108494824,fest_Q108494824,Q108494824,obodom eyong drum in the sky festival,Obodom Eyong (Drum in the Sky) Festival,Festival,Q1033,Nigeria,,
fest_Q115236296,fest_Q115236296,Q115236296,teaterfestival nordkalotten,Teaterfestival Nordkalotten,Festival,Q20,Norway,,
fest_Q108470558,fest_Q108470558,Q108470558,lokoja fishing festival,Lokoja fishing festival,Festival,Q1033,Nigeria,,
fest_Q108485819,fest_Q108485819,Q108485819,nnekeji festival of achi,Nnekeji festival of Achi,Festival,Q1033,Nigeria,,
fest_Q108470434,fest_Q108470434,Q108470434,ekuechi festival,Ekuechi festival,Festival,Q1033,Nigeria,,
fest_Q108380244,fest_Q108380244,Q108380244,atakpo festival,Atakpo Festival,Festival,Q1033,Nigeria,,
fest_Q108266042,fest_Q108266042,Q108266042,songs of nigeria festival,Songs of Nigeria Festival,Festival,Q1033,Nigeria,,
fest_Q108420241,fest_Q108420241,Q108420241,lagos food festival,Lagos Food Festival,Festival,Q1033,Nigeria,,
fest_Q115236264,fest_Q115236264,Q115236264,kristiansund kirke kunst kulturfestival,Kristiansund kirke kunst kulturfestival,Festival,Q20,Norway,,
fest_Q108539268,fest_Q108539268,Q108539268,amasinghan festival,Amasinghan Festival,Festival,Q1033,Nigeria,,
fest_Q108293172,fest_Q108293172,Q108293172,golibe festival,Golibe Festival,Festival,Q1033,Nigeria,,
fest_Q115236297,fest_Q115236297,Q115236297,teaterfestivalen i fjaler,Teaterfestivalen i Fjaler,Festival,Q20,Norway,,
fest_Q108265827,fest_Q108265827,Q108265827,annang festival of art and culture,Annang Festival of Art and Culture,Festival,Q1033,Nigeria,,
fest_Q88463693,fest_Q88463693,Q88463693,pategi regatta festival,Pategi Regatta Festival,Festival,Q1033,Nigeria,1949-01-01,
fest_Q108454680,fest_Q108454680,Q108454680,udiroko festival,Udiroko Festival,Festival,Q1033,Nigeria,,
fest_Q114371572,fest_Q114371572,Q114371572,iwude ijesa,Iwude Ijesa,Festival,Q1033,Nigeria,,
fest_Q108479731,fest_Q108479731,Q108479731,feast of anyan festival,Feast of Anyan Festival,Festival,Q1033,Nigeria,,
fest_Q115236306,fest_Q115236306,Q115236306,verdal internasjonale film- teaterfestival,Verdal Internasjonale Film- & Teaterfestival,Festival,Q20,Norway,,
fest_Q108266406,fest_Q108266406,Q108266406,nigeria international book fair,Nigeria International Book Fair,Festival,Q1033,Nigeria,,
fest_Q108527351,fest_Q108527351,Q108527351,nyinya umilin festival,Nyinya (Umilin) Festival,Festival,Q1033,Nigeria,,
fest_Q108378484,fest_Q108378484,Q108378484,vunon cultural festival,Vunon Cultural Festival,Festival,Q1033,Nigeria,,
fest_Q108525819,fest_Q108525819,Q108525819,uzo iyi festival,Uzo Iyi Festival,Festival,Q1033,Nigeria,,
fest_Q101310644,fest_Q101310644,Q101310644,afan festival,Afan festival,Festival,Q1033,Nigeria,,
fest_Q108380880,fest_Q108380880,Q108380880,amanya festival,Amanya Festival,Festival,Q1033,Nigeria,,
fest_Q108495547,fest_Q108495547,Q108495547,traditional wrestling festival,Traditional wrestling Festival,Festival,Q1033,Nigeria,,
fest_Q108532706,fest_Q108532706,Q108532706,ikase akombo and tyav festival,Ikase Akombo And Tyav Festival,Festival,Q1033,Nigeria,,
fest_Q110927360,fest_Q110927360,Q110927360,gaani festival,Gaani Festival,Festival,Q1033,Nigeria,,
fest_Q108471197,fest_Q108471197,Q108471197,ikan festival,Ikan festival,Festival,Q1033,Nigeria,,
fest_Q108408281,fest_Q108408281,Q108408281,epa festival,epa festival,Festival,Q1033,Nigeria,,
fest_Q108481678,fest_Q108481678,Q108481678,inkim-eyong festival,Inkim-Eyong festival,Festival,Q1033,Nigeria,,
fest_Q108449322,fest_Q108449322,Q108449322,barakau annual festival,Barakau Annual Festival,Festival,Q1033,Nigeria,,
fest_Q108365793,fest_Q108365793,Q108365793,ovia-osese festival,Ovia-Osese Festival,Festival,Q1033,Nigeria,,
fest_Q115236279,fest_Q115236280,Q115236280,oslo internasjonale teaterfestival,Oslo Internasjonale Teaterfestival,Festival,Q20,Norway,,
fest_Q115236279,fest_Q115236280,Q115236280,oslo internasjonale teaterfestival,Oslo Internasjonale Teaterfestival,Festival,Q20,Norway,,
fest_Q108381260,fest_Q108381260,Q108381260,ekong nkemba festival,Ekong Nkemba Festival,Festival,Q1033,Nigeria,,
fest_Q115236269,fest_Q115236269,Q115236269,monologfestivalen,Monologfestivalen,Festival,Q20,Norway,,
fest_Q108392320,fest_Q108392320,Q108392320,akata benue fishing festival,Akata Benue Fishing Festival,Festival,Q1033,Nigeria,,
fest_Q110926890,fest_Q110926890,Q110926890,eggon carnival,Eggon Carnival,Festival,Q1033,Nigeria,,
fest_Q108382309,fest_Q108382309,Q108382309,ekpiri akata festival,Ekpiri Akata Festival,Festival,Q1033,Nigeria,,
fest_Q115236298,fest_Q115236298,Q115236298,teatersentrums barne- og ungdomsteaterfestival,Teatersentrums barne- og ungdomsteaterfestival,Festival,Q20,Norway,,
fest_Q115236298,fest_Q115236298,Q115236298,teatersentrums barne- og ungdomsteaterfestival,Teatersentrums barne- og ungdomsteaterfestival,Festival,Q20,Norway,,
fest_Q115236272,fest_Q115236272,Q115236272,multiplie dansefestival,Multiplie dansefestival,Festival,Q20,Norway,,
fest_Q115236272,fest_Q115236272,Q115236272,multiplie dansefestival,Multiplie dansefestival,Festival,Q20,Norway,,
fest_Q108542503,fest_Q108542503,Q108542503,new yam festivals in nigeria,New Yam Festivals in Nigeria,Festival,Q1033,Nigeria,,
fest_Q115236307,fest_Q115236307,Q115236307,vinterfestivalen,Vinterfestivalen,Festival,Q20,Norway,,
fest_Q115224072,fest_Q115224072,Q115224072,ekpe masquerade festival,Ekpe Masquerade Festival,Festival,Q1033,Nigeria,,
fest_Q108453340,fest_Q108453340,Q108453340,ivom festival,Ivom festival,Festival,Q1033,Nigeria,,
fest_Q108496020,fest_Q108496020,Q108496020,ime ogbe festival,Ime Ogbe Festival,Festival,Q1033,Nigeria,,
fest_Q108381204,fest_Q108381204,Q108381204,ijele masquerade festival,Ijele Masquerade Festival,Festival,Q1033,Nigeria,,
fest_Q105562886,fest_Q105562886,Q105562886,longyearbyen sun festival,Longyearbyen Sun Festival,Festival,Q20,Norway,,
fest_Q115236262,fest_Q115236262,Q115236262,internasjonal festival for visuell scenekunst,Internasjonal festival for visuell scenekunst,Festival,Q20,Norway,,
fest_Q108454639,fest_Q108454639,Q108454639,ugioro festival,Ugioro Festival,Festival,Q1033,Nigeria,,
fest_Q108382469,fest_Q108382469,Q108382469,feast of etefia deity festival,Feast of Etefia Deity Festival,Festival,Q1033,Nigeria,,
fest_Q108377759,fest_Q108377759,Q108377759,ariginya festival,Ariginya Festival,Festival,Q1033,Nigeria,,
fest_Q115236273,fest_Q115236273,Q115236273,nonstopfestivalen,Nonstopfestivalen,Festival,Q20,Norway,,
fest_Q111962775,fest_Q111962775,Q111962775,eid al-adha in nigeria,Eid al-Adha in Nigeria,Festival,Q1033,Nigeria,,
fest_Q115236246,fest_Q115236246,Q115236246,den andre teaterfestivalen,Den Andre Teaterfestivalen,Festival,Q20,Norway,,
fest_Q115236246,fest_Q115236246,Q115236246,den andre teaterfestivalen,Den Andre Teaterfestivalen,Festival,Q20,Norway,,
fest_Q108453552,fest_Q108453552,Q108453552,jaci festival,Jaci festival,Festival,Q1033,Nigeria,,
fest_Q108381140,fest_Q108381140,Q108381140,ekong festival,Ekong Festival,Festival,Q1033,Nigeria,,
fest_Q108520130,fest_Q108520130,Q108520130,ikwu ooya or owyi-onyonyi festival,Ikwu Ooya Or Owyi-Onyonyi Festival,Festival,Q1033,Nigeria,,
fest_Q115236248,fest_Q115236248,Q115236248,døves kulturfestival,Døves kulturfestival,Festival,Q20,Norway,,
fest_Q115236283,fest_Q115236283,Q115236283,oslo middelaldermusikkfestival,Oslo Middelaldermusikkfestival,Festival,Q20,Norway,,
fest_Q115236283,fest_Q115236283,Q115236283,oslo middelaldermusikkfestival,Oslo Middelaldermusikkfestival,Festival,Q20,Norway,,
fest_Q110940583,fest_Q110940583,Q110940583,measina festival,Measina Festival,Festival,Q664,New Zealand,,
fest_Q108382193,fest_Q108382193,Q108382193,ekpe outings festival,Ekpe Outings Festival,Festival,Q1033,Nigeria,,
fest_Q115236281,fest_Q115236281,Q115236281,oslo international acting festival,Oslo International Acting Festival,Festival,Q20,Norway,,
fest_Q115236281,fest_Q115236281,Q115236281,oslo international acting festival,Oslo International Acting Festival,Festival,Q20,Norway,,
fest_Q108532165,fest_Q108532165,Q108532165,mzough utiv tiv national day,Mzough U–Tiv (Tiv National Day),Festival,Q1033,Nigeria,,
fest_Q85752118,fest_Q85752118,Q85752118,chinua achebe literary festival,Chinua Achebe Literary Festival,Festival,Q1033,Nigeria,,
fest_Q115236284,fest_Q115236284,Q115236284,oslo rockfestival,Oslo Rockfestival,Festival,Q20,Norway,,
fest_Q115236284,fest_Q115236284,Q115236284,oslo rockfestival,Oslo Rockfestival,Festival,Q20,Norway,,
fest_Q108459979,fest_Q108459979,Q108459979,egbe festival,Egbe festival,Festival,Q1033,Nigeria,,
fest_Q115236237,fest_Q115236237,Q115236237,askerfestivalen,Askerfestivalen,Festival,Q20,Norway,,
fest_Q108380940,fest_Q108380940,Q108380940,njuwa fishing festival,Njuwa Fishing Festival,Festival,Q1033,Nigeria,,
fest_Q108538207,fest_Q108538207,Q108538207,ijoha egbadogwu festival,Ijoha Egbadogwu Festival,Festival,Q1033,Nigeria,,
fest_Q111946570,fest_Q111946570,Q111946570,nativeland,Nativeland,Festival,Q1033,Nigeria,,
fest_Q115236250,fest_Q115236250,Q115236250,fortellerfestivalen,Fortellerfestivalen,Festival,Q20,Norway,,
fest_Q115236250,fest_Q115236250,Q115236250,fortellerfestivalen,Fortellerfestivalen,Festival,Q20,Norway,,
fest_Q115236261,fest_Q115236261,Q115236261,improvofestivalen,Improvofestivalen,Festival,Q20,Norway,,
fest_Q108464023,fest_Q108464023,Q108464023,gani durbar festival,Gani durbar festival,Festival,Q1033,Nigeria,,
fest_Q115222159,fest_Q115222159,Q115222159,ede-aroh festival,Ede-Aroh festival,Festival,Q1033,Nigeria,,
fest_Q115236252,fest_Q115236252,Q115236252,frankofonifestivalen,Frankofonifestivalen,Festival,Q20,Norway,,
fest_Q115236252,fest_Q115236252,Q115236252,frankofonifestivalen,Frankofonifestivalen,Festival,Q20,Norway,,
fest_Q115236275,fest_Q115236275,Q115236275,ny-sirkusfestival,Ny-sirkusfestival,Festival,Q20,Norway,,
fest_Q115236253,fest_Q115236253,Q115236253,fredrikstad internasjonale figurteaterfestival,Fredrikstad Internasjonale Figurteaterfestival,Festival,Q20,Norway,,
fest_Q108451767,fest_Q108451767,Q108451767,oko festival,Oko festival,Festival,Q1033,Nigeria,,
fest_Q108496241,fest_Q108496241,Q108496241,bauchi state festival of arts and culture,Bauchi State Festival of Arts and Culture,Festival,Q1033,Nigeria,,
fest_Q108454577,fest_Q108454577,Q108454577,ukpe festival,Ukpe  Festival,Festival,Q1033,Nigeria,,
fest_Q108532496,fest_Q108532496,Q108532496,indyer festival,Indyer Festival,Festival,Q1033,Nigeria,,
fest_Q108532649,fest_Q108532649,Q108532649,imo 1 mini festival,Imo (1 Mini) Festival,Festival,Q1033,Nigeria,,
fest_Q110820050,fest_Q110820050,Q110820050,jos carnival,Jos Carnival,Festival,Q1033,Nigeria,,
fest_Q108381548,fest_Q108381548,Q108381548,rakange festival,Rakange Festival,Festival,Q1033,Nigeria,,
fest_Q108485724,fest_Q108485724,Q108485724,mmanwu masqurade festival,Mmanwu (masqurade festival),Festival,Q1033,Nigeria,,
fest_Q108453845,fest_Q108453845,Q108453845,odun ijesu new yam festival,Odun ijesu (new yam festival),Festival,Q1033,Nigeria,,
fest_Q108469900,fest_Q108469900,Q108469900,ogani festival,Ogani Festival,Festival,Q1033,Nigeria,,
fest_Q108380057,fest_Q108380057,Q108380057,phuki festival,Phuki Festival,Festival,Q1033,Nigeria,,
fest_Q108470727,fest_Q108470727,Q108470727,agan festival,Agan festival,Festival,Q1033,Nigeria,,
fest_Q108527279,fest_Q108527279,Q108527279,odumu festival,Odumu Festival,Festival,Q1033,Nigeria,,
fest_Q108380569,fest_Q108380569,Q108380569,ahiajoku festival,Ahiajoku festival,Festival,Q1033,Nigeria,,
fest_Q108532356,fest_Q108532356,Q108532356,kwagh-hir festival,Kwagh-Hir Festival,Festival,Q1033,Nigeria,,
fest_Q115236238,fest_Q115236238,Q115236238,barnas kulturfestival på kalvøya,Barnas Kulturfestival på Kalvøya,Festival,Q20,Norway,,
fest_Q108459490,fest_Q108459490,Q108459490,okosa fishing festival,Okosa fishing festival,Festival,Q1033,Nigeria,,
fest_Q108457485,fest_Q108457485,Q108457485,usoro ekpo festival,Usoro Ekpo festival,Festival,Q1033,Nigeria,,
fest_Q108527055,fest_Q108527055,Q108527055,ujor festival,Ujor Festival,Festival,Q1033,Nigeria,,
fest_Q108381459,fest_Q108381459,Q108381459,idumangi festival,Idumangi Festival,Festival,Q1033,Nigeria,,
fest_Q108485995,fest_Q108485995,Q108485995,odo festival,Odo festival,Festival,Q1033,Nigeria,,
fest_Q108493902,fest_Q108493902,Q108493902,iso awa-itam feast festival,Iso Awa-Itam feast festival,Festival,Q1033,Nigeria,,
fest_Q108480754,fest_Q108480754,Q108480754,mfuuho festival,Mfuuho festival,Festival,Q1033,Nigeria,,
fest_Q108441987,fest_Q108441987,Q108441987,efu festival,Efu festival,Festival,Q1033,Nigeria,,
fest_Q108392609,fest_Q108392609,Q108392609,nwonyo fishing festival,Nwonyo Fishing Festival,Festival,Q1033,Nigeria,,
fest_Q108525904,fest_Q108525904,Q108525904,circumcision feast of gezawa people,Circumcision Feast of Gezawa People,Festival,Q1033,Nigeria,,
fest_Q115236240,fest_Q115236240,Q115236240,barneteaterfestivalen,BarneteaterFestivalen,Festival,Q20,Norway,,
fest_Q108537958,fest_Q108537958,Q108537958,echi festival,Echi festival,Festival,Q1033,Nigeria,,
fest_Q108377525,fest_Q108377525,Q108377525,omabe festival,Omabe Festival,Festival,Q1033,Nigeria,,
fest_Q108452743,fest_Q108452743,Q108452743,igu aro,Igu aro,Festival,Q1033,Nigeria,,
fest_Q115236259,fest_Q115236259,Q115236259,ibsenfestivalen i skien,Ibsenfestivalen i Skien,Festival,Q20,Norway,,
fest_Q115236241,fest_Q115236241,Q115236241,bastard - trondheim internasjonale scenekunstfestival,Bastard - Trondheim internasjonale scenekunstfestival,Festival,Q20,Norway,,
fest_Q115236241,fest_Q115236241,Q115236241,bastard - trondheim internasjonale scenekunstfestival,Bastard - Trondheim internasjonale scenekunstfestival,Festival,Q20,Norway,,
fest_Q108496481,fest_Q108496481,Q108496481,lake efi fishing festival,Lake Efi Fishing Festival,Festival,Q1033,Nigeria,,
fest_Q108822163,fest_Q108822163,Q108822163,gtbank food and drink festival,GTBank Food and Drink Festival,Festival,Q1033,Nigeria,,
fest_Q108336614,fest_Q108336614,Q108336614,oronna festival,Oronna Festival,Festival,Q1033,Nigeria,,
fest_Q108497000,fest_Q108497000,Q108497000,odemimom festival,Odemimom Festival,Festival,Q1033,Nigeria,,
fest_Q115219268,fest_Q115219268,Q115219268,ekpe cultural festival,Ekpe Cultural Festival,Festival,Q1033,Nigeria,,
fest_Q108434741,fest_Q108434741,Q108434741,tuk-ham festival,Tuk-ham festival,Festival,Q1033,Nigeria,,
fest_Q107657194,fest_Q107657194,Q107657194,aba festival igarra,"ABA Festival, Igarra",Festival,Q1033,Nigeria,,
fest_Q108381943,fest_Q108381943,Q108381943,gaorgaram fishing and cultural festival,Gaorgaram Fishing and cultural Festival,Festival,Q1033,Nigeria,,
fest_Q104858415,fest_Q104858415,Q104858415,ayet atyap annual cultural festival,Ayet Atyap annual cultural festival,Festival,Q1033,Nigeria,,
fest_Q108454536,fest_Q108454536,Q108454536,adane-okpe festival,Adane-Okpe Festival,Festival,Q1033,Nigeria,,
fest_Q115236295,fest_Q115236295,Q115236295,stavanger internasjonale litteraturfestival,Stavanger internasjonale litteraturfestival,Festival,Q20,Norway,,
fest_Q108314956,fest_Q108314956,Q108314956,imo awka festival,Imo Awka festival,Festival,Q1033,Nigeria,,
fest_Q108470714,fest_Q108470714,Q108470714,eluku,Eluku,Festival,Q1033,Nigeria,,
fest_Q108482211,fest_Q108482211,Q108482211,ugie-ododuaaguosafestival,Ugie-Ododua(Aguosa)Festival,Festival,Q1033,Nigeria,,
fest_Q108459637,fest_Q108459637,Q108459637,kallon kuwa festival,Kallon kuwa festival,Festival,Q1033,Nigeria,,
fest_Q108526405,fest_Q108526405,Q108526405,richu festival,Richu Festival,Festival,Q1033,Nigeria,,
fest_Q108482343,fest_Q108482343,Q108482343,ugivie festival,Ugivie festival,Festival,Q1033,Nigeria,,
fest_Q108403159,fest_Q108403159,Q108403159,sharo festival,Sharo Festival,Festival,Q1033,Nigeria,,
fest_Q108295169,fest_Q108295169,Q108295169,kwete cultural festival,Kwete Cultural Festival,Festival,Q1033,Nigeria,,
fest_Q131329790,fest_Q85797064,Q85797064,rhythm unplugged,Rhythm Unplugged,Festival,Q1033,Nigeria,,
fest_Q104845866,fest_Q104845866,Q104845866,lagos book and art festival,Lagos Book and Art Festival,Festival,Q1033,Nigeria,,
fest_Q108494193,fest_Q108494193,Q108494193,nkuku atan festival,Nkuku Atan festival,Festival,Q1033,Nigeria,,
fest_Q108382406,fest_Q108382406,Q108382406,eset ise feast festival,Eset (Ise) Feast Festival,Festival,Q1033,Nigeria,,
fest_Q115236249,fest_Q115236249,Q115236249,fagerborg orgelfestival,Fagerborg Orgelfestival,Festival,Q20,Norway,,
fest_Q115236249,fest_Q115236249,Q115236249,fagerborg orgelfestival,Fagerborg Orgelfestival,Festival,Q20,Norway,,
fest_Q108366016,fest_Q108366016,Q108366016,kayo-kayo festival,Kayo-Kayo Festival,Festival,Q1033,Nigeria,,
fest_Q108459074,fest_Q108459074,Q108459074,oguberi festival,Oguberi festival,Festival,Q1033,Nigeria,,
fest_Q117087479,fest_Q117087479,Q117087479,motoffentlighet,MOToffentlighet,Festival,Q20,Norway,,
fest_Q117087479,fest_Q117087479,Q117087479,motoffentlighet,MOToffentlighet,Festival,Q20,Norway,,
fest_Q117087514,fest_Q117087514,Q117087514,sunndal kulturfestival,Sunndal Kulturfestival,Festival,Q20,Norway,,
fest_Q115236279,fest_Q115236279,Q115236279,oslo internasjonale teaterfestival,Oslo Internasjonale Teaterfestival,Festival,Q20,Norway,,
fest_Q115236279,fest_Q115236279,Q115236279,oslo internasjonale teaterfestival,Oslo Internasjonale Teaterfestival,Festival,Q20,Norway,,
fest_Q130271264,fest_Q130271264,Q130271264,igede agba,Igede Agba,Festival,Q1033,Nigeria,,
fest_Q117087497,fest_Q117087497,Q117087497,barents spektakel,Barents Spektakel,Festival,Q20,Norway,,
fest_Q115236300,fest_Q115236300,Q115236300,tekstlab scratch festival,TekstLab Scratch Festival,Festival,Q20,Norway,,
fest_Q115236300,fest_Q115236300,Q115236300,tekstlab scratch festival,TekstLab Scratch Festival,Festival,Q20,Norway,,
fest_Q117087486,fest_Q117087486,Q117087486,upop-dager,Upop-dager,Festival,Q20,Norway,,
fest_Q117087504,fest_Q117087504,Q117087504,theatre café festival,Theatre Café Festival,Festival,Q20,Norway,,
fest_Q117087544,fest_Q117087544,Q117087544,resonans,Resonans,Festival,Q20,Norway,,
fest_Q117087482,fest_Q117087482,Q117087482,den internasjonale fosse-festivalen,Den internasjonale Fosse-festivalen,Festival,Q20,Norway,,
fest_Q117087525,fest_Q117087525,Q117087525,politisk korrekt teaterfestival,Politisk korrekt teaterfestival,Festival,Q20,Norway,,
fest_Q115236265,fest_Q115236265,Q115236265,kulturfestivalen,Kulturfestivalen,Festival,Q20,Norway,,
fest_Q117087463,fest_Q117087463,Q117087463,heddadagene,Heddadagene,Festival,Q20,Norway,,
fest_Q117087463,fest_Q117087463,Q117087463,heddadagene,Heddadagene,Festival,Q20,Norway,,
fest_Q117087474,fest_Q117087474,Q117087474,vårscenefest,Vårscenefest,Festival,Q20,Norway,,
fest_Q117087535,fest_Q117087535,Q117087535,sommerkvark,Sommerkvark,Festival,Q20,Norway,,
fest_Q117087551,fest_Q117087551,Q117087551,wergelandsfesten,Wergelandsfesten,Festival,Q20,Norway,,
fest_Q117087547,fest_Q117087547,Q117087547,scene nord 96,Scene Nord 96,Festival,Q20,Norway,,
fest_Q115236286,fest_Q115236286,Q115236286,propellen dramatikkfestival,Propellen Dramatikkfestival,Festival,Q20,Norway,,
fest_Q115236286,fest_Q115236286,Q115236286,propellen dramatikkfestival,Propellen Dramatikkfestival,Festival,Q20,Norway,,
fest_Q115236302,fest_Q115236302,Q115236302,ungdomsfestivalen,Ungdomsfestivalen,Festival,Q20,Norway,,
fest_Q115236302,fest_Q115236302,Q115236302,ungdomsfestivalen,Ungdomsfestivalen,Festival,Q20,Norway,,
fest_Q117087490,fest_Q117087490,Q117087490,bodø biennale,Bodø Biennale,Festival,Q20,Norway,,
fest_Q115236301,fest_Q115236301,Q115236301,trondheim barneteaterfestival,Trondheim Barneteaterfestival,Festival,Q20,Norway,,
fest_Q115236301,fest_Q115236301,Q115236301,trondheim barneteaterfestival,Trondheim Barneteaterfestival,Festival,Q20,Norway,,
fest_Q117087521,fest_Q117087521,Q117087521,human,HUMAN,Festival,Q20,Norway,,
fest_Q117087521,fest_Q117087521,Q117087521,human,HUMAN,Festival,Q20,Norway,,
fest_Q117087536,fest_Q117087536,Q117087536,fellessentralen art event,Fellessentralen Art Event,Festival,Q20,Norway,,
fest_Q117087536,fest_Q117087536,Q117087536,fellessentralen art event,Fellessentralen Art Event,Festival,Q20,Norway,,
fest_Q131323934,fest_Q131323934,Q131323934,nations rhythm festival,Nations Rhythm Festival,Festival,Q1033,Nigeria,,
fest_Q131327649,fest_Q131327649,Q131327649,osun-osogbo festival,Osun-Osogbo festival,Festival,Q1033,Nigeria,,
fest_Q117087467,fest_Q117087467,Q117087467,norge danser,Norge Danser,Festival,Q20,Norway,,
fest_Q117087467,fest_Q117087467,Q117087467,norge danser,Norge Danser,Festival,Q20,Norway,,
fest_Q117087491,fest_Q117087491,Q117087491,siste operamåned,Siste Operamåned,Festival,Q20,Norway,,
fest_Q117087491,fest_Q117087491,Q117087491,siste operamåned,Siste Operamåned,Festival,Q20,Norway,,
fest_Q125870048,fest_Q125870048,Q125870048,fæsterålen,Fæsterålen,Festival,Q20,Norway,,
fest_Q117087543,fest_Q117087543,Q117087543,spekterfestivalen,Spekterfestivalen,Festival,Q20,Norway,,
fest_Q130751845,fest_Q130751845,Q130751845,gwo-gwo festival,Gwo-Gwo Festival,Festival,Q1033,Nigeria,,
fest_Q117087523,fest_Q117087523,Q117087523,tromsø jazzfestival,Tromsø Jazzfestival,Festival,Q20,Norway,,
fest_Q115236294,fest_Q115236294,Q115236294,soria laboratoria festival,Soria Laboratoria Festival,Festival,Q20,Norway,,
fest_Q115236294,fest_Q115236294,Q115236294,soria laboratoria festival,Soria Laboratoria Festival,Festival,Q20,Norway,,
fest_Q117087489,fest_Q117087489,Q117087489,feelgood week,FeelGood Week,Festival,Q20,Norway,,
fest_Q117087552,fest_Q117087552,Q117087552,småkunstfestivalen,Småkunstfestivalen,Festival,Q20,Norway,,
fest_Q117087552,fest_Q117087552,Q117087552,småkunstfestivalen,Småkunstfestivalen,Festival,Q20,Norway,,
fest_Q117087475,fest_Q117087475,Q117087475,maraton - 86,Maraton - 86,Festival,Q20,Norway,,
fest_Q117087475,fest_Q117087475,Q117087475,maraton - 86,Maraton - 86,Festival,Q20,Norway,,
fest_Q115236256,fest_Q115236256,Q115236256,frie gruppers festival,Frie Gruppers Festival,Festival,Q20,Norway,,
fest_Q115236256,fest_Q115236256,Q115236256,frie gruppers festival,Frie Gruppers Festival,Festival,Q20,Norway,,
fest_Q117087502,fest_Q117087502,Q117087502,electra '96,Electra '96,Festival,Q20,Norway,,
fest_Q131328999,fest_Q131328999,Q131328999,lagosphoto festival,LagosPhoto Festival,Festival,Q1033,Nigeria,,
fest_Q117087492,fest_Q117087492,Q117087492,kattas fest,Kattas Fest,Festival,Q20,Norway,,
fest_Q131323920,fest_Q131323920,Q131323920,bala baraa ma jalam cultural festival,Bala Baraa Ma Jalam Cultural festival,Festival,Q1033,Nigeria,,
fest_Q115236266,fest_Q115236266,Q115236266,lille - en barneteaterfestival,LiLLE - en barneteaterfestival,Festival,Q20,Norway,,
fest_Q115236267,fest_Q115236267,Q115236267,molde internasjonale jazz festival,Molde Internasjonale Jazz Festival,Festival,Q20,Norway,,
fest_Q117087548,fest_Q117087548,Q117087548,dyrsku'n folkefest,Dyrsku'n Folkefest,Festival,Q20,Norway,,
fest_Q130751456,fest_Q130751456,Q130751456,ede opoto festival,Ede Opoto festival,Festival,Q1033,Nigeria,,
fest_Q115236268,fest_Q115236268,Q115236268,monofon monologfestival,Monofon Monologfestival,Festival,Q20,Norway,,
fest_Q115236304,fest_Q115236304,Q115236304,unima norges jubileumsfestival,Unima Norges Jubileumsfestival,Festival,Q20,Norway,,
fest_Q115236304,fest_Q115236304,Q115236304,unima norges jubileumsfestival,Unima Norges Jubileumsfestival,Festival,Q20,Norway,,
fest_Q117087477,fest_Q117087477,Q117087477,markedet for scenekunst,Markedet for scenekunst,Festival,Q20,Norway,,
fest_Q117087509,fest_Q117087509,Q117087509,dukketeaterfestival,Dukketeaterfestival,Festival,Q20,Norway,,
fest_Q117087530,fest_Q117087530,Q117087530,kunst i live,Kunst i Live,Festival,Q20,Norway,,
fest_Q117087530,fest_Q117087530,Q117087530,kunst i live,Kunst i Live,Festival,Q20,Norway,,
fest_Q117087512,fest_Q117087512,Q117087512,urban moves,Urban Moves,Festival,Q20,Norway,,
fest_Q117087512,fest_Q117087512,Q117087512,urban moves,Urban Moves,Festival,Q20,Norway,,
fest_Q117087468,fest_Q117087468,Q117087468,festiborg,FESTiBORG,Festival,Q20,Norway,,
fest_Q115236290,fest_Q115236290,Q115236290,rumifestivalen,Rumifestivalen,Festival,Q20,Norway,,
fest_Q115236290,fest_Q115236290,Q115236290,rumifestivalen,Rumifestivalen,Festival,Q20,Norway,,
fest_Q117087556,fest_Q117087556,Q117087556,feminalen,Feminalen,Festival,Q20,Norway,,
fest_Q117087556,fest_Q117087556,Q117087556,feminalen,Feminalen,Festival,Q20,Norway,,
fest_Q117087464,fest_Q117087464,Q117087464,coda,CODA,Festival,Q20,Norway,,
fest_Q117087464,fest_Q117087464,Q117087464,coda,CODA,Festival,Q20,Norway,,
fest_Q117087518,fest_Q117087518,Q117087518,festivalen isogaisa,Festivalen Isogaisa,Festival,Q20,Norway,,
fest_Q117087541,fest_Q117087541,Q117087541,wilde blüten,Wilde Blüten,Festival,Q20,Norway,,
fest_Q117350746,fest_Q117350746,Q117350746,iganmode cultural festival,Iganmode Cultural Festival,Festival,Q1033,Nigeria,1992-01-01,
fest_Q117087553,fest_Q117087553,Q117087553,off-hedda,Off-Hedda,Festival,Q20,Norway,,
fest_Q117087553,fest_Q117087553,Q117087553,off-hedda,Off-Hedda,Festival,Q20,Norway,,
fest_Q117101340,fest_Q117101340,Q117101340,peer gynt as,Peer Gynt AS,Festival,Q20,Norway,,
fest_Q117087480,fest_Q117087480,Q117087480,nordisk forum,Nordisk Forum,Festival,Q20,Norway,,
fest_Q117087480,fest_Q117087480,Q117087480,nordisk forum,Nordisk Forum,Festival,Q20,Norway,,
fest_Q117087511,fest_Q117087511,Q117087511,international puppet theatre festival of barents region,International Puppet Theatre Festival of Barents Region,Festival,Q20,Norway,,
fest_Q117087532,fest_Q117087532,Q117087532,japan 2002,Japan 2002,Festival,Q20,Norway,,
fest_Q117087532,fest_Q117087532,Q117087532,japan 2002,Japan 2002,Festival,Q20,Norway,,
fest_Q117087465,fest_Q117087465,Q117087465,showbox,Showbox,Festival,Q20,Norway,,
fest_Q117087465,fest_Q117087465,Q117087465,showbox,Showbox,Festival,Q20,Norway,,
fest_Q115236278,fest_Q115236278,Q115236278,oslo internasjonale poesi festival,Oslo Internasjonale Poesi Festival,Festival,Q20,Norway,,
fest_Q115236278,fest_Q115236278,Q115236278,oslo internasjonale poesi festival,Oslo Internasjonale Poesi Festival,Festival,Q20,Norway,,
fest_Q131155323,fest_Q131155323,Q131155323,kaiama gaani festival,Kaiama Gaani festival,Festival,Q1033,Nigeria,,
fest_Q115236292,fest_Q115236292,Q115236292,samtidsfestivalen,Samtidsfestivalen,Festival,Q20,Norway,,
fest_Q115236292,fest_Q115236292,Q115236292,samtidsfestivalen,Samtidsfestivalen,Festival,Q20,Norway,,
fest_Q115236276,fest_Q115236276,Q115236276,only connect festival of sound,Only Connect Festival of Sound,Festival,Q20,Norway,,
fest_Q115236276,fest_Q115236276,Q115236276,only connect festival of sound,Only Connect Festival of Sound,Festival,Q20,Norway,,
fest_Q115236285,fest_Q115236285,Q115236285,performancefestival,Performancefestival,Festival,Q20,Norway,,
fest_Q117087487,fest_Q117087487,Q117087487,oslo kulturnatt,Oslo kulturnatt,Festival,Q20,Norway,,
fest_Q117087487,fest_Q117087487,Q117087487,oslo kulturnatt,Oslo kulturnatt,Festival,Q20,Norway,,
fest_Q117087529,fest_Q117087529,Q117087529,kapittel,Kapittel,Festival,Q20,Norway,,
fest_Q115236277,fest_Q115236277,Q115236277,oslo butohfestival,Oslo Butohfestival,Festival,Q20,Norway,,
fest_Q115236277,fest_Q115236277,Q115236277,oslo butohfestival,Oslo Butohfestival,Festival,Q20,Norway,,
fest_Q117087483,fest_Q117087483,Q117087483,icon - international contemporary stage programme,ICON - International Contemporary Stage Programme,Festival,Q20,Norway,,
fest_Q117087483,fest_Q117087483,Q117087483,icon - international contemporary stage programme,ICON - International Contemporary Stage Programme,Festival,Q20,Norway,,
fest_Q117087501,fest_Q117087501,Q117087501,ad libitum,Ad Libitum,Festival,Q20,Norway,,
fest_Q117087501,fest_Q117087501,Q117087501,ad libitum,Ad Libitum,Festival,Q20,Norway,,
fest_Q117087540,fest_Q117087540,Q117087540,en sommernattsdrøm,En Sommernattsdrøm,Festival,Q20,Norway,,
fest_Q117087549,fest_Q117087549,Q117087549,mefjorddagan,Mefjorddagan,Festival,Q20,Norway,,
fest_Q117087508,fest_Q117087508,Q117087508,monsters of reality,Monsters of Reality,Festival,Q20,Norway,,
fest_Q117087508,fest_Q117087508,Q117087508,monsters of reality,Monsters of Reality,Festival,Q20,Norway,,
fest_Q117087538,fest_Q117087538,Q117087538,forteller- og filosofidagene i tvedestrand,Forteller- og Filosofidagene i Tvedestrand,Festival,Q20,Norway,,
fest_Q117087473,fest_Q117087473,Q117087473,høst scena,Høst Scena,Festival,Q20,Norway,,
fest_Q117087500,fest_Q117087500,Q117087500,nordisk solofestival,Nordisk Solofestival,Festival,Q20,Norway,,
fest_Q117087527,fest_Q117087527,Q117087527,møt polsk kultur,Møt polsk kultur,Festival,Q20,Norway,,
fest_Q131324225,fest_Q131324225,Q131324225,the afro street festival,The Afro Street Festival,Festival,Q1033,Nigeria,,
fest_Q130676811,fest_Q130676811,Q130676811,ọganyi festival,Ọganyi Festival,Festival,Q1033,Nigeria,,
fest_Q125553844,fest_Q125553844,Q125553844,mainland blockparty,Mainland BlockParty,Festival,Q1033,Nigeria,,
fest_Q131144253,fest_Q131144253,Q131144253,enugu photo festival,Enugu Photo Festival,Festival,Q1033,Nigeria,,
fest_Q115236254,fest_Q115236254,Q115236254,fri-gruppenes teaterfestival,Fri-Gruppenes Teaterfestival,Festival,Q20,Norway,,
fest_Q117087471,fest_Q117087471,Q117087471,sand-festivalen,SAND-festivalen,Festival,Q20,Norway,,
fest_Q117087545,fest_Q117087545,Q117087545,finnsnes i fest,Finnsnes i Fest,Festival,Q20,Norway,,
fest_Q115236287,fest_Q115236287,Q115236287,rabalderfestivalen i molde,Rabalderfestivalen i Molde,Festival,Q20,Norway,,
fest_Q117087559,fest_Q117087559,Q117087559,minifestival for fridans,Minifestival for fridans,Festival,Q20,Norway,,
fest_Q118874500,fest_Q118874500,Q118874500,ogwu ekpeye,Ogwu Ekpeye,Festival,Q1033,Nigeria,,
fest_Q117101339,fest_Q117101339,Q117101339,ultima,Ultima,Festival,Q20,Norway,,
fest_Q117087522,fest_Q117087522,Q117087522,vinterscenen,Vinterscenen,Festival,Q20,Norway,,
fest_Q117087519,fest_Q117087519,Q117087519,hilmarfestivalen,Hilmarfestivalen,Festival,Q20,Norway,,
fest_Q117087528,fest_Q117087528,Q117087528,metamorf,Meta.Morf,Festival,Q20,Norway,,
fest_Q117087528,fest_Q117087528,Q117087528,metamorf,Meta.Morf,Festival,Q20,Norway,,
fest_Q117087539,fest_Q117087539,Q117087539,jødiske kulturdager oslo,Jødiske Kulturdager Oslo,Festival,Q20,Norway,,
fest_Q117087481,fest_Q117087481,Q117087481,den olympiske kulturfestivalen,Den Olympiske Kulturfestivalen,Festival,Q20,Norway,,
fest_Q117087554,fest_Q117087554,Q117087554,fusk,FUSK,Festival,Q20,Norway,,
fest_Q117087554,fest_Q117087554,Q117087554,fusk,FUSK,Festival,Q20,Norway,,
fest_Q131331025,fest_Q131331025,Q131331025,idoma international carnival,Idoma International Carnival,Festival,Q1033,Nigeria,,
fest_Q117087517,fest_Q117087517,Q117087517,nordiske musikkdager,Nordiske Musikkdager,Festival,Q20,Norway,,
fest_Q117087469,fest_Q117087469,Q117087469,figur i fossekleiva,Figur i Fossekleiva,Festival,Q20,Norway,,
fest_Q117087520,fest_Q117087520,Q117087520,ibsen kulturfestival,Ibsen kulturfestival,Festival,Q20,Norway,,
fest_Q115236291,fest_Q115236291,Q115236291,samieasterfestival,SamiEasterfestival,Festival,Q20,Norway,,
fest_Q130746489,fest_Q130746489,Q130746489,ijakadi festival,Ijakadi Festival,Festival,Q1033,Nigeria,,
fest_Q115236289,fest_Q115236289,Q115236289,ropert - en festival om demokrati,Ropert - En festival om demokrati,Festival,Q20,Norway,,
fest_Q117087531,fest_Q117087531,Q117087531,olav duun festival i jøa,Olav Duun Festival i Jøa,Festival,Q20,Norway,,
fest_Q130751984,fest_Q130751984,Q130751984,ede opoto ukpo festival,Ede Opoto Ukpo Festival,Festival,Q1033,Nigeria,,
fest_Q117087476,fest_Q117087476,Q117087476,sirkuslandsbyen,Sirkuslandsbyen,Festival,Q20,Norway,,
fest_Q117087466,fest_Q117087466,Q117087466,kortreist dansefestival,Kortreist dansefestival,Festival,Q20,Norway,,
fest_Q115236257,fest_Q115236257,Q115236257,høstfestivalen,Høstfestivalen,Festival,Q20,Norway,,
fest_Q117087494,fest_Q117087494,Q117087494,dette er scenekunst for barn og unge,Dette er scenekunst for barn og unge,Festival,Q20,Norway,,
fest_Q117087533,fest_Q117087533,Q117087533,omsklo,Omsklo,Festival,Q20,Norway,,
fest_Q117087533,fest_Q117087533,Q117087533,omsklo,Omsklo,Festival,Q20,Norway,,
fest_Q117087558,fest_Q117087558,Q117087558,frie dansegrupper,Frie dansegrupper,Festival,Q20,Norway,,
fest_Q117087506,fest_Q117087506,Q117087506,prosjekt i gamlebyen,Prosjekt i Gamlebyen,Festival,Q20,Norway,,
fest_Q117087506,fest_Q117087506,Q117087506,prosjekt i gamlebyen,Prosjekt i Gamlebyen,Festival,Q20,Norway,,
fest_Q117087484,fest_Q117087484,Q117087484,figurfestspillene i tønsberg,Figurfestspillene i Tønsberg,Festival,Q20,Norway,,
fest_Q117087546,fest_Q117087546,Q117087546,osafestivalen,Osafestivalen,Festival,Q20,Norway,,
fest_Q117087499,fest_Q117087499,Q117087499,scenetekstivalen,Scenetekstivalen,Festival,Q20,Norway,,
fest_Q117087513,fest_Q117087513,Q117087513,sâmi kultur festivála,Sâmi Kultur Festivála,Festival,Q20,Norway,,
fest_Q117087550,fest_Q117087550,Q117087550,ibsen week,Ibsen Week,Festival,Q20,Norway,,
fest_Q117087550,fest_Q117087550,Q117087550,ibsen week,Ibsen Week,Festival,Q20,Norway,,
fest_Q117087510,fest_Q117087510,Q117087510,den unge garde,Den Unge Garde,Festival,Q20,Norway,,
fest_Q117087510,fest_Q117087510,Q117087510,den unge garde,Den Unge Garde,Festival,Q20,Norway,,
fest_Q117087495,fest_Q117087495,Q117087495,kulturen lever,Kulturen lever,Festival,Q20,Norway,,
fest_Q117087495,fest_Q117087495,Q117087495,kulturen lever,Kulturen lever,Festival,Q20,Norway,,
fest_Q131308696,fest_Q131308696,Q131308696,kamti festival,Kamti festival,Festival,Q1033,Nigeria,,
fest_Q117087498,fest_Q117087498,Q117087498,trondheim internasjonale teaterfestival,Trondheim internasjonale teaterfestival,Festival,Q20,Norway,,
fest_Q117087498,fest_Q117087498,Q117087498,trondheim internasjonale teaterfestival,Trondheim internasjonale teaterfestival,Festival,Q20,Norway,,
fest_Q118875012,fest_Q118875012,Q118875012,ion international film festival,ION International Film Festival,Festival,Q1033,Nigeria,,
fest_Q117087560,fest_Q117087560,Q117087560,operaens sommerfestdager,Operaens Sommerfestdager,Festival,Q20,Norway,,
fest_Q136558775,fest_Q136558775,Q136558775,ravnedalen live,Ravnedalen Live,Festival,Q20,Norway,,
fest_Q115222790,fest_Q115222790,Q115222790,iwa akwa festival,Iwa Akwa Festival,Event,Q1033,Nigeria,,
fest_Q19413737,fest_Q19413737,Q19413737,merino muster,Merino Muster,Festival,Q664,New Zealand,,
fest_Q5128158,fest_Q5128158,Q5128158,classic fighters,Classic Fighters,Festival,Q664,New Zealand,,
fest_Q135407269,fest_Q135407269,Q135407269,ukpleka festival,Ukpleka Festival,Festival,Q1033,Nigeria,,
fest_Q55625214,fest_Q55625214,Q55625214,nigeria college of education games association,Nigeria College of Education Games Association,Festival,Q1033,Nigeria,,
fest_Q120668510,fest_Q120668510,Q120668510,saami parliamentary election,Saami parliamentary election,Festival,Q20,Norway,,
fest_Q135406876,fest_Q135406876,Q135406876,eje-alekwu,Eje-Alekwu,Festival,Q1033,Nigeria,,
fest_Q17001854,fest_Q17001854,Q17001854,erotica expo,Erotica Expo,Festival,Q664,New Zealand,,
fest_Q131431683,fest_Q131431683,Q131431683,odun-osu festival,Odun-Osu Festival,Festival,Q1033,Nigeria,,
fest_Q7562715,fest_Q7562715,Q7562715,soonercon,Soonercon,Festival,Q34863,Oklahoma City,,
fest_Q135406927,fest_Q135406927,Q135406927,ejegembi festival,Ejegembi Festival,Festival,Q1033,Nigeria,,
fest_Q3131556,fest_Q3131556,Q3131556,husebyrennet,Husebyrennet,Festival,Q20,Norway,,
fest_Q139970687,fest_Q139970687,Q139970687,hackathon nicaragua,Hackathon Nicaragua,Festival,Q811,Nicaragua,,
fest_Q131363866,fest_Q131363866,Q131363866,gẹlẹdẹ festival,Gẹlẹdẹ festival,Festival,Q1033,Nigeria,,
fest_Q7978988,fest_Q7978988,Q7978988,webstock,Webstock,Festival,Q664,New Zealand,,
fest_Q130712635,fest_Q130712635,Q130712635,conspiracy,Conspiracy,Festival,Q664,New Zealand,,
fest_Q125486981,fest_Q125486981,Q125486981,wiki loves libraries,Wiki Loves Libraries,Festival,Q1033,Nigeria,,
fest_Q48999067,fest_Q48999067,Q48999067,north korean ghost ships,North Korean ghost ships,Festival,Q423,North Korea,,
fest_Q135337794,fest_Q135337794,Q135337794,swange dance festival,Swange dance festival,Festival,Q1033,Nigeria,,
fest_Q7314396,fest_Q7314396,Q7314396,republic day,Republic Day,Event,Q1032,Niger,,
fest_Q134237795,fest_Q134237795,Q134237795,nollywood travel film festival,Nollywood Travel Film Festival,Festival,Q1033,Nigeria,,
fest_Q136416990,fest_Q136416990,Q136416990,afan national festival 2025,Afan National Festival 2025,Festival,Q1033,Nigeria,,
fest_Q135967026,fest_Q135967026,Q135967026,obaluaye festival ikorodu,Obaluaye Festival Ikorodu,Festival,Q1033,Nigeria,,
fest_Q11994260,fest_Q11994260,Q11994260,oslo world,Oslo World,Festival,Q20,Norway,,
fest_Q11994260,fest_Q11994260,Q11994260,oslo world,Oslo World,Festival,Q20,Norway,,
fest_Q132178869,fest_Q132178869,Q132178869,la fiesta women's festival,La Fiesta Women's Festival,Festival,Q664,New Zealand,,
fest_Q22032108,fest_Q22032108,Q22032108,id dunedin fashion week,iD Dunedin Fashion Week,Festival,Q664,New Zealand,,
fest_Q22032343,fest_Q22032343,Q22032343,oslo forum,Oslo Forum,Festival,Q20,Norway,,
fest_Q18167234,fest_Q18167234,Q18167234,la de da,La De Da,Festival,Q664,New Zealand,,
fest_Q130712838,fest_Q130712838,Q130712838,norcon,Norcon,Festival,Q664,New Zealand,,
fest_Q136401536,fest_Q136401536,Q136401536,lumen prize 2025,Lumen Prize 2025,Festival,Q20,Norway,,
fest_Q7354169,fest_Q7354169,Q7354169,rock2wgtn,Rock2Wgtn,Festival,Q664,New Zealand,,
fest_Q4574407,fest_Q4574407,Q4574407,vossajazz,Vossajazz,Festival,Q20,Norway,1973-01-01,
fest_Q17099563,fest_Q17099563,Q17099563,isfit 2013,ISFiT 2013,Festival,Q20,Norway,2013-02-07,2013-02-17
fest_Q17099563,fest_Q17099563,Q17099563,isfit 2013,ISFiT 2013,Festival,Q20,Norway,2013-02-07,2013-02-17
fest_Q6842616,fest_Q6842616,Q6842616,midnattsrocken,Midnattsrocken,Festival,Q20,Norway,,
fest_Q116884030,fest_Q116884030,Q116884030,nzct chamber music contest,NZCT Chamber Music Contest,Festival,Q664,New Zealand,,
fest_Q31177860,fest_Q31177860,Q31177860,1000-ri journey for learning,"1,000-ri Journey for Learning",Festival,Q423,North Korea,,
fest_Q137670335,fest_Q137670335,Q137670335,karafest,KaraFest,Event,Q1033,Nigeria,,
fest_Q1779329,fest_Q1779329,Q1779329,gullruten,Gullruten,Festival,Q20,Norway,,
fest_Q137591499,fest_Q137591499,Q137591499,port harcourt poetry festival,Port Harcourt Poetry Festival,Festival,Q1033,Nigeria,,
fest_Q135404309,fest_Q135404309,Q135404309,benue book and art festival,Benue Book and Art Festival,Festival,Q1033,Nigeria,,
fest_Q100151828,fest_Q100151828,Q100151828,wikinobel,WikiNobel,Festival,Q20,Norway,,
fest_Q131341049,fest_Q131341049,Q131341049,ofala festival,Ofala Festival,Festival,Q1033,Nigeria,,
fest_Q135407421,fest_Q135407421,Q135407421,rekange festival,Rekange Festival,Festival,Q1033,Nigeria,,
fest_Q712286,fest_Q712286,Q712286,arthur's day,Arthur's Day,Festival,Q1033,Nigeria,,
fest_Q7015537,fest_Q7015537,Q7015537,new zealand national science fiction convention,New Zealand National Science Fiction Convention,Festival,Q664,New Zealand,,
fest_Q115517902,fest_Q115517902,Q115517902,masquerade festival in igboland,Masquerade Festival in Igboland,Festival,Q1033,Nigeria,,
fest_Q24936530,fest_Q24936530,Q24936530,badagry festival,Badagry Festival,Festival,Q1033,Nigeria,,
fest_Q98399879,fest_Q98399879,Q98399879,haugesund walk of fame,Haugesund Walk of Fame,Festival,Q20,Norway,,
fest_Q18343749,fest_Q18343749,Q18343749,port harcourt international fashion week,Port Harcourt International Fashion Week,Festival,Q1033,Nigeria,,
fest_Q135967085,fest_Q135967085,Q135967085,turupu festival ikorodu,Turupu Festival Ikorodu,Festival,Q1033,Nigeria,,
fest_Q135345006,fest_Q135345006,Q135345006,tor tiv coronation festival,Tor tiv coronation festival,Festival,Q1033,Nigeria,,
fest_Q474807,fest_Q474807,Q474807,styrkeprøven,Styrkeprøven,Festival,Q20,Norway,,
fest_Q135404422,fest_Q135404422,Q135404422,ochacho carnival,Ochacho Carnival,Festival,Q1033,Nigeria,,
fest_Q132858901,fest_Q132858901,Q132858901,chong dovetail,Chong Dovetail,Festival,Q1033,Nigeria,,
fest_Q108428837,fest_Q108428837,Q108428837,wiki loves monuments in norway,Wiki Loves Monuments in Norway,Festival,Q20,Norway,,
fest_Q25041528,fest_Q25041528,Q25041528,lagos international trade fair,Lagos International Trade Fair,Festival,Q1033,Nigeria,,
fest_Q1799015,fest_Q1799015,Q1799015,norwegian wood,Norwegian Wood,Festival,Q20,Norway,,
fest_Q23878304,fest_Q23878304,Q23878304,vixen influencer awards,Vixen Influencer Awards,Festival,Q20,Norway,,
fest_Q6664346,fest_Q6664346,Q6664346,local elections in new zealand,Local elections in New Zealand,Festival,Q664,New Zealand,,
fest_Q127646692,fest_Q127646692,Q127646692,first ife festival of the arts,First Ife Festival of the Arts,Festival,Q1033,Nigeria,1968-12-10,1968-12-20
fest_Q135406893,fest_Q135406893,Q135406893,gberichur festival,Gberichur festival,Festival,Q1033,Nigeria,,
fest_Q1783034,fest_Q1783034,Q1783034,idrettsgallaen,Idrettsgallaen,Festival,Q20,Norway,,
fest_Q136417006,fest_Q136417006,Q136417006,afan national festival 2017,Afan National Festival 2017,Festival,Q1033,Nigeria,,
fest_Q65047342,fest_Q65047342,Q65047342,bole festival,Bole festival,Festival,Q1033,Nigeria,2016-01-01,
fest_Q130712632,fest_Q130712632,Q130712632,conquest,Conquest,Festival,Q664,New Zealand,,
fest_Q135337824,fest_Q135337824,Q135337824,ugboju masquerade festival,Ugboju masquerade festival,Festival,Q1033,Nigeria,,
fest_Q7996499,fest_Q7996499,Q7996499,whitianga festival of speed,Whitianga Festival of Speed,Festival,Q664,New Zealand,,
fest_Q17750658,fest_Q17750658,Q17750658,bodø jazz open,Bodø Jazz Open,Festival,Q20,Norway,2010-01-01,
fest_Q134984693,fest_Q134984693,Q134984693,flytime fest,Flytime Fest,Festival,Q1033,Nigeria,,
fest_Q137406485,fest_Q137406485,Q137406485,african pride accelerated,African Pride Accelerated,Festival,Q1033,Nigeria,,
fest_Q5033619,fest_Q5033619,Q5033619,canterbury ap show,Canterbury A&P Show,Festival,Q664,New Zealand,,
fest_Q123143807,fest_Q123143807,Q123143807,eniobanke music festival,EniObanke Music Festival,Festival,Q1033,Nigeria,,
fest_Q24189367,fest_Q24189367,Q24189367,new zealand fringe festival,New Zealand Fringe Festival,Festival,Q664,New Zealand,,
fest_Q24189367,fest_Q24189367,Q24189367,new zealand fringe festival,New Zealand Fringe Festival,Festival,Q664,New Zealand,,
fest_Q1781220,fest_Q1781220,Q1781220,cold response,Cold Response,Festival,Q20,Norway,,
fest_Q136471747,fest_Q136471747,Q136471747,new zealand fungal foray,New Zealand Fungal Foray,Festival,Q664,New Zealand,,
fest_Q16825873,fest_Q16825873,Q16825873,africa magic viewers' choice awards,Africa Magic Viewers' Choice Awards,Festival,Q1033,Nigeria,,
fest_Q16069051,fest_Q16069051,Q16069051,tour of canterbury,Tour of Canterbury,Festival,Q664,New Zealand,,
fest_Q11991873,fest_Q11991873,Q11991873,nordlysfestivalen,Nordlysfestivalen,Festival,Q20,Norway,1987-01-01,
fest_Q18085526,fest_Q18085526,Q18085526,bw summer festival,BW Summer Festival,Festival,Q664,New Zealand,,
fest_Q108113158,fest_Q108113158,Q108113158,ito ogbo festival,Ito Ogbo festival,Festival,Q1033,Nigeria,,
fest_Q108400705,fest_Q108400705,Q108400705,1 pm press conference,1 pm press conference,Festival,Q664,New Zealand,,
fest_Q136417013,fest_Q136417013,Q136417013,afan national festival 2020,Afan National Festival 2020,Festival,Q1033,Nigeria,,
fest_Q124255692,fest_Q124255692,Q124255692,boxing day test,Boxing Day Test,Festival,Q664,New Zealand,,
fest_Q133752663,fest_Q133752663,Q133752663,opobo nwaotam festival,Opobo Nwaotam Festival,Festival,Q1033,Nigeria,,
fest_Q7743963,fest_Q7743963,Q7743963,the kanon award,The Kanon Award,Festival,Q20,Norway,,
fest_Q7743963,fest_Q7743963,Q7743963,the kanon award,The Kanon Award,Festival,Q20,Norway,,
fest_Q137362701,fest_Q137362701,Q137362701,kano durbar festival,Kano Durbar Festival,Festival,Q1033,Nigeria,,
fest_Q112631873,fest_Q112631873,Q112631873,norcon,Norcon,Festival,Q20,Norway,,
fest_Q131340804,fest_Q131340804,Q131340804,nupe day celebration,Nupe Day Celebration,Festival,Q1033,Nigeria,,
fest_Q5099348,fest_Q5099348,Q5099348,chimera,Chimera,Festival,Q664,New Zealand,,
fest_Q48814326,fest_Q48814326,Q48814326,nigeria private university games association,Nigeria Private University Games Association,Festival,Q1033,Nigeria,,
fest_Q135404473,fest_Q135404473,Q135404473,imo benue festival,Imo  Benue Festival,Festival,Q1033,Nigeria,,
fest_Q130712641,fest_Q130712641,Q130712641,context,Context,Festival,Q664,New Zealand,,
fest_Q6418915,fest_Q6418915,Q6418915,kiwiburn,Kiwiburn,Festival,Q664,New Zealand,,
fest_Q134584395,fest_Q134584395,Q134584395,ngāti kahungunu waitangi day event 2025,Ngāti Kahungunu Waitangi Day event 2025,Festival,Q664,New Zealand,,
fest_Q48989737,fest_Q48989737,Q48989737,hayati fashion week,Hayati Fashion Week,Festival,Q1033,Nigeria,2017-07-20,
fest_Q112660236,fest_Q112660236,Q112660236,contretemps,Con*Tretemps,Festival,Q43199,Omaha,,
fest_Q130503642,fest_Q130503642,Q130503642,otago goldfields cavalcade,Otago Goldfields Cavalcade,Festival,Q664,New Zealand,,
fest_Q7107037,fest_Q7107037,Q7107037,oslo operaball,Oslo Operaball,Festival,Q20,Norway,,
fest_Q135404066,fest_Q135404066,Q135404066,adu festival,Adu Festival,Festival,Q1033,Nigeria,,
fest_Q55625216,fest_Q55625216,Q55625216,nigeria polytechnic games association,Nigeria Polytechnic Games Association,Festival,Q1033,Nigeria,,
fest_Q29017863,fest_Q29017863,Q29017863,wonsan international friendship air festival,Wonsan International Friendship Air Festival,Festival,Q423,North Korea,,
fest_Q11957777,fest_Q11957777,Q11957777,anjazz,AnJazz,Festival,Q20,Norway,2005-01-01,
fest_Q12302690,fest_Q12302690,Q12302690,shadowcon,ShadowCon,Festival,Q20,Norway,,
fest_Q12302690,fest_Q12302690,Q12302690,shadowcon,ShadowCon,Festival,Q20,Norway,,
fest_Q116972912,fest_Q116972912,Q116972912,the shed collective farmers market,The Shed Collective Farmers’ Market,Festival,Q664,New Zealand,,
fest_Q25045221,fest_Q25045221,Q25045221,lagos creative industry fair,Lagos Creative Industry Fair,Festival,Q1033,Nigeria,,
fest_Q7456091,fest_Q7456091,Q7456091,sesqui 1990,Sesqui 1990,Festival,Q664,New Zealand,,
fest_Q7456091,fest_Q7456091,Q7456091,sesqui 1990,Sesqui 1990,Festival,Q664,New Zealand,,
fest_Q48816649,fest_Q48816649,Q48816649,cubadupa,CubaDupa,Festival,Q664,New Zealand,,
fest_Q7015254,fest_Q7015254,Q7015254,new zealand census of population and dwellings,New Zealand Census of Population and Dwellings,Festival,Q664,New Zealand,,
fest_Q18343734,fest_Q18343734,Q18343734,port harcourt book festival,Port Harcourt Book Festival,Festival,Q1033,Nigeria,2008-01-01,
fest_Q132757428,fest_Q132757428,Q132757428,afan national festival 2024,Afan National Festival 2024,Festival,Q1033,Nigeria,,
fest_Q130712620,fest_Q130712620,Q130712620,conclave,Conclave,Festival,Q664,New Zealand,,
fest_Q16733752,fest_Q16733752,Q16733752,lagos countdown,Lagos Countdown,Festival,Q1033,Nigeria,,
fest_Q116884026,fest_Q116884026,Q116884026,wales bank school music contest,Wales Bank School Music Contest,Festival,Q664,New Zealand,,
fest_Q120547552,fest_Q120547552,Q120547552,eurovision young musicians 2024,Eurovision Young Musicians 2024,Festival,Q20,Norway,,
fest_Q131437821,fest_Q131437821,Q131437821,eyibi festival,Eyibi Festival,Festival,Q1033,Nigeria,,
fest_Q130713478,fest_Q130713478,Q130713478,science fiction research association conference,Science Fiction Research Association Conference,Festival,Q20,Norway,,
fest_Q130713478,fest_Q130713478,Q130713478,science fiction research association conference,Science Fiction Research Association Conference,Festival,Q20,Norway,,
fest_Q19384809,fest_Q19384809,Q19384809,oslo fashion week,Oslo Fashion Week,Festival,Q20,Norway,,
fest_Q6537933,fest_Q6537933,Q6537933,lexus song quest,Lexus Song Quest,Festival,Q664,New Zealand,,
fest_Q139721083,fest_Q139721083,Q139721083,wiki loves earth 2026 in the middle belt,Wiki Loves Earth 2026 in the Middle Belt,Festival,Q1033,Nigeria,2026-06-01,2026-06-30
fest_Q135403874,fest_Q135403874,Q135403874,kyegh sha ishwa chicken with sesame,Kyegh Sha Ishwa (Chicken with Sesame),Festival,Q1033,Nigeria,,
fest_Q106602898,fest_Q106602898,Q106602898,maghreb-orient des livres,Maghreb-Orient des livres,Festival,Q90,Paris,,
fest_Q26623738,fest_Q26623738,Q26623738,buddha unfolding festival,Buddha Unfolding Festival,Event,Q148,People's Republic of China,,
fest_Q39285597,fest_Q39285597,Q39285597,beechfest,Beechfest,Festival,Q1930,Ottawa,,
fest_Q124892346,fest_Q124892346,Q124892346,safa cultural festival,Safa Cultural Festival,Festival,Q219060,Palestine,,
fest_Q71692193,fest_Q71692193,Q71692193,suriname jazz festival,Suriname Jazz Festival,Festival,Q3001,Paramaribo,,
fest_Q71692193,fest_Q71692193,Q71692193,suriname jazz festival,Suriname Jazz Festival,Festival,Q3001,Paramaribo,,
fest_Q16647418,fest_Q16647418,Q16647418,diaghilev festival,Diaghilev Festival,Festival,Q915,Perm,,
fest_Q16647418,fest_Q16647418,Q16647418,diaghilev festival,Diaghilev Festival,Festival,Q915,Perm,,
fest_Q7973217,fest_Q7973217,Q7973217,water-sprinkling festival,Water-Sprinkling Festival,Festival,Q148,People's Republic of China,,
fest_Q25212806,fest_Q25212806,Q25212806,chrysanthemum festival,Chrysanthemum Festival,Festival,Q148,People's Republic of China,,
fest_Q112185961,fest_Q112185961,Q112185961,performanceprocess 2015,PerformanceProcess 2015,Festival,Q90,Paris,,
fest_Q136336724,fest_Q136336724,Q136336724,national defense education day,National Defense Education Day,Festival,Q148,People's Republic of China,,
fest_Q18394860,fest_Q18394860,Q18394860,tsing yi bamboo theatre,Tsing Yi Bamboo Theatre,Festival,Q148,People's Republic of China,,
fest_Q36381219,fest_Q36381219,Q36381219,jamday,Jamday,Festival,Q1930,Ottawa,,
fest_Q64692754,fest_Q64692754,Q64692754,capital vélo fest,Capital Vélo Fest,Festival,Q1930,Ottawa,,
fest_Q124900549,fest_Q124900549,Q124900549,mihrajān al-raqṣ al-muʻāṣir,Mihrajān al-Raqṣ al-muʻāṣir,Festival,Q219060,Palestine,,
fest_Q124900549,fest_Q124900549,Q124900549,mihrajān al-raqṣ al-muʻāṣir,Mihrajān al-Raqṣ al-muʻāṣir,Festival,Q219060,Palestine,,
fest_Q118113506,fest_Q118113506,Q118113506,international workers day in peru 2023,International Workers´ Day in Peru 2023,Event,Q419,Peru,,
fest_Q64731302,fest_Q64731302,Q64731302,ottawa psych fest ii,Ottawa Psych Fest II,Festival,Q1930,Ottawa,2019-06-28,2019-06-30
fest_Q5358393,fest_Q5358393,Q5358393,qingdao international beer festival,Qingdao International Beer Festival,Festival,Q148,People's Republic of China,,
fest_Q64692614,fest_Q64692614,Q64692614,canadian stone carving festival,Canadian Stone Carving Festival,Festival,Q1930,Ottawa,,
fest_Q65060295,fest_Q65060295,Q65060295,the miao flower mountain festival,The Miao Flower Mountain Festival,Festival,Q148,People's Republic of China,,
fest_Q94971990,fest_Q94971990,Q94971990,nanning international folk song arts festival,Nanning International Folk Song Arts Festival,Festival,Q148,People's Republic of China,,
fest_Q17499286,fest_Q17499286,Q17499286,yulin festival and dog meat consumption in china,Yulin Festival and Dog meat Consumption in China,Festival,Q148,People's Republic of China,,
fest_Q3070814,fest_Q3070814,Q3070814,trujillo spring festival,Trujillo Spring Festival,Festival,Q419,Peru,,
fest_Q119265974,fest_Q119265974,Q119265974,palestine cinema days,Palestine Cinema Days,Festival,Q219060,Palestine,,
fest_Q119265974,fest_Q119265974,Q119265974,palestine cinema days,Palestine Cinema Days,Festival,Q219060,Palestine,,
fest_Q66810060,fest_Q66810060,Q66810060,surifesta,Surifesta,Festival,Q3001,Paramaribo,,
fest_Q66810060,fest_Q66810060,Q66810060,surifesta,Surifesta,Festival,Q3001,Paramaribo,,
fest_Q117714294,fest_Q117714294,Q117714294,kongpo losar,Kongpo Losar,Festival,Q148,People's Republic of China,,
fest_Q7260268,fest_Q7260268,Q7260268,punjab international sports festival,Punjab International Sports Festival,Festival,Q843,Pakistan,,
fest_Q5447343,fest_Q5447343,Q5447343,fiestas patrias,Fiestas Patrias,Event,Q419,Peru,,
fest_Q48927765,fest_Q48927765,Q48927765,chinese doctor's day,Chinese Doctor's Day,Festival,Q148,People's Republic of China,,
fest_Q10322114,fest_Q10322114,Q10322114,àm-hóng,àm-hóng,Event,Q148,People's Republic of China,,
fest_Q98923468,fest_Q98923468,Q98923468,jashan-e-qaqlasht,Jashan-e-Qaqlasht,Festival,Q843,Pakistan,,
fest_Q934278,fest_Q934278,Q934278,international ballet festival of trujillo,International Ballet Festival of Trujillo,Festival,Q419,Peru,,
fest_Q105732646,fest_Q105732646,Q105732646,forest of reading festival,Forest of Reading Festival,Festival,Q1930,Ottawa,,
fest_Q125082077,fest_Q125082077,Q125082077,rozana festival,Rozana Festival,Festival,Q219060,Palestine,,
fest_Q136210972,fest_Q136210972,Q136210972,yarlung tsangpo shuizangtai,Yarlung Tsangpo Shuizangtai,Event,Q148,People's Republic of China,,
fest_Q117218923,fest_Q117218923,Q117218923,third month fair,Third Month Fair,Festival,Q148,People's Republic of China,,
fest_Q125026619,fest_Q125026619,Q125026619,cherry festival,Cherry festival,Festival,Q219060,Palestine,,
fest_Q3074886,fest_Q3074886,Q3074886,mistura,Mistura,Festival,Q419,Peru,2008-01-01,2017-01-01
fest_Q42425905,fest_Q42425905,Q42425905,sindh literature festival,Sindh Literature Festival,Festival,Q843,Pakistan,,
fest_Q5364492,fest_Q5364492,Q5364492,longtaitou festival,Longtaitou Festival,Festival,Q148,People's Republic of China,,
fest_Q10955077,fest_Q10955077,Q10955077,hanyijie,hanyijie,Festival,Q148,People's Republic of China,,
fest_Q137554391,fest_Q137554391,Q137554391,llama ch'uyay,Llama Ch'uyay,Event,Q419,Peru,,
fest_Q99211395,fest_Q99211395,Q99211395,peruvian medicine day,Peruvian Medicine Day,Event,Q419,Peru,,
fest_Q10872057,fest_Q10872057,Q10872057,proclamation of the people's republic of china,proclamation of the People's Republic of China,Event,Q148,People's Republic of China,,
fest_Q14931580,fest_Q14931580,Q14931580,chinese mid-autumn festival,Chinese Mid-Autumn Festival,Festival,Q148,People's Republic of China,,
fest_Q2879997,fest_Q2879997,Q2879997,baishi,baishi,Event,Q148,People's Republic of China,,
fest_Q65432529,fest_Q65432529,Q65432529,namgang,Namgang,Festival,Q148,People's Republic of China,,
fest_Q43734999,fest_Q43734999,Q43734999,jinhua hutou dog meat festival,Jinhua Hutou Dog Meat Festival,Festival,Q148,People's Republic of China,,
fest_Q7267893,fest_Q7267893,Q7267893,qintong boat festival,Qintong Boat Festival,Festival,Q148,People's Republic of China,,
fest_Q124945479,fest_Q124945479,Q124945479,sabastia tourism and heritage festival,Sabastia Tourism and Heritage Festival,Festival,Q219060,Palestine,,
fest_Q15311343,fest_Q15311343,Q15311343,dragon boat festival,Dragon Boat Festival,Festival,Q148,People's Republic of China,,
fest_Q64597076,fest_Q64597076,Q64597076,glowfair festival,Glowfair festival,Festival,Q1930,Ottawa,,
fest_Q3804600,fest_Q3804600,Q3804600,iuma,Iuma,Event,Q419,Peru,,
fest_Q125122112,fest_Q125122112,Q125122112,red carpet film festival,Red Carpet Film Festival,Festival,Q219060,Palestine,,
fest_Q1590995,fest_Q1590995,Q1590995,championnat international de jeux mathématiques et logiques,Championnat International de Jeux Mathématiques et Logiques,Festival,Q90,Paris,,
fest_Q1254268,fest_Q1254268,Q1254268,duanwu festival,Duanwu Festival,Festival,Q148,People's Republic of China,,
fest_Q1254268,fest_Q1254268,Q1254268,duanwu festival,Duanwu Festival,Festival,Q148,People's Republic of China,,
fest_Q5044117,fest_Q5044117,Q5044117,carnival of huanchaco,Carnival of Huanchaco,Festival,Q419,Peru,,
fest_Q8059443,fest_Q8059443,Q8059443,ypacaraí festival,Ypacaraí Festival,Festival,Q733,Paraguay,,
fest_Q64597031,fest_Q64597031,Q64597031,carivibe,Carivibe,Festival,Q1930,Ottawa,,
fest_Q5506859,fest_Q5506859,Q5506859,fu yang festival,Fu Yang Festival,Festival,Q148,People's Republic of China,,
fest_Q65130339,fest_Q65130339,Q65130339,nikon film festival,Nikon Film Festival,Festival,Q90,Paris,,
fest_Q85761194,fest_Q85761194,Q85761194,flag raising ceremony,Flag Raising Ceremony,Event,Q148,People's Republic of China,,
fest_Q69506863,fest_Q69506863,Q69506863,heerenstraat festival,Heerenstraat Festival,Festival,Q3001,Paramaribo,2019-01-01,
fest_Q69506863,fest_Q69506863,Q69506863,heerenstraat festival,Heerenstraat Festival,Festival,Q3001,Paramaribo,2019-01-01,
fest_Q1853379,fest_Q1853379,Q1853379,suripop,SuriPop,Festival,Q3001,Paramaribo,,
fest_Q1853379,fest_Q1853379,Q1853379,suripop,SuriPop,Festival,Q3001,Paramaribo,,
fest_Q6900764,fest_Q6900764,Q6900764,monkey king festival,Monkey King Festival,Festival,Q148,People's Republic of China,,
fest_Q132756202,fest_Q132756202,Q132756202,great mongolian festival of the princes 1935,"Great Mongolian Festival of the Princes, 1935",Festival,Q148,People's Republic of China,,
fest_Q36382413,fest_Q36382413,Q36382413,festival of india ottawa,Festival of India Ottawa,Festival,Q1930,Ottawa,,
fest_Q64692368,fest_Q64692368,Q64692368,lumiere festival,Lumiere Festival,Festival,Q1930,Ottawa,,
fest_Q7119078,fest_Q7119078,Q7119078,pfdc sunsilk fashion week,PFDC Sunsilk Fashion Week,Festival,Q843,Pakistan,,
fest_Q115925770,fest_Q115925770,Q115925770,future fest pakistan,Future Fest Pakistan,Festival,Q843,Pakistan,,
fest_Q71676875,fest_Q71676875,Q71676875,switi rauw streetfest,Switi Rauw Streetfest,Festival,Q3001,Paramaribo,,
fest_Q71676875,fest_Q71676875,Q71676875,switi rauw streetfest,Switi Rauw Streetfest,Festival,Q3001,Paramaribo,,
fest_Q4562479,fest_Q4562479,Q4562479,1929 westlake exposition,1929 Westlake exposition,Festival,Q148,People's Republic of China,,
fest_Q4806380,fest_Q4806380,Q4806380,asia game show,Asia Game Show,Festival,Q148,People's Republic of China,,
fest_Q10873422,fest_Q10873422,Q10873422,china international cartoon animation festival,China International Cartoon & Animation Festival,Festival,Q148,People's Republic of China,,
fest_Q6680074,fest_Q6680074,Q6680074,lord of huaman festival,Lord of Huaman Festival,Festival,Q419,Peru,,
fest_Q77429230,fest_Q77429230,Q77429230,robomaster,RoboMaster,Festival,Q148,People's Republic of China,,
fest_Q77429230,fest_Q77429230,Q77429230,robomaster,RoboMaster,Festival,Q148,People's Republic of China,,
fest_Q25407447,fest_Q25407447,Q25407447,noche crema,Noche Crema,Festival,Q419,Peru,,
fest_Q3289735,fest_Q3289735,Q3289735,march for life,March for Life,Festival,Q90,Paris,,
fest_Q5188112,fest_Q5188112,Q5188112,cross-strait economic trade and culture forum,"Cross-Strait Economic, Trade and Culture Forum",Festival,Q148,People's Republic of China,,
fest_Q134603800,fest_Q134603800,Q134603800,national multi-hazard drill in peru,National multi-hazard drill in Peru,Festival,Q419,Peru,,
fest_Q110107733,fest_Q110107733,Q110107733,chinese calligraphy lanting award,Chinese Calligraphy Lanting Award,Festival,Q148,People's Republic of China,,
fest_Q5099651,fest_Q5099651,Q5099651,chinajoy,ChinaJoy,Festival,Q148,People's Republic of China,2004-01-01,
fest_Q7414448,fest_Q7414448,Q7414448,san jose festival,San Jose Festival,Festival,Q419,Peru,,
fest_Q5044114,fest_Q5044114,Q5044114,carnival of conache,Carnival of Conache,Festival,Q419,Peru,,
fest_Q5156335,fest_Q5156335,Q5156335,competition of paso horses in trujillo,Competition of Paso Horses in Trujillo,Festival,Q419,Peru,,
fest_Q5008697,fest_Q5008697,Q5008697,can-con,CAN-CON,Festival,Q1930,Ottawa,,
fest_Q28223907,fest_Q28223907,Q28223907,jingjinji champions cup,Jingjinji Champions Cup,Festival,Q148,People's Republic of China,,
fest_Q74180754,fest_Q74180754,Q74180754,raiwind ijtima,Raiwind Ijtima,Festival,Q843,Pakistan,,
fest_Q60991974,fest_Q60991974,Q60991974,galaxy science fiction convention,Galaxy Science Fiction Convention,Festival,Q148,People's Republic of China,,
fest_Q138358613,fest_Q138358613,Q138358613,anarchist demonstration of 1 may in paris,Anarchist demonstration of 1 May in Paris,Festival,Q90,Paris,,
fest_Q7979397,fest_Q7979397,Q7979397,week anniversary of trujillo municipality,Week anniversary of Trujillo Municipality,Festival,Q419,Peru,,
fest_Q4547198,fest_Q4547198,Q4547198,10th anniversary of the people's republic of china,10th anniversary of the People's Republic of China,Festival,Q148,People's Republic of China,,1959-10-01
fest_Q109943604,fest_Q109943604,Q109943604,wiki loves monuments in peru,Wiki Loves Monuments in Peru,Festival,Q419,Peru,,
fest_Q43735828,fest_Q43735828,Q43735828,2015 lychee and dog meat festival,2015 Lychee and Dog Meat Festival,Festival,Q148,People's Republic of China,2015-06-21,2015-06-30
fest_Q6050097,fest_Q6050097,Q6050097,international defence exhibition and seminar,International Defence Exhibition and Seminar,Festival,Q843,Pakistan,,
fest_Q60970062,fest_Q60970062,Q60970062,fashion week panama,Fashion Week Panama,Festival,Q804,Panama,,
fest_Q10871947,fest_Q10871947,Q10871947,national population census of the people's republic of china,National Population Census of the People's Republic of China,Festival,Q148,People's Republic of China,,
fest_Q117794045,fest_Q117794045,Q117794045,grand prix du conseil municipal de paris,Grand Prix du Conseil municipal de Paris,Festival,Q90,Paris,,
fest_Q10873959,fest_Q10873959,Q10873959,china tv golden eagle awards,China TV Golden Eagle Awards,Festival,Q148,People's Republic of China,,
fest_Q5400595,fest_Q5400595,Q5400595,estamos en la calle,Estamos en la Calle,Festival,Q419,Peru,,
fest_Q114876658,fest_Q114876658,Q114876658,khatme nabuwat conference,Khatme Nabuwat Conference,Festival,Q843,Pakistan,,
fest_Q120536125,fest_Q120536125,Q120536125,hakuhō cup,Hakuhō Cup,Festival,Q35765,Osaka,2010-01-01,
fest_Q120536125,fest_Q120536125,Q120536125,hakuhō cup,Hakuhō Cup,Festival,Q35765,Osaka,2010-01-01,
fest_Q5710125,fest_Q5710125,Q5710125,asunción fashion week,Asunción Fashion Week,Festival,Q733,Paraguay,2003-01-01,
fest_Q5099677,fest_Q5099677,Q5099677,china fashion week,China Fashion Week,Festival,Q148,People's Republic of China,,
fest_Q6016032,fest_Q6016032,Q6016032,independence day of trujillo,Independence Day of Trujillo,Festival,Q419,Peru,,
fest_Q7171374,fest_Q7171374,Q7171374,peshawar fashion week,Peshawar Fashion Week,Festival,Q843,Pakistan,,
fest_Q21733315,fest_Q21733315,Q21733315,shandur polo festival,Shandur Polo Festival,Festival,Q843,Pakistan,,
fest_Q65061149,fest_Q65061149,Q65061149,world intelligence congress,World Intelligence Congress,Festival,Q148,People's Republic of China,,
fest_Q10872175,fest_Q10872175,Q10872175,national economic census,National Economic Census,Festival,Q148,People's Republic of China,,
fest_Q43735984,fest_Q43735984,Q43735984,2017 lychee and dog meat festival,2017 Lychee and Dog Meat Festival,Festival,Q148,People's Republic of China,2017-06-21,2017-06-30
fest_Q130712590,fest_Q130712590,Q130712590,china science fiction convention,China Science Fiction Convention,Festival,Q148,People's Republic of China,,
fest_Q8963575,fest_Q8963575,Q8963575,gastronomic fair in trujillo,Gastronomic Fair in Trujillo,Festival,Q419,Peru,,
fest_Q3586949,fest_Q3586949,Q3586949,general elections in peru,general elections in Peru,Festival,Q419,Peru,,
fest_Q17111410,fest_Q17111410,Q17111410,miss la libertad,Miss La Libertad,Festival,Q419,Peru,,
fest_Q18207781,fest_Q18207781,Q18207781,straits forum,Straits Forum,Festival,Q148,People's Republic of China,,
fest_Q112183293,fest_Q112183293,Q112183293,qiang new year festival,Qiang New Year Festival,Festival,Q148,People's Republic of China,,
fest_Q6808040,fest_Q6808040,Q6808040,megacon,MegaCon,Festival,Q49233,Orlando,,
fest_Q16838050,fest_Q16838050,Q16838050,fashion pakistan week,Fashion Pakistan Week,Festival,Q843,Pakistan,,
fest_Q112724172,fest_Q112724172,Q112724172,oxford real farming conference,Oxford Real Farming Conference,Festival,Q34217,Oxford,,
fest_Q43735681,fest_Q43735681,Q43735681,2014 lychee and dog meat festival,2014 Lychee and Dog Meat Festival,Festival,Q148,People's Republic of China,2014-06-21,2014-06-30
fest_Q10931956,fest_Q10931956,Q10931956,annual meeting of the new champions,Annual Meeting of the New Champions,Festival,Q148,People's Republic of China,,
fest_Q43735908,fest_Q43735908,Q43735908,2016 lychee and dog meat festival,2016 Lychee and Dog Meat Festival,Festival,Q148,People's Republic of China,2016-06-21,2016-06-30
fest_Q15908309,fest_Q15908309,Q15908309,50th anniversary of the people's republic of china,50th anniversary of the People's Republic of China,Festival,Q148,People's Republic of China,,
fest_Q8426845,fest_Q8426845,Q8426845,memorials for the tiananmen square protests of 1989,Memorials for the Tiananmen Square protests of 1989,Festival,Q148,People's Republic of China,,
fest_Q6367766,fest_Q6367766,Q6367766,karachi international book fair,Karachi International Book Fair,Festival,Q843,Pakistan,2004-01-01,
fest_Q5099740,fest_Q5099740,Q5099740,china international fair for investment and trade,China International Fair for Investment and Trade,Festival,Q148,People's Republic of China,1997-01-01,
fest_Q26456601,fest_Q26456601,Q26456601,world electronic sports games,World Electronic Sports Games,Festival,Q148,People's Republic of China,,
fest_Q5843837,fest_Q5843837,Q5843837,trujillo book festival,Trujillo Book Festival,Festival,Q419,Peru,,
fest_Q7269702,fest_Q7269702,Q7269702,remaxasia expo,RemaxAsia Expo,Festival,Q148,People's Republic of China,,
fest_Q25303529,fest_Q25303529,Q25303529,road to ultra,Road to Ultra,Festival,Q419,Peru,,
fest_Q7847638,fest_Q7847638,Q7847638,trujillo marinera festival,Trujillo Marinera Festival,Festival,Q419,Peru,,
fest_Q109942029,fest_Q109942029,Q109942029,wiki loves monuments in panama,Wiki Loves Monuments in Panama,Festival,Q804,Panama,,
fest_Q10874738,fest_Q10874738,Q10874738,china flower expo,China Flower Expo,Festival,Q148,People's Republic of China,,
fest_Q124234760,fest_Q124234760,Q124234760,tarma book fair,Tarma Book Fair,Festival,Q419,Peru,,
fest_Q30644427,fest_Q30644427,Q30644427,pakistan auto show,Pakistan Auto Show,Festival,Q843,Pakistan,,
fest_Q5058972,fest_Q5058972,Q5058972,census in pakistan,census in Pakistan,Festival,Q843,Pakistan,,
fest_Q6888876,fest_Q6888876,Q6888876,modern sky festival,Modern Sky Festival,Festival,Q148,People's Republic of China,,
fest_Q60827556,fest_Q60827556,Q60827556,cade ejecutivos,CADE Ejecutivos,Festival,Q419,Peru,,
fest_Q24663924,fest_Q24663924,Q24663924,interdyscyplinarny festiwal sztuk miasto gwiazd,Interdyscyplinarny Festiwal Sztuk Miasto Gwiazd,Festival,Q36,Poland,,
fest_Q906104,fest_Q906104,Q906104,international festival of comics and games in łódź,International Festival of Comics and Games in Łódź,Festival,Q36,Poland,,
fest_Q11691494,fest_Q11691494,Q11691494,copernicon,Copernicon,Festival,Q36,Poland,,
fest_Q3502395,fest_Q3502395,Q3502395,open'er festival,Open'er Festival,Festival,Q36,Poland,,
fest_Q130712840,fest_Q130712840,Q130712840,nordcon,Nordcon,Festival,Q36,Poland,,
fest_Q60492564,fest_Q60492564,Q60492564,battle of grunwald reenactment,Battle of Grunwald reenactment,Festival,Q36,Poland,,
fest_Q11787926,fest_Q11787926,Q11787926,meskie granie,Meskie Granie,Festival,Q36,Poland,,
fest_Q127417512,fest_Q127417512,Q127417512,spokrewnieni służbą,Spokrewnieni służbą,Festival,Q36,Poland,,
fest_Q136192931,fest_Q136192931,Q136192931,2025 european lacrosse championship,2025 European Lacrosse Championship,Festival,Q36,Poland,2025-07-09,2025-07-19
fest_Q136192931,fest_Q136192931,Q136192931,2025 european lacrosse championship,2025 European Lacrosse Championship,Festival,Q36,Poland,2025-07-09,2025-07-19
fest_Q7263612,fest_Q7263612,Q7263612,pyrkon,Pyrkon,Festival,Q36,Poland,,
fest_Q7263612,fest_Q7263612,Q7263612,pyrkon,Pyrkon,Festival,Q36,Poland,,
fest_Q131738072,fest_Q131738072,Q131738072,dni krakowa,Dni Krakowa,Festival,Q36,Poland,,
fest_Q6546096,fest_Q6546096,Q6546096,light up night,Light Up Night,Festival,Q1342,Pittsburgh,,
fest_Q139894889,fest_Q139894889,Q139894889,philippine vice presidential election,Philippine vice presidential election,Festival,Q928,Philippines,,
fest_Q104708373,fest_Q104708373,Q104708373,portland retro gaming expo,Portland Retro Gaming Expo,Festival,Q6106,Portland,,
fest_Q11783883,fest_Q11783883,Q11783883,paderewski international piano competition,Paderewski International Piano Competition,Festival,Q36,Poland,1961-01-01,
fest_Q9385961,fest_Q9385961,Q9385961,zahcon,Zahcon,Festival,Q36,Poland,,
fest_Q7894411,fest_Q7894411,Q7894411,universitas cantat,Universitas Cantat,Festival,Q36,Poland,,
fest_Q7894411,fest_Q7894411,Q7894411,universitas cantat,Universitas Cantat,Festival,Q36,Poland,,
fest_Q116556396,fest_Q116556396,Q116556396,film and art festival two riversides,Film and Art Festival Two Riversides,Festival,Q36,Poland,2007-01-01,
fest_Q11783870,fest_Q11783870,Q11783870,international light festival skyway,International Light Festival Skyway,Festival,Q36,Poland,,
fest_Q139897525,fest_Q28333164,Q28333164,philippine senate election,Philippine Senate election,Festival,Q928,Philippines,,
fest_Q56640489,fest_Q56640489,Q56640489,urban highline festival 2018,Urban Highline Festival 2018,Festival,Q36,Poland,2018-07-25,2018-07-29
fest_Q16847677,fest_Q16847677,Q16847677,inpex,INPEX,Festival,Q1342,Pittsburgh,,
fest_Q131986800,fest_Q131986800,Q131986800,festiwal im stefana dorawy,Festiwal im. Stefana Dorawy,Festival,Q36,Poland,,
fest_Q7182996,fest_Q7182996,Q7182996,philcon,Philcon,Festival,Q1345,Philadelphia,,
fest_Q3389129,fest_Q3389129,Q3389129,bieg piastów,Bieg Piastów,Festival,Q36,Poland,,
fest_Q10370522,fest_Q10370522,Q10370522,serralves in celebration,Serralves in Celebration,Festival,Q36433,Porto,,
fest_Q10370522,fest_Q10370522,Q10370522,serralves in celebration,Serralves in Celebration,Festival,Q36433,Porto,,
fest_Q20032415,fest_Q20032415,Q20032415,jarmark dominikański,Jarmark Dominikański,Festival,Q36,Poland,,
fest_Q127514918,fest_Q127514918,Q127514918,kismif conference,KISMIF Conference,Festival,Q36433,Porto,,
fest_Q127514918,fest_Q127514918,Q127514918,kismif conference,KISMIF Conference,Festival,Q36433,Porto,,
fest_Q9210543,fest_Q9210543,Q9210543,dozhinki in poland,Dozhinki in Poland,Festival,Q36,Poland,,
fest_Q7186818,fest_Q7186818,Q7186818,phoenix comicon,Phoenix Comicon,Festival,Q16556,Phoenix,,
fest_Q105334118,fest_Q105334118,Q105334118,wiki loves monuments in poland,Wiki Loves Monuments in Poland,Festival,Q36,Poland,,
fest_Q28673169,fest_Q28673169,Q28673169,narodowe czytanie,Narodowe Czytanie,Festival,Q36,Poland,,
fest_Q7209223,fest_Q7209223,Q7209223,polcon,Polcon,Festival,Q36,Poland,,
fest_Q84680668,fest_Q84680668,Q84680668,national day of ethnography ethnology and cultural anthropology,"National Day of Ethnography, Ethnology and Cultural Anthropology",Festival,Q36,Poland,,
fest_Q8042381,fest_Q8042381,Q8042381,xoxo,XOXO,Festival,Q6106,Portland,,
fest_Q121624438,fest_Q121624438,Q121624438,jewish culture festival in grodzisk mazowiecki,Jewish Culture Festival in Grodzisk Mazowiecki,Festival,Q36,Poland,2019-01-01,
fest_Q11697990,fest_Q11697990,Q11697990,international soup festival,International Soup Festival,Festival,Q36,Poland,,
fest_Q64229799,fest_Q64229799,Q64229799,festival of the children of mountain - international festival of children's folk ensembles,Festival of the Children Of Mountain - International Festival of Children's Folk Ensembles,Festival,Q36,Poland,,
fest_Q6448507,fest_Q6448507,Q6448507,kutno rose festival,Kutno Rose Festival,Festival,Q36,Poland,,
fest_Q7185370,fest_Q7185370,Q7185370,philippine presidential election,Philippine presidential election,Festival,Q928,Philippines,,
fest_Q579163,fest_Q579163,Q579163,eurovision young musicians 1996,Eurovision Young Musicians 1996,Festival,Q45,Portugal,,1996-06-12
fest_Q131986778,fest_Q131986778,Q131986778,świętojańskie koncerty organowe im mariana dorawy,Świętojańskie Koncerty Organowe im. Mariana Dorawy,Festival,Q36,Poland,,
fest_Q129197516,fest_Q129197516,Q129197516,wawrzyńcowe hudy,Wawrzyńcowe Hudy,Festival,Q36,Poland,,
fest_Q102503360,fest_Q102503360,Q102503360,fraud street run,Fraud Street Run,Festival,Q1345,Philadelphia,,
fest_Q112624917,fest_Q112624917,Q112624917,cokocon,CoKoCon,Festival,Q16556,Phoenix,,
fest_Q6527812,fest_Q6527812,Q6527812,leprecon,LepreCon,Festival,Q16556,Phoenix,,
fest_Q130305880,fest_Q130305880,Q130305880,forum for internationalization,Forum for Internationalization,Festival,Q36,Poland,,
fest_Q7099761,fest_Q7099761,Q7099761,orange warsaw festival,Orange Warsaw Festival,Festival,Q36,Poland,,
fest_Q7099761,fest_Q7099761,Q7099761,orange warsaw festival,Orange Warsaw Festival,Festival,Q36,Poland,,
fest_Q86664778,fest_Q86664778,Q86664778,malbork siege,Malbork Siege,Festival,Q36,Poland,,
fest_Q85384,fest_Q85384,Q85384,eurovision young dancers 2005,Eurovision Young Dancers 2005,Festival,Q36,Poland,,2005-06-24
fest_Q117263,fest_Q117263,Q117263,eurovision young dancers 2013,Eurovision Young Dancers 2013,Festival,Q36,Poland,,2013-06-14
fest_Q59379328,fest_Q59379328,Q59379328,17th world festival of youth and students,17th World Festival of Youth and Students,Festival,Q3926,Pretoria,2010-12-13,2010-12-21
fest_Q59379328,fest_Q59379328,Q59379328,17th world festival of youth and students,17th World Festival of Youth and Students,Festival,Q3926,Pretoria,2010-12-13,2010-12-21
fest_Q9135574,fest_Q9135574,Q9135574,70th anniversary of the warsaw ghetto uprising,70th Anniversary of the Warsaw Ghetto Uprising,Festival,Q36,Poland,,
fest_Q7199258,fest_Q7199258,Q7199258,pittsburgh comicon,Pittsburgh Comicon,Festival,Q1342,Pittsburgh,,
fest_Q1408581,fest_Q1408581,Q1408581,festival da canção,Festival da Canção,Festival,Q45,Portugal,1964-01-01,
fest_Q17385362,fest_Q17385362,Q17385362,european congress of small and medium-size enterprises,European Congress of Small and Medium-Size Enterprises,Festival,Q36,Poland,,
fest_Q25401987,fest_Q25401987,Q25401987,festiwal nauki in kraków,Festiwal Nauki in Kraków,Festival,Q36,Poland,,
fest_Q51390076,fest_Q51390076,Q51390076,zagłebie critical mass,Zagłebie Critical Mass,Festival,Q36,Poland,2008-01-01,
fest_Q11793763,fest_Q11793763,Q11793763,noworudzkie spotkania z poezja,Noworudzkie Spotkania z Poezja̜,Festival,Q36,Poland,,
fest_Q139806760,fest_Q139806760,Q139806760,2024 european lacrosse men's u20 championship,2024 european lacrosse men's U20 championship,Festival,Q36,Poland,2024-07-19,2024-07-27
fest_Q139806760,fest_Q139806760,Q139806760,2024 european lacrosse men's u20 championship,2024 european lacrosse men's U20 championship,Festival,Q36,Poland,2024-07-19,2024-07-27
fest_Q7105291,fest_Q7105291,Q7105291,orycon,OryCon,Festival,Q6106,Portland,,
fest_Q130712764,fest_Q130712764,Q130712764,kongres,KONgres,Festival,Q36,Poland,,
fest_Q10278764,fest_Q10278764,Q10278764,1865 international exhibition,1865 International Exhibition,Festival,Q36433,Porto,,
fest_Q10278764,fest_Q10278764,Q10278764,1865 international exhibition,1865 International Exhibition,Festival,Q36433,Porto,,
fest_Q5160222,fest_Q5160222,Q5160222,confluence,Confluence,Festival,Q1342,Pittsburgh,,
fest_Q11729771,fest_Q11729771,Q11729771,juwenalia krakowskie,Juwenalia Krakowskie,Festival,Q36,Poland,,
fest_Q99642299,fest_Q99642299,Q99642299,polish national road cycling championships - hill climb,Polish National Road Cycling Championships - hill climb,Festival,Q36,Poland,,
fest_Q7232025,fest_Q7232025,Q7232025,portland rose festival,Portland Rose Festival,Festival,Q6106,Portland,,
fest_Q108711138,fest_Q108711138,Q108711138,krakow festival of french song,Krakow Festival of French Song,Festival,Q36,Poland,,
fest_Q2259288,fest_Q2259288,Q2259288,5th world festival of youth and students,5th World Festival of Youth and Students,Festival,Q36,Poland,1955-07-31,1955-08-14
fest_Q2259288,fest_Q2259288,Q2259288,5th world festival of youth and students,5th World Festival of Youth and Students,Festival,Q36,Poland,1955-07-31,1955-08-14
fest_Q11712135,fest_Q11712135,Q11712135,industriada,Industriada,Festival,Q36,Poland,,
fest_Q3497485,fest_Q3497485,Q3497485,brave festival,Brave Festival,Festival,Q36,Poland,,
fest_Q134063882,fest_Q134063882,Q134063882,general traffic measurement,General Traffic Measurement,Festival,Q36,Poland,1965-01-01,
fest_Q9259296,fest_Q9259296,Q9259296,shanty festival keja,"Shanty festival ""Keja""",Festival,Q36,Poland,,
fest_Q48841955,fest_Q48841955,Q48841955,literary heights festival,Literary Heights Festival,Festival,Q36,Poland,2014-01-01,
fest_Q130016776,fest_Q130016776,Q130016776,rollerblading pilgrimage warsawczęstochowa,Rollerblading pilgrimage: Warsaw—Częstochowa,Festival,Q36,Poland,2004-01-01,
fest_Q106072978,fest_Q106072978,Q106072978,pistang bayan,Pistang Bayan,Festival,Q928,Philippines,,
fest_Q9326143,fest_Q9326143,Q9326143,slot art festival,Slot Art Festival,Festival,Q36,Poland,,
fest_Q114347232,fest_Q114347232,Q114347232,glitchartisdead,glitchartisdead,Festival,Q36,Poland,,
fest_Q86107,fest_Q86107,Q86107,eurovision young dancers 1997,Eurovision Young Dancers 1997,Festival,Q36,Poland,,1997-06-17
fest_Q9259286,fest_Q9259286,Q9259286,festiwal otwarte ogrody sadyba,Festiwal Otwarte Ogrody Sadyba,Festival,Q36,Poland,,
fest_Q9259286,fest_Q9259286,Q9259286,festiwal otwarte ogrody sadyba,Festiwal Otwarte Ogrody Sadyba,Festival,Q36,Poland,,
fest_Q139897525,fest_Q139897525,Q139897525,philippine senate election,Philippine senate election,Festival,Q928,Philippines,,
fest_Q77931877,fest_Q77931877,Q77931877,golden chickens festival,Golden Chickens Festival,Festival,Q36,Poland,,
fest_Q77931877,fest_Q77931877,Q77931877,golden chickens festival,Golden Chickens Festival,Festival,Q36,Poland,,
fest_Q11783869,fest_Q11783869,Q11783869,feta - international street and open-air theatres festival,FETA - International Street and Open-Air Theatres Festival,Festival,Q36,Poland,,
fest_Q11844537,fest_Q11844537,Q11844537,kaamulan,Kaamulan,Festival,Q928,Philippines,,
fest_Q131177539,fest_Q131177539,Q131177539,wikidata days 2024 lisbon portugal,"Wikidata Days 2024 (Lisbon, Portugal)",Festival,Q45,Portugal,2024-11-14,2024-11-16
fest_Q7185138,fest_Q7185138,Q7185138,philippine international motor show,Philippine International Motor Show,Festival,Q928,Philippines,,
fest_Q7185385,fest_Q7185385,Q7185385,philippine presidential inauguration,Philippine presidential inauguration,Festival,Q928,Philippines,,
fest_Q1483763,fest_Q1483763,Q1483763,golden globes,Golden Globes,Festival,Q45,Portugal,,
fest_Q78304389,fest_Q78304389,Q78304389,carnival of podence,Carnival of Podence,Festival,Q45,Portugal,,
fest_Q105070555,fest_Q105070555,Q105070555,feast of the black nazarene,Feast of the Black Nazarene,Festival,Q928,Philippines,,
fest_Q5139823,fest_Q5139823,Q5139823,coconut festival,Coconut Festival,Festival,Q928,Philippines,,
fest_Q7418191,fest_Q7418191,Q7418191,sangyaw,Sangyaw,Festival,Q928,Philippines,,
fest_Q86677802,fest_Q86677802,Q86677802,wikidata days 2020,Wikidata Days 2020,Festival,Q45,Portugal,2020-07-02,2020-07-04
fest_Q17027126,fest_Q17027126,Q17027126,buling-buling festival,Buling-Buling Festival,Festival,Q928,Philippines,,
fest_Q17093218,fest_Q17093218,Q17093218,world costume festival,World Costume Festival,Festival,Q928,Philippines,,
fest_Q25698335,fest_Q25698335,Q25698335,bangus festival,Bangus Festival,Festival,Q928,Philippines,,
fest_Q121330771,fest_Q121330771,Q121330771,muro - urban art festival lisbon 2017,MURO - Urban Art Festival Lisbon 2017,Festival,Q45,Portugal,2017-05-25,2017-05-28
fest_Q20992217,fest_Q20992217,Q20992217,asia pop comic convention,Asia Pop Comic Convention,Festival,Q928,Philippines,,
fest_Q10656268,fest_Q10656268,Q10656268,rock in rio lisboa iv,Rock in Rio Lisboa IV,Festival,Q45,Portugal,2010-05-21,2010-05-30
fest_Q113377766,fest_Q113377766,Q113377766,free software party,Free Software Party,Festival,Q45,Portugal,2004-01-01,
fest_Q117391269,fest_Q117391269,Q117391269,lamego cidade poema,"Lamego, Cidade Poema",Festival,Q45,Portugal,,
fest_Q139771827,fest_Q139771827,Q139771827,buglasan festival,Buglasan Festival,Festival,Q928,Philippines,,
fest_Q113269127,fest_Q113269127,Q113269127,nos primavera sound 2022,NOS Primavera Sound 2022,Festival,Q45,Portugal,,
fest_Q7196508,fest_Q7196508,Q7196508,pintados-kasadyaan,Pintados-Kasadyaan,Festival,Q928,Philippines,,
fest_Q12969038,fest_Q12969038,Q12969038,bocaue pagoda festival,Bocaue Pagoda Festival,Festival,Q928,Philippines,,
fest_Q30589848,fest_Q30589848,Q30589848,lisboa games week,Lisboa Games Week,Festival,Q45,Portugal,,
fest_Q2830670,fest_Q2830670,Q2830670,ati-atihan festival,Ati-Atihan Festival,Festival,Q928,Philippines,,
fest_Q23048151,fest_Q23048151,Q23048151,catandungan festival,Catandungan Festival,Festival,Q928,Philippines,,
fest_Q7116584,fest_Q7116584,Q7116584,ozine fest,Ozine Fest,Festival,Q928,Philippines,2005-12-01,
fest_Q1411756,fest_Q1411756,Q1411756,sandugo festival,Sandugo Festival,Festival,Q928,Philippines,,
fest_Q7413869,fest_Q7413869,Q7413869,san fernando frog festival,San Fernando Frog Festival,Festival,Q928,Philippines,,
fest_Q20053349,fest_Q20053349,Q20053349,circular festival de artes performativas,Circular Festival de Artes Performativas,Festival,Q45,Portugal,,
fest_Q132175625,fest_Q132175625,Q132175625,festivities of nossa senhora dos remédios,Festivities of Nossa Senhora dos Remédios,Event,Q45,Portugal,,
fest_Q6350041,fest_Q6350041,Q6350041,kalabukay festival,Kalabukay Festival,Festival,Q928,Philippines,,
fest_Q86740514,fest_Q86740514,Q86740514,magic night,Magic Night,Event,Q45,Portugal,,
fest_Q5278041,fest_Q5278041,Q5278041,dinengdeng festival,Dinengdeng festival,Festival,Q928,Philippines,,
fest_Q10336793,fest_Q10336793,Q10336793,festas nicolinas,Festas Nicolinas,Event,Q45,Portugal,,
fest_Q2671446,fest_Q2671446,Q2671446,sinulog festival,Sinulog festival,Festival,Q928,Philippines,,
fest_Q137323422,fest_Q137323422,Q137323422,smuggling festival,Smuggling festival,Festival,Q45,Portugal,,
fest_Q137323422,fest_Q137323422,Q137323422,smuggling festival,Smuggling festival,Festival,Q45,Portugal,,
fest_Q10368222,fest_Q10368222,Q10368222,cult of senhor santo cristo dos milagres,Cult of Senhor Santo Cristo dos Milagres,Festival,Q45,Portugal,,
fest_Q25053473,fest_Q25053473,Q25053473,tuna festival,Tuna Festival,Festival,Q928,Philippines,,
fest_Q21015919,fest_Q21015919,Q21015919,philippine game festival,Philippine Game Festival,Festival,Q928,Philippines,,
fest_Q9613569,fest_Q9613569,Q9613569,andanças,Andanças,Festival,Q45,Portugal,,
fest_Q149530,fest_Q149530,Q149530,panagbenga festival,Panagbenga Festival,Festival,Q928,Philippines,,
fest_Q7129743,fest_Q7129743,Q7129743,panaad sa negros festival,Panaad sa Negros Festival,Festival,Q928,Philippines,,
fest_Q5983620,fest_Q5983620,Q5983620,ibalong festival,Ibalong Festival,Festival,Q928,Philippines,,
fest_Q4483214,fest_Q4483214,Q4483214,fantasporto 1981,Fantasporto 1981,Festival,Q45,Portugal,,
fest_Q139743058,fest_Q139743058,Q139743058,festival tecnologia popular de setúbal,Festival Tecnologia Popular de Setúbal,Festival,Q45,Portugal,,
fest_Q124078091,fest_Q124078091,Q124078091,barreiro festivities in honor of our lady of the rosary,Barreiro festivities in honor of Our Lady of the Rosary,Festival,Q45,Portugal,,
fest_Q10281966,fest_Q10281966,Q10281966,festival de almada,Festival de Almada,Festival,Q45,Portugal,,
fest_Q125768360,fest_Q125768360,Q125768360,primavera sound porto 2023,Primavera Sound Porto 2023,Festival,Q45,Portugal,,
fest_Q121323620,fest_Q121323620,Q121323620,muro - urban art festival lisbon 2016,MURO - Urban Art Festival Lisbon 2016,Festival,Q45,Portugal,2016-04-30,2016-05-15
fest_Q5558384,fest_Q5558384,Q5558384,giant lantern festival,Giant Lantern Festival,Festival,Q928,Philippines,,
fest_Q137324205,fest_Q137324205,Q137324205,n2 festival,N2 Festival,Festival,Q45,Portugal,,
fest_Q17088388,fest_Q17088388,Q17088388,sirong festival,Sirong Festival,Festival,Q928,Philippines,,
fest_Q6912301,fest_Q6912301,Q6912301,moriones festival,Moriones Festival,Festival,Q928,Philippines,,
fest_Q6366042,fest_Q6366042,Q6366042,kaogma festival,Kaogma Festival,Festival,Q928,Philippines,,
fest_Q85443050,fest_Q85443050,Q85443050,wikicon portugal,WikiCon Portugal,Festival,Q45,Portugal,,
fest_Q112051447,fest_Q112051447,Q112051447,aurora music festival,Aurora Music Festival,Festival,Q928,Philippines,,
fest_Q126946424,fest_Q126946424,Q126946424,metro manila pride march,Metro Manila Pride March,Festival,Q928,Philippines,,
fest_Q85807019,fest_Q85807019,Q85807019,the eddys,The EDDYS,Festival,Q928,Philippines,,
fest_Q65161817,fest_Q65161817,Q65161817,feminist festival of lisbon,Feminist Festival of Lisbon,Festival,Q45,Portugal,,
fest_Q43115913,fest_Q43115913,Q43115913,pinhal das artes,Pinhal Das Artes,Festival,Q45,Portugal,,
fest_Q4765851,fest_Q4765851,Q4765851,anjo festival,Anjo Festival,Festival,Q45,Portugal,,
fest_Q29996642,fest_Q29996642,Q29996642,rfm somnii,RFM Somnii,Festival,Q45,Portugal,,
fest_Q114793367,fest_Q114793367,Q114793367,wiki loves monuments in portugal,Wiki Loves Monuments in Portugal,Festival,Q45,Portugal,,
fest_Q138646248,fest_Q138646248,Q138646248,medusa x,Medusa X,Festival,Q45,Portugal,,
fest_Q7185277,fest_Q7185277,Q7185277,philippine youth congress in information technology,Philippine Youth Congress in Information Technology,Festival,Q928,Philippines,,
fest_Q17078384,fest_Q17078384,Q17078384,masskara festival,MassKara Festival,Festival,Q928,Philippines,,
fest_Q113279722,fest_Q113279722,Q113279722,pagkarahay art festival,Pagkarahay Art Festival,Festival,Q928,Philippines,,
fest_Q3569997,fest_Q3569997,Q3569997,world pyro olympics,World Pyro Olympics,Festival,Q928,Philippines,,
fest_Q1893443,fest_Q1893443,Q1893443,marchas populares,Marchas Populares,Festival,Q45,Portugal,1932-01-01,
fest_Q5174671,fest_Q5174671,Q5174671,cosplay mania,Cosplay Mania,Festival,Q928,Philippines,2008-01-01,
fest_Q122818812,fest_Q122818812,Q122818812,wikidata days 2023,Wikidata Days 2023,Festival,Q45,Portugal,2023-09-28,2023-09-30
fest_Q29704207,fest_Q29704207,Q29704207,organ festival of braga,Organ Festival of Braga,Festival,Q45,Portugal,,
fest_Q10281831,fest_Q10281831,Q10281831,community festivities in campo maior,Community festivities in Campo Maior,Festival,Q45,Portugal,,
fest_Q137324570,fest_Q137324570,Q137324570,5th edition of smuggling festival,5th Edition of Smuggling Festival,Festival,Q45,Portugal,2025-04-04,
fest_Q137324570,fest_Q137324570,Q137324570,5th edition of smuggling festival,5th Edition of Smuggling Festival,Festival,Q45,Portugal,2025-04-04,
fest_Q3131900,fest_Q3131900,Q3131900,magicvalongo,MagicValongo,Festival,Q45,Portugal,,
fest_Q4913845,fest_Q4913845,Q4913845,binalbal festival,Binalbal Festival,Festival,Q928,Philippines,,
fest_Q137325556,fest_Q137325556,Q137325556,nos alive 2026,NOS Alive 2026,Festival,Q45,Portugal,2026-07-09,2026-07-11
fest_Q6749688,fest_Q6749688,Q6749688,manila international auto show,Manila International Auto Show,Festival,Q928,Philippines,2005-01-01,
fest_Q128492542,fest_Q128492542,Q128492542,gamers8,Gamers8,Festival,Q3692,Riyadh,,
fest_Q128492542,fest_Q128492542,Q128492542,gamers8,Gamers8,Festival,Q3692,Riyadh,,
fest_Q18122919,fest_Q18122919,Q18122919,white mask 2014,White Mask 2014,Festival,Q159,Russia,,
fest_Q16628632,fest_Q16628632,Q16628632,festival of military and historical reconstruction bylinny bereg,"Festival of military and historical reconstruction ""Bylinny bereg""",Festival,Q159,Russia,,
fest_Q4315507,fest_Q4315507,Q4315507,balloon festivals in kungur,Balloon Festivals in Kungur,Festival,Q159,Russia,2002-01-01,
fest_Q4220930,fest_Q4220930,Q4220930,kinotavrik,Kinotavrik,Festival,Q159,Russia,,
fest_Q4447908,fest_Q4447908,Q4447908,syzran tomato festival,Syzran tomato festival,Festival,Q159,Russia,,
fest_Q64223581,fest_Q64223581,Q64223581,world ballet holidays,World ballet holidays,Festival,Q159,Russia,,
fest_Q1141359,fest_Q1141359,Q1141359,valdai international discussion club,Valdai International Discussion Club,Festival,Q159,Russia,,
fest_Q16536110,fest_Q16536110,Q16536110,belgorodskaya zabava,Belgorodskaya zabava,Festival,Q159,Russia,,
fest_Q37937330,fest_Q37937330,Q37937330,wiki-conference,Wiki-Conference,Festival,Q159,Russia,,
fest_Q42048759,fest_Q42048759,Q42048759,19th world festival of youth and students,19th World Festival of Youth and Students,Festival,Q159,Russia,,
fest_Q4441664,fest_Q4441664,Q4441664,stenograffia,Stenograffia,Festival,Q159,Russia,,
fest_Q52158842,fest_Q52158842,Q52158842,primakov readings,Primakov Readings,Festival,Q159,Russia,,
fest_Q4492070,fest_Q4492070,Q4492070,moscow international forum for innovative development open innovations,Moscow International Forum for Innovative Development «Open Innovations»,Festival,Q159,Russia,,
fest_Q4413754,fest_Q4413754,Q4413754,seliger,Seliger,Festival,Q159,Russia,,
fest_Q15149201,fest_Q15149201,Q15149201,geek picnic,Geek Picnic,Festival,Q159,Russia,,
fest_Q26758861,fest_Q26758861,Q26758861,roscon,RosCon,Festival,Q159,Russia,,
fest_Q105408698,fest_Q105408698,Q105408698,winter international arts festival,Winter International Arts Festival,Festival,Q159,Russia,,
fest_Q24910363,fest_Q24910363,Q24910363,necronomicon providence,NecronomiCon Providence,Festival,Q18383,Providence,,
fest_Q97940655,fest_Q97940655,Q97940655,carte blanche festival,Carte Blanche Festival,Festival,Q159,Russia,,
fest_Q109699239,fest_Q109699239,Q109699239,saint petersburg tatar media forum,Saint Petersburg Tatar Media Forum,Festival,Q159,Russia,,
fest_Q109699239,fest_Q109699239,Q109699239,saint petersburg tatar media forum,Saint Petersburg Tatar Media Forum,Festival,Q159,Russia,,
fest_Q56072167,fest_Q56072167,Q56072167,may readings,May readings,Festival,Q159,Russia,,
fest_Q4049669,fest_Q4049669,Q4049669,snow dogs,Snow Dogs,Festival,Q159,Russia,,
fest_Q136456423,fest_Q136456423,Q136456423,riyadh season 2025,Riyadh Season 2025,Festival,Q3692,Riyadh,2025-10-10,2026-03-01
fest_Q136456423,fest_Q136456423,Q136456423,riyadh season 2025,Riyadh Season 2025,Festival,Q3692,Riyadh,2025-10-10,2026-03-01
fest_Q115324832,fest_Q115324832,Q115324832,russian rome festival,Russian Rome Festival,Festival,Q220,Rome,,
fest_Q5288911,fest_Q5288911,Q5288911,çük,Çük,Festival,Q159,Russia,,
fest_Q16272126,fest_Q16272126,Q16272126,starcon,Starcon,Festival,Q159,Russia,,
fest_Q15621180,fest_Q15621180,Q15621180,festival of military and historical reconstruction white city,"Festival of military and historical reconstruction ""White City""",Festival,Q159,Russia,,
fest_Q28666928,fest_Q28666928,Q28666928,journey into christmas,Journey into Christmas,Festival,Q159,Russia,,
fest_Q4229103,fest_Q4229103,Q4229103,comtrans,ComTrans,Festival,Q159,Russia,,
fest_Q4041155,fest_Q4041155,Q4041155,it leader forum,IT Leader Forum,Festival,Q159,Russia,,
fest_Q121546575,fest_Q121546575,Q121546575,festival of singing in classical arabic,Festival of Singing in Classical Arabic,Festival,Q3692,Riyadh,,
fest_Q121546575,fest_Q121546575,Q121546575,festival of singing in classical arabic,Festival of Singing in Classical Arabic,Festival,Q3692,Riyadh,,
fest_Q97663551,fest_Q97663551,Q97663551,seasons of armenian culture,Seasons of Armenian culture,Festival,Q159,Russia,,
fest_Q86666498,fest_Q86666498,Q86666498,millénaire normand,Millénaire normand,Festival,Q30974,Rouen,1911-06-03,1911-06-11
fest_Q104185806,fest_Q104185806,Q104185806,the golden ring of russia hot air balloon festival,The Golden Ring of Russia (hot air balloon festival),Festival,Q159,Russia,2002-01-01,
fest_Q110862607,fest_Q110862607,Q110862607,stereoleto 2020,Stereoleto 2020,Festival,Q159,Russia,2020-09-05,2020-09-06
fest_Q19906929,fest_Q19906929,Q19906929,alexander ball,Alexander Ball,Festival,Q159,Russia,,
fest_Q125497600,fest_Q125497600,Q125497600,saudi film confex,Saudi Film Confex,Festival,Q3692,Riyadh,,
fest_Q125497600,fest_Q125497600,Q125497600,saudi film confex,Saudi Film Confex,Festival,Q3692,Riyadh,,
fest_Q4271558,fest_Q4271558,Q4271558,lyubimovka festival,Lyubimovka (festival),Festival,Q159,Russia,,
fest_Q15896364,fest_Q15896364,Q15896364,social revolution festival,Social Revolution festival,Festival,Q159,Russia,,
fest_Q62061940,fest_Q62061940,Q62061940,discover russia,Discover Russia,Festival,Q159,Russia,,
fest_Q64223602,fest_Q64223602,Q64223602,music on the roof vdnkh,Music on the roof VDNKh,Festival,Q159,Russia,,
fest_Q4036042,fest_Q4036042,Q4036042,chaos constructions,Chaos Constructions,Festival,Q159,Russia,,
fest_Q47068109,fest_Q47068109,Q47068109,leo records festival in russia,Leo Records Festival in Russia,Festival,Q159,Russia,,
fest_Q4204218,fest_Q4204218,Q4204218,try yourself,Try yourself,Festival,Q159,Russia,1987-09-01,
fest_Q56309652,fest_Q56309652,Q56309652,international fireworks festival in brateevsky cascade park,International fireworks festival in Brateevsky Cascade Park,Festival,Q159,Russia,,
fest_Q20203401,fest_Q20203401,Q20203401,the world festival of clowns in yekaterinburg,The World Festival of Clowns in Yekaterinburg,Festival,Q159,Russia,,
fest_Q20203401,fest_Q20203401,Q20203401,the world festival of clowns in yekaterinburg,The World Festival of Clowns in Yekaterinburg,Festival,Q159,Russia,,
fest_Q29625699,fest_Q29625699,Q29625699,vidfest,Vidfest,Festival,Q159,Russia,,
fest_Q15734813,fest_Q15734813,Q15734813,abc show,ABC Show,Festival,Q159,Russia,,
fest_Q4350734,fest_Q4350734,Q4350734,russian census,Russian census,Festival,Q159,Russia,,
fest_Q20850530,fest_Q20850530,Q20850530,nebosvod belogoriya,Nebosvod Belogoriya,Festival,Q159,Russia,,
fest_Q135450235,fest_Q135450235,Q135450235,riyadh comedy festival,Riyadh Comedy Festival,Festival,Q3692,Riyadh,2025-09-26,2025-10-09
fest_Q135450235,fest_Q135450235,Q135450235,riyadh comedy festival,Riyadh Comedy Festival,Festival,Q3692,Riyadh,2025-09-26,2025-10-09
fest_Q18613634,fest_Q18613634,Q18613634,festivals of belgorod oblast,Festivals of Belgorod Oblast,Festival,Q159,Russia,,
fest_Q542095,fest_Q542095,Q542095,scarlet sails,Scarlet Sails,Festival,Q159,Russia,,
fest_Q542095,fest_Q542095,Q542095,scarlet sails,Scarlet Sails,Festival,Q159,Russia,,
fest_Q131011429,fest_Q131011429,Q131011429,misk global forum,Misk Global Forum,Festival,Q3692,Riyadh,,
fest_Q131011429,fest_Q131011429,Q131011429,misk global forum,Misk Global Forum,Festival,Q3692,Riyadh,,
fest_Q1222838,fest_Q1222838,Q1222838,uroki rezhissury,Uroki rezhissury,Festival,Q159,Russia,,
fest_Q4213650,fest_Q4213650,Q4213650,karavon,Karavon,Festival,Q159,Russia,,
fest_Q107338157,fest_Q107338157,Q107338157,spbtransportfest,SPBTransportFest,Festival,Q159,Russia,,
fest_Q107338157,fest_Q107338157,Q107338157,spbtransportfest,SPBTransportFest,Festival,Q159,Russia,,
fest_Q23050206,fest_Q23050206,Q23050206,international financial congress,International Financial Congress,Festival,Q159,Russia,1992-01-01,
fest_Q23050206,fest_Q23050206,Q23050206,international financial congress,International Financial Congress,Festival,Q159,Russia,1992-01-01,
fest_Q107020788,fest_Q107020788,Q107020788,saint petersburg 2020 blogerfight,Saint Petersburg 2020 Blogerfight,Festival,Q159,Russia,2020-02-27,2020-02-28
fest_Q107020788,fest_Q107020788,Q107020788,saint petersburg 2020 blogerfight,Saint Petersburg 2020 Blogerfight,Festival,Q159,Russia,2020-02-27,2020-02-28
fest_Q103888326,fest_Q103888326,Q103888326,present perfect 2019,Present Perfect 2019,Festival,Q159,Russia,,
fest_Q135594475,fest_Q135594475,Q135594475,international falcon breeders auction,International Falcon Breeders Auction,Festival,Q3692,Riyadh,2021-01-01,
fest_Q19760041,fest_Q19760041,Q19760041,spasskaya bashnya festival,Spasskaya Bashnya (festival),Festival,Q159,Russia,,
fest_Q114799519,fest_Q114799519,Q114799519,riyadh season 2022,Riyadh Season 2022,Festival,Q3692,Riyadh,,
fest_Q114799519,fest_Q114799519,Q114799519,riyadh season 2022,Riyadh Season 2022,Festival,Q3692,Riyadh,,
fest_Q6544437,fest_Q6544437,Q6544437,demino ski marathon,Demino Ski Marathon,Festival,Q159,Russia,,
fest_Q56909,fest_Q56909,Q56909,international russian rotary children's music competition,International Russian Rotary Children's Music Competition,Festival,Q159,Russia,,
fest_Q65780861,fest_Q65780861,Q65780861,12 months film festival,12 Months Film Festival,Festival,Q218,Romania,,
fest_Q22947792,fest_Q22947792,Q22947792,moscow victory day parade,Moscow Victory Day Parade,Festival,Q159,Russia,,
fest_Q7296383,fest_Q7296383,Q7296383,ravencon,RavenCon,Festival,Q43421,Richmond,,
fest_Q93493275,fest_Q93493275,Q93493275,vinvest,Vinvest,Festival,Q218,Romania,,
fest_Q131418198,fest_Q131418198,Q131418198,frauchi international competition and festival,Frauchi International Competition and Festival,Festival,Q159,Russia,,
fest_Q66712580,fest_Q66712580,Q66712580,smida jazz festival,Smida Jazz Festival,Festival,Q218,Romania,,
fest_Q109985604,fest_Q109985604,Q109985604,wiki loves monuments in romania,Wiki Loves Monuments in Romania,Festival,Q218,Romania,,
fest_Q728037,fest_Q728037,Q728037,főtér festival,Főtér Festival,Festival,Q218,Romania,,
fest_Q87827974,fest_Q87827974,Q87827974,ucin awards,UCIN Awards,Festival,Q218,Romania,,
fest_Q114878761,fest_Q114878761,Q114878761,iwetatar,#IWeTatar,Festival,Q159,Russia,,
fest_Q5021787,fest_Q5021787,Q5021787,callatis festival,Callatis Festival,Festival,Q218,Romania,,
fest_Q120261203,fest_Q120261203,Q120261203,vk fest,VK Fest,Festival,Q159,Russia,,
fest_Q115409881,fest_Q115409881,Q115409881,stars over donbass,Stars over Donbass,Festival,Q159,Russia,,
fest_Q6437701,fest_Q6437701,Q6437701,kristal glam club,Kristal Glam Club,Festival,Q218,Romania,,
fest_Q30590317,fest_Q30590317,Q30590317,feeric fashion week,Feeric Fashion Week,Festival,Q218,Romania,2008-01-01,
fest_Q136036007,fest_Q136036007,Q136036007,numele și numirea,Numele și numirea,Festival,Q218,Romania,,
fest_Q118774149,fest_Q118774149,Q118774149,world festival of youth 2024,World Festival of Youth (2024),Festival,Q159,Russia,,
fest_Q12738613,fest_Q12738613,Q12738613,prohod,Prohod,Event,Q218,Romania,,
fest_Q5627258,fest_Q5627258,Q5627258,gărâna jazz festival,Gărâna Jazz Festival,Festival,Q218,Romania,,
fest_Q110132077,fest_Q110132077,Q110132077,festivalul inimilor,Festivalul Inimilor,Festival,Q218,Romania,,
fest_Q43116157,fest_Q43116157,Q43116157,explore dance festival,eXplore dance festival,Festival,Q218,Romania,,
fest_Q4683230,fest_Q4683230,Q4683230,sighișoara medieval festival,Sighișoara Medieval Festival,Festival,Q218,Romania,,
fest_Q127111646,fest_Q127111646,Q127111646,luna's treat,Luna's Treat,Event,Q159,Russia,,
fest_Q5584324,fest_Q5584324,Q5584324,gopo awards,Gopo Awards,Festival,Q218,Romania,,
fest_Q135312661,fest_Q135312661,Q135312661,what sup moscow,"What SUP, Moscow",Festival,Q159,Russia,,
fest_Q29571874,fest_Q29571874,Q29571874,honterusfest,Honterusfest,Festival,Q218,Romania,,
fest_Q130712557,fest_Q130712557,Q130712557,aelita,Aelita,Festival,Q159,Russia,,
fest_Q12740365,fest_Q12740365,Q12740365,samfest,Samfest,Festival,Q218,Romania,,
fest_Q12741793,fest_Q12741793,Q12741793,national festival of the sheep - oaș country,National Festival of the Sheep - Oaș Country,Festival,Q218,Romania,,
fest_Q134517750,fest_Q134517750,Q134517750,2025 moscow bike parade,2025 Moscow Bike Parade,Festival,Q159,Russia,,
fest_Q20429197,fest_Q20429197,Q20429197,the winter customs festival of negrești-oaș,The Winter Customs Festival of Negrești-Oaș,Festival,Q218,Romania,,
fest_Q133572188,fest_Q133572188,Q133572188,dreamflash in moscow 2013,"Dreamflash in Moscow, 2013",Festival,Q159,Russia,,
fest_Q135916008,fest_Q135916008,Q135916008,festivalul internațional de orgă românia,Festivalul Internațional de Orgă România,Festival,Q218,Romania,,
fest_Q61355174,fest_Q61355174,Q61355174,international romani art festival,International Romani Art Festival,Festival,Q218,Romania,,
fest_Q130123869,fest_Q130123869,Q130123869,pechan bazary 2024 festival,Pechan bazary 2024 festival,Festival,Q159,Russia,,
fest_Q15274619,fest_Q15274619,Q15274619,salt lake comic con,Salt Lake Comic Con,Festival,Q23337,Salt Lake City,,
fest_Q4396828,fest_Q4396828,Q4396828,rock on the volga,Rock on the Volga,Festival,Q894,Samara,,
fest_Q4019072,fest_Q4019072,Q4019072,west coast computer faire,West Coast Computer Faire,Festival,Q62,San Francisco,,
fest_Q5157905,fest_Q5157905,Q5157905,condor,ConDor,Festival,Q16552,San Diego,,
fest_Q135916158,fest_Q135916158,Q135916158,san jose fountain blues brews festival,San Jose Fountain Blues & Brews Festival,Festival,Q16553,San Jose,,
fest_Q114496415,fest_Q114496415,Q114496415,saint petersburg 2022 cluster week mediaindustry,Saint Petersburg 2022 Cluster Week Mediaindustry,Festival,Q656,Saint Petersburg,,
fest_Q856365,fest_Q856365,Q856365,conduit,CONduit,Festival,Q23337,Salt Lake City,,
fest_Q137575395,fest_Q137575395,Q137575395,crevarijada,Crevarijada,Festival,Q403,Serbia,,
fest_Q7061444,fest_Q7061444,Q7061444,norwescon,Norwescon,Festival,Q5083,Seattle,,
fest_Q282730,fest_Q282730,Q282730,belgrade book fair,Belgrade Book Fair,Festival,Q403,Serbia,1956-01-01,
fest_Q134983917,fest_Q134983917,Q134983917,mikuláš schneider-trnavský international vocal competition,Mikuláš Schneider-Trnavský International Vocal Competition,Festival,Q214,Slovakia,,
fest_Q25464688,fest_Q25464688,Q25464688,carevčevi dani,Carevčevi dani,Festival,Q403,Serbia,,
fest_Q25316228,fest_Q25316228,Q25316228,international science youth forum singapore,International Science Youth Forum @ Singapore,Festival,Q334,Singapore,,
fest_Q6049401,fest_Q6049401,Q6049401,international comics festival salon stripa,"International Comics Festival ""Salon stripa""",Festival,Q403,Serbia,2003-01-01,
fest_Q111032653,fest_Q111032653,Q111032653,singapore river buskers' festival,Singapore River Buskers' Festival,Festival,Q334,Singapore,,
fest_Q12762217,fest_Q12762217,Q12762217,amatfest,AmatFest,Festival,Q214,Slovakia,2004-01-01,2012-01-01
fest_Q2033154,fest_Q2033154,Q2033154,serbia in the eurovision song contest 2009,Serbia in the Eurovision Song Contest 2009,Festival,Q403,Serbia,,
fest_Q30594043,fest_Q30594043,Q30594043,kopaonik business forum,Kopaonik Business Forum,Festival,Q403,Serbia,,
fest_Q3487863,fest_Q3487863,Q3487863,conference on the application of esperanto in science and technology,Conference on the Application of Esperanto in Science and Technology,Festival,Q214,Slovakia,,
fest_Q111032660,fest_Q111032660,Q111032660,south east asia cultural festival,South East Asia Cultural Festival,Festival,Q334,Singapore,,
fest_Q135431592,fest_Q135431592,Q135431592,riđica traditional 'peka' cooking event,Riđica Traditional 'Peka' Cooking Event,Festival,Q403,Serbia,,
fest_Q13381875,fest_Q13381875,Q13381875,zoom,ZooM+,Festival,Q214,Slovakia,,
fest_Q136557170,fest_Q136557170,Q136557170,daq alhab,Daq Alhab,Festival,Q851,Saudi Arabia,,
fest_Q13421542,fest_Q13421542,Q13421542,jánošíkove dni,Jánošíkove dni,Festival,Q214,Slovakia,,
fest_Q5599964,fest_Q5599964,Q5599964,great singapore sale,Great Singapore Sale,Festival,Q334,Singapore,,
fest_Q21019824,fest_Q21019824,Q21019824,pride košice,PRIDE Košice,Festival,Q214,Slovakia,,
fest_Q131301806,fest_Q131301806,Q131301806,seychelles arts festival,Seychelles Arts Festival,Festival,Q1042,Seychelles,,
fest_Q136806050,fest_Q136806050,Q136806050,šabac october salon,Šabac October Salon,Festival,Q403,Serbia,,
fest_Q6297319,fest_Q6297319,Q6297319,joy of europe,Joy of Europe,Festival,Q403,Serbia,,
fest_Q12245988,fest_Q12245988,Q12245988,riyadh shopping festival,Riyadh shopping festival,Festival,Q851,Saudi Arabia,,
fest_Q131159637,fest_Q131159637,Q131159637,biban,Biban,Festival,Q851,Saudi Arabia,,
fest_Q110821727,fest_Q110821727,Q110821727,leap andinnovate,LEAP andInnovate,Festival,Q851,Saudi Arabia,,
fest_Q110045984,fest_Q110045984,Q110045984,biennial of children's artistic expression,Biennial of children's artistic expression,Festival,Q403,Serbia,,
fest_Q110045272,fest_Q110045272,Q110045272,museums for 10 event,"""Museums for 10"" event",Festival,Q403,Serbia,,
fest_Q65043136,fest_Q65043136,Q65043136,historic jeddah festival,Historic Jeddah Festival,Festival,Q851,Saudi Arabia,,
fest_Q18594232,fest_Q18594232,Q18594232,gamers' day,Gamers' Day,Festival,Q851,Saudi Arabia,,
fest_Q61130342,fest_Q61130342,Q61130342,zaštitnici tvrđave,Zaštitnici tvrđave,Festival,Q403,Serbia,,
fest_Q126367951,fest_Q126367951,Q126367951,future of semiconductors forum,Future of Semiconductors Forum,Festival,Q851,Saudi Arabia,,
fest_Q60765692,fest_Q60765692,Q60765692,jeddah international book fair,Jeddah International Book Fair,Festival,Q851,Saudi Arabia,,
fest_Q136439225,fest_Q136439225,Q136439225,cultural investment conference,Cultural Investment Conference,Festival,Q851,Saudi Arabia,,
fest_Q64540334,fest_Q64540334,Q64540334,winter at tantora festival,Winter at Tantora Festival,Festival,Q851,Saudi Arabia,,
fest_Q25377463,fest_Q25377463,Q25377463,journée de la femme digitale,Journée de la femme digitale,Festival,Q1041,Senegal,,
fest_Q17098395,fest_Q17098395,Q17098395,nušićijada,Nušićijada,Festival,Q403,Serbia,,
fest_Q28419214,fest_Q28419214,Q28419214,singapore fashion week,Singapore Fashion Week,Festival,Q334,Singapore,,
fest_Q96415692,fest_Q96415692,Q96415692,xooy,Xooy,Event,Q1041,Senegal,,
fest_Q5323805,fest_Q5323805,Q5323805,eoy,EOY,Festival,Q334,Singapore,,
fest_Q64627172,fest_Q64627172,Q64627172,jeddah season festival,Jeddah Season Festival,Festival,Q851,Saudi Arabia,,
fest_Q74415146,fest_Q74415146,Q74415146,singapore fintech festival,Singapore FinTech Festival,Festival,Q334,Singapore,,
fest_Q7452831,fest_Q7452831,Q7452831,serbian air show,Serbian Air Show,Festival,Q403,Serbia,,
fest_Q43117460,fest_Q43117460,Q43117460,festival bom,Festival Bo:m,Festival,Q8684,Seoul,,
fest_Q43117460,fest_Q43117460,Q43117460,festival bom,Festival Bo:m,Festival,Q8684,Seoul,,
fest_Q1011736,fest_Q1011736,Q1011736,gombaszog summer festival,Gombaszog Summer Festival,Festival,Q214,Slovakia,,
fest_Q25044935,fest_Q25044935,Q25044935,outbreak europe,Outbreak europe,Festival,Q214,Slovakia,,
fest_Q61130583,fest_Q61130583,Q61130583,jefimijini dani,Jefimijini dani,Festival,Q403,Serbia,,
fest_Q3063098,fest_Q3063098,Q3063098,summer esperanto study,Summer Esperanto Study,Festival,Q214,Slovakia,,
fest_Q12606158,fest_Q12606158,Q12606158,yangnyeongsi festival,Yangnyeongsi Festival,Festival,Q8684,Seoul,,
fest_Q12606158,fest_Q12606158,Q12606158,yangnyeongsi festival,Yangnyeongsi Festival,Festival,Q8684,Seoul,,
fest_Q4166017,fest_Q4166017,Q4166017,jenadriyah,Jenadriyah,Festival,Q851,Saudi Arabia,,
fest_Q12760595,fest_Q12760595,Q12760595,festival filmskih scenarija - screenfest,Festival Filmskih Scenarija - Screenfest,Festival,Q403,Serbia,,
fest_Q130219864,fest_Q130219864,Q130219864,october salon pančevo,October Salon Pančevo,Festival,Q403,Serbia,,
fest_Q5977922,fest_Q5977922,Q5977922,i light marina bay,i Light Marina Bay,Festival,Q334,Singapore,,
fest_Q130316450,fest_Q130316450,Q130316450,cultural years,Cultural Years,Festival,Q851,Saudi Arabia,,
fest_Q483826,fest_Q483826,Q483826,baeksang arts awards,Baeksang Arts Awards,Festival,Q8684,Seoul,1965-01-01,
fest_Q483826,fest_Q483826,Q483826,baeksang arts awards,Baeksang Arts Awards,Festival,Q8684,Seoul,1965-01-01,
fest_Q30590409,fest_Q30590409,Q30590409,comic con arabia,Comic Con Arabia,Festival,Q851,Saudi Arabia,,
fest_Q1126527,fest_Q1126527,Q1126527,küstendorf film and music festival,Küstendorf Film and Music Festival,Festival,Q403,Serbia,,
fest_Q108550619,fest_Q108550619,Q108550619,wiki loves monuments in serbia,Wiki Loves Monuments in Serbia,Festival,Q403,Serbia,,
fest_Q12776529,fest_Q12776529,Q12776529,spišské folklórne slávnosti,Spišské folklórne slávnosti,Festival,Q214,Slovakia,,
fest_Q135432259,fest_Q135432259,Q135432259,poezija vinom obojena,Poezija vinom obojena,Festival,Q403,Serbia,,
fest_Q6024547,fest_Q6024547,Q6024547,indignation,IndigNation,Festival,Q334,Singapore,,2009-01-01
fest_Q949776,fest_Q949776,Q949776,abu radio song festival 2012,ABU Radio Song Festival 2012,Festival,Q8684,Seoul,,2012-10-11
fest_Q16711610,fest_Q16711610,Q16711610,international festival of children's theatres,International Festival of Children's Theatres,Festival,Q403,Serbia,,
fest_Q74404584,fest_Q74404584,Q74404584,singapore night festival,Singapore Night Festival,Festival,Q334,Singapore,,
fest_Q5154060,fest_Q5154060,Q5154060,communicasia,CommunicAsia,Festival,Q334,Singapore,,
fest_Q99539520,fest_Q99539520,Q99539520,shakespeare festival,Shakespeare Festival,Festival,Q403,Serbia,,
fest_Q555896,fest_Q555896,Q555896,world architecture festival,World Architecture Festival,Festival,Q334,Singapore,,
fest_Q555896,fest_Q555896,Q555896,world architecture festival,World Architecture Festival,Festival,Q334,Singapore,,
fest_Q4806603,fest_Q4806603,Q4806603,asian children's festival,Asian Children's Festival,Festival,Q334,Singapore,,
fest_Q5190775,fest_Q5190775,Q5190775,crypticon,Crypticon,Festival,Q5083,Seattle,,
fest_Q16824205,fest_Q16824205,Q16824205,bratislava chamber guitar,Bratislava Chamber Guitar,Festival,Q214,Slovakia,,
fest_Q125769206,fest_Q125769206,Q125769206,international carnival pančevo,International carnival Pančevo,Festival,Q403,Serbia,,
fest_Q7605451,fest_Q7605451,Q7605451,steamcon,Steamcon,Festival,Q5083,Seattle,,
fest_Q7523159,fest_Q7523159,Q7523159,singapore youth festival,Singapore Youth Festival,Festival,Q334,Singapore,,
fest_Q20104271,fest_Q20104271,Q20104271,festa major de sitges,Festa Major de Sitges,Festival,Q29,Spain,,
fest_Q2613306,fest_Q2613306,Q2613306,tamborrada,Tamborrada,Festival,Q29,Spain,,
fest_Q17688140,fest_Q17688140,Q17688140,itaewon global village festival,Itaewon Global Village Festival,Festival,Q884,South Korea,,
fest_Q20103233,fest_Q20103233,Q20103233,enramades d'arbúcies,Enramades d'Arbúcies,Festival,Q29,Spain,,
fest_Q18013184,fest_Q18013184,Q18013184,ganghwado shrimp paste festival,Ganghwado Shrimp Paste Festival,Festival,Q884,South Korea,,
fest_Q5390543,fest_Q5390543,Q5390543,pecados and danzantes,Pecados and Danzantes,Festival,Q29,Spain,,
fest_Q5752918,fest_Q5752918,Q5752918,carnival of vinaròs,Carnival of Vinaròs,Festival,Q29,Spain,,
fest_Q11088726,fest_Q11088726,Q11088726,dansa de la mort,Dansa de la Mort,Festival,Q29,Spain,,
fest_Q12175110,fest_Q12175110,Q12175110,gran fira de valència,Gran Fira de València,Festival,Q29,Spain,,
fest_Q18696305,fest_Q18696305,Q18696305,la mostra d'igualada,La Mostra d'Igualada,Festival,Q29,Spain,,
fest_Q20101522,fest_Q20101522,Q20101522,poliniza,Poliniza,Festival,Q29,Spain,,
fest_Q5723385,fest_Q5723385,Q5723385,batalla naval de vallecas,Batalla naval de Vallecas,Festival,Q29,Spain,,
fest_Q3147421,fest_Q3147421,Q3147421,ibilaldia,Ibilaldia,Festival,Q29,Spain,,
fest_Q6343452,fest_Q6343452,Q6343452,cape town minstrel carnival,Cape Town Minstrel Carnival,Festival,Q258,South Africa,,
fest_Q625724,fest_Q625724,Q625724,lotus lantern festival,Lotus Lantern Festival,Festival,Q884,South Korea,,
fest_Q20105952,fest_Q20105952,Q20105952,enramades de sallent,Enramades de Sallent,Festival,Q29,Spain,,
fest_Q19810537,fest_Q19810537,Q19810537,danses de guadassuar,Danses de Guadassuar,Festival,Q29,Spain,,
fest_Q5861023,fest_Q5861023,Q5861023,international poetry festival city of granada,International Poetry Festival City of Granada,Festival,Q29,Spain,,
fest_Q18684615,fest_Q18684615,Q18684615,suncheon bay reeds festival,Suncheon Bay Reeds Festival,Festival,Q884,South Korea,,
fest_Q5305196,fest_Q5305196,Q5305196,dragon festival,Dragon Festival,Festival,Q29,Spain,,
fest_Q5970261,fest_Q5970261,Q5970261,las cabezadas,Las Cabezadas,Festival,Q29,Spain,,
fest_Q4838443,fest_Q4838443,Q4838443,baby jumping,Baby jumping,Festival,Q29,Spain,,
fest_Q11951447,fest_Q11951447,Q11951447,temporada alta,Temporada Alta,Festival,Q29,Spain,,
fest_Q11907763,fest_Q11907763,Q11907763,bamako trobada africana de fotografia,Bamako. Trobada africana de Fotografia,Festival,Q29,Spain,2003-01-01,2009-01-01
fest_Q5861062,fest_Q5861062,Q5861062,festival internacional de la sierra,Festival Internacional de la Sierra,Festival,Q29,Spain,,
fest_Q3183439,fest_Q3183439,Q3183439,esala perahera,Esala Perahera,Festival,Q854,Sri Lanka,,
fest_Q3837409,fest_Q3837409,Q3837409,fiestas de san juan o de la madre de dios soria,"Fiestas de San Juan o de la Madre de Dios, Soria",Festival,Q29,Spain,,
fest_Q5737902,fest_Q5737902,Q5737902,caballos del vino,Caballos del Vino,Festival,Q29,Spain,,
fest_Q17305074,fest_Q17305074,Q17305074,irungo alardea - alarde de irún,Irungo Alardea - Alarde de Irún,Festival,Q29,Spain,,
fest_Q5855501,fest_Q5855501,Q5855501,falles de torrent,Falles de Torrent,Festival,Q29,Spain,,
fest_Q5656997,fest_Q5656997,Q5656997,actual festival,Actual (festival),Festival,Q29,Spain,,
fest_Q5208205,fest_Q5208205,Q5208205,daegu yangnyeongsi festival,Daegu Yangnyeongsi Festival,Festival,Q884,South Korea,,
fest_Q1378191,fest_Q1378191,Q1378191,offf festival,Offf Festival,Festival,Q29,Spain,,
fest_Q5409826,fest_Q5409826,Q5409826,eunsan byeolsinje,Eunsan byeolsinje,Festival,Q884,South Korea,,
fest_Q12280565,fest_Q12280565,Q12280565,zname na mira,Zname na Mira,Festival,Q472,Sofia,,
fest_Q7433388,fest_Q7433388,Q7433388,scifest africa,SciFest Africa,Festival,Q258,South Africa,,
fest_Q5352198,fest_Q5352198,Q5352198,el sol,El Sol,Festival,Q29,Spain,,
fest_Q5970284,fest_Q5970284,Q5970284,las carantoñas acehúche,"Las Carantoñas, Acehúche",Festival,Q29,Spain,0019-01-01,0021-01-01
fest_Q8961597,fest_Q8961597,Q8961597,festa major de solsona,Festa Major de Solsona,Festival,Q29,Spain,,
fest_Q18013658,fest_Q18013658,Q18013658,iksan seodong festival,Iksan Seodong Festival,Festival,Q884,South Korea,,
fest_Q3500067,fest_Q3500067,Q3500067,strasbulles,Strasbulles,Festival,Q6602,Strasbourg,,
fest_Q11927138,fest_Q11927138,Q11927138,jaleo,Jaleo,Festival,Q29,Spain,,
fest_Q2881621,fest_Q2881621,Q2881621,pingüinos,Pingüinos,Festival,Q29,Spain,,
fest_Q20103634,fest_Q20103634,Q20103634,santantonà de forcall,Santantonà de Forcall,Festival,Q29,Spain,,
fest_Q6523298,fest_Q6523298,Q6523298,lent festival,Lent Festival,Festival,Q215,Slovenia,,
fest_Q5429969,fest_Q5429969,Q5429969,albacete fair,Albacete Fair,Festival,Q29,Spain,,
fest_Q2281587,fest_Q2281587,Q2281587,van riebeeck tercentenary festival,Van Riebeeck Tercentenary Festival,Festival,Q258,South Africa,,
fest_Q5445749,fest_Q5445749,Q5445749,festival de guitarra de barcelona,Festival de Guitarra de Barcelona,Festival,Q29,Spain,,
fest_Q5445754,fest_Q5445754,Q5445754,festival de música de jimena de la frontera,Festival de Música de Jimena de la Frontera,Festival,Q29,Spain,,
fest_Q11921910,fest_Q11921910,Q11921910,festes quinquennals d'alcanar,Festes Quinquennals d'Alcanar,Festival,Q29,Spain,,
fest_Q5242970,fest_Q5242970,Q5242970,day of the geese,Day of the Geese,Festival,Q29,Spain,,
fest_Q12618343,fest_Q12618343,Q12618343,jinju namgang yudeung festival,Jinju Namgang Yudeung Festival,Festival,Q884,South Korea,,
fest_Q4442796,fest_Q4442796,Q4442796,stockholm early music festival,Stockholm Early Music Festival,Festival,Q1754,Stockholm,,
fest_Q4442796,fest_Q4442796,Q4442796,stockholm early music festival,Stockholm Early Music Festival,Festival,Q1754,Stockholm,,
fest_Q2838024,fest_Q2838024,Q2838024,festes decennals de la mare de déu de la candela,Festes Decennals de la Mare de Déu de la Candela,Festival,Q29,Spain,,
fest_Q11921916,fest_Q11921916,Q11921916,festes de sant llorenç alaior,"Festes de Sant Llorenç, Alaior",Festival,Q29,Spain,,
fest_Q7753039,fest_Q7753039,Q7753039,the naked stage,The Naked Stage,Festival,Q215,Slovenia,,
fest_Q5861379,fest_Q5861379,Q5861379,festivals of saint vincent ferrer in the city of valencia,Festivals of Saint Vincent Ferrer in the city of Valencia,Festival,Q29,Spain,,
fest_Q20104202,fest_Q20104202,Q20104202,festa de la sal l'escala,"Festa de la Sal, l'Escala",Festival,Q29,Spain,,
fest_Q18132936,fest_Q18132936,Q18132936,festival internacional de benicàssim 2014,Festival Internacional de Benicàssim 2014,Festival,Q29,Spain,,
fest_Q11921923,fest_Q11921923,Q11921923,festes majors de ferreries,Festes majors de Ferreries,Festival,Q29,Spain,,
fest_Q496483,fest_Q496483,Q496483,gangneung danoje,Gangneung Danoje,Festival,Q884,South Korea,,
fest_Q11921920,fest_Q11921920,Q11921920,festes de la beata,Festes de la Beata,Festival,Q29,Spain,,
fest_Q8961627,fest_Q8961627,Q8961627,festes d'hivern-enfarinats,Festes d'Hivern-Enfarinats,Festival,Q29,Spain,,
fest_Q12620053,fest_Q12620053,Q12620053,chuncheon international mime festival,Chuncheon International Mime Festival,Festival,Q884,South Korea,,
fest_Q12793293,fest_Q12793293,Q12793293,kamfest,Kamfest,Festival,Q215,Slovenia,,
fest_Q17299707,fest_Q17299707,Q17299707,hondarribiko alardea,Hondarribiko Alardea,Festival,Q29,Spain,,
fest_Q3045527,fest_Q3045527,Q3045527,día del blusa,Día del Blusa,Festival,Q29,Spain,,
fest_Q20104455,fest_Q20104455,Q20104455,meeting of giants grallers and correfocs of borges blanques,"Meeting of Giants, Grallers and Correfocs of Borges Blanques",Festival,Q29,Spain,,
fest_Q8961229,fest_Q8961229,Q8961229,firatàrrega,FiraTàrrega,Festival,Q29,Spain,1981-01-01,
fest_Q5789882,fest_Q5789882,Q5789882,nit de l'albà,Nit de l'Albà,Festival,Q29,Spain,,
fest_Q3366656,fest_Q3366656,Q3366656,festival grec de barcelona,Festival Grec de Barcelona,Festival,Q29,Spain,,
fest_Q12388493,fest_Q12388493,Q12388493,festival de títeres de redondela,Festival de Títeres de Redondela,Festival,Q29,Spain,,
fest_Q11955007,fest_Q11955007,Q11955007,vow of the city arenys de mar,"Vow of the City, Arenys de Mar",Festival,Q29,Spain,,
fest_Q2894377,fest_Q2894377,Q2894377,festival de música española de cádiz,Festival de Música Española de Cádiz,Festival,Q29,Spain,,
fest_Q12134277,fest_Q12134277,Q12134277,san prudencio festival,San Prudencio festival,Festival,Q29,Spain,,
fest_Q4583727,fest_Q4583727,Q4583727,1987 iusy festival,1987 IUSY Festival,Festival,Q29,Spain,,
fest_Q2295568,fest_Q2295568,Q2295568,danoje,Danoje,Festival,Q884,South Korea,,
fest_Q12584328,fest_Q12584328,Q12584328,goyang international flower festival,Goyang International Flower Festival,Festival,Q884,South Korea,,
fest_Q3302580,fest_Q3302580,Q3302580,great week of bilbao,Great Week of Bilbao,Festival,Q29,Spain,,
fest_Q8662801,fest_Q8662801,Q8662801,pasarela gaudí,Pasarela Gaudí,Festival,Q29,Spain,,
fest_Q17088931,fest_Q17088931,Q17088931,starmus festival,Starmus Festival,Festival,Q29,Spain,,
fest_Q6139051,fest_Q6139051,Q6139051,tarraco viva,Tarraco Viva,Festival,Q29,Spain,1998-01-01,
fest_Q17636451,fest_Q17636451,Q17636451,las cantaderas león,"Las Cantaderas, León",Festival,Q29,Spain,,
fest_Q14947228,fest_Q14947228,Q14947228,circuit festival,Circuit Festival,Festival,Q29,Spain,,
fest_Q5719012,fest_Q5719012,Q5719012,bando de la huerta,Bando de la Huerta,Festival,Q29,Spain,,
fest_Q5044119,fest_Q5044119,Q5044119,carnival of las palmas,Carnival of Las Palmas,Festival,Q29,Spain,,
fest_Q4730265,fest_Q4730265,Q4730265,alla tiders melodifestival,Alla tiders Melodifestival,Festival,Q1754,Stockholm,,2005-03-21
fest_Q4730265,fest_Q4730265,Q4730265,alla tiders melodifestival,Alla tiders Melodifestival,Festival,Q1754,Stockholm,,2005-03-21
fest_Q5001265,fest_Q5001265,Q5001265,busan international fireworks festival,Busan International Fireworks Festival,Festival,Q884,South Korea,,
fest_Q5296017,fest_Q5296017,Q5296017,dongseongno festival,Dongseongno Festival,Festival,Q884,South Korea,,
fest_Q11921960,fest_Q11921960,Q11921960,fia-faia,Fia-Faia,Festival,Q29,Spain,,
fest_Q3290365,fest_Q3290365,Q3290365,festivity of la mare de déu de la salut of algemesí,Festivity of ‘la Mare de Déu de la Salut’ of Algemesí,Festival,Q29,Spain,,
fest_Q5861858,fest_Q5861858,Q5861858,toro enmaromado,Toro enmaromado,Festival,Q29,Spain,,
fest_Q20105615,fest_Q20105615,Q20105615,diada del 25 d'abril,Diada del 25 d'abril,Festival,Q29,Spain,,
fest_Q12800598,fest_Q12800598,Q12800598,rusijada,Rusijada,Festival,Q215,Slovenia,,
fest_Q486373,fest_Q486373,Q486373,boryeong mud festival,Boryeong Mud Festival,Festival,Q884,South Korea,,
fest_Q6124437,fest_Q6124437,Q6124437,san sebastian's big week,San Sebastian's Big Week,Festival,Q29,Spain,,
fest_Q7141858,fest_Q7141858,Q7141858,pascua florida,Pascua Florida,Festival,Q29,Spain,,
fest_Q20106122,fest_Q20106122,Q20106122,miniput,MINIPUT,Festival,Q29,Spain,,
fest_Q20102907,fest_Q20102907,Q20102907,fira de la candelera de molins de rei,Fira de la Candelera de Molins de Rei,Festival,Q29,Spain,,
fest_Q20103461,fest_Q20103461,Q20103461,ball de cavallets de sant feliu de pallerols,Ball de cavallets de Sant Feliu de Pallerols,Festival,Q29,Spain,,
fest_Q20103161,fest_Q20103161,Q20103161,ball dels pabordes,Ball dels Pabordes,Festival,Q29,Spain,,
fest_Q15967896,fest_Q15967896,Q15967896,nowhere event,NoWhere (event),Festival,Q29,Spain,,
fest_Q12268038,fest_Q12268038,Q12268038,carnival of tolosa,Carnival of Tolosa,Festival,Q29,Spain,,
fest_Q5963001,fest_Q5963001,Q5963001,cordà of paterna,Cordà of Paterna,Festival,Q29,Spain,,
fest_Q21077728,fest_Q21077728,Q21077728,festa de l'arbre,Festa de l'Arbre,Festival,Q29,Spain,,
fest_Q21088799,fest_Q21088799,Q21088799,kosmopolis,Kosmopolis,Festival,Q29,Spain,,
fest_Q23662620,fest_Q23662620,Q23662620,medieval market in capdepera,Medieval market in Capdepera,Festival,Q29,Spain,,
fest_Q23662691,fest_Q23662691,Q23662691,festes de sant bartomeu montuïri,"Festes de Sant Bartomeu, Montuïri",Festival,Q29,Spain,,
fest_Q23658059,fest_Q23658059,Q23658059,el zangarrón,El Zangarrón,Festival,Q29,Spain,,
fest_Q23310072,fest_Q23310072,Q23310072,ritual del jurru,Ritual del Jurru,Festival,Q29,Spain,,
fest_Q23655668,fest_Q23655668,Q23655668,valmaseda medieval market,Valmaseda medieval market,Festival,Q29,Spain,,
fest_Q20106405,fest_Q20106405,Q20106405,festa de l'arbre i ball del cornut de cornellà del terri,Festa de l'Arbre i Ball del Cornut de Cornellà del Terri,Festival,Q29,Spain,,
fest_Q23658031,fest_Q23658031,Q23658031,la soldadesca,La Soldadesca,Festival,Q29,Spain,,
fest_Q23449320,fest_Q23449320,Q23449320,festa do maio,Festa do Maio,Festival,Q29,Spain,,
fest_Q23662585,fest_Q23662585,Q23662585,procession of the three blows,Procession of the Three Blows,Festival,Q29,Spain,,
fest_Q23662616,fest_Q23662616,Q23662616,firó,Firó,Festival,Q29,Spain,,
fest_Q20106459,fest_Q20106459,Q20106459,feria de circo trapezi,Feria de Circo Trapezi,Festival,Q29,Spain,,
fest_Q23199332,fest_Q23199332,Q23199332,bonfires of saint john in a coruña,Bonfires of Saint John in A Coruña,Festival,Q29,Spain,,
fest_Q23662084,fest_Q23662084,Q23662084,magical autumn,Magical Autumn,Festival,Q29,Spain,,
fest_Q20108081,fest_Q20108081,Q20108081,falles of burriana,Falles of Burriana,Festival,Q29,Spain,,
fest_Q20106281,fest_Q20106281,Q20106281,festa del carro triomfal,Festa del Carro Triomfal,Festival,Q29,Spain,,
fest_Q23658017,fest_Q23658017,Q23658017,astures y romanos,Astures y Romanos,Festival,Q29,Spain,,
fest_Q23658054,fest_Q23658054,Q23658054,virgen de los pegotes,Virgen de los Pegotes,Festival,Q29,Spain,,
fest_Q20106444,fest_Q20106444,Q20106444,festes de sant antoni de sa pobla,Festes de Sant Antoni de Sa Pobla,Festival,Q29,Spain,1365-01-01,
fest_Q23661721,fest_Q23661721,Q23661721,corpus christi flower carpets,Corpus Christi flower carpets,Festival,Q29,Spain,,
fest_Q20108095,fest_Q20108095,Q20108095,festa del pi de centelles,Festa del Pi de Centelles,Festival,Q29,Spain,,
fest_Q23455822,fest_Q23455822,Q23455822,fiesta de la maya el molar,"Fiesta de la Maya, El Molar",Festival,Q29,Spain,,
fest_Q23660811,fest_Q23660811,Q23660811,feria del ajo santa marina del rey,"Feria del Ajo, Santa Marina del Rey",Festival,Q29,Spain,,
fest_Q23656927,fest_Q23656927,Q23656927,festa dels tonis de taradell,Festa dels Tonis de Taradell,Festival,Q29,Spain,,
fest_Q23660809,fest_Q23660809,Q23660809,fiesta de la trashumancia prioro,"Fiesta de la Trashumancia, Prioro",Festival,Q29,Spain,,
fest_Q20109030,fest_Q20109030,Q20109030,trabucaires bandolers i galejadors,"Trabucaires, bandolers i galejadors",Festival,Q29,Spain,,
fest_Q23657666,fest_Q23657666,Q23657666,fiesta de santa águeda,Fiesta de Santa Águeda,Festival,Q29,Spain,,
fest_Q23660816,fest_Q23660816,Q23660816,fiesta de nuestra señora y san roque,Fiesta de Nuestra Señora y San Roque,Festival,Q29,Spain,,
fest_Q23657668,fest_Q23657668,Q23657668,fiesta de los gabarreros,Fiesta de los Gabarreros,Festival,Q29,Spain,,
fest_Q23310075,fest_Q23310075,Q23310075,zafarronada de omaña,Zafarronada de Omaña,Festival,Q29,Spain,,
fest_Q23662039,fest_Q23662039,Q23662039,fiesta de la tenca province of cáceres,"Fiesta de la Tenca, province of Cáceres",Festival,Q29,Spain,,
fest_Q23662637,fest_Q23662637,Q23662637,festes de sant martí as mercadal,Festes de Sant Martí as Mercadal,Festival,Q29,Spain,,
fest_Q23662643,fest_Q23662643,Q23662643,feast of san jaime in villacarlos,Feast of San Jaime in Villacarlos,Festival,Q29,Spain,,
fest_Q23449319,fest_Q23449319,Q23449319,los mayos,Los Mayos,Festival,Q29,Spain,,
fest_Q23660832,fest_Q23660832,Q23660832,shepherd's festival los barrios de luna,"Shepherd's Festival, Los Barrios de Luna",Festival,Q29,Spain,,
fest_Q23655987,fest_Q23655987,Q23655987,night of the candles vitoria,"Night of the Candles, Vitoria",Festival,Q29,Spain,,
fest_Q20106496,fest_Q20106496,Q20106496,festa dels raiers de la pobla de segur,Festa dels Raiers de la Pobla de Segur,Festival,Q29,Spain,1979-01-01,
fest_Q23657680,fest_Q23657680,Q23657680,international trout week leon,"International Trout Week, Leon",Festival,Q29,Spain,,
fest_Q21003051,fest_Q21003051,Q21003051,festival of the grape harvest,Festival of the Grape Harvest,Festival,Q29,Spain,,
fest_Q23450140,fest_Q23450140,Q23450140,the saint's departure,The Saint's departure,Festival,Q29,Spain,,
fest_Q23310069,fest_Q23310069,Q23310069,antruejo de velilla de la reina,Antruejo de Velilla de la Reina,Festival,Q29,Spain,,
fest_Q22673355,fest_Q22673355,Q22673355,dragon days,Dragon Days,Festival,Q1022,Stuttgart,,
fest_Q23662594,fest_Q23662594,Q23662594,alaior carnival,Alaior Carnival,Festival,Q29,Spain,,
fest_Q23655940,fest_Q23655940,Q23655940,san ignacio festival,San Ignacio festival,Festival,Q29,Spain,,
fest_Q23662660,fest_Q23662660,Q23662660,festes de sant cristòfol de ses corregudes es migjorn gran,"Festes de Sant Cristòfol de ses Corregudes, es Migjorn Gran",Festival,Q29,Spain,,
fest_Q23662605,fest_Q23662605,Q23662605,massacre of bujots,Massacre of Bujots,Festival,Q29,Spain,,
fest_Q20493067,fest_Q20493067,Q20493067,titirijai,Titirijai,Festival,Q29,Spain,,
fest_Q23662580,fest_Q23662580,Q23662580,bonfires of capdepera,Bonfires of Capdepera,Festival,Q29,Spain,,
fest_Q21038058,fest_Q21038058,Q21038058,el cosso,El Cosso,Festival,Q29,Spain,,
fest_Q23662679,fest_Q23662679,Q23662679,festes de sant gaietà llucmaçanes,"Festes de Sant Gaietà, Llucmaçanes",Festival,Q29,Spain,,
fest_Q23657694,fest_Q23657694,Q23657694,justas medievales del paso honroso,Justas Medievales del Paso Honroso,Festival,Q29,Spain,,
fest_Q20106902,fest_Q20106902,Q20106902,gala de campdevànol,Gala de Campdevànol,Festival,Q29,Spain,,
fest_Q21479977,fest_Q21479977,Q21479977,manresa festival of light,Manresa Festival of Light,Festival,Q29,Spain,,
fest_Q23894905,fest_Q23894905,Q23894905,festa major de sant agustí d'alfara de carles,Festa Major de Sant Agustí d'Alfara de Carles,Festival,Q29,Spain,,
fest_Q23662702,fest_Q23662702,Q23662702,festes de sant agustí felanitx,"Festes de Sant Agustí, Felanitx",Festival,Q29,Spain,,
fest_Q23663151,fest_Q23663151,Q23663151,fira de santa caterina,Fira de Santa Caterina,Festival,Q29,Spain,,
fest_Q21479921,fest_Q21479921,Q21479921,completes de cervera,Completes de Cervera,Festival,Q29,Spain,,
fest_Q21479872,fest_Q21479872,Q21479872,caramelles del roser de sant julià de vilatorta,Caramelles del Roser de Sant Julià de Vilatorta,Festival,Q29,Spain,,
fest_Q23662860,fest_Q23662860,Q23662860,festa de les alfàbegues,Festa de les Alfàbegues,Festival,Q29,Spain,,
fest_Q21479929,fest_Q21479929,Q21479929,corpus de la garriga,Corpus de la Garriga,Festival,Q29,Spain,,
fest_Q23663605,fest_Q23663605,Q23663605,sant joan pelós,Sant Joan Pelós,Festival,Q29,Spain,,
fest_Q23658027,fest_Q23658027,Q23658027,traditional wedding ceremony,Traditional Wedding Ceremony,Festival,Q29,Spain,,
fest_Q23663326,fest_Q23663326,Q23663326,falles de cullera,Falles de Cullera,Festival,Q29,Spain,,
fest_Q23663386,fest_Q23663386,Q23663386,nit de les fogueretes agullent,"Nit de les fogueretes, Agullent",Festival,Q29,Spain,,
fest_Q23661684,fest_Q23661684,Q23661684,fiesta del almendro en flor tejeda,"Fiesta del Almendro en Flor, Tejeda",Festival,Q29,Spain,,
fest_Q23663342,fest_Q23663342,Q23663342,festes del xop el palomar,"Festes del Xop, El Palomar",Festival,Q29,Spain,,
fest_Q21587742,fest_Q21587742,Q21587742,dau barcelona,Dau Barcelona,Festival,Q29,Spain,,
fest_Q23663397,fest_Q23663397,Q23663397,carriage parade in pilar de la horadada,Carriage Parade in Pilar de la Horadada,Festival,Q29,Spain,,
fest_Q23657059,fest_Q23657059,Q23657059,festival of tourist interest of aragon,Festival of Tourist Interest of Aragon,Festival,Q29,Spain,,
fest_Q23657061,fest_Q23657061,Q23657061,isabel de segura wedding,Isabel de Segura Wedding,Festival,Q29,Spain,,
fest_Q23657558,fest_Q23657558,Q23657558,burgo de osma pig slaughter festival,Burgo de Osma Pig Slaughter Festival,Festival,Q29,Spain,,
fest_Q23662957,fest_Q23662957,Q23662957,carnivals of torrevieja,Carnivals of Torrevieja,Festival,Q29,Spain,,
fest_Q23663059,fest_Q23663059,Q23663059,festes de fogueres i barraques sant vicent del raspeig,"Festes de Fogueres i Barraques, Sant Vicent del Raspeig",Festival,Q29,Spain,,
fest_Q23663100,fest_Q23663100,Q23663100,cavalcade of magi of vila-real,Cavalcade of Magi of Vila-real,Festival,Q29,Spain,,
fest_Q24254507,fest_Q24254507,Q24254507,classic theater festival of olmedo,Classic Theater Festival of Olmedo,Festival,Q29,Spain,,
fest_Q23662746,fest_Q23662746,Q23662746,the little shepherds of ciudadela,The Little Shepherds of Ciudadela,Festival,Q29,Spain,,
fest_Q21855013,fest_Q21855013,Q21855013,antruejo de llamas de la ribera,Antruejo de Llamas de la Ribera,Festival,Q29,Spain,,
fest_Q23662634,fest_Q23662634,Q23662634,festa de la verge del carme sant antoni de portmany,"Festa de la Verge del Carme, Sant Antoni de Portmany",Festival,Q29,Spain,,
fest_Q23662785,fest_Q23662785,Q23662785,festival in honour of sant antoni abad,Festival in honour of Sant Antoni Abad,Festival,Q29,Spain,,
fest_Q23663395,fest_Q23663395,Q23663395,first cut of honey in ayora,First Cut of Honey in Ayora,Festival,Q29,Spain,,
fest_Q21483881,fest_Q21483881,Q21483881,festividad del santo ángel tutelar ayora,"Festividad del Santo Ángel Tutelar, Ayora",Festival,Q29,Spain,,
fest_Q23662631,fest_Q23662631,Q23662631,international folklore festival of soller,International Folklore Festival of Soller,Festival,Q29,Spain,,
fest_Q23662803,fest_Q23662803,Q23662803,falles de xàtiva,Falles de Xàtiva,Festival,Q29,Spain,,
fest_Q23663308,fest_Q23663308,Q23663308,cant de la carxofa alaquàs,"Cant de la Carxofa, Alaquàs",Festival,Q29,Spain,,
fest_Q23894724,fest_Q23894724,Q23894724,festa major de sant roc de la cava,Festa Major de Sant Roc de La Cava,Festival,Q29,Spain,,
fest_Q23662966,fest_Q23662966,Q23662966,fiesta de la jira o del último jueves,Fiesta de la Jira o del Último Jueves,Festival,Q29,Spain,,
fest_Q24859892,fest_Q24859892,Q24859892,ground forces festival,Ground Forces Festival,Festival,Q884,South Korea,2002-01-01,
fest_Q23663307,fest_Q23663307,Q23663307,offerings to the túria river,offerings to the Túria river,Festival,Q29,Spain,,
fest_Q61831783,fest_Q61831783,Q61831783,folk group in vilanova i la geltrú,folk group in Vilanova i la Geltrú,Festival,Q29,Spain,,
fest_Q105479764,fest_Q105479764,Q105479764,1963 ptuj carnival,1963 Ptuj Carnival,Festival,Q215,Slovenia,,
fest_Q31179441,fest_Q31179441,Q31179441,wando sunrise festival,Wando Sunrise Festival,Festival,Q884,South Korea,,
fest_Q47120057,fest_Q47120057,Q47120057,falles of dénia,Falles of Dénia,Festival,Q29,Spain,,
fest_Q28134991,fest_Q28134991,Q28134991,ifca international festival of computer arts,IFCA – International festival of computer arts,Festival,Q215,Slovenia,,
fest_Q136988214,fest_Q136988214,Q136988214,haman persimmon festival,Haman Persimmon Festival,Festival,Q884,South Korea,,
fest_Q104425094,fest_Q104425094,Q104425094,encierros y capeas de ayora,Encierros y capeas de Ayora,Festival,Q29,Spain,,
fest_Q105973735,fest_Q105973735,Q105973735,festival internacional de títeres de jerez de la frontera,Festival Internacional de Títeres de Jerez de la Frontera,Festival,Q29,Spain,,
fest_Q137442051,fest_Q137442051,Q137442051,uiryeong rich rich festival,Uiryeong Rich Rich Festival,Festival,Q884,South Korea,,
fest_Q123653547,fest_Q123653547,Q123653547,festa de la filloxera,Festa de la Fil·loxera,Festival,Q29,Spain,,
fest_Q115626809,fest_Q115626809,Q115626809,ibilaldia 2013,Ibilaldia 2013,Festival,Q29,Spain,,
fest_Q47119479,fest_Q47119479,Q47119479,fiesta de la virgen de agosto y san roque requena,"Fiesta de la Virgen de Agosto y San Roque, Requena",Festival,Q29,Spain,,
fest_Q28711502,fest_Q28711502,Q28711502,lluèrnia,Lluèrnia,Festival,Q29,Spain,,
fest_Q47129466,fest_Q47129466,Q47129466,falles of alcàsser,Falles of Alcàsser,Festival,Q29,Spain,,
fest_Q63164477,fest_Q63164477,Q63164477,week of lights 1938,Week of Lights 1938,Festival,Q1754,Stockholm,1938-08-27,1938-09-04
fest_Q63164477,fest_Q63164477,Q63164477,week of lights 1938,Week of Lights 1938,Festival,Q1754,Stockholm,1938-08-27,1938-09-04
fest_Q113667591,fest_Q113667591,Q113667591,water tower art fest,Water Tower Art Fest,Festival,Q472,Sofia,,
fest_Q105589549,fest_Q105589549,Q105589549,idrija lace festival,Idrija lace festival,Festival,Q215,Slovenia,,
fest_Q78847962,fest_Q78847962,Q78847962,fira de teatre infantil i juvenil de les illes balears,Fira de teatre infantil i juvenil de les Illes Balears,Festival,Q29,Spain,,
fest_Q114007985,fest_Q114007985,Q114007985,bilbao festival of theatre schools,Bilbao Festival of Theatre Schools,Festival,Q29,Spain,,
fest_Q137544425,fest_Q137544425,Q137544425,hatsare janghowon peach festival,Hatsare Janghowon Peach Festival,Festival,Q884,South Korea,2025-09-19,2025-09-21
fest_Q135408016,fest_Q135408016,Q135408016,act festival,ACT Festival,Festival,Q29,Spain,,
fest_Q78846744,fest_Q78846744,Q78846744,mostra de teatre d'alcoi,Mostra de Teatre d'Alcoi,Festival,Q29,Spain,,
fest_Q130371088,fest_Q130371088,Q130371088,charles v renaissance market,Charles V Renaissance Market,Festival,Q29,Spain,,
fest_Q47069820,fest_Q47069820,Q47069820,es jaleo,Es Jaleo,Festival,Q29,Spain,,
fest_Q137437222,fest_Q137437222,Q137437222,haman watermelon festival,Haman Watermelon Festival,Festival,Q884,South Korea,,
fest_Q827695,fest_Q827695,Q827695,la tomatina,La Tomatina,Event,Q29,Spain,,
fest_Q78847323,fest_Q78847323,Q78847323,umore azoka,Umore Azoka,Festival,Q29,Spain,,
fest_Q75099337,fest_Q75099337,Q75099337,reggaeboa,Reggaeboa,Festival,Q29,Spain,,
fest_Q137533731,fest_Q137533731,Q137533731,anyang dance festival,Anyang Dance Festival,Festival,Q884,South Korea,,
fest_Q106689307,fest_Q106689307,Q106689307,muixeranga d'algemesí,Muixeranga d'Algemesí,Festival,Q29,Spain,,
fest_Q43117056,fest_Q43117056,Q43117056,city of women festival,City of Women Festival,Festival,Q215,Slovenia,,
fest_Q31074902,fest_Q31074902,Q31074902,falles de la pobla de segur,Falles de La Pobla de Segur,Festival,Q29,Spain,,
fest_Q139813926,fest_Q139813926,Q139813926,demoleer,Demoleer,Festival,Q29,Spain,,
fest_Q137545685,fest_Q137545685,Q137545685,maengbang yuchae flower village,Maengbang Yuchae Flower Village,Festival,Q884,South Korea,,
fest_Q27049481,fest_Q27049481,Q27049481,stična of the youth,Stična of the Youth,Festival,Q215,Slovenia,,
fest_Q66604982,fest_Q66604982,Q66604982,moengo festival,Moengo Festival,Festival,Q730,Suriname,,
fest_Q47128911,fest_Q47128911,Q47128911,festival of our lady of the forsaken in jérica,Festival of Our Lady of the Forsaken in Jérica,Festival,Q29,Spain,,
fest_Q123053262,fest_Q123053262,Q123053262,beopseongpo danoje,Beopseongpo Danoje,Festival,Q884,South Korea,,
fest_Q78847112,fest_Q78847112,Q78847112,dferia,dFERIA,Festival,Q29,Spain,,
fest_Q50996351,fest_Q50996351,Q50996351,festival de videojuegos y cultura asiática de sevilla,Festival de Videojuegos y Cultura Asiática de Sevilla,Festival,Q29,Spain,,
fest_Q137427845,fest_Q137427845,Q137427845,changnyeong nakdong river canola flower festival,Changnyeong Nakdong River Canola Flower Festival,Festival,Q884,South Korea,,
fest_Q123053215,fest_Q123053215,Q123053215,jwasuyeong eobangnori,Jwasuyeong eobangnori,Festival,Q884,South Korea,,
fest_Q66712801,fest_Q66712801,Q66712801,srefidensi dey,Srefidensi Dey,Festival,Q730,Suriname,,
fest_Q137926467,fest_Q137926467,Q137926467,festas de maría pita,Festas de María Pita,Festival,Q29,Spain,,
fest_Q78847864,fest_Q78847864,Q78847864,fira b,Fira B!,Festival,Q29,Spain,,
fest_Q26713999,fest_Q26713999,Q26713999,graška gora poje in igra,Graška Gora poje in igra,Festival,Q215,Slovenia,1976-01-01,
fest_Q104519344,fest_Q104519344,Q104519344,encierros de guadalajara,Encierros de Guadalajara,Festival,Q29,Spain,,
fest_Q125400595,fest_Q125400595,Q125400595,feria de la miel,Feria de la Miel,Festival,Q29,Spain,,
fest_Q137531733,fest_Q137531733,Q137531733,miryang arirang festival,Miryang Arirang Festival,Festival,Q884,South Korea,,
fest_Q117815241,fest_Q117815241,Q117815241,los zarramaches casavieja,"Los Zarramaches, Casavieja",Festival,Q29,Spain,,
fest_Q118727089,fest_Q118727089,Q118727089,festa de la farigola,Festa de la Farigola,Festival,Q29,Spain,,
fest_Q81723491,fest_Q81723491,Q81723491,riverland fest,Riverland Fest,Festival,Q29,Spain,,
fest_Q123053220,fest_Q123053220,Q123053220,miryang baekjung nori,Miryang Baekjung Nori,Festival,Q884,South Korea,,
fest_Q131766833,fest_Q131766833,Q131766833,festival alcalá música antigua,Festival Alcalá Música Antigua,Festival,Q29,Spain,,
fest_Q52884919,fest_Q52884919,Q52884919,sofia underground,Sofia Underground,Festival,Q472,Sofia,,
fest_Q78847431,fest_Q78847431,Q78847431,galicia escena pro,Galicia Escena PRO,Festival,Q29,Spain,,
fest_Q3092925,fest_Q3092925,Q3092925,fiestas del pilar,Fiestas del Pilar,Event,Q29,Spain,,
fest_Q136947818,fest_Q136947818,Q136947818,gangju sunflower festival,Gangju Sunflower Festival,Festival,Q884,South Korea,,
fest_Q118453305,fest_Q118453305,Q118453305,open houses slovenia,Open Houses Slovenia,Festival,Q215,Slovenia,,
fest_Q137531648,fest_Q137531648,Q137531648,chodong yeongagil festival,Chodong Yeongagil Festival,Festival,Q884,South Korea,,
fest_Q123564264,fest_Q123564264,Q123564264,circada,Circada,Festival,Q29,Spain,,
fest_Q137786920,fest_Q137786920,Q137786920,adela festival of generative arts 2025,ADELA Festival of Generative Arts 2025,Festival,Q215,Slovenia,,
fest_Q98534687,fest_Q98534687,Q98534687,classics in alcalá,Classics in Alcalá,Festival,Q29,Spain,,
fest_Q41799347,fest_Q41799347,Q41799347,marabili festival,Marabili festival,Festival,Q29,Spain,,
fest_Q43117015,fest_Q43117015,Q43117015,mladi levi festival,Mladi levi festival,Festival,Q215,Slovenia,,
fest_Q131451456,fest_Q131451456,Q131451456,ondal culture festival,Ondal Culture Festival,Festival,Q884,South Korea,,
fest_Q31073872,fest_Q31073872,Q31073872,cercavila de l'imaginari de vilanova i la geltrú,Cercavila de l'Imaginari de Vilanova i la Geltrú,Festival,Q29,Spain,,
fest_Q137534041,fest_Q137534041,Q137534041,ttangkkeut haeneomihaemaji festival,Ttangkkeut haeneomihaemaji Festival,Festival,Q884,South Korea,,
fest_Q56005589,fest_Q56005589,Q56005589,càntut,Càntut,Festival,Q29,Spain,,
fest_Q118347664,fest_Q118347664,Q118347664,chunhyang festival,Chunhyang Festival,Festival,Q884,South Korea,,
fest_Q137533763,fest_Q137533763,Q137533763,anyang youth festival,Anyang Youth Festival,Festival,Q884,South Korea,,
fest_Q129263928,fest_Q129263928,Q129263928,celebrations pilgrimages and festivals in pontevedra,"Celebrations, pilgrimages and festivals in Pontevedra",Festival,Q29,Spain,,
fest_Q26714030,fest_Q26714030,Q26714030,festival vurberk,Festival Vurberk,Festival,Q215,Slovenia,,
fest_Q124615023,fest_Q124615023,Q124615023,mem,MEM,Festival,Q29,Spain,,
fest_Q129353096,fest_Q129353096,Q129353096,stockholm steam,Stockholm Steam,Festival,Q1754,Stockholm,,
fest_Q129353096,fest_Q129353096,Q129353096,stockholm steam,Stockholm Steam,Festival,Q1754,Stockholm,,
fest_Q117317246,fest_Q117317246,Q117317246,còmicnostrum,CòmicNostrum,Festival,Q29,Spain,,
fest_Q78847579,fest_Q78847579,Q78847579,palma feria de teatro en el sur,"Palma, Feria de Teatro en el Sur",Festival,Q29,Spain,,
fest_Q112135244,fest_Q112135244,Q112135244,festivals of alcalá de henares,Festivals of Alcalá de Henares,Festival,Q29,Spain,,
fest_Q539863,fest_Q539863,Q539863,saint agatha of siclily celebration,Saint Agatha of Siclily celebration,Event,Q29,Spain,,
fest_Q123053230,fest_Q123053230,Q123053230,wido ttibaennori,Wido Ttibaennori,Festival,Q884,South Korea,,
fest_Q12388475,fest_Q12388475,Q12388475,festa do esquecemento,Festa do esquecemento,Event,Q29,Spain,,
fest_Q4121017,fest_Q4121017,Q4121017,festival de los patios,Festival de los Patios,Event,Q29,Spain,1967-05-07,
fest_Q3392407,fest_Q3392407,Q3392407,arde lucus,Arde Lucus,Event,Q29,Spain,,
fest_Q11921905,fest_Q11921905,Q11921905,festa dels traginers de balsareny,Festa dels Traginers de Balsareny,Event,Q29,Spain,,
fest_Q8338712,fest_Q8338712,Q8338712,carnival in teguise,Carnival in Teguise,Event,Q29,Spain,,
fest_Q8961610,fest_Q8961610,Q8961610,fiesta del pce,Fiesta del PCE,Event,Q29,Spain,,
fest_Q5391361,fest_Q5391361,Q5391361,telecogresca,Telecogresca,Event,Q29,Spain,1978-01-01,
fest_Q5861822,fest_Q5861822,Q5861822,fiestas de san cayetano,Fiestas de San Cayetano,Event,Q29,Spain,,
fest_Q4896555,fest_Q4896555,Q4896555,jarramplas,Jarramplas,Event,Q29,Spain,,
fest_Q5962041,fest_Q5962041,Q5962041,arrival of caravel niña in baiona,Arrival of caravel Niña in Baiona,Event,Q29,Spain,,
fest_Q23661019,fest_Q23661019,Q23661019,carnivals in viana do bolo,Carnivals in Viana do Bolo,Event,Q29,Spain,,
fest_Q11921922,fest_Q11921922,Q11921922,festes del ranxo,festes del Ranxo,Event,Q29,Spain,,
fest_Q5861673,fest_Q5861673,Q5861673,fiesta de la vaquilla,Fiesta de la Vaquilla,Event,Q29,Spain,,
fest_Q20108100,fest_Q20108100,Q20108100,festes de santa eulàlia barcelona,Festes de Santa Eulàlia (Barcelona),Event,Q29,Spain,,
fest_Q894689,fest_Q894689,Q894689,botellón,Botellón,Event,Q29,Spain,,
fest_Q12175050,fest_Q12175050,Q12175050,fallas de benicarló,Fallas de Benicarló,Event,Q29,Spain,,
fest_Q10856568,fest_Q10856568,Q10856568,carnival in asturias,Carnival in Asturias,Event,Q29,Spain,,
fest_Q5575352,fest_Q5575352,Q5575352,goat throwing,goat throwing,Event,Q29,Spain,,2000-01-01
fest_Q5858918,fest_Q5858918,Q5858918,san antonio fair,San Antonio Fair,Event,Q29,Spain,,
fest_Q20109040,fest_Q20109040,Q20109040,tres tombs in sant antoni barcelona,"Tres Tombs in Sant Antoni, Barcelona",Event,Q29,Spain,,
fest_Q1416022,fest_Q1416022,Q1416022,holy week in spain,Holy Week in Spain,Event,Q29,Spain,,
fest_Q5763483,fest_Q5763483,Q5763483,international habaneras and polyphony contest of torrevieja,International Habaneras and Polyphony Contest of Torrevieja,Event,Q29,Spain,,
fest_Q20108115,fest_Q20108115,Q20108115,foguerons de sant antoni de sa pobla a gràcia,Foguerons de Sant Antoni de sa Pobla a Gràcia,Event,Q29,Spain,,
fest_Q3393255,fest_Q3393255,Q3393255,plantà,Plantà,Event,Q29,Spain,,
fest_Q5650864,fest_Q5650864,Q5650864,virgen de la guía festival in portugalete,Virgen de la Guía festival in Portugalete,Event,Q29,Spain,,
fest_Q4895460,fest_Q4895460,Q4895460,santa tecla festival,Santa Tecla Festival,Event,Q29,Spain,,
fest_Q12387893,fest_Q12387893,Q12387893,carnival of meira,Carnival of Meira,Event,Q29,Spain,,
fest_Q5861667,fest_Q5861667,Q5861667,carnival in gijon,Carnival in Gijon,Event,Q29,Spain,,
fest_Q23710981,fest_Q23710981,Q23710981,entroido de vilariño de conso,Entroido de Vilariño de Conso,Event,Q29,Spain,,
fest_Q5669877,fest_Q5669877,Q5669877,almossassa batalyaws,Almossassa Batalyaws,Event,Q29,Spain,,
fest_Q20545088,fest_Q20545088,Q20545088,festival of coco in redondela,Festival of Coco in Redondela,Event,Q29,Spain,,
fest_Q11947723,fest_Q11947723,Q11947723,santíssim misteri de cervera,Santíssim Misteri de Cervera,Event,Q29,Spain,,
fest_Q12257567,fest_Q12257567,Q12257567,basque floral games,Basque Floral Games,Event,Q29,Spain,,
fest_Q20545247,fest_Q20545247,Q20545247,festa dos fachós,Festa dos Fachós,Event,Q29,Spain,,
fest_Q4158427,fest_Q4158427,Q4158427,fiestas de la paloma in madrid,Fiestas de la Paloma in Madrid,Event,Q29,Spain,,
fest_Q5861780,fest_Q5861780,Q5861780,els enfarinats,Els Enfarinats,Event,Q29,Spain,,
fest_Q2834310,fest_Q2834310,Q2834310,falles of alzira,Falles of Alzira,Event,Q29,Spain,,
fest_Q11919232,fest_Q11919232,Q11919232,encamisada de falset,Encamisada de Falset,Event,Q29,Spain,,
fest_Q20541714,fest_Q20541714,Q20541714,carnival of xinzo de limia,Carnival of Xinzo de Limia,Event,Q29,Spain,,
fest_Q17627199,fest_Q17627199,Q17627199,baixada del riu bullent,Baixada del riu Bullent,Event,Q29,Spain,,
fest_Q1208044,fest_Q1208044,Q1208044,festa de l'estendard,Festa de l'Estendard,Event,Q29,Spain,,
fest_Q11921918,fest_Q11921918,Q11921918,renaissance festival in tortosa,Renaissance Festival in Tortosa,Event,Q29,Spain,,
fest_Q9033856,fest_Q9033856,Q9033856,mocadorà,Mocadorà,Event,Q29,Spain,,
fest_Q8961500,fest_Q8961500,Q8961500,festa da dorna,Festa da Dorna,Event,Q29,Spain,,
fest_Q20106517,fest_Q20106517,Q20106517,foguera de canals,Foguera de Canals,Event,Q29,Spain,,
fest_Q2115110,fest_Q2115110,Q2115110,mystery play of elche,Mystery Play of Elche,Event,Q29,Spain,,
fest_Q8961628,fest_Q8961628,Q8961628,magdalena festival,Magdalena Festival,Event,Q29,Spain,,
fest_Q16908679,fest_Q16908679,Q16908679,falles d'isil,Falles d'Isil,Event,Q29,Spain,,
fest_Q10601520,fest_Q10601520,Q10601520,nobel nightcap,Nobel Nightcap,Event,Q1754,Stockholm,,
fest_Q10601520,fest_Q10601520,Q10601520,nobel nightcap,Nobel Nightcap,Event,Q1754,Stockholm,,
fest_Q3327994,fest_Q3327994,Q3327994,palm sunday in elx,Palm Sunday in Elx,Event,Q29,Spain,,
fest_Q11704629,fest_Q11704629,Q11704629,toro de la vega tournament,Toro de la Vega (tournament),Event,Q29,Spain,,
fest_Q2613306,fest_Q6138503,Q6138503,tamborrada,tamborrada,Event,Q29,Spain,,
fest_Q1406268,fest_Q1406268,Q1406268,málaga fair,Málaga Fair,Event,Q29,Spain,,
fest_Q5752941,fest_Q5752941,Q5752941,carnival in spain,Carnival in Spain,Event,Q29,Spain,,
fest_Q20106411,fest_Q20106411,Q20106411,festa de sant antoni a massalfassar,Festa de Sant Antoni a Massalfassar,Event,Q29,Spain,,
fest_Q12388467,fest_Q12388467,Q12388467,festa da istoria,Festa da Istoria,Event,Q29,Spain,,
fest_Q3986817,fest_Q3986817,Q3986817,the ferrolterra pantin classic,The Ferrolterra Pantin Classic,Event,Q29,Spain,,
fest_Q3397662,fest_Q3397662,Q3397662,entrada de toros y caballos,Entrada de toros y caballos,Event,Q29,Spain,,
fest_Q8350950,fest_Q8350950,Q8350950,cordada,Cordada,Event,Q29,Spain,,
fest_Q1143768,fest_Q1143768,Q1143768,falles,Falles,Event,Q29,Spain,,
fest_Q20106598,fest_Q20106598,Q20106598,tres tombs in sant andreu de palomar,Tres Tombs in Sant Andreu de Palomar,Event,Q29,Spain,,
fest_Q61790058,fest_Q61790058,Q61790058,escudella de castellterçol,Escudella de Castellterçol,Event,Q29,Spain,,
fest_Q120403918,fest_Q120403918,Q120403918,fair of jerez province of cádiz,"Fair of Jerez, Province of Cádiz",Event,Q29,Spain,1967-09-27,
fest_Q137972579,fest_Q137972579,Q137972579,sugar cane festival,Sugar Cane Festival,Event,Q29,Spain,,
fest_Q28711577,fest_Q28711577,Q28711577,festa del peix,Festa del Peix,Event,Q29,Spain,,
fest_Q23653026,fest_Q23653026,Q23653026,falles de gandia,Falles de Gandia,Event,Q29,Spain,,
fest_Q10456317,fest_Q10456317,Q10456317,gai li,Gai Li,Event,Q884,South Korea,,
fest_Q24941846,fest_Q24941846,Q24941846,feast of reverences,Feast of Reverences,Event,Q29,Spain,,
fest_Q6123993,fest_Q6123993,Q6123993,seises,Seises,Event,Q29,Spain,,
fest_Q123484962,fest_Q123484962,Q123484962,oath of office spain,Oath of office (Spain),Event,Q29,Spain,,
fest_Q23660979,fest_Q23660979,Q23660979,entroido dos xenerais do ulla,Entroido dos Xenerais do Ulla,Event,Q29,Spain,,
fest_Q91225122,fest_Q91225122,Q91225122,toma de almohada,Toma de almohada,Event,Q29,Spain,,
fest_Q90064213,fest_Q90064213,Q90064213,entroido de samede,Entroido de Samede,Event,Q29,Spain,,
fest_Q65205710,fest_Q65205710,Q65205710,festa de l'ametller florit,Festa de l'Ametller Florit,Event,Q29,Spain,,
fest_Q115940024,fest_Q115940024,Q115940024,gran festa de la calçotada,Gran festa de la calçotada,Event,Q29,Spain,,
fest_Q97502346,fest_Q97502346,Q97502346,state ceremony in madrid in tribute to the victims of covid-19 and in recognition of society,State ceremony in Madrid in tribute to the victims of COVID-19 and in recognition of society,Event,Q29,Spain,,
fest_Q115940402,fest_Q115940402,Q115940402,escudella de gelida,Escudella de Gelida,Event,Q29,Spain,,
fest_Q113645748,fest_Q113645748,Q113645748,zarauzko euskal jaiak,Zarauzko euskal jaiak,Event,Q29,Spain,,
fest_Q483188,fest_Q483188,Q483188,korean music awards,Korean Music Awards,Festival,Q884,South Korea,,
fest_Q7232850,fest_Q7232850,Q7232850,poruwa ceremony,Poruwa ceremony,Event,Q854,Sri Lanka,,
fest_Q23047569,fest_Q23047569,Q23047569,viking festival of catoira,Viking Festival of Catoira,Event,Q29,Spain,,
fest_Q17685565,fest_Q17685565,Q17685565,hanjanggun nori,Hanjanggun nori,Event,Q884,South Korea,,
fest_Q3765976,fest_Q3765976,Q3765976,three flags day,Three Flags Day,Event,Q38022,St. Louis,1804-03-09,1804-03-10
fest_Q81315394,fest_Q81315394,Q81315394,fiestas de san blas y santa águeda mequinenza,Fiestas de San Blas y Santa Águeda (Mequinenza),Event,Q29,Spain,,
fest_Q118278977,fest_Q118278977,Q118278977,festes de sant joan i els elois,Festes de Sant Joan i els Elois,Event,Q29,Spain,,
fest_Q100933143,fest_Q100933143,Q100933143,fifth anniversary of el español,fifth anniversary of El Español,Event,Q29,Spain,,
fest_Q19336875,fest_Q19336875,Q19336875,bestiari popular de montblanc,Bestiari popular de Montblanc,Event,Q29,Spain,,
fest_Q6105049,fest_Q6105049,Q6105049,changing of the royal guards at the royal palace of madrid,Changing of the Royal Guards at the Royal Palace of Madrid,Event,Q29,Spain,,
fest_Q95150541,fest_Q95150541,Q95150541,festa de l'arbre fruiter,Festa de l'Arbre Fruiter,Event,Q29,Spain,,
fest_Q20104258,fest_Q20104258,Q20104258,festa dels tonis de santa eugènia de berga,Festa dels Tonis de Santa Eugènia de Berga,Event,Q29,Spain,,
fest_Q124353516,fest_Q124353516,Q124353516,escudella de carnestoltes a sant feliu de codines,Escudella de Carnestoltes a Sant Feliu de Codines,Event,Q29,Spain,,
fest_Q108884831,fest_Q108884831,Q108884831,ferias y fiestas de alcalá de henares,Ferias y Fiestas de Alcalá de Henares,Event,Q29,Spain,,
fest_Q109607040,fest_Q109607040,Q109607040,westward the women of plan,Westward the Women of Plan,Event,Q29,Spain,,
fest_Q117857185,fest_Q117857185,Q117857185,quintillo,Quintillo,Event,Q29,Spain,,
fest_Q16094859,fest_Q16094859,Q16094859,araennyeok suryukjae,Araennyeok Suryukjae,Event,Q884,South Korea,,
fest_Q98807123,fest_Q98807123,Q98807123,ospa eguna,Ospa Eguna,Event,Q29,Spain,,
fest_Q120705939,fest_Q120705939,Q120705939,festa dels masos de torroella de montgrí i l'estartit,Festa dels Masos de Torroella de Montgrí i l'Estartit,Event,Q29,Spain,,
fest_Q110618287,fest_Q110618287,Q110618287,foliada,foliada,Event,Q29,Spain,,
fest_Q137294646,fest_Q137294646,Q137294646,festa del segar i el batre,Festa del Segar i el Batre,Event,Q29,Spain,,
fest_Q76986822,fest_Q76986822,Q76986822,carasses,Carasses,Event,Q29,Spain,,
fest_Q485104,fest_Q485104,Q485104,college scholastic ability test,College Scholastic Ability Test,Festival,Q884,South Korea,,
fest_Q486716,fest_Q486716,Q486716,team spirit,Team Spirit,Festival,Q884,South Korea,1976-01-01,1993-01-01
fest_Q107474570,fest_Q107474570,Q107474570,madalenas,Madalenas,Event,Q29,Spain,,
fest_Q31177887,fest_Q31177887,Q31177887,president moon jae-in's inauguration ceremony,President Moon Jae-in's inauguration ceremony,Event,Q884,South Korea,,
fest_Q67283027,fest_Q67283027,Q67283027,festa per la llibertat,Festa per la Llibertat,Event,Q29,Spain,,
fest_Q139665563,fest_Q139665563,Q139665563,festa de la santa creu i l'arbre de maig,Festa de la Santa Creu i l'Arbre de Maig,Event,Q29,Spain,,
fest_Q23311250,fest_Q23311250,Q23311250,the entrance of the flower,The entrance of the Flower,Event,Q29,Spain,,
fest_Q483239,fest_Q483239,Q483239,seoul motor show,Seoul Motor Show,Festival,Q884,South Korea,1995-01-01,
fest_Q41799593,fest_Q41799593,Q41799593,fiesta de la hispanidad,Fiesta de la Hispanidad,Event,Q29,Spain,,
fest_Q16122928,fest_Q16122928,Q16122928,marriage in sudan,marriage in Sudan,Event,Q1049,Sudan,,
fest_Q489672,fest_Q489672,Q489672,bucheon international fantastic film festival,Bucheon International Fantastic Film Festival,Festival,Q884,South Korea,,
fest_Q23657684,fest_Q23657684,Q23657684,casín cheese contest,Casín Cheese Contest,Event,Q29,Spain,,
fest_Q20103221,fest_Q20103221,Q20103221,les festes del carquinyoli,Les festes del Carquinyoli,Event,Q29,Spain,,
fest_Q51092064,fest_Q51092064,Q51092064,salon d'automne,Salon d'Automne,Festival,Q29,Spain,,
fest_Q3826736,fest_Q3826736,Q3826736,semana negra de gijón,Semana Negra de Gijón,Festival,Q29,Spain,1988-01-01,
fest_Q5028375,fest_Q5028375,Q5028375,campillos international piano competition,Campillos International Piano Competition,Festival,Q29,Spain,2007-01-01,
fest_Q48990178,fest_Q48990178,Q48990178,africa aerospace and defence,Africa Aerospace and Defence,Festival,Q258,South Africa,,
fest_Q55886016,fest_Q55886016,Q55886016,feria de la línea,Feria de La Línea,Festival,Q29,Spain,,
fest_Q7302227,fest_Q7302227,Q7302227,rebujas rock,Rebujas Rock,Festival,Q29,Spain,,
fest_Q4690109,fest_Q4690109,Q4690109,afrikaburn,AfrikaBurn,Festival,Q258,South Africa,,
fest_Q5399202,fest_Q5399202,Q5399202,espárrago rock,Espárrago Rock,Festival,Q29,Spain,,
fest_Q4715215,fest_Q4715215,Q4715215,royal fair of algeciras,Royal Fair of Algeciras,Festival,Q29,Spain,2000-10-08,
fest_Q18128993,fest_Q18128993,Q18128993,open book festival,Open Book Festival,Festival,Q258,South Africa,2011-01-01,
fest_Q2735642,fest_Q2735642,Q2735642,tp de oro,TP de Oro,Festival,Q29,Spain,1972-01-01,2012-01-01
fest_Q20103333,fest_Q20103333,Q20103333,s'amorra amorra,S'Amorra amorra,Festival,Q29,Spain,,
fest_Q27074702,fest_Q27074702,Q27074702,colombo international book fair,Colombo International Book Fair,Festival,Q854,Sri Lanka,1999-01-01,
fest_Q5781213,fest_Q5781213,Q5781213,premio jaén,Premio Jaén,Festival,Q29,Spain,,
fest_Q20106316,fest_Q20106316,Q20106316,festival de la porta ferrada,Festival de la Porta Ferrada,Festival,Q29,Spain,,
fest_Q2781969,fest_Q2781969,Q2781969,iris awards,Iris Awards,Festival,Q29,Spain,,
fest_Q11953204,fest_Q11953204,Q11953204,tronada de reus,Tronada de Reus,Festival,Q29,Spain,,
fest_Q795924,fest_Q795924,Q795924,mobile world congress,Mobile World Congress,Festival,Q29,Spain,1985-01-01,
fest_Q23459536,fest_Q23459536,Q23459536,don juan en alcalá,Don Juan en Alcalá,Festival,Q29,Spain,,
fest_Q20105580,fest_Q20105580,Q20105580,festival deltebre dansa,Festival Deltebre Dansa,Festival,Q29,Spain,,
fest_Q17021063,fest_Q17021063,Q17021063,hargeysa international book fair,Hargeysa International Book Fair,Festival,Q1045,Somalia,2008-01-01,
fest_Q7564787,fest_Q7564787,Q7564787,sound of stockholm,Sound of Stockholm,Festival,Q1754,Stockholm,,
fest_Q7564787,fest_Q7564787,Q7564787,sound of stockholm,Sound of Stockholm,Festival,Q1754,Stockholm,,
fest_Q4904542,fest_Q4904542,Q4904542,bienal de flamenco,Bienal de Flamenco,Festival,Q29,Spain,,
fest_Q6492194,fest_Q6492194,Q6492194,las edades del hombre,Las Edades del Hombre,Festival,Q29,Spain,,
fest_Q2918983,fest_Q2918983,Q2918983,seville fair,Seville Fair,Festival,Q29,Spain,1965-02-19,
fest_Q108395528,fest_Q108395528,Q108395528,octava del corpus san ildefonso,Octava del Corpus (San Ildefonso),Festival,Q29,Spain,,
fest_Q60009059,fest_Q60009059,Q60009059,local elections in spain,local elections in Spain,Festival,Q29,Spain,,
fest_Q18052798,fest_Q18052798,Q18052798,quiz on korea,Quiz on Korea,Festival,Q884,South Korea,2012-01-01,
fest_Q11913284,fest_Q11913284,Q11913284,catosfera,Catosfera,Festival,Q29,Spain,,
fest_Q6065390,fest_Q6065390,Q6065390,pascua militar,Pascua Militar,Festival,Q29,Spain,,
fest_Q7864134,fest_Q7864134,Q7864134,uct mathematics competition,UCT Mathematics Competition,Festival,Q258,South Africa,,
fest_Q3394495,fest_Q3394495,Q3394495,mestre mateo awards,Mestre Mateo Awards,Festival,Q29,Spain,,
fest_Q17054931,fest_Q17054931,Q17054931,hilton arts festival,Hilton Arts Festival,Festival,Q258,South Africa,,
fest_Q3326913,fest_Q3326913,Q3326913,araba euskaraz,Araba euskaraz,Festival,Q29,Spain,,
fest_Q6950424,fest_Q6950424,Q6950424,música en compostela,Música en Compostela,Festival,Q29,Spain,,
fest_Q12256073,fest_Q12256073,Q12256073,danbaka,Danbaka,Festival,Q29,Spain,,
fest_Q3642773,fest_Q3642773,Q3642773,aardklop,Aardklop,Festival,Q258,South Africa,1998-01-01,
fest_Q1595338,fest_Q1595338,Q1595338,jacobean holy year,Jacobean Holy Year,Festival,Q29,Spain,,
fest_Q7618050,fest_Q7618050,Q7618050,stockholm water festival,Stockholm Water Festival,Festival,Q1754,Stockholm,,
fest_Q7618050,fest_Q7618050,Q7618050,stockholm water festival,Stockholm Water Festival,Festival,Q1754,Stockholm,,
fest_Q11911104,fest_Q11911104,Q11911104,spanish enduro championship,Spanish Enduro Championship,Festival,Q29,Spain,,
fest_Q6029177,fest_Q6029177,Q6029177,infecting the city,Infecting the City,Festival,Q258,South Africa,,
fest_Q30606321,fest_Q30606321,Q30606321,independence day,Independence Day,Festival,Q34754,Somaliland,,
fest_Q28035278,fest_Q28035278,Q28035278,ansan street arts festival,Ansan Street Arts Festival,Festival,Q884,South Korea,,
fest_Q3325889,fest_Q3325889,Q3325889,barcelona international comic fair,Barcelona International Comic Fair,Festival,Q29,Spain,,
fest_Q6114439,fest_Q6114439,Q6114439,ruta de los penitentes,Ruta de los Penitentes,Festival,Q29,Spain,,
fest_Q88032026,fest_Q88032026,Q88032026,margarita salas,Margarita Salas,Festival,Q29,Spain,,
fest_Q16060402,fest_Q16060402,Q16060402,colombo fashion week,Colombo Fashion Week,Festival,Q854,Sri Lanka,,
fest_Q5853465,fest_Q5853465,Q5853465,expomanga,ExpoManga,Festival,Q29,Spain,,
fest_Q60527811,fest_Q60527811,Q60527811,dstv mzansi viewers' choice awards,DStv Mzansi Viewers' Choice Awards,Festival,Q258,South Africa,,
fest_Q5208172,fest_Q5208172,Q5208172,daedeokje,Daedeokje,Festival,Q884,South Korea,,
fest_Q3544398,fest_Q3544398,Q3544398,national exhibition of fine arts,National Exhibition of Fine Arts,Festival,Q29,Spain,1856-01-01,1968-01-01
fest_Q90404757,fest_Q90404757,Q90404757,certamen oficial de jota del ayuntamiento de zaragoza,Certamen Oficial de Jota del Ayuntamiento de Zaragoza,Festival,Q29,Spain,,
fest_Q62915258,fest_Q62915258,Q62915258,laxeiro award,Laxeiro award,Festival,Q29,Spain,,
fest_Q28711740,fest_Q28711740,Q28711740,festa del mercat a la plaça d'amposta,Festa del Mercat a la Plaça d'Amposta,Festival,Q29,Spain,,
fest_Q107444042,fest_Q107444042,Q107444042,census in the basque autonomous community,Census in the Basque Autonomous Community,Festival,Q29,Spain,,
fest_Q20977935,fest_Q20977935,Q20977935,cineeurope,CineEurope,Festival,Q29,Spain,,
fest_Q12388476,fest_Q12388476,Q12388476,cabral gourd fiest,Cabral Gourd Fiest,Festival,Q29,Spain,,
fest_Q28136211,fest_Q28136211,Q28136211,el ajo festival,El Ajo Festival,Festival,Q29,Spain,,
fest_Q7291438,fest_Q7291438,Q7291438,rand show,Rand Show,Festival,Q258,South Africa,,
fest_Q12593133,fest_Q12593133,Q12593133,dokdo defense exercise,Dokdo Defense Exercise,Festival,Q884,South Korea,,
fest_Q5678970,fest_Q5678970,Q5678970,debate on the state of the nation,Debate on the State of the Nation,Festival,Q29,Spain,,
fest_Q61707893,fest_Q61707893,Q61707893,machaca fest,Machaca Fest,Festival,Q29,Spain,,
fest_Q10709483,fest_Q10709483,Q10709483,we are sthlm,We Are Sthlm,Festival,Q1754,Stockholm,,
fest_Q10709483,fest_Q10709483,Q10709483,we are sthlm,We Are Sthlm,Festival,Q1754,Stockholm,,
fest_Q19715702,fest_Q19715702,Q19715702,mercat del ram de vic,Mercat del Ram de Vic,Festival,Q29,Spain,,
fest_Q20104399,fest_Q20104399,Q20104399,fira de santa llúcia de barcelona,Fira de Santa Llúcia de Barcelona,Festival,Q29,Spain,1786-01-01,
fest_Q78577973,fest_Q78577973,Q78577973,cadenas de navarra award,Cadenas de Navarra Award,Festival,Q29,Spain,2016-01-01,
fest_Q17266419,fest_Q17266419,Q17266419,madrid games week,Madrid Games Week,Festival,Q29,Spain,,
fest_Q5858812,fest_Q5858812,Q5858812,feria de almería,Feria de Almería,Festival,Q29,Spain,,
fest_Q50359557,fest_Q50359557,Q50359557,planica7,Planica7,Festival,Q215,Slovenia,2018-03-22,
fest_Q28699278,fest_Q28699278,Q28699278,masan gagopa chrysanthemum festival,Masan Gagopa Chrysanthemum Festival,Festival,Q884,South Korea,,
fest_Q85816998,fest_Q85816998,Q85816998,zandari festa,Zandari Festa,Festival,Q884,South Korea,,
fest_Q5784967,fest_Q5784967,Q5784967,contempopránea music festival,Contempopránea Music Festival,Festival,Q29,Spain,,
fest_Q11921927,fest_Q11921927,Q11921927,festes del tura,Festes del Tura,Festival,Q29,Spain,,
fest_Q60751238,fest_Q60751238,Q60751238,feria real de san roque,Feria Real de San Roque,Festival,Q29,Spain,,
fest_Q4543437,fest_Q4543437,Q4543437,wednesday demonstration,Wednesday Demonstration,Festival,Q884,South Korea,,
fest_Q2356144,fest_Q2356144,Q2356144,rapa das bestas,Rapa das Bestas,Festival,Q29,Spain,,
fest_Q77976093,fest_Q77976093,Q77976093,musica,Musica,Festival,Q6602,Strasbourg,,
fest_Q6116623,fest_Q6116623,Q6116623,saca de las yeguas,Saca de las Yeguas,Festival,Q29,Spain,,
fest_Q17113098,fest_Q17113098,Q17113098,busan motor show,Busan Motor Show,Festival,Q884,South Korea,,
fest_Q85803189,fest_Q85803189,Q85803189,star party sri lanka,Star Party Sri Lanka,Festival,Q854,Sri Lanka,,
fest_Q5858832,fest_Q5858832,Q5858832,feria de nuestra señora de la salud,Feria de Nuestra Señora de la Salud,Festival,Q29,Spain,,
fest_Q20103073,fest_Q20103073,Q20103073,fira de l'avellana,Fira de l'Avellana,Festival,Q29,Spain,,
fest_Q73717023,fest_Q73717023,Q73717023,internacional competition - city of vigo,Internacional Competition - City of Vigo,Festival,Q29,Spain,2017-01-01,
fest_Q18351126,fest_Q18351126,Q18351126,mtbs,MTBS,Festival,Q258,South Africa,,
fest_Q1155490,fest_Q1155490,Q1155490,benidorm international song festival,Benidorm International Song Festival,Festival,Q29,Spain,,
fest_Q7115155,fest_Q7115155,Q7115155,oxcars,Oxcars,Festival,Q29,Spain,,
fest_Q3052748,fest_Q3052748,Q3052748,korrika,Korrika,Festival,Q29,Spain,,
fest_Q12399517,fest_Q12399517,Q12399517,salón del automóvil de vigo,Salón del Automóvil de Vigo,Festival,Q29,Spain,,
fest_Q98745524,fest_Q98745524,Q98745524,mikel laboa saria,Mikel Laboa saria,Festival,Q29,Spain,,
fest_Q8247090,fest_Q8247090,Q8247090,bertsolari txapelketa nagusia,Bertsolari Txapelketa Nagusia,Festival,Q29,Spain,1935-01-01,
fest_Q1389170,fest_Q1389170,Q1389170,christmas eve national speech,Christmas Eve National Speech,Festival,Q29,Spain,,
fest_Q94634713,fest_Q94634713,Q94634713,festivities of dos de mayo,festivities of Dos de Mayo,Festival,Q29,Spain,,
fest_Q11912002,fest_Q11912002,Q11912002,singing of havaneres in calella de palafrugell,Singing of Havaneres in Calella de Palafrugell,Festival,Q29,Spain,,
fest_Q5858914,fest_Q5858914,Q5858914,fuengirola international fair,Fuengirola International Fair,Festival,Q29,Spain,,
fest_Q3816943,fest_Q3816943,Q3816943,free culture forum,Free Culture Forum,Festival,Q29,Spain,,
fest_Q135575000,fest_Q135575000,Q135575000,blue dragon film award ceremony,Blue Dragon Film Award Ceremony,Festival,Q884,South Korea,,
fest_Q106583615,fest_Q106583615,Q106583615,suripop ix,SuriPop IX,Festival,Q730,Suriname,,
fest_Q15285633,fest_Q15285633,Q15285633,gukpung81,Gukpung81,Festival,Q884,South Korea,1981-05-28,1981-06-01
fest_Q135114843,fest_Q135114843,Q135114843,kingsmead book fair,Kingsmead Book Fair,Festival,Q258,South Africa,,
fest_Q116291455,fest_Q116291455,Q116291455,chinese new year in valencia,Chinese New Year in Valencia,Festival,Q29,Spain,,
fest_Q135903860,fest_Q135903860,Q135903860,i congreso internacional de comunicación sociedad y organizaciones,"I Congreso Internacional de Comunicación, Sociedad y Organizaciones",Festival,Q29,Spain,2025-10-30,2025-10-31
fest_Q1161561,fest_Q1161561,Q1161561,oti festival 1972,OTI Festival 1972,Festival,Q29,Spain,,
fest_Q136645712,fest_Q136645712,Q136645712,benidorm bash,Benidorm Bash,Festival,Q29,Spain,,
fest_Q106583334,fest_Q106583334,Q106583334,suripop vii,SuriPop VII,Festival,Q730,Suriname,,
fest_Q130344231,fest_Q130344231,Q130344231,fira del conte de medinyà,Fira del Conte de Medinyà,Festival,Q29,Spain,,
fest_Q128802598,fest_Q128802598,Q128802598,2009 national arts festival,2009 National Arts Festival,Festival,Q258,South Africa,2009-07-02,2009-07-11
fest_Q108554373,fest_Q108554373,Q108554373,reception to the diplomatic corps,Reception to the Diplomatic Corps,Festival,Q29,Spain,,
fest_Q4041178,fest_Q4041178,Q4041178,9th world festival of youth and students,9th World Festival of Youth and Students,Festival,Q472,Sofia,1968-07-28,
fest_Q106583346,fest_Q106583346,Q106583346,suripop x,SuriPop X,Festival,Q730,Suriname,,
fest_Q119723250,fest_Q119723250,Q119723250,spanish off-road championship,Spanish Off-road Championship,Festival,Q29,Spain,,
fest_Q139971240,fest_Q139971240,Q139971240,basque economic forum,Basque Economic Forum,Festival,Q29,Spain,,
fest_Q17996850,fest_Q17996850,Q17996850,sonorama 2014,Sonorama 2014,Festival,Q29,Spain,,
fest_Q136522389,fest_Q136522389,Q136522389,festival the sub,Festival the Sub,Festival,Q884,South Korea,,
fest_Q122167346,fest_Q122167346,Q122167346,d'aquí estant veig una estrella,D'aquí estant veig una estrella,Festival,Q29,Spain,,
fest_Q106583358,fest_Q106583358,Q106583358,suripop xii,SuriPop XII,Festival,Q730,Suriname,,
fest_Q136808353,fest_Q136808353,Q136808353,ground forces festival 2025,Ground Forces Festival 2025,Festival,Q884,South Korea,,
fest_Q106583662,fest_Q106583662,Q106583662,suripop i,SuriPop I,Festival,Q730,Suriname,,
fest_Q136439995,fest_Q136439995,Q136439995,velada marítima,Velada marítima,Festival,Q29,Spain,,
fest_Q130712739,fest_Q130712739,Q130712739,hispacon,HispaCon,Festival,Q29,Spain,,
fest_Q115166077,fest_Q115166077,Q115166077,suripop xxi,SuriPop XXI,Festival,Q730,Suriname,,
fest_Q124326031,fest_Q124326031,Q124326031,els matins de l'orgue d'alaró,Els Matins de l'Orgue d'Alaró,Festival,Q29,Spain,,
fest_Q106583675,fest_Q106583675,Q106583675,suripop viii,SuriPop VIII,Festival,Q730,Suriname,,
fest_Q112946309,fest_Q112946309,Q112946309,blue dragon series awards,Blue Dragon Series Awards,Festival,Q884,South Korea,,
fest_Q127685138,fest_Q127685138,Q127685138,suripop kerstsong competitie,SuriPop Kerstsong Competitie,Festival,Q730,Suriname,,
fest_Q106583682,fest_Q106583682,Q106583682,suripop iii,SuriPop III,Festival,Q730,Suriname,,
fest_Q106572579,fest_Q106572579,Q106572579,suripop xvi,SuriPop XVI,Festival,Q730,Suriname,,
fest_Q4563803,fest_Q4563803,Q4563803,1936 international society for contemporary music festival,1936 International Society for Contemporary Music Festival,Festival,Q29,Spain,,
fest_Q106583838,fest_Q106583838,Q106583838,suripop ii,SuriPop II,Festival,Q730,Suriname,,
fest_Q137455846,fest_Q137455846,Q137455846,clarens arts festival,Clarens arts festival,Festival,Q258,South Africa,,
fest_Q135070819,fest_Q135070819,Q135070819,nampo harvest day,NAMPO Harvest Day,Festival,Q258,South Africa,,
fest_Q131702810,fest_Q131702810,Q131702810,1997 ptuj carnival,1997 Ptuj Carnival,Festival,Q215,Slovenia,,
fest_Q123114360,fest_Q123114360,Q123114360,festival internacional de juegos en córdoba,Festival Internacional de Juegos en Córdoba,Festival,Q29,Spain,2006-01-01,
fest_Q104804867,fest_Q104804867,Q104804867,2020 festival of slovenian film,2020 Festival of Slovenian Film,Festival,Q215,Slovenia,,
fest_Q106572590,fest_Q106572590,Q106572590,suripop xvii,SuriPop XVII,Festival,Q730,Suriname,,
fest_Q104804864,fest_Q104804864,Q104804864,2011 festival of slovenian film,2011 Festival of Slovenian Film,Festival,Q215,Slovenia,,
fest_Q106583395,fest_Q106583395,Q106583395,suripop xiii,SuriPop XIII,Festival,Q730,Suriname,,
fest_Q138584056,fest_Q138584056,Q138584056,jalón ángel photography contest,Jalón Ángel Photography Contest,Festival,Q29,Spain,,
fest_Q123076620,fest_Q123076620,Q123076620,1st poetry africa festival,1st Poetry Africa Festival,Festival,Q258,South Africa,1997-05-04,1997-05-10
fest_Q106583700,fest_Q106583700,Q106583700,suripop iv,SuriPop IV,Festival,Q730,Suriname,,
fest_Q106572603,fest_Q106572603,Q106572603,suripop xviii,SuriPop XVIII,Festival,Q730,Suriname,,
fest_Q6132317,fest_Q6132317,Q6132317,sonorama 2008,Sonorama 2008,Festival,Q29,Spain,,
fest_Q131618758,fest_Q131618758,Q131618758,joy of jazz,Joy of Jazz,Festival,Q258,South Africa,,
fest_Q114933942,fest_Q114933942,Q114933942,wiki loves monuments in slovenia,Wiki Loves Monuments in Slovenia,Festival,Q215,Slovenia,,
fest_Q106572611,fest_Q106572611,Q106572611,suripop xix,SuriPop XIX,Festival,Q730,Suriname,,
fest_Q131702809,fest_Q131702809,Q131702809,1996 ptuj carnival,1996 Ptuj Carnival,Festival,Q215,Slovenia,,
fest_Q106583864,fest_Q106583864,Q106583864,suripop v,SuriPop V,Festival,Q730,Suriname,,
fest_Q106572615,fest_Q106572615,Q106572615,suripop xx,SuriPop XX,Festival,Q730,Suriname,,
fest_Q130318015,fest_Q130318015,Q130318015,goyesca bullfighting of ronda,goyesca bullfighting of Ronda,Festival,Q29,Spain,,
fest_Q130537958,fest_Q130537958,Q130537958,solemn pontifical mass of october 12th in el pilar de zaragoza,Solemn Pontifical Mass of October 12th in El Pilar de Zaragoza,Festival,Q29,Spain,,
fest_Q113605120,fest_Q113605120,Q113605120,wiki loves monuments in suriname,Wiki Loves Monuments in Suriname,Festival,Q730,Suriname,,
fest_Q134445153,fest_Q134445153,Q134445153,fotonaratón,FotoNaratón,Festival,Q29,Spain,,
fest_Q130537677,fest_Q130537677,Q130537677,rosary of dawn procession in saragossa,Rosary of Dawn procession in Saragossa,Festival,Q29,Spain,1756-10-12,
fest_Q106583728,fest_Q106583728,Q106583728,suripop xi,SuriPop XI,Festival,Q730,Suriname,,
fest_Q115557501,fest_Q115557501,Q115557501,2022 kbs song festival,2022 KBS Song Festival,Festival,Q884,South Korea,,
fest_Q124462102,fest_Q124462102,Q124462102,memefest,Memefest,Festival,Q29,Spain,,
fest_Q106584035,fest_Q106584035,Q106584035,suripop vi,SuriPop VI,Festival,Q730,Suriname,,
fest_Q124423870,fest_Q124423870,Q124423870,barcelona wine week,Barcelona wine week,Festival,Q29,Spain,,
fest_Q135056262,fest_Q135056262,Q135056262,block party music and art festival,Block Party Music and Art Festival,Festival,Q884,South Korea,,
fest_Q119589069,fest_Q119589069,Q119589069,weverse con,Weverse Con,Festival,Q884,South Korea,2020-12-31,
fest_Q130468605,fest_Q130468605,Q130468605,alcalá visual,Alcalá Visual,Festival,Q29,Spain,,
fest_Q140044454,fest_Q140044454,Q140044454,reunión invernal de arguis,Reunión Invernal de Arguis,Festival,Q29,Spain,,
fest_Q106560643,fest_Q106560643,Q106560643,suripop xiv,SuriPop XIV,Festival,Q730,Suriname,,
fest_Q106560647,fest_Q106560647,Q106560647,suripop xv,SuriPop XV,Festival,Q730,Suriname,,
fest_Q110218237,fest_Q110218237,Q110218237,swab barcelona art fair,Swab Barcelona Art Fair,Festival,Q29,Spain,,
fest_Q137886202,fest_Q137886202,Q137886202,icon talents,Icon Talents,Festival,Q29,Spain,,
fest_Q133804045,fest_Q133804045,Q133804045,dance of sticks herrín de campos,"dance of sticks, Herrín de Campos",Festival,Q29,Spain,,
fest_Q138309745,fest_Q138309745,Q138309745,fair of the traditions and the campo de cartagena,Fair of the Traditions and the Campo de Cartagena,Festival,Q29,Spain,,
fest_Q55122032,fest_Q55122032,Q55122032,statement festival,Statement Festival,Festival,Q34,Sweden,,
fest_Q105448800,fest_Q105448800,Q105448800,eskilstuna pride,Eskilstuna Pride,Festival,Q34,Sweden,,
fest_Q4006251,fest_Q4006251,Q4006251,uppcon,UppCon,Festival,Q34,Sweden,,
fest_Q18335094,fest_Q18335094,Q18335094,world aids day-galan,World Aids Day-galan,Festival,Q34,Sweden,,
fest_Q10680536,fest_Q10680536,Q10680536,stockholms kulturfestival,Stockholms Kulturfestival,Festival,Q34,Sweden,2006-01-01,
fest_Q5744239,fest_Q5744239,Q5744239,herräng dance camp,Herräng Dance Camp,Festival,Q34,Sweden,,
fest_Q10552942,fest_Q10552942,Q10552942,ladies night,Ladies Night,Festival,Q34,Sweden,,
fest_Q18624661,fest_Q18624661,Q18624661,tartu hanseatic days,Tartu Hanseatic Days,Festival,Q13972,Tartu,,
fest_Q11353805,fest_Q11353805,Q11353805,wan an exercise,Wan An Exercise,Festival,Q865,Taiwan,,
fest_Q13416957,fest_Q13416957,Q13416957,asrlar sadosi festival of traditional culture,"""Asrlar Sadosi"" Festival of Traditional Culture",Festival,Q269,Tashkent,,
fest_Q16515160,fest_Q16515160,Q16515160,tbilisi fashion week,Tbilisi Fashion Week,Festival,Q994,Tbilisi,,
fest_Q10710243,fest_Q10710243,Q10710243,uppsala international guitar festival,Uppsala International Guitar Festival,Festival,Q34,Sweden,,
fest_Q29380903,fest_Q29380903,Q29380903,sweden international improv festival swimp,Sweden International Improv Festival (SWIMP),Festival,Q34,Sweden,,
fest_Q6349666,fest_Q6349666,Q6349666,kaktusfestivalen,Kaktusfestivalen,Festival,Q34,Sweden,,
fest_Q2608553,fest_Q2608553,Q2608553,clandestino festival,Clandestino Festival,Festival,Q34,Sweden,,
fest_Q10497456,fest_Q10497456,Q10497456,census in sweden,census in Sweden,Festival,Q34,Sweden,,
fest_Q10604689,fest_Q10604689,Q10604689,nyhem week,Nyhem Week,Festival,Q34,Sweden,,
fest_Q10568317,fest_Q10568317,Q10568317,ljungby storytelling festival,Ljungby storytelling festival,Festival,Q34,Sweden,,
fest_Q5427122,fest_Q5427122,Q5427122,fscons,FSCONS,Festival,Q34,Sweden,,
fest_Q10561526,fest_Q10561526,Q10561526,ljus i alingsås,Ljus I Alingsås,Festival,Q34,Sweden,,
fest_Q57196864,fest_Q57196864,Q57196864,panacea festival,Panacea Festival,Festival,Q34,Sweden,,
fest_Q18454723,fest_Q18454723,Q18454723,hot salsa weekend,Hot Salsa Weekend,Festival,Q34,Sweden,,
fest_Q2630341,fest_Q2630341,Q2630341,isstjärnan,Isstjärnan,Festival,Q34,Sweden,,
fest_Q5629055,fest_Q5629055,Q5629055,west pride,West Pride,Festival,Q34,Sweden,,
fest_Q400196,fest_Q400196,Q400196,ahearne cup,Ahearne Cup,Festival,Q34,Sweden,1952-01-01,
fest_Q7993417,fest_Q7993417,Q7993417,where the action is tour,Where the Action Is Tour,Festival,Q34,Sweden,,
fest_Q1224610,fest_Q1224610,Q1224610,diggiloo,Diggiloo,Festival,Q34,Sweden,,
fest_Q7096094,fest_Q7096094,Q7096094,open house tel aviv,Open House Tel Aviv,Festival,Q33935,Tel Aviv,,
fest_Q15632654,fest_Q15632654,Q15632654,so frenchy so chic,So Frenchy So Chic,Festival,Q3130,Sydney,,
fest_Q17103578,fest_Q17103578,Q17103578,no mind festival,No Mind Festival,Festival,Q34,Sweden,,
fest_Q105194463,fest_Q105194463,Q105194463,wiki loves monuments in sweden,Wiki Loves Monuments in Sweden,Festival,Q34,Sweden,,
fest_Q18290485,fest_Q18290485,Q18290485,hammarkullekarnevalen,Hammarkullekarnevalen,Festival,Q34,Sweden,,
fest_Q761070,fest_Q761070,Q761070,tornedalsloppet,Tornedalsloppet,Festival,Q34,Sweden,,
fest_Q10554272,fest_Q10554272,Q10554272,lapland week,Lapland Week,Festival,Q34,Sweden,,
fest_Q56300371,fest_Q56300371,Q56300371,market art fair,Market Art Fair,Festival,Q34,Sweden,,
fest_Q6364269,fest_Q6364269,Q6364269,kanonloppet,Kanonloppet,Festival,Q34,Sweden,,
fest_Q8078933,fest_Q8078933,Q8078933,öland roots,Öland Roots,Festival,Q34,Sweden,,
fest_Q10710505,fest_Q10710505,Q10710505,urix,Urix,Festival,Q34,Sweden,,
fest_Q7727685,fest_Q7727685,Q7727685,the cortège,The Cortège,Festival,Q34,Sweden,,
fest_Q10602035,fest_Q10602035,Q10602035,nordic rock,Nordic Rock,Festival,Q34,Sweden,,
fest_Q477551,fest_Q477551,Q477551,kristallen,Kristallen,Festival,Q34,Sweden,,
fest_Q1813040,fest_Q1813040,Q1813040,peace love,Peace & Love,Festival,Q34,Sweden,,
fest_Q7881529,fest_Q7881529,Q7881529,umeå open,Umeå Open,Festival,Q34,Sweden,1998-01-01,
fest_Q16411367,fest_Q16411367,Q16411367,emajõgi festival,Emajõgi Festival,Festival,Q13972,Tartu,,
fest_Q98152365,fest_Q98152365,Q98152365,medieval week on gotland 2000,Medieval week on Gotland 2000,Festival,Q34,Sweden,,
fest_Q16935369,fest_Q16935369,Q16935369,nordic game,Nordic Game,Festival,Q34,Sweden,2004-01-01,
fest_Q252496,fest_Q252496,Q252496,medieval week on gotland,Medieval Week on Gotland,Festival,Q34,Sweden,1984-01-01,
fest_Q10651450,fest_Q10651450,Q10651450,retro game convention,Retro Game Convention,Festival,Q34,Sweden,2010-01-01,
fest_Q16911466,fest_Q16911466,Q16911466,skärgårdsfest,Skärgårdsfest,Festival,Q34,Sweden,,
fest_Q3362037,fest_Q3362037,Q3362037,flyktningerennet,Flyktningerennet,Festival,Q34,Sweden,,
fest_Q22098766,fest_Q22098766,Q22098766,golden horse awards ceremony,Golden Horse Awards Ceremony,Festival,Q1867,Taipei,,
fest_Q22098766,fest_Q22098766,Q22098766,golden horse awards ceremony,Golden Horse Awards Ceremony,Festival,Q1867,Taipei,,
fest_Q4175709,fest_Q4175709,Q4175709,swecon,Swecon,Festival,Q34,Sweden,,
fest_Q10719030,fest_Q10719030,Q10719030,wadköping games,Wadköping Games,Festival,Q34,Sweden,,
fest_Q19885745,fest_Q19885745,Q19885745,norrbotten sports award,Norrbotten Sports Award,Festival,Q34,Sweden,,
fest_Q633506,fest_Q633506,Q633506,estonian song festival,Estonian Song Festival,Festival,Q1770,Tallinn,,
fest_Q8077188,fest_Q8077188,Q8077188,årefjällsloppet,Årefjällsloppet,Festival,Q34,Sweden,,
fest_Q100166656,fest_Q100166656,Q100166656,kalix sommarkalas,Kalix sommarkalas,Festival,Q34,Sweden,,
fest_Q10526631,fest_Q10526631,Q10526631,house of metal,House of Metal,Festival,Q34,Sweden,,
fest_Q10723750,fest_Q10723750,Q10723750,yrkes-sm,Yrkes-SM,Festival,Q34,Sweden,,
fest_Q24914676,fest_Q24914676,Q24914676,titwrench,Titwrench,Festival,Q34,Sweden,,
fest_Q47008417,fest_Q47008417,Q47008417,kalmar grand prix,Kalmar Grand Prix,Festival,Q34,Sweden,,
fest_Q17018415,fest_Q17018415,Q17018415,gothenburg quadricentennial jubilee,Gothenburg quadricentennial jubilee,Festival,Q34,Sweden,,
fest_Q10480777,fest_Q10480777,Q10480777,eksjö town party,Eksjö town party,Event,Q34,Sweden,2008-01-01,
fest_Q130712750,fest_Q130712750,Q130712750,imagicon,Imagicon,Festival,Q34,Sweden,,
fest_Q106201531,fest_Q106201531,Q106201531,wiki loves earth in sweden,Wiki Loves Earth in Sweden,Festival,Q34,Sweden,,
fest_Q115300617,fest_Q115300617,Q115300617,tidernas hockeygala,Tidernas hockeygala,Event,Q34,Sweden,,
fest_Q1696625,fest_Q1696625,Q1696625,la nuit blanche,La Nuit blanche,Event,Q39,Switzerland,,
fest_Q111966993,fest_Q111966993,Q111966993,act performance art festival 2019 zürich,"ACT Performance Art Festival 2019, Zürich",Festival,Q39,Switzerland,,
fest_Q111966993,fest_Q111966993,Q111966993,act performance art festival 2019 zürich,"ACT Performance Art Festival 2019, Zürich",Festival,Q39,Switzerland,,
fest_Q3206936,fest_Q3206936,Q3206936,la bâtie-festival de genève,La Bâtie-Festival de Genève,Festival,Q39,Switzerland,,
fest_Q115854,fest_Q115854,Q115854,lucerne festival,Lucerne Festival,Festival,Q39,Switzerland,,
fest_Q111968716,fest_Q111968716,Q111968716,act performance art festival 2018 sierre,"ACT Performance Art Festival 2018, Sierre",Festival,Q39,Switzerland,,
fest_Q111983191,fest_Q111983191,Q111983191,act performance art festival 2018 zurich,"ACT Performance Art Festival 2018, Zurich",Festival,Q39,Switzerland,,
fest_Q111983191,fest_Q111983191,Q111983191,act performance art festival 2018 zurich,"ACT Performance Art Festival 2018, Zurich",Festival,Q39,Switzerland,,
fest_Q122219063,fest_Q122219063,Q122219063,fjärestad autumn market,Fjärestad autumn market,Festival,Q34,Sweden,,
fest_Q1026768,fest_Q1026768,Q1026768,caliente festival,Caliente Festival,Festival,Q39,Switzerland,,
fest_Q111659285,fest_Q111659285,Q111659285,swiss dance days,Swiss Dance Days,Festival,Q39,Switzerland,,
fest_Q15613979,fest_Q15613979,Q15613979,geneva ii conference on syria,Geneva II Conference on Syria,Festival,Q39,Switzerland,2014-01-22,2014-01-31
fest_Q24090941,fest_Q24090941,Q24090941,belluard bollwerk international,Belluard Bollwerk International,Festival,Q39,Switzerland,,
fest_Q22573883,fest_Q22573883,Q22573883,geneva syria peace talks 2016,Geneva Syria peace talks (2016),Festival,Q39,Switzerland,,
fest_Q123756244,fest_Q123756244,Q123756244,alive festival,Alive festival,Festival,Q34,Sweden,,
fest_Q118383836,fest_Q118383836,Q118383836,the bert bolin climate lecture,The Bert Bolin Climate Lecture,Festival,Q34,Sweden,,
fest_Q15621527,fest_Q15621527,Q15621527,swiss folk festivals,Swiss folk festivals,Festival,Q39,Switzerland,,
fest_Q28071153,fest_Q28071153,Q28071153,festival week-end au bord de l'eau,Festival week-end au bord de l'eau,Festival,Q39,Switzerland,,
fest_Q111967009,fest_Q111967009,Q111967009,act performance art festival 2017 lucerne,"ACT Performance Art Festival 2017, Lucerne",Festival,Q39,Switzerland,,
fest_Q28930072,fest_Q28930072,Q28930072,geneva peace talks on syria 2017,Geneva peace talks on Syria (2017),Festival,Q39,Switzerland,2017-02-23,2017-03-03
fest_Q43204877,fest_Q43204877,Q43204877,theaterspektakel,Theaterspektakel,Festival,Q39,Switzerland,,
fest_Q59772758,fest_Q59772758,Q59772758,woerdz,Woerdz,Festival,Q39,Switzerland,,
fest_Q27036577,fest_Q27036577,Q27036577,valete,Valete,Festival,Q39,Switzerland,,
fest_Q130712611,fest_Q130712611,Q130712611,confuse,ConFuse,Festival,Q34,Sweden,,
fest_Q17635751,fest_Q17635751,Q17635751,longlake festival lugano,LongLake Festival Lugano,Festival,Q39,Switzerland,,
fest_Q3462932,fest_Q3462932,Q3462932,st martin's day in switzerland,St. Martin's Day in Switzerland,Festival,Q39,Switzerland,,
fest_Q111963345,fest_Q111963345,Q111963345,perf genf 2012,.perf Genf 2012,Festival,Q39,Switzerland,,
fest_Q107588121,fest_Q107588121,Q107588121,trosa marknad,Trosa marknad,Festival,Q34,Sweden,,
fest_Q15807491,fest_Q15807491,Q15807491,swiss shooting festival,Swiss Shooting Festival,Festival,Q39,Switzerland,,
fest_Q111967594,fest_Q111967594,Q111967594,act performance festival 2021 lucerne,"ACT Performance Festival 2021, Lucerne",Festival,Q39,Switzerland,,
fest_Q139922353,fest_Q139922353,Q139922353,glitched,Glitched,Festival,Q34,Sweden,,
fest_Q130712692,fest_Q130712692,Q130712692,fancon,Fancon,Festival,Q34,Sweden,,
fest_Q55080309,fest_Q55080309,Q55080309,ai for good,AI for Good,Festival,Q39,Switzerland,,
fest_Q698390,fest_Q698390,Q698390,arosa humor-festival,Arosa Humor-Festival,Festival,Q39,Switzerland,,
fest_Q71030630,fest_Q71030630,Q71030630,mundartfestival arosa,Mundartfestival Arosa,Festival,Q39,Switzerland,,
fest_Q5975015,fest_Q5975015,Q5975015,itu telecom world,ITU Telecom World,Festival,Q39,Switzerland,1971-01-01,
fest_Q130712698,fest_Q130712698,Q130712698,fantastika,Fantastika,Festival,Q34,Sweden,,
fest_Q186015,fest_Q186015,Q186015,polyball,Polyball,Festival,Q39,Switzerland,,
fest_Q128822418,fest_Q128822418,Q128822418,medieval week on gotland 2024,Medieval Week on Gotland 2024,Festival,Q34,Sweden,,
fest_Q682504,fest_Q682504,Q682504,fête des vignerons,Fête des Vignerons,Festival,Q39,Switzerland,,
fest_Q126748138,fest_Q126748138,Q126748138,åre bike festival,Åre Bike Festival,Festival,Q34,Sweden,,
fest_Q3070536,fest_Q3070536,Q3070536,montreux comedy festival,Montreux Comedy Festival,Festival,Q39,Switzerland,,
fest_Q130712826,fest_Q130712826,Q130712826,nasacon,NasaCon,Festival,Q34,Sweden,,
fest_Q55356410,fest_Q55356410,Q55356410,manifesta 11,Manifesta 11,Festival,Q39,Switzerland,2016-06-11,2016-09-18
fest_Q122347172,fest_Q122347172,Q122347172,medieval week on gotland 2022,Medieval Week on Gotland 2022,Festival,Q34,Sweden,,
fest_Q125507374,fest_Q125507374,Q125507374,stockholms litteraturmässa,Stockholms litteraturmässa,Festival,Q34,Sweden,,
fest_Q388009,fest_Q388009,Q388009,afro-pfingsten festival,Afro-Pfingsten Festival,Festival,Q39,Switzerland,,
fest_Q130712789,fest_Q130712789,Q130712789,luncon,Luncon,Festival,Q34,Sweden,,
fest_Q3092910,fest_Q3092910,Q3092910,geneva festival,Geneva Festival,Festival,Q39,Switzerland,,
fest_Q130712863,fest_Q130712863,Q130712863,okon,Okon,Festival,Q34,Sweden,,
fest_Q118482734,fest_Q118482734,Q118482734,stenbergaspelen,Stenbergaspelen,Festival,Q34,Sweden,,
fest_Q121338057,fest_Q121338057,Q121338057,medieval week on gotland 2023,Medieval Week on Gotland 2023,Festival,Q34,Sweden,,
fest_Q132132083,fest_Q132132083,Q132132083,grenna bluegrass festival,Grenna Bluegrass Festival,Festival,Q34,Sweden,,
fest_Q111983214,fest_Q111983214,Q111983214,act performance art festival 2017 zurich,"ACT Performance Art Festival 2017, Zurich",Festival,Q39,Switzerland,,
fest_Q111983214,fest_Q111983214,Q111983214,act performance art festival 2017 zurich,"ACT Performance Art Festival 2017, Zurich",Festival,Q39,Switzerland,,
fest_Q130712791,fest_Q130712791,Q130712791,malcon,Malcon,Festival,Q34,Sweden,,
fest_Q3070027,fest_Q3070027,Q3070027,geneva lux,Geneva Lux,Festival,Q39,Switzerland,,
fest_Q132173063,fest_Q132173063,Q132173063,syrian revolution victory conference,Syrian Revolution Victory Conference,Event,Q858,Syria,,
fest_Q112062291,fest_Q112062291,Q112062291,international performance art giswil,International Performance Art Giswil,Festival,Q39,Switzerland,,
fest_Q112175528,fest_Q112175528,Q112175528,migma performancetage,migma Performancetage,Festival,Q39,Switzerland,,
fest_Q11174917,fest_Q11174917,Q11174917,yanshui beehive fireworks,Yanshui Beehive Fireworks,Festival,Q865,Taiwan,,
fest_Q112208556,fest_Q112208556,Q112208556,perform das kleine performance festival,perFORM¡ Das kleine Performance Festival,Festival,Q39,Switzerland,,
fest_Q10936918,fest_Q10936918,Q10936918,dajia matsu pilgrimage procession,Dajia Matsu Pilgrimage Procession,Festival,Q865,Taiwan,,
fest_Q112184392,fest_Q112184392,Q112184392,the gathering performance festival 2013,The Gathering Performance Festival 2013,Festival,Q39,Switzerland,,
fest_Q112265348,fest_Q112265348,Q112265348,neoscope 19,Neoscope 19,Festival,Q39,Switzerland,,
fest_Q112183945,fest_Q112183945,Q112183945,the gathering performance festival 2020,The Gathering Performance Festival 2020,Festival,Q39,Switzerland,,
fest_Q112062534,fest_Q112062534,Q112062534,international performance art giswil 2018,International Performance Art Giswil 2018,Festival,Q39,Switzerland,,
fest_Q112190925,fest_Q112190925,Q112190925,performance open air 2018,Performance Open Air 2018,Festival,Q39,Switzerland,,
fest_Q112174392,fest_Q112174884,Q112174884,legs performance festival 2016,Legs Performance Festival 2016,Festival,Q39,Switzerland,,
fest_Q112266029,fest_Q112266029,Q112266029,perform das kleine performance festival 2020,PerFORM¡ Das kleine Performance Festival 2020,Festival,Q39,Switzerland,,
fest_Q112062102,fest_Q112062102,Q112062102,happen 2 2019 stans,"happen 2 2019, Stans",Festival,Q39,Switzerland,,
fest_Q130210785,fest_Q130210785,Q130210785,martigny-combe-chamonix,Martigny-Combe-Chamonix,Festival,Q39,Switzerland,,
fest_Q21041633,fest_Q21041633,Q21041633,amis harvest festival,Ami’s Harvest Festival,Festival,Q865,Taiwan,,
fest_Q112186081,fest_Q112186081,Q112186081,swiss performance art award,Swiss Performance Art Award,Festival,Q39,Switzerland,,
fest_Q112184223,fest_Q112184223,Q112184223,migma performancetage 2003,migma Performancetage 2003,Festival,Q39,Switzerland,,
fest_Q112062541,fest_Q112062541,Q112062541,international performance art giswil 1992,International Performance Art Giswil 1992,Festival,Q39,Switzerland,,
fest_Q112184374,fest_Q112184374,Q112184374,migma performancetage 2006,migma Performancetage 2006,Festival,Q39,Switzerland,,
fest_Q112054651,fest_Q112054651,Q112054651,fwd no14,FWD>> No.14,Festival,Q39,Switzerland,,
fest_Q11061149,fest_Q11061149,Q11061149,pingxi sky lantern festival,Pingxi Sky Lantern Festival,Festival,Q865,Taiwan,,
fest_Q112184981,fest_Q112184981,Q112184981,migma performancetage 2010,migma Performancetage 2010,Festival,Q39,Switzerland,,
fest_Q112186000,fest_Q112186000,Q112186000,performance reihe neu-oerlikon 2019,Performance Reihe Neu-Oerlikon  2019,Festival,Q39,Switzerland,,
fest_Q112186000,fest_Q112186000,Q112186000,performance reihe neu-oerlikon 2019,Performance Reihe Neu-Oerlikon  2019,Festival,Q39,Switzerland,,
fest_Q112062560,fest_Q112062560,Q112062560,international performance art giswil jubel girlanden 2019,International Performance Art Giswil Jubel & Girlanden 2019,Festival,Q39,Switzerland,,
fest_Q112184151,fest_Q112184428,Q112184428,the gathering performance festival 2019,The Gathering Performance Festival 2019,Festival,Q39,Switzerland,,
fest_Q112184151,fest_Q112184428,Q112184428,the gathering performance festival 2019,The Gathering Performance Festival 2019,Festival,Q39,Switzerland,,
fest_Q112191041,fest_Q112191041,Q112191041,swiss performance art award 2009,Swiss Performance Art Award 2009,Festival,Q39,Switzerland,,
fest_Q11042716,fest_Q11042716,Q11042716,pingtung county magistrate election,Pingtung County magistrate election,Festival,Q865,Taiwan,,
fest_Q112062564,fest_Q112062564,Q112062564,international performance art giswil 2012,International Performance Art Giswil 2012,Festival,Q39,Switzerland,,
fest_Q112183945,fest_Q112184435,Q112184435,the gathering performance festival 2020,The Gathering Performance Festival 2020,Festival,Q39,Switzerland,,
fest_Q112186093,fest_Q112186093,Q112186093,swiss performance art award 2015,Swiss Performance Art Award 2015,Festival,Q39,Switzerland,,
fest_Q112947930,fest_Q112947930,Q112947930,the millennium festival of abu alaa al-maari,The Millennium Festival of Abu Alaa Al-Maari,Festival,Q858,Syria,1944-09-25,1944-10-01
fest_Q112190960,fest_Q112190960,Q112190960,performance open air 2019,Performance Open Air 2019,Festival,Q39,Switzerland,,
fest_Q39049249,fest_Q39049249,Q39049249,damascus international fair,Damascus International Fair,Festival,Q858,Syria,1954-01-01,
fest_Q112174366,fest_Q112174920,Q112174920,legs performance festival 2017,Legs Performance Festival 2017,Festival,Q39,Switzerland,,
fest_Q112186103,fest_Q112186103,Q112186103,swiss performance art award 2007,Swiss Performance Art Award 2007,Festival,Q39,Switzerland,,
fest_Q15927336,fest_Q15927336,Q15927336,maleveq,maleveq,Festival,Q865,Taiwan,,
fest_Q15902172,fest_Q15902172,Q15902172,taipei new year's eve party,Taipei New Year's Eve Party,Festival,Q865,Taiwan,,
fest_Q112185007,fest_Q112185007,Q112185007,migma performancetage 2017,migma Performancetage 2017,Festival,Q39,Switzerland,,
fest_Q112062579,fest_Q112062579,Q112062579,international performance art giswil full moon edition 2021,International Performance Art Giswil Full Moon Edition 2021,Festival,Q39,Switzerland,,
fest_Q112186022,fest_Q112186022,Q112186022,performance reihe neu-oerlikon 2011,Performance Reihe Neu-Oerlikon 2011,Festival,Q39,Switzerland,,
fest_Q112186022,fest_Q112186022,Q112186022,performance reihe neu-oerlikon 2011,Performance Reihe Neu-Oerlikon 2011,Festival,Q39,Switzerland,,
fest_Q112061902,fest_Q112061902,Q112061902,handlung und spur 2010 winterthur performance program,"Handlung und Spur 2010, Winterthur: performance program",Festival,Q39,Switzerland,2010-08-27,2010-10-10
fest_Q112184145,fest_Q112184145,Q112184145,the gathering performance festival 2017,The Gathering Performance Festival 2017,Festival,Q39,Switzerland,,
fest_Q112190973,fest_Q112190973,Q112190973,performance open air 2017,Performance Open Air 2017,Festival,Q39,Switzerland,,
fest_Q112186108,fest_Q112186108,Q112186108,swiss performance art award 2005,Swiss Performance Art Award 2005,Festival,Q39,Switzerland,,
fest_Q15898861,fest_Q15898861,Q15898861,han kuang exercise,Han Kuang Exercise,Festival,Q865,Taiwan,,
fest_Q112184151,fest_Q112184151,Q112184151,the gathering performance festival 2019,The Gathering Performance Festival 2019,Festival,Q39,Switzerland,,
fest_Q112184151,fest_Q112184151,Q112184151,the gathering performance festival 2019,The Gathering Performance Festival 2019,Festival,Q39,Switzerland,,
fest_Q123190820,fest_Q123190820,Q123190820,digitalizza la cultura,Digitalizza la cultura,Festival,Q39,Switzerland,2016-01-01,
fest_Q7676551,fest_Q7676551,Q7676551,taiwan lantern festival,Taiwan Lantern Festival,Festival,Q865,Taiwan,,
fest_Q112185977,fest_Q112185977,Q112185977,performance reihe neu-oerlikon,Performance Reihe Neu-Oerlikon,Festival,Q39,Switzerland,,
fest_Q112185977,fest_Q112185977,Q112185977,performance reihe neu-oerlikon,Performance Reihe Neu-Oerlikon,Festival,Q39,Switzerland,,
fest_Q112186025,fest_Q112186025,Q112186025,performance reihe neu-oerlikon 2021,Performance Reihe Neu-Oerlikon 2021,Festival,Q39,Switzerland,,
fest_Q112186025,fest_Q112186025,Q112186025,performance reihe neu-oerlikon 2021,Performance Reihe Neu-Oerlikon 2021,Festival,Q39,Switzerland,,
fest_Q112184151,fest_Q112184454,Q112184454,the gathering performance festival 2019,The Gathering Performance Festival 2019,Festival,Q39,Switzerland,,
fest_Q112186113,fest_Q112186113,Q112186113,swiss performance art award 2010,Swiss Performance Art Award 2010,Festival,Q39,Switzerland,,
fest_Q112062588,fest_Q112062588,Q112062588,international performance art giswil 2020,International Performance Art Giswil 2020,Festival,Q39,Switzerland,,
fest_Q112054938,fest_Q112054938,Q112054938,fwd no5 - 1international performance festival,FWD>> No.5 - 1.International Performance Festival,Festival,Q39,Switzerland,,
fest_Q112184572,fest_Q112184572,Q112184572,migma performancetage 2014,migma Performancetage 2014,Festival,Q39,Switzerland,,
fest_Q112054903,fest_Q112054903,Q112054903,fwd no11 - 2 international performance festival,FWD>> No.11 - 2. International Performance Festival,Festival,Q39,Switzerland,,
fest_Q112062163,fest_Q112062163,Q112062163,happen 3 2020 stans,"happen 3 2020, Stans",Festival,Q39,Switzerland,,
fest_Q112186036,fest_Q112186036,Q112186036,performance reihe neu-oerlikon 2020,Performance Reihe Neu-Oerlikon 2020,Festival,Q39,Switzerland,,
fest_Q112186036,fest_Q112186036,Q112186036,performance reihe neu-oerlikon 2020,Performance Reihe Neu-Oerlikon 2020,Festival,Q39,Switzerland,,
fest_Q112174948,fest_Q112174948,Q112174948,legs performance festival 201620172019,Legs Performance Festival 2016/2017/2019,Festival,Q39,Switzerland,,
fest_Q112174948,fest_Q112174948,Q112174948,legs performance festival 201620172019,Legs Performance Festival 2016/2017/2019,Festival,Q39,Switzerland,,
fest_Q116694667,fest_Q116694667,Q116694667,festival antigel,Festival Antigel,Festival,Q39,Switzerland,,
fest_Q10921475,fest_Q10921475,Q10921475,peace memorial day,Peace Memorial Day,Festival,Q865,Taiwan,,
fest_Q112054436,fest_Q112054436,Q112054436,fwd,FWD>>,Festival,Q39,Switzerland,,
fest_Q10846717,fest_Q10846717,Q10846717,coscup,COSCUP,Festival,Q865,Taiwan,,
fest_Q112483887,fest_Q112483887,Q112483887,hbb haut brot blut - installationsansicht,"HBB Haut, Brot, Blut - Installationsansicht",Festival,Q39,Switzerland,,
fest_Q112062600,fest_Q112062600,Q112062600,international performance art giswil zämä together 2005,International Performance Art Giswil Zämä Together 2005,Festival,Q39,Switzerland,,
fest_Q15898326,fest_Q15898326,Q15898326,kaohsiung lantern festival,Kaohsiung Lantern Festival,Festival,Q865,Taiwan,,
fest_Q112184442,fest_Q112184442,Q112184442,migma performancetage 2007,migma Performancetage 2007,Festival,Q39,Switzerland,,
fest_Q112174366,fest_Q112174366,Q112174366,legs performance festival 2017,Legs Performance Festival 2017,Festival,Q39,Switzerland,,
fest_Q21652190,fest_Q21652190,Q21652190,christmasland in new taipei city,Christmasland in New Taipei City,Festival,Q865,Taiwan,,
fest_Q112183882,fest_Q112183882,Q112183882,the gathering performance festival 2018,The Gathering Performance Festival 2018,Festival,Q39,Switzerland,,
fest_Q112265360,fest_Q112265360,Q112265360,perform das kleine performance festival 2021,PerFORM¡ Das kleine Performance Festival 2021,Festival,Q39,Switzerland,,
fest_Q10927445,fest_Q10927445,Q10927445,international conference on open source,International Conference on Open Source,Festival,Q865,Taiwan,,
fest_Q112061884,fest_Q112061884,Q112061884,happen 1 2017 stans,"happen 1 2017, Stans",Festival,Q39,Switzerland,,
fest_Q10912656,fest_Q10912656,Q10912656,taiwan day against invasion,Taiwan Day Against Invasion,Festival,Q865,Taiwan,,
fest_Q1194539,fest_Q1194539,Q1194539,national day,National Day,Festival,Q865,Taiwan,,
fest_Q112265299,fest_Q112265299,Q112265299,neoscope 17,Neoscope 17,Festival,Q39,Switzerland,,
fest_Q112265297,fest_Q112265297,Q112265297,neoscope,Neoscope,Festival,Q39,Switzerland,,
fest_Q112184199,fest_Q112184199,Q112184199,the gathering performance festival 2020-2022,The Gathering Performance Festival 2020-2022,Festival,Q39,Switzerland,,
fest_Q112183832,fest_Q112183832,Q112183832,the gathering performance festival,The Gathering Performance Festival,Festival,Q39,Switzerland,,
fest_Q112184165,fest_Q112184165,Q112184165,migma performancetage 2001,migma Performancetage 2001,Festival,Q39,Switzerland,,
fest_Q112174392,fest_Q112174392,Q112174392,legs performance festival 2016,Legs Performance Festival 2016,Festival,Q39,Switzerland,,
fest_Q112174392,fest_Q112174392,Q112174392,legs performance festival 2016,Legs Performance Festival 2016,Festival,Q39,Switzerland,,
fest_Q15902598,fest_Q15902598,Q15902598,black panther high school baseball championship,Black Panther High School Baseball Championship,Festival,Q865,Taiwan,2013-01-01,
fest_Q15897231,fest_Q15897231,Q15897231,freedom of speech day,Freedom of Speech Day,Festival,Q865,Taiwan,,
fest_Q112184631,fest_Q112184631,Q112184631,migma performancetage 2009,migma Performancetage 2009,Festival,Q39,Switzerland,,
fest_Q112184145,fest_Q112184368,Q112184368,the gathering performance festival 2017,The Gathering Performance Festival 2017,Festival,Q39,Switzerland,,
fest_Q112054321,fest_Q112054321,Q112054321,eile mit weile - time for performance 2019,Eile mit Weile - Time for Performance 2019,Festival,Q39,Switzerland,,
fest_Q10914407,fest_Q10914407,Q10914407,taipei biennial,Taipei Biennial,Festival,Q865,Taiwan,,
fest_Q112184486,fest_Q112184486,Q112184486,migma performancetage 2013,migma Performancetage 2013,Festival,Q39,Switzerland,,
fest_Q112062504,fest_Q112062504,Q112062504,international performance art giswil 2010,International Performance Art Giswil 2010,Festival,Q39,Switzerland,,
fest_Q7676544,fest_Q7676544,Q7676544,taiwan international fastener show,Taiwan International Fastener Show,Festival,Q865,Taiwan,,
fest_Q112183882,fest_Q112184527,Q112184527,the gathering performance festival 2018,The Gathering Performance Festival 2018,Festival,Q39,Switzerland,,
fest_Q112183882,fest_Q112184527,Q112184527,the gathering performance festival 2018,The Gathering Performance Festival 2018,Festival,Q39,Switzerland,,
fest_Q112265329,fest_Q112265329,Q112265329,neoscope 18,Neoscope 18,Festival,Q39,Switzerland,,
fest_Q13636373,fest_Q13636373,Q13636373,hohaiyan rock festival,Hohaiyan Rock Festival,Festival,Q865,Taiwan,,
fest_Q3353195,fest_Q3353195,Q3353195,open source developers' conference,Open Source Developers' Conference,Festival,Q865,Taiwan,2004-01-01,2015-01-01
fest_Q112190911,fest_Q112190911,Q112190911,performance open air,Performance Open Air,Festival,Q39,Switzerland,,
fest_Q131419653,fest_Q131419653,Q131419653,celebrations on the occasion of queen sirikit's 5th cycle birthday anniversary,Celebrations on the Occasion of Queen Sirikit's 5th Cycle Birthday Anniversary,Event,Q869,Thailand,,
fest_Q39087739,fest_Q39087739,Q39087739,coronation of the thai monarch,coronation of the Thai monarch,Event,Q869,Thailand,,
fest_Q13016696,fest_Q13016696,Q13016696,festival of floral offerings,Festival of Floral Offerings,Festival,Q869,Thailand,,
fest_Q56271761,fest_Q56271761,Q56271761,yuejin lantern festival,Yuejin Lantern Festival,Festival,Q865,Taiwan,,
fest_Q4922745,fest_Q4922745,Q4922745,phi ta khon,Phi Ta Khon,Festival,Q869,Thailand,,
fest_Q136445091,fest_Q136445091,Q136445091,haotiengong beigang pilgrimage,Haotiengong Beigang Pilgrimage,Festival,Q865,Taiwan,,
fest_Q65049265,fest_Q65049265,Q65049265,2020 taiwan lantern festival,2020 Taiwan Lantern Festival,Festival,Q865,Taiwan,2020-02-08,2020-02-23
fest_Q135422460,fest_Q135422460,Q135422460,gongsheng music commemoration,Gongsheng Music Commemoration,Festival,Q865,Taiwan,,
fest_Q55696349,fest_Q55696349,Q55696349,homeyaya,Homeyaya,Festival,Q865,Taiwan,,
fest_Q56271943,fest_Q56271943,Q56271943,2019 taiwan lantern festival,2019 Taiwan Lantern Festival,Festival,Q865,Taiwan,2019-01-25,2019-03-03
fest_Q126010560,fest_Q126010560,Q126010560,republic of china taiwan presidential inauguration,Republic of China (Taiwan) presidential inauguration,Festival,Q865,Taiwan,,
fest_Q7684126,fest_Q7684126,Q7684126,tanzania music awards,Tanzania Music Awards,Festival,Q924,Tanzania,,
fest_Q67935296,fest_Q67935296,Q67935296,national disaster prevention day,National Disaster Prevention Day,Festival,Q865,Taiwan,,
fest_Q131419834,fest_Q131419834,Q131419834,celebrations on the occasion of crown prince maha vajiralongkorn's 5th cycle birthday anniversary,Celebrations on the Occasion of Crown Prince Maha Vajiralongkorn's 5th Cycle Birthday Anniversary,Event,Q869,Thailand,,
fest_Q130329232,fest_Q130329232,Q130329232,chiang mai design week,Chiang Mai Design Week,Festival,Q869,Thailand,,
fest_Q131419536,fest_Q131419536,Q131419536,celebrations on the occasion of queen sirikit's 50th birthday anniversary,Celebrations on the Occasion of Queen Sirikit's 50th Birthday Anniversary,Event,Q869,Thailand,,
fest_Q131419989,fest_Q131419989,Q131419989,celebrations on the occasion of queen sirikit's 90th birthday anniversary,Celebrations on the Occasion of Queen Sirikit's 90th Birthday Anniversary,Event,Q869,Thailand,,
fest_Q6583105,fest_Q6583105,Q6583105,thai royal guards parade,Thai Royal Guards parade,Event,Q869,Thailand,,
fest_Q118218309,fest_Q118218309,Q118218309,masters play-beyond the music boundary weiwuying,Masters Play-Beyond the Music Boundary @WEIWUYING,Festival,Q865,Taiwan,,
fest_Q105881930,fest_Q105881930,Q105881930,palamal,Palamal,Festival,Q865,Taiwan,,
fest_Q135453640,fest_Q135453640,Q135453640,nanyao temple pilgrimage,Nanyao Temple Pilgrimage,Festival,Q865,Taiwan,,
fest_Q116730325,fest_Q116730325,Q116730325,2023 taiwan lantern festival,2023 Taiwan Lantern Festival,Festival,Q865,Taiwan,2023-02-05,2023-02-19
fest_Q137532364,fest_Q137532364,Q137532364,education innovation taiwan,Education Innovation Taiwan,Festival,Q865,Taiwan,,
fest_Q85987157,fest_Q85987157,Q85987157,golden jubilee of king bhumibol adulyadej,Golden Jubilee of King Bhumibol Adulyadej,Event,Q869,Thailand,1996-06-08,1996-06-12
fest_Q131419559,fest_Q131419559,Q131419559,celebrations on the occasion of princess srinagarindra's 7th cycle birthday anniversary,Celebrations on the Occasion of Princess Srinagarindra's 7th Cycle Birthday Anniversary,Event,Q869,Thailand,,
fest_Q5095195,fest_Q5095195,Q5095195,chiang mai flower festival,Chiang Mai Flower Festival,Festival,Q869,Thailand,,
fest_Q48927632,fest_Q48927632,Q48927632,lanyang picture book creation camp,Lanyang Picture Book Creation Camp,Festival,Q865,Taiwan,,
fest_Q135423022,fest_Q135423022,Q135423022,asia-pacific forum on sustainable development,Asia-Pacific Forum on Sustainable Development,Festival,Q869,Thailand,2024-02-20,2024-02-23
fest_Q20624760,fest_Q20624760,Q20624760,mwaka kogwa,Mwaka Kogwa,Festival,Q924,Tanzania,,
fest_Q13017671,fest_Q13017671,Q13017671,rajamangala celebrations of bhumibol adulyadej,Rajamangala Celebrations of Bhumibol Adulyadej,Event,Q869,Thailand,1988-07-02,1988-07-05
fest_Q97223881,fest_Q97223881,Q97223881,state opening of parliament,State Opening of Parliament,Festival,Q869,Thailand,,
fest_Q131419721,fest_Q131419721,Q131419721,celebrations on the occasion of queen sirikit's 6th cycle birthday anniversary,Celebrations on the Occasion of Queen Sirikit's 6th Cycle Birthday Anniversary,Event,Q869,Thailand,,
fest_Q139069265,fest_Q139069265,Q139069265,e-ka-tiann kim-luan temple ong-tsio ceremony,E-ka-tiann Kim-luan Temple Ong-tsio Ceremony,Festival,Q865,Taiwan,,
fest_Q131419879,fest_Q131419879,Q131419879,celebrations on the occasion of princess maha chakri sirindhorn's 5th cycle birthday anniversary,Celebrations on the Occasion of Princess Maha Chakri Sirindhorn's 5th Cycle Birthday Anniversary,Event,Q869,Thailand,,
fest_Q122748347,fest_Q122748347,Q122748347,toucheng ghost grappling festival,Toucheng Ghost Grappling Festival,Festival,Q865,Taiwan,,
fest_Q132774085,fest_Q132774085,Q132774085,2025 taiwan lantern festival,2025 Taiwan Lantern Festival,Festival,Q865,Taiwan,,
fest_Q139069028,fest_Q139069028,Q139069028,mi-nung yun-on-chong pak-kung fuk-chhong ngip-ngien-ka festival,Mi-nung Yun-on-chong Pak-kung Fuk-chhong Ngip-ngien-ka Festival,Festival,Q865,Taiwan,,
fest_Q138637094,fest_Q138637094,Q138637094,2026 taiwan lantern festival,2026 Taiwan Lantern Festival,Festival,Q865,Taiwan,,
fest_Q130478523,fest_Q130478523,Q130478523,bangkok pride,Bangkok Pride,Festival,Q869,Thailand,,
fest_Q126164299,fest_Q126164299,Q126164299,maho rasop festival,Maho Rasop Festival,Festival,Q869,Thailand,,
fest_Q130329213,fest_Q130329213,Q130329213,bangkok design week,Bangkok Design Week,Festival,Q869,Thailand,,
fest_Q13017652,fest_Q13017652,Q13017652,merit-making ceremony in dedication to the past monarchs,Merit-making Ceremony in dedication to the past monarchs,Event,Q869,Thailand,,
fest_Q124659362,fest_Q124659362,Q124659362,taipei innovative textile application show,Taipei Innovative Textile Application Show,Festival,Q865,Taiwan,1997-01-01,
fest_Q13018159,fest_Q13018159,Q13018159,sunset ceremony,Sunset ceremony,Event,Q869,Thailand,,
fest_Q16138610,fest_Q16138610,Q16138610,proclaimation of the crown prince of thailand,Proclaimation of the Crown Prince of Thailand,Event,Q869,Thailand,,
fest_Q131419282,fest_Q131419282,Q131419282,elevation of princess maha chakri sirindhorn,Elevation of Princess Maha Chakri Sirindhorn,Event,Q869,Thailand,,
fest_Q6402203,fest_Q6402203,Q6402203,khon kaen silk festival,Khon Kaen Silk Festival,Festival,Q869,Thailand,,
fest_Q48911080,fest_Q48911080,Q48911080,mayasvi,mayasvi,Festival,Q865,Taiwan,,
fest_Q131583824,fest_Q131583824,Q131583824,cycle commuting day,Cycle Commuting Day,Festival,Q865,Taiwan,2016-01-01,
fest_Q131419912,fest_Q131419912,Q131419912,celebrations on the occasion of queen sirikit's 7th cycle birthday anniversary,Celebrations on the Occasion of Queen Sirikit's 7th Cycle Birthday Anniversary,Event,Q869,Thailand,,
fest_Q13017658,fest_Q13017658,Q13017658,celebration for king bhumibol adulyadej's 3rd cycle birthday anniversary,Celebration for King Bhumibol Adulyadej's 3rd Cycle Birthday Anniversary,Event,Q869,Thailand,,
fest_Q117338081,fest_Q117338081,Q117338081,taiwan international festival of arts,Taiwan International Festival of Arts,Festival,Q865,Taiwan,,
fest_Q1425496,fest_Q1425496,Q1425496,loi krathong,Loi Krathong,Festival,Q869,Thailand,,
fest_Q119401434,fest_Q119401434,Q119401434,weiwuying childrens festival,Weiwuying Children’s Festival,Festival,Q865,Taiwan,,
fest_Q2964638,fest_Q2964638,Q2964638,royal ploughing ceremony,Royal Ploughing Ceremony,Event,Q869,Thailand,,
fest_Q13017666,fest_Q13017666,Q13017666,celebration for king bhumibol adulyadej's 5th cycle birthday anniversary,Celebration for King Bhumibol Adulyadej's 5th Cycle Birthday Anniversary,Event,Q869,Thailand,,
fest_Q13017665,fest_Q13017665,Q13017665,celebration for king bhumibol adulyadej's 4th cycle birthday anniversary,Celebration for King Bhumibol Adulyadej's 4th Cycle Birthday Anniversary,Event,Q869,Thailand,,
fest_Q13017670,fest_Q13017670,Q13017670,celebrations for king bhumibol adulyadej's 80th birthday,Celebrations for King Bhumibol Adulyadej's 80th Birthday,Event,Q869,Thailand,,
fest_Q119441518,fest_Q119441518,Q119441518,weiwuying international music festival,Weiwuying International Music Festival,Festival,Q865,Taiwan,,
fest_Q13017668,fest_Q13017668,Q13017668,celebration for king bhumibol adulyadej's 7th cycle birthday anniversary,Celebration for King Bhumibol Adulyadej's 7th Cycle Birthday Anniversary,Event,Q869,Thailand,,
fest_Q13017669,fest_Q13017669,Q13017669,celebration for king bhumibol adulyadej's 6th cycle birthday anniversary,Celebration for King Bhumibol Adulyadej's 6th Cycle Birthday Anniversary,Event,Q869,Thailand,,
fest_Q138464672,fest_Q138464672,Q138464672,lohas cherry blossom festival,Lohas Cherry Blossom Festival,Festival,Q865,Taiwan,,
fest_Q64005451,fest_Q64005451,Q64005451,founding of the republic of china day,Founding of the Republic of China Day,Festival,Q865,Taiwan,,
fest_Q124799318,fest_Q124799318,Q124799318,celebration on the auspicious occasion of his majesty the king's 6th cycle birthday anniversary july 28th 2024,"Celebration on the Auspicious Occasion of His Majesty the King's 6th Cycle Birthday Anniversary, July 28th, 2024",Event,Q869,Thailand,,
fest_Q110967783,fest_Q110967783,Q110967783,2022 taiwan lantern festival,2022 Taiwan Lantern Festival,Festival,Q865,Taiwan,2022-02-01,2022-02-28
fest_Q117851818,fest_Q117851818,Q117851818,taiwan week,Taiwan Week,Festival,Q865,Taiwan,,
fest_Q13017680,fest_Q13017680,Q13017680,celebration for king bhumibol adulyadej's 50th birthday,Celebration for King Bhumibol Adulyadej's 50th Birthday,Event,Q869,Thailand,,
fest_Q119441567,fest_Q119441567,Q119441567,weiwuying organ festival,Weiwuying Organ Festival,Festival,Q865,Taiwan,,
fest_Q3070641,fest_Q3070641,Q3070641,saharan ksour festival,Saharan Ksour Festival,Festival,Q948,Tunisia,,
fest_Q261985,fest_Q261985,Q261985,evala,Evala,Event,Q945,Togo,,
fest_Q139764089,fest_Q139764089,Q139764089,akpéma,Akpéma,Event,Q945,Togo,,
fest_Q136221507,fest_Q136221507,Q136221507,traverse vidéo,Traverse Vidéo,Festival,Q7880,Toulouse,,
fest_Q3070655,fest_Q3070655,Q3070655,international festival of the sahara,International Festival of the Sahara,Festival,Q948,Tunisia,,
fest_Q7670141,fest_Q7670141,Q7670141,tfcon,TFcon,Festival,Q172,Toronto,,
fest_Q3587147,fest_Q3587147,Q3587147,tunisian parliamentary election,Tunisian parliamentary election,Festival,Q948,Tunisia,,
fest_Q83258064,fest_Q83258064,Q83258064,george washington's reception at trenton,George Washington's reception at Trenton,Event,Q25330,Trenton,,
fest_Q110513294,fest_Q110513294,Q110513294,katoaga,katoaga,Event,Q678,Tonga,,
fest_Q12228866,fest_Q12228866,Q12228866,evacuation day,Evacuation Day,Event,Q948,Tunisia,,
fest_Q16535936,fest_Q16535936,Q16535936,capitole du libre,Capitole du libre,Festival,Q7880,Toulouse,2009-10-01,
fest_Q120052439,fest_Q120052439,Q120052439,old town festival trier,Old Town Festival Trier,Festival,Q3138,Trier,,
fest_Q138577582,fest_Q138577582,Q138577582,festival of black deities,Festival of Black Deities,Festival,Q945,Togo,,
fest_Q123864290,fest_Q123864290,Q123864290,danm woncil festival,Danm Woncil Festival,Festival,Q945,Togo,,
fest_Q106242538,fest_Q106242538,Q106242538,street health annual general meeting,Street Health Annual General Meeting,Festival,Q172,Toronto,,
fest_Q5433535,fest_Q5433535,Q5433535,fan expo canada,Fan Expo Canada,Festival,Q172,Toronto,,
fest_Q3077681,fest_Q3077681,Q3077681,forom des langues du monde,Forom des langues du monde,Festival,Q7880,Toulouse,,
fest_Q136212362,fest_Q136212362,Q136212362,traverse vidéo 2013 histoires,Traverse Vidéo 2013: Histoires,Festival,Q7880,Toulouse,,
fest_Q1738508,fest_Q1738508,Q1738508,2007 toronto international film festival,2007 Toronto International Film Festival,Festival,Q172,Toronto,,
fest_Q6953944,fest_Q6953944,Q6953944,ngc bocas lit fest,NGC Bocas Lit Fest,Festival,Q754,Trinidad and Tobago,,
fest_Q125257122,fest_Q125257122,Q125257122,serious play conference,Serious Play Conference,Festival,Q172,Toronto,,
fest_Q7429541,fest_Q7429541,Q7429541,sbeitla's spring festival,Sbeitla's Spring Festival,Festival,Q948,Tunisia,,
fest_Q18353529,fest_Q18353529,Q18353529,toronto jewish film festival,Toronto Jewish Film Festival,Festival,Q172,Toronto,,
fest_Q25450533,fest_Q25450533,Q25450533,international festival of dougga,International Festival of Dougga,Festival,Q948,Tunisia,,
fest_Q3069874,fest_Q3069874,Q3069874,caribana,Caribana,Festival,Q172,Toronto,,
fest_Q138677111,fest_Q138677111,Q138677111,festival of the medina of tunis,Festival of the Medina of Tunis,Festival,Q948,Tunisia,,
fest_Q76179596,fest_Q76179596,Q76179596,fall for dance north,Fall for Dance North,Festival,Q172,Toronto,,
fest_Q7389947,fest_Q7389947,Q7389947,sfcontario,SFContario,Festival,Q172,Toronto,,
fest_Q109518238,fest_Q109518238,Q109518238,dance made in canada,dance: made in canada,Festival,Q172,Toronto,,
fest_Q136653561,fest_Q136653561,Q136653561,sensualonica dance festival,Sensualonica Dance Festival,Festival,Q17151,Thessaloniki,,
fest_Q22905775,fest_Q22905775,Q22905775,2016 toronto international film festival,2016 Toronto International Film Festival,Festival,Q172,Toronto,2016-09-08,2016-09-18
fest_Q112605826,fest_Q112605826,Q112605826,saint anthony festival in manatuto,Saint Anthony festival in Manatuto,Event,Q574,Timor-Leste,,
fest_Q133530550,fest_Q133530550,Q133530550,medina of tozeur festival,Medina of Tozeur Festival,Festival,Q948,Tunisia,,
fest_Q3586559,fest_Q3586559,Q3586559,presidential election in tunisia,presidential election in Tunisia,Festival,Q948,Tunisia,,
fest_Q7209118,fest_Q7209118,Q7209118,polaris,Polaris,Festival,Q172,Toronto,,
fest_Q109381890,fest_Q109381890,Q109381890,wiki loves monuments in tunisia,Wiki Loves Monuments in Tunisia,Festival,Q948,Tunisia,,
fest_Q611195,fest_Q611195,Q611195,ad astra,Ad Astra,Festival,Q172,Toronto,,
fest_Q16556551,fest_Q16556551,Q16556551,dancing devils of tinaquillo,Dancing Devils of Tinaquillo,Event,Q717,Venezuela,,
fest_Q107366632,fest_Q107366632,Q107366632,national television festival,National Television Festival,Festival,Q881,Vietnam,,
fest_Q82668,fest_Q82668,Q82668,feria del sol,Feria del Sol,Festival,Q717,Venezuela,,
fest_Q10788643,fest_Q10788643,Q10788643,bay nui ox race festival,Bay Nui ox race festival,Festival,Q881,Vietnam,,
fest_Q131429195,fest_Q131429195,Q131429195,bà chúa xứ festival,Bà Chúa Xứ Festival,Festival,Q881,Vietnam,,
fest_Q1823978,fest_Q1823978,Q1823978,oti festival 1979,OTI Festival 1979,Festival,Q717,Venezuela,,
fest_Q5563375,fest_Q5563375,Q5563375,giong festival,Giong Festival,Festival,Q881,Vietnam,,
fest_Q5861684,fest_Q5861684,Q5861684,festive cycle around the devotion and worship towards saint john the baptist,Festive cycle around the devotion and worship towards Saint John the Baptist,Event,Q717,Venezuela,,
fest_Q5602422,fest_Q5602422,Q5602422,green collection,Green Collection,Festival,Q61,"Washington, D.C.",,
fest_Q6049188,fest_Q6049188,Q6049188,international children's festival,International Children's Festival,Festival,Q61,"Washington, D.C.",,
fest_Q118744944,fest_Q118744944,Q118744944,yiddish summer weimar,Yiddish Summer Weimar,Festival,Q3955,Weimar,,
fest_Q5464553,fest_Q5464553,Q5464553,folklorama,Folklorama,Festival,Q2135,Winnipeg,,
fest_Q6672963,fest_Q6672963,Q6672963,nguyen hue flower street,Nguyen Hue flower street,Festival,Q881,Vietnam,,
fest_Q3392883,fest_Q3392883,Q3392883,feria de la chinita,Feria de La Chinita,Festival,Q717,Venezuela,,
fest_Q113990878,fest_Q113990878,Q113990878,wikisendero andes,WikiSendero Andes,Festival,Q717,Venezuela,,
fest_Q109116323,fest_Q109116323,Q109116323,viet bac folklore festival eatam commune,Viet Bac Folklore Festival (Eatam Commune),Festival,Q881,Vietnam,,
fest_Q134639871,fest_Q134639871,Q134639871,venice design week,Venice Design Week,Festival,Q641,Venice,,
fest_Q126424793,fest_Q126424793,Q126424793,el pozón del saladillo,El Pozón del Saladillo,Festival,Q717,Venezuela,,
fest_Q110113726,fest_Q110113726,Q110113726,winnipeg crankie festival,Winnipeg Crankie Festival,Festival,Q2135,Winnipeg,,
fest_Q4053339,fest_Q4053339,Q4053339,16th world festival of youth and students,16th World Festival of Youth and Students,Festival,Q717,Venezuela,,
fest_Q112625441,fest_Q112625441,Q112625441,capclave,Capclave,Festival,Q61,"Washington, D.C.",,
fest_Q137588961,fest_Q137588961,Q137588961,junior high school student excellence competition,Junior High School Student Excellence Competition,Festival,Q881,Vietnam,,
fest_Q4812085,fest_Q4812085,Q4812085,asymmetry festival,Asymmetry Festival,Festival,Q1799,Wrocław,,
fest_Q1667801,fest_Q1667801,Q1667801,internationales pfingstturnier wiesbaden,Internationales Pfingstturnier Wiesbaden,Festival,Q1721,Wiesbaden,,
fest_Q137645303,fest_Q137645303,Q137645303,high school excellent student competition,High School Excellent Student Competition,Festival,Q881,Vietnam,,
fest_Q48753867,fest_Q48753867,Q48753867,genius loci weimar,Genius Loci Weimar,Festival,Q3955,Weimar,,
fest_Q16976122,fest_Q16976122,Q16976122,dalat flower festival,Dalat Flower Festival,Festival,Q881,Vietnam,,
fest_Q114832762,fest_Q114832762,Q114832762,vietnam motor show,Vietnam Motor Show,Festival,Q881,Vietnam,,
fest_Q618206,fest_Q618206,Q618206,dancing devils of yare,Dancing Devils of Yare,Event,Q717,Venezuela,,
fest_Q10788596,fest_Q10788596,Q10788596,tich dien doi son festival,Tich dien Doi Son festival,Festival,Q881,Vietnam,,
fest_Q10786579,fest_Q10786579,Q10786579,liên hoan tiếng hát truyền hình toàn quốc,Liên hoan tiếng hát truyền hình toàn quốc,Festival,Q881,Vietnam,,
fest_Q10783777,fest_Q10783777,Q10783777,national high school excellent student competition,National High School Excellent Student Competition,Festival,Q881,Vietnam,,
fest_Q16566903,fest_Q16566903,Q16566903,venezuela international book fair,Venezuela International Book Fair,Festival,Q717,Venezuela,,
fest_Q259724,fest_Q259724,Q259724,south american footballer of the year,South American Footballer of the Year,Festival,Q717,Venezuela,,
fest_Q109672560,fest_Q109672560,Q109672560,wiki loves monuments in venezuela,Wiki Loves Monuments in Venezuela,Festival,Q717,Venezuela,,
fest_Q32249508,fest_Q32249508,Q32249508,anniversary of duc chi ton,Anniversary of Duc Chi Ton,Festival,Q881,Vietnam,,
fest_Q11299314,fest_Q11299314,Q11299314,christmas on ice,Christmas on Ice,Festival,Q38283,Yokohama,,
fest_Q28194643,fest_Q28194643,Q28194643,festival mbog liaa,Festival Mbog Liaa,Festival,Q3808,Yaoundé,,
fest_Q126923743,fest_Q126923743,Q126923743,absa cup final,ABSA Cup final,Festival,Q953,Zambia,,
fest_Q64068351,fest_Q64068351,Q64068351,festival tokna massana,Festival Tokna Massana,Festival,Q3808,Yaoundé,,
fest_Q123104993,fest_Q123104993,Q123104993,nja'nja m'ndzang,Nja'Nja M'ndzang,Festival,Q3808,Yaoundé,,
fest_Q111495571,fest_Q111495571,Q111495571,wiki loves earth in zambia,Wiki Loves Earth in Zambia,Festival,Q953,Zambia,,
