festival_wikidata_id,festival_name,festival_type,destination_wikidata_id,destination_name,start_date,end_date,inception
Q60969574,Kënga Magjike 2017,festival occurrence,Q222,Albania,2017-12-06T00:00:00Z,2017-12-09T00:00:00Z,
Q97244429,Q97244429,festival occurrence,Q222,Albania,,,
Q97244433,Q97244433,festival occurrence,Q222,Albania,,,
Q71435666,Kënga Magjike 2019,festival occurrence,Q222,Albania,,,
Q2319714,Abu Dhabi Motor Show,recurring event,Q1519,Abu Dhabi,,,
Q97244438,Q97244438,festival occurrence,Q222,Albania,,,
Q135526378,Q135526378,party,Q727,Amsterdam,,,
Q97244436,Q97244436,festival occurrence,Q222,Albania,,,
Q7600800,Star Mega Jam,festival,Q3787,Abuja,2001-01-01T00:00:00Z,2010-01-01T00:00:00Z,
Q97244441,Q97244441,festival occurrence,Q222,Albania,,,
Q97244447,Q97244447,festival occurrence,Q222,Albania,,,
Q38236899,Mozilla Festival,festival,Q727,Amsterdam,,,2013-01-01T00:00:00Z
Q60969892,Kënga Magjike 2018,festival occurrence,Q222,Albania,2018-12-05T00:00:00Z,2018-12-08T00:00:00Z,
Q97244445,Q97244445,festival occurrence,Q222,Albania,,,
Q56309543,Q56309543,festival,Q262,Algeria,,,2004-01-01T00:00:00Z
Q45859817,Q45859817,festival,Q262,Algeria,,,
Q97244451,Q97244451,festival occurrence,Q222,Albania,,,
Q97244454,Q97244454,festival occurrence,Q222,Albania,,,
Q4666934,Aberdeen International Youth Festival,festival,Q36405,Aberdeen,,,
Q3358839,Royal National Mod,festival,Q36405,Aberdeen,,,1892-01-01T00:00:00Z
Q97244459,Q97244459,festival occurrence,Q222,Albania,,,
Q97244456,Q97244456,festival occurrence,Q222,Albania,,,
Q28134942,OzAsia Festival,recurring event,Q5112,Adelaide,,,2007-01-01T00:00:00Z
Q97244462,Q97244462,festival occurrence,Q222,Albania,,,
Q136889156,Q136889156,festival,Q262,Algeria,2025-11-13T00:00:00Z,2025-11-18T00:00:00Z,2025-01-01T00:00:00Z
Q135528807,Q135528807,party,Q727,Amsterdam,,,
Q97244465,Q97244465,festival occurrence,Q222,Albania,,,
Q2181135,Festival of Fools,festival,Q727,Amsterdam,,,1975-01-01T00:00:00Z
Q97244468,Q97244468,festival occurrence,Q222,Albania,,,
Q110113406,Q110113406,festival occurrence,Q222,Albania,,,
Q61750432,Q61750432,festival,Q727,Amsterdam,,,1998-01-01T00:00:00Z
Q110113407,Q110113407,festival occurrence,Q222,Albania,,,
Q97244472,Q97244472,festival occurrence,Q222,Albania,,,
Q23925671,Comiciade,recurring event,Q1017,Aachen,,,2014-01-01T00:00:00Z
Q12222274,Ashura in Algeria,festival,Q262,Algeria,,,
Q2207483,Poelifinario,recurring event,Q727,Amsterdam,2003-01-01T00:00:00Z,,2003-01-01T00:00:00Z
Q4982316,Bubonicon,recurring event,Q34804,Albuquerque,,,1969-01-01T00:00:00Z
Q105741210,Wiki Loves Monuments in Albania & Kosovo,recurring event,Q222,Albania,,,
Q139324332,Albanian Diaspora Summit,recurring event,Q222,Albania,,,2016-11-18T00:00:00Z
Q138634599,Q138634599,festival,Q1515,Abidjan,,,2008-01-01T00:00:00Z
Q16146537,15th World Festival of Youth and Students,festival occurrence,Q262,Algeria,,,
Q1424859,Q1424859,party,Q87,Alexandria,,-0209-01-01T00:00:00Z,-0281-01-01T00:00:00Z
Q136772326,Q136772326,festival,Q262,Algeria,,,
Q136379143,Q136379143,festival,Q1515,Abidjan,,,2025-04-20T00:00:00Z
Q60852069,Q60852069,festival,Q35493,Almaty,,,
Q112612933,Advention,recurring event,Q5112,Adelaide,,,1972-01-01T00:00:00Z
Q98608942,Q98608942,recurring event,Q262,Algeria,,,
Q23014326,Kënga Magjike 2015,festival occurrence,Q222,Albania,,,
Q1795594,Kënga Magjike,recurring event,Q222,Albania,,,1999-01-01T00:00:00Z
Q4708969,Albacon,recurring event,Q24861,Albany,,,1996-01-01T00:00:00Z
Q79048068,Tirana Book Fair,recurring event,Q222,Albania,,,1998-01-01T00:00:00Z
Q20561724,Kult Awards,recurring event,Q222,Albania,,,2005-01-01T00:00:00Z
Q3070849,Q3070849,festival,Q3561,Algiers,,,
Q3070849,Q3070849,festival,Q262,Algeria,,,
Q16849154,International Festival of Comics,recurring event,Q262,Algeria,,,
Q135222556,Q135222556,party,Q727,Amsterdam,,,
Q135222557,Q135222557,party,Q727,Amsterdam,,,
Q56299731,Kënga Magjike 2016,festival occurrence,Q222,Albania,,,
Q304607,Gjirokastër National Folklore Festival,festival,Q222,Albania,,,
Q97244423,Q97244423,festival occurrence,Q222,Albania,,,
Q97244420,Q97244420,festival occurrence,Q222,Albania,,,
Q948858,Cannabis Cup,festival,Q727,Amsterdam,,,1988-01-01T00:00:00Z
Q97244426,Q97244426,festival occurrence,Q222,Albania,,,
Q1855632,Q1855632,recurring event,Q727,Amsterdam,,,
Q11983109,Danish National Exhibition of 1909,festival occurrence,Q25319,Aarhus,,,
Q116767093,Spectra Festival of Light,festival,Q36405,Aberdeen,,,
Q97244431,Q97244431,festival occurrence,Q222,Albania,,,
Q26156861,Amsterdam Light Festival,festival,Q727,Amsterdam,,,2011-01-01T00:00:00Z
Q54859997,Q54859997,festival,Q727,Amsterdam,,,
Q138036118,"Jouvert Morning, Aruba",festival,Q21203,Aruba,,,
Q138323197,"Grand Carnival Parade, San Nicolas",festival,Q21203,Aruba,,,
Q138321756,"Lightning parade, San Nicolas Aruba",festival,Q21203,Aruba,,,
Q127335869,Buenos Aires Celebra País Vasco 2021,festival occurrence,Q414,Argentina,,,
Q16567706,Q16567706,party,Q414,Argentina,,,
Q25227199,Ultra Buenos Aires,recurring event,Q414,Argentina,,,
Q6343966,Q6343966,festival occurrence,Q414,Argentina,2003-10-10T00:00:00Z,2003-10-26T00:00:00Z,
Q60825251,Q60825251,festival occurrence,Q414,Argentina,,,
Q125273932,Q125273932,festival,Q414,Argentina,2024-04-06T00:00:00Z,2024-04-07T00:00:00Z,
Q30901805,Q30901805,festival occurrence,Q414,Argentina,,,
Q108464937,Tempo Dance Festival,festival,Q37100,Auckland,,,2003-01-01T00:00:00Z
Q131927862,Q131927862,recurring event,Q414,Argentina,,,
Q115505283,Bear festivities in the Pyrenees,festival,Q228,Andorra,,,
Q130243963,Feira Filda,recurring event,Q916,Angola,,,1969-12-06T00:00:00Z
Q16567712,Q16567712,party,Q414,Argentina,,,
Q3690905,Copa de Competencia (LAF),recurring event,Q414,Argentina,,,1932-01-01T00:00:00Z
Q84045610,Cosquín Rock 2020,festival occurrence,Q414,Argentina,2020-02-08T00:00:00Z,2020-02-09T00:00:00Z,
Q17492841,Summer of Antwerp,festival,Q12892,Antwerp,,,1995-01-01T00:00:00Z
Q16491950,National Day of Tango,recurring event,Q414,Argentina,,,1977-01-01T00:00:00Z
Q5787759,Copa General Pedro Ramírez,recurring event,Q414,Argentina,,,1943-01-01T00:00:00Z
Q3690900,Copa de Competencia (AAmF),recurring event,Q414,Argentina,,,1920-01-01T00:00:00Z
Q5861643,Q5861643,party,Q414,Argentina,,,
Q19799894,census in Argentina,recurring event,Q414,Argentina,,,
Q24057155,Pepsi Music 2013,festival occurrence,Q414,Argentina,,,
Q127328811,Buenos Aires Celebra País Vasco,festival,Q414,Argentina,,,2011-01-01T00:00:00Z
Q17632222,Q17632222,festival,Q414,Argentina,,,
Q16567727,Q16567727,party,Q414,Argentina,,,
Q7565949,South American Business Forum,recurring event,Q414,Argentina,2004-01-01T00:00:00Z,,2005-01-01T00:00:00Z
Q5861641,Q5861641,party,Q414,Argentina,,,
Q116073192,Q116073192,recurring event,Q414,Argentina,,,1996-01-01T00:00:00Z
Q5861647,Q5861647,party,Q414,Argentina,,,
Q76763282,2019 Argentina presidential debates,recurring event,Q414,Argentina,,,
Q5861644,Q5861644,party,Q414,Argentina,,,
Q81314097,Cascanueces,discothèque,Q414,Argentina,,,1993-01-01T00:00:00Z
Q5861648,Q5861648,party,Q414,Argentina,,,
Q4985521,Buenos Aires Fashion Week,recurring event,Q414,Argentina,2001-01-01T00:00:00Z,,2001-01-01T00:00:00Z
Q139807837,Madrid Economic Forum,recurring event,Q228,Andorra,,,
Q11219610,Q11219610,festival occurrence,Q414,Argentina,2008-03-30T00:00:00Z,2008-04-06T00:00:00Z,
Q96622031,Wiki Loves Folklore,recurring event,Q414,Argentina,,,
Q97461264,Copa Confraternidad Iberoamericana,recurring event,Q414,Argentina,1964-01-01T00:00:00Z,1965-01-01T00:00:00Z,1964-01-01T00:00:00Z
Q5996078,Marchas de la Resistencia,recurring event,Q414,Argentina,2015-12-10T00:00:00Z,2006-01-26T00:00:00Z,
Q121301318,New Year in Armenia,party,Q399,Armenia,,,
Q5861653,Q5861653,party,Q414,Argentina,,,
Q1130500,Tie Cup,recurring event,Q414,Argentina,,,1900-01-01T00:00:00Z
Q134316570,Printopia,festival,Q37100,Auckland,,,
Q5861658,Q5861658,party,Q414,Argentina,,,
Q5861659,Q5861659,party,Q414,Argentina,,,
Q6343954,Pepsi Music 2006,festival occurrence,Q414,Argentina,,,
Q22082577,Copa Mariano Reyna,recurring event,Q414,Argentina,,,1912-01-01T00:00:00Z
Q24057022,Pepsi Music 2011,festival occurrence,Q414,Argentina,,,
Q6343952,Pepsi Music 2005,festival occurrence,Q414,Argentina,,,
Q116789745,Q116789745,recurring event,Q3415,Ancona,,,
Q127329161,Buenos Aires Celebra País Vasco 2011,festival occurrence,Q414,Argentina,,,
Q6343959,Pepsi Music 2009,festival occurrence,Q414,Argentina,,,
Q127329167,Buenos Aires Celebra País Vasco 2012,festival occurrence,Q414,Argentina,,,
Q104905075,Q104905075,festival,Q2749,Augsburg,,,2003-01-01T00:00:00Z
Q127329467,Buenos Aires Celebra País Vasco 2017,festival occurrence,Q414,Argentina,,,
Q6343956,Pepsi Music 2007,festival occurrence,Q414,Argentina,,,
Q6343973,Q6343973,festival occurrence,Q414,Argentina,2011-05-19T00:00:00Z,2011-05-22T00:00:00Z,
Q20313154,Atlanta Fantasy Fair,recurring event,Q23556,Atlanta,,,1975-01-01T00:00:00Z
Q19413530,Ushuaia Loppet,recurring event,Q414,Argentina,,,1986-01-01T00:00:00Z
Q6343957,Pepsi Music 2008,festival occurrence,Q414,Argentina,,,
Q112615789,ASFiCon,recurring event,Q23556,Atlanta,,,1980-01-01T00:00:00Z
Q7170506,Personal Fest,recurring event,Q414,Argentina,,,2004-01-01T00:00:00Z
Q96392358,Rosario-Santa Fe,recurring event,Q414,Argentina,,,1925-01-01T00:00:00Z
Q13052112,Agra Hadig,ceremony,Q399,Armenia,,,
Q6343960,Pepsi Music 2010,festival occurrence,Q414,Argentina,,,
Q5058966,Census in Armenia,recurring event,Q399,Armenia,1926-01-01T00:00:00Z,,
Q130378826,Q130378826,festival,Q414,Argentina,,,2011-01-01T00:00:00Z
Q138662629,Q138662629,recurring event,Q414,Argentina,,,1982-01-01T00:00:00Z
Q6343964,Pepsi Music 2012,festival occurrence,Q414,Argentina,,,
Q125599959,Buenos Aires Trap,festival,Q414,Argentina,,,2018-01-01T00:00:00Z
Q95952095,Q95952095,festival,Q1524,Athens,,,
Q56319324,Cosquín Rock 2019,festival occurrence,Q414,Argentina,,,
Q5787592,Copa de Competencia Británica,recurring event,Q414,Argentina,,,1944-01-01T00:00:00Z
Q135233603,Argentine Figure Skating Championships,recurring event,Q414,Argentina,,,
Q127329181,Buenos Aires Celebra País Vasco 2014,festival occurrence,Q414,Argentina,,,
Q127333532,Buenos Aires Celebra País Vasco 2019,festival occurrence,Q414,Argentina,,,
Q20807227,Copa de Competencia La Nación,recurring event,Q414,Argentina,,,1913-01-01T00:00:00Z
Q111699566,Q111699566,recurring event,Q399,Armenia,,,
Q24936736,Q24936736,festival occurrence,Q414,Argentina,,,
Q132291574,Collaborative photo shoots:Carnabarriales,recurring event,Q414,Argentina,,,2018-01-01T00:00:00Z
Q23816023,Q23816023,party,Q414,Argentina,,,
Q20516212,Q20516212,festival,Q399,Armenia,,,1979-01-01T00:00:00Z
Q4653945,ART ATHINA,festival,Q1524,Athens,,,1993-01-01T00:00:00Z
Q1993348,OTI Festival 1980,festival occurrence,Q414,Argentina,,,
Q609550,Copa Beccar Varela,recurring event,Q414,Argentina,,,1932-01-01T00:00:00Z
Q127329193,Buenos Aires Celebra País Vasco 2015,festival occurrence,Q414,Argentina,,,
Q16493167,Q16493167,festival,Q414,Argentina,,,
Q138172086,European Industry Summit,recurring event,Q12892,Antwerp,,,
Q5168211,Copa Premier Honor Argentino,recurring event,Q414,Argentina,,,1908-01-01T00:00:00Z
Q1836480,Copa de Honor Municipalidad de Buenos Aires,recurring event,Q414,Argentina,,,1905-01-01T00:00:00Z
Q21605520,Fiesta de la Navidad en Capioví,party,Q414,Argentina,,,
Q5861655,National Rice Festival,party,Q414,Argentina,,,
Q127331152,Buenos Aires Celebra País Vasco 2018,festival occurrence,Q414,Argentina,,,
Q20011195,Plisskën Festival,festival,Q1524,Athens,,,2010-01-01T00:00:00Z
Q130282561,Address to the Nation of the President of Kazakhstan,recurring event,Q1520,Astana,,,
Q97203702,Q97203702,festival,Q399,Armenia,,,2020-01-01T00:00:00Z
Q123273146,República de Cromañón,discothèque,Q414,Argentina,,,2004-04-12T00:00:00Z
Q21451634,Festival MASTAI,festival,Q414,Argentina,,,
Q21059662,"Argentina presidential election debates, 2015",recurring event,Q414,Argentina,,,
Q83649221,Festival Internacional de Pallasses,festival,Q228,Andorra,,,2001-01-01T00:00:00Z
Q127337171,Buenos Aires Celebra País Vasco 2023,festival occurrence,Q414,Argentina,,,
Q105667084,Q105667084,party,Q228,Andorra,,,
Q5861664,Q5861664,festival,Q414,Argentina,,,
Q125082473,Q125082473,party,Q228,Andorra,,,
Q125257928,Wikiherramientas,recurring event,Q414,Argentina,2022-04-26T00:00:00Z,,
Q7142119,Pasifika Festival,festival,Q37100,Auckland,,,
Q16272148,Areni wine festival,festival,Q399,Armenia,,,2009-01-01T00:00:00Z
Q5938034,Leyendas,recurring event,Q414,Argentina,1999-01-01T00:00:00Z,,1999-01-01T00:00:00Z
Q6343968,Q6343968,festival occurrence,Q414,Argentina,2004-10-01T00:00:00Z,2004-10-22T00:00:00Z,
Q136756111,Argentine Biological Anthropology Conference,recurring event,Q414,Argentina,,,
Q109484558,Wiki Loves Monuments in Armenia,recurring event,Q399,Armenia,,,
Q116766836,ArmCon,recurring event,Q399,Armenia,,,2008-01-01T00:00:00Z
Q1799109,La Rural Exhibition Argentina,recurring event,Q414,Argentina,,,1875-01-01T00:00:00Z
Q127329387,Buenos Aires Celebra País Vasco 2016,festival occurrence,Q414,Argentina,,,
Q127334784,Buenos Aires Celebra País Vasco 2020,festival occurrence,Q414,Argentina,,,
Q130148869,Q130148869,recurring event,Q414,Argentina,,,2012-01-01T00:00:00Z
Q106034463,Ball de l'ossa of Encamp,party,Q228,Andorra,,,
Q1133236,FLISOL,recurring event,Q414,Argentina,,,
Q5861736,Q5861736,party,Q414,Argentina,,,
Q22131888,Q22131888,festival,Q414,Argentina,,,
Q6343971,Q6343971,festival occurrence,Q414,Argentina,,,
Q105637553,Q105637553,party,Q228,Andorra,,,
Q53426517,5th birthday of Wikimedia Armenia,party,Q399,Armenia,,,
Q1001834,Buenos Aires Jazz Festival,festival,Q414,Argentina,,,2002-01-01T00:00:00Z
Q6343969,Q6343969,festival occurrence,Q414,Argentina,,,
Q86683394,Q86683394,festival occurrence,Q38380,Angers,,,
Q100740692,National Day for the Right to Identity,recurring event,Q414,Argentina,,,2004-01-01T00:00:00Z
Q16567719,Fiesta NACIONAL DEL DURAZNO.,party,Q414,Argentina,,,1966-01-01T00:00:00Z
Q4816156,Atlanta Streets Alive,recurring event,Q23556,Atlanta,,,
Q136502780,Q136502780,festival,Q414,Argentina,,,
Q48782022,Cosquín Rock 2018,festival occurrence,Q414,Argentina,,,
Q11212654,Q11212654,festival occurrence,Q414,Argentina,2009-03-24T00:00:00Z,2009-04-05T00:00:00Z,
Q5305076,Dragon Con,recurring event,Q23556,Atlanta,,,1987-01-01T00:00:00Z
Q4071451,Kha b'Nissan,party,Q399,Armenia,,,
Q15873418,Q15873418,recurring event,Q12892,Antwerp,,,
Q133444005,Dolma Festival in Armenia 2015,festival occurrence,Q399,Armenia,,,
Q65225643,Yerevan Wine Days,festival,Q399,Armenia,,,
Q6276334,JordanCon,recurring event,Q23556,Atlanta,,,2009-01-01T00:00:00Z
Q5445726,Festival Nacional del Cabrito,festival,Q414,Argentina,,,1973-01-01T00:00:00Z
Q127336311,Buenos Aires Celebra País Vasco 2022,festival occurrence,Q414,Argentina,,,
Q111363084,Wiki Loves Monuments in Aruba,recurring event,Q21203,Aruba,,,
Q21044497,Summer solstice fire festivals in the Pyrenees,party,Q228,Andorra,,,
Q6897370,MomoCon,recurring event,Q23556,Atlanta,,,2005-01-01T00:00:00Z
Q17631763,Torneo Internacional Nocturno Rioplatense,recurring event,Q414,Argentina,,,1936-01-01T00:00:00Z
Q1129940,Copa Aldao,recurring event,Q414,Argentina,,,1913-01-01T00:00:00Z
Q11922153,Q11922153,party,Q228,Andorra,,,
Q121262925,Celebration of Musa Ler,party,Q399,Armenia,,,
Q54423554,Q54423554,festival,Q40,Austria,,,
Q1241933,Donnerstagsdemonstrationen,recurring event,Q40,Austria,,,2000-01-01T00:00:00Z
Q124808386,South by Southwest 1992,festival occurrence,Q16559,Austin,,,
Q124808387,South by Southwest 1993,festival occurrence,Q16559,Austin,,,
Q124808384,South by Southwest 1990,festival occurrence,Q16559,Austin,,,
Q124808385,South by Southwest 1991,festival occurrence,Q16559,Austin,,,
Q124808390,South by Southwest 1996,festival occurrence,Q16559,Austin,,,
Q4852748,Balticon,recurring event,Q5092,Baltimore,,,1966-01-01T00:00:00Z
Q111966898,"ACT Performance Art Festival 2017, Bern",festival,Q78,Basel,,,
Q124808391,South by Southwest 1997,festival occurrence,Q16559,Austin,,,
Q47118668,Musikprotokoll,festival,Q40,Austria,,,1968-01-01T00:00:00Z
Q124808388,South by Southwest 1994,festival occurrence,Q16559,Austin,,,
Q4792537,ArmadilloCon,recurring event,Q16559,Austin,,,1979-01-01T00:00:00Z
Q124808389,South by Southwest 1995,festival occurrence,Q16559,Austin,,,
Q1479808,Q1479808,recurring event,Q40,Austria,,,
Q2585452,Wir sind Wien.Festival der Bezirke,festival,Q40,Austria,,,
Q59617928,Bludenzer Tage zeitgemäßer Musik,festival,Q40,Austria,,,1988-01-01T00:00:00Z
Q111966451,"ACT Performance Art Festival 2021, Basel",festival,Q78,Basel,,,
Q124808394,South by Southwest 1999,festival occurrence,Q16559,Austin,,,
Q4852886,Baltimore Marathon,recurring event,Q5092,Baltimore,,,2001-01-01T00:00:00Z
Q103967891,"Festival ""80 Tage Wien""",festival,Q40,Austria,1995-08-25T00:00:00Z,1995-11-12T00:00:00Z,
Q1288474,Flex,discothèque,Q40,Austria,,,
Q124808395,South by Southwest 2000,festival occurrence,Q16559,Austin,,,
Q124808393,South by Southwest 1998,festival occurrence,Q16559,Austin,,,
Q124808398,South by Southwest 2003,festival occurrence,Q16559,Austin,,,
Q1328626,Yaldā,festival,Q227,Azerbaijan,,,
Q124808396,South by Southwest 2001,festival occurrence,Q16559,Austin,,,
Q112616037,Australian National Doctor Who Convention,recurring event,Q408,Australia,,,1984-01-01T00:00:00Z
Q136432182,International Carpet Festival,festival,Q9248,Baku,,,
Q124808397,South by Southwest 2002,festival occurrence,Q16559,Austin,,,
Q114382969,Q114382969,festival,Q40,Austria,,,
Q20102416,080 Barcelona Fashion,recurring event,Q1492,Barcelona,,,2007-07-01T00:00:00Z
Q118781114,Interferencia,festival,Q1492,Barcelona,,,
Q694891,Bregenzer Festspiele,recurring event,Q40,Austria,,,
Q85625819,Winter Meeting of the OSCE Parliamentary Assembly,recurring event,Q40,Austria,,,2002-01-01T00:00:00Z
Q123397414,Q123397414,discothèque,Q40,Austria,,,
Q33127652,Poolbar Festival,festival,Q40,Austria,,,1994-01-01T00:00:00Z
Q111966913,"ACT Performance Art Festival 2012, Basel and Bern",festival,Q78,Basel,,,
Q111965428,"ACT Performance Art Festival 2019, Basel",festival,Q78,Basel,,,2003-01-01T00:00:00Z
Q63143963,Afrika Festival Nürnberg,festival,Q40,Austria,,,
Q104814344,Festival La Gacilly-Baden Photo,festival,Q40,Austria,,,2018-01-01T00:00:00Z
Q126455382,Q126455382,recurring event,Q3519,Bari,,,
Q135041629,Baku Piano Festival 2025,festival occurrence,Q9248,Baku,2025-06-14T00:00:00Z,2025-06-28T00:00:00Z,
Q107972146,Q107972146,festival,Q1492,Barcelona,,,
Q124809612,SXSW EDU,festival,Q16559,Austin,2011-03-01T00:00:00Z,,2011-03-01T00:00:00Z
Q68358530,Q68358530,festival,Q1492,Barcelona,,,2010-01-01T00:00:00Z
Q5295460,Donaukanaltreiben Festival,recurring event,Q40,Austria,,,1997-01-01T00:00:00Z
Q4837688,BabelCon,recurring event,Q28218,Baton Rouge,,,2006-01-01T00:00:00Z
Q107999226,Bregenzer Frühling,recurring event,Q40,Austria,,,
Q6158397,7th World Festival of Youth and Students,festival occurrence,Q40,Austria,,,
Q698718,Vienna Opera Ball,recurring event,Q40,Austria,,,
Q38236899,Mozilla Festival,festival,Q1492,Barcelona,,,2013-01-01T00:00:00Z
Q118781033,Escena Poblenou. Festival De Tardor,festival,Q1492,Barcelona,,,
Q133852415,Baku Flames International Festival of Creativity and Effectiveness,festival,Q9248,Baku,,,2025-01-01T00:00:00Z
Q1084193,Christmas in Vienna,recurring event,Q40,Austria,,,1992-01-01T00:00:00Z
Q11921899,Festa de Sant Medir,party,Q1492,Barcelona,,,
Q1656117,Q1656117,recurring event,Q40,Austria,,,
Q479014,Almabtrieb,festival,Q40,Austria,,,
Q111966932,"ACT Performance Art Festival 2011, Basel",festival,Q78,Basel,,,
Q124790347,South by Southwest 2024,festival occurrence,Q16559,Austin,2024-03-08T00:00:00Z,2024-03-16T00:00:00Z,
Q118781117,Lp'07 Festival De Dansa... O No,festival,Q1492,Barcelona,,,
Q131901416,South by Southwest 2025,festival occurrence,Q16559,Austin,2025-03-07T00:00:00Z,2025-03-15T00:00:00Z,
Q1711230,Jugend musiziert,recurring event,Q40,Austria,,,1968-01-01T00:00:00Z
Q20103498,Llum BCN,festival,Q1492,Barcelona,,,2012-01-01T00:00:00Z
Q138034817,South by Southwest 2026,festival occurrence,Q16559,Austin,2026-03-12T00:00:00Z,2026-03-18T00:00:00Z,
Q115870073,Barcelona Gallery Weekend,recurring event,Q1492,Barcelona,,,
Q2599884,Q2599884,festival,Q40,Austria,,,1989-01-01T00:00:00Z
Q111966607,Loisiarte Festival,festival,Q40,Austria,,,2006-01-01T00:00:00Z
Q1376362,European Bike Week,recurring event,Q40,Austria,,,1998-01-01T00:00:00Z
Q112174343,Legs Performance Festival,festival,Q78,Basel,,,
Q118781122,Mostra De Teatre De Barcelona,festival,Q1492,Barcelona,,,
Q111964654,"ACT Performance Art Festival 2018, Basel",festival,Q78,Basel,,,
Q30635344,Coded Cultures,recurring event,Q40,Austria,,,
Q121144392,Oblivion Access Festival,recurring event,Q16559,Austin,,,2017-01-01T00:00:00Z
Q111964228,"ACT Art Performance Festival 2007, Basel",festival,Q78,Basel,,,2003-01-01T00:00:00Z
Q24203052,Wiener Kabarettfestival,festival,Q40,Austria,,,2011-01-01T00:00:00Z
Q118781123,Novembre Vaca,festival,Q1492,Barcelona,,,
Q54666713,2017 Beijing meetup,party,Q956,Beijing,,,
Q118781092,Dansat,festival,Q1492,Barcelona,,,
Q30275044,Q30275044,festival occurrence,Q40,Austria,,,
Q114775713,Feel Good Festival,festival,Q40,Austria,2017-01-01T00:00:00Z,,2017-01-01T00:00:00Z
Q63979259,ACT Performance Art Festival,festival,Q78,Basel,,,2003-01-01T00:00:00Z
Q107879672,Montforter Zwischentöne,recurring event,Q40,Austria,,,2015-01-01T00:00:00Z
Q20422783,Baghdad International Flower Festival,festival,Q1530,Baghdad,,,2009-01-01T00:00:00Z
Q118781094,Dies De Dansa,festival,Q1492,Barcelona,,,
Q136743150,Mozilla Festival 2025,festival,Q1492,Barcelona,,,
Q112185038,Partout – Platform for international Performance Art,festival,Q78,Basel,2020-10-02T00:00:00Z,2020-10-11T00:00:00Z,
Q139885495,IDO ACG Expo,recurring event,Q956,Beijing,,,2012-01-01T00:00:00Z
Q112191005,Performance Index 1995,festival,Q78,Basel,,,
Q111966955,Q111966955,festival,Q78,Basel,,,
Q2387726,Tag des Denkmals,recurring event,Q40,Austria,,,
Q111966976,"ACT Performance Art Festival 2010, Basel",festival,Q78,Basel,,,
Q31073768,Exporecerca Jove,recurring event,Q1492,Barcelona,,,
Q80949,April Fools' Day,recurring event,Q408,Australia,1564-01-01T00:00:00Z,,
Q1402710,Feldkirch Festival,festival,Q40,Austria,2001-01-01T00:00:00Z,2012-01-01T00:00:00Z,
Q112191014,Performance Index 1996,festival,Q78,Basel,,,
Q111968692,"ACT Performance Art Festival 2013, Basel",festival,Q78,Basel,,,2003-01-01T00:00:00Z
Q6541316,Dolomitenlauf,recurring event,Q40,Austria,,,1970-01-01T00:00:00Z
Q98884628,Q98884628,recurring event,Q40,Austria,,,
Q15812818,Grelle Forelle,discothèque,Q40,Austria,,,
Q118781142,Per Amor A L'hart,festival,Q1492,Barcelona,,,
Q23807418,Premis de la Crítica de les Arts Escèniques,recurring event,Q1492,Barcelona,,,1989-01-01T00:00:00Z
Q57527473,Q57527473,festival,Q40,Austria,,,2013-01-01T00:00:00Z
Q19889347,Woodstock der Blasmusik,festival,Q40,Austria,,,
Q4881124,Beijing Design Week,recurring event,Q956,Beijing,2009-01-01T00:00:00Z,,
Q50799330,Al Ghadeer International Festival,festival,Q1530,Baghdad,,,2007-01-01T00:00:00Z
Q28530817,Q28530817,festival,Q40,Austria,,,
Q118781098,Festival D'òpera De Butxaca I Noves Creacions,festival,Q1492,Barcelona,,,
Q118781096,Festival Complicitats,festival,Q1492,Barcelona,,,
Q24283219,Q24283219,festival,Q40,Austria,,,1989-01-01T00:00:00Z
Q80949,April Fools' Day,recurring event,Q40,Austria,1564-01-01T00:00:00Z,,
Q1408647,Festival der Regionen,festival,Q40,Austria,,,
Q118781101,Festival Idn,festival,Q1492,Barcelona,,,
Q118781106,Festival Marató De L'espectacle,festival,Q1492,Barcelona,,,
Q118781104,Festival Inmotion. Biennal Internacional De Performance I Arts Visuals Aplicades A La Realitat,festival,Q1492,Barcelona,,,
Q115465727,Q115465727,festival,Q1492,Barcelona,2019-01-01T00:00:00Z,,
Q1328341,Elevate Festival,festival,Q40,Austria,,,2005-01-01T00:00:00Z
Q2360207,Ständige Ägyptologenkonferenz,recurring event,Q40,Austria,,,
Q118781108,"Festival Neo. Festival Internacional De Dramatúrgies Plàstiques De La Imatge, Noves Tecnologies, Titelles I Objectes",festival,Q1492,Barcelona,,,
Q959755,South by Southwest,recurring event,Q16559,Austin,1987-01-01T00:00:00Z,,1987-01-01T00:00:00Z
Q111967720,"ACT Performance Art Festival 2021, Basel",festival,Q78,Basel,,,2003-01-01T00:00:00Z
Q124802049,South by Southwest 2023,festival occurrence,Q16559,Austin,,,
Q2359108,Stunde der Wintervögel,recurring event,Q40,Austria,,,2005-01-01T00:00:00Z
Q7641902,Supanova Pop Culture Expo,recurring event,Q408,Australia,,,2002-01-01T00:00:00Z
Q106473417,Literaricum Lech,recurring event,Q40,Austria,,,
Q4824472,Australian National Science Fiction Convention,recurring event,Q408,Australia,,,1952-01-01T00:00:00Z
Q6117914,Automobile Barcelona,recurring event,Q1492,Barcelona,,,1919-01-01T00:00:00Z
Q112064456,Tun was man kann 2,festival,Q78,Basel,,,
Q118781125,Tens Dansa,festival,Q1492,Barcelona,,,
Q229533,Zum Sperl,discothèque,Q40,Austria,,,
Q2083986,Pflasterspektakel,recurring event,Q40,Austria,,,1987-01-01T00:00:00Z
Q60021471,Digitale Bibliothek,recurring event,Q40,Austria,,,2010-01-01T00:00:00Z
Q136485557,HR Lovers Afterwork,recurring event,Q1492,Barcelona,,,2022-01-01T00:00:00Z
Q6554944,Linucon,recurring event,Q16559,Austin,,,2004-01-01T00:00:00Z
Q112615470,ANZAPA Con,recurring event,Q408,Australia,,,1978-01-01T00:00:00Z
Q111967092,"ACT ON 2007, Basel",festival,Q78,Basel,,,2003-01-01T00:00:00Z
Q112190997,Performance Index,festival,Q78,Basel,,,1995-01-01T00:00:00Z
Q112174574,Legs Performance Festival 2017,festival,Q78,Basel,,,
Q1686168,Kürbisfest im Retzer Land,recurring event,Q40,Austria,,,1993-01-01T00:00:00Z
Q118391355,Q118391355,festival,Q40,Austria,,,
Q139917416,Q139917416,festival,Q1492,Barcelona,,,2015-01-01T00:00:00Z
Q5944895,LOOP Barcelona,festival,Q1492,Barcelona,2003-01-01T00:00:00Z,,
Q57550636,Q57550636,festival,Q40,Austria,,,2011-01-01T00:00:00Z
Q124808382,South by Southwest 1988,festival occurrence,Q16559,Austin,,,
Q2206144,Roboexotica,recurring event,Q40,Austria,,,1999-01-01T00:00:00Z
Q124808383,South by Southwest 1989,festival occurrence,Q16559,Austin,,,
Q124808381,South by Southwest 1987,festival occurrence,Q16559,Austin,,,
Q5055276,Caxton Street Seafood and Wine Festival,recurring event,Q408,Australia,,,1994-01-01T00:00:00Z
Q19879182,Soulfest festival,festival,Q408,Australia,,,
Q7739376,The Henry Lawson Festival,festival,Q408,Australia,,,1958-01-01T00:00:00Z
Q4824785,Australian Venture,recurring event,Q408,Australia,1965-01-01T00:00:00Z,,
Q5519829,Game Connect,recurring event,Q408,Australia,,,
Q24190412,Maroochy Music And Visual Arts Festival,festival,Q408,Australia,,,
Q17013864,Midsumma Festival,recurring event,Q408,Australia,,,1989-01-01T00:00:00Z
Q7566121,South Australian Living Artists Festival,recurring event,Q408,Australia,,,
Q4785217,Arcanacon,recurring event,Q408,Australia,,,1983-01-01T00:00:00Z
Q5582563,Good Food & Wine Show,recurring event,Q408,Australia,,,2001-01-01T00:00:00Z
Q20807647,Goulburn to Sydney Classic,recurring event,Q408,Australia,,,1902-01-01T00:00:00Z
Q6718064,MS Fest,recurring event,Q408,Australia,,,2006-01-01T00:00:00Z
Q6811770,Melbourne Fashion Festival,recurring event,Q408,Australia,1996-01-01T00:00:00Z,,1996-01-01T00:00:00Z
Q5625142,Gympie Muster,recurring event,Q408,Australia,,,1982-01-01T00:00:00Z
Q48803069,Beef Australia,recurring event,Q408,Australia,,,
Q7361085,Rollercoaster,recurring event,Q408,Australia,,,2005-01-01T00:00:00Z
Q6979473,National Young Writers' Festival,festival,Q408,Australia,,,1998-01-01T00:00:00Z
Q48723635,Hillsong Conference,recurring event,Q408,Australia,,,
Q19903813,World of Commodore,recurring event,Q408,Australia,,,1983-01-01T00:00:00Z
Q7660053,Sydney New Year's Eve,recurring event,Q408,Australia,1976-01-01T00:00:00Z,,1996-01-01T00:00:00Z
Q6749509,Manifest,recurring event,Q408,Australia,2000-01-01T00:00:00Z,,2000-01-01T00:00:00Z
Q7373583,Royal Adelaide Show,recurring event,Q408,Australia,,,1840-01-01T00:00:00Z
Q4681688,Adelaide Christmas Pageant,recurring event,Q408,Australia,,,
Q107637051,Toowoomba Carnival of Flowers,recurring event,Q408,Australia,,,1949-09-01T00:00:00Z
Q23073782,Oz Comic Con,recurring event,Q408,Australia,2012-01-01T00:00:00Z,,2012-01-01T00:00:00Z
Q5058971,census in Australia,recurring event,Q408,Australia,,,
Q24886945,Madman Anime Festival,recurring event,Q408,Australia,2016-01-01T00:00:00Z,,2016-01-01T00:00:00Z
Q18390549,Mercedes-Benz Fashion Festival Sydney 2014,festival occurrence,Q408,Australia,,,
Q4733886,Almond Blossom Festival,festival,Q408,Australia,,,1969-01-01T00:00:00Z
Q4968569,Brisbane Festival,recurring event,Q408,Australia,,,1996-01-01T00:00:00Z
Q4887083,Bendigo Easter Festival,festival,Q408,Australia,,,1871-01-01T00:00:00Z
Q4851456,Ballarat Begonia Festival,festival,Q408,Australia,,,1953-01-01T00:00:00Z
Q7096650,Opera in The Domain,festival,Q408,Australia,,,
Q28134942,OzAsia Festival,recurring event,Q408,Australia,,,2007-01-01T00:00:00Z
Q4795617,Around the Bay in a Day,recurring event,Q408,Australia,,,1993-01-01T00:00:00Z
Q96622031,Wiki Loves Folklore,recurring event,Q227,Azerbaijan,,,
Q16891412,Fringe World,festival,Q408,Australia,,,2012-01-01T00:00:00Z
Q1652194,Day of National Solidarity of Azerbaijanis,recurring event,Q227,Azerbaijan,,,1992-01-01T00:00:00Z
Q5944596,Hunter Valley Steamfest,recurring event,Q408,Australia,,,1986-04-20T00:00:00Z
Q7502011,Short and Sweet,recurring event,Q408,Australia,,,2002-01-01T00:00:00Z
Q4824816,Australian Wooden Boat Festival,festival,Q408,Australia,,,1994-01-01T00:00:00Z
Q5600122,Great Victorian Bike Ride,recurring event,Q408,Australia,1984-01-01T00:00:00Z,,1984-01-01T00:00:00Z
Q57804576,Castlemaine State Festival,festival,Q408,Australia,,,1976-01-01T00:00:00Z
Q2850027,Animania,recurring event,Q408,Australia,,,2002-01-01T00:00:00Z
Q17014244,Moondyne Festival,recurring event,Q408,Australia,,,
Q5610366,Groovin' the Moo,recurring event,Q408,Australia,,,2005-01-01T00:00:00Z
Q135041629,Baku Piano Festival 2025,festival occurrence,Q227,Azerbaijan,2025-06-14T00:00:00Z,2025-06-28T00:00:00Z,
Q16970846,Melbourne Marathon Festival,festival,Q408,Australia,,,1978-01-01T00:00:00Z
Q17985794,Beaufort Street Festival,recurring event,Q408,Australia,,,
Q4824401,Australian Made,recurring event,Q408,Australia,,,1986-01-01T00:00:00Z
Q19872904,Dirt n Dust Festival,recurring event,Q408,Australia,,,1995-01-01T00:00:00Z
Q4075920,Mstislav Rostropovich Baku International Festival,festival,Q227,Azerbaijan,,,
Q106314769,Milli Dalğa Award,recurring event,Q227,Azerbaijan,,,2012-01-01T00:00:00Z
Q4655038,Q4655038,festival,Q408,Australia,2002-01-01T00:00:00Z,,2002-01-01T00:00:00Z
Q937516,Kangaroo Hoppet,recurring event,Q408,Australia,,,1979-01-01T00:00:00Z
Q7243085,Primary Schools Music Festival,festival,Q408,Australia,,,
Q4824330,Australian International Airshow,recurring event,Q408,Australia,,,1988-01-01T00:00:00Z
Q5154710,Community Cup,recurring event,Q408,Australia,1997-01-01T00:00:00Z,,1997-01-01T00:00:00Z
Q19874514,Huon Show,recurring event,Q408,Australia,,,
Q127400073,Q127400073,festival,Q40,Austria,,,1923-01-01T00:00:00Z
Q3478312,Australian Fashion Week,recurring event,Q408,Australia,1996-01-01T00:00:00Z,,1996-01-01T00:00:00Z
Q7091312,On the Bright Side Festival,recurring event,Q408,Australia,,,2010-01-01T00:00:00Z
Q23641765,Darwin Festival,festival,Q408,Australia,,,
Q496020,Floriade,recurring event,Q408,Australia,,,1988-01-01T00:00:00Z
Q7158475,Peats Ridge Festival,festival,Q408,Australia,,,
Q7959875,Wai-Con,recurring event,Q408,Australia,,,2004-01-01T00:00:00Z
Q81610,Mr Gay World,recurring event,Q408,Australia,,,2009-01-01T00:00:00Z
Q85039642,Yoo-long Erah-ba-diahng 1795,ceremony,Q408,Australia,,,
Q28224213,MoreArt,recurring event,Q408,Australia,,,
Q130635735,Q130635735,festival,Q40,Austria,,,2015-01-01T00:00:00Z
Q4968603,Brisbane Pride Festival,recurring event,Q408,Australia,,,1990-01-01T00:00:00Z
Q4968595,Brisbane Open House,festival,Q408,Australia,,,2010-01-01T00:00:00Z
Q4824163,Australian Film Walk of Fame,recurring event,Q408,Australia,,,
Q5504503,Fright Nights,recurring event,Q408,Australia,,,2006-01-01T00:00:00Z
Q138391547,DAM/DAM,discothèque,Q40,Austria,,,
Q16917680,Gold coast art festival,festival,Q408,Australia,,,
Q4612095,2008 Tropfest finalists,festival occurrence,Q408,Australia,,,
Q106809542,Khari Bulbul Music Festival,festival,Q227,Azerbaijan,,,1989-05-01T00:00:00Z
Q6952824,NBL (Australia) All-Star Game,recurring event,Q408,Australia,1982-01-01T00:00:00Z,,1982-01-01T00:00:00Z
Q6969988,Nati Frinj,festival,Q408,Australia,,,
Q63343503,Tarnanthi,recurring event,Q408,Australia,,,
Q113414745,Vagif Poetry Days,festival,Q227,Azerbaijan,,,1982-01-01T00:00:00Z
Q6780879,Mary Valley Art Festival,recurring event,Q408,Australia,,,2000-01-01T00:00:00Z
Q135473016,Q135473016,festival,Q40,Austria,,,2005-01-01T00:00:00Z
Q17020380,Paniyiri Greek Festival,recurring event,Q408,Australia,,,1976-01-01T00:00:00Z
Q7994532,White Christmas,recurring event,Q408,Australia,,,2010-01-01T00:00:00Z
Q24997542,Secret Garden Festival,festival,Q408,Australia,,,
Q111431254,Negev Forum,recurring event,Q398,Bahrain,,,2022-03-28T00:00:00Z
Q4851469,Ballarat Heritage Weekend,recurring event,Q408,Australia,,,2006-01-01T00:00:00Z
Q133311168,Q133311168,festival,Q40,Austria,,,2018-01-01T00:00:00Z
Q4692171,Agfest,recurring event,Q408,Australia,,,1983-01-01T00:00:00Z
Q6907391,Moomba,festival,Q408,Australia,1955-01-01T00:00:00Z,,1955-03-01T00:00:00Z
Q5568412,Glendi,recurring event,Q408,Australia,,,2018-01-01T00:00:00Z
Q17014240,Australian Fitness & Health Expo,recurring event,Q408,Australia,1995-01-01T00:00:00Z,,1995-01-01T00:00:00Z
Q5306803,Dreamworld's 30th Birthday,recurring event,Q408,Australia,,,
Q617378,Worldcon,recurring event,Q408,Australia,,,1939-01-01T00:00:00Z
Q17015117,National Multicultural Festival,recurring event,Q408,Australia,1981-01-01T00:00:00Z,,1981-01-01T00:00:00Z
Q4823390,Austral Wheel Race,recurring event,Q408,Australia,,,1902-01-01T00:00:00Z
Q133852415,Baku Flames International Festival of Creativity and Effectiveness,festival,Q227,Azerbaijan,,,2025-01-01T00:00:00Z
Q5322603,EB Games Expo,recurring event,Q408,Australia,2011-01-01T00:00:00Z,,2011-01-01T00:00:00Z
Q66421540,National Yaylag Festival,festival,Q227,Azerbaijan,,,
Q5004306,Byron Bay Writers Festival,festival,Q408,Australia,,,1997-01-01T00:00:00Z
Q106246041,Yirramboi Festival,recurring event,Q408,Australia,,,
Q3533306,Tour of Coleraine,recurring event,Q408,Australia,,,
Q28224128,Melbourne International Games Week,recurring event,Q408,Australia,,,2015-01-01T00:00:00Z
Q1322124,Tour of Tasmania,recurring event,Q408,Australia,,,1930-01-01T00:00:00Z
Q7660044,Sydney Model Railway Exhibition,recurring event,Q408,Australia,1962-01-01T00:00:00Z,,1962-01-01T00:00:00Z
Q7728133,The Croc Festival,festival,Q408,Australia,,,1998-01-01T00:00:00Z
Q1711348,Goychay Pomegranate Festival,festival,Q227,Azerbaijan,,,2006-11-03T00:00:00Z
Q16119354,Q16119354,festival,Q398,Bahrain,,,
Q7017467,Newcastle Regional Show,recurring event,Q408,Australia,,,1902-01-01T00:00:00Z
Q6811812,Melbourne International Jazz Festival,recurring event,Q408,Australia,,,1998-01-01T00:00:00Z
Q55612039,Freeplay Independent Games Festival,festival,Q408,Australia,,,2004-01-01T00:00:00Z
Q5157907,ConFest,festival,Q408,Australia,,,1976-01-01T00:00:00Z
Q108581987,Isol-Aid,recurring event,Q408,Australia,,,2020-01-01T00:00:00Z
Q7767794,The Sydney Fringe,recurring event,Q408,Australia,,,
Q7170890,Perth Royal Show,recurring event,Q408,Australia,,,1834-11-07T00:00:00Z
Q23641720,Connect Expo,recurring event,Q408,Australia,2014-01-01T00:00:00Z,,2014-01-01T00:00:00Z
Q6657094,Live at the Zoo,recurring event,Q408,Australia,,,2008-01-01T00:00:00Z
Q6952272,NAIDOC Week,recurring event,Q408,Australia,,,
Q8055626,Yorke Peninsula Field Days,recurring event,Q408,Australia,,,
Q7537707,Skyfire,recurring event,Q408,Australia,,,1989-01-01T00:00:00Z
Q18207482,GovHack,recurring event,Q408,Australia,2009-01-01T00:00:00Z,,2009-01-01T00:00:00Z
Q6811774,Melbourne Food and Wine Festival,recurring event,Q408,Australia,,,1993-01-01T00:00:00Z
Q60776171,Good Things,recurring event,Q408,Australia,,,2018-01-01T00:00:00Z
Q7332549,Ride to Work Day,recurring event,Q408,Australia,1994-01-01T00:00:00Z,,1994-01-01T00:00:00Z
Q7432714,Schools Spectacular,recurring event,Q408,Australia,1984-01-01T00:00:00Z,,1984-01-01T00:00:00Z
Q7649604,Sustainable Living Festival,festival,Q408,Australia,,,1998-01-01T00:00:00Z
Q6811817,Melbourne Jazz Fringe Festival,recurring event,Q408,Australia,,,2005-01-01T00:00:00Z
Q4690907,AgQuip,recurring event,Q408,Australia,,,
Q7653412,Swancon,recurring event,Q408,Australia,,,1976-01-01T00:00:00Z
Q7021165,Next Wave Festival,festival,Q408,Australia,,,1984-01-01T00:00:00Z
Q7445477,See Change Festival,festival,Q408,Australia,,,
Q4868159,Bassinthedust,recurring event,Q408,Australia,,,2004-01-01T00:00:00Z
Q5596005,Granny Smith Festival,festival,Q408,Australia,,,
Q6811807,Melbourne International Animation Festival,recurring event,Q408,Australia,,,2001-01-01T00:00:00Z
Q1368654,Melbourne to Warrnambool Classic,recurring event,Q408,Australia,,,1895-01-01T00:00:00Z
Q52009089,AzeCON,recurring event,Q227,Azerbaijan,,,2014-01-01T00:00:00Z
Q138849470,Wiener Zukunftstage,festival,Q40,Austria,,,
Q19873102,EduTECH,recurring event,Q408,Australia,2011-01-01T00:00:00Z,,2011-01-01T00:00:00Z
Q3012492,Dally M Awards,recurring event,Q408,Australia,,,1979-01-01T00:00:00Z
Q105638526,Invasion Fest,recurring event,Q408,Australia,,,2012-01-01T00:00:00Z
Q6647854,Lithgow Ironfest,festival,Q408,Australia,,,2000-01-01T00:00:00Z
Q7967820,Wangaratta Festival of Jazz,recurring event,Q408,Australia,,,1990-01-01T00:00:00Z
Q55622727,Melburn Roobaix,recurring event,Q408,Australia,2005-01-01T00:00:00Z,,
Q130712668,Dudcon,recurring event,Q408,Australia,,,1992-01-01T00:00:00Z
Q116893705,Art Music Awards,recurring event,Q408,Australia,,,2010-01-01T00:00:00Z
Q116893714,Classical Music Awards for Best Composition by an Australian Composer,recurring event,Q408,Australia,,,
Q136353254,Inauguration of the Commonwealth 1901,ceremony,Q408,Australia,,,1901-01-01T00:00:00Z
Q136353190,New Year fireworks 2000,festival,Q408,Australia,,,
Q136362151,Great Inflatable Film Festival,festival,Q408,Australia,,,1996-01-01T00:00:00Z
Q130712630,Conjunction,recurring event,Q408,Australia,,,1989-01-01T00:00:00Z
Q134489695,International Museum Day Editathon,recurring event,Q902,Bangladesh,2024-01-01T00:00:00Z,,
Q136409501,Q136409501,festival,Q408,Australia,,,
Q130712804,Melbourne All-Club Mini-Cons,recurring event,Q408,Australia,,,
Q117599080,Australian Early Development Census,recurring event,Q408,Australia,,,2009-01-01T00:00:00Z
Q122860685,Wiki Loves Monuments In Bangladesh,recurring event,Q902,Bangladesh,,,
Q135497336,2025 Tasmanian government formation,recurring event,Q408,Australia,,,
Q17049884,Bizhu,festival,Q902,Bangladesh,,,
Q130712825,Nanocon,recurring event,Q408,Australia,,,1988-01-01T00:00:00Z
Q130712727,GenghisCon,recurring event,Q408,Australia,,,2002-01-01T00:00:00Z
Q10244,Diwali,festival,Q902,Bangladesh,,,
Q136409518,Q136409518,festival,Q408,Australia,,,
Q130712631,Conquest,recurring event,Q408,Australia,,,1982-01-01T00:00:00Z
Q24952301,CRACK International Art Camp,recurring event,Q902,Bangladesh,2007-12-23T00:00:00Z,,2007-01-01T00:00:00Z
Q130712803,Medtrek,recurring event,Q408,Australia,,,1982-01-01T00:00:00Z
Q139948809,Q139948809,festival,Q902,Bangladesh,,,
Q110234453,Outback Queensland Masters,recurring event,Q408,Australia,,,
Q96622031,Wiki Loves Folklore,recurring event,Q902,Bangladesh,,,
Q112612996,AICon,recurring event,Q408,Australia,,,2006-01-01T00:00:00Z
Q117443083,Q117443083,recurring event,Q902,Bangladesh,,,
Q137739285,Battle of the Tech Bands,recurring event,Q408,Australia,,,2022-01-01T00:00:00Z
Q16977968,Dhaka Lit Fest,recurring event,Q902,Bangladesh,2011-01-01T00:00:00Z,,2011-01-01T00:00:00Z
Q136505028,Breakfest,recurring event,Q408,Australia,,,2001-01-01T00:00:00Z
Q130712604,ConCave,recurring event,Q408,Australia,,,
Q136353273,Dawn Service,ceremony,Q408,Australia,,,1916-04-25T00:00:00Z
Q117749901,Behind the Lines,recurring event,Q408,Australia,,,2011-01-01T00:00:00Z
Q123111273,Traditional Melbourne Toy Run,recurring event,Q408,Australia,,,
Q130712730,Gynaecon,recurring event,Q408,Australia,,,
Q135116469,Q135116469,festival occurrence,Q902,Bangladesh,,,
Q136409571,Q136409571,festival,Q408,Australia,,,1972-01-01T00:00:00Z
Q130712626,Conflux,recurring event,Q408,Australia,,,2004-01-01T00:00:00Z
Q136362355,Oranje Fest,festival,Q408,Australia,,,1885-01-01T00:00:00Z
Q136409547,Q136409547,festival,Q408,Australia,,,
Q116893700,Classical Music Awards,recurring event,Q408,Australia,,,2005-01-01T00:00:00Z
Q130712815,Multiverse,recurring event,Q408,Australia,,,1995-01-01T00:00:00Z
Q5103471,Chobi Mela International Photography Festival,festival,Q902,Bangladesh,,,
Q17014106,Pohela Falgun,festival,Q902,Bangladesh,,,
Q136353266,Brookvale procession,ceremony,Q408,Australia,,,
Q108553597,Wiki Loves Monuments in Australia,recurring event,Q408,Australia,,,
Q123156556,Shimano Supercrit,recurring event,Q408,Australia,,,
Q117802240,Russell Taylor Oration,recurring event,Q408,Australia,,,2017-01-01T00:00:00Z
Q130712570,Aussie Gather,recurring event,Q408,Australia,,,2002-01-01T00:00:00Z
Q127797242,Rugby League Las Vegas,recurring event,Q408,Australia,,,
Q19891320,Dhaka International Trade Fair,recurring event,Q902,Bangladesh,1995-12-01T00:00:00Z,,1995-12-01T00:00:00Z
Q130712717,Force,recurring event,Q408,Australia,,,1995-01-01T00:00:00Z
Q112660157,Circulation,recurring event,Q408,Australia,,,1981-01-01T00:00:00Z
Q130712769,Kinkon,recurring event,Q408,Australia,,,1984-01-01T00:00:00Z
Q123159015,Broadford Bike Bonanza,recurring event,Q408,Australia,,,
Q136409523,Q136409523,festival,Q408,Australia,,,1956-01-01T00:00:00Z
Q430574,Krishna Janmashtami,festival,Q902,Bangladesh,,,
Q25588150,Sangrai,festival,Q902,Bangladesh,,,
Q137517290,Warbirds Downunder,recurring event,Q408,Australia,,,2011-01-01T00:00:00Z
Q136409479,Q136409479,festival,Q408,Australia,,,2000-01-01T00:00:00Z
Q136409474,Q136409474,festival,Q408,Australia,,,2005-01-01T00:00:00Z
Q132200592,Volume,recurring event,Q408,Australia,,,
Q16886667,Sohrai,festival,Q902,Bangladesh,,,
Q134792827,Cooly Rocks On,festival,Q408,Australia,,,
Q112623631,Borderlands,recurring event,Q408,Australia,,,2001-01-01T00:00:00Z
Q108417800,Wiki Loves Earth in Australia,recurring event,Q408,Australia,,,
Q130712868,OmegaCon,recurring event,Q408,Australia,,,
Q136409606,Q136409606,festival,Q408,Australia,,,1982-01-01T00:00:00Z
Q130712793,Manifest,recurring event,Q408,Australia,,,1999-01-01T00:00:00Z
Q130712555,AVCon,recurring event,Q408,Australia,,,
Q120653763,Australian Speedrun Marathon,recurring event,Q408,Australia,,,
Q130712852,Nullus Anxietas,recurring event,Q408,Australia,,,2007-01-01T00:00:00Z
Q105703284,Jatiya Pitha Utsab,festival,Q902,Bangladesh,,,
Q125661229,Railfest,festival,Q408,Australia,,,
Q130712643,Continuum,recurring event,Q408,Australia,,,2003-01-01T00:00:00Z
Q112612933,Advention,recurring event,Q408,Australia,,,1972-01-01T00:00:00Z
Q136409596,Q136409596,festival,Q408,Australia,,,
Q112617847,Basicon,recurring event,Q408,Australia,,,1995-01-01T00:00:00Z
Q130712693,Fandomedia,recurring event,Q408,Australia,,,2005-01-01T00:00:00Z
Q130712904,Q-Con,recurring event,Q408,Australia,,,1971-01-01T00:00:00Z
Q136404869,Q136404869,festival,Q408,Australia,,,1938-02-24T00:00:00Z
Q130688600,Hill Film Festival,festival,Q902,Bangladesh,,,2014-01-01T00:00:00Z
Q111944318,Rising,recurring event,Q408,Australia,2022-01-01T00:00:00Z,,2020-01-01T00:00:00Z
Q133971207,Nazirpur Battle Day,recurring event,Q902,Bangladesh,,,
Q136353321,Survival Festival Concert,festival,Q408,Australia,,,1992-01-01T00:00:00Z
Q130712671,Eastercon,recurring event,Q408,Australia,,,1972-01-01T00:00:00Z
Q136362417,Kultūras Dienas,festival,Q408,Australia,,,1951-01-01T00:00:00Z
Q136404874,Q136404874,festival,Q408,Australia,,,1979-01-01T00:00:00Z
Q130712646,Convergence,recurring event,Q408,Australia,,,2002-01-01T00:00:00Z
Q135489859,Keris Woomera,recurring event,Q408,Australia,,,2024-01-01T00:00:00Z
Q134980164,junior parkrun,recurring event,Q408,Australia,,,
Q116908266,Art Music Awards: Work of the Year: Orchestral,recurring event,Q408,Australia,,,2002-01-01T00:00:00Z
Q116279995,Event Corey Worthington's Party,party,Q408,Australia,,,
Q17065751,International Animation and Cartoon Festival,recurring event,Q902,Bangladesh,2013-01-01T00:00:00Z,,
Q123325057,Wiki Loves Bangla,recurring event,Q902,Bangladesh,,,2023-01-01T00:00:00Z
Q140006823,Q140006823,festival,Q408,Australia,,,
Q116908165,Art Music Awards: Work of the Year: Large Ensemble,recurring event,Q408,Australia,,,2020-01-01T00:00:00Z
Q130712908,Ratcon,recurring event,Q408,Australia,,,
Q136353331,Sydney Olympic Arts Festival 2000,festival,Q408,Australia,,,2000-01-01T00:00:00Z
Q6464649,Q6464649,festival,Q184,Belarus,,,
Q54587748,Time Festival,festival,Q31,Belgium,,,
Q54803332,Q54803332,festival,Q31,Belgium,,,1997-01-01T00:00:00Z
Q798911,MAfestival Brugge,festival,Q31,Belgium,,,1960-01-01T00:00:00Z
Q65052355,VestiVille,festival,Q31,Belgium,,,
Q12748851,Belgrade Jazz Festival,festival,Q3711,Belgrade,,,1971-01-01T00:00:00Z
Q33106168,Festival International de la Marionette,festival,Q31,Belgium,,,
Q56346275,Ichapekene Piesta,festival,Q750,Bolivia,,,
Q33106169,Festival Bitume,festival,Q31,Belgium,,,
Q86664758,Waterloo Historical Film Festival,festival,Q31,Belgium,,,
Q2803544,Q2803544,festival,Q31,Belgium,,,2005-01-01T00:00:00Z
Q2367897,Q2367897,festival,Q31,Belgium,,,
Q94636784,Vitez fest,festival,Q3711,Belgrade,,,2004-01-01T00:00:00Z
Q29946979,Republican Festival of National Cultures,festival,Q184,Belarus,,,
Q57341123,Q57341123,festival,Q31,Belgium,1968-07-10T00:00:00Z,1968-09-07T00:00:00Z,
Q17492841,Summer of Antwerp,festival,Q31,Belgium,,,1995-01-01T00:00:00Z
Q54803309,Q54803309,festival,Q31,Belgium,,,
Q54803314,Q54803314,festival,Q31,Belgium,,,
Q51843934,Svyata Sontsa,festival,Q184,Belarus,,,2016-01-01T00:00:00Z
Q54803315,Q54803315,festival,Q31,Belgium,,,
Q54803312,Q54803312,festival,Q31,Belgium,,,
Q66882239,Q66882239,festival,Q31,Belgium,,,
Q54803318,Q54803318,festival,Q31,Belgium,,,
Q54803319,Q54803319,festival,Q31,Belgium,,,
Q33106180,Festival Charleroi,festival,Q31,Belgium,,,
Q54803348,Q54803348,festival,Q31,Belgium,,,1978-01-01T00:00:00Z
Q2401813,Q2401813,festival,Q31,Belgium,,,
Q4882285,Belfast Festival at Queen's,festival,Q10686,Belfast,1962-01-01T00:00:00Z,,1962-01-01T00:00:00Z
Q2085720,Q2085720,festival,Q31,Belgium,,,
Q21013246,Ostend voor Anker,festival,Q31,Belgium,,,2000-01-01T00:00:00Z
Q54803321,Q54803321,festival,Q31,Belgium,,,
Q2240245,Q2240245,festival,Q31,Belgium,,,
Q56033347,Q56033347,festival,Q31,Belgium,,,
Q30106758,Q30106758,festival,Q184,Belarus,,,
Q54803324,Q54803324,festival,Q31,Belgium,,,
Q3074850,Foire de Liège,festival,Q31,Belgium,,,
Q63979259,ACT Performance Art Festival,festival,Q70,Bern,,,2003-01-01T00:00:00Z
Q54588230,VIA Festival,festival,Q31,Belgium,,,
Q54803330,Q54803330,festival,Q31,Belgium,,,
Q56033348,Q56033348,festival,Q31,Belgium,,,
Q54803328,Q54803328,festival,Q31,Belgium,,,
Q4393642,Republican Festival of National Cultures,festival,Q184,Belarus,,,1996-01-01T00:00:00Z
Q54803335,Q54803335,festival,Q31,Belgium,,,
Q572335,59th Berlin International Film Festival,festival,Q64,Berlin,,,
Q66442398,Q66442398,festival,Q184,Belarus,,,
Q6510751,Q6510751,festival,Q184,Belarus,,,
Q54803333,Q54803333,festival,Q31,Belgium,,,
Q805045,Balkan Black Box Festival,festival,Q64,Berlin,,,
Q25405777,Thimphu Tshechu,festival,Q917,Bhutan,,,
Q54803339,Q54803339,festival,Q31,Belgium,,,
Q54803336,Q54803336,festival,Q31,Belgium,,,
Q54803337,Q54803337,festival,Q31,Belgium,,,
Q54803896,Playground,festival,Q31,Belgium,,,2007-01-01T00:00:00Z
Q54803342,Q54803342,festival,Q31,Belgium,,,
Q54803343,Q54803343,festival,Q31,Belgium,,,
Q66443755,Q66443755,festival,Q184,Belarus,,,
Q54803340,Q54803340,festival,Q31,Belgium,,,
Q54803341,Q54803341,festival,Q31,Belgium,,,
Q14226255,Minsk Gay Pride,festival,Q184,Belarus,,,1999-01-01T00:00:00Z
Q54803347,Q54803347,festival,Q31,Belgium,,,
Q54803344,Q54803344,festival,Q31,Belgium,,,
Q4288600,International Festival Modern Choreography in Vitebsk,festival,Q184,Belarus,,,1987-01-01T00:00:00Z
Q54803350,Q54803350,festival,Q31,Belgium,,,
Q54803351,Q54803351,festival,Q31,Belgium,,,
Q54803354,Q54803354,festival,Q31,Belgium,,,
Q54803355,Q54803355,festival,Q31,Belgium,,,
Q54803352,Q54803352,festival,Q31,Belgium,,,
Q794887,Day of Belarusian Writing,festival,Q184,Belarus,,,1994-01-01T00:00:00Z
Q2656379,Mano Mundo,festival,Q31,Belgium,,,
Q24911461,Bet Lahem Live Festival,festival,Q5776,Bethlehem,,,2013-01-01T00:00:00Z
Q54803353,Q54803353,festival,Q31,Belgium,,,
Q33106173,Brugfestival,festival,Q31,Belgium,,,
Q54803329,Q54803329,festival,Q31,Belgium,,,2004-01-01T00:00:00Z
Q1421817,Prix Europa,festival,Q64,Berlin,,,1987-01-01T00:00:00Z
Q55441924,Art festival Watou,festival,Q31,Belgium,,,
Q55840605,Q55840605,festival,Q184,Belarus,,,
Q3070008,Festival Temps d'images,festival,Q31,Belgium,,,
Q18465047,Ch'utillos,festival,Q750,Bolivia,,,
Q55356825,2006 Beaufort,festival,Q31,Belgium,2006-03-31T00:00:00Z,2006-09-03T00:00:00Z,
Q1433233,Krakelingen and Tonnekensbrand Geraardsbergen,festival,Q31,Belgium,,,
Q2792816,Q2792816,festival,Q31,Belgium,,,
Q15875828,Q15875828,festival,Q31,Belgium,,,
Q5511682,Fête du Vodoun,festival,Q962,Benin,,,1990-01-01T00:00:00Z
Q3639930,Bilbolbul Festival,festival,Q1891,Bologna,,,
Q2681056,Q2681056,festival,Q31,Belgium,,,
Q2732064,Q2732064,festival,Q31,Belgium,,,
Q33106166,Our House,festival,Q31,Belgium,,,
Q17502535,Dozhynki in Belarus,festival,Q184,Belarus,,,1996-01-01T00:00:00Z
Q24273548,Q24273548,festival,Q31,Belgium,,,
Q3040732,ducasse,festival,Q31,Belgium,,,
Q16801470,Q16801470,festival,Q31,Belgium,,,
Q54803345,Q54803345,festival,Q31,Belgium,,,1983-01-01T00:00:00Z
Q54804580,Q54804580,festival,Q31,Belgium,,,
Q1961565,Q1961565,festival,Q31,Belgium,,,
Q19961040,Q19961040,festival,Q31,Belgium,1998-01-01T00:00:00Z,,
Q2927115,Festival Bruxellons!,festival,Q31,Belgium,,,1999-07-22T00:00:00Z
Q63098987,De Quaeye Werelt,festival,Q31,Belgium,,,
Q3092908,Celebrations at the University of Bologna in 1888,festival,Q1891,Bologna,,,
Q25536445,Republican Festival of National Cultures,festival,Q184,Belarus,,,
Q5445782,Festival of Fools,festival,Q10686,Belfast,,,2004-01-01T00:00:00Z
Q2694277,Q2694277,festival,Q31,Belgium,,,
Q4066281,Animajoŭka,festival,Q184,Belarus,,,1998-01-01T00:00:00Z
Q55356809,2003 Beaufort,festival,Q31,Belgium,2003-04-05T00:00:00Z,2003-09-27T00:00:00Z,
Q18088060,Q18088060,festival,Q31,Belgium,,,
Q6345022,Kadalekai Parishe,festival,Q1355,Bengaluru,,,
Q1773038,Bergen International Festival,festival,Q26793,Bergen,,,1952-01-01T00:00:00Z
Q28150556,Q28150556,festival,Q31,Belgium,,,
Q21013469,Q21013469,festival,Q31,Belgium,,,
Q54803356,Corpusfestival,festival,Q31,Belgium,,,
Q8026540,Q8026540,festival,Q2256,Birmingham,,1999-01-01T00:00:00Z,1997-11-20T00:00:00Z
Q24075477,Festival Estéreo Picnic,festival,Q2841,Bogotá,,,2010-01-01T00:00:00Z
Q11050247,MESAM,festival,Q3711,Belgrade,1984-01-01T00:00:00Z,1996-01-01T00:00:00Z,
Q1408689,Festival of Flanders,festival,Q31,Belgium,,,
Q19386234,Raptus,festival,Q26793,Bergen,,,
Q28668761,Cheap Festival - Street Poster Art Festival,festival,Q1891,Bologna,,,
Q3084649,Q3084649,festival,Q31,Belgium,,,
Q2440929,Oud Limburgs Schuttersfeest,festival,Q31,Belgium,1876-01-01T00:00:00Z,,
Q33106167,StraPatZen,festival,Q31,Belgium,,,
Q33106174,Spots op West,festival,Q31,Belgium,,,
Q17779336,Guitar Art Festival,festival,Q3711,Belgrade,,,2000-01-01T00:00:00Z
Q25458984,Reader badge,festival,Q3711,Belgrade,,,
Q26712790,Q26712790,festival,Q184,Belarus,,,
Q3540271,Trolls & Legends,festival,Q31,Belgium,,,
Q1971813,Q1971813,festival,Q31,Belgium,,,
Q2123481,Kroningsfeesten,festival,Q31,Belgium,,,1890-08-31T00:00:00Z
Q2242005,Q2242005,festival,Q31,Belgium,,,
Q33106170,Wintervuurplein,festival,Q31,Belgium,,,
Q58006044,Big Bang Festival,festival,Q31,Belgium,,,
Q16034467,Massimadi,festival,Q31,Belgium,,,2009-01-01T00:00:00Z
Q66439797,Q66439797,festival,Q184,Belarus,,,
Q27516609,Q27516609,festival,Q184,Belarus,,,
Q33100437,BRONKS,festival,Q31,Belgium,,,
Q54577394,NEXT,festival,Q31,Belgium,,,
Q65227032,Q65227032,festival,Q31,Belgium,,,
Q13733153,Q13733153,festival,Q31,Belgium,,,
Q891526,Bologna Children's Book Fair,recurring event,Q1891,Bologna,,,1963-01-01T00:00:00Z
Q3484799,Q3484799,party,Q31,Belgium,,,
Q117087485,scenic art expo norway,festival,Q26793,Bergen,,,
Q2249253,Q2249253,recurring event,Q31,Belgium,,,
Q2284770,25 ans de circumambulation de l'Hegge,recurring event,Q31,Belgium,,,
Q117087503,Bergenske Frynser,festival,Q26793,Bergen,,,1980-01-01T00:00:00Z
Q376112,Knowledge Day,recurring event,Q184,Belarus,,,1984-06-15T00:00:00Z
Q114839523,Q114839523,party,Q31,Belgium,,,
Q112053330,"BONE - Performance Festival 2012, Bern",festival,Q70,Bern,,,1998-01-01T00:00:00Z
Q67605034,Q67605034,party,Q31,Belgium,,,
Q96277278,Q96277278,festival,Q184,Belarus,,,2020-02-22T00:00:00Z
Q112185954,PPP ProgrPerformancePlattform 2017,festival,Q70,Bern,,,
Q131275633,Popular al Parque,festival,Q2841,Bogotá,,,2024-01-01T00:00:00Z
Q2182927,Q2182927,party,Q31,Belgium,,,
Q117087462,Oktoberdans,festival,Q26793,Bergen,,,1997-01-01T00:00:00Z
Q2677121,Q2677121,recurring event,Q31,Belgium,,,
Q23928779,Zillion,discothèque,Q31,Belgium,,,1997-10-16T00:00:00Z
Q1133236,FLISOL,recurring event,Q750,Bolivia,,,
Q115236242,Bergen Fringe Festival,festival,Q26793,Bergen,,,
Q2378286,Q2378286,recurring event,Q31,Belgium,,,
Q111984024,"BONE - Performance Festival 2014, Bern",festival,Q70,Bern,,,1998-01-01T00:00:00Z
Q139695254,Q139695254,festival,Q31,Belgium,,,2013-01-01T00:00:00Z
Q111983245,BONE - Performance Festival,festival,Q70,Bern,,,1998-01-01T00:00:00Z
Q2922048,Omloop van de Fruitstreek,recurring event,Q31,Belgium,,,
Q119002345,Bayard Steed Parade and the Parade of the three Giants,party,Q31,Belgium,,,
Q13212982,Grand feu,party,Q31,Belgium,,,
Q124731254,Q124731254,festival,Q31,Belgium,,,
Q131597465,WeLove Eya,festival,Q962,Benin,,,2022-01-01T00:00:00Z
Q124668893,Q124668893,party,Q962,Benin,,,
Q3074837,Q3074837,recurring event,Q31,Belgium,,,
Q111964052,"ACT Performance Art Festival 2007, Bern",festival,Q70,Bern,,,2003-01-01T00:00:00Z
Q109037781,Q109037781,party,Q962,Benin,,,
Q115236244,Brosteinsfestivalen,festival,Q26793,Bergen,,,
Q1986595,Q1986595,recurring event,Q31,Belgium,,,
Q124735415,Bacchus,festival,Q31,Belgium,,,
Q128858925,Horizon 2030,festival,Q31,Belgium,,,2024-04-13T00:00:00Z
Q131613460,Q131613460,festival,Q962,Benin,,,
Q111966913,"ACT Performance Art Festival 2012, Basel and Bern",festival,Q70,Bern,,,
Q2394659,Q2394659,recurring event,Q31,Belgium,,,1884-01-01T00:00:00Z
Q136671118,Q136671118,festival,Q31,Belgium,,,
Q117087555,Dans - en fest!,festival,Q26793,Bergen,,,2022-08-25T00:00:00Z
Q124805524,Q124805524,party,Q31,Belgium,,,2000-01-01T00:00:00Z
Q117161964,Q117161964,festival,Q962,Benin,,,
Q111964321,"ACT Performance Art Festival 2018, Bern",festival,Q70,Bern,,,
Q475430,FOSDEM,recurring event,Q31,Belgium,,,2001-02-03T00:00:00Z
Q2740503,Carré,discothèque,Q31,Belgium,,,
Q1851436,Q1851436,recurring event,Q31,Belgium,,,
Q109037780,Fête de Chicote au Bénin,festival,Q962,Benin,,,
Q123010518,Saint-Evermarus celebration Rutten,party,Q31,Belgium,,,
Q138808922,Q138808922,festival,Q962,Benin,,,
Q2894672,La Belle Alliance,discothèque,Q31,Belgium,,,
Q2468478,Q2468478,recurring event,Q31,Belgium,,,
Q111983274,"BONE - Performance Festival 2019, Bern",festival,Q70,Bern,,,1998-01-01T00:00:00Z
Q123459002,Q123459002,party,Q750,Bolivia,,,
Q662829,Eurocon,recurring event,Q31,Belgium,,,1972-01-01T00:00:00Z
Q117087472,Norsk Dramatikk,festival,Q26793,Bergen,,,1991-01-01T00:00:00Z
Q2485118,Grand Prix Dr. Eugeen Roggeman,recurring event,Q31,Belgium,,,1929-01-01T00:00:00Z
Q4826093,Auto Assembly,recurring event,Q2256,Birmingham,,,2000-01-01T00:00:00Z
Q117087478,Profiler '95,festival,Q26793,Bergen,,,1995-11-01T00:00:00Z
Q133756433,Q133756433,ceremony,Q184,Belarus,,,
Q28673571,Q28673571,discothèque,Q31,Belgium,,,
Q131345426,Ouidah Voodoo Festival,festival,Q962,Benin,,,1996-01-10T00:00:00Z
Q2907899,Q2907899,recurring event,Q31,Belgium,,,
Q123010515,Historic archery in Flanders,party,Q31,Belgium,,,
Q124611458,Chope Piesta Santísima Trinidad,festival,Q750,Bolivia,,,
Q123529075,Black-necked Crane Festival,party,Q917,Bhutan,,,
Q3425199,Libre Software Meeting,recurring event,Q31,Belgium,,,2000-01-01T00:00:00Z
Q2307031,Kortrijk Koerse,recurring event,Q31,Belgium,,,
Q3539460,Q3539460,party,Q31,Belgium,,,
Q131697052,Q131697052,festival,Q31,Belgium,,,
Q135652881,Q135652881,festival,Q35775,Boise,2025-07-29T00:00:00Z,2025-08-02T00:00:00Z,
Q1182661,Q1182661,recurring event,Q64,Berlin,,,
Q112053405,"BONE - Performance Festival 2018, Bern",festival,Q70,Bern,,,1998-01-01T00:00:00Z
Q117087496,[3P],festival,Q26793,Bergen,,,1994-01-01T00:00:00Z
Q117087507,TextOUT,festival,Q26793,Bergen,,,1999-01-01T00:00:00Z
Q2184211,Q2184211,recurring event,Q31,Belgium,,,
Q2856346,Humo's Comedy Cup,recurring event,Q31,Belgium,1998-01-01T00:00:00Z,,1998-03-10T00:00:00Z
Q112184603,PPP ProgrPerformancePlattform,festival,Q70,Bern,,,2007-01-01T00:00:00Z
Q3130130,Procession of the Holy Blood in Bruges,recurring event,Q31,Belgium,,,1291-01-01T00:00:00Z
Q114839858,Adriaen Brouwer Bierfeesten,party,Q31,Belgium,,,
Q2228169,Q2228169,recurring event,Q31,Belgium,,,
Q111983813,"BONE - Performance Festival 2008, Bern",festival,Q70,Bern,,,1998-01-01T00:00:00Z
Q117284078,ADNAK!,festival,Q184,Belarus,,,2010-01-01T00:00:00Z
Q20013105,Q20013105,party,Q750,Bolivia,,,
Q122031279,Quirinus procession Loenhout,party,Q31,Belgium,,,
Q135935034,Q135935034,festival,Q31,Belgium,,,2006-01-01T00:00:00Z
Q2799112,Izegem Koers,recurring event,Q31,Belgium,,,1968-01-01T00:00:00Z
Q114839542,Q114839542,festival,Q31,Belgium,,,
Q115236255,Frie grupper festival,festival,Q26793,Bergen,,,1980-01-01T00:00:00Z
Q112185875,PPP ProgrPerformancePlattform 2016,festival,Q70,Bern,,,
Q14513740,Q14513740,discothèque,Q31,Belgium,,,
Q1948068,Ensor Award,recurring event,Q31,Belgium,,,2010-01-01T00:00:00Z
Q122030555,International horse procession Hakendover Tienen,party,Q31,Belgium,,,
Q126487038,Manneken Pis dressing ceremony,ceremony,Q31,Belgium,,,
Q2236734,Stadsprijs Geraardsbergen,recurring event,Q31,Belgium,,,1912-01-01T00:00:00Z
Q2089965,Omloop Mandel-Leie-Schelde,recurring event,Q31,Belgium,,,1945-01-01T00:00:00Z
Q135092207,Q135092207,festival,Q64,Berlin,,,
Q28528220,Red & Blue,discothèque,Q31,Belgium,,,
Q28489691,Q28489691,discothèque,Q31,Belgium,,,
Q125213566,National Pilgrimage,ceremony,Q31,Belgium,,,1944-09-24T00:00:00Z
Q112058472,Q112058472,festival,Q962,Benin,,,
Q112053263,"BONE - Performance Festival 2008, Bern",festival,Q70,Bern,,,1998-01-01T00:00:00Z
Q1897858,Q1897858,recurring event,Q31,Belgium,,,
Q80949,April Fools' Day,recurring event,Q31,Belgium,1564-01-01T00:00:00Z,,
Q37940242,Le Coliseum,discothèque,Q31,Belgium,,,1921-01-01T00:00:00Z
Q2087090,Club X,discothèque,Q31,Belgium,,,
Q112052913,"BONE - Performance Festival 2006/2010/2011/2014/2019, Bern",festival,Q70,Bern,,,1998-01-01T00:00:00Z
Q112054205,"BONE - Performance Festival 2017, Bern",festival,Q70,Bern,,,1998-01-01T00:00:00Z
Q96650089,KIKK Festival,festival,Q31,Belgium,,,
Q2219210,Q2219210,recurring event,Q31,Belgium,,,
Q19974060,Happy House,discothèque,Q31,Belgium,,,
Q112338427,Q112338427,festival,Q31,Belgium,,,
Q2003331,Q2003331,recurring event,Q31,Belgium,,,
Q117087516,Kulturdagene i Fana og Ytrebygda,festival,Q26793,Bergen,,,
Q2423538,Antwerpse Havenpijl,recurring event,Q31,Belgium,,,1990-01-01T00:00:00Z
Q4354765,Tour of Antwerp,recurring event,Q31,Belgium,,,
Q116879463,Q116879463,festival,Q64,Berlin,,,2015-01-01T00:00:00Z
Q1816712,Q1816712,recurring event,Q31,Belgium,,,
Q4996129,Wieltjesfeesten,party,Q31,Belgium,,,1969-01-01T00:00:00Z
Q118953344,Blankenberge Carnival,party,Q31,Belgium,,,
Q2194019,Q2194019,recurring event,Q31,Belgium,,,
Q124669846,Q124669846,festival,Q962,Benin,,,
Q112053441,"BONE - Performance Festival 2016, Bern",festival,Q70,Bern,,,1998-01-01T00:00:00Z
Q81610,Mr Gay World,recurring event,Q31,Belgium,,,2009-01-01T00:00:00Z
Q137104886,Q137104886,festival,Q64,Berlin,,,2014-01-01T00:00:00Z
Q63185684,Q63185684,party,Q750,Bolivia,,,
Q117087515,Never or Now,festival,Q26793,Bergen,,,2011-01-01T00:00:00Z
Q112053296,"BONE - Performance Festival 2009, Bern",festival,Q70,Bern,,,1998-01-01T00:00:00Z
Q1268418,Dwars door de Antwerpse Kempen,recurring event,Q31,Belgium,,,2010-01-01T00:00:00Z
Q115236243,BIT/Bergen Internasjonale Teaterfestival,festival,Q26793,Bergen,,,1983-01-01T00:00:00Z
Q2098013,Q2098013,recurring event,Q31,Belgium,,,
Q139659483,Q139659483,festival,Q31,Belgium,,,
Q117087526,BergArt,festival,Q26793,Bergen,,,2000-01-01T00:00:00Z
Q2524862,Crazy Comedy Cover Contest,recurring event,Q31,Belgium,,,
Q17048014,Q17048014,party,Q31,Belgium,,,
Q112054245,"BONE - Performance Festival 2001, Bern",festival,Q70,Bern,,,1998-01-01T00:00:00Z
Q137873756,Q137873756,festival,Q31,Belgium,1988-01-01T00:00:00Z,,
Q117087542,Nordisk Scenekunst mot Tusenårsskiftet,festival,Q26793,Bergen,,,1996-01-10T00:00:00Z
Q130385162,Hope Happening,festival,Q31,Belgium,,,
Q1547573,Grote Prijs Briek Schotte,recurring event,Q31,Belgium,,,
Q3092933,Q3092933,party,Q31,Belgium,,,
Q1982882,Pumpkin day,recurring event,Q31,Belgium,,,
Q117087493,Frontlosjen,festival,Q26793,Bergen,,,2016-01-01T00:00:00Z
Q112185890,Q112185890,festival,Q70,Bern,,,
Q111963877,ACT Performance Art Festival 2003,festival,Q70,Bern,,,2003-01-01T00:00:00Z
Q5312579,Dugu,ceremony,Q242,Belize,,,
Q1879540,Heritage Day,recurring event,Q31,Belgium,,,2001-01-01T00:00:00Z
Q117087524,Fattigdomsuken 2010,festival,Q26793,Bergen,,,2010-01-01T00:00:00Z
Q115236236,216T - performancefestival,festival,Q26793,Bergen,,,2000-01-01T00:00:00Z
Q117794100,Acht van Brasschaat,recurring event,Q31,Belgium,,,
Q107574886,Sound Track,recurring event,Q31,Belgium,,,2019-01-01T00:00:00Z
Q21490948,Omloop der Vlaamse Gewesten,recurring event,Q31,Belgium,1928-01-01T00:00:00Z,,
Q126941009,Q126941009,recurring event,Q31,Belgium,2024-07-01T00:00:00Z,2024-09-30T00:00:00Z,
Q15991804,Q15991804,recurring event,Q31,Belgium,,,
Q134774353,Event:Wiki Loves Denderland/2025,recurring event,Q31,Belgium,2025-06-24T00:00:00Z,2025-09-30T00:00:00Z,
Q106097078,Belarusian Military Exhibition,recurring event,Q184,Belarus,,,2001-01-01T00:00:00Z
Q126098916,Q126098916,recurring event,Q31,Belgium,,,1986-01-01T00:00:00Z
Q107422705,European March of Remembrance and Friendship,recurring event,Q31,Belgium,,,1967-01-01T00:00:00Z
Q118970423,Q118970423,recurring event,Q31,Belgium,,,
Q116033868,Grote Prijs Piet Vandoorsselaere,recurring event,Q31,Belgium,,,
Q113839933,Marche des 600 Franchimontois,recurring event,Q31,Belgium,,,
Q112659908,SfanCon,recurring event,Q31,Belgium,,,1970-01-01T00:00:00Z
Q116181461,National Day of Acullico,recurring event,Q750,Bolivia,,,2016-01-01T00:00:00Z
Q63315475,Museum Night Fever,recurring event,Q31,Belgium,,,2008-03-01T00:00:00Z
Q131904721,Q131904721,recurring event,Q31,Belgium,,,1967-01-01T00:00:00Z
Q96622031,Wiki Loves Folklore,recurring event,Q962,Benin,,,
Q92579799,Wammekse Feesten,recurring event,Q31,Belgium,,,
Q108172946,Last Post Ceremony,recurring event,Q31,Belgium,,,1928-07-02T00:00:00Z
Q137516000,Mechelen Guild Jewel,recurring event,Q31,Belgium,,,2004-01-01T00:00:00Z
Q5115569,West-Vlaamse Sluitingsprijs Zwevezele,recurring event,Q31,Belgium,,,
Q137516086,Q137516086,recurring event,Q31,Belgium,,,2019-01-01T00:00:00Z
Q97185727,TitanCon,recurring event,Q10686,Belfast,,,2011-01-01T00:00:00Z
Q17354578,De Kustpijl,recurring event,Q31,Belgium,,,1962-01-01T00:00:00Z
Q16069797,Tinekesfeesten Heule,recurring event,Q31,Belgium,,,
Q107073590,Wiki Loves Pajottenland Zennevallei 2021,recurring event,Q31,Belgium,2021-07-01T00:00:00Z,2021-09-30T00:00:00Z,
Q107453693,Trans* March,recurring event,Q31,Belgium,,,
Q29168822,Q29168822,recurring event,Q31,Belgium,,,1989-01-01T00:00:00Z
Q38964592,Día Nacional del Peatón y del Ciclista en defensa de la Madre Tierra,recurring event,Q750,Bolivia,2011-01-01T00:00:00Z,,
Q108803788,Berlin Music Video Awards,recurring event,Q64,Berlin,,,2013-01-01T00:00:00Z
Q116033862,Kemmel Koerse,recurring event,Q31,Belgium,,,
Q130992875,Q130992875,recurring event,Q31,Belgium,,,1952-01-01T00:00:00Z
Q130745984,Q130745984,recurring event,Q31,Belgium,,,2022-01-01T00:00:00Z
Q112621590,Beneluxcon,recurring event,Q31,Belgium,,,1973-01-01T00:00:00Z
Q123331690,"Casa Europea 1, 1994",recurring event,Q31,Belgium,,,1994-02-19T00:00:00Z
Q116033863,Heusden Koers,recurring event,Q31,Belgium,,,1929-01-01T00:00:00Z
Q126940977,Event:Wiki Loves Denderland,recurring event,Q31,Belgium,,,2024-01-01T00:00:00Z
Q112033258,Republican Festival of National Cultures,festival occurrence,Q184,Belarus,,,
Q136484651,Q136484651,recurring event,Q31,Belgium,,,
Q116033866,Kortemark Koerse,recurring event,Q31,Belgium,,,
Q15991824,Grand Prix Beeckman-De Caluwé,recurring event,Q31,Belgium,,,1943-01-01T00:00:00Z
Q111462551,Minsk Dialogue Council on International Relations,recurring event,Q184,Belarus,,,2015-01-01T00:00:00Z
Q50414249,Open Belgium,recurring event,Q31,Belgium,,,
Q125874444,Beacon,recurring event,Q31,Belgium,,,2022-01-01T00:00:00Z
Q115170429,Boektopia,recurring event,Q31,Belgium,,,2021-01-01T00:00:00Z
Q136050930,Trinidad Pride,recurring event,Q750,Bolivia,,,2008-01-01T00:00:00Z
Q138172086,European Industry Summit,recurring event,Q31,Belgium,,,
Q108770696,Wiki Loves Monuments in Bolivia,recurring event,Q750,Bolivia,,,
Q115153874,Grote Prijs van de Wase Polders,recurring event,Q31,Belgium,,,2011-01-01T00:00:00Z
Q15874171,Day of Agriculture,recurring event,Q31,Belgium,,,
Q112486235,ADFC-Sternfahrt Berlin,recurring event,Q64,Berlin,,,
Q116033865,Criterium SD Worx,recurring event,Q31,Belgium,,,
Q115160954,Slorarock,recurring event,Q31,Belgium,,,2010-01-01T00:00:00Z
Q30612298,Rajyotsava Awards,recurring event,Q1355,Bengaluru,,,
Q124012559,Q124012559,recurring event,Q64,Berlin,,,
Q134182616,Q134182616,recurring event,Q31,Belgium,,,
Q117794211,Kampioenschap van Limburg,recurring event,Q31,Belgium,,,
Q115154411,KAJ-KWB Prijs,recurring event,Q31,Belgium,,,1950-01-01T00:00:00Z
Q133214987,Q133214987,recurring event,Q2841,Bogotá,,,
Q129198556,Live is Live,recurring event,Q31,Belgium,,,2022-06-17T00:00:00Z
Q15875465,Grote Prijs Lucien Van Impe,recurring event,Q31,Belgium,,,1927-01-01T00:00:00Z
Q122460454,Q122460454,recurring event,Q31,Belgium,,,
Q54202417,XII Republican Festival of National Cultures,festival occurrence,Q184,Belarus,,,
Q7354740,Rock Werchter 2010,festival occurrence,Q31,Belgium,,,
Q120122714,Q120122714,recurring event,Q31,Belgium,2023-07-01T00:00:00Z,2023-09-30T00:00:00Z,
Q19206998,Normandy Format,recurring event,Q64,Berlin,,,2014-06-06T00:00:00Z
Q42165678,Septennial Virga Jesse festivities in Hasselt,recurring event,Q31,Belgium,,,
Q20823612,Streitraum,recurring event,Q64,Berlin,,,2000-01-01T00:00:00Z
Q139593393,Q139593393,recurring event,Q31,Belgium,,2026-09-30T00:00:00Z,
Q16069939,Q16069939,recurring event,Q31,Belgium,,,
Q2613396,Eurovision Young Musicians 1992,festival occurrence,Q31,Belgium,,1992-06-09T00:00:00Z,
Q131029915,Q131029915,recurring event,Q31,Belgium,,,1873-01-01T00:00:00Z
Q15873418,Q15873418,recurring event,Q31,Belgium,,,
Q23925671,Comiciade,recurring event,Q31,Belgium,,,2014-01-01T00:00:00Z
Q31190698,PEKO,recurring event,Q31,Belgium,,,2010-01-01T00:00:00Z
Q124221051,Art Antwerp,recurring event,Q31,Belgium,,,
Q115154531,Puivelde Koerse,recurring event,Q31,Belgium,,,1965-01-01T00:00:00Z
Q9697538,Carnaval de Florianópolis,recurring event,Q155,Brazil,,,
Q3880243,Q3880243,festival,Q19660,Bucharest,,,
Q10335639,Q10335639,festival,Q155,Brazil,,,
Q16497294,Bauernfest,festival,Q155,Brazil,,,
Q4968603,Brisbane Pride Festival,recurring event,Q34932,Brisbane,,,1990-01-01T00:00:00Z
Q9657093,Q9657093,festival,Q155,Brazil,,,
Q127335869,Buenos Aires Celebra País Vasco 2021,festival occurrence,Q1486,Buenos Aires,,,
Q116821895,Budapest Pride Festival 2022,festival,Q1781,Budapest,2022-06-24T00:00:00Z,2022-07-24T00:00:00Z,
Q4968595,Brisbane Open House,festival,Q34932,Brisbane,,,2010-01-01T00:00:00Z
Q109530554,tuSeo,festival,Q3844,Brazzaville,,,2004-10-01T00:00:00Z
Q24969549,The Miracle of 1511,festival,Q239,Brussels,,,
Q4958900,"Brazilian presidential election debates, 2010",recurring event,Q155,Brazil,,,
Q17995964,Prêmio Contigo! de TV,recurring event,Q155,Brazil,,,1996-01-01T00:00:00Z
Q18476898,Comenda da Paz Chico Xavier,recurring event,Q155,Brazil,,,
Q16034467,Massimadi,festival,Q239,Brussels,,,2009-01-01T00:00:00Z
Q8964906,Cinema Brazil Grand Prize,festival,Q155,Brazil,2002-01-01T00:00:00Z,,2000-01-01T00:00:00Z
Q10287794,Q10287794,festival,Q155,Brazil,,,
Q10277589,Q10277589,festival,Q155,Brazil,,,
Q116821892,Budapest Pride Festival 2019,festival,Q1781,Budapest,2019-06-07T00:00:00Z,2019-07-07T00:00:00Z,
Q18477812,Festival Promessas 2013,festival occurrence,Q155,Brazil,,,
Q1182661,Q1182661,recurring event,Q586,Bonn,,,
Q7300437,Readercon,recurring event,Q100,Boston,,,1987-01-01T00:00:00Z
Q10281955,Q10281955,festival,Q155,Brazil,,,
Q138660232,Q138660232,festival,Q14960,Brno,,,2016-01-01T00:00:00Z
Q9636712,Q9636712,festival,Q155,Brazil,,,
Q116821894,Budapest Pride Festival 2021,festival,Q1781,Budapest,2021-06-25T00:00:00Z,2021-07-25T00:00:00Z,
Q18464392,Chocofest,festival,Q155,Brazil,,,
Q10281773,Iemanjá Day,party,Q155,Brazil,,,
Q10267104,Q10267104,festival,Q155,Brazil,,,
Q3028738,Libre Graphics Meeting,recurring event,Q239,Brussels,,,2006-01-01T00:00:00Z
Q10281961,Q10281961,festival,Q155,Brazil,,,
Q10361779,Q10361779,festival,Q155,Brazil,,,
Q18467868,Romaria dos Cavaleiros de Santana,recurring event,Q155,Brazil,,,
Q4904581,Biennial of Illustration Bratislava,festival,Q1780,Bratislava,,,1967-01-01T00:00:00Z
Q10281980,Manacapuru Ciranda Festival,festival,Q155,Brazil,,,1997-01-01T00:00:00Z
Q9615882,Q9615882,festival,Q155,Brazil,,,
Q80949,April Fools' Day,recurring event,Q155,Brazil,1564-01-01T00:00:00Z,,
Q10369887,Q10369887,festival,Q155,Brazil,,,
Q127043191,Q127043191,festival,Q586,Bonn,,,2022-01-01T00:00:00Z
Q127329161,Buenos Aires Celebra País Vasco 2011,festival occurrence,Q1486,Buenos Aires,,,
Q127329167,Buenos Aires Celebra País Vasco 2012,festival occurrence,Q1486,Buenos Aires,,,
Q9006025,Metal Open Air,festival,Q155,Brazil,,,2012-01-01T00:00:00Z
Q127329467,Buenos Aires Celebra País Vasco 2017,festival occurrence,Q1486,Buenos Aires,,,
Q112615440,Anonycon,recurring event,Q40435,Buffalo,,,1975-01-01T00:00:00Z
Q10335626,Natal Fashion Week,recurring event,Q155,Brazil,,,2005-01-01T00:00:00Z
Q545584,Ignis Brunensis,festival,Q14960,Brno,,,1998-01-01T00:00:00Z
Q9697576,Q9697576,recurring event,Q155,Brazil,,,
Q135840916,lone walk,recurring event,Q100,Boston,,,1884-01-01T00:00:00Z
Q139603935,Nexus,recurring event,Q23154,Bristol,,,1995-01-01T00:00:00Z
Q84533874,13th International Circus Festival of Budapest,festival,Q1781,Budapest,,,
Q10281987,Q10281987,festival,Q155,Brazil,,,
Q10273188,Q10273188,party,Q155,Brazil,,,
Q18477779,Q18477779,festival,Q155,Brazil,,,
Q135639469,Q135639469,festival,Q3844,Brazzaville,,,1996-01-01T00:00:00Z
Q10361507,Q10361507,festival,Q155,Brazil,,,
Q127329181,Buenos Aires Celebra País Vasco 2014,festival occurrence,Q1486,Buenos Aires,,,
Q81610,Mr Gay World,recurring event,Q155,Brazil,,,2009-01-01T00:00:00Z
Q10363604,Q10363604,festival,Q155,Brazil,,,
Q127333532,Buenos Aires Celebra País Vasco 2019,festival occurrence,Q1486,Buenos Aires,,,
Q9719362,Agricultural Census of Brazil,recurring event,Q155,Brazil,,,
Q10281845,Q10281845,festival,Q155,Brazil,,,
Q101599202,Open House Brno,festival,Q14960,Brno,,,2018-01-01T00:00:00Z
Q10281956,Festival Vale do Café,festival,Q155,Brazil,,,
Q16952930,Boston Fashion Week,recurring event,Q100,Boston,,,1995-01-01T00:00:00Z
Q127328811,Buenos Aires Celebra País Vasco,festival,Q1486,Buenos Aires,,,2011-01-01T00:00:00Z
Q10396016,Q10396016,festival,Q155,Brazil,,,
Q16495861,Q16495861,festival,Q155,Brazil,,,
Q5347112,EerieCon,recurring event,Q40435,Buffalo,,,1999-01-01T00:00:00Z
Q10281853,Q10281853,festival,Q155,Brazil,,,
Q127329193,Buenos Aires Celebra País Vasco 2015,festival occurrence,Q1486,Buenos Aires,,,
Q137739285,Battle of the Tech Bands,recurring event,Q34932,Brisbane,,,2022-01-01T00:00:00Z
Q18477795,Q18477795,festival,Q155,Brazil,,,
Q9645010,Q9645010,discothèque,Q155,Brazil,,,
Q9610154,Amazônia Fashion Week,recurring event,Q155,Brazil,,,2007-01-01T00:00:00Z
Q10394831,Q10394831,festival,Q155,Brazil,,,
Q50414249,Open Belgium,recurring event,Q239,Brussels,,,
Q127331152,Buenos Aires Celebra País Vasco 2018,festival occurrence,Q1486,Buenos Aires,,,
Q10372331,Q10372331,festival,Q155,Brazil,,,
Q10282016,Q10282016,festival,Q155,Brazil,,,
Q10372334,Q10372334,festival,Q155,Brazil,,,
Q10281868,Q10281868,festival,Q155,Brazil,,,
Q10372335,Q10372335,festival,Q155,Brazil,,,
Q3848622,Fórum Internacional Software Livre,recurring event,Q155,Brazil,2000-05-04T00:00:00Z,,
Q9660320,Boi Bumbá Campineiro,festival,Q155,Brazil,,,
Q116821891,Budapest Pride Festival 2018,festival,Q1781,Budapest,2018-06-08T00:00:00Z,2018-07-08T00:00:00Z,
Q10281874,Q10281874,festival,Q155,Brazil,,,
Q10372333,Q10372333,festival,Q155,Brazil,,,
Q10372338,Q10372338,festival,Q155,Brazil,,,
Q10281872,Q10281872,festival,Q155,Brazil,,,
Q10372336,Q10372336,festival,Q155,Brazil,,,
Q1075347,Chlotrudis Awards,festival,Q100,Boston,1995-01-01T00:00:00Z,,1995-01-01T00:00:00Z
Q10372337,Q10372337,festival,Q155,Brazil,,,
Q10281805,Q10281805,recurring event,Q155,Brazil,,,
Q10391692,Q10391692,festival,Q155,Brazil,,,
Q10372340,Q10372340,festival,Q155,Brazil,,,
Q127337171,Buenos Aires Celebra País Vasco 2023,festival occurrence,Q1486,Buenos Aires,,,
Q10281882,Q10281882,festival,Q155,Brazil,,,
Q5328323,East European Comic Con,recurring event,Q19660,Bucharest,,,2013-01-01T00:00:00Z
Q10272728,Q10272728,festival,Q155,Brazil,,,
Q56410630,Q56410630,festival,Q1781,Budapest,2018-01-08T00:00:00Z,2018-01-14T00:00:00Z,
Q18476319,Q18476319,festival,Q155,Brazil,,,
Q10281881,Q10281881,festival,Q155,Brazil,,,
Q18243472,Charme,party,Q155,Brazil,,,
Q125599959,Buenos Aires Trap,festival,Q1486,Buenos Aires,,,2018-01-01T00:00:00Z
Q4947296,Boskone,recurring event,Q100,Boston,,,1941-01-01T00:00:00Z
Q3617564,Animefest,festival,Q14960,Brno,2004-01-01T00:00:00Z,,2004-01-01T00:00:00Z
Q10369872,Semana Farroupilha,party,Q155,Brazil,,,
Q10283236,Folia de Reis,festival,Q155,Brazil,,,
Q63315475,Museum Night Fever,recurring event,Q240,Brussels-Capital Region,,,2008-03-01T00:00:00Z
Q10281999,Festival de Quadrilhas Juninas do Nordeste,festival,Q155,Brazil,,,
Q6381503,Meus Prêmios Nick,recurring event,Q155,Brazil,2000-01-01T00:00:00Z,2021-01-01T00:00:00Z,2000-01-01T00:00:00Z
Q10367174,Q10367174,festival,Q155,Brazil,,,1974-01-01T00:00:00Z
Q16498285,Bienal de Música Brasileira Contemporânea,festival,Q155,Brazil,,,
Q10281997,Festival de Música de Santa Catarina,festival,Q155,Brazil,,,
Q45021690,Biennial of Animation Bratislava,festival,Q1780,Bratislava,,,1991-01-01T00:00:00Z
Q10281888,Q10281888,festival,Q155,Brazil,,,
Q10282943,Q10282943,festival,Q155,Brazil,,,
Q10281801,Feast of the Eternal Father,recurring event,Q155,Brazil,,,
Q8048120,Yamurikuma,festival,Q155,Brazil,,,
Q130531831,Evenings of New Music,recurring event,Q1780,Bratislava,,,1990-01-01T00:00:00Z
Q10314329,Q10314329,festival,Q155,Brazil,,,1973-01-01T00:00:00Z
Q10282001,Festival de Teatro de Curitiba,festival,Q155,Brazil,,,
Q10281892,Q10281892,festival,Q155,Brazil,,,
Q18238998,Q18238998,festival,Q155,Brazil,,,
Q5445654,Festa do Peão de Boiadeiro,festival,Q155,Brazil,,,
Q127329387,Buenos Aires Celebra País Vasco 2016,festival occurrence,Q1486,Buenos Aires,,,
Q127334784,Buenos Aires Celebra País Vasco 2020,festival occurrence,Q1486,Buenos Aires,,,
Q1133236,FLISOL,recurring event,Q155,Brazil,,,
Q16829590,Dia dos Namorados,recurring event,Q155,Brazil,,,
Q65089389,Slapstick Festival,festival,Q23154,Bristol,,,
Q10272751,Q10272751,festival,Q155,Brazil,,,
Q10281732,Angra International Theater Party,recurring event,Q155,Brazil,,,2004-01-01T00:00:00Z
Q10281793,Festa do Bonfim,recurring event,Q155,Brazil,,,
Q112080326,Bristol-Con,recurring event,Q23154,Bristol,,,2009-01-01T00:00:00Z
Q18477807,Q18477807,festival occurrence,Q155,Brazil,,,
Q10370870,Q10370870,festival,Q155,Brazil,,,
Q17995332,Liberdade street market,recurring event,Q155,Brazil,,,
Q130385162,Hope Happening,festival,Q240,Brussels-Capital Region,,,
Q10344307,Q10344307,discothèque,Q155,Brazil,,,
Q10372339,Q10372339,festival occurrence,Q155,Brazil,,,
Q782793,OTI Festival 1973,festival occurrence,Q155,Brazil,,,
Q70751104,Festival KOMA,festival,Q14960,Brno,2014-01-01T00:00:00Z,2024-01-01T00:00:00Z,
Q7211012,Baile da Ilha Fiscal,party,Q155,Brazil,,,
Q10264164,Dança dos Mascarados,recurring event,Q155,Brazil,,,
Q127336311,Buenos Aires Celebra País Vasco 2022,festival occurrence,Q1486,Buenos Aires,,,
Q746947,Quarup,ceremony,Q155,Brazil,,,
Q19708219,Festival Promessas 2011,festival occurrence,Q155,Brazil,,,
Q4790906,Arisia,recurring event,Q100,Boston,,,1990-01-01T00:00:00Z
Q116821893,Budapest Pride Festival 2020,festival,Q1781,Budapest,2020-08-14T00:00:00Z,2020-08-23T00:00:00Z,
Q55605278,Beton Fest,recurring event,Q225,Bosnia and Herzegovina,,,
Q125922111,Q125922111,festival,Q155,Brazil,,,
Q21020252,Fourth Centennial of the City of São Paulo,festival,Q155,Brazil,1954-07-09T00:00:00Z,1954-07-11T00:00:00Z,
Q48878641,Q48878641,festival,Q155,Brazil,,,
Q54864384,IV Centenário do Descobrimento do Brasil,party,Q155,Brazil,,,
Q28680297,Q28680297,festival,Q155,Brazil,,,
Q20055684,Q20055684,recurring event,Q155,Brazil,,,
Q138817866,South Summit Brazil 2024,recurring event,Q155,Brazil,2024-03-20T00:00:00Z,2024-03-22T00:00:00Z,
Q86740825,Lambe Sujo,recurring event,Q155,Brazil,,,
Q138808532,South Summit Brazil 2026,recurring event,Q155,Brazil,2026-03-25T00:00:00Z,2026-03-27T00:00:00Z,
Q132652860,Todo Mundo no Rio,recurring event,Q155,Brazil,,,2024-05-04T00:00:00Z
Q4875387,Baščaršija Nights,festival,Q225,Bosnia and Herzegovina,,,1996-01-01T00:00:00Z
Q131927532,Q131927532,recurring event,Q155,Brazil,,,
Q30939126,Festividade de São Sebastião,party,Q155,Brazil,,,
Q61846485,ExpoZebu,recurring event,Q155,Brazil,,,1935-01-01T00:00:00Z
Q135116382,Q135116382,recurring event,Q155,Brazil,,,2003-01-01T00:00:00Z
Q48872056,Q48872056,festival,Q155,Brazil,,,
Q62595089,CryptoRave,recurring event,Q155,Brazil,,,
Q59958557,Green Valley,discothèque,Q155,Brazil,,,
Q111700817,Q111700817,ceremony,Q155,Brazil,,,
Q56351611,"Brazilian presidential election debates, 2018",recurring event,Q155,Brazil,,,
Q42387577,Festival Contato,festival,Q155,Brazil,,,
Q138818063,South Summit Brazil 2023,recurring event,Q155,Brazil,2023-03-29T00:00:00Z,2023-03-31T00:00:00Z,
Q114866361,"LGBT pride in Salvador, Bahia",recurring event,Q155,Brazil,,,
Q7422993,Sarajevo Winter Festival,festival,Q225,Bosnia and Herzegovina,,,
Q120637963,Q120637963,festival,Q155,Brazil,,,
Q118645238,Q118645238,festival,Q155,Brazil,,,
Q133805362,2023 School Census,recurring event,Q155,Brazil,,,
Q61791944,Wikidata Lab,recurring event,Q155,Brazil,,,2017-01-01T00:00:00Z
Q16115980,Mladifest,festival,Q225,Bosnia and Herzegovina,,,1989-01-01T00:00:00Z
Q28088055,Q28088055,festival,Q155,Brazil,,,
Q118645243,Q118645243,festival,Q155,Brazil,,,
Q55632569,Sarajevo Street Art Festival,recurring event,Q225,Bosnia and Herzegovina,,,
Q114347478,glitch.art.br,recurring event,Q155,Brazil,,,
Q55075152,Pop Art Festival,recurring event,Q225,Bosnia and Herzegovina,,,
Q135114569,Q135114569,recurring event,Q155,Brazil,,,2003-01-01T00:00:00Z
Q56351523,Q56351523,party,Q155,Brazil,,,1723-01-01T00:00:00Z
Q7295277,Rastok,recurring event,Q225,Bosnia and Herzegovina,,,2003-01-01T00:00:00Z
Q112320979,Q112320979,festival,Q155,Brazil,,,
Q111738409,Festa das Neves,festival,Q155,Brazil,,,
Q125562467,Q125562467,party,Q155,Brazil,,,
Q105979888,WikiConvida,recurring event,Q155,Brazil,,,2020-11-21T00:00:00Z
Q107285736,census in Brunei,recurring event,Q921,Brunei,,,
Q51881961,Q51881961,festival,Q155,Brazil,,,
Q51881966,Q51881966,festival,Q155,Brazil,,,
Q138797787,Interform,recurring event,Q155,Brazil,,,
Q116299319,Q116299319,recurring event,Q155,Brazil,,,
Q115120006,Q115120006,recurring event,Q155,Brazil,,,
Q90052538,Campanha da Fraternidade 1973,festival occurrence,Q155,Brazil,,,
Q128108280,Noites do Terror,recurring event,Q155,Brazil,,,1988-01-01T00:00:00Z
Q134590969,Q134590969,festival,Q155,Brazil,,,
Q51882269,Q51882269,festival,Q155,Brazil,,,
Q106188930,Arab Community Day in Brazil,recurring event,Q155,Brazil,,,
Q125187454,Q125187454,recurring event,Q155,Brazil,,,
Q96622031,Wiki Loves Folklore,recurring event,Q155,Brazil,,,
Q131127073,Q131127073,recurring event,Q155,Brazil,,,
Q127415058,Q127415058,recurring event,Q155,Brazil,,,1994-01-01T00:00:00Z
Q115047549,Q115047549,recurring event,Q155,Brazil,,,
Q48878067,UFSCtock,festival,Q155,Brazil,,,
Q30929627,Q30929627,festival,Q155,Brazil,,,
Q28678267,Q28678267,festival,Q155,Brazil,,,
Q51882276,Q51882276,festival,Q155,Brazil,,,
Q136721507,Q136721507,recurring event,Q155,Brazil,,,
Q55630076,PitchWise Festival,recurring event,Q225,Bosnia and Herzegovina,,,
Q61001315,Q61001315,festival,Q155,Brazil,,,1937-01-01T00:00:00Z
Q124466550,Anime Summit,recurring event,Q155,Brazil,,,2022-01-01T00:00:00Z
Q55637261,WARM Festival,recurring event,Q225,Bosnia and Herzegovina,,,
Q125465900,Festa de São Benedito (Cuiabá),recurring event,Q155,Brazil,,,
Q63803041,Festa do Trabalhador,party,Q155,Brazil,,,
Q125562487,Q125562487,party,Q155,Brazil,,,
Q28679584,"Brazilian presidential election debates, 2014",recurring event,Q155,Brazil,,,
Q115626612,Lavagem da Esquina do Padre,party,Q155,Brazil,1988-02-06T00:00:00Z,,
Q138820727,Wikipedia 25 Party,party,Q239,Brussels,,,
Q48871820,Q48871820,festival,Q155,Brazil,,,
Q48868220,Q48868220,festival,Q155,Brazil,,,
Q125395092,WikiCon Brasil 2025,recurring event,Q155,Brazil,2025-07-19T00:00:00Z,2025-07-20T00:00:00Z,
Q105730568,Wiki Loves Monuments in Brazil,recurring event,Q155,Brazil,,,
Q110685305,"Ceremony of presentation of credential letters from Foreign Ambassadors to Jair Bolsonaro, February 2021",ceremony,Q155,Brazil,,,
Q123692553,Romaria da Penha,recurring event,Q155,Brazil,,,
Q20055690,Q20055690,festival,Q155,Brazil,,,
Q130717367,Q130717367,party,Q155,Brazil,,,
Q55614515,InterDance Fest,recurring event,Q225,Bosnia and Herzegovina,,,
Q119820704,Q119820704,festival,Q155,Brazil,,,
Q125562603,Q125562603,festival,Q155,Brazil,,,
Q55630247,Pop-Up! Sarajevo,recurring event,Q225,Bosnia and Herzegovina,,,
Q119820705,Q119820705,festival,Q155,Brazil,,,
Q138809030,South Summit Brazil 2025,recurring event,Q155,Brazil,2025-04-09T00:00:00Z,2025-04-11T00:00:00Z,
Q61000264,Q61000264,festival,Q155,Brazil,,,
Q108262539,Tudum Festival,recurring event,Q155,Brazil,,,2020-01-01T00:00:00Z
Q51881858,Q51881858,festival,Q155,Brazil,,,
Q136541684,Q136541684,recurring event,Q155,Brazil,,,2016-01-01T00:00:00Z
Q115048266,"Brazilian presidential election debates, 2022",recurring event,Q155,Brazil,,,
Q25420892,Q25420892,festival,Q155,Brazil,,,
Q55607852,Coffee Fest Sarajevo,recurring event,Q225,Bosnia and Herzegovina,,,
Q66315607,Desfile de Afoxés,festival,Q155,Brazil,,,
Q138690538,Q138690538,party,Q155,Brazil,,,
Q126959025,Wiki Loves Earth Brazil 2024,recurring event,Q155,Brazil,,,
Q26265418,Wiki Loves the Olympics,recurring event,Q155,Brazil,,,2016-01-01T00:00:00Z
Q119240976,Q119240976,recurring event,Q155,Brazil,,,1982-08-31T00:00:00Z
Q138808531,South Summit Brazil,recurring event,Q155,Brazil,,,
Q125559838,Q125559838,party,Q155,Brazil,,,
Q106559996,Conexão Vivo Belo Horizonte,festival,Q155,Brazil,,,
Q125200685,Q125200685,party,Q155,Brazil,,,
Q42402171,MESS: International Theater Festival,festival,Q225,Bosnia and Herzegovina,,,
Q61000339,Primavera dos Museus,recurring event,Q155,Brazil,,,
Q48893325,Q48893325,festival,Q155,Brazil,,,
Q28677197,Festival Latinidades,recurring event,Q155,Brazil,,,2008-01-01T00:00:00Z
Q112225305,Festa de São Benedito,festival,Q155,Brazil,,,
Q105985345,Green Valley,discothèque,Q155,Brazil,,,
Q125214951,Q125214951,party,Q155,Brazil,,,
Q138818254,South Summit Brazil 2022,recurring event,Q155,Brazil,2022-05-04T00:00:00Z,2022-05-06T00:00:00Z,
Q25419802,Caminhada Noturna,recurring event,Q155,Brazil,,,2005-09-01T00:00:00Z
Q124853103,Q124853103,party,Q155,Brazil,,,
Q86738652,Festival Mix Brasil de Cultura da Diversidade,festival,Q155,Brazil,,,
Q108121534,Cowboy Party of Curaçá,party,Q155,Brazil,,,
Q30540488,O.bra,festival,Q155,Brazil,,,
Q13090411,Sarajevo Fashion Week,recurring event,Q225,Bosnia and Herzegovina,,,
Q113552637,Festa Das Cerejeiras do Parque do Carmo,festival,Q155,Brazil,,,
Q55633713,Spiritus Progenitum,recurring event,Q225,Bosnia and Herzegovina,,,2013-01-01T00:00:00Z
Q65129637,Slovo Gorčina,festival,Q225,Bosnia and Herzegovina,,,1971-01-01T00:00:00Z
Q55614320,Ilidža International Children's Folklore Festival,recurring event,Q225,Bosnia and Herzegovina,,,2009-01-01T00:00:00Z
Q111050897,Q111050897,party,Q155,Brazil,,,
Q63746744,Unicamp de Portas Abertas,recurring event,Q155,Brazil,,,
Q114444726,2023 Viña del Mar International Song Festival,festival occurrence,Q298,Chile,,,
Q19059464,ConCoction,recurring event,Q37320,Cleveland,,,2014-01-01T00:00:00Z
Q6843456,Midwestcon,recurring event,Q43196,Cincinnati,,,1950-01-01T00:00:00Z
Q21002861,Q21002861,festival,Q298,Chile,,,
Q9081812,Tapati,festival,Q298,Chile,,,1975-01-01T00:00:00Z
Q105398969,Fausto,discothèque,Q298,Chile,,,
Q3744009,1961 Viña del Mar International Song Festival,festival occurrence,Q298,Chile,,,
Q11687544,2009 Viña del Mar International Song Festival,festival occurrence,Q298,Chile,,,
Q5906988,Q5906988,festival occurrence,Q298,Chile,,,
Q7687705,Taste of Polonia,festival,Q1297,Chicago,,,
Q116222290,Las Condes Festival 2023,festival occurrence,Q298,Chile,,,
Q6168894,1974 Viña del Mar International Song Festival,festival occurrence,Q298,Chile,,,
Q105024970,Q105024970,festival occurrence,Q298,Chile,,,
Q6757771,Marcon,recurring event,Q16567,Columbus,,,1966-01-01T00:00:00Z
Q19328355,Festival Dichato Vive 2015,festival occurrence,Q298,Chile,,,
Q5404784,1976 Viña del Mar International Song Festival,festival occurrence,Q298,Chile,,,
Q114964373,Chile Architecture Biennial,recurring event,Q298,Chile,,,
Q9096441,1997 Viña del Mar International Song Festival,festival occurrence,Q298,Chile,1997-02-13T00:00:00Z,,
Q124102008,Golden Panda Awards,festival,Q30002,Chengdu,,,
Q8024867,Windycon,recurring event,Q1297,Chicago,,,1973-01-01T00:00:00Z
Q6168749,1972 Viña del Mar International Song Festival,festival occurrence,Q298,Chile,,,
Q60850003,J Awards,ceremony,Q3733,Conakry,,,
Q2259748,OTI Festival 1978,festival occurrence,Q298,Chile,,,
Q1023986,COLOUR Cologne,recurring event,Q365,Cologne,,,
Q6168759,1971 Viña del Mar International Song Festival,festival occurrence,Q298,Chile,,,
Q106957967,Edimotion – Festival for the Art of Film Editing Cologne,festival,Q365,Cologne,,,2001-01-01T00:00:00Z
Q4802690,1981 Viña del Mar International Song Festival,festival occurrence,Q298,Chile,1981-02-18T00:00:00Z,1981-02-23T00:00:00Z,
Q4802683,1982 Viña del Mar International Song Festival,festival occurrence,Q298,Chile,1982-02-17T00:00:00Z,1982-02-22T00:00:00Z,
Q16142280,2015 Viña del Mar International Song Festival,festival occurrence,Q298,Chile,2015-02-22T00:00:00Z,2015-02-27T00:00:00Z,
Q5907314,Q5907314,festival occurrence,Q298,Chile,,,
Q77467069,Q77467069,festival occurrence,Q298,Chile,,,
Q20016913,1963 Viña del Mar International Song Festival,festival occurrence,Q298,Chile,,,
Q3744008,1960 Viña del Mar International Song Festival,festival occurrence,Q298,Chile,1960-02-21T00:00:00Z,1960-02-28T00:00:00Z,
Q7057560,Northalsted Market Days,festival,Q1297,Chicago,,,1982-01-01T00:00:00Z
Q6059351,Pampilla Festival,festival,Q298,Chile,,,
Q20016917,1968 Viña del Mar International Song Festival,festival occurrence,Q298,Chile,,,
Q6158534,Q6158534,festival occurrence,Q298,Chile,2012-02-03T00:00:00Z,2012-02-05T00:00:00Z,
Q6168821,2004 Viña del Mar International Song Festival,festival occurrence,Q298,Chile,2004-02-18T00:00:00Z,2004-02-23T00:00:00Z,
Q6168916,1988 Viña del Mar International Song Festival,festival occurrence,Q298,Chile,,,
Q5405954,Q5405954,festival occurrence,Q298,Chile,,,
Q51842888,2019 Viña del Mar International Song Festival,festival occurrence,Q298,Chile,2019-02-24T00:00:00Z,2019-03-01T00:00:00Z,
Q119851678,Q119851678,festival,Q657,Chad,,,2017-01-01T00:00:00Z
Q6168769,1973 Viña del Mar International Song Festival,festival occurrence,Q298,Chile,,,
Q5157900,ConCarolinas,recurring event,Q16565,Charlotte,,,2002-01-01T00:00:00Z
Q55610059,DucKon,recurring event,Q1297,Chicago,,,1992-01-01T00:00:00Z
Q24435796,Open House Chicago,festival,Q1297,Chicago,,,
Q137394546,Q137394546,festival,Q42168,Clermont-Ferrand,,,
Q6168927,1987 Viña del Mar International Song Festival,festival occurrence,Q298,Chile,,,
Q4618793,2010 Viña del Mar International Song Festival,festival occurrence,Q298,Chile,2010-02-22T00:00:00Z,2010-02-27T00:00:00Z,
Q5861662,Q5861662,party,Q298,Chile,,,
Q6168930,1986 Viña del Mar International Song Festival,festival occurrence,Q298,Chile,,,
Q5861661,Q5861661,party,Q298,Chile,,,
Q110103890,Festival REC,festival,Q298,Chile,,,2015-01-01T00:00:00Z
Q15477144,Festival Viva Dichato,festival,Q298,Chile,,,2012-01-01T00:00:00Z
Q4168006,Festival Dichato Vive 2013,festival occurrence,Q298,Chile,2013-02-02T00:00:00Z,2013-02-23T00:00:00Z,
Q15043434,2014 Viña del Mar International Song Festival,festival occurrence,Q298,Chile,,,
Q6168800,Q6168800,festival occurrence,Q298,Chile,2011-01-21T00:00:00Z,2011-01-23T00:00:00Z,
Q5858775,Santiago International Book Fair,recurring event,Q298,Chile,,,1981-01-01T00:00:00Z
Q4167984,Festival Dichato Vive 2012,festival occurrence,Q298,Chile,,,
Q28501465,2017 Viña del Mar International Song Festival,festival occurrence,Q298,Chile,,,
Q6168797,Q6168797,festival occurrence,Q298,Chile,2012-01-20T00:00:00Z,2012-01-22T00:00:00Z,
Q6168790,1970 Viña del Mar International Song Festival,festival occurrence,Q298,Chile,,,
Q6168936,1985 Viña del Mar International Song Festival,festival occurrence,Q298,Chile,,,
Q123034336,2024 Viña del Mar International Song Festival,festival occurrence,Q298,Chile,,,
Q5861340,Festival del Huaso de Olmué,recurring event,Q298,Chile,,,1970-01-01T00:00:00Z
Q6168940,1984 Viña del Mar International Song Festival,festival occurrence,Q298,Chile,,,
Q136700590,Q136700590,festival,Q1880,Concepción,,,
Q5906893,Q5906893,festival occurrence,Q298,Chile,,,
Q67131205,2020 Viña del Mar International Song Festival,festival occurrence,Q298,Chile,2020-02-23T00:00:00Z,2020-02-28T00:00:00Z,
Q14686742,NerdaCon,recurring event,Q16567,Columbus,,,2007-01-01T00:00:00Z
Q6168979,Q6168979,festival occurrence,Q298,Chile,2007-01-21T00:00:00Z,2007-01-23T00:00:00Z,
Q59593807,Q59593807,festival occurrence,Q298,Chile,2019-01-10T00:00:00Z,,
Q6168830,Q6168830,festival occurrence,Q298,Chile,2009-01-23T00:00:00Z,2009-01-25T00:00:00Z,
Q81709125,Festival de Autores de Santiago,recurring event,Q298,Chile,2018-10-01T00:00:00Z,,2018-01-01T00:00:00Z
Q6168799,2001 Viña del Mar International Song Festival,festival occurrence,Q298,Chile,,,
Q129263111,Q129263111,festival,Q365,Cologne,,,2018-01-01T00:00:00Z
Q6168796,2002 Viña del Mar International Song Festival,festival occurrence,Q298,Chile,,,
Q6168948,1992 Viña del Mar International Song Festival,festival occurrence,Q298,Chile,,,
Q20019058,1964 Viña del Mar International Song Festival,festival occurrence,Q298,Chile,,,
Q7679967,Tall Stacks,festival,Q43196,Cincinnati,,,1988-10-01T00:00:00Z
Q6168953,1991 Viña del Mar International Song Festival,festival occurrence,Q298,Chile,,,
Q5815860,Día del Patrimonio,recurring event,Q298,Chile,,,1999-01-01T00:00:00Z
Q6168958,1993 Viña del Mar International Song Festival,festival occurrence,Q298,Chile,,,
Q6168807,2008 Viña del Mar International Song Festival,festival occurrence,Q298,Chile,,,
Q6168804,2003 Viña del Mar International Song Festival,festival occurrence,Q298,Chile,,,
Q20019061,1965 Viña del Mar International Song Festival,festival occurrence,Q298,Chile,,,
Q134361417,Century of Negro Progress Exhibition,festival,Q1297,Chicago,1963-08-16T00:00:00Z,1963-09-02T00:00:00Z,
Q6168811,2000 Viña del Mar International Song Festival,festival occurrence,Q298,Chile,,,
Q139603246,Open Christchurch,festival,Q79990,Christchurch,,,
Q33111556,2018 Viña del Mar International Song Festival,festival occurrence,Q298,Chile,,2018-02-25T00:00:00Z,2018-02-20T00:00:00Z
Q20019064,1966 Viña del Mar International Song Festival,festival occurrence,Q298,Chile,,,
Q15519773,Festival Dichato Vive 2014,festival occurrence,Q298,Chile,2014-02-01T00:00:00Z,2014-02-22T00:00:00Z,
Q20019065,1967 Viña del Mar International Song Festival,festival occurrence,Q298,Chile,,,
Q6168814,2007 Viña del Mar International Song Festival,festival occurrence,Q298,Chile,,,
Q5659100,1980 Viña del Mar International Song Festival,festival occurrence,Q298,Chile,,,
Q6168819,2005 Viña del Mar International Song Festival,festival occurrence,Q298,Chile,,,
Q6168817,2006 Viña del Mar International Song Festival,festival occurrence,Q298,Chile,,,
Q5752794,Q5752794,party,Q298,Chile,,,
Q107359695,Chicago Is a Drag Festival,festival,Q1297,Chicago,,,
Q108551189,National Half Century Exposition and Lincoln Jubilee,festival,Q1297,Chicago,1915-08-22T00:00:00Z,1915-09-16T00:00:00Z,
Q136481281,FESTA,festival,Q79990,Christchurch,,,2012-01-01T00:00:00Z
Q125491365,Ch.ACO,recurring event,Q298,Chile,,,2009-01-01T00:00:00Z
Q111282776,Festival International des Textiles Extra ordinaires,festival,Q42168,Clermont-Ferrand,,,
Q61862134,Q61862134,festival occurrence,Q298,Chile,,,
Q22080139,Vijay Television Awards,recurring event,Q1352,Chennai,,,
Q3115407,Grant Park Music Festival,recurring event,Q1297,Chicago,,,1935-01-01T00:00:00Z
Q6168984,1996 Viña del Mar International Song Festival,festival occurrence,Q298,Chile,,,
Q5095554,Chicago Comic & Entertainment Expo,recurring event,Q1297,Chicago,,,2010-01-01T00:00:00Z
Q6168990,1995 Viña del Mar International Song Festival,festival occurrence,Q298,Chile,,,
Q4473910,2011 Viña del Mar International Song Festival,festival occurrence,Q298,Chile,2011-02-21T00:00:00Z,2011-02-26T00:00:00Z,
Q111687790,Q111687790,festival occurrence,Q298,Chile,,,
Q111687791,Q111687791,festival occurrence,Q298,Chile,,,
Q61862140,Q61862140,festival occurrence,Q298,Chile,,,
Q6168993,1994 Viña del Mar International Song Festival,festival occurrence,Q298,Chile,,,
Q112828398,Q112828398,recurring event,Q298,Chile,,,2005-08-23T00:00:00Z
Q5861105,Festival Primavera Fauna,festival,Q298,Chile,,,
Q5036248,Capricon,recurring event,Q1297,Chicago,,,1981-01-01T00:00:00Z
Q6168828,1999 Viña del pico International Song Festival,festival occurrence,Q298,Chile,,,
Q5576680,1990 Viña del Mar International Song Festival,festival occurrence,Q298,Chile,,,
Q6168997,1989 Viña del Mar International Song Festival,festival occurrence,Q298,Chile,,,
Q11092978,1998 Viña del Mar International Song Festival,festival occurrence,Q298,Chile,,,
Q131347051,Gerewol Festival,festival,Q657,Chad,,,
Q6124635,Q6124635,festival occurrence,Q298,Chile,,,
Q21002516,2016 Viña del Mar International Song Festival,festival occurrence,Q298,Chile,,,
Q9096417,1978 Viña del Mar International Song Festival,festival occurrence,Q298,Chile,,,
Q108764273,Wiki Loves Monuments in Chile,recurring event,Q298,Chile,,,
Q115942710,Prix Hadiatou Sow du journalisme,ceremony,Q3733,Conakry,,,
Q6168805,Q6168805,festival occurrence,Q298,Chile,2013-01-18T00:00:00Z,2013-01-20T00:00:00Z,
Q5861070,Q5861070,festival,Q298,Chile,,,2004-01-01T00:00:00Z
Q106632483,Conakry capital mondial du livre,recurring event,Q3733,Conakry,2017-04-23T00:00:00Z,2018-04-22T00:00:00Z,
Q20019074,1969 Viña del Mar International Song Festival,festival occurrence,Q298,Chile,,1969-01-28T00:00:00Z,
Q6169012,1979 Viña del Mar International Song Festival,festival occurrence,Q298,Chile,,,
Q6374325,2013 Viña del Mar International Song Festival,festival occurrence,Q298,Chile,,,
Q6168865,1977 Viña del Mar International Song Festival,festival occurrence,Q298,Chile,,,
Q4199911,Ilmensky festival,festival,Q906,Chelyabinsk,,,1973-01-01T00:00:00Z
Q7144161,Patagonian International Marathon,recurring event,Q298,Chile,,,2012-09-01T00:00:00Z
Q81610,Mr Gay World,recurring event,Q298,Chile,,,2009-01-01T00:00:00Z
Q1408632,Q1408632,festival,Q298,Chile,,,
Q6356511,1983 Viña del Mar International Song Festival,festival occurrence,Q298,Chile,,,
Q20016878,1962 Viña del Mar International Song Festival,festival occurrence,Q298,Chile,,,
Q4473919,2012 Viña del Mar International Song Festival,festival occurrence,Q298,Chile,,,
Q15732439,Q15732439,festival occurrence,Q298,Chile,,,
Q45764954,Q45764954,festival occurrence,Q298,Chile,2018-01-25T00:00:00Z,2018-01-28T00:00:00Z,
Q116767376,Q116767376,festival occurrence,Q298,Chile,,,
Q61862179,Q61862179,festival occurrence,Q298,Chile,,,
Q61862176,Q61862176,festival occurrence,Q298,Chile,,,
Q6168882,1975 Viña del Mar International Song Festival,festival occurrence,Q298,Chile,,,
Q5270148,fiesta de la tirana,festival,Q298,Chile,,,
Q54912534,Festival Internacional De Teatro Santiago A Mil,festival,Q298,Chile,,,
Q139823010,Kodomma,festival,Q657,Chad,,,
Q66742241,Q66742241,festival,Q739,Colombia,,,
Q6081347,Q6081347,festival,Q739,Colombia,,,
Q126184062,La Furia del Libro,recurring event,Q298,Chile,,,2009-01-01T00:00:00Z
Q130303949,Q130303949,festival,Q298,Chile,,,2017-08-02T00:00:00Z
Q108326238,Wiki Loves Monuments in Colombia,recurring event,Q739,Colombia,,,
Q60852555,Q60852555,festival occurrence,Q739,Colombia,,,
Q16976237,Louder Than a Bomb,festival,Q1297,Chicago,2001-01-01T00:00:00Z,,
Q5861656,Q5861656,recurring event,Q739,Colombia,,,
Q123278123,Q123278123,festival,Q739,Colombia,2009-01-01T00:00:00Z,,
Q135317660,Encuentro Colombiano de Combinatoria (ECCO),recurring event,Q739,Colombia,,,
Q16567572,World Day of Laziness,festival,Q739,Colombia,,,1984-01-01T00:00:00Z
Q130449694,VI Bienal Latinoamericana de Arquitectura de Paisaje,festival,Q739,Colombia,2024-10-16T00:00:00Z,2024-10-17T00:00:00Z,
Q5731234,Q5731234,festival,Q739,Colombia,,,
Q6110302,Q6110302,festival occurrence,Q739,Colombia,,,
Q96622031,Wiki Loves Folklore,recurring event,Q657,Chad,,,
Q6110300,Q6110300,festival occurrence,Q739,Colombia,,,
Q137205027,Q137205027,recurring event,Q739,Colombia,,,
Q5421470,ExpoAsoinducals,recurring event,Q739,Colombia,2008-01-01T00:00:00Z,,2008-01-01T00:00:00Z
Q132181807,Q132181807,festival,Q298,Chile,,,
Q132742286,Q132742286,festival,Q657,Chad,,,2012-02-01T00:00:00Z
Q136700590,Q136700590,festival,Q298,Chile,,,
Q16567563,Q16567563,festival,Q739,Colombia,,,
Q137033966,Vallenato Legend Festival 1968,festival occurrence,Q739,Colombia,1968-04-27T00:00:00Z,1968-04-30T00:00:00Z,
Q6050049,Boyacá International Cultural Festival,festival,Q739,Colombia,,,1973-01-01T00:00:00Z
Q580654,Festival of the Flowers,festival,Q739,Colombia,,,1963-01-01T00:00:00Z
Q6135496,Summerland,festival,Q739,Colombia,,,
Q126957591,2025 Viña del Mar International Song Festival,festival occurrence,Q298,Chile,,,
Q133453344,Q133453344,recurring event,Q739,Colombia,,,
Q27961509,Q27961509,festival,Q739,Colombia,,,
Q3694370,Corraleja,recurring event,Q739,Colombia,,,
Q133284716,2026 Viña del Mar International Song Festival,festival occurrence,Q298,Chile,,,
Q131227847,Handwoven Festival,festival,Q739,Colombia,,,2018-01-01T00:00:00Z
Q26776959,Q26776959,festival,Q739,Colombia,,,
Q24075477,Festival Estéreo Picnic,festival,Q739,Colombia,,,2010-01-01T00:00:00Z
Q131275633,Popular al Parque,festival,Q739,Colombia,,,2024-01-01T00:00:00Z
Q5861361,Q5861361,festival,Q739,Colombia,,,
Q136648659,Q136648659,festival,Q298,Chile,,,2007-01-01T00:00:00Z
Q6051033,International Image Festival,recurring event,Q739,Colombia,,,
Q133214987,Q133214987,recurring event,Q739,Colombia,,,
Q7318795,Revolutionary Independent Labour Movement,party,Q739,Colombia,,,1971-01-01T00:00:00Z
Q1133236,FLISOL,recurring event,Q739,Colombia,,,
Q139393079,Q139393079,festival,Q298,Chile,,,
Q133009528,Q133009528,recurring event,Q739,Colombia,,,1994-01-01T00:00:00Z
Q25929643,Q25929643,festival occurrence,Q739,Colombia,,,
Q5861748,Q5861748,party,Q739,Colombia,,,
Q5445813,Festival of the Laurels,festival,Q739,Colombia,,,
Q5861134,Festival de Ancón,festival,Q739,Colombia,,,
Q137204964,Q137204964,festival,Q739,Colombia,2025-10-10T00:00:00Z,2025-10-13T00:00:00Z,
Q5861259,Q5861259,festival,Q739,Colombia,,,
Q25410612,Q25410612,festival,Q739,Colombia,,,
Q5445820,Festival y Reinado Nacional del Carbón,festival,Q739,Colombia,,,
Q5180480,Cradle of Accordions Festival,festival,Q739,Colombia,,,
Q6085061,Q6085061,festival,Q739,Colombia,1986-01-01T00:00:00Z,,1987-01-01T00:00:00Z
Q138529635,Q138529635,party,Q657,Chad,,,
Q2613047,Eurovision Young Musicians 1986,festival occurrence,Q35,Denmark,,1986-05-27T00:00:00Z,
Q124539982,Copenhagen Light Festival,festival,Q35,Denmark,,,2018-01-01T00:00:00Z
Q130427646,Q130427646,recurring event,Q35,Denmark,,,
Q61677252,Nadsat,discothèque,Q35,Denmark,,,
Q7857911,Twicon,recurring event,Q16557,Dallas,,,2009-01-01T00:00:00Z
Q12333811,Roskilde Festival 2003,festival occurrence,Q35,Denmark,2003-06-26T00:00:00Z,2003-07-03T00:00:00Z,
Q66588073,LiteratureXchange,recurring event,Q35,Denmark,,,2018-01-01T00:00:00Z
Q110217976,Enter Art Fair,recurring event,Q35,Denmark,,,
Q108816208,Roskilde Festival 2016,festival occurrence,Q35,Denmark,2016-06-25T00:00:00Z,2016-07-03T00:00:00Z,
Q7369009,Roskilde Festival 2009,festival occurrence,Q35,Denmark,2009-07-02T00:00:00Z,2009-07-05T00:00:00Z,
Q108816702,Roskilde Festival 1994,festival occurrence,Q35,Denmark,1994-06-30T00:00:00Z,1994-07-03T00:00:00Z,
Q10459001,Copenhagen Irish Festival,festival,Q1748,Copenhagen,,,1978-01-01T00:00:00Z
Q258417,Aarhus Festuge,festival,Q35,Denmark,,,1965-01-01T00:00:00Z
Q10459001,Copenhagen Irish Festival,festival,Q35,Denmark,,,1978-01-01T00:00:00Z
Q21065149,Dansk Melodi Grand Prix 2016,festival occurrence,Q35,Denmark,,2016-02-13T00:00:00Z,
Q25038242,Moesgård Viking Moot,recurring event,Q35,Denmark,,,
Q21762313,Danmarks Hurtigste Bil,festival,Q35,Denmark,,,1998-01-01T00:00:00Z
Q12322858,Krimimessen,recurring event,Q35,Denmark,,,2001-01-01T00:00:00Z
Q12333805,Roskilde Festival 1978,festival occurrence,Q35,Denmark,1978-06-30T00:00:00Z,1978-07-02T00:00:00Z,
Q111442284,Myths and Legends,recurring event,Q16554,Denver,,,2013-01-01T00:00:00Z
Q57408666,Dansk Melodi Grand Prix 2019,festival occurrence,Q35,Denmark,,,
Q12333808,Roskilde Festival 2000,festival occurrence,Q35,Denmark,2000-06-29T00:00:00Z,2000-07-02T00:00:00Z,
Q108902449,Q108902449,festival,Q35,Denmark,,,
Q109554261,Roskilde Festival 2022,festival occurrence,Q35,Denmark,2022-06-25T00:00:00Z,2022-07-02T00:00:00Z,
Q12333807,Roskilde Festival 1980,festival occurrence,Q35,Denmark,1980-06-27T00:00:00Z,1980-06-29T00:00:00Z,
Q12042230,Q12042230,recurring event,Q213,Czech Republic,,,
Q16324383,Roskilde Festival 1982,festival occurrence,Q35,Denmark,1982-07-02T00:00:00Z,1982-07-04T00:00:00Z,
Q12333810,Roskilde Festival 2002,festival occurrence,Q35,Denmark,2002-06-23T00:00:00Z,2002-06-30T00:00:00Z,
Q7369007,Roskilde Festival 2008,festival occurrence,Q35,Denmark,2008-06-29T00:00:00Z,2008-07-06T00:00:00Z,
Q6485867,Langelandsfestival,festival,Q35,Denmark,,,1991-01-01T00:00:00Z
Q112613033,Anaconism,recurring event,Q16554,Denver,,,1996-01-01T00:00:00Z
Q16324011,Q16324011,festival occurrence,Q35,Denmark,,,
Q16324012,Q16324012,festival occurrence,Q35,Denmark,,,
Q16324013,Q16324013,festival occurrence,Q35,Denmark,,,
Q135116222,Roskilde Festival 2025,festival occurrence,Q35,Denmark,2025-06-28T00:00:00Z,2025-07-05T00:00:00Z,
Q12333804,Roskilde Festival 1977,festival occurrence,Q35,Denmark,1977-07-01T00:00:00Z,1977-07-03T00:00:00Z,
Q16324017,Q16324017,festival occurrence,Q35,Denmark,,,
Q17482227,Dansk Melodi Grand Prix 2015,festival occurrence,Q35,Denmark,,2015-02-07T00:00:00Z,
Q50471315,Roskilde Festival 2018,festival occurrence,Q35,Denmark,2018-06-30T00:00:00Z,2018-07-07T00:00:00Z,
Q1069508,World Festival of Black Arts,festival,Q3718,Dakar,,,1966-01-01T00:00:00Z
Q108816621,Roskilde Festival 1986,festival occurrence,Q35,Denmark,1986-07-04T00:00:00Z,1986-07-06T00:00:00Z,
Q7369005,Roskilde Festival 2006,festival occurrence,Q35,Denmark,2006-06-25T00:00:00Z,2006-07-02T00:00:00Z,
Q12333806,Roskilde Festival 1979,festival occurrence,Q35,Denmark,1979-06-29T00:00:00Z,1979-07-01T00:00:00Z,
Q80949,April Fools' Day,recurring event,Q35,Denmark,1564-01-01T00:00:00Z,,
Q131468037,Mobile Summer Workshop,recurring event,Q35,Denmark,,,1981-01-01T00:00:00Z
Q12306687,Copenhagen Pride,festival,Q1748,Copenhagen,,,1996-01-01T00:00:00Z
Q12306687,Copenhagen Pride,festival,Q35,Denmark,,,1996-01-01T00:00:00Z
Q12333803,Roskilde Festival 1975,festival occurrence,Q35,Denmark,1975-06-27T00:00:00Z,1975-06-29T00:00:00Z,
Q108816617,Roskilde Festival 1983,festival occurrence,Q35,Denmark,1983-07-01T00:00:00Z,1983-07-03T00:00:00Z,
Q16324382,Roskilde Festival 1981,festival occurrence,Q35,Denmark,1981-07-26T00:00:00Z,1981-07-28T00:00:00Z,
Q137910728,Q137910728,recurring event,Q2973,Darmstadt,,,
Q108816623,Roskilde Festival 1988,festival occurrence,Q35,Denmark,1988-06-30T00:00:00Z,1988-07-03T00:00:00Z,
Q5219679,Danish Air Show,recurring event,Q35,Denmark,,,
Q12333802,Roskilde Festival 1976,festival occurrence,Q35,Denmark,1976-07-02T00:00:00Z,1976-07-04T00:00:00Z,
Q28928997,CIFF,recurring event,Q35,Denmark,,,
Q5157911,ConFusion,recurring event,Q12439,Detroit,,,1974-01-01T00:00:00Z
Q18618544,Dallas Allied Arts Exhibition,recurring event,Q16557,Dallas,1928-01-01T00:00:00Z,,1928-01-01T00:00:00Z
Q7881914,UnCommonCon,recurring event,Q16557,Dallas,,,2000-01-01T00:00:00Z
Q109472952,Wiki Loves Monuments in Denmark,recurring event,Q35,Denmark,,,
Q25110850,Copenhagen Architecture Festival x FILM,festival,Q35,Denmark,,,
Q12342732,Roskilde Festival 2007,festival occurrence,Q35,Denmark,2007-07-01T00:00:00Z,2007-07-08T00:00:00Z,
Q12333800,Roskilde Festival 1972,festival occurrence,Q35,Denmark,1972-06-30T00:00:00Z,1972-07-02T00:00:00Z,
Q12311192,Femølejren,festival,Q35,Denmark,,,1971-01-01T00:00:00Z
Q12322815,Q12322815,discothèque,Q35,Denmark,,,1984-01-01T00:00:00Z
Q108816620,Roskilde Festival 1985,festival occurrence,Q35,Denmark,1985-06-28T00:00:00Z,1985-06-30T00:00:00Z,
Q135116233,Roskilde Festival 2023,festival occurrence,Q35,Denmark,2023-06-24T00:00:00Z,2023-07-01T00:00:00Z,
Q136029813,Q136029813,festival,Q3718,Dakar,,,2009-01-01T00:00:00Z
Q19655257,Q19655257,festival occurrence,Q35,Denmark,,,
Q135987242,Festivélo,festival,Q35,Denmark,2022-07-01T00:00:00Z,2022-07-02T00:00:00Z,
Q139901480,LeakyCon,recurring event,Q16554,Denver,,,2009-05-21T00:00:00Z
Q108816420,Roskilde Festival 1999,festival occurrence,Q35,Denmark,1999-07-01T00:00:00Z,1999-07-04T00:00:00Z,
Q81610,Mr Gay World,recurring event,Q213,Czech Republic,,,2009-01-01T00:00:00Z
Q12338339,Q12338339,festival,Q35,Denmark,,,
Q12333812,Roskilde Festival 2004,festival occurrence,Q35,Denmark,2004-06-27T00:00:00Z,2004-07-04T00:00:00Z,
Q97462547,Dansk Melodi Grand Prix 2017,festival occurrence,Q35,Denmark,,,
Q108816622,Roskilde Festival 1987,festival occurrence,Q35,Denmark,1987-07-03T00:00:00Z,1987-07-05T00:00:00Z,
Q29152581,Dansk Melodi Grand Prix 2018,festival occurrence,Q35,Denmark,,,
Q2947200,BogForum,recurring event,Q35,Denmark,,,1992-01-01T00:00:00Z
Q17341772,Græsted Veterantræf,festival,Q35,Denmark,,,
Q7369010,Roskilde Festival 2011,festival occurrence,Q35,Denmark,2011-07-01T00:00:00Z,2011-07-03T00:00:00Z,
Q4727824,All-Con,recurring event,Q16557,Dallas,,,2005-01-01T00:00:00Z
Q108816699,Roskilde Festival 1991,festival occurrence,Q35,Denmark,1991-06-27T00:00:00Z,1991-06-30T00:00:00Z,
Q5266038,Detroit Triple Fan Fair,recurring event,Q12439,Detroit,,,1965-01-01T00:00:00Z
Q123740361,Q123740361,festival,Q35,Denmark,,,2012-01-01T00:00:00Z
Q3430342,Roskilde Festival 2010,festival occurrence,Q35,Denmark,2010-07-01T00:00:00Z,2010-07-04T00:00:00Z,
Q12333798,Roskilde Festival 1971,festival occurrence,Q35,Denmark,1971-06-28T00:00:00Z,1971-06-29T00:00:00Z,
Q5255323,DemiCon,recurring event,Q39709,Des Moines,,,1990-01-01T00:00:00Z
Q820688,Q820688,festival,Q35,Denmark,,,2006-01-01T00:00:00Z
Q16324385,Roskilde Festival 2014,festival occurrence,Q35,Denmark,2014-06-29T00:00:00Z,2014-07-06T00:00:00Z,
Q66794652,Q66794652,discothèque,Q35,Denmark,,,1976-01-01T00:00:00Z
Q12314109,Golden Days,festival,Q1748,Copenhagen,,,
Q12314109,Golden Days,festival,Q35,Denmark,,,
Q108816202,Roskilde Festival 2015,festival occurrence,Q35,Denmark,2015-06-27T00:00:00Z,2015-07-04T00:00:00Z,
Q64569200,Krigshistorisk Festival,festival,Q35,Denmark,,,2017-06-17T00:00:00Z
Q138464365,Q138464365,recurring event,Q35,Denmark,2026-01-01T00:00:00Z,,
Q12303802,Blender,discothèque,Q35,Denmark,,,
Q56063696,Copenhagen Democracy Summit,recurring event,Q1748,Copenhagen,,,2018-01-01T00:00:00Z
Q112237231,Golden Jubilee of Margrethe II,recurring event,Q35,Denmark,,,
Q11998701,Rust,discothèque,Q35,Denmark,,,
Q17081230,MileHiCon,recurring event,Q16554,Denver,,,1969-01-01T00:00:00Z
Q12306990,Daddy's Dance Hall,discothèque,Q35,Denmark,,,
Q108816698,Roskilde Festival 1990,festival occurrence,Q35,Denmark,1990-06-28T00:00:00Z,1990-07-01T00:00:00Z,
Q17509342,Aarhus International Jazz Festival,recurring event,Q35,Denmark,,,1988-01-01T00:00:00Z
Q16324384,Roskilde Festival 2013,festival occurrence,Q35,Denmark,2013-07-04T00:00:00Z,2013-07-07T00:00:00Z,
Q135116239,Roskilde Festival 2024,festival occurrence,Q35,Denmark,2024-06-29T00:00:00Z,2024-07-06T00:00:00Z,
Q12333801,Roskilde Festival 1974,festival occurrence,Q35,Denmark,1974-06-28T00:00:00Z,1974-06-30T00:00:00Z,
Q5434248,Fantasticon,recurring event,Q1748,Copenhagen,,,2004-01-01T00:00:00Z
Q5434248,Fantasticon,recurring event,Q35,Denmark,,,2004-01-01T00:00:00Z
Q16991678,Denver Comic Con,recurring event,Q16554,Denver,,,2012-01-01T00:00:00Z
Q64994907,Naturmødet,recurring event,Q35,Denmark,,,2016-05-01T00:00:00Z
Q28167921,Historiske Dage,festival,Q35,Denmark,,,
Q3435973,Rebild Festival,festival,Q35,Denmark,,,
Q3962454,Skanderborg Festival,festival,Q35,Denmark,,,1980-01-01T00:00:00Z
Q130712684,Fabula,recurring event,Q35,Denmark,,,
Q108816476,Roskilde Festival 1998,festival occurrence,Q35,Denmark,1998-06-25T00:00:00Z,1998-06-28T00:00:00Z,
Q139557390,Q139557390,festival,Q35,Denmark,,,2008-01-01T00:00:00Z
Q108816493,Roskilde Festival 1996,festival occurrence,Q35,Denmark,1996-06-27T00:00:00Z,1996-06-30T00:00:00Z,
Q1118605,ProtiProudu,festival,Q213,Czech Republic,,,
Q12333632,RoboDays,festival,Q35,Denmark,,,2006-01-01T00:00:00Z
Q7928850,Vig Festival,festival,Q35,Denmark,,,
Q3425467,J-day,recurring event,Q35,Denmark,,,
Q112617138,AutoClave,recurring event,Q12439,Detroit,,,1976-01-01T00:00:00Z
Q85797933,Roskilde Festival 2019,festival occurrence,Q35,Denmark,2019-06-29T00:00:00Z,2019-07-06T00:00:00Z,
Q545584,Ignis Brunensis,festival,Q213,Czech Republic,,,1998-01-01T00:00:00Z
Q108816624,Roskilde Festival 1989,festival occurrence,Q35,Denmark,1989-06-30T00:00:00Z,1989-07-02T00:00:00Z,
Q12333799,Roskilde Festival 1973,festival occurrence,Q35,Denmark,1973-06-29T00:00:00Z,1973-07-01T00:00:00Z,
Q108816701,Roskilde Festival 1993,festival occurrence,Q35,Denmark,1993-07-01T00:00:00Z,1993-07-04T00:00:00Z,
Q16989031,Dallas Fantasy Fair,recurring event,Q16557,Dallas,,,1982-01-01T00:00:00Z
Q5211295,Dallas Comic Con,recurring event,Q16557,Dallas,,,2002-01-01T00:00:00Z
Q6918116,Motor City Comic Con,recurring event,Q12439,Detroit,,,1989-01-01T00:00:00Z
Q7707679,Texas Fear Fest,recurring event,Q16557,Dallas,,,2007-01-01T00:00:00Z
Q12332844,Q12332844,festival,Q35,Denmark,,,
Q108816178,Roskilde Festival 2012,festival occurrence,Q35,Denmark,2012-06-30T00:00:00Z,2012-07-08T00:00:00Z,
Q108816492,Roskilde Festival 1995,festival occurrence,Q35,Denmark,1995-06-29T00:00:00Z,1995-07-02T00:00:00Z,
Q43250861,Q43250861,festival,Q35,Denmark,,,2009-01-01T00:00:00Z
Q662829,Eurocon,recurring event,Q35,Denmark,,,1972-01-01T00:00:00Z
Q662829,Eurocon,recurring event,Q213,Czech Republic,,,1972-01-01T00:00:00Z
Q12301784,Q12301784,discothèque,Q35,Denmark,,,
Q31193509,Royal Run,recurring event,Q35,Denmark,,,2018-05-21T00:00:00Z
Q12333809,Roskilde Festival 2001,festival occurrence,Q35,Denmark,2001-06-24T00:00:00Z,2001-07-01T00:00:00Z,
Q7602460,Start! Festival,festival,Q35,Denmark,,,2003-01-01T00:00:00Z
Q1997010,1st World Festival of Youth and Students,festival occurrence,Q213,Czech Republic,,,
Q135116680,Roskilde Festival 2026,festival occurrence,Q35,Denmark,,,
Q11983109,Danish National Exhibition of 1909,festival occurrence,Q35,Denmark,,,
Q108816619,Roskilde Festival 1984,festival occurrence,Q35,Denmark,1984-06-29T00:00:00Z,1984-07-01T00:00:00Z,
Q6484244,Land og Folk Festival,festival,Q35,Denmark,,,
Q108816494,Roskilde Festival 1997,festival occurrence,Q35,Denmark,1997-06-26T00:00:00Z,1997-06-29T00:00:00Z,
Q108816700,Roskilde Festival 1992,festival occurrence,Q35,Denmark,1992-06-25T00:00:00Z,1992-06-25T00:00:00Z,
Q124539982,Copenhagen Light Festival,festival,Q1748,Copenhagen,,,2018-01-01T00:00:00Z
Q106676266,Waiting for the tram in Beroun,recurring event,Q213,Czech Republic,,,2011-01-01T00:00:00Z
Q121682802,Slavex Pride,festival,Q213,Czech Republic,,,
Q58820468,Choppers Lounge bar & After club,discothèque,Q213,Czech Republic,,,
Q57630736,Q57630736,festival,Q213,Czech Republic,,,
Q123604829,KoprCon,recurring event,Q213,Czech Republic,,,
Q12644207,Urban Fest Osijek,recurring event,Q224,Croatia,,,2004-01-01T00:00:00Z
Q18915782,Q18915782,festival,Q213,Czech Republic,,,
Q3617564,Animefest,festival,Q213,Czech Republic,2004-01-01T00:00:00Z,,2004-01-01T00:00:00Z
Q12020678,Q12020678,festival,Q213,Czech Republic,,,
Q129522979,Q129522979,recurring event,Q213,Czech Republic,,,2006-01-01T00:00:00Z
Q104891169,Hořovická Heligónka,festival,Q213,Czech Republic,,,
Q25936936,Q25936936,festival,Q213,Czech Republic,,,1946-01-01T00:00:00Z
Q112622457,Hasičské slavnosti Litoměřice,party,Q213,Czech Republic,,,
Q111188357,Q111188357,party,Q213,Czech Republic,,,
Q121682863,Q121682863,festival,Q213,Czech Republic,,,
Q131472248,Ullmann's celebrations,festival,Q213,Czech Republic,,,2018-01-01T00:00:00Z
Q138381580,Battle of Kulm reenactment,recurring event,Q213,Czech Republic,,,
Q12016672,Flaming Nights,festival,Q213,Czech Republic,,,2012-01-01T00:00:00Z
Q21704607,Q21704607,recurring event,Q213,Czech Republic,,,
Q106612670,Sametové posvícení,festival,Q213,Czech Republic,,,2012-01-01T00:00:00Z
Q5876332,Hody,recurring event,Q213,Czech Republic,,,
Q12058473,Teknival Hostomice 1994,festival occurrence,Q213,Czech Republic,,,
Q10396698,Šamajim,festival,Q213,Czech Republic,2004-01-01T00:00:00Z,2023-01-01T00:00:00Z,
Q12221393,Třebíčské Bramborobraní,festival,Q213,Czech Republic,,,
Q12630976,New Circus Festival,festival,Q224,Croatia,,,2005-01-01T00:00:00Z
Q4685615,Adriatic Boat Show,recurring event,Q224,Croatia,2008-01-01T00:00:00Z,,2008-01-01T00:00:00Z
Q5264411,Designblok,recurring event,Q213,Czech Republic,,,1999-01-01T00:00:00Z
Q12024987,Q12024987,festival,Q213,Czech Republic,,,1991-01-01T00:00:00Z
Q10114765,Q10114765,festival occurrence,Q213,Czech Republic,1968-12-20T00:00:00Z,1968-12-23T00:00:00Z,
Q13433614,Q13433614,festival occurrence,Q213,Czech Republic,1967-12-20T00:00:00Z,1967-12-23T00:00:00Z,
Q62007612,Q62007612,festival,Q213,Czech Republic,,,
Q40989256,Q40989256,festival,Q213,Czech Republic,,,
Q12630980,Q12630980,festival,Q224,Croatia,,,
Q12354195,International Puppet Theatre Festival,festival,Q224,Croatia,,,
Q22035521,Q22035521,festival,Q213,Czech Republic,,,1951-01-01T00:00:00Z
Q12060159,Q12060159,festival,Q213,Czech Republic,,,
Q113360468,Ostrava Pride,festival,Q213,Czech Republic,,,2019-08-17T00:00:00Z
Q63869683,Q63869683,festival,Q213,Czech Republic,,,
Q122370883,Q122370883,festival,Q213,Czech Republic,,,
Q18006511,Bezručova Opava,festival,Q213,Czech Republic,,,
Q20959994,Q20959994,festival,Q213,Czech Republic,,,
Q12058968,Tichý hlas pro Svatou zemi,festival,Q213,Czech Republic,,,
Q12018085,Q12018085,recurring event,Q213,Czech Republic,,,
Q134888296,Q134888296,festival,Q213,Czech Republic,2025-05-22T00:00:00Z,2025-05-25T00:00:00Z,
Q26936072,Q26936072,festival,Q213,Czech Republic,,,
Q27555477,Marketing Festival,recurring event,Q213,Czech Republic,2013-01-01T00:00:00Z,,2013-01-01T00:00:00Z
Q109567034,Smetana international piano competition,recurring event,Q213,Czech Republic,,,
Q30067611,Q30067611,festival,Q213,Czech Republic,,,
Q60161744,Oslava 100 let od vzniku Českobratrské církve evangelické,party,Q213,Czech Republic,,,
Q125554029,Q125554029,festival,Q213,Czech Republic,,,
Q8311602,Q8311602,festival,Q213,Czech Republic,,,
Q11284261,Q11284261,festival,Q213,Czech Republic,,,
Q24576305,Q24576305,recurring event,Q213,Czech Republic,,,1988-01-01T00:00:00Z
Q1278356,Porin Award,recurring event,Q224,Croatia,,,1994-01-01T00:00:00Z
Q131334835,43th Kladrubské léto music festival,festival,Q213,Czech Republic,,,
Q30242242,Hanácké Benátky,festival,Q213,Czech Republic,,,
Q118118480,Advík,festival,Q213,Czech Republic,,,2006-01-01T00:00:00Z
Q21659661,Zlatá Praha (festival),festival,Q213,Czech Republic,,,1964-01-01T00:00:00Z
Q12054779,Q12054779,festival,Q213,Czech Republic,,,
Q6786726,Mateřinka,recurring event,Q213,Czech Republic,,,1972-01-01T00:00:00Z
Q106488659,Q106488659,festival,Q213,Czech Republic,,,
Q11706376,Bytefest,festival,Q213,Czech Republic,,,2005-01-01T00:00:00Z
Q18106621,Q18106621,festival,Q213,Czech Republic,,,
Q125807006,Žonglobalizace,festival,Q213,Czech Republic,2011-01-01T00:00:00Z,,
Q61728467,Wikiconference,recurring event,Q213,Czech Republic,2009-01-01T00:00:00Z,,
Q61052469,Q61052469,festival,Q213,Czech Republic,,,
Q3513877,SFeraKon,recurring event,Q224,Croatia,,,1983-01-01T00:00:00Z
Q7237677,Prague International Jazz Festival,festival,Q213,Czech Republic,,,
Q17573685,Divadelní svět Brno,festival,Q213,Czech Republic,,,
Q11773871,CzechTek 2005,festival occurrence,Q213,Czech Republic,,,
Q12038552,Monarchist March,recurring event,Q213,Czech Republic,,,
Q12630969,Festival of Actor,festival,Q224,Croatia,,,1994-01-01T00:00:00Z
Q107782298,Q107782298,festival,Q213,Czech Republic,,,
Q20057394,Ghettofest,festival,Q213,Czech Republic,,,
Q131419079,Chodovar Beer Festival,festival,Q213,Czech Republic,,,2002-01-01T00:00:00Z
Q7632447,Subversive Film Festival,festival,Q224,Croatia,,,2008-01-01T00:00:00Z
Q131336018,Malá inventura,festival,Q213,Czech Republic,,,
Q11773873,CzechTek 2006,festival occurrence,Q213,Czech Republic,,,
Q117035823,inauguration of the president of Czech Republic,ceremony,Q213,Czech Republic,,,1993-02-02T00:00:00Z
Q123532449,Q123532449,recurring event,Q213,Czech Republic,,,2015-01-01T00:00:00Z
Q5586807,Gorolski Święto,festival,Q213,Czech Republic,,,
Q15290747,Q15290747,festival,Q213,Czech Republic,,,
Q18340216,Q18340216,festival,Q213,Czech Republic,,,
Q48831837,Chodorockfest,festival,Q213,Czech Republic,,,
Q139997946,Q139997946,festival,Q213,Czech Republic,,,2025-01-01T00:00:00Z
Q118558899,Q118558899,festival,Q213,Czech Republic,,,
Q121682677,Most Pride,festival,Q213,Czech Republic,,,2022-01-01T00:00:00Z
Q5201741,Czech Beer Festival,festival,Q213,Czech Republic,,,
Q136289011,Magiales Šarivari,festival,Q213,Czech Republic,1960-01-01T00:00:00Z,,
Q12036052,Q12036052,festival,Q213,Czech Republic,,,
Q12005602,Q12005602,festival,Q213,Czech Republic,,,
Q3510937,Festival fantazie,recurring event,Q213,Czech Republic,,,1996-01-01T00:00:00Z
Q60661536,Q60661536,festival,Q213,Czech Republic,,,
Q11023498,Q11023498,recurring event,Q224,Croatia,,,
Q93956718,Bramborobraní 2016,festival occurrence,Q213,Czech Republic,,,
Q11812679,Q11812679,festival,Q213,Czech Republic,,,
Q60594629,Q60594629,festival,Q213,Czech Republic,,,
Q55190886,Q55190886,festival,Q213,Czech Republic,,,
Q15692964,Q15692964,festival,Q213,Czech Republic,,,
Q22262482,Utubering,festival,Q213,Czech Republic,,,
Q131418901,8th Chodovar Beer Festival,party,Q213,Czech Republic,,,
Q12643646,Dance Week Festival,festival,Q224,Croatia,,,1983-01-01T00:00:00Z
Q110521696,Q110521696,festival,Q213,Czech Republic,,,
Q12041853,Obrok,recurring event,Q213,Czech Republic,,,2000-01-01T00:00:00Z
Q5698187,Hefaiston,festival,Q213,Czech Republic,,,
Q26161577,Letní Letná,festival,Q213,Czech Republic,,,
Q138660232,Q138660232,festival,Q213,Czech Republic,,,2016-01-01T00:00:00Z
Q135283987,Q135283987,festival,Q213,Czech Republic,,,
Q12036375,Q12036375,festival,Q213,Czech Republic,,,
Q60366252,Chodské slavnosti,festival,Q213,Czech Republic,,,
Q44326566,Máš umělecké střevo?,festival,Q213,Czech Republic,,,
Q105085162,Q105085162,party,Q213,Czech Republic,,,
Q139569375,Q139569375,recurring event,Q213,Czech Republic,,,1997-01-01T00:00:00Z
Q107229240,Kladenské dvorky,festival,Q213,Czech Republic,,,1983-01-01T00:00:00Z
Q12638009,Croatian Theatre Awards,recurring event,Q224,Croatia,1992-11-24T00:00:00Z,,1992-11-24T00:00:00Z
Q104840435,Kaplické divadelní léto,festival,Q213,Czech Republic,,,
Q26982039,Týden divů,festival,Q213,Czech Republic,,,1974-01-01T00:00:00Z
Q12060313,Třebíčský Zvonek,festival,Q213,Czech Republic,,,
Q131315275,Napoleon in Brno,recurring event,Q213,Czech Republic,,,
Q104635478,Kolínský Majáles,festival,Q213,Czech Republic,,,
Q12016795,Fotofestival Moravská Třebová,festival,Q213,Czech Republic,,,
Q130712886,Parcon,recurring event,Q213,Czech Republic,,,
Q10856917,Q10856917,festival,Q213,Czech Republic,,,
Q117802759,Q117802759,recurring event,Q213,Czech Republic,,,
Q12060019,Q12060019,recurring event,Q213,Czech Republic,,,
Q123734154,Battle of Austerlitz reenactment,recurring event,Q213,Czech Republic,,,
Q12038182,Czech Athletics Championships series,recurring event,Q213,Czech Republic,,,
Q7279969,Radar Festival,festival,Q224,Croatia,,,
Q14806820,Q14806820,festival,Q213,Czech Republic,,,
Q21490697,Q21490697,festival,Q213,Czech Republic,,,
Q18915593,Q18915593,festival,Q213,Czech Republic,,,
Q66817205,Soundtrack Poděbrady,festival,Q213,Czech Republic,,,2016-01-01T00:00:00Z
Q12036552,Q12036552,festival,Q213,Czech Republic,,,
Q53392482,Q53392482,festival,Q213,Czech Republic,,,
Q42993305,4 + 4 Days in Motion,festival,Q213,Czech Republic,,,
Q662829,Eurocon,recurring event,Q224,Croatia,,,1972-01-01T00:00:00Z
Q81219090,Q81219090,festival,Q213,Czech Republic,,,
Q134888271,Q134888271,festival,Q213,Czech Republic,,,
Q12046766,Prague Pride,festival,Q213,Czech Republic,,,2011-08-13T00:00:00Z
Q59221158,Den poezie (festival),festival,Q213,Czech Republic,,,
Q58379331,Q58379331,festival,Q213,Czech Republic,,,
Q24192639,Open House Prague,festival,Q213,Czech Republic,,,2015-01-01T00:00:00Z
Q113680960,Festival Animánie,festival,Q213,Czech Republic,,,2006-01-01T00:00:00Z
Q101599202,Open House Brno,festival,Q213,Czech Republic,,,2018-01-01T00:00:00Z
Q12032403,Q12032403,recurring event,Q213,Czech Republic,,,1984-01-01T00:00:00Z
Q12745604,Jurjevanje,festival,Q224,Croatia,,,
Q4990903,Q4990903,party,Q241,Cuba,,,
Q117599979,UrbanFestival 9: (in)place of border,festival occurrence,Q224,Croatia,,,
Q111943397,Critical Upgrade,festival,Q224,Croatia,2002-05-01T00:00:00Z,2002-05-08T00:00:00Z,
Q117661923,UrbanFestival 11,festival occurrence,Q224,Croatia,,,
Q130712913,Rikon,recurring event,Q224,Croatia,,,1997-01-01T00:00:00Z
Q20527082,Advent in Zagreb,festival,Q224,Croatia,,,
Q117456147,UrbanFestival 12: Between worlds,festival occurrence,Q224,Croatia,,,
Q119280239,La avispa,discothèque,Q800,Costa Rica,,,1979-01-01T00:00:00Z
Q117662400,4.5 Environmental Film Festival,festival occurrence,Q224,Croatia,,,
Q117706038,7th Environmental Film Festival,festival occurrence,Q224,Croatia,,,
Q122150399,Faller's Enigmatic Memorial,recurring event,Q224,Croatia,,,1984-06-01T00:00:00Z
Q117599399,UrbanFestival 2,festival occurrence,Q224,Croatia,,,
Q2265649,carnaval on Curaçao,recurring event,Q25279,Curaçao,,,
Q126174151,Q126174151,recurring event,Q25279,Curaçao,,,2006-01-01T00:00:00Z
Q135654882,Nicosia International Festival,festival,Q229,Cyprus,,,
Q113140891,Festival žudija,festival,Q224,Croatia,,,2001-01-01T00:00:00Z
Q112191628,Pričigin,festival,Q224,Croatia,,,2006-01-01T00:00:00Z
Q131289525,Zvjezdano ljeto,festival,Q224,Croatia,,,
Q135458449,Operation Storm anniversaries,ceremony,Q224,Croatia,,,
Q25500125,Tocatì,festival,Q224,Croatia,,,
Q12645507,Zagreb Salon,recurring event,Q224,Croatia,,,1965-01-01T00:00:00Z
Q115436356,Fubar,recurring event,Q224,Croatia,,,2015-01-01T00:00:00Z
Q117035706,"1st Freedom of Creation! Festival of Free Culture, Science and Technology",festival occurrence,Q224,Croatia,2005-01-12T00:00:00Z,2005-01-15T00:00:00Z,
Q99543586,Q99543586,festival,Q224,Croatia,,,
Q117662134,2nd Environmental Film Festival,festival occurrence,Q224,Croatia,,,
Q112274802,Otokultivator,festival,Q224,Croatia,,2003-01-01T00:00:00Z,2001-01-01T00:00:00Z
Q117661960,UrbanFestival 13: Back to the square!,festival occurrence,Q224,Croatia,,,
Q113952228,International children's festival Šibenik,festival,Q224,Croatia,,,1958-01-01T00:00:00Z
Q117599727,UrbanFestival 6: The Politics of space,festival occurrence,Q224,Croatia,,,
Q104009207,Q104009207,festival,Q224,Croatia,,,2002-01-01T00:00:00Z
Q117599579,UrbanFestival 4,festival occurrence,Q224,Croatia,,,
Q65071396,Mediterranean Book Festival,recurring event,Q224,Croatia,2017-01-01T00:00:00Z,,
Q97290439,Q97290439,festival,Q224,Croatia,,,
Q117662603,8th Environmental Film Festival,festival occurrence,Q224,Croatia,,,
Q18713042,Interliber,recurring event,Q224,Croatia,1977-01-01T00:00:00Z,,1977-01-01T00:00:00Z
Q135474555,Cyprus Figure Skating Championships,recurring event,Q229,Cyprus,,,
Q16113327,Sudamja,festival,Q224,Croatia,,,
Q117662305,4th Environmental Film Festival,festival occurrence,Q224,Croatia,,,
Q116907447,"Freedom of Creation! Festival of Free Culture, Science and Technology",festival,Q224,Croatia,,,2005-01-01T00:00:00Z
Q108809043,Fête du Livre de Kinshasa,recurring event,Q974,Democratic Republic of the Congo,,,2013-01-01T00:00:00Z
Q136472780,14th World Festival of Youth and Students,festival occurrence,Q241,Cuba,,,
Q12956992,Emberbal,party,Q224,Croatia,,,
Q115519555,Cirkobalkana,festival,Q224,Croatia,,,2013-01-01T00:00:00Z
Q117599618,UrbanFestival 5,festival occurrence,Q224,Croatia,,,
Q117599918,UrbanFestival X: (IM)POSSIBILITIES: EXTENSIONS,festival occurrence,Q224,Croatia,,,
Q117599320,UrbanFestival,festival,Q224,Croatia,,,2001-07-21T00:00:00Z
Q117035731,"2nd Freedom of Creation! Festival of Free Culture, Science and Technology",festival occurrence,Q224,Croatia,2006-02-01T00:00:00Z,2006-02-05T00:00:00Z,
Q111149927,Q111149927,recurring event,Q224,Croatia,,,
Q117706270,9th Environmental Film Festival,festival occurrence,Q224,Croatia,,,
Q31200259,Kliofest,festival,Q224,Croatia,,,2014-01-01T00:00:00Z
Q117662095,Environmental Film Festival,festival occurrence,Q224,Croatia,,,
Q117599785,UrbanFestival 7: Of Other Spaces,festival occurrence,Q224,Croatia,,,
Q139784736,Q139784736,festival occurrence,Q224,Croatia,,,
Q117599491,UrbanFestival 3,festival occurrence,Q224,Croatia,,,
Q97217140,Q97217140,festival,Q224,Croatia,,,2015-01-01T00:00:00Z
Q117662203,3rd Environmental Film Festival,festival occurrence,Q224,Croatia,,,
Q85994420,Q85994420,festival,Q224,Croatia,,,2017-01-01T00:00:00Z
Q1133236,FLISOL,recurring event,Q241,Cuba,,,
Q109512562,Vruja Festival,festival,Q224,Croatia,,,
Q81610,Mr Gay World,recurring event,Q800,Costa Rica,,,2009-01-01T00:00:00Z
Q117706311,10th Environmental Film Festival,festival occurrence,Q224,Croatia,,,
Q117662514,6th Environmental Film Festival,festival occurrence,Q224,Croatia,,,
Q115740102,Subversive Festival,festival,Q224,Croatia,,,2008-01-01T00:00:00Z
Q6111504,Romerías de Mayo,festival,Q241,Cuba,,,
Q130712784,Liburnicon,recurring event,Q224,Croatia,,,2006-01-01T00:00:00Z
Q117599823,UrbanFestival 8: How we regret...,festival occurrence,Q224,Croatia,,,
Q110264185,11th World Festival of Youth and Students,festival occurrence,Q241,Cuba,,,1978-07-28T00:00:00Z
Q136657768,Q136657768,festival,Q43070,Donetsk,,,
Q31965926,Eurovision Young Musicians 2018,festival occurrence,Q23436,Edinburgh,,,
Q3358839,Royal National Mod,festival,Q23436,Edinburgh,,,1892-01-01T00:00:00Z
Q108444810,Q108444810,recurring event,Q786,Dominican Republic,,,
Q129658162,Ambato Pride,recurring event,Q736,Ecuador,,,2015-01-01T00:00:00Z
Q829363,Edinburgh Festival,festival,Q23436,Edinburgh,,,
Q67831982,Festival FFF,festival,Q736,Ecuador,,,
Q12630967,"Festivity of Saint Blaise, the patron of Dubrovnik",festival,Q1722,Dubrovnik,,,
Q4601298,2003 Edinburgh Festival Fringe,festival occurrence,Q23436,Edinburgh,,,
Q135091715,Q135091715,festival,Q43070,Donetsk,2020-09-12T00:00:00Z,2020-09-18T00:00:00Z,
Q5447342,Fiestas de Quito,festival,Q736,Ecuador,,,
Q1024622,Q1024622,festival,Q1731,Dresden,,,
Q129656533,Santo Domingo Pride,recurring event,Q736,Ecuador,,,2011-01-01T00:00:00Z
Q133825285,"Festival of slavonian culture in Donetsk, 2013",festival,Q43070,Donetsk,2013-05-24T00:00:00Z,2013-05-25T00:00:00Z,
Q135092116,Q135092116,festival,Q43070,Donetsk,2019-09-26T00:00:00Z,2019-09-30T00:00:00Z,
Q5861729,Feast of fruit and flowers,party,Q736,Ecuador,,,
Q133804057,"Big Donbass, 2015",festival,Q43070,Donetsk,2015-08-13T00:00:00Z,2015-08-16T00:00:00Z,
Q112595903,Klangvokal Musikfestival Dortmund,festival,Q1295,Dortmund,,,2009-01-01T00:00:00Z
Q136348929,Q136348929,festival,Q43070,Donetsk,,,
Q137186035,Pakistan Jashn-e-Azadi Festival 2025,festival,Q612,Dubai,,,
Q68026902,Al Sur del Cielo,festival,Q736,Ecuador,,,1987-01-01T00:00:00Z
Q129653037,Portoviejo Pride,recurring event,Q736,Ecuador,,,2013-01-01T00:00:00Z
Q5119452,"Ciclopaseo in Quito, Ecuador",recurring event,Q736,Ecuador,,,2005-01-01T00:00:00Z
Q47964898,Feria Internacional del Libro de Guayaquil,recurring event,Q736,Ecuador,,,2015-01-01T00:00:00Z
Q68966535,"Pululahua, Rock desde el Volcán",festival,Q736,Ecuador,,,
Q16834839,Edinburgh International Magic Festival,festival,Q23436,Edinburgh,,,
Q129653470,Riobamba Pride,recurring event,Q736,Ecuador,,,2021-01-01T00:00:00Z
Q1284693,Edinburgh Marathon,festival,Q23436,Edinburgh,,,2003-01-01T00:00:00Z
Q117202248,Diablada de Píllaro,festival,Q736,Ecuador,,,
Q21006870,Edinburgh Comic Con,festival,Q23436,Edinburgh,2014-01-01T00:00:00Z,,2014-01-01T00:00:00Z
Q129652966,Manta Pride,recurring event,Q736,Ecuador,,,2006-01-01T00:00:00Z
Q4453550,Q4453550,festival,Q43070,Donetsk,,,
Q5338146,Edinburgh Art Festival,festival,Q23436,Edinburgh,,,2004-01-01T00:00:00Z
Q65237899,Edinburgh International Harp Festival,recurring event,Q23436,Edinburgh,,,1982-01-01T00:00:00Z
Q133001707,Q133001707,festival,Q43070,Donetsk,,,
Q136673972,Q136673972,festival,Q43070,Donetsk,2025-10-22T00:00:00Z,2025-10-24T00:00:00Z,
Q129654049,Machala Pride,recurring event,Q736,Ecuador,,,2008-01-01T00:00:00Z
Q136140299,Q136140299,festival,Q43070,Donetsk,,,
Q4598638,2001 Edinburgh Festival Fringe,festival occurrence,Q23436,Edinburgh,,,
Q105703284,Jatiya Pitha Utsab,festival,Q1354,Dhaka,,,
Q85759420,Entry of James VI into Edinburgh,ceremony,Q23436,Edinburgh,,,
Q136376725,"Stars over Donbass, 2025",festival,Q43070,Donetsk,,,
Q106946693,dresden small format film festival,festival,Q1731,Dresden,,,1997-01-01T00:00:00Z
Q1133236,FLISOL,recurring event,Q736,Ecuador,,,
Q12246031,Q12246031,festival,Q612,Dubai,,,2003-10-14T00:00:00Z
Q120263404,18th World Festival of Youth and Students,festival occurrence,Q736,Ecuador,2013-12-07T00:00:00Z,2013-12-14T00:00:00Z,
Q7077014,Octocon,recurring event,Q1761,Dublin,,,1990-01-01T00:00:00Z
Q4288599,Smithcraft festival in Donetsk,festival,Q43070,Donetsk,,,
Q17069789,Fiesta de Toros del Señor de Girón,festival,Q736,Ecuador,,,
Q129653889,Loja Pride,recurring event,Q736,Ecuador,,,2010-01-01T00:00:00Z
Q5613183,Guadalajara Gay Pride,recurring event,Q9022,Guadalajara,,,1979-06-01T00:00:00Z
Q43062532,Internationales Sommerfestival,festival,Q1055,Hamburg,,,
Q4852692,Baltic Circle Festival,festival,Q1757,Helsinki,,,
Q60850003,J Awards,ceremony,Q1006,Guinea,,,
Q64607727,Pointti festival,festival,Q1757,Helsinki,,,
Q6435563,Q6435563,festival,Q9022,Guadalajara,,,
Q56317877,"Corona Capital, Guadalajara",festival,Q9022,Guadalajara,2010-10-16T00:00:00Z,,
Q114568329,Q114568329,festival,Q1006,Guinea,,,2015-01-01T00:00:00Z
Q10244,Diwali,festival,Q734,Guyana,,,
Q125358639,Rabin Ajaw,festival,Q774,Guatemala,,,
Q110264185,11th World Festival of Youth and Students,festival occurrence,Q1563,Havana,,,1978-07-28T00:00:00Z
Q131730721,Q131730721,party,Q1715,Hanover,,,
Q65254802,ESTO 2019,festival,Q1757,Helsinki,,,
Q96622031,Wiki Loves Folklore,recurring event,Q790,Haiti,,,
Q133806737,Q133806737,party,Q790,Haiti,,,1986-04-03T00:00:00Z
Q12015639,ABU TV Song Festival 2013,festival occurrence,Q1858,Hanoi,,2013-10-26T00:00:00Z,
Q106632483,Conakry capital mondial du livre,recurring event,Q1006,Guinea,2017-04-23T00:00:00Z,2018-04-22T00:00:00Z,
Q17035928,Triennial of Photography,festival,Q1055,Hamburg,,,1999-01-01T00:00:00Z
Q7932770,Vinokino,recurring event,Q1757,Helsinki,,,1991-01-01T00:00:00Z
Q11856211,DocPoint,recurring event,Q1757,Helsinki,,,2002-01-01T00:00:00Z
Q4824816,Australian Wooden Boat Festival,festival,Q40191,Hobart,,,1994-01-01T00:00:00Z
Q15819138,Hammoniale,festival,Q1055,Hamburg,,,1986-01-01T00:00:00Z
Q6146825,Q6146825,festival,Q774,Guatemala,,,
Q136472780,14th World Festival of Youth and Students,festival occurrence,Q1563,Havana,,,
Q137393968,Visit by Israel's Chief Rabbi Kalman Ber to the Chabad Lubavitch Jewish Centre of Lower Saxony at Haus Benjamin in Hanover,party,Q1715,Hanover,,,
Q2613628,Flow Festival,recurring event,Q1757,Helsinki,,,2004-01-01T00:00:00Z
Q98433660,Helsinki Fest,festival,Q1757,Helsinki,2020-08-21T00:00:00Z,2020-08-23T00:00:00Z,
Q131851351,Carnival of Guinea-Bissau,festival,Q1007,Guinea-Bissau,,,
Q125867585,International Children's and Youth Choir Festival Hannover 08th - 12th May 2024,festival,Q1715,Hanover,,,2024-01-01T00:00:00Z
Q134510087,Q134510087,party,Q1715,Hanover,,,
Q130470818,Pandora's Box,discothèque,Q774,Guatemala,,,
Q5861255,Sumpango Festival,festival,Q774,Guatemala,,,
Q117303519,Q117303519,ceremony,Q1006,Guinea,2019-01-01T00:00:00Z,,
Q21042070,Hamburg Magic Nights,festival,Q1055,Hamburg,,,2011-01-01T00:00:00Z
Q1133236,FLISOL,recurring event,Q774,Guatemala,,,
Q115942710,Prix Hadiatou Sow du journalisme,ceremony,Q1006,Guinea,,,
Q65152687,Katala 224,ceremony,Q1006,Guinea,,,
Q11862160,8th World Festival of Youth and Students,festival occurrence,Q1757,Helsinki,,,
Q15210367,The Dinner under the Helsinki sky,recurring event,Q1757,Helsinki,,,2013-01-01T00:00:00Z
Q125637783,Klangbrücken,festival,Q1715,Hanover,,,
Q24955623,WeChoice Awards,recurring event,Q1854,Ho Chi Minh City,,,
Q114558589,BootBooHook Festival,festival,Q1715,Hanover,,,2008-08-22T00:00:00Z
Q111677584,Kipona,festival,Q25280,Harrisburg,,,
Q113553776,Harbin International Beer Festival,recurring event,Q42956,Harbin,,,1988-01-01T00:00:00Z
Q99979486,Q99979486,festival,Q790,Haiti,,,
Q5962869,Q5962869,party,Q774,Guatemala,,,
Q3765292,Bihu,festival,Q668,India,,,
Q7370637,Rottela Panduga,festival,Q668,India,,,
Q15215963,Q15215963,festival,Q794,Iran,,,
Q3744172,Q3744172,festival,Q38,Italy,,,
Q2722469,Naraka Chaturdashi,festival,Q668,India,,,
Q3660978,Cartoons on the Bay,festival,Q38,Italy,,,1996-01-01T00:00:00Z
Q479014,Almabtrieb,festival,Q38,Italy,,,
Q31023,Bhai Dooj,festival,Q668,India,,,
Q5052269,Cathedral Quarter Arts Festival,festival,Q27,Ireland,,,
Q5050453,Castlebar Song Contest,festival,Q27,Ireland,,,1966-01-01T00:00:00Z
Q3649159,Cabaret festival - Premio Totò alla comicità,festival,Q38,Italy,,,
Q1423773,Ratha Yatra,festival,Q668,India,,,
Q6907083,Mood Indigo,festival,Q668,India,,,1971-01-01T00:00:00Z
Q3660434,Carnevale di Cegni,festival,Q38,Italy,,,
Q1059856,ICWiP,festival,Q28,Hungary,,,1997-01-01T00:00:00Z
Q7190443,Pic.Nic festival,festival,Q801,Israel,,2011-01-01T00:00:00Z,2010-01-01T00:00:00Z
Q7537703,Skyfest,festival,Q27,Ireland,,,
Q10244,Diwali,festival,Q668,India,,,
Q3660960,Cartoon Club,festival,Q38,Italy,,,1985-01-01T00:00:00Z
Q3536399,National Science Day,festival,Q668,India,,,
Q3749329,Q3749329,festival,Q38,Italy,,,1986-01-01T00:00:00Z
Q2824458,Aadi Perukku,festival,Q668,India,,,
Q5102229,Chithirai Thiruvizha,festival,Q668,India,,,
Q3006213,Lohri,festival,Q668,India,,,
Q7901139,"Urs festival, Ajmer",festival,Q668,India,,,
Q3927373,Q3927373,festival,Q38,Italy,,,
Q10269,Navratri,festival,Q668,India,,,
Q931282,Bathukamma,festival,Q668,India,,,
Q4006964,VIEW Conference,festival,Q38,Italy,,,2000-01-01T00:00:00Z
Q2777041,Harela,festival,Q668,India,,,
Q3743890,Festa del grano,festival,Q38,Italy,,,
Q15121559,MTV Italia Awards,festival,Q38,Italy,,,
Q3859314,Mr Gay Italy,festival,Q38,Italy,,,
Q16130620,Q16130620,festival,Q801,Israel,,2015-01-01T00:00:00Z,1992-01-01T00:00:00Z
Q871974,Q871974,festival,Q28,Hungary,,,1996-01-01T00:00:00Z
Q2760820,Q2760820,festival,Q668,India,,,
Q6730379,Magh Bihu,festival,Q668,India,,,
Q7229931,Porag,festival,Q668,India,,,
Q3744062,Q3744062,festival,Q38,Italy,,,
Q2074700,Q2074700,festival,Q252,Indonesia,,,2019-01-01T00:00:00Z
Q3106863,Battle on the Bridge,festival,Q38,Italy,,,
Q3744061,Q3744061,festival,Q38,Italy,,,
Q3055994,Erau,festival,Q252,Indonesia,,,
Q4850838,Bali Jatra,festival,Q668,India,,,
Q6434290,Kottankulangara Festival,festival,Q668,India,,,
Q859333,Cell-Cup,festival,Q28,Hungary,1997-01-01T00:00:00Z,,
Q5211604,Dalriada Festival,festival,Q27,Ireland,,,
Q777550,Armel Opera Festival,festival,Q28,Hungary,,,
Q6561014,Q6561014,festival,Q801,Israel,,,
Q7270654,Queen of the Land Festival,festival,Q27,Ireland,,,
Q5170796,Cork International Exhibition,festival,Q27,Ireland,,,
Q6473598,Lai Haraoba,festival,Q668,India,,,
Q3744066,Festival della Mente,festival,Q38,Italy,,,
Q4750236,An Tóstal,festival,Q27,Ireland,,,
Q3866166,International Cartoonists Exhibition,festival,Q38,Italy,,,1972-01-01T00:00:00Z
Q1771621,Rama Navami,festival,Q668,India,,,
Q7136956,Pargat Diwas,festival,Q668,India,,,
Q3885588,Orestiadi di Gibelina,festival,Q38,Italy,,,
Q16130575,Piyut Festival,festival,Q801,Israel,,,2008-01-01T00:00:00Z
Q1520962,Þorrablót,festival,Q189,Iceland,,,
Q3754234,Fullcomics & Games,festival,Q38,Italy,,,2005-01-01T00:00:00Z
Q5359316,Elephant Festival,festival,Q668,India,,,
Q6781028,Mary from Dungloe,festival,Q27,Ireland,,,
Q3070347,Q3070347,festival,Q252,Indonesia,,,
Q7698448,TradFest,festival,Q27,Ireland,,,2006-01-01T00:00:00Z
Q3744269,Festival Filosofia,festival,Q38,Italy,2001-01-01T00:00:00Z,,
Q6635504,Daliah dancing festival,festival,Q801,Israel,,,
Q12408685,Tel aviv's white night,festival,Q801,Israel,,,2003-01-01T00:00:00Z
Q13109912,Athachamayam,festival,Q668,India,,,
Q3908479,Pordenonelegge,festival,Q38,Italy,,,
Q430574,Krishna Janmashtami,festival,Q668,India,,,
Q3070008,Festival Temps d'images,festival,Q28,Hungary,,,
Q3070008,Festival Temps d'images,festival,Q38,Italy,,,
Q4787874,Ardee Baroque Festival,festival,Q27,Ireland,,,2004-01-01T00:00:00Z
Q2979868,Hanuman Jayanti,festival,Q668,India,,,
Q3639930,Bilbolbul Festival,festival,Q38,Italy,,,
Q3910732,Premio Chiara,festival,Q38,Italy,,,1989-01-01T00:00:00Z
Q6810925,Mela Maghi,festival,Q668,India,,,
Q5475545,Prathamastami,festival,Q668,India,,,
Q6738769,Makaravilakku,festival,Q668,India,,,
Q3883892,Operaestate Festival Veneto,festival,Q38,Italy,,,
Q7522234,Sindhu Darshan Festival,festival,Q668,India,,,
Q7368832,Roshd International Film Festival,festival,Q794,Iran,,,
Q5431407,Fajr International Music Festival,festival,Q794,Iran,,,1986-01-01T00:00:00Z
Q3650643,Calendimaggio festival in Assisi,festival,Q38,Italy,,,
Q3494208,Spraoi,festival,Q27,Ireland,,,
Q3651984,Campi Hobbit,festival,Q38,Italy,1977-01-01T00:00:00Z,1981-01-01T00:00:00Z,
Q1141851,Seachtain na Gaeilge,festival,Q27,Ireland,,,1902-01-01T00:00:00Z
Q3815261,Kilowatt Festival,festival,Q38,Italy,,,
Q6459626,LOW Festival,festival,Q28,Hungary,,,
Q2923922,Brazil Festival of Italy,festival,Q38,Italy,,,2002-01-01T00:00:00Z
Q3744064,Festival of Economics,festival,Q38,Italy,,,2006-01-01T00:00:00Z
Q3874966,Netmage,festival,Q38,Italy,,,2000-01-01T00:00:00Z
Q16928366,Devaragutta Dasara festival,festival,Q668,India,,,
Q2000081,TRL Awards,festival,Q38,Italy,2006-01-01T00:00:00Z,,2006-01-01T00:00:00Z
Q4006210,Q4006210,festival,Q38,Italy,,,
Q7427940,Savaria Historical Carnival,festival,Q28,Hungary,,,1961-01-01T00:00:00Z
Q3566356,Gangaur,festival,Q668,India,,,
Q1850560,Diwali in Gujarat,festival,Q668,India,,,1947-11-12T00:00:00Z
Q5620569,Guruvayur Ekadasi,festival,Q668,India,,,
Q6345022,Kadalekai Parishe,festival,Q668,India,,,
Q1001745,Q1001745,festival,Q28,Hungary,,,
Q870183,Q870183,festival,Q28,Hungary,,2017-01-01T00:00:00Z,2001-01-01T00:00:00Z
Q29271,Pongal,festival,Q668,India,,,
Q4900656,Bhagoria Festival,festival,Q668,India,,,
Q3677375,Q3677375,festival,Q38,Italy,,,
Q6697775,Lucknow Mahotsav,festival,Q668,India,,,1976-01-01T00:00:00Z
Q7723263,The Clare Festival of Traditional Singing,festival,Q27,Ireland,,,
Q13112508,Thiruvathira,festival,Q668,India,,,
Q12411505,Sacred Defence Week,festival,Q794,Iran,,,
Q12976761,Kaanum Pongal,festival,Q668,India,,,
Q7967794,Wangala,festival,Q668,India,,,
Q5357459,Electric Picnic,festival,Q27,Ireland,,,2004-01-01T00:00:00Z
Q12414710,Ahoi Ashtami,festival,Q668,India,,,
Q4121183,Durga Puja in Odisha,festival,Q668,India,,,
Q870188,Sausage festival of Csaba,festival,Q28,Hungary,,,1997-01-01T00:00:00Z
Q10266,Raksha Bandhan,festival,Q668,India,,,
Q6393406,Kerala School Kalolsavam,festival,Q668,India,,,1957-01-01T00:00:00Z
Q3660958,Cartoomics,festival,Q38,Italy,,,1992-01-01T00:00:00Z
Q3873386,Nauticsud,festival,Q38,Italy,,,
Q3663939,Cavallo di fuoco,festival,Q38,Italy,,,
Q10274,Vijayadashami,festival,Q668,India,,,
Q16252492,Heikru Hidongba,festival,Q668,India,,,
Q7590951,St. Patrick's Festival,festival,Q27,Ireland,,,
Q3930568,Ravello Festival,festival,Q38,Italy,,,
Q5517546,Gajan,festival,Q668,India,,,
Q1138898,Crankworx,festival,Q1735,Innsbruck,,,2004-01-01T00:00:00Z
Q220281,Vasant Panchami,festival,Q668,India,,,
Q1328626,Yaldā,festival,Q794,Iran,,,
Q3876059,Nickelodeon Kids' Choice Awards (Italy),festival,Q38,Italy,,,
Q3778094,Oireachtas na Gaeilge,festival,Q27,Ireland,,,1897-01-01T00:00:00Z
Q3743989,Festambiente,festival,Q38,Italy,,,1989-01-01T00:00:00Z
Q6506012,Lazio between Europe and the Mediterranean Festival,festival,Q38,Italy,,,
Q3686962,Itala Kongreso de Esperanto,festival,Q38,Italy,,,
Q3607039,Q3607039,festival,Q38,Italy,,,
Q3800067,Internazionale a Ferrara,festival,Q38,Italy,,,
Q5740920,Farabi International Award,festival,Q794,Iran,,,2008-01-01T00:00:00Z
Q4900574,Bhadu,festival,Q668,India,,,
Q929250,Ganesh Chaturthi,festival,Q668,India,,,
Q3749075,Q3749075,festival,Q38,Italy,,,2002-01-01T00:00:00Z
Q1408417,Festa di Piedigrotta,festival,Q38,Italy,,,
Q1000998,Festivals in Hollókő,festival,Q28,Hungary,,,
Q2612687,Mahavir Janma Kalyanak,festival,Q668,India,,,
Q851227,International Circus Festival of Budapest,festival,Q28,Hungary,,,
Q4929287,Blue Jean Country Queen Festival,festival,Q27,Ireland,,,
Q12418384,Karam,festival,Q668,India,,,
Q987391,Q987391,festival,Q28,Hungary,,,
Q3733371,Q3733371,festival,Q38,Italy,,,
Q25403019,Pesa vegia,festival,Q38,Italy,,,1600-01-01T00:00:00Z
Q84034895,Fiera Internazionale del Tartufo Bianco d’Alba,festival,Q38,Italy,,,
Q55394307,Guwahati Theatre Festival,festival,Q668,India,,,
Q125131651,Bundi Utsav,festival,Q668,India,,,1996-01-01T00:00:00Z
Q20865624,Raja,festival,Q668,India,,,
Q20473736,Istanbul Tulip Festival,festival,Q406,Istanbul,,,
Q115114411,Salso Film & Tv Festival,festival,Q38,Italy,,,
Q112244543,Festival di Morgana,festival,Q38,Italy,,,1985-01-01T00:00:00Z
Q39089707,Tailteann Games,festival,Q27,Ireland,,,1924-01-01T00:00:00Z
Q25221777,Nirbhaya Samaroh,festival,Q668,India,,,2013-01-01T00:00:00Z
Q122739904,Q122739904,festival,Q1008,Ivory Coast,,,
Q26243438,Q26243438,festival,Q28,Hungary,,,1983-01-01T00:00:00Z
Q123317902,Rogosin Pedestrian Festival,festival,Q801,Israel,,,
Q112245963,Q112245963,festival,Q38,Italy,,,
Q17049884,Bizhu,festival,Q668,India,,,
Q16381991,Ludi Circenses,festival,Q38,Italy,,,
Q112244962,Macchina dei sogni,festival,Q38,Italy,,,1985-01-01T00:00:00Z
Q85783217,Mahindra Blues Festival,festival,Q668,India,2011-01-01T00:00:00Z,,
Q115867142,Media Wave International Film Festival,festival,Q28,Hungary,,,1994-01-01T00:00:00Z
Q110246928,Festival of the Madonna of the Arch,festival,Q38,Italy,,,1600-01-01T00:00:00Z
Q17055916,Incident,festival,Q668,India,,,1980-01-01T00:00:00Z
Q114759378,Experimental Tools Festival,festival,Q801,Israel,,,
Q130316507,pattern,festival,Q27,Ireland,,,
Q64869351,Millenial Road Safety Festival,festival,Q252,Indonesia,,,
Q22083939,Dalkey Book Festival,festival,Q27,Ireland,,,
Q131048138,Chhath in Naihati,festival,Q668,India,,,
Q20422783,Baghdad International Flower Festival,festival,Q796,Iraq,,,2009-01-01T00:00:00Z
Q21877233,Italian Capital of Culture,festival,Q38,Italy,2014-12-12T00:00:00Z,,
Q111851408,Saint Patrick's Festival,festival,Q27,Ireland,,,
Q31737777,Q31737777,festival,Q668,India,,,
Q16860840,Garia Puja,festival,Q668,India,,,
Q28670289,Fuochi di San Martino,festival,Q38,Italy,,,
Q103839866,Chhadakhai,festival,Q668,India,,,
Q67907801,Kati Bihu,festival,Q668,India,,,
Q20804296,Brihadeeswarar Temple Car Festival,festival,Q668,India,,,
Q98834424,Kerala School Kalolsavam 2019-20,festival,Q668,India,,,
Q18398842,Q18398842,festival,Q801,Israel,,,
Q25500125,Tocatì,festival,Q38,Italy,,,
Q65214040,Saparan Bekakak,festival,Q252,Indonesia,,,
Q54900093,Q54900093,festival,Q796,Iraq,,,
Q24932976,Blues Made In Italy,festival,Q38,Italy,,,
Q22570013,Kaveri Pushkaram,festival,Q668,India,,,
Q53866610,Q53866610,festival,Q252,Indonesia,,,
Q56410630,Q56410630,festival,Q28,Hungary,2018-01-08T00:00:00Z,2018-01-14T00:00:00Z,
Q14866086,Bohag Bihu,festival,Q668,India,,,
Q71421195,Nigunim Betzedek,festival,Q801,Israel,,,
Q77031480,Fajr International Poetry Festival,festival,Q794,Iran,,,
Q84533874,13th International Circus Festival of Budapest,festival,Q28,Hungary,,,
Q24934811,Q24934811,festival,Q38,Italy,,,
Q98149511,Na-Khowa,festival,Q668,India,,,
Q50799330,Al Ghadeer International Festival,festival,Q796,Iraq,,,2007-01-01T00:00:00Z
Q16711608,Soviet-Indian Friendship Festival,festival,Q668,India,1987-01-01T00:00:00Z,1988-01-01T00:00:00Z,
Q19894688,National Tribal Dance Festival,festival,Q668,India,,,
Q73408026,Q73408026,festival,Q28,Hungary,,,
Q110635856,Bikaner Camel Festival,festival,Q668,India,,,
Q56327562,Q56327562,festival,Q38,Italy,,,
Q17155473,Waves,festival,Q668,India,,,2006-01-01T00:00:00Z
Q24941718,Q24941718,festival,Q38,Italy,,,
Q60401334,Maipi Mela,festival,Q668,India,,,
Q24946222,Lui Ngai Ni,festival,Q668,India,,,
Q15725354,Sudasha Brata,festival,Q668,India,,,
Q112222907,Q112222907,festival,Q668,India,,,
Q117881465,Naturalmente Tecnologici,festival,Q38,Italy,,,2022-01-01T00:00:00Z
Q24906814,ABU TV Song Festival 2016,festival,Q252,Indonesia,,2016-10-22T00:00:00Z,
Q25456037,LIFT – Festival of Lesbian identities,festival,Q28,Hungary,,,
Q130263899,ANIMIX Festival,festival,Q801,Israel,,,2000-01-01T00:00:00Z
Q16420848,Q16420848,festival,Q189,Iceland,,,
Q24948797,Bihar Utsav,festival,Q668,India,,,
Q113232600,Ādi Kārthigai,festival,Q668,India,,,
Q18394262,Thomso,festival,Q668,India,1982-01-01T00:00:00Z,,
Q12814124,East Fest,festival,Q28,Hungary,,,2012-01-01T00:00:00Z
Q17165267,Ambon bay festival,festival,Q252,Indonesia,,,
Q85861569,Q85861569,festival,Q38,Italy,,,
Q28173741,Kolkata Christmas Festival,festival,Q668,India,,,
Q60839734,EstAsia,festival,Q38,Italy,,,
Q16886667,Sohrai,festival,Q668,India,,,
Q43086327,TorinoDanza,festival,Q38,Italy,,,
Q31441022,Chitra Pournami,festival,Q668,India,,,
Q16978118,Nenmara Vallanghy Vela,festival,Q668,India,,,
Q123322335,Rehovot International Living Statues Festival,festival,Q801,Israel,,2023-01-01T00:00:00Z,2010-01-01T00:00:00Z
Q85991453,Night Light Festival,festival,Q801,Israel,2014-12-01T00:00:00Z,,
Q64347560,Dasai festival,festival,Q668,India,,,
Q96405323,Serendipity Arts Festival,festival,Q668,India,,,
Q38410682,Gaan-Ngai,festival,Q668,India,,,
Q97228727,Bohada,festival,Q668,India,,,
Q16978056,Chapchar Kut Festival,festival,Q668,India,,,
Q18110072,Baha parab,festival,Q668,India,,,
Q117705764,Sabha,festival,Q668,India,,,
Q117336720,Youth Festival 2012,festival,Q668,India,,,2012-01-01T00:00:00Z
Q25681834,Goru Bihu,festival,Q668,India,,,
Q126888046,Sankar Janmotsav,festival,Q668,India,,,
Q125056463,Q125056463,festival,Q668,India,,,
Q43065638,Untimely Festival,festival,Q794,Iran,,,
Q15723965,Khudurukuni,festival,Q668,India,,,
Q97342916,Városmajori Színházi Szemle,festival,Q28,Hungary,,,
Q55829521,Romaeuropa Festival,festival,Q38,Italy,,,
Q124789039,Basanta Uṯsab,festival,Q668,India,,,
Q113031052,Q113031052,festival,Q38,Italy,,,1985-01-01T00:00:00Z
Q25689308,Shigmo,festival,Q668,India,,,
Q111718869,Sakshama,festival,Q668,India,,,
Q112134795,Reh festival,festival,Q668,India,,,
Q31703493,Q31703493,festival,Q668,India,,,
Q80205544,Q80205544,festival,Q28,Hungary,,,2017-01-01T00:00:00Z
Q131639383,Q131639383,festival,Q1008,Ivory Coast,,,
Q15692984,Maghi,festival,Q668,India,,,
Q16973943,Diwali,festival,Q668,India,,,
Q60747577,Agera,festival,Q668,India,,,
Q130260067,Cutting Chai Festival,festival,Q668,India,,,2007-01-01T00:00:00Z
Q17049325,Anwesha,festival,Q668,India,,,
Q119350367,Festa dell'Amicizia,festival,Q38,Italy,,,1977-01-01T00:00:00Z
Q16956249,New Ross Piano Festival,festival,Q27,Ireland,,,2006-01-01T00:00:00Z
Q125504293,Q125504293,festival,Q28,Hungary,,,
Q19810008,Q19810008,festival,Q668,India,,,
Q28668761,Cheap Festival - Street Poster Art Festival,festival,Q38,Italy,,,
Q15724870,Budhei Osa,festival,Q668,India,,,
Q85800902,Shirui Lily Festival,festival,Q668,India,,,
Q123392539,Insignia (festival),festival,Q668,India,,,2012-01-01T00:00:00Z
Q113645107,Gaeltacht Pride,festival,Q27,Ireland,,,2022-01-01T00:00:00Z
Q61127034,Q61127034,festival,Q801,Israel,,,2016-01-01T00:00:00Z
Q42417212,Stendhal Festival,festival,Q27,Ireland,,,
Q128215295,Premio Satira Politica Forte dei Marmi,festival,Q38,Italy,,,1973-01-01T00:00:00Z
Q19736205,Q19736205,festival,Q668,India,,,
Q63526674,Q63526674,festival,Q38,Italy,,,
Q28687631,Ennichisai,festival,Q252,Indonesia,,,
Q118383638,Q118383638,festival,Q28,Hungary,,,2011-01-01T00:00:00Z
Q56323566,Corteggio storico,festival,Q38,Italy,,,
Q113564158,Q113564158,festival,Q28,Hungary,,,
Q60366965,Kurala Panchami,festival,Q668,India,,,
Q85770548,Jakarta International Literary Festival,festival,Q252,Indonesia,,,2019-01-01T00:00:00Z
Q26721262,Zsámbék Summer Theatre and Festival,festival,Q28,Hungary,,,1995-01-01T00:00:00Z
Q95589843,Festival del Teatro Patologico,festival,Q38,Italy,,,
Q63430531,Global Chess Festival,festival,Q28,Hungary,,,
Q61037369,Festival del Viaggio,festival,Q38,Italy,,,2006-01-01T00:00:00Z
Q48725466,Jackfruit Festival,festival,Q668,India,,,
Q97482010,Shaghayegh Kalposh Plain Festival,festival,Q794,Iran,,,
Q30637839,Sunny Side Up Tropical Festival,festival,Q252,Indonesia,,,2014-01-01T00:00:00Z
Q31173658,Q31173658,festival,Q252,Indonesia,,,
Q48806384,Rock Targato Italia,festival,Q38,Italy,,,
Q115069039,Bada Osha,festival,Q668,India,,,
Q109981193,San Gio' Verona Video Festival,festival,Q38,Italy,,,
Q21013223,Palazzolo Digital Festival,festival,Q38,Italy,2012-01-01T00:00:00Z,,
Q108701707,Internet Festival,festival,Q38,Italy,,,
Q43085956,Short Theatre,festival,Q38,Italy,,,
Q122853905,Q122853905,festival,Q27,Ireland,,,
Q123998626,Sundarban Kristi Mela o Loko Sanskriti Utsab,festival,Q668,India,,,
Q30623004,Soma Festival,festival,Q27,Ireland,,,
Q112692428,Q112692428,festival,Q38,Italy,,,1975-01-01T00:00:00Z
Q97342819,Q97342819,festival,Q28,Hungary,,,2015-01-01T00:00:00Z
Q12814850,Q12814850,festival,Q28,Hungary,,,2010-01-01T00:00:00Z
Q136600665,Phawangkut,festival,Q668,India,,,
Q131555116,Q131555116,festival,Q38,Italy,,,
Q1187361,Bologna Motor Show,recurring event,Q38,Italy,,,1976-01-01T00:00:00Z
Q137958069,Q137958069,festival,Q27,Ireland,1996-01-01T00:00:00Z,,
Q13092254,Brokohan,ceremony,Q252,Indonesia,,,
Q116851590,Q116851590,discothèque,Q28,Hungary,,,1996-03-01T00:00:00Z
Q106280971,Q106280971,discothèque,Q252,Indonesia,,,1933-01-01T00:00:00Z
Q136933916,Basavanagudi Kadalekai Parishe (2025),festival,Q668,India,,,
Q104836203,Festa e Fiera di Santa Maria della Lizza,party,Q38,Italy,,,
Q550430,Gen Con,recurring event,Q6346,Indianapolis,1968-01-01T00:00:00Z,,1968-01-01T00:00:00Z
Q115498546,Thanksgiving ceremony for upgrading Bavar-373,ceremony,Q794,Iran,,,
Q139714127,Festa della Perdonanza,party,Q38,Italy,,,
Q136398922,Rantia Baras,festival,Q668,India,,,
Q134487457,Borobudur Vesak Lantern Festival,festival,Q252,Indonesia,,,1929-01-01T00:00:00Z
Q124253774,Volcano Club,discothèque,Q252,Indonesia,,,
Q121029169,Everyone Has a Name,ceremony,Q801,Israel,,,
Q5641261,Haldi Kumkum,ceremony,Q668,India,,,
Q6382557,Keddaso,party,Q668,India,,,
Q137958964,Q137958964,festival,Q27,Ireland,,,2024-01-01T00:00:00Z
Q116851592,Q116851592,discothèque,Q28,Hungary,,,
Q116851509,Q116851509,discothèque,Q28,Hungary,,,2000-01-01T00:00:00Z
Q57981141,Leut,ceremony,Q252,Indonesia,,,
Q136702217,Q136702217,festival,Q38,Italy,,,1994-01-01T00:00:00Z
Q83710123,Papeete Beach,discothèque,Q38,Italy,,,
Q109334637,Lulo Sangia,ceremony,Q252,Indonesia,,,
Q12521717,Tiwah,party,Q252,Indonesia,,,
Q116286589,IDF chiefs of Staff change of command ceremony,ceremony,Q801,Israel,,,
Q136759957,9th Malleshwaram Kadalekai Parishe (2025),festival,Q668,India,,,
Q138977692,Maa Parv,festival,Q668,India,,,2015-01-01T00:00:00Z
Q116851523,Q116851523,discothèque,Q28,Hungary,,,1997-02-14T00:00:00Z
Q108099976,Usaba Dimel,ceremony,Q252,Indonesia,,,
Q13095105,Midodaren,ceremony,Q252,Indonesia,,,
Q137948139,Q137948139,festival,Q38,Italy,,,
Q4009443,Velvet,discothèque,Q38,Italy,,,1989-01-01T00:00:00Z
Q3905504,Piper Club,discothèque,Q38,Italy,,,1965-02-17T00:00:00Z
Q587177,Baia Imperiale,discothèque,Q38,Italy,,,1975-01-01T00:00:00Z
Q116851505,Q116851505,discothèque,Q28,Hungary,,,1995-10-13T00:00:00Z
Q131709321,Gangireddu (Decorated Bull),festival,Q668,India,,,
Q3944237,Sabato fascista,party,Q38,Italy,,,
Q3739491,Faradda di li candareri,party,Q38,Italy,,,
Q17194409,Mecaru,ceremony,Q252,Indonesia,,,
Q135644854,Q135644854,festival,Q1008,Ivory Coast,,,2006-01-01T00:00:00Z
Q135828112,Q135828112,party,Q38,Italy,,,
Q133871646,Roja Fakuwa,festival,Q668,India,,,
Q116851620,Q116851620,discothèque,Q28,Hungary,,,
Q80949,April Fools' Day,recurring event,Q189,Iceland,1564-01-01T00:00:00Z,,
Q7959468,Wagah-Attari border ceremony,ceremony,Q668,India,,,1959-01-01T00:00:00Z
Q6993914,Colosseum Club,discothèque,Q801,Israel,,,1975-01-01T00:00:00Z
Q3708591,Diotto,party,Q38,Italy,,,
Q2928768,La Bussola,discothèque,Q38,Italy,,,1955-01-01T00:00:00Z
Q97455494,Usaba Dangsil,ceremony,Q252,Indonesia,,,
Q12473228,Badewa,ceremony,Q252,Indonesia,,,
Q13095413,Ngerik,ceremony,Q252,Indonesia,,,
Q6898689,Mondei,party,Q668,India,,,
Q80949,April Fools' Day,recurring event,Q38,Italy,1564-01-01T00:00:00Z,,
Q3681996,Cocoricò,discothèque,Q38,Italy,,,1989-01-01T00:00:00Z
Q31367913,Q31367913,ceremony,Q668,India,,,
Q135274167,Bathukamma,festival,Q668,India,,,
Q81610,Mr Gay World,recurring event,Q28,Hungary,,,2009-01-01T00:00:00Z
Q80949,April Fools' Day,recurring event,Q27,Ireland,1564-01-01T00:00:00Z,,
Q136721504,Q136721504,ceremony,Q252,Indonesia,,,
Q12407714,Israeli Independence Day ceremony,ceremony,Q801,Israel,,,
Q3207028,La Capannina,discothèque,Q38,Italy,,,1929-01-01T00:00:00Z
Q19409,Hong Kong Film Awards,recurring event,Q8646,Hong Kong,1982-01-01T00:00:00Z,,1982-01-01T00:00:00Z
Q138634599,Q138634599,festival,Q1008,Ivory Coast,,,2008-01-01T00:00:00Z
Q470419,Q470419,recurring event,Q28,Hungary,,,
Q132650050,"Ambassador David Friedman and PM Benjamin Netanyahu visit to USS Ross, Port of Ashdod, October 2018",ceremony,Q801,Israel,,,
Q132080463,Q132080463,party,Q38,Italy,,,
Q13095713,Panggih,ceremony,Q252,Indonesia,,,
Q804457,Baklahorani,recurring event,Q406,Istanbul,,,2010-01-01T00:00:00Z
Q4884876,Belvedere House and Gardens,English country house,Q27,Ireland,,,
Q138744640,The Wellness Carnival,festival,Q668,India,,,
Q3949256,Santa Tecla (club),discothèque,Q38,Italy,,,
Q81610,Mr Gay World,recurring event,Q252,Indonesia,,,2009-01-01T00:00:00Z
Q118947258,Pidakala War,party,Q668,India,,,
Q138008939,Q138008939,festival,Q27,Ireland,,,
Q137796949,Jaipur Literature Festival 2026,festival,Q668,India,,,
Q13092031,Bebali,ceremony,Q252,Indonesia,,,
Q136379143,Q136379143,festival,Q1008,Ivory Coast,,,2025-04-20T00:00:00Z
Q138666650,Q138666650,ceremony,Q1008,Ivory Coast,2014-01-01T00:00:00Z,,
Q16163709,Alcatraz,discothèque,Q38,Italy,,,1997-01-01T00:00:00Z
Q81610,Mr Gay World,recurring event,Q38,Italy,,,2009-01-01T00:00:00Z
Q48735009,Chhattisgarh Rajyotsav,ceremony,Q668,India,,,
Q139791344,Q139791344,festival,Q801,Israel,,,2022-01-01T00:00:00Z
Q139936502,Digital Security Festival,festival,Q38,Italy,,,2019-01-01T00:00:00Z
Q81610,Mr Gay World,recurring event,Q27,Ireland,,,2009-01-01T00:00:00Z
Q131198847,"Inauguration of the Makom BaLev memorial, Ashdod",ceremony,Q801,Israel,,,
Q109803885,Opening ceremony of the first Knesset,ceremony,Q801,Israel,,,
Q48807892,Q48807892,discothèque,Q38,Italy,,,1979-01-01T00:00:00Z
Q114968397,Plastic Club,discothèque,Q38,Italy,,,
Q1274953,EICMA,recurring event,Q38,Italy,,,1914-05-03T00:00:00Z
Q25410252,Q25410252,discothèque,Q38,Italy,,,
Q13092045,Bekakak,ceremony,Q252,Indonesia,,,
Q132802639,Q132802639,festival,Q252,Indonesia,,,
Q5068768,Chalio,party,Q668,India,,,
Q17199583,Bukakak,ceremony,Q252,Indonesia,,,
Q136122140,Festival delle Libertà Digitali,festival,Q38,Italy,,,2009-01-01T00:00:00Z
Q137862840,Q137862840,festival,Q252,Indonesia,,,
Q373713,L'Eroica,recurring event,Q38,Italy,,,1997-01-01T00:00:00Z
Q113657661,Red Zone Club,discothèque,Q38,Italy,,,
Q12498656,Miya,ceremony,Q252,Indonesia,,,
Q65663280,Pesta Srada,ceremony,Q252,Indonesia,,,
Q138010069,Q138010069,festival,Q1008,Ivory Coast,,,2022-05-01T00:00:00Z
Q138041518,Ceremony of the Selamlik,ceremony,Q406,Istanbul,,,1890-01-01T00:00:00Z
Q3958383,Settimana santa di Ispica,party,Q38,Italy,,,
Q25487937,declaration of Israeli independence,ceremony,Q801,Israel,,,
Q41686878,Sindur Khela,ceremony,Q668,India,,,
Q19671825,Q19671825,discothèque,Q38,Italy,,,
Q13096970,Sepasaran,ceremony,Q252,Indonesia,,,
Q81610,Mr Gay World,recurring event,Q668,India,,,2009-01-01T00:00:00Z
Q124328397,Ram Mandir Prana Pratishtha,ceremony,Q668,India,,,
Q6635912,Q6635912,discothèque,Q801,Israel,,,1987-01-01T00:00:00Z
Q6346722,Kagyed,party,Q668,India,,,
Q134293383,Krishnabai Utsav,festival,Q668,India,,,
Q30601521,Goa Arts and Literature Festival,ceremony,Q668,India,,,
Q47008864,Space Electronic Firenze,discothèque,Q38,Italy,,,1969-02-27T00:00:00Z
Q138645756,Q138645756,festival,Q1008,Ivory Coast,,,2019-01-01T00:00:00Z
Q55589765,Gilda Club,discothèque,Q38,Italy,,,1987-01-01T00:00:00Z
Q3844193,mamuthone,party,Q38,Italy,,,
Q85820567,Q85820567,party,Q38,Italy,,,
Q136122216,Basilicata Wiki Fest,festival,Q38,Italy,,,2021-01-01T00:00:00Z
Q648132,Prix Italia,recurring event,Q38,Italy,,,1949-01-01T00:00:00Z
Q13095481,Nyatus,ceremony,Q252,Indonesia,,,
Q116851599,Q116851599,discothèque,Q28,Hungary,,,1991-01-01T00:00:00Z
Q106511747,Pennant to the Fallen,ceremony,Q801,Israel,,,
Q3633448,Ballo dei diavoli,party,Q38,Italy,,,
Q4071451,Kha b'Nissan,party,Q794,Iran,,,
Q4071451,Kha b'Nissan,party,Q796,Iraq,,,
Q24247399,Q24247399,party,Q38,Italy,,,
Q3637123,Baìo,party,Q38,Italy,,,
Q21707398,Q21707398,party,Q38,Italy,,,
Q126182919,Q126182919,ceremony,Q801,Israel,,,
Q23689139,Torgya,party,Q668,India,,,
Q111917713,"Opening session of the 7th Knesset, 1969",ceremony,Q801,Israel,,,
Q17195088,Ngempugin,ceremony,Q252,Indonesia,,,
Q131831137,Yair Nitzani receiving the title of Honorary Scientist,ceremony,Q801,Israel,,,
Q56392653,Larungan Risalah Doa,ceremony,Q252,Indonesia,,,
Q12984301,Q12984301,ceremony,Q668,India,,,
Q69372573,Lukat Geni,ceremony,Q252,Indonesia,,,
Q2903568,Billionaire,discothèque,Q38,Italy,,,2005-01-01T00:00:00Z
Q16964039,Gorehabba,party,Q668,India,,,
Q138643827,International Kite Festival,festival,Q38,Italy,,,1981-01-01T00:00:00Z
Q136722637,Q136722637,ceremony,Q252,Indonesia,,,
Q1024372,Q1024372,recurring event,Q38,Italy,,,
Q1152140,Marriage of the Sea ceremony,ceremony,Q38,Italy,,,
Q7071224,Nyokum,party,Q668,India,,,
Q13196173,Fistinu,party,Q38,Italy,,,
Q17017832,Delhi Republic Day parade,recurring event,Q668,India,,,1950-01-26T00:00:00Z
Q5522281,Garden Party,recurring event,Q27,Ireland,,,2006-01-01T00:00:00Z
Q17064752,Khairatabad Ganesh,recurring event,Q668,India,,,
Q1105963,Kecskemét Air Show,recurring event,Q28,Hungary,,,
Q7287106,Rally of the Lakes,recurring event,Q27,Ireland,,,1979-01-01T00:00:00Z
Q6802890,Mae-Dam-Mae-Phi,recurring event,Q668,India,,,
Q13157160,Corn Uí Riada,recurring event,Q27,Ireland,,,
Q5310979,Dublin Theatre Festival,recurring event,Q27,Ireland,,,
Q7969890,Warpcon,recurring event,Q27,Ireland,,,1991-01-01T00:00:00Z
Q137767146,"Chief Military Police Officer change of command ceremony, 2025",ceremony,Q801,Israel,,,
Q12482909,Jakarta Great Sale Festival,recurring event,Q252,Indonesia,,,
Q617378,Worldcon,recurring event,Q27,Ireland,,,1939-01-01T00:00:00Z
Q16129946,World Congress of Jewish Studies,recurring event,Q801,Israel,,,
Q6020036,Wings India,recurring event,Q668,India,,,2008-01-01T00:00:00Z
Q22906209,Krishna Pushkaralu,recurring event,Q668,India,,,
Q21099719,Mahamaham,recurring event,Q668,India,,,
Q3908551,Porretta Soul Festival,recurring event,Q38,Italy,,,1988-01-01T00:00:00Z
Q4855058,Bengaluru Karaga,recurring event,Q668,India,,,
Q1070962,Lucca Comics & Games,recurring event,Q38,Italy,,,1965-01-01T00:00:00Z
Q4765082,Animation-Comic-Game Hong Kong,recurring event,Q8646,Hong Kong,,,1999-01-01T00:00:00Z
Q7586372,Srijan,recurring event,Q668,India,,,
Q4829513,Nihon no Matsuri,recurring event,Q252,Indonesia,2007-01-01T00:00:00Z,,2007-01-01T00:00:00Z
Q16996002,Houstoncon,recurring event,Q16555,Houston,,,1967-01-01T00:00:00Z
Q13628754,Baresahariya Bhaona,recurring event,Q668,India,,,1797-01-01T00:00:00Z
Q15699373,Godavari Maha Pushkaram,recurring event,Q668,India,,,
Q13157876,Q13157876,recurring event,Q27,Ireland,,,
Q3853891,Meeting for friendship among peoples,recurring event,Q38,Italy,1980-01-01T00:00:00Z,,1980-01-01T00:00:00Z
Q23791036,55th Venice Biennale,recurring event,Q38,Italy,2013-06-01T00:00:00Z,2013-11-24T00:00:00Z,
Q5295611,Donegal International Rally,recurring event,Q27,Ireland,,,
Q22908798,Sindhu Pushkaram,recurring event,Q668,India,,,
Q7069037,Numaish,recurring event,Q668,India,,,1938-01-01T00:00:00Z
Q22908514,Sarasvati Pushkaram,recurring event,Q668,India,,,
Q19894876,Odisha Solar Conference,recurring event,Q668,India,,,2012-01-01T00:00:00Z
Q662829,Eurocon,recurring event,Q28,Hungary,,,1972-01-01T00:00:00Z
Q7564977,Soundtrack '08,recurring event,Q27,Ireland,,,2008-01-01T00:00:00Z
Q3722420,Italian general election,recurring event,Q38,Italy,,,
Q3782780,Earagail Arts Festival,recurring event,Q27,Ireland,,,1988-01-01T00:00:00Z
Q3855718,Q3855718,recurring event,Q38,Italy,,,2004-01-01T00:00:00Z
Q6124460,Jakarta Fashion Week,recurring event,Q252,Indonesia,,,2008-01-01T00:00:00Z
Q4854733,Bandung Berisik,recurring event,Q252,Indonesia,,,1995-01-01T00:00:00Z
Q5655482,Hard Working Class Heroes,recurring event,Q27,Ireland,,,2003-01-01T00:00:00Z
Q19895155,Patliputra Natya Mahotsav,recurring event,Q668,India,,,1985-01-01T00:00:00Z
Q19895159,Patna Sahib Mahotsav,recurring event,Q668,India,,,2008-01-01T00:00:00Z
Q20422823,Arba'een Pilgrimage,recurring event,Q796,Iraq,,,
Q1473135,Ünnepi Könyvhét,recurring event,Q28,Hungary,,,1929-01-01T00:00:00Z
Q3005611,International Kite Festival in Gujarat – Uttarayan,recurring event,Q668,India,,,
Q7077014,Octocon,recurring event,Q27,Ireland,,,1990-01-01T00:00:00Z
Q662829,Eurocon,recurring event,Q38,Italy,,,1972-01-01T00:00:00Z
Q11351906,International Competition “Valsesia Musica”,recurring event,Q38,Italy,1981-01-01T00:00:00Z,,
Q3348778,International Kolkata Book Fair,recurring event,Q668,India,1976-01-01T00:00:00Z,,1976-01-01T00:00:00Z
Q20046372,Music Fest Perugia,recurring event,Q38,Italy,,,2006-01-01T00:00:00Z
Q6692029,Lovebox Dublin,recurring event,Q27,Ireland,,,2007-01-01T00:00:00Z
Q662829,Eurocon,recurring event,Q27,Ireland,,,1972-01-01T00:00:00Z
Q20012080,Rally di Roma Capitale,recurring event,Q38,Italy,,,
Q7798281,Thrissur Pooram Exhibition,recurring event,Q668,India,,,
Q1125354,Q1125354,recurring event,Q28,Hungary,,,
Q24946759,Kerala Fashion League,recurring event,Q668,India,2015-01-01T00:00:00Z,,2015-01-01T00:00:00Z
Q7250378,Propose Day,recurring event,Q668,India,,,
Q3586557,Italian presidential elections,recurring event,Q38,Italy,,,
Q3635091,Vat Purnima,recurring event,Q668,India,,,
Q17038407,Sha Tin Trophy,recurring event,Q8646,Hong Kong,1978-10-07T00:00:00Z,,1978-01-01T00:00:00Z
Q17332549,BOSM,recurring event,Q668,India,,,
Q1353202,Wiki Loves Monuments,recurring event,Q38,Italy,,,2010-01-01T00:00:00Z
Q1469301,Q1469301,recurring event,Q28,Hungary,,,2009-01-01T00:00:00Z
Q3595695,Puli Kali,recurring event,Q668,India,,,1886-01-01T00:00:00Z
Q6008722,InConJunction,recurring event,Q6346,Indianapolis,,,1981-01-01T00:00:00Z
Q22906181,Komikazen,recurring event,Q38,Italy,,,2005-01-01T00:00:00Z
Q6745431,Mamankam festival,recurring event,Q668,India,,,
Q5894753,Hong Kong International Lighting Fair,recurring event,Q8646,Hong Kong,,,
Q16250045,Indian Army Day,recurring event,Q668,India,,,
Q8422162,Hong Kong 1 July marches,recurring event,Q8646,Hong Kong,,,2003-01-01T00:00:00Z
Q5424333,FAI Cup Final,recurring event,Q27,Ireland,,,
Q12456876,Ujjain Simhastha,recurring event,Q668,India,,,
Q2747677,Chitra Vichitra Fair,recurring event,Q668,India,,,
Q1068874,A Symphony of Lights,recurring event,Q8646,Hong Kong,,,
Q7580485,Spring Fest,recurring event,Q668,India,,,1960-01-01T00:00:00Z
Q5473422,Fossavatnsgangan,recurring event,Q189,Iceland,,,1935-01-01T00:00:00Z
Q25345632,ATMOS,recurring event,Q668,India,,,
Q22908572,Ganga Pushkaram,recurring event,Q668,India,,,
Q24590470,International Civil Engineering Symposium,recurring event,Q668,India,,,
Q6052829,International Sabancı Theater Festival,recurring event,Q406,Istanbul,1999-01-01T00:00:00Z,,1999-01-01T00:00:00Z
Q6735005,Mahurat trading,recurring event,Q668,India,,,
Q3361439,palio of Legnano,recurring event,Q38,Italy,,,
Q5091429,Chennai Book Fair,recurring event,Q668,India,1977-12-14T00:00:00Z,,1977-01-01T00:00:00Z
Q16869136,Art Jog,recurring event,Q252,Indonesia,2008-01-01T00:00:00Z,,
Q18155396,Midburn,recurring event,Q801,Israel,,,2014-01-01T00:00:00Z
Q25313319,Asia New Star Model Festival - Face of India,recurring event,Q668,India,,,
Q891526,Bologna Children's Book Fair,recurring event,Q38,Italy,,,1963-01-01T00:00:00Z
Q3945748,Terra Madre Salone del Gusto,recurring event,Q38,Italy,1996-01-01T00:00:00Z,,1996-01-01T00:00:00Z
Q10859603,International Iran Air Show,recurring event,Q794,Iran,,,2002-01-01T00:00:00Z
Q17068401,Lakme Fashion Week,recurring event,Q668,India,,,1999-01-01T00:00:00Z
Q7111889,Outburst Queer Arts Festival Belfast,recurring event,Q27,Ireland,,,
Q17143301,Ziggurat Con,recurring event,Q796,Iraq,2007-01-01T00:00:00Z,,2007-01-01T00:00:00Z
Q13121950,Nashik-Trimbakeshwar Simhastha,recurring event,Q668,India,,,
Q5151748,Comic Con India,recurring event,Q668,India,2011-01-01T00:00:00Z,,2011-01-01T00:00:00Z
Q16931036,Budapest Fashion Week,recurring event,Q28,Hungary,,,
Q22909850,Yamuna Pushkaram,recurring event,Q668,India,,,
Q5594718,Grand Kerala Shopping Festival,recurring event,Q668,India,,,2007-01-01T00:00:00Z
Q5457769,Flat Lake Festival,recurring event,Q27,Ireland,,,2007-01-01T00:00:00Z
Q4780260,ApolloCon,recurring event,Q16555,Houston,,,2004-01-01T00:00:00Z
Q6414080,Kinnernet,recurring event,Q801,Israel,,,
Q3811125,Scoil Gheimhridh Frankie Kennedy,recurring event,Q27,Ireland,,,1994-12-01T00:00:00Z
Q11243436,Yadnya Kasada,recurring event,Q252,Indonesia,,,
Q17082209,Patna Book Fair,recurring event,Q668,India,1985-01-01T00:00:00Z,,1985-01-01T00:00:00Z
Q22907886,Pranahita Pushkaralu,recurring event,Q668,India,,,
Q6422821,KnockanStockan,recurring event,Q27,Ireland,,,2007-01-01T00:00:00Z
Q25312991,Ritambhara,recurring event,Q668,India,,,
Q25211957,Vijyoshi,recurring event,Q668,India,,,
Q17130616,Tullamore Show,recurring event,Q27,Ireland,,,
Q5170741,Cork 20 Rally,recurring event,Q27,Ireland,,,
Q22907172,Narmada Pushkaram,recurring event,Q668,India,,,
Q5135046,Clonmel Junction Festival,recurring event,Q27,Ireland,,,2001-01-01T00:00:00Z
Q3639261,Beyond Media,recurring event,Q38,Italy,,,
Q17052473,Engifest,recurring event,Q668,India,1974-01-01T00:00:00Z,,
Q1177769,Q1177769,recurring event,Q28,Hungary,,,2006-01-01T00:00:00Z
Q3686565,Q3686565,recurring event,Q38,Italy,,,
Q5419384,"Excel, Model Engineering College",recurring event,Q668,India,,,
Q19899721,Etna Comics,recurring event,Q38,Italy,,,2011-01-01T00:00:00Z
Q7848818,"Tryst, IIT Delhi",recurring event,Q668,India,,,
Q17056437,Indore Fashion Week,recurring event,Q668,India,2012-01-01T00:00:00Z,,2012-01-01T00:00:00Z
Q4765143,Anime Festival Asia,recurring event,Q252,Indonesia,2008-01-01T00:00:00Z,,
Q16979843,National Education Day,recurring event,Q668,India,,,
Q18394287,Thrissur Motor Show,recurring event,Q668,India,,,
Q5050564,Castlepalooza,recurring event,Q27,Ireland,,,2006-01-01T00:00:00Z
Q4869059,Bathow Puja,recurring event,Q668,India,,,
Q3605857,Adunata nazionale degli Alpini,recurring event,Q38,Italy,,,1920-01-01T00:00:00Z
Q4724588,Ali Aye Ligang,recurring event,Q668,India,,,
Q24948566,Abeyaantrix,recurring event,Q668,India,,,2011-01-01T00:00:00Z
Q5285200,Djakarta Artmosphere,recurring event,Q252,Indonesia,,,2009-01-01T00:00:00Z
Q8079596,Āhvān,recurring event,Q668,India,,,
Q17070924,Statesman Vintage & Classic Car Rally,recurring event,Q668,India,,,1964-01-01T00:00:00Z
Q15703133,Tungabhadra Pushkaralu,recurring event,Q668,India,,,
Q7129631,Pan Celtic Festival,recurring event,Q27,Ireland,1971-01-01T00:00:00Z,,1971-01-01T00:00:00Z
Q3804071,Italcon,recurring event,Q38,Italy,,,1972-01-01T00:00:00Z
Q3686090,Concerto del Primo Maggio,recurring event,Q38,Italy,,,
Q1162234,Magyar Sziget,recurring event,Q28,Hungary,2001-01-01T00:00:00Z,,2001-01-01T00:00:00Z
Q18354408,Eximius,recurring event,Q668,India,,,
Q5894534,Hong Kong Fashion Week for Fall/Winter,recurring event,Q8646,Hong Kong,,,
Q16938401,India Telecom,recurring event,Q668,India,2006-01-01T00:00:00Z,,2006-01-01T00:00:00Z
Q22080139,Vijay Television Awards,recurring event,Q668,India,,,
Q22907706,DeepCon,recurring event,Q38,Italy,,,2000-01-01T00:00:00Z
Q6087591,Israeli Presidential Conference,recurring event,Q801,Israel,,,2008-01-01T00:00:00Z
Q27940504,Varese Pride,recurring event,Q38,Italy,,,2016-01-01T00:00:00Z
Q48732842,Nauchandi Mela,recurring event,Q668,India,,,
Q63976547,ARF! Festival,recurring event,Q38,Italy,,,
Q28153891,Cartist Automobile Art Festival,recurring event,Q668,India,,,2015-04-18T00:00:00Z
Q64211270,Perugia Pride,recurring event,Q38,Italy,,,
Q39053659,Pet Fed India,recurring event,Q668,India,2014-01-01T00:00:00Z,,
Q108675544,Wiki Loves Monuments 2021 in Ireland,recurring event,Q27,Ireland,2021-09-01T00:00:00Z,2021-09-30T00:00:00Z,
Q64211294,Vicenza Pride,recurring event,Q38,Italy,,,
Q64211249,Bergamo Pride,recurring event,Q38,Italy,,,
Q25454527,Bali Arts Festival,recurring event,Q252,Indonesia,1979-01-01T00:00:00Z,,
Q64211340,Sorrento Pride,recurring event,Q38,Italy,,,
Q48987885,International Photography Festival,recurring event,Q801,Israel,,,
Q84024478,Indonesia International Book Fair,recurring event,Q252,Indonesia,1980-01-01T00:00:00Z,,
Q64211278,Pavia Pride,recurring event,Q38,Italy,,,
Q97342972,Q97342972,recurring event,Q28,Hungary,,,
Q92308912,Cruinniú na nÓg,recurring event,Q27,Ireland,,,2017-01-01T00:00:00Z
Q125132471,Odia literature edit-a-thon 2024,recurring event,Q668,India,2024-04-01T00:00:00Z,2024-04-15T00:00:00Z,
Q28171987,"Riviera, VIT University",recurring event,Q668,India,,,
Q108675456,Wiki Loves Monuments in Ireland,recurring event,Q27,Ireland,,,
Q64211281,Friuli Venezia Giulia Pride,recurring event,Q38,Italy,,,
Q105730384,Wiki Loves Monuments in Israel,recurring event,Q801,Israel,,,
Q116179006,Emoinu Fish Fest,recurring event,Q668,India,,,
Q108675533,Wiki Loves Monuments 2015 in Ireland,recurring event,Q27,Ireland,2015-08-23T00:00:00Z,2015-09-30T00:00:00Z,
Q64211296,Abellinum Pride,recurring event,Q38,Italy,,,
Q48731415,Soorya Festival,recurring event,Q668,India,,,1977-01-01T00:00:00Z
Q109980432,Q109980432,recurring event,Q38,Italy,,,
Q64211319,Treviso Pride,recurring event,Q38,Italy,,,
Q65782856,Starshine Film Festival,recurring event,Q38,Italy,,,2018-01-01T00:00:00Z
Q64211160,Vercelli Pride,recurring event,Q38,Italy,,,
Q64211323,Tuscany Pride,recurring event,Q38,Italy,,,
Q96622031,Wiki Loves Folklore,recurring event,Q38,Italy,,,
Q96394615,NAJ Cosfest,recurring event,Q668,India,,,2013-01-01T00:00:00Z
Q96622031,Wiki Loves Folklore,recurring event,Q668,India,,,
Q65083094,FICCI Frames,recurring event,Q668,India,1999-01-01T00:00:00Z,,
Q25336661,Milan Pride,recurring event,Q38,Italy,,,
Q57516482,Romics d'Oro,recurring event,Q38,Italy,,,
Q64211333,Molise Pride,recurring event,Q38,Italy,,,
Q59771129,Indo Defence Expo & Forum,recurring event,Q252,Indonesia,,,2004-01-01T00:00:00Z
Q108675531,Wiki Loves Monuments 2014 in Ireland,recurring event,Q27,Ireland,2014-08-23T00:00:00Z,2014-09-30T00:00:00Z,
Q64211310,Palermo Pride,recurring event,Q38,Italy,,,
Q23808343,Milan Triennial,recurring event,Q38,Italy,,,1923-01-01T00:00:00Z
Q59771037,Mentawai Festival,recurring event,Q252,Indonesia,,,
Q108675539,Wiki Loves Monuments 2018 in Ireland,recurring event,Q27,Ireland,2018-08-25T00:00:00Z,2018-09-30T00:00:00Z,
Q48730654,Indonesia Comic Con,recurring event,Q252,Indonesia,2015-01-01T00:00:00Z,,
Q116789745,Q116789745,recurring event,Q38,Italy,,,
Q24929726,Bhima Pushkaram,recurring event,Q668,India,,,
Q65068267,Purushottam Karandak,recurring event,Q668,India,,,
Q48988230,Centrestage,recurring event,Q8646,Hong Kong,,,
Q120847224,Census of Ireland,recurring event,Q27,Ireland,,,
Q65330106,REIC,recurring event,Q27,Ireland,,,2015-01-01T00:00:00Z
Q27590944,Iranian Esperanto Congress,recurring event,Q794,Iran,,,
Q42895112,Balotsav,recurring event,Q668,India,,,1991-01-01T00:00:00Z
Q81883555,Wiki Explores Paschim Medinipur - Phase I,recurring event,Q668,India,2019-12-03T00:00:00Z,2019-12-07T00:00:00Z,
Q64211272,Roma Pride,recurring event,Q38,Italy,,,1994-07-02T00:00:00Z
Q64211291,Brescia Pride,recurring event,Q38,Italy,,,
Q111431254,Negev Forum,recurring event,Q801,Israel,,,2022-03-28T00:00:00Z
Q123003412,Festa di Maria Santissima del Monte (Racalmuto),recurring event,Q38,Italy,,,
Q65212044,Sapi Sonok,recurring event,Q252,Indonesia,,,
Q80706410,Q80706410,recurring event,Q27,Ireland,,,2010-01-01T00:00:00Z
Q64211343,Novara Pride,recurring event,Q38,Italy,,,
Q64211308,Naples Pride,recurring event,Q38,Italy,,,1996-06-29T00:00:00Z
Q124727243,Vairankode Vela,recurring event,Q668,India,,,
Q24893434,Cochin Carnival,recurring event,Q668,India,,,
Q108675538,Wiki Loves Monuments 2017 in Ireland,recurring event,Q27,Ireland,2017-08-27T00:00:00Z,2017-09-30T00:00:00Z,
Q24942920,India kids fashion show,recurring event,Q668,India,,,2012-01-01T00:00:00Z
Q64211267,Salerno Pride,recurring event,Q38,Italy,,,
Q64211304,Bologna Pride,recurring event,Q38,Italy,,,
Q113774103,CCC,recurring event,Q38,Italy,,,2006-01-01T00:00:00Z
Q69070182,ARC giantposter exhibition,recurring event,Q28,Hungary,2000-01-01T00:00:00Z,,
Q31368760,National Girl Child Day,recurring event,Q668,India,,,
Q110658135,Wiki Loves Museums,recurring event,Q668,India,,,
Q64211316,Bari Pride,recurring event,Q38,Italy,,,
Q64211327,Asti Pride,recurring event,Q38,Italy,,,
Q109516252,Wiki Loves Monuments in Iran,recurring event,Q794,Iran,,,
Q59593975,Trade Expo Indonesia,recurring event,Q252,Indonesia,,,
Q67934054,Citizens' Press Conference,recurring event,Q8646,Hong Kong,,,2019-08-06T00:00:00Z
Q24940293,PTL,recurring event,Q38,Italy,,,
Q61947748,Hellana Games,recurring event,Q38,Italy,,,2001-01-01T00:00:00Z
Q64211247,Taranto Pride,recurring event,Q38,Italy,,,
Q28164192,Karavaan,recurring event,Q668,India,,,
Q64211321,Brianza Pride,recurring event,Q38,Italy,,,
Q108675543,Wiki Loves Monuments 2020 in Ireland,recurring event,Q27,Ireland,2020-09-01T00:00:00Z,2020-09-30T00:00:00Z,
Q74121310,Icelandic Basketball Association Men's All-Star Game,recurring event,Q189,Iceland,,,
Q61050455,Indonesia Fashion Week,recurring event,Q252,Indonesia,,,2011-01-01T00:00:00Z
Q39059077,Hair chopping incidents in India,recurring event,Q668,India,,,
Q64211338,Puglia Pride,recurring event,Q38,Italy,,,
Q117475531,Joyland Festival,recurring event,Q252,Indonesia,,,2012-01-01T00:00:00Z
Q85815824,Willie Loughman Forest Rally,recurring event,Q27,Ireland,,,
Q30612298,Rajyotsava Awards,recurring event,Q668,India,,,
Q64211275,Stretto Pride,recurring event,Q38,Italy,,,
Q84321390,Sanremo Music Festival award,recurring event,Q38,Italy,,,1951-01-01T00:00:00Z
Q107072390,Lavi Fair,recurring event,Q668,India,,,
Q24943353,Prayag Kumbh Mela,recurring event,Q668,India,,,
Q89100462,MondoCon,recurring event,Q28,Hungary,,,2005-01-01T00:00:00Z
Q67984328,Hong Kong roar,recurring event,Q8646,Hong Kong,,,2019-08-01T00:00:00Z
Q65065557,Mathrubhumi International Festival of Letters,recurring event,Q668,India,,,2018-01-01T00:00:00Z
Q28455188,India Runway Week,recurring event,Q668,India,2013-01-01T00:00:00Z,,
Q57911463,Ubud Writers and Readers Festival,recurring event,Q252,Indonesia,,,
Q71157556,Biennale dell'Antiquariato,recurring event,Q38,Italy,,,
Q109563034,Jakarta Film Week,recurring event,Q252,Indonesia,,,2021-01-01T00:00:00Z
Q123325057,Wiki Loves Bangla,recurring event,Q668,India,,,2023-01-01T00:00:00Z
Q60776402,Coimbatore Vizha,recurring event,Q668,India,,,
Q56274125,Iran Pride Day,recurring event,Q794,Iran,,,2010-01-01T00:00:00Z
Q64211256,Modena Pride,recurring event,Q38,Italy,,,
Q115812562,Global Artificial Intelligence Summit & Awards,recurring event,Q668,India,,,
Q24942482,Haridwar Kumbh Mela,recurring event,Q668,India,,,
Q108662782,Birds and Trees Day,recurring event,Q28,Hungary,1902-01-01T00:00:00Z,,
Q59573944,Jogja International Heritage Walk,recurring event,Q252,Indonesia,,,
Q29025545,Animation Masters Summit,recurring event,Q668,India,1999-01-01T00:00:00Z,,1999-01-01T00:00:00Z
Q30971306,Girandola a Castel Sant'Angelo,recurring event,Q38,Italy,1600-01-01T00:00:00Z,1834-01-01T00:00:00Z,2008-05-24T00:00:00Z
Q109918362,Head in the Clouds Festival,recurring event,Q252,Indonesia,,,2018-01-01T00:00:00Z
Q108675535,Wiki Loves Monuments 2016 in Ireland,recurring event,Q27,Ireland,2016-08-27T00:00:00Z,2016-09-30T00:00:00Z,
Q64211335,Reggio Calabria Pride,recurring event,Q38,Italy,,,
Q48792905,Dragon of Shandon,recurring event,Q27,Ireland,,,2006-01-01T00:00:00Z
Q84441169,Pop-up Gaeltacht,recurring event,Q27,Ireland,,,2017-01-01T00:00:00Z
Q64211283,Marche Pride,recurring event,Q38,Italy,,,
Q123347540,Godachi Shree Bhadrakali Veerabhadreshwara Temple,recurring event,Q668,India,,,
Q64211253,Verona Pride,recurring event,Q38,Italy,,,
Q64211298,Liguria Pride,recurring event,Q38,Italy,,,
Q73852346,Wiki Loves Monuments in India,recurring event,Q668,India,,,
Q64211330,Rimini Summer Pride,recurring event,Q38,Italy,,,
Q28169230,Shahjahanpur Rang Mahotsav,recurring event,Q668,India,,,
Q64211306,Lazio Pride,recurring event,Q38,Italy,,,
Q111722308,Aaroh,recurring event,Q668,India,,,
Q28134445,West Cork Rally,recurring event,Q27,Ireland,,,
Q64211325,Sardinia Pride,recurring event,Q38,Italy,,,
Q109980692,Q109980692,recurring event,Q38,Italy,,,
Q114403092,Wiki Loves Monuments 2022 in Ireland,recurring event,Q27,Ireland,2022-09-01T00:00:00Z,2022-09-30T00:00:00Z,
Q45108310,International Islamic Unity Conference,recurring event,Q794,Iran,,,
Q60787696,Niv Art Centre,recurring event,Q668,India,,,
Q56291777,IceCon,recurring event,Q189,Iceland,,,2016-01-01T00:00:00Z
Q30635079,Tehran Game Convention,recurring event,Q794,Iran,,,2017-01-01T00:00:00Z
Q116456767,Combined Commanders’ Conference,recurring event,Q668,India,,,
Q126455382,Q126455382,recurring event,Q38,Italy,,,
Q64211287,Torino Pride,recurring event,Q38,Italy,,,
Q60776473,Niv Art Movies,recurring event,Q668,India,,,
Q65250318,Tel Aviv Fashion Week,recurring event,Q801,Israel,,,
Q64211301,Syracuse Pride,recurring event,Q38,Italy,,,
Q64211260,Padua Pride,recurring event,Q38,Italy,,,
Q64211264,Alessandria Pride,recurring event,Q38,Italy,,,
Q119767471,Ratha Jatra Edit-a-thon 2023,recurring event,Q668,India,2023-06-20T00:00:00Z,2023-06-28T00:00:00Z,
Q138779106,Domenico Danzuso Award,recurring event,Q38,Italy,,,2000-01-01T00:00:00Z
Q56331963,Q56331963,festival occurrence,Q801,Israel,,,
Q59987671,Q59987671,festival occurrence,Q38,Italy,,,
Q2923452,Sanremo Music Festival 1972,festival occurrence,Q38,Italy,1972-02-24T00:00:00Z,1972-02-26T00:00:00Z,
Q2600487,Sanremo Music Festival 1960,festival occurrence,Q38,Italy,1960-01-28T00:00:00Z,1960-01-30T00:00:00Z,
Q2750847,Sanremo Music Festival 1965,festival occurrence,Q38,Italy,1965-01-28T00:00:00Z,1965-01-30T00:00:00Z,
Q1711529,Sanremo Music Festival 2008,festival occurrence,Q38,Italy,2008-02-25T00:00:00Z,2008-03-01T00:00:00Z,
Q127798872,"Numaish, Bijnor",recurring event,Q668,India,,,
Q127417589,AshdoDance,recurring event,Q801,Israel,,,2017-01-01T00:00:00Z
Q18488711,Sanremo Music Festival 1962,festival occurrence,Q38,Italy,1962-02-08T00:00:00Z,1962-02-10T00:00:00Z,
Q135108246,Ratha Jatra Edit-a-thon 2025,recurring event,Q668,India,2025-06-27T00:00:00Z,2024-07-09T00:00:00Z,
Q139963803,Festival Sacre Armonie,recurring event,Q38,Italy,,,2022-01-01T00:00:00Z
Q139901480,LeakyCon,recurring event,Q27,Ireland,,,2009-05-21T00:00:00Z
Q2043882,2nd World Festival of Youth and Students,festival occurrence,Q28,Hungary,,,
Q136087801,Albissola Comics,recurring event,Q38,Italy,,,2001-01-01T00:00:00Z
Q55388025,2019 Prayagraj Ardh Kumbh Mela,festival occurrence,Q668,India,,,
Q131765963,Ladakh International Music Festival,recurring event,Q668,India,,,2022-01-01T00:00:00Z
Q130712882,P-Con,recurring event,Q27,Ireland,,,2003-01-01T00:00:00Z
Q2020312,Sanremo Music Festival 1975,festival occurrence,Q38,Italy,1975-02-27T00:00:00Z,1975-03-01T00:00:00Z,
Q5357462,Electric Picnic 2009,festival occurrence,Q27,Ireland,,,
Q5357460,Electric Picnic 2008,festival occurrence,Q27,Ireland,,,
Q139934157,Ortigia Music Fest,recurring event,Q38,Italy,,,
Q137926466,Wiki Loves Folklore India,recurring event,Q668,India,,,
Q1865905,Sanremo Music Festival 1969,festival occurrence,Q38,Italy,1969-01-30T00:00:00Z,1969-02-01T00:00:00Z,
Q139890054,Opera Selection,recurring event,Q38,Italy,,,2024-01-01T00:00:00Z
Q139890026,Voci di Periferia,recurring event,Q38,Italy,,,2025-01-01T00:00:00Z
Q125619572,Comicpalooza Film Festival,recurring event,Q16555,Houston,,,2008-01-01T00:00:00Z
Q133461756,All About Music,recurring event,Q668,India,,,2017-01-01T00:00:00Z
Q136594169,BUTTER Fine Art Fair,recurring event,Q6346,Indianapolis,,,2021-01-01T00:00:00Z
Q130210778,Experience Trail Courmayeur,recurring event,Q38,Italy,,,
Q133521869,Odia literature edit-a-thon,recurring event,Q668,India,,,
Q135108184,Ratha Jatra Edit-a-thon,recurring event,Q668,India,,,
Q135231188,Q135231188,recurring event,Q252,Indonesia,,,
Q131396211,Q131396211,recurring event,Q668,India,,,
Q131307356,Iraq census,recurring event,Q796,Iraq,,,1919-01-01T00:00:00Z
Q139782067,Il maggio dei libri,recurring event,Q38,Italy,,,2011-01-01T00:00:00Z
Q3744129,Sanremo Music Festival 1980,festival occurrence,Q38,Italy,1980-02-07T00:00:00Z,1980-02-09T00:00:00Z,
Q137476800,Wiki Loves Birds India 2025,recurring event,Q668,India,,,
Q125297726,Ashmoret Conference,recurring event,Q801,Israel,,,2022-01-01T00:00:00Z
Q23791026,35th Venice Biennale,festival occurrence,Q38,Italy,,,
Q125867237,Jal Utsav,recurring event,Q668,India,,,
Q137380112,Penjor festival,recurring event,Q252,Indonesia,,,
Q131189837,Luguburu Ghantabari,recurring event,Q668,India,,,
Q2440262,Sanremo Music Festival 1977,festival occurrence,Q38,Italy,1977-03-03T00:00:00Z,1977-03-05T00:00:00Z,
Q130210457,Q130210457,recurring event,Q38,Italy,,,
Q3744131,Sanremo Music Festival 1982,festival occurrence,Q38,Italy,1982-01-28T00:00:00Z,1982-01-30T00:00:00Z,
Q18488701,Sanremo Music Festival 1964,festival occurrence,Q38,Italy,1964-01-30T00:00:00Z,1964-02-01T00:00:00Z,
Q22083962,Electric Picnic 2014,festival occurrence,Q27,Ireland,,,2004-01-01T00:00:00Z
Q1852928,Sanremo Music Festival 1963,festival occurrence,Q38,Italy,1963-02-07T00:00:00Z,1963-02-09T00:00:00Z,
Q131468037,Mobile Summer Workshop,recurring event,Q189,Iceland,,,1981-01-01T00:00:00Z
Q131632435,Bansberia Kumbh Mela,recurring event,Q668,India,,,
Q133521901,Odia literature edit-a-thon 2025,recurring event,Q668,India,2025-04-01T00:00:00Z,2025-04-15T00:00:00Z,
Q2142382,Sanremo Music Festival 1961,festival occurrence,Q38,Italy,1961-01-26T00:00:00Z,1961-02-06T00:00:00Z,
Q132042287,Shravani Mela,recurring event,Q668,India,,,
Q3744128,Sanremo Music Festival 1979,festival occurrence,Q38,Italy,1979-01-11T00:00:00Z,1979-01-13T00:00:00Z,
Q131807059,2026 in Indian public domain,recurring event,Q668,India,,,
Q135854942,Indian Independence day edit-a-thon,recurring event,Q668,India,,,
Q131426752,HalLEOween,recurring event,Q38,Italy,,,
Q3744126,Sanremo Music Festival 1978,festival occurrence,Q38,Italy,1978-01-26T00:00:00Z,1978-01-28T00:00:00Z,
Q127329063,Government Exchange Day,recurring event,Q801,Israel,,,
Q133807841,Q133807841,recurring event,Q38,Italy,,,
Q130712759,Irish Discworld Convention,recurring event,Q27,Ireland,,,
Q1838455,Sanremo Music Festival 1976,festival occurrence,Q38,Italy,1976-02-19T00:00:00Z,1976-02-21T00:00:00Z,
Q131522408,Metal for Emergency,recurring event,Q38,Italy,,,
Q3948555,Q3948555,festival occurrence,Q38,Italy,,,
Q3948553,Q3948553,festival occurrence,Q38,Italy,,,
Q3948558,Q3948558,festival occurrence,Q38,Italy,,,
Q48807765,Q48807765,festival occurrence,Q38,Italy,,,
Q131765255,2024 in Indian public domain,recurring event,Q668,India,,,
Q137926592,Uttar Pradesh Apravasi Bhartiya Ratna Award,recurring event,Q668,India,,,
Q2196081,Sanremo Music Festival 1971,festival occurrence,Q38,Italy,1971-02-25T00:00:00Z,1971-02-27T00:00:00Z,
Q132741506,Q132741506,recurring event,Q1008,Ivory Coast,,,
Q130712865,Olamot,recurring event,Q801,Israel,,,2005-01-01T00:00:00Z
Q3744125,Sanremo Music Festival 1970,festival occurrence,Q38,Italy,1970-01-26T00:00:00Z,1970-01-28T00:00:00Z,
Q138706228,KetoEducation Academy - ketogenic diet courses,recurring event,Q38,Italy,,,
Q138844625,Odia literature edit-a-thon 2026,recurring event,Q668,India,2025-04-01T00:00:00Z,2025-04-15T00:00:00Z,
Q131316181,Ratha Jatra Edit-a-thon 2024,recurring event,Q668,India,2024-07-07T00:00:00Z,2024-07-19T00:00:00Z,
Q139741925,Benedetto Opera Festival,recurring event,Q38,Italy,,,2025-01-01T00:00:00Z
Q3744124,Sanremo Music Festival 1967,festival occurrence,Q38,Italy,1967-01-26T00:00:00Z,1967-01-28T00:00:00Z,
Q139270224,Synthalia Festival 2026,recurring event,Q38,Italy,,,2026-01-01T00:00:00Z
Q2264055,Sanremo Music Festival 1973,festival occurrence,Q38,Italy,1973-03-08T00:00:00Z,1973-03-10T00:00:00Z,
Q138667185,Quran Recitation Week,recurring event,Q252,Indonesia,,,1968-01-01T00:00:00Z
Q130712743,HungaroCon,recurring event,Q28,Hungary,,,1998-01-01T00:00:00Z
Q138349325,Poet Not Dead,recurring event,Q252,Indonesia,,,2025-01-01T00:00:00Z
Q130371350,Water Queen,recurring event,Q801,Israel,,,
Q3744132,Sanremo Music Festival 1983,festival occurrence,Q38,Italy,1983-02-03T00:00:00Z,1983-02-05T00:00:00Z,
Q134086687,Q134086687,festival occurrence,Q38,Italy,2024-05-09T00:00:00Z,2024-05-12T00:00:00Z,
Q130457925,Zeh MeHalev,recurring event,Q801,Israel,,,
Q135489859,Keris Woomera,recurring event,Q252,Indonesia,,,2024-01-01T00:00:00Z
Q134980164,junior parkrun,recurring event,Q27,Ireland,,,
Q2131673,Sanremo Music Festival 1974,festival occurrence,Q38,Italy,1974-03-07T00:00:00Z,1974-03-09T00:00:00Z,
Q28668563,Q28668563,festival occurrence,Q38,Italy,,,
Q3948551,Sanremo Giovani 1993,festival occurrence,Q38,Italy,,,
Q138713071,KetoEducation ketogenic diet FAD courses,recurring event,Q38,Italy,,,
Q131938281,Rally del Lazio,recurring event,Q38,Italy,,,
Q129254754,Exercise Tarang Shakti,recurring event,Q668,India,,,
Q130712747,ICon,recurring event,Q801,Israel,,,1997-01-01T00:00:00Z
Q125457919,AI ON TRACK,recurring event,Q801,Israel,,,
Q3948556,Sanremo Giovani 1997,festival occurrence,Q38,Italy,,,
Q124519394,Global Science Festival Kerala,festival occurrence,Q668,India,2024-01-15T00:00:00Z,,
Q130210782,Youth Chamonix Courmayeur,recurring event,Q38,Italy,,,
Q139741876,Donnafugata Music Festival,recurring event,Q38,Italy,,,2026-01-01T00:00:00Z
Q139885988,Q139885988,recurring event,Q1008,Ivory Coast,,,
Q131824503,63rd Kerala School Kalolsavam,recurring event,Q668,India,,,
Q25220281,Japan Amusement Expo,recurring event,Q17,Japan,,,2012-01-01T00:00:00Z
Q11405274,Chiyo-nagare,festival,Q17,Japan,,,
Q11629036,Nishi-nagare,festival,Q17,Japan,,,
Q11389379,National Memorial Service for War Dead,ceremony,Q17,Japan,,,1952-01-01T00:00:00Z
Q11265104,Q11265104,festival,Q17,Japan,,,
Q11442078,Daikoku-nagare,festival,Q17,Japan,,,
Q24885817,Patriotism Memorial,recurring event,Q17,Japan,,,
Q24874240,Q24874240,festival,Q17,Japan,,,
Q11374839,Higashiyama Hanatouro,festival,Q17,Japan,,,
Q6406163,Kijimuna Festival,festival,Q17,Japan,,,
Q11267963,Q11267963,festival,Q17,Japan,,,
Q28682646,Gion Kashiwazaki Matsuri,festival,Q17,Japan,,,
Q1752997,Lexington Queen,discothèque,Q17,Japan,,,
Q6367753,Karachi Fashion Week,recurring event,Q8660,Karachi,,,
Q61127034,Q61127034,festival,Q1218,Jerusalem,,,2016-01-01T00:00:00Z
Q6003417,Imari Ton-Ten-Ton Festival,festival,Q17,Japan,,,
Q4328104,Nureyev festival,festival,Q900,Kazan,,,
Q24892914,Sengyo,recurring event,Q17,Japan,,,
Q4288486,Sendai International Music Competition,recurring event,Q17,Japan,2001-01-01T00:00:00Z,,2001-01-01T00:00:00Z
Q617378,Worldcon,recurring event,Q17,Japan,,,1939-01-01T00:00:00Z
Q30916342,Q30916342,festival,Q588,Katowice,,,
Q4691834,ageHa,recurring event,Q17,Japan,,,
Q16130575,Piyut Festival,festival,Q1218,Jerusalem,,,2008-01-01T00:00:00Z
Q11447740,Mukonage and Suminuri,recurring event,Q17,Japan,,,
Q11436902,Q11436902,festival,Q17,Japan,,,
Q2616539,Hadaka Matsuri,festival,Q17,Japan,,,
Q11266554,Izaihō,recurring event,Q17,Japan,,,
Q120719694,TatCultFest,festival,Q900,Kazan,,,
Q17193309,general public greeting,recurring event,Q17,Japan,1948-01-02T00:00:00Z,,
Q22130088,Q22130088,festival,Q17,Japan,,,
Q11301756,Game Market,recurring event,Q17,Japan,,,2000-01-01T00:00:00Z
Q22131441,Q22131441,festival,Q17,Japan,,,
Q11612202,Suneori Amagoi,recurring event,Q17,Japan,,,
Q11456061,Q11456061,recurring event,Q17,Japan,2006-10-22T00:00:00Z,,
Q11670304,Takamatsu International Piano Competition,recurring event,Q17,Japan,2006-01-01T00:00:00Z,,
Q9302453,Omizutori,festival,Q17,Japan,,,0760-01-01T00:00:00Z
Q11536932,Peach Festival,festival,Q17,Japan,,,
Q11527721,Higashi-nagare,festival,Q17,Japan,,,
Q11566994,Lighthouse Memorial Day,recurring event,Q17,Japan,,,
Q21654085,Q21654085,festival,Q17,Japan,,,
Q111917713,"Opening session of the 7th Knesset, 1969",ceremony,Q1218,Jerusalem,,,
Q11489125,Okihiki,recurring event,Q17,Japan,,,
Q11508806,Nihongi Kōen,recurring event,Q17,Japan,,,
Q11404273,Grand Kitano Tea Ceremony,party,Q17,Japan,,,
Q11262273,Ohara Festival,festival,Q17,Japan,,,
Q137796949,Jaipur Literature Festival 2026,festival,Q66485,Jaipur,,,
Q1072387,Shichi-Go-San,festival,Q17,Japan,,,
Q27926875,KYOTO EXPERIMENT,festival,Q17,Japan,,,2010-01-01T00:00:00Z
Q4191838,Q4191838,festival,Q900,Kazan,1991-01-01T00:00:00Z,,
Q11267412,Q11267412,festival,Q17,Japan,,,
Q986756,census in Japan,recurring event,Q17,Japan,,,1920-10-01T00:00:00Z
Q1135687,Hamamatsu International Piano Competition,recurring event,Q17,Japan,1991-01-01T00:00:00Z,,
Q11537266,Kiryu Fashion Week,recurring event,Q17,Japan,,,
Q10567340,Dian cha,ceremony,Q17,Japan,,,
Q11492412,Ebisu-nagare,festival,Q17,Japan,,,
Q5327561,East-East,festival,Q17,Japan,,,
Q7205337,Plum Mariko Memorial Show,recurring event,Q17,Japan,,,
Q11423189,Doi-nagare,festival,Q17,Japan,,,
Q17221501,Q17221501,ceremony,Q17,Japan,,,
Q20045311,Sendai Hōsō Matsuri,festival,Q17,Japan,,,
Q11278373,Q11278373,festival,Q17,Japan,,,
Q6172694,Jeddah Economic Forum,recurring event,Q374365,Jeddah,,,1999-01-01T00:00:00Z
Q11486153,Q11486153,festival,Q17,Japan,,,
Q11400243,Katsuyama Sagichō,festival,Q17,Japan,,,
Q5347024,ee ja nai ka,festival,Q17,Japan,1867-06-01T00:00:00Z,1868-05-01T00:00:00Z,
Q21452641,Pocky & Pretz Day,recurring event,Q17,Japan,,,
Q1371522,Japan Media Arts Festival,recurring event,Q17,Japan,,,1997-01-01T00:00:00Z
Q11267580,Q11267580,festival,Q17,Japan,,,
Q11443166,Q11443166,ceremony,Q17,Japan,,,
Q124636058,Q124636058,festival,Q42308,Kharkiv,,,2018-01-01T00:00:00Z
Q20044199,Kō Natsu Matsuri,festival,Q17,Japan,,,
Q11635284,Q11635284,festival,Q17,Japan,,,
Q17219363,Q17219363,festival,Q17,Japan,,,
Q19750810,Re:animation,recurring event,Q17,Japan,,,
Q64876314,Nepal Pride Parade,recurring event,Q3037,Kathmandu,,,2019-06-29T00:00:00Z
Q11417760,Q11417760,festival,Q17,Japan,,,
Q11200930,GEISAI,festival,Q17,Japan,,,2001-09-02T00:00:00Z
Q21653682,Q21653682,festival,Q17,Japan,,,
Q21652482,Q21652482,festival,Q17,Japan,,,
Q11274533,Nara Tōkae,festival,Q17,Japan,,,1999-01-01T00:00:00Z
Q11652418,Nagasaki Peace Memorial Ceremony,ceremony,Q17,Japan,,,1952-01-01T00:00:00Z
Q109563034,Jakarta Film Week,recurring event,Q3630,Jakarta,,,2021-01-01T00:00:00Z
Q16638525,Garasha Matsuri,festival,Q17,Japan,,,
Q11366524,Nakasu-nagare,festival,Q17,Japan,,,
Q11267225,Q11267225,recurring event,Q17,Japan,,,
Q11374838,Arashiyama Hanatōro,festival,Q17,Japan,,,
Q11652390,Nagasaki Lantern Festival,festival,Q17,Japan,,,1987-01-01T00:00:00Z
Q11327037,Havriin Bayar,festival,Q17,Japan,,,1998-01-01T00:00:00Z
Q11256639,Aichi Triennale,festival,Q17,Japan,,,2010-08-21T00:00:00Z
Q763304,Hiroshima Peace Memorial Ceremony,ceremony,Q17,Japan,,,1947-01-01T00:00:00Z
Q17225061,Oshiraishimochi,recurring event,Q17,Japan,,,
Q11533908,Q11533908,festival,Q17,Japan,1931-01-01T00:00:00Z,1951-01-01T00:00:00Z,
Q2069076,Niigata Comic Market,recurring event,Q17,Japan,,,1983-01-01T00:00:00Z
Q11582264,Aioi Peron Matsuri,festival,Q17,Japan,,,
Q11284866,Q11284866,festival,Q17,Japan,,,
Q1749262,Hakata Gion Yamakasa Festival,recurring event,Q17,Japan,,,1241-01-01T00:00:00Z
Q22125523,BitSummit,recurring event,Q17,Japan,,,2013-01-01T00:00:00Z
Q11321073,Q11321073,discothèque,Q17,Japan,,,1987-05-08T00:00:00Z
Q11305117,Q11305117,festival,Q17,Japan,,,
Q24875250,Q24875250,festival,Q17,Japan,,,
Q17230997,Q17230997,ceremony,Q17,Japan,,,
Q11544879,Jisedai World Hobby Fair,recurring event,Q17,Japan,,,1994-12-26T00:00:00Z
Q11594394,Fukujin-nagare,festival,Q17,Japan,,,
Q65272007,Monthly Labour Survey,recurring event,Q17,Japan,,,1944-04-15T00:00:00Z
Q11476051,Tōge no Kunitori Tsunahiki Gassen,festival,Q17,Japan,,,
Q21654307,Q21654307,festival,Q17,Japan,,,
Q21653791,Tomiya Marching Festival,festival,Q17,Japan,,,
Q20044135,Q20044135,festival,Q17,Japan,,,
Q11435600,Odate Daimonji Festival,festival,Q17,Japan,,,
Q85770548,Jakarta International Literary Festival,festival,Q3630,Jakarta,,,2019-01-01T00:00:00Z
Q11231913,Q11231913,festival,Q17,Japan,,,
Q1032381,Hatsumōde,festival,Q17,Japan,,,
Q80949,April Fools' Day,recurring event,Q17,Japan,1564-01-01T00:00:00Z,,
Q11279175,Japanese unified local election,recurring event,Q17,Japan,,,1947-04-01T00:00:00Z
Q5288609,Doi taikomatsuri,festival,Q17,Japan,,,
Q8031746,Wonder Festival,recurring event,Q17,Japan,,,
Q11485910,Q11485910,festival,Q17,Japan,,,
Q17189951,KYOTO Cross Media Experience,recurring event,Q17,Japan,,,2009-01-01T00:00:00Z
Q13423122,Qixi Festival,festival,Q17,Japan,,,
Q6124460,Jakarta Fashion Week,recurring event,Q3630,Jakarta,,,2008-01-01T00:00:00Z
Q11678799,Shimoda Black Ship Festival,festival,Q17,Japan,,,
Q16272090,Rahlin seasons,festival,Q900,Kazan,,,
Q10661677,Sapporo International Ski Marathon,recurring event,Q17,Japan,,,1981-01-01T00:00:00Z
Q11448260,Basic School Survey,recurring event,Q17,Japan,,,1948-01-01T00:00:00Z
Q11304313,Sound Conifer 229,festival,Q17,Japan,,,
Q3610588,Hiroshima Flower Festival,festival,Q17,Japan,,,1977-01-01T00:00:00Z
Q2650249,Nihon SF Taikai,recurring event,Q17,Japan,,,1962-01-01T00:00:00Z
Q11591238,Q11591238,festival,Q17,Japan,,,
Q11396697,Beppu Hatto Onsen Festival,festival,Q17,Japan,,,
Q81610,Mr Gay World,recurring event,Q17,Japan,,,2009-01-01T00:00:00Z
Q11428318,Q11428318,festival,Q17,Japan,,,
Q11543279,Yokohama Port Festival,festival,Q17,Japan,,,
Q16251000,Indian Film Festival Japan,recurring event,Q17,Japan,,,2011-01-01T00:00:00Z
Q11281926,Waraji-biki,festival,Q17,Japan,,,
Q11559379,umibiraki,ceremony,Q17,Japan,,,
Q11225372,Japan International Contents Festival,festival,Q17,Japan,,,
Q11611950,Nochi Spring Festival,festival,Q17,Japan,,,
Q11408956,Hakata Matsubayashi,festival,Q17,Japan,,,
Q16909481,Super Rock '85 in Japan,festival,Q17,Japan,,,
Q16941387,Matsuyama Shiroyama Koen Cherry Blossom Festival,festival,Q17,Japan,,,
Q11642088,Mikumano Jinja Taisai,festival,Q17,Japan,,,
Q109803885,Opening ceremony of the first Knesset,ceremony,Q1218,Jerusalem,,,
Q11340380,Machi Asobi,recurring event,Q17,Japan,,,2009-10-10T00:00:00Z
Q11589832,Kobe International Flute Competition,recurring event,Q17,Japan,1985-01-01T00:00:00Z,,
Q11665956,Q11665956,festival,Q17,Japan,,,
Q11591996,Q11591996,festival,Q17,Japan,,,
Q11269290,National Urban Greening Fair,recurring event,Q17,Japan,1983-01-01T00:00:00Z,,
Q11620248,Moe Game Award,recurring event,Q17,Japan,,,2006-01-01T00:00:00Z
Q17209977,Kanji Day,festival,Q17,Japan,,,
Q135891628,Marines Natsu Matsuri,festival,Q17,Japan,2025-08-19T00:00:00Z,2025-08-31T00:00:00Z,
Q112571725,Atsuta Matsuri,festival,Q17,Japan,,,
Q124570404,Q124570404,festival,Q17,Japan,,,
Q109357571,Census of Manufacture,recurring event,Q17,Japan,,,1883-01-01T00:00:00Z
Q109379755,DBCLS BioHackathon,recurring event,Q17,Japan,,,
Q131991089,Subscription Concert of Nagoya Philharmonic Orchestra,recurring event,Q17,Japan,,,1967-10-21T00:00:00Z
Q118455731,Maulidi Festivities,festival,Q114,Kenya,,,
Q114045450,Okuribon Festival,festival,Q17,Japan,,,
Q39747320,12th Takeshima Day Ceremony,ceremony,Q17,Japan,,,
Q55526656,Hokusō Haru Matsuri,festival,Q17,Japan,,,
Q56316219,Q56316219,festival,Q17,Japan,,,
Q130552906,NIBUCHAN-PIONSHIPS,ceremony,Q17,Japan,,,
Q128480280,Monozukuri - A Celebration of Japanese Artisanal Techniques 2024,festival,Q17,Japan,,,
Q136657289,Q136657289,festival,Q17,Japan,,,
Q39746709,8th Takeshima Day Ceremony,ceremony,Q17,Japan,,,
Q131701907,Yokohama Otoko Matsuri 2025,festival,Q17,Japan,2025-08-26T00:00:00Z,2025-08-28T00:00:00Z,
Q28686932,Beppu Hinoumi Matsuri,festival,Q17,Japan,,,
Q80708100,Toyohashi Oni Festival,festival,Q17,Japan,,,
Q75021413,Q75021413,festival,Q17,Japan,,,
Q6127305,Jamaica Independence Festival,festival,Q766,Jamaica,,,1962-01-01T00:00:00Z
Q65966757,Nakagawa Kingyo Matsuri,festival,Q17,Japan,,,
Q370038,Passa Passa,party,Q766,Jamaica,,,2003-01-01T00:00:00Z
Q12245977,Q12245977,festival,Q810,Jordan,,,
Q1473785,Q1473785,recurring event,Q766,Jamaica,,,1986-01-01T00:00:00Z
Q131316266,Nairobi Film Festival,festival,Q114,Kenya,,,2016-01-01T00:00:00Z
Q131311624,Mombasa Carnival,festival,Q114,Kenya,,,
Q7574658,Special Operations Forces Exhibition,recurring event,Q810,Jordan,1996-01-01T00:00:00Z,,1995-01-01T00:00:00Z
Q109257142,The centenary of the establishment of the Jordanian state,ceremony,Q810,Jordan,,,
Q125018927,Ōhama-nagare-kanjō,recurring event,Q17,Japan,,,1756-01-01T00:00:00Z
Q86740734,Shibare Festival,festival,Q17,Japan,,,
Q64044545,Tokyo International Conducting Competition,recurring event,Q17,Japan,1966-01-01T00:00:00Z,,
Q55624261,My Famicase,recurring event,Q17,Japan,,,
Q136779585,Q136779585,festival,Q17,Japan,,,
Q138854437,Enshu Yokosuka Kite Festival,festival,Q17,Japan,,,
Q114560281,Q114560281,recurring event,Q17,Japan,1984-01-01T00:00:00Z,,
Q135642091,Hina Kawata graduation ceremony,ceremony,Q17,Japan,,,
Q108373656,Vietnam Festival in Japan,festival,Q17,Japan,,,
Q129694314,Yokohama Otoko Matsuri,festival,Q17,Japan,,,
Q86729367,Q86729367,festival,Q17,Japan,,,
Q135989693,SHIBUYA AOHARU 2.0 2025,festival,Q17,Japan,2025-08-16T00:00:00Z,2025-08-17T00:00:00Z,
Q24236111,Calabash International Literary Festival,festival,Q766,Jamaica,,,2001-01-01T00:00:00Z
Q65259305,The Commemoration Ceremony of the Thirtieth Anniversary of His Majesty the Emperor's Accession to the Throne,ceremony,Q17,Japan,,,
Q133249186,Oiyamanarashi,recurring event,Q17,Japan,,,
Q55524579,Koga Peach Festival,festival,Q17,Japan,,,
Q39746601,7th Takeshima Day Ceremony,ceremony,Q17,Japan,,,
Q118905214,Dreams On Ice,recurring event,Q17,Japan,,,2004-01-01T00:00:00Z
Q131311717,Marsabit Lake Turkana Festival,festival,Q114,Kenya,,,2008-01-01T00:00:00Z
Q131315722,Kilifi New Year Festival,festival,Q114,Kenya,,,2010-01-01T00:00:00Z
Q131723343,Oiyama,recurring event,Q17,Japan,,,
Q109370434,Hinakuri,recurring event,Q17,Japan,,,2019-01-01T00:00:00Z
Q113955168,inauguration of William Ruto,ceremony,Q114,Kenya,,,
Q124363255,Yamadome,festival,Q17,Japan,,,
Q132348392,Touring event of Kindaichi Kōsuke's Path,recurring event,Q17,Japan,,,2009-01-01T00:00:00Z
Q131311915,Rusinga Cultural Festival,festival,Q114,Kenya,,,1870-01-01T00:00:00Z
Q121160208,I Love Ireland Festival,festival,Q17,Japan,,,
Q131316160,Luo Festival,festival,Q114,Kenya,,,
Q105837985,Q105837985,festival,Q17,Japan,,,
Q30935919,Q30935919,festival,Q17,Japan,,,
Q121645849,Jamaica Festival Reggae & Cuisine in Japan,festival,Q17,Japan,,,
Q136375503,Midsummer Swimsuit Festival,festival,Q17,Japan,,,
Q63795744,A feast day of Kayadani,festival,Q17,Japan,,,
Q39745435,1st Takeshima Day Ceremony,ceremony,Q17,Japan,,,
Q125894291,Bonden,festival,Q17,Japan,,,
Q125959947,Numa-iri Bonden,festival,Q17,Japan,,,
Q85879137,Q85879137,ceremony,Q17,Japan,,,
Q55526555,Q55526555,discothèque,Q17,Japan,,,1989-01-01T00:00:00Z
Q39746481,6th Takeshima Day Ceremony,ceremony,Q17,Japan,,,
Q133287908,Yasaka Jinja Gion Matsuri,festival,Q17,Japan,,,1086-01-01T00:00:00Z
Q70188015,Fleet Review (Japan),recurring event,Q17,Japan,,,
Q109357776,Q109357776,festival,Q17,Japan,1986-06-28T00:00:00Z,1986-08-31T00:00:00Z,
Q25345082,The Kenya Schools and Colleges Drama Festival,recurring event,Q114,Kenya,,,
Q137910804,Yokohama Otoko Matsuri 2026,festival,Q17,Japan,2026-08-18T00:00:00Z,2026-08-20T00:00:00Z,
Q83532750,RTA in Japan,recurring event,Q17,Japan,,,2016-01-01T00:00:00Z
Q85881944,Q85881944,recurring event,Q17,Japan,1985-02-01T00:00:00Z,,1984-01-01T00:00:00Z
Q136917504,Q136917504,festival,Q17,Japan,,,
Q138674079,Idol Runway Collection,recurring event,Q17,Japan,2023-01-01T00:00:00Z,,2023-01-01T00:00:00Z
Q114560911,Q114560911,recurring event,Q17,Japan,,,1980-01-01T00:00:00Z
Q130553101,Hinatazaka46 Akari Nibu graduation ceremony,ceremony,Q17,Japan,,,
Q116197089,Wrestle Kingdom,recurring event,Q17,Japan,,,
Q135726467,ASEAN Day 2025 celebration in Kenya,ceremony,Q114,Kenya,,,
Q30922504,Kisawa Juhyō Matsuri,festival,Q17,Japan,,,
Q130712731,HAL-CON,recurring event,Q17,Japan,,,2010-01-01T00:00:00Z
Q4378208,Q4378208,festival,Q232,Kazakhstan,,,
Q121646023,Jamaica Festival Reggae & Cuisine in Tokyo,festival,Q17,Japan,,,
Q39746961,10th Takeshima Day Ceremony,ceremony,Q17,Japan,,,
Q86737662,Nōhime Matsuri,festival,Q17,Japan,,,
Q129695018,Yokohama Otoko Matsuri 2024,festival,Q17,Japan,2024-08-20T00:00:00Z,2024-08-22T00:00:00Z,
Q39747116,11th Takeshima Day Ceremony,ceremony,Q17,Japan,,,
Q119855415,Q119855415,ceremony,Q17,Japan,,,
Q114685042,Q114685042,festival,Q17,Japan,,,
Q132348219,Jingu Karaage Festival,festival,Q17,Japan,2025-04-02T00:00:00Z,2025-04-04T00:00:00Z,
Q86743827,Q86743827,recurring event,Q17,Japan,,,2002-01-01T00:00:00Z
Q131311451,Lamu Cultural Festival,festival,Q114,Kenya,,,
Q56863439,Komaneko Festival,festival,Q17,Japan,,,2016-01-01T00:00:00Z
Q39746053,3rd Takeshima Day Ceremony,ceremony,Q17,Japan,,,
Q127503128,Monozukuri - A Celebration of Japanese Artisanal Techniques 2024,festival,Q17,Japan,2024-08-02T00:00:00Z,2024-08-04T00:00:00Z,
Q60988115,Kutsukko Matsuri,festival,Q17,Japan,,,
Q39746804,9th Takeshima Day Ceremony,ceremony,Q17,Japan,,,
Q60213133,Gohan ritual,festival,Q17,Japan,,,
Q127789312,KOGANEI SAKURA FESTIVAL,festival,Q17,Japan,,,
Q39746356,5th Takeshima Day Ceremony,ceremony,Q17,Japan,,,
Q131311844,Rift Valley Music Festival,festival,Q114,Kenya,,,2010-01-01T00:00:00Z
Q114957242,Pokémon Fossil Museum,recurring event,Q17,Japan,,,2021-07-04T00:00:00Z
Q86735439,Kinoene Aki Matsuri,festival,Q17,Japan,,,
Q61057617,Osaka Sekai Hansen Matsuri,festival,Q17,Japan,1983-10-22T00:00:00Z,1983-11-01T00:00:00Z,
Q65272329,Sagami River Koinobori Matsuri,festival,Q17,Japan,,,1988-01-01T00:00:00Z
Q131321722,Safari Rally,festival,Q114,Kenya,,,1953-01-01T00:00:00Z
Q65259264,Q65259264,ceremony,Q17,Japan,,,
Q39745767,2nd Takeshima Day Ceremony,ceremony,Q17,Japan,,,
Q113411529,Q113411529,festival,Q232,Kazakhstan,,,
Q65271684,Sakura o Miru Kai,recurring event,Q17,Japan,,,1952-01-01T00:00:00Z
Q39746220,4th Takeshima Day Ceremony,ceremony,Q17,Japan,,,
Q131701917,B-PARTY 2025,party,Q17,Japan,2025-04-11T00:00:00Z,2025-04-13T00:00:00Z,
Q65235263,Tomakomai Skate Matsuri,festival,Q17,Japan,,,
Q8031744,Wonder Dream Concert,recurring event,Q766,Jamaica,,,1975-01-01T00:00:00Z
Q135746980,Wakamiya Jinja Reitaisai,festival,Q17,Japan,,,
Q123698819,Momiji Hachiman-gū Shishi Matsuri,festival,Q17,Japan,,,
Q28690104,Premium Friday,recurring event,Q17,Japan,,,
Q109603119,Atami Fireworks Festival,festival,Q17,Japan,,,
Q112222177,Setagaya Panmatsuri,festival,Q17,Japan,,,2011-01-01T00:00:00Z
Q30928431,Hagi Hime Matsuri,festival,Q17,Japan,,,
Q111283049,Hiwatari-sai,festival,Q17,Japan,,,
Q57388689,Iiyama Snow Festival,festival,Q17,Japan,,,1980-01-01T00:00:00Z
Q124342230,mix hitobito tango,festival,Q17,Japan,,,
Q130282561,Address to the Nation of the President of Kazakhstan,recurring event,Q232,Kazakhstan,,,
Q85879019,Osaka International Chamber Music Competition,recurring event,Q17,Japan,1993-01-01T00:00:00Z,,
Q115298088,Mitsuyama-taisai,festival,Q17,Japan,,,
Q130552888,Akari Nibu graduation ceremony,ceremony,Q17,Japan,2024-11-30T00:00:00Z,2024-12-01T00:00:00Z,
Q119478096,Kindai Mahjong Swimsuit Festival,festival,Q17,Japan,,,
Q60852069,Q60852069,festival,Q232,Kazakhstan,,,
Q131321470,Jamhuri Day,festival,Q114,Kenya,,,1963-12-12T00:00:00Z
Q48748975,Suito Matsuri,festival,Q17,Japan,,,
Q124751043,Hijisai,festival,Q17,Japan,,,2009-09-01T00:00:00Z
Q113470456,Osu Summer Festival,festival,Q17,Japan,,,
Q11533908,Q11533908,festival,Q34600,Kyoto,1931-01-01T00:00:00Z,1951-01-01T00:00:00Z,
Q3348778,International Kolkata Book Fair,recurring event,Q1348,Kolkata,1976-01-01T00:00:00Z,,1976-01-01T00:00:00Z
Q7447349,Seksualiti Merdeka,festival occurrence,Q1865,Kuala Lumpur,,,2008-08-01T00:00:00Z
Q7600800,Star Mega Jam,festival,Q8673,Lagos,2001-01-01T00:00:00Z,2010-01-01T00:00:00Z,
Q65061247,Lagos Games Festival,recurring event,Q8673,Lagos,,,2019-01-01T00:00:00Z
Q108470882,Lagos international film festival,festival,Q8673,Lagos,,,
Q60601182,Kyiv International Advertising Festival,recurring event,Q1899,Kyiv,,,2000-01-01T00:00:00Z
Q29959335,Copernicus Festival,recurring event,Q31487,Kraków,2014-01-01T00:00:00Z,,2014-01-01T00:00:00Z
Q107176534,Our Homecoming,recurring event,Q8673,Lagos,,,
Q98104254,"The Queer May Festival, Kraków",festival,Q31487,Kraków,,,
Q11802057,PaKA,festival,Q31487,Kraków,1985-01-01T00:00:00Z,,
Q27926875,KYOTO EXPERIMENT,festival,Q34600,Kyoto,,,2010-01-01T00:00:00Z
Q123746410,Where the Sheep Sleep,festival,Q29999,Kingdom of the Netherlands,,,2016-01-01T00:00:00Z
Q12237733,Layaly February,festival,Q817,Kuwait,,,
Q1069508,World Festival of Black Arts,festival,Q8673,Lagos,,,1966-01-01T00:00:00Z
Q108471053,Yoruba arts festival,festival,Q8673,Lagos,,,2010-01-01T00:00:00Z
Q131329790,Rhythm Unplugged,festival,Q8673,Lagos,,,2004-01-01T00:00:00Z
Q11589832,Kobe International Flute Competition,recurring event,Q48320,Kobe,1985-01-01T00:00:00Z,,
Q25381116,Q25381116,festival,Q919,Krasnoyarsk,,,
Q12165653,Carpathian Nativity Scene Festival,festival,Q1899,Kyiv,2007-01-01T00:00:00Z,2013-01-01T00:00:00Z,
Q3319267,Krakow Photomonth Festival,festival,Q31487,Kraków,,,2001-01-01T00:00:00Z
Q105741210,Wiki Loves Monuments in Albania & Kosovo,recurring event,Q1246,Kosovo,,,
Q20077703,Kiev laurels,festival,Q1899,Kyiv,2006-01-01T00:00:00Z,,
Q139378460,Seksualiti Merdeka 2010,festival,Q1865,Kuala Lumpur,2010-10-03T00:00:00Z,2010-10-17T00:00:00Z,
Q21425910,Felabration,festival,Q8673,Lagos,,,1998-01-01T00:00:00Z
Q61085163,Q61085163,festival,Q1865,Kuala Lumpur,,,
Q132177384,Gaudeamus Muziekweek,recurring event,Q29999,Kingdom of the Netherlands,1945-01-01T00:00:00Z,,
Q20011191,Gidi Culture Festival,festival,Q8673,Lagos,,,2014-01-01T00:00:00Z
Q6473368,Lahore Fashion Week,recurring event,Q11739,Lahore,,,
Q71608002,Kyiv International Economic Forum,recurring event,Q1899,Kyiv,,,2014-01-01T00:00:00Z
Q12153736,Slavic rock,festival,Q1899,Kyiv,2006-01-01T00:00:00Z,,
Q113707371,Etno Fest,festival,Q1246,Kosovo,,,
Q6805421,MediaWest*Con,recurring event,Q28237,Lansing,,,1978-01-01T00:00:00Z
Q125701268,Lagos International Poetry Festival,festival,Q8673,Lagos,,,2015-10-01T00:00:00Z
Q115044876,Vushtrri Potato Festival,festival,Q1246,Kosovo,,,
Q136536360,Q136536360,festival,Q29999,Kingdom of the Netherlands,,,
Q7897486,Unsound Festival,festival,Q31487,Kraków,,,2003-01-01T00:00:00Z
Q7253161,Prussian Homage,ceremony,Q31487,Kraków,,,
Q12169050,Chaika Open Air,festival,Q1899,Kyiv,,,
Q4949782,Boun Khun Khao,festival,Q819,Laos,,,
Q139378331,Seksualiti Merdeka 2008,festival,Q1865,Kuala Lumpur,2008-08-29T00:00:00Z,2008-08-31T00:00:00Z,
Q1795594,Kënga Magjike,recurring event,Q1246,Kosovo,,,1999-01-01T00:00:00Z
Q140068624,Q140068624,festival,Q1899,Kyiv,,,
Q136434402,Autostrada Biennale,festival,Q1246,Kosovo,,,
Q11699225,Gadający Pies,recurring event,Q31487,Kraków,,2015-01-01T00:00:00Z,2010-01-01T00:00:00Z
Q97375636,Ride For The Living,recurring event,Q31487,Kraków,,,
Q18350674,IGN Convention,recurring event,Q817,Kuwait,,,2013-01-01T00:00:00Z
Q4637374,40BunarFest,festival,Q1246,Kosovo,,,2005-01-01T00:00:00Z
Q125874444,Beacon,recurring event,Q3992,Liège,,,2022-01-01T00:00:00Z
Q17099050,Saulkrasti Jazz Festival,recurring event,Q211,Latvia,,,1997-01-01T00:00:00Z
Q112175370,Les Urbaines Performance Festival 2009,festival,Q807,Lausanne,,,
Q112175068,Les Urbaines Performance Festival 2015,festival,Q807,Lausanne,,,
Q5327561,East-East,festival,Q37,Lithuania,,,
Q7627990,Studentu paradīze,festival,Q211,Latvia,,,
Q112080263,Lucon,recurring event,Q39121,Leeds,,,1989-01-01T00:00:00Z
Q112185038,Partout – Platform for international Performance Art,festival,Q807,Lausanne,2020-10-02T00:00:00Z,2020-10-11T00:00:00Z,
Q937328,Feast of the Pheasant,ceremony,Q648,Lille,,,
Q133459892,Q133459892,festival,Q3825,Libreville,,,2022-01-01T00:00:00Z
Q4076961,Baltcon,festival,Q211,Latvia,,,1993-01-01T00:00:00Z
Q4076961,Baltcon,festival,Q37,Lithuania,,,1993-01-01T00:00:00Z
Q112175383,Les Urbaines Performance Festival 2014,festival,Q807,Lausanne,,,
Q3235965,Q3235965,festival,Q807,Lausanne,,,1996-01-01T00:00:00Z
Q2568529,New Wave 2010,festival occurrence,Q211,Latvia,,,
Q7333342,Riga Salsa Festival,festival,Q211,Latvia,,,2005-01-01T00:00:00Z
Q19508432,Supernova,recurring event,Q211,Latvia,,,2015-01-01T00:00:00Z
Q4881387,Beirut Nights,festival,Q822,Lebanon,,,
Q98947020,White Night,recurring event,Q211,Latvia,,,
Q112175096,Les Urbaines Performance Festival 2001-2003,festival,Q807,Lausanne,,,
Q15864742,Užgavėnės,party,Q37,Lithuania,,,
Q3074850,Foire de Liège,festival,Q3992,Liège,,,
Q51673714,Q51673714,festival occurrence,Q597,Lisbon,,,
Q16354991,Q16354991,recurring event,Q211,Latvia,,,1935-01-28T00:00:00Z
Q137909802,No Trolls Allowed,recurring event,Q37,Lithuania,2013-07-19T00:00:00Z,,2013-01-01T00:00:00Z
Q12245990,Q12245990,festival,Q1016,Libya,,,2009-11-01T00:00:00Z
Q19841497,1884 National Eisteddfod of Wales,festival occurrence,Q24826,Liverpool,,,
Q55171303,A Summer in Le Havre,festival,Q42810,Le Havre,,,2017-01-01T00:00:00Z
Q18638656,Lithuanian Song Festival,recurring event,Q37,Lithuania,,,
Q109729341,Wiki Loves Earth in Latvia,recurring event,Q211,Latvia,,,
Q67080823,JazzOnze+,festival,Q807,Lausanne,,,1986-01-01T00:00:00Z
Q51845040,m4music,festival,Q807,Lausanne,1998-01-01T00:00:00Z,,
Q97233807,Riga Fashion Week,recurring event,Q211,Latvia,,,2004-01-01T00:00:00Z
Q4836937,B 018,discothèque,Q822,Lebanon,,,1994-01-01T00:00:00Z
Q61892420,Al-Manar Football Festival,recurring event,Q822,Lebanon,,,1997-01-01T00:00:00Z
Q19841520,1929 National Eisteddfod of Wales,festival occurrence,Q24826,Liverpool,,,
Q112175447,Les Urbaines Performance Festival 2018,festival,Q807,Lausanne,,,
Q13128183,1900 National Eisteddfod of Wales,festival occurrence,Q24826,Liverpool,,,
Q112175299,Les Urbaines Performance Festival 2021,festival,Q807,Lausanne,,,
Q3028738,Libre Graphics Meeting,recurring event,Q2079,Leipzig,,,2006-01-01T00:00:00Z
Q5574730,Go Blonde Festival,festival,Q211,Latvia,,,
Q673014,Prix de Lausanne,recurring event,Q807,Lausanne,,,1973-01-01T00:00:00Z
Q113253520,Libya International Holy Quran Competition,recurring event,Q1016,Libya,,,1991-01-01T00:00:00Z
Q6407064,Kilkim Žaibu,recurring event,Q37,Lithuania,,,1999-01-01T00:00:00Z
Q4070157,Artdocfest,festival,Q211,Latvia,,,
Q139165304,EcomExpo,recurring event,Q37,Lithuania,,,2013-01-01T00:00:00Z
Q112175014,Les Urbaines Performance Festival,festival,Q807,Lausanne,,,
Q139749312,Q139749312,festival occurrence,Q807,Lausanne,,,
Q48879529,Rock in Rio Lisboa I,festival occurrence,Q597,Lisbon,2004-05-28T00:00:00Z,2004-06-06T00:00:00Z,
Q65129607,Christmas on Earth Festival,festival,Q39121,Leeds,,,
Q112175468,Les Urbaines Performance Festival 2016,festival,Q807,Lausanne,,,
Q890297,Baltic song festivals,festival,Q211,Latvia,,,
Q890297,Baltic song festivals,festival,Q37,Lithuania,,,
Q15715248,SXSW V2V,recurring event,Q23768,Las Vegas,,,2013-01-01T00:00:00Z
Q17095044,Q17095044,festival,Q37,Lithuania,,,1997-01-01T00:00:00Z
Q112175328,Les Urbaines Performance Festival 2019,festival,Q807,Lausanne,,,
Q16851156,Jurģi,festival,Q211,Latvia,,,
Q12654989,Gaudeamus,festival,Q211,Latvia,,,1956-01-01T00:00:00Z
Q12654989,Gaudeamus,festival,Q37,Lithuania,,,1956-01-01T00:00:00Z
Q1152956,DEF CON,recurring event,Q23768,Las Vegas,,,1993-01-01T00:00:00Z
Q6672817,Jāņi,festival,Q211,Latvia,,,
Q48879654,Rock in Rio Lisboa II,festival occurrence,Q597,Lisbon,,,
Q662829,Eurocon,recurring event,Q37,Lithuania,,,1972-01-01T00:00:00Z
Q12646889,AXX,festival,Q37,Lithuania,,,2005-01-01T00:00:00Z
Q134439968,Wiki Loves Monuments in Lithuania,recurring event,Q37,Lithuania,,,
Q111149729,Wiki Loves Monuments in Latvia,recurring event,Q211,Latvia,,,
Q4796950,Art Madrid,recurring event,Q2807,Madrid,,,2006-01-01T00:00:00Z
Q131193721,1855 National Eisteddfod of Wales,festival occurrence,Q84,London,,,
Q135831137,International Festival of Letters and Arts (FESTILARTS),festival,Q3792,Lomé,,,2016-01-01T00:00:00Z
Q662829,Eurocon,recurring event,Q32,Luxembourg,,,1972-01-01T00:00:00Z
Q13632977,Fashionclash,festival,Q1309,Maastricht,,,
Q61123387,Q61123387,festival,Q32,Luxembourg,,,1995-01-01T00:00:00Z
Q10948,Bocuse d'Or,recurring event,Q456,Lyon,1987-01-01T00:00:00Z,,1987-01-01T00:00:00Z
Q136485557,HR Lovers Afterwork,recurring event,Q2807,Madrid,,,2022-01-01T00:00:00Z
Q30589254,Picocon,recurring event,Q84,London,,,1983-01-01T00:00:00Z
Q78846875,MADferia,festival,Q2807,Madrid,,,
Q1395073,Famadihana,ceremony,Q1019,Madagascar,,,
Q123862814,FIMO 228,festival,Q3792,Lomé,,,
Q1127473,L.A. Outfest,festival,Q65,Los Angeles,,,1982-01-01T00:00:00Z
Q12119143,Lviv International Children’s Festival,festival,Q36036,Lviv,,,
Q5861817,Q5861817,recurring event,Q2807,Madrid,,,
Q117717339,Luxcon,recurring event,Q32,Luxembourg,,,2014-01-01T00:00:00Z
Q2446735,London Fashion Week,recurring event,Q84,London,1984-01-01T00:00:00Z,,1984-01-01T00:00:00Z
Q9184805,Sztukmistrzów Carnival,festival,Q37333,Lublin,,,2008-01-01T00:00:00Z
Q5368835,Emaischen,festival,Q1842,Luxembourg,,,
Q5368835,Emaischen,festival,Q32,Luxembourg,,,
Q25640486,Queensday Maastricht,festival,Q1309,Maastricht,,,
Q139672443,Psymposium,recurring event,Q2807,Madrid,,,
Q96622031,Wiki Loves Folklore,recurring event,Q1019,Madagascar,,,
Q30740257,Fête des Merveilles,ceremony,Q456,Lyon,,,
Q119478325,Wednesday Concerts,recurring event,Q84,London,,,1848-01-01T00:00:00Z
Q123310678,Émergence Films Festival,festival,Q3792,Lomé,,,2013-01-01T00:00:00Z
Q1287634,International Festival of Photography in Lodz,festival,Q580,Łódź,,,2002-01-01T00:00:00Z
Q11821535,FashionPhilosophy Fashion Week Poland,festival,Q580,Łódź,,,2009-01-01T00:00:00Z
Q9259206,Festiwal Dialogu Czterech Kultur,festival,Q580,Łódź,,,2002-01-01T00:00:00Z
Q59814090,Super Demain,festival,Q456,Lyon,,,2016-01-01T00:00:00Z
Q1355092,Octave celebration,party,Q32,Luxembourg,,,
Q2274064,Be-In,festival,Q65,Los Angeles,,,
Q113461590,London Trans+ Pride,recurring event,Q84,London,,,2019-01-01T00:00:00Z
Q126122198,Q126122198,festival,Q2843,Lübeck,,,2018-01-01T00:00:00Z
Q9259336,Łódź of Four Cultures Festival,festival,Q580,Łódź,,,2010-01-01T00:00:00Z
Q3028738,Libre Graphics Meeting,recurring event,Q2807,Madrid,,,2006-01-01T00:00:00Z
Q1654564,Q1654564,festival occurrence,Q32,Luxembourg,,,
Q65320871,Q65320871,festival,Q32,Luxembourg,,,
Q6697775,Lucknow Mahotsav,festival,Q47916,Lucknow,,,1976-01-01T00:00:00Z
Q6669815,London A Cappella Festival,recurring event,Q84,London,,,2010-01-01T00:00:00Z
Q56145919,Professional Concerts,recurring event,Q84,London,,,1783-01-01T00:00:00Z
Q8027085,WisCon,recurring event,Q43788,Madison,,,1977-01-01T00:00:00Z
Q12106939,Q12106939,festival,Q36036,Lviv,,,1989-01-01T00:00:00Z
Q16972574,CicLAvia,recurring event,Q65,Los Angeles,,,
Q113023151,Handel Festival 1857,festival,Q84,London,,,1857-01-01T00:00:00Z
Q2584209,Anime Expo,recurring event,Q65,Los Angeles,,,1992-01-01T00:00:00Z
Q3028738,Libre Graphics Meeting,recurring event,Q84,London,,,2006-01-01T00:00:00Z
Q3028738,Libre Graphics Meeting,recurring event,Q456,Lyon,,,2006-01-01T00:00:00Z
Q4266494,London Festival of Architecture,festival,Q84,London,,,2004-01-01T00:00:00Z
Q85229173,Urban Highline Festival Lublin,festival,Q37333,Lublin,,,2009-01-01T00:00:00Z
Q112040117,Nine Worlds,recurring event,Q84,London,,,2013-01-01T00:00:00Z
Q55176050,Shrekfest,festival,Q43788,Madison,,,2014-01-01T00:00:00Z
Q62558388,Vocal Concerts,recurring event,Q84,London,,,1792-01-01T00:00:00Z
Q2906822,Blockbuster Entertainment Awards,recurring event,Q65,Los Angeles,,,1995-01-01T00:00:00Z
Q6670410,London Film and Comic Con,recurring event,Q84,London,,,2004-01-01T00:00:00Z
Q9259255,Miasto Poezji,festival,Q37333,Lublin,,,2008-01-01T00:00:00Z
Q122865845,Q122865845,festival,Q2807,Madrid,,,2015-01-01T00:00:00Z
Q6670505,London International Festival of Exploratory Music,recurring event,Q84,London,,,2009-01-01T00:00:00Z
Q538406,Buergbrennen,party,Q32,Luxembourg,,,
Q627485,World Pastry Cup,recurring event,Q456,Lyon,1989-01-01T00:00:00Z,,1989-01-01T00:00:00Z
Q139961697,South by Southwest London 2025,festival occurrence,Q84,London,2025-06-02T00:00:00Z,2025-06-07T00:00:00Z,
Q25410573,Q25410573,festival,Q2807,Madrid,,,
Q6815954,Men's Fashion Week Los Angeles,recurring event,Q65,Los Angeles,,,2010-01-01T00:00:00Z
Q2663784,Festival of Britain,festival,Q84,London,1951-03-24T00:00:00Z,1951-11-03T00:00:00Z,
Q78220196,International Pakistan Prestige Awards,recurring event,Q84,London,,,2017-01-01T00:00:00Z
Q4966654,Bridges Handicap Race,recurring event,Q84,London,,,
Q20646971,British Citizen Awards,recurring event,Q84,London,,,
Q5861826,San Lorenzo Festival (Madrid),party,Q2807,Madrid,,,
Q112615511,Aquacon,recurring event,Q65,Los Angeles,,,1981-01-01T00:00:00Z
Q5529780,Geek.Kon,recurring event,Q43788,Madison,,,2007-01-01T00:00:00Z
Q135973082,Q135973082,festival,Q3792,Lomé,,,2004-01-01T00:00:00Z
Q5215209,Dance Umbrella,festival,Q84,London,,,1978-01-01T00:00:00Z
Q2240130,KunstTour,festival,Q1309,Maastricht,,,
Q16896934,Oslo,discothèque,Q84,London,,,2014-01-01T00:00:00Z
Q110958110,Festival Internacional de Magia de Madrid,festival,Q2807,Madrid,2011-01-01T00:00:00Z,,2011-01-01T00:00:00Z
Q123194345,Q123194345,ceremony,Q1019,Madagascar,,,
Q18160724,London Super Comic Convention,recurring event,Q84,London,,,2012-01-01T00:00:00Z
Q127599572,Back2Black Festival,festival,Q84,London,,,
Q123092347,British Concerts,recurring event,Q84,London,,,1823-01-01T00:00:00Z
Q2321840,Musica Sacra Maastricht,festival,Q1309,Maastricht,,,1983-01-01T00:00:00Z
Q125813947,Q125813947,festival,Q2807,Madrid,,,2018-01-01T00:00:00Z
Q5445777,Festival of Europe,festival,Q84,London,,,2007-01-01T00:00:00Z
Q136868774,Q136868774,festival,Q3792,Lomé,,,2017-06-01T00:00:00Z
Q12089187,Dislocation (festival),festival,Q36036,Lviv,,,
Q22087183,Lumiere,festival,Q84,London,,,2009-01-01T00:00:00Z
Q139961683,South by Southwest London 2026,festival occurrence,Q84,London,2026-06-01T00:00:00Z,2026-06-06T00:00:00Z,
Q65054598,Borneo Fashion Week,recurring event,Q833,Malaysia,2017-01-01T00:00:00Z,,
Q27963750,Chak phra,recurring event,Q833,Malaysia,,,
Q139488682,2017 Melaka well-being program,recurring event,Q833,Malaysia,2017-05-13T00:00:00Z,2017-05-14T00:00:00Z,
Q139486688,2015 Melaka well-being program,recurring event,Q833,Malaysia,2015-03-27T00:00:00Z,2015-03-29T00:00:00Z,
Q139488678,2017 Perak well-being program,recurring event,Q833,Malaysia,2017-10-27T00:00:00Z,2017-10-29T00:00:00Z,
Q108326540,Wiki Loves Monuments in Malta,recurring event,Q233,Malta,,,
Q25687998,Maltese Carnival,recurring event,Q233,Malta,,,1535-01-01T00:00:00Z
Q130449694,VI Bienal Latinoamericana de Arquitectura de Paisaje,festival,Q48278,Medellín,2024-10-16T00:00:00Z,2024-10-17T00:00:00Z,
Q24934691,census in Malaysia,recurring event,Q833,Malaysia,,,
Q10244,Diwali,festival,Q1027,Mauritius,,,
Q139378331,Seksualiti Merdeka 2008,festival,Q833,Malaysia,2008-08-29T00:00:00Z,2008-08-31T00:00:00Z,
Q16997282,Manchester Comedy Festival,festival,Q18125,Manchester,,,
Q4707938,Alan Turing Centenary Conference,recurring event,Q18125,Manchester,2012-06-22T00:00:00Z,2012-06-25T00:00:00Z,
Q42176250,Rocktoberfest Borneo,recurring event,Q833,Malaysia,,,2017-01-01T00:00:00Z
Q7711307,Malmöfestivalen,festival,Q2211,Malmö,,,1985-01-01T00:00:00Z
Q18208274,Kuala Lumpur Fashion Week,recurring event,Q833,Malaysia,,,2013-01-01T00:00:00Z
Q127603758,Q127603758,festival,Q833,Malaysia,2024-07-19T00:00:00Z,2024-07-21T00:00:00Z,
Q99519059,Q99519059,festival occurrence,Q1020,Malawi,2011-09-30T00:00:00Z,2011-10-02T00:00:00Z,
Q96622031,Wiki Loves Folklore,recurring event,Q233,Malta,,,
Q7318594,egg flower,ceremony,Q833,Malaysia,,,
Q42305826,QED,recurring event,Q18125,Manchester,2011-01-01T00:00:00Z,,2011-01-01T00:00:00Z
Q1886519,Festival Dansa-Diawoura,festival,Q912,Mali,,,
Q139488683,2017 Penang well-being program,recurring event,Q833,Malaysia,2017-12-09T00:00:00Z,2017-12-11T00:00:00Z,
Q79208045,Kuala Lumpur Summit,recurring event,Q833,Malaysia,,,2014-01-01T00:00:00Z
Q61085163,Q61085163,festival,Q833,Malaysia,,,
Q124317844,0161 Festival,festival,Q18125,Manchester,,,
Q139486692,2015 Pahang well-being program,recurring event,Q833,Malaysia,2015-08-21T00:00:00Z,2015-08-24T00:00:00Z,
Q139488677,2017 Pahang well-being program,recurring event,Q833,Malaysia,2017-08-18T00:00:00Z,2017-08-21T00:00:00Z,
Q131294364,Marrakech Popular Arts Festival,festival,Q101625,Marrakech,,,1969-01-01T00:00:00Z
Q139486690,2015 Perak well-being program,recurring event,Q833,Malaysia,2015-05-11T00:00:00Z,2015-05-13T00:00:00Z,
Q99519055,Q99519055,festival occurrence,Q1020,Malawi,2010-10-15T00:00:00Z,2010-10-17T00:00:00Z,
Q134028947,United Front for Multiparty Democracy,party,Q1020,Malawi,,,
Q6478640,Lake of Stars Music Festival,recurring event,Q1020,Malawi,2004-01-01T00:00:00Z,,2004-01-01T00:00:00Z
Q61099606,Trooping the Colour (Malaysia),ceremony,Q833,Malaysia,,,
Q99519554,Q99519554,festival occurrence,Q1020,Malawi,2008-10-10T00:00:00Z,2008-10-12T00:00:00Z,
Q16313421,Q16313421,festival,Q833,Malaysia,,,
Q124313901,Festival Permainan Malaysia,festival,Q833,Malaysia,,,
Q12700537,Big Bad Wolf Books,recurring event,Q833,Malaysia,,,2009-01-01T00:00:00Z
Q114756090,Q114756090,recurring event,Q2211,Malmö,,,
Q139898702,Festgħana,festival,Q233,Malta,,,1998-01-01T00:00:00Z
Q25486500,Malaysian Islamic Party's annual general meeting,recurring event,Q833,Malaysia,,,
Q67303429,Festival of Urban Culture at La Castellane,festival,Q23482,Marseille,2019-01-01T00:00:00Z,,
Q19839999,Chu Hua Yuan,ceremony,Q833,Malaysia,,,
Q18332649,Q18332649,recurring event,Q2211,Malmö,,,
Q133453344,Q133453344,recurring event,Q48278,Medellín,,,
Q12682000,Sacred food as offering,ceremony,Q833,Malaysia,,,
Q118127974,Wiki Loves Earth in Malaysia,recurring event,Q833,Malaysia,,,
Q109617399,Ong Chun,ceremony,Q833,Malaysia,,,
Q6718973,MTV World Stage Live in Malaysia,recurring event,Q833,Malaysia,2007-01-01T00:00:00Z,,2007-01-01T00:00:00Z
Q139488675,2017 Kelantan well-being program,recurring event,Q833,Malaysia,2017-04-28T00:00:00Z,2017-04-30T00:00:00Z,
Q136007869,Malaysian Games and Comics Convention 2012,recurring event,Q833,Malaysia,,,
Q24946823,Borneo Cultural Festival,festival,Q833,Malaysia,,,2003-01-01T00:00:00Z
Q29271,Pongal,festival,Q833,Malaysia,,,
Q29271,Pongal,festival,Q1027,Mauritius,,,
Q139486691,2015 Klang Valley well-being program,recurring event,Q833,Malaysia,2015-05-22T00:00:00Z,2015-05-24T00:00:00Z,
Q139486689,2015 Terengganu well-being program,recurring event,Q833,Malaysia,2015-04-16T00:00:00Z,2015-04-18T00:00:00Z,
Q139488674,2017 Sabah well-being program,recurring event,Q833,Malaysia,2017-03-24T00:00:00Z,2017-03-26T00:00:00Z,
Q139378460,Seksualiti Merdeka 2010,festival,Q833,Malaysia,2010-10-03T00:00:00Z,2010-10-17T00:00:00Z,
Q4256343,Malaysia Film Festival,recurring event,Q833,Malaysia,,,1980-01-01T00:00:00Z
Q139486687,2015 Johor well-being program,recurring event,Q833,Malaysia,2015-03-06T00:00:00Z,2015-03-08T00:00:00Z,
Q7278814,Rabu pungkasan,festival,Q833,Malaysia,,,
Q60968623,Q60968623,recurring event,Q2211,Malmö,,,1997-01-01T00:00:00Z
Q12699415,Langkawi International Maritime and Aerospace Exhibition,recurring event,Q833,Malaysia,,,1991-01-01T00:00:00Z
Q7447349,Seksualiti Merdeka,festival occurrence,Q833,Malaysia,,,2008-08-01T00:00:00Z
Q580654,Festival of the Flowers,festival,Q48278,Medellín,,,1963-01-01T00:00:00Z
Q139486742,JAKIM LGBT Outreach Programme,recurring event,Q833,Malaysia,,,2015-01-01T00:00:00Z
Q114767405,Q114767405,recurring event,Q2211,Malmö,,,
Q6085061,Q6085061,festival,Q48278,Medellín,1986-01-01T00:00:00Z,,1987-01-01T00:00:00Z
Q139486693,2015 Kedah well-being program,recurring event,Q833,Malaysia,2015-10-11T00:00:00Z,2015-10-13T00:00:00Z,
Q139378435,Seksualiti Merdeka 2009,festival,Q833,Malaysia,2009-08-12T00:00:00Z,2009-08-16T00:00:00Z,
Q138529635,Q138529635,party,Q912,Mali,,,
Q6366648,Q6366648,festival occurrence,Q96,Mexico,,,
Q18386346,Pan American Sports Festival,festival,Q96,Mexico,,,2014-01-01T00:00:00Z
Q106980863,Guelaguetza,festival,Q96,Mexico,,,
Q6865209,Minicon,recurring event,Q36091,Minneapolis,,,1968-01-01T00:00:00Z
Q6811770,Melbourne Fashion Festival,recurring event,Q3141,Melbourne,1996-01-01T00:00:00Z,,1996-01-01T00:00:00Z
Q116865836,Q116865836,festival,Q96,Mexico,,,
Q6366652,Q6366652,festival occurrence,Q96,Mexico,,,
Q3070315,2009 Monte-Carlo Television Festival,festival occurrence,Q235,Monaco,,,
Q6861503,Top Marques Monaco,recurring event,Q235,Monaco,,,
Q6811774,Melbourne Food and Wine Festival,recurring event,Q3141,Melbourne,,,1993-01-01T00:00:00Z
Q3070316,2010 Monte-Carlo Television Festival,festival occurrence,Q235,Monaco,,,
Q6811807,Melbourne International Animation Festival,recurring event,Q3141,Melbourne,,,2001-01-01T00:00:00Z
Q3306414,2007 Universal Forum of Cultures,recurring event,Q96,Mexico,2007-01-01T00:00:00Z,,2007-01-01T00:00:00Z
Q21002089,Q21002089,festival,Q96,Mexico,,,2012-01-01T00:00:00Z
Q6366650,Q6366650,festival occurrence,Q96,Mexico,2007-05-05T00:00:00Z,2007-05-06T00:00:00Z,
Q6435563,Q6435563,festival,Q96,Mexico,,,
Q48781926,Q48781926,festival,Q96,Mexico,,,
Q7586652,St-Ambroise Montreal Fringe Festival,festival,Q340,Montreal,1990-01-01T00:00:00Z,,1990-01-01T00:00:00Z
Q5861015,Festival Internacional de Música de Morelia,festival,Q96,Mexico,,,
Q116864282,Q116864282,festival,Q96,Mexico,,,1998-01-01T00:00:00Z
Q130448934,I Bienal Latinoamericana de Arquitectura de Paisaje,festival,Q96,Mexico,2014-06-10T00:00:00Z,2014-06-11T00:00:00Z,
Q5013416,CONvergence,recurring event,Q36091,Minneapolis,,,1999-01-01T00:00:00Z
Q3070534,Festival du Monde Arabe de Montréal,festival,Q340,Montreal,,,
Q116865889,Q116865889,festival,Q96,Mexico,,,2018-03-06T00:00:00Z
Q55074660,CutOut Fest,festival,Q96,Mexico,,,2009-01-01T00:00:00Z
Q130446454,Latin American Biennial of Landscape Architecture,recurring event,Q96,Mexico,,,2014-01-01T00:00:00Z
Q117122928,Q117122928,festival,Q96,Mexico,,,2015-02-15T00:00:00Z
Q116796254,Q116796254,festival,Q96,Mexico,,,
Q5964560,Q5964560,party,Q96,Mexico,,,
Q112418032,P'urépecha New Year's Festival,recurring event,Q96,Mexico,,,
Q4721902,Alfeñique fair,festival,Q96,Mexico,,,
Q5856656,Fashion Week Mexico,recurring event,Q96,Mexico,,,
Q117122814,Festival Nacional de la Birria,festival,Q96,Mexico,,,2018-01-01T00:00:00Z
Q96622031,Wiki Loves Folklore,recurring event,Q96,Mexico,,,
Q130449690,III Bienal Latinoamericana de Arquitectura de Paisaje,festival,Q96,Mexico,2018-09-26T00:00:00Z,2018-09-27T00:00:00Z,
Q120734802,Q120734802,festival,Q340,Montreal,,,1999-01-01T00:00:00Z
Q5356879,Festival Internacional Cervantino,festival,Q96,Mexico,,,
Q96277278,Q96277278,festival,Q2280,Minsk,,,2020-02-22T00:00:00Z
Q60762157,Fashion Week Mexico City,recurring event,Q96,Mexico,,,
Q139913541,International Colloquium on Sapphic Writings,recurring event,Q96,Mexico,,,2010-01-01T00:00:00Z
Q60762157,Fashion Week Mexico City,recurring event,Q1489,Mexico City,,,
Q5283926,Diversicon,recurring event,Q36091,Minneapolis,,,1992-01-01T00:00:00Z
Q130449690,III Bienal Latinoamericana de Arquitectura de Paisaje,recurring event,Q1489,Mexico City,2018-09-26T00:00:00Z,2018-09-27T00:00:00Z,
Q137258734,CIBACOPA All-Star Game,recurring event,Q96,Mexico,,,
Q130449692,V Bienal Latinoamericana de Arquitectura de Paisaje,festival,Q96,Mexico,,,
Q5166126,Convencion de Juegos de Mesa y Comics,recurring event,Q96,Mexico,,,1992-01-01T00:00:00Z
Q16567733,Fiesta de Enero en Chiapa de Corzo,party,Q96,Mexico,,,
Q16567447,Q16567447,festival,Q96,Mexico,,,1987-01-01T00:00:00Z
Q7258838,Puerto Vallarta festival,festival,Q96,Mexico,,,
Q126692489,Q126692489,recurring event,Q96,Mexico,2019-06-29T00:00:00Z,,2019-06-29T00:00:00Z
Q116869186,Leon International Balloon Festival,festival,Q96,Mexico,,,2002-12-01T00:00:00Z
Q116861311,Q116861311,festival,Q96,Mexico,,,2017-09-01T00:00:00Z
Q66443755,Q66443755,festival,Q2280,Minsk,,,
Q116861385,Q116861385,festival,Q96,Mexico,,,
Q16034467,Massimadi,festival,Q340,Montreal,,,2009-01-01T00:00:00Z
Q5158628,Concheros,ceremony,Q96,Mexico,,,
Q28503063,Q28503063,festival,Q96,Mexico,,,
Q135265244,Q135265244,party,Q96,Mexico,,,
Q136289122,LNBP All-Star Game,recurring event,Q96,Mexico,,,
Q6773081,MarsCon,recurring event,Q36091,Minneapolis,,,1999-01-01T00:00:00Z
Q7096093,Open House Melbourne,recurring event,Q3141,Melbourne,,,2008-01-01T00:00:00Z
Q607585,International Circus Festival of Monte-Carlo,festival,Q235,Monaco,,,1974-01-01T00:00:00Z
Q3070314,Q3070314,festival occurrence,Q235,Monaco,,,
Q105952494,Q105952494,festival,Q96,Mexico,,,
Q130449107,II Bienal Latinoamericana de Arquitectura de Paisaje,festival,Q96,Mexico,,,
Q25389537,Q25389537,festival,Q217,Moldova,,,
Q105952494,Q105952494,festival,Q1489,Mexico City,,,
Q116865281,Q116865281,festival,Q96,Mexico,,,2012-01-01T00:00:00Z
Q111990983,Feria de los Chicahuales,party,Q96,Mexico,,,
Q123513558,Festival Internacional de Teatro Universitario,festival,Q96,Mexico,1993-01-01T00:00:00Z,,
Q29443339,Mexico City Pride,recurring event,Q96,Mexico,,,1979-01-01T00:00:00Z
Q131859845,Q131859845,festival occurrence,Q1335,Montevideo,,,
Q17632986,Xochitlalis,festival,Q96,Mexico,,,
Q5858790,Municipal Book Fair of Guadalajara,recurring event,Q96,Mexico,,,1969-01-01T00:00:00Z
Q5614753,Guelaguetza,festival,Q96,Mexico,,,
Q16493165,Q16493165,festival,Q96,Mexico,,,
Q116862938,Q116862938,festival,Q96,Mexico,,,2018-02-10T00:00:00Z
Q3028738,Libre Graphics Meeting,recurring event,Q340,Montreal,,,2006-01-01T00:00:00Z
Q16970846,Melbourne Marathon Festival,festival,Q3141,Melbourne,,,1978-01-01T00:00:00Z
Q7272050,Quimera Festival,recurring event,Q96,Mexico,,,1990-01-01T00:00:00Z
Q2009332,OTI Festival 1981,festival occurrence,Q96,Mexico,,,
Q116865878,Festival Marica,festival,Q96,Mexico,,,2018-01-01T00:00:00Z
Q5613185,Guadalajara International Book Fair,recurring event,Q96,Mexico,1987-01-01T00:00:00Z,,1987-01-01T00:00:00Z
Q106097078,Belarusian Military Exhibition,recurring event,Q2280,Minsk,,,2001-01-01T00:00:00Z
Q81610,Mr Gay World,recurring event,Q96,Mexico,,,2009-01-01T00:00:00Z
Q20430438,Gustar,festival,Q217,Moldova,,,2010-01-01T00:00:00Z
Q123256583,Feria del Libro de Aguascalientes,recurring event,Q96,Mexico,,,1968-01-01T00:00:00Z
Q6907391,Moomba,festival,Q3141,Melbourne,1955-01-01T00:00:00Z,,1955-03-01T00:00:00Z
Q5613183,Guadalajara Gay Pride,recurring event,Q96,Mexico,,,1979-06-01T00:00:00Z
Q4456967,ShadowCon,recurring event,Q16563,Memphis,,,1997-01-01T00:00:00Z
Q116984010,Tlanchana Fest,festival,Q96,Mexico,,,2014-01-01T00:00:00Z
Q117134079,Q117134079,festival,Q96,Mexico,,,2023-02-18T00:00:00Z
Q3148912,Imagina,festival,Q235,Monaco,,,
Q5861066,Q5861066,festival,Q96,Mexico,,,
Q17623129,Muévete en Bici,recurring event,Q96,Mexico,,,
Q136325182,Q136325182,recurring event,Q1335,Montevideo,2023-01-01T00:00:00Z,,
Q4006210,Q4006210,festival,Q490,Milan,,,
Q130449691,IV Bienal Latinoamericana de Arquitectura de Paisaje,festival,Q96,Mexico,2020-09-29T00:00:00Z,2020-10-02T00:00:00Z,
Q6366640,Vive Latino 1998,festival occurrence,Q96,Mexico,,,
Q116869942,Q116869942,festival,Q96,Mexico,,,1998-01-01T00:00:00Z
Q24181236,Q24181236,recurring event,Q96,Mexico,,,
Q111944318,Rising,recurring event,Q3141,Melbourne,2022-01-01T00:00:00Z,,2020-01-01T00:00:00Z
Q765700,OTI Festival 1976,festival occurrence,Q96,Mexico,,,
Q107977901,Fandango jarocho,party,Q96,Mexico,,,
Q72205356,Feria Internacional del Libro Universitario,recurring event,Q96,Mexico,,,2017-01-01T00:00:00Z
Q56317877,"Corona Capital, Guadalajara",festival,Q96,Mexico,2010-10-16T00:00:00Z,,
Q5398863,Q5398863,festival,Q96,Mexico,,,
Q39080927,Q39080927,festival,Q96,Mexico,,,
Q3330959,MUTEK,festival,Q340,Montreal,,,2000-01-01T00:00:00Z
Q3533587,Q3533587,recurring event,Q340,Montreal,,,
Q123176833,El Aleph. Festival de arte y ciencia,festival,Q96,Mexico,,,
Q1133236,FLISOL,recurring event,Q96,Mexico,,,
Q123176833,El Aleph. Festival de arte y ciencia,festival,Q1489,Mexico City,,,
Q112660178,Con*Cept,recurring event,Q340,Montreal,,,1989-01-01T00:00:00Z
Q105873851,Bouge d'ici,festival,Q340,Montreal,,,
Q19206998,Normandy Format,recurring event,Q490,Milan,,,2014-06-06T00:00:00Z
Q3070809,International Festival of Film on Art,recurring event,Q340,Montreal,,,1981-01-01T00:00:00Z
Q77607393,El Nueve,discothèque,Q96,Mexico,,,1977-01-23T00:00:00Z
Q14226255,Minsk Gay Pride,festival,Q2280,Minsk,,,1999-01-01T00:00:00Z
Q21002090,Q21002090,festival,Q96,Mexico,,,
Q139737336,International Architecture Festival,festival,Q96,Mexico,,,
Q21002091,Q21002091,festival,Q96,Mexico,,,
Q123238578,Q123238578,recurring event,Q96,Mexico,,,2019-09-19T00:00:00Z
Q117123984,Festival del Tamal y el Atole,festival,Q96,Mexico,,,2023-01-01T00:00:00Z
Q96372033,Anarchapulco,recurring event,Q96,Mexico,,,2015-01-01T00:00:00Z
Q661777,Feria Nacional de San Marcos,party,Q96,Mexico,,,
Q130448934,I Bienal Latinoamericana de Arquitectura de Paisaje,festival,Q1489,Mexico City,2014-06-10T00:00:00Z,2014-06-11T00:00:00Z,
Q112617847,Basicon,recurring event,Q3141,Melbourne,,,1995-01-01T00:00:00Z
Q123513558,Festival Internacional de Teatro Universitario,festival,Q1489,Mexico City,1993-01-01T00:00:00Z,,
Q130101779,Q130101779,festival,Q96,Mexico,,,2021-01-01T00:00:00Z
Q29443339,Mexico City Pride,recurring event,Q1489,Mexico City,,,1979-01-01T00:00:00Z
Q26183454,Vive Latino 2015,festival occurrence,Q96,Mexico,,,
Q28224128,Melbourne International Games Week,recurring event,Q3141,Melbourne,,,2015-01-01T00:00:00Z
Q116541587,Wiki Loves Monuments in Mexico,recurring event,Q96,Mexico,,,
Q117134511,Q117134511,festival,Q96,Mexico,,,
Q19206998,Normandy Format,recurring event,Q2280,Minsk,,,2014-06-06T00:00:00Z
Q51647311,March of the Diversity,recurring event,Q1335,Montevideo,,,1992-01-01T00:00:00Z
Q26183450,Q26183450,festival occurrence,Q96,Mexico,2014-03-27T00:00:00Z,2014-03-30T00:00:00Z,
Q65241866,Q65241866,discothèque,Q96,Mexico,,,
Q131278398,Montreal Jazz Festival,festival,Q340,Montreal,,,
Q6811812,Melbourne International Jazz Festival,recurring event,Q3141,Melbourne,,,1998-01-01T00:00:00Z
Q5842504,Q5842504,festival,Q96,Mexico,,,
Q1161566,OTI Festival 1974,festival occurrence,Q96,Mexico,,,
Q3070337,Gnaoua World Music Festival,recurring event,Q1028,Morocco,,,1998-01-01T00:00:00Z
Q137424936,Q137424936,recurring event,Q1028,Morocco,,,2012-01-01T00:00:00Z
Q86732596,2013 Monte-Carlo Television Festival,festival occurrence,Q235,Monaco,,,
Q20526705,Q20526705,festival,Q236,Montenegro,,,
Q85664014,Gnaoua World Music Festival 2018,festival occurrence,Q1028,Morocco,2018-06-21T00:00:00Z,2018-06-23T00:00:00Z,
Q17353817,2014 Monte-Carlo Television Festival,festival occurrence,Q235,Monaco,,,
Q86733544,Q86733544,festival occurrence,Q235,Monaco,,,
Q86732949,Q86732949,festival occurrence,Q235,Monaco,,,
Q85635110,Gnaoua World Music Festival 1999,festival occurrence,Q1028,Morocco,1999-06-24T00:00:00Z,1999-06-27T00:00:00Z,
Q85662947,Gnaoua World Music Festival 2015,festival occurrence,Q1028,Morocco,2015-05-14T00:00:00Z,2015-05-17T00:00:00Z,
Q131294364,Marrakech Popular Arts Festival,festival,Q1028,Morocco,,,1969-01-01T00:00:00Z
Q124007611,Q124007611,festival,Q1028,Morocco,,,
Q110048786,Trg od ćirilice,festival,Q236,Montenegro,,,
Q132200576,Agtana Khureet Festival,recurring event,Q711,Mongolia,,,
Q85662053,Gnaoua World Music Festival 2011,festival occurrence,Q1028,Morocco,2011-06-23T00:00:00Z,2011-06-26T00:00:00Z,
Q85662524,Gnaoua World Music Festival 2013,festival occurrence,Q1028,Morocco,2013-06-20T00:00:00Z,2013-06-23T00:00:00Z,
Q86732975,Q86732975,festival occurrence,Q235,Monaco,,,
Q25349615,15th edition of Mawazine Festival,festival occurrence,Q1028,Morocco,2016-05-20T00:00:00Z,2016-05-28T00:00:00Z,
Q28495007,2015 Monte-Carlo Television Festival,festival occurrence,Q235,Monaco,,,
Q111431254,Negev Forum,recurring event,Q1028,Morocco,,,2022-03-28T00:00:00Z
Q25110777,Anmugar Amadal N Zafran,festival,Q1028,Morocco,,,
Q86071953,Q86071953,festival occurrence,Q1028,Morocco,2009-05-15T00:00:00Z,2009-05-23T00:00:00Z,
Q28495014,2016 Monte-Carlo Television Festival,festival occurrence,Q235,Monaco,,,
Q131283231,Roses Festival,festival,Q1028,Morocco,,,1962-01-01T00:00:00Z
Q137858464,Q137858464,festival,Q1028,Morocco,,,
Q86733601,Q86733601,festival occurrence,Q235,Monaco,,,
Q25383554,Population census of Morocco,recurring event,Q1028,Morocco,1960-01-01T00:00:00Z,,
Q3092861,Q3092861,festival,Q1028,Morocco,,,
Q97096981,Q97096981,party,Q1028,Morocco,,,
Q86071360,Q86071360,festival occurrence,Q1028,Morocco,2008-05-16T00:00:00Z,2008-05-24T00:00:00Z,
Q85636907,Gnaoua World Music Festival 2004,festival occurrence,Q1028,Morocco,2004-06-24T00:00:00Z,2004-06-27T00:00:00Z,
Q131278983,International Nomad Festival,festival,Q1028,Morocco,,,
Q86732525,2018 Monte-Carlo Television Festival,festival occurrence,Q235,Monaco,,,
Q85662304,Gnaoua World Music Festival 2012,festival occurrence,Q1028,Morocco,2012-06-21T00:00:00Z,2012-06-24T00:00:00Z,
Q3045874,Mawazine,recurring event,Q1028,Morocco,,,2001-01-01T00:00:00Z
Q39074938,2017 Monte-Carlo Television Festival,festival occurrence,Q235,Monaco,,,
Q135012389,Q135012389,festival,Q1028,Morocco,,,2021-01-01T00:00:00Z
Q125685100,Q125685100,party,Q1028,Morocco,,,
Q530944,Boulevard des Jeunes Musiciens,recurring event,Q1028,Morocco,,,1999-01-01T00:00:00Z
Q86733894,2007 Monte-Carlo Television Festival,festival occurrence,Q235,Monaco,,,
Q85638771,Gnaoua World Music Festival 2008,festival occurrence,Q1028,Morocco,2008-06-26T00:00:00Z,2008-06-29T00:00:00Z,
Q85635672,Gnaoua World Music Festival 2001,festival occurrence,Q1028,Morocco,2001-06-14T00:00:00Z,2001-06-17T00:00:00Z,
Q12245982,Morocco Donkey Festival,festival,Q1028,Morocco,,,
Q85663667,Gnaoua World Music Festival 2019,festival occurrence,Q1028,Morocco,2019-06-20T00:00:00Z,2019-06-23T00:00:00Z,
Q131294508,Imilchil Marriage Festival,festival,Q1028,Morocco,,,
Q85631891,Gnaoua World Music Festival 2016,festival occurrence,Q1028,Morocco,2016-05-12T00:00:00Z,2016-05-15T00:00:00Z,
Q86733494,Q86733494,festival occurrence,Q235,Monaco,,,
Q94085101,Fez Festival of Amazigh Culture,festival,Q1028,Morocco,,,2005-01-01T00:00:00Z
Q86732553,2019 Monte-Carlo Television Festival,festival occurrence,Q235,Monaco,,,
Q16034466,Q16034466,recurring event,Q1028,Morocco,,,2011-01-01T00:00:00Z
Q85635380,Gnaoua World Music Festival 2000,festival occurrence,Q1028,Morocco,2000-06-08T00:00:00Z,2000-06-11T00:00:00Z,
Q4865246,Montevizija,festival,Q236,Montenegro,,,
Q12245968,Q12245968,festival,Q1028,Morocco,,,
Q85636682,Gnaoua World Music Festival 2003,festival occurrence,Q1028,Morocco,2003-06-26T00:00:00Z,2003-06-29T00:00:00Z,
Q3092853,Imilchil Moussem,festival,Q1028,Morocco,,,
Q85631794,Gnaoua World Music Festival 2017,festival occurrence,Q1028,Morocco,2017-06-29T00:00:00Z,2017-07-01T00:00:00Z,
Q131279123,Marathon des Sables,festival,Q1028,Morocco,,,1986-01-01T00:00:00Z
Q85632056,Gnaoua World Music Festival 1998,festival occurrence,Q1028,Morocco,1998-06-05T00:00:00Z,1998-06-07T00:00:00Z,
Q16009834,2012 Monte-Carlo Television Festival,festival occurrence,Q235,Monaco,,,
Q85638081,Gnaoua World Music Festival 2007,festival occurrence,Q1028,Morocco,2007-06-19T00:00:00Z,2007-06-23T00:00:00Z,
Q85635838,Gnaoua World Music Festival 2002,festival occurrence,Q1028,Morocco,2002-06-13T00:00:00Z,2002-06-15T00:00:00Z,
Q12245986,Q12245986,festival,Q1028,Morocco,,,
Q85637338,Gnaoua World Music Festival 2005,festival occurrence,Q1028,Morocco,2005-06-23T00:00:00Z,2005-06-26T00:00:00Z,
Q16009833,2011 Monte-Carlo Television Festival,festival occurrence,Q235,Monaco,,,
Q85637507,Gnaoua World Music Festival 2006,festival occurrence,Q1028,Morocco,2006-06-22T00:00:00Z,2006-06-25T00:00:00Z,
Q721133,Naadam,festival,Q711,Mongolia,,,
Q86733665,Q86733665,festival occurrence,Q235,Monaco,,,
Q105062189,Q105062189,festival,Q1028,Morocco,,,
Q16934233,Monaco Yacht Show,recurring event,Q235,Monaco,1991-01-01T00:00:00Z,,1991-01-01T00:00:00Z
Q12745329,Q12745329,festival,Q236,Montenegro,,,1987-01-01T00:00:00Z
Q85662743,Gnaoua World Music Festival 2014,festival occurrence,Q1028,Morocco,2014-06-12T00:00:00Z,2014-06-15T00:00:00Z,
Q85638912,Gnaoua World Music Festival 2009,festival occurrence,Q1028,Morocco,2009-06-25T00:00:00Z,2009-06-28T00:00:00Z,
Q86732924,Q86732924,festival occurrence,Q235,Monaco,,,
Q1821804,Q1821804,festival,Q55,Netherlands,,,
Q124036381,Almost Naked party,party,Q649,Moscow,2023-12-20T00:00:00Z,2023-12-21T00:00:00Z,
Q2446781,Q2446781,discothèque,Q55,Netherlands,,,
Q113412235,Our Generation 2023,festival occurrence,Q649,Moscow,2023-03-01T00:00:00Z,2023-04-01T00:00:00Z,
Q452897,The European Fine Art Fair,recurring event,Q55,Netherlands,,,1988-01-01T00:00:00Z
Q7448003,Self-Transcendence 6 & 10 day,recurring event,Q60,New York City,1985-01-01T00:00:00Z,,1985-01-01T00:00:00Z
Q2082409,Scrooge Festival,festival,Q55,Netherlands,,,
Q1846767,Arnhem Mode Biënnale,recurring event,Q55,Netherlands,,,2005-01-01T00:00:00Z
Q2357769,Q2357769,recurring event,Q55,Netherlands,,,
Q2432190,Q2432190,recurring event,Q55,Netherlands,,,
Q2171993,The World Port Days,recurring event,Q55,Netherlands,,,1976-01-01T00:00:00Z
Q5958068,Hypericon,recurring event,Q23197,Nashville,,,2005-01-01T00:00:00Z
Q2302723,Q2302723,recurring event,Q55,Netherlands,,,
Q2256949,Parel van de Veluwe,recurring event,Q55,Netherlands,,,1985-01-01T00:00:00Z
Q1353202,Wiki Loves Monuments,recurring event,Q55,Netherlands,,,2010-01-01T00:00:00Z
Q113493162,May Contain Hackers 2022,recurring event,Q55,Netherlands,2022-07-22T00:00:00Z,2022-07-26T00:00:00Z,
Q2294184,Brunssum October Fests,party,Q55,Netherlands,,,
Q6703618,Lunacon,recurring event,Q60,New York City,,,1957-01-01T00:00:00Z
Q2395048,Q2395048,discothèque,Q55,Netherlands,,,
Q2203517,Q2203517,recurring event,Q55,Netherlands,,,2004-01-01T00:00:00Z
Q2120072,Eelde Flower Parade,recurring event,Q55,Netherlands,,,
Q2287773,Dutch Design Week,recurring event,Q55,Netherlands,2002-01-01T00:00:00Z,,
Q2211743,Q2211743,recurring event,Q55,Netherlands,,,2008-01-01T00:00:00Z
Q2255458,Week of the Landscape,recurring event,Q55,Netherlands,,,
Q2384646,Summer Carnival,party,Q55,Netherlands,,,1984-01-01T00:00:00Z
Q1873144,Q1873144,festival,Q55,Netherlands,,,
Q1863445,GLOW Festival Eindhoven,festival,Q55,Netherlands,,,
Q1113829,New York Fashion Week,recurring event,Q60,New York City,1943-01-01T00:00:00Z,,1943-01-01T00:00:00Z
Q1941791,Q1941791,recurring event,Q55,Netherlands,,,
Q2635715,6th World Festival of Youth and Students,festival occurrence,Q649,Moscow,,,
Q2359698,T-DOSE,recurring event,Q55,Netherlands,2006-12-02T00:00:00Z,,
Q124102031,International University Choral Festival,festival,Q60,New York City,,,
Q2181135,Festival of Fools,festival,Q55,Netherlands,,,1975-01-01T00:00:00Z
Q135010700,Two Rivers 2025,festival,Q649,Moscow,,,
Q2286836,Parade,festival,Q55,Netherlands,,,
Q1841668,Nacht van de Poëzie,recurring event,Q55,Netherlands,,,
Q1639632,Kwaku Summer Festival,festival,Q55,Netherlands,1975-01-01T00:00:00Z,,
Q112624232,Cabbagecon,recurring event,Q55,Netherlands,,,2010-01-01T00:00:00Z
Q2280523,Dordt in Stoom,recurring event,Q55,Netherlands,,,
Q2447862,Maand van de Geschiedenis,recurring event,Q55,Netherlands,,,
Q4842341,Bahamas International Film Festival,festival,Q2467,Nassau,,,
Q681814,Siege of Groningen,party,Q55,Netherlands,1672-07-09T00:00:00Z,1672-08-17T00:00:00Z,
Q2402586,Q2402586,festival,Q55,Netherlands,,,
Q2140539,Zundert Flower Parade,recurring event,Q55,Netherlands,,,
Q1835341,Q1835341,discothèque,Q55,Netherlands,,,
Q18624252,Free & Easy Festival,festival,Q1726,Munich,,,1995-01-01T00:00:00Z
Q4341154,Q4341154,festival,Q649,Moscow,,,
Q117336720,Youth Festival 2012,festival,Q987,New Delhi,,,2012-01-01T00:00:00Z
Q85802389,Southern Festival of Books,recurring event,Q23197,Nashville,,,
Q1862592,Q1862592,recurring event,Q55,Netherlands,,,
Q2228011,Eindhoven Ballooning,recurring event,Q55,Netherlands,,,
Q2350450,KunstRAI,recurring event,Q55,Netherlands,,,
Q2214547,Gergiev Festival,festival,Q55,Netherlands,,,1996-01-01T00:00:00Z
Q2018869,Q2018869,festival,Q55,Netherlands,,,1997-01-01T00:00:00Z
Q2345516,RoXY,discothèque,Q55,Netherlands,,,1987-08-01T00:00:00Z
Q2072705,The Hague Debutante Ball,recurring event,Q55,Netherlands,,,
Q1823260,Nationaal Songfestival 1958,festival occurrence,Q55,Netherlands,,,
Q2066411,Varend Corso Westland,recurring event,Q55,Netherlands,,,
Q2400066,Festival a/d Werf,festival,Q55,Netherlands,1986-01-01T00:00:00Z,2012-01-01T00:00:00Z,
Q2474089,Q2474089,recurring event,Q55,Netherlands,,,
Q135568353,Namibian Lesbian Festival 2022,festival,Q1030,Namibia,,,
Q2281885,Q2281885,party,Q55,Netherlands,,,
Q3552770,Utopiales,recurring event,Q12191,Nantes,,,2000-01-01T00:00:00Z
Q80949,April Fools' Day,recurring event,Q55,Netherlands,1564-01-01T00:00:00Z,,
Q2157248,Q2157248,recurring event,Q55,Netherlands,,,
Q121639672,Summer Streets,recurring event,Q60,New York City,,,2008-01-01T00:00:00Z
Q25390136,Q25390136,festival,Q649,Moscow,,,
Q1058102,International Tchaikovsky Competition,recurring event,Q649,Moscow,,,1958-01-01T00:00:00Z
Q616693,Ronde van Limburg,recurring event,Q55,Netherlands,,,1948-01-01T00:00:00Z
Q3119054,"World Science Festival, 2008",festival occurrence,Q60,New York City,2008-05-28T00:00:00Z,2008-06-01T00:00:00Z,
Q974167,Nationaal Songfestival 1983,festival occurrence,Q55,Netherlands,,,
Q24948797,Bihar Utsav,festival,Q987,New Delhi,,,
Q2463370,Q2463370,festival,Q55,Netherlands,,,
Q1516940,Prinsjesdag,recurring event,Q55,Netherlands,,,
Q2232965,Harley Day Breda,recurring event,Q55,Netherlands,,,
Q1911707,Amsterdam Fashion Week,recurring event,Q55,Netherlands,,,
Q2331130,Q2331130,festival,Q55,Netherlands,,,1989-01-01T00:00:00Z
Q2025394,Q2025394,recurring event,Q55,Netherlands,,,
Q2321840,Musica Sacra Maastricht,festival,Q55,Netherlands,,,1983-01-01T00:00:00Z
Q110246928,Festival of the Madonna of the Arch,festival,Q2634,Naples,,,1600-01-01T00:00:00Z
Q2260397,Q2260397,festival,Q55,Netherlands,,,
Q2212236,SAIL Amsterdam,recurring event,Q55,Netherlands,,,
Q2377119,Q2377119,festival,Q55,Netherlands,,,1986-01-01T00:00:00Z
Q2027203,Q2027203,recurring event,Q55,Netherlands,,,
Q2047885,TEDxAmsterdam,recurring event,Q55,Netherlands,,,
Q2016137,Tangomagia,recurring event,Q55,Netherlands,,,
Q133264775,Q133264775,festival,Q12191,Nantes,,,2013-01-01T00:00:00Z
Q111439846,Musicon,recurring event,Q23197,Nashville,,,1992-01-01T00:00:00Z
Q1951091,GOGBOT,festival,Q55,Netherlands,,,2003-01-01T00:00:00Z
Q2003348,Q2003348,recurring event,Q55,Netherlands,,,
Q2254487,Q2254487,recurring event,Q55,Netherlands,,,
Q2229455,Dutch Dance Days Festival,festival,Q55,Netherlands,,,
Q2104914,Veterans Day (Netherlands),recurring event,Q55,Netherlands,,,
Q2083465,Q2083465,recurring event,Q55,Netherlands,,,
Q2132045,Ronde van Midden-Nederland,recurring event,Q55,Netherlands,,,1948-01-01T00:00:00Z
Q1834547,Prinsengrachtconcert,recurring event,Q55,Netherlands,,,
Q258550,Cameretten,festival,Q55,Netherlands,,,
Q2004206,Kom in de Kas,recurring event,Q55,Netherlands,,,
Q2478389,Tong Tong Fair,festival,Q55,Netherlands,,,1959-01-01T00:00:00Z
Q1958531,National Mills Day,festival,Q55,Netherlands,,,
Q1519668,Grote Prijs Gerrie Knetemann,recurring event,Q55,Netherlands,,,2006-01-01T00:00:00Z
Q2237897,5th of may parade,recurring event,Q55,Netherlands,,,
Q2005256,Út Sneek,festival,Q55,Netherlands,,,
Q2135223,actus,ceremony,Q55,Netherlands,,,
Q137776825,New York Herald Tribune Youth Forum,recurring event,Q60,New York City,1947-01-01T00:00:00Z,1972-01-01T00:00:00Z,
Q2038681,Q2038681,recurring event,Q55,Netherlands,,,1984-01-01T00:00:00Z
Q2225726,Nationale Voorleesdagen,recurring event,Q55,Netherlands,,,
Q111442303,Metrocon,recurring event,Q60,New York City,,,1954-01-01T00:00:00Z
Q111439782,Xanadu,recurring event,Q23197,Nashville,,,1983-01-01T00:00:00Z
Q2193635,Q2193635,festival,Q55,Netherlands,,,1966-01-01T00:00:00Z
Q60747577,Agera,festival,Q1156,Mumbai,,,
Q113707971,Munich Isar proof,party,Q1726,Munich,,,2008-01-01T00:00:00Z
Q100700975,White Ravens,festival,Q1726,Munich,,,1986-01-01T00:00:00Z
Q1966423,Springdance,festival,Q55,Netherlands,,,
Q97181261,Q97181261,recurring event,Q12191,Nantes,,,2006-01-01T00:00:00Z
Q136148747,Absurde Séance Nantes International Film Festival,recurring event,Q12191,Nantes,,,2009-01-01T00:00:00Z
Q2062414,Zuidenveldfeest,recurring event,Q55,Netherlands,,,
Q2095889,Pinksterlanddagen,recurring event,Q55,Netherlands,,,
Q2201305,Stripdagen Haarlem,festival,Q55,Netherlands,,,1992-01-01T00:00:00Z
Q2353364,Brabant Day,festival,Q55,Netherlands,,,
Q1959870,Havana,discothèque,Q55,Netherlands,,,
Q2102242,Q2102242,recurring event,Q55,Netherlands,,,
Q739459,Nationaal Songfestival 1977,festival occurrence,Q55,Netherlands,,,
Q112615487,Apricon,recurring event,Q60,New York City,,,1978-01-01T00:00:00Z
Q617378,Worldcon,recurring event,Q55,Netherlands,,,1939-01-01T00:00:00Z
Q1898881,Q1898881,festival,Q55,Netherlands,,,
Q3445725,Roxy NYC,discothèque,Q60,New York City,,,1978-01-01T00:00:00Z
Q2236815,Q2236815,recurring event,Q55,Netherlands,,,
Q2240130,KunstTour,festival,Q55,Netherlands,,,
Q1328416,Elf Fantasy Fair,festival,Q55,Netherlands,,,2001-01-01T00:00:00Z
Q2440929,Oud Limburgs Schuttersfeest,festival,Q55,Netherlands,1876-01-01T00:00:00Z,,
Q2133760,Q2133760,recurring event,Q55,Netherlands,,,
Q113403407,Q113403407,festival,Q649,Moscow,,,1993-01-01T00:00:00Z
Q1960414,Q1960414,festival,Q55,Netherlands,,,
Q333016,King's Day,recurring event,Q55,Netherlands,1885-01-01T00:00:00Z,,
Q112659899,CozyCon,recurring event,Q55,Netherlands,,,1995-01-01T00:00:00Z
Q1971813,Q1971813,festival,Q55,Netherlands,,,
Q2217867,De Inktaap,recurring event,Q55,Netherlands,2002-01-01T00:00:00Z,,2002-01-01T00:00:00Z
Q2207483,Poelifinario,recurring event,Q55,Netherlands,2003-01-01T00:00:00Z,,2003-01-01T00:00:00Z
Q1855632,Q1855632,recurring event,Q55,Netherlands,,,
Q1924646,Q1924646,recurring event,Q55,Netherlands,,,
Q948858,Cannabis Cup,festival,Q55,Netherlands,,,1988-01-01T00:00:00Z
Q1842272,Drentse Fiets 4daagse,recurring event,Q55,Netherlands,,,
Q2304571,Q2304571,festival,Q55,Netherlands,,,
Q135659074,What Hackers Yearn 2025,recurring event,Q55,Netherlands,2025-08-08T00:00:00Z,2025-08-12T00:00:00Z,
Q112632021,Hillcon,recurring event,Q55,Netherlands,,,1981-01-01T00:00:00Z
Q2168110,Q2168110,recurring event,Q55,Netherlands,,,2008-01-01T00:00:00Z
Q129636581,Moscow-2030,festival,Q649,Moscow,2024-08-01T00:00:00Z,2024-09-08T00:00:00Z,
Q1851942,Parkpop,recurring event,Q55,Netherlands,,,1981-01-01T00:00:00Z
Q35567390,Walhalla,discothèque,Q55,Netherlands,,,
Q17144006,Puck Fair,festival,Q55,Netherlands,,,
Q13135713,Q13135713,recurring event,Q55,Netherlands,,,1980-01-01T00:00:00Z
Q25616583,Q25616583,recurring event,Q55,Netherlands,,,2000-01-01T00:00:00Z
Q13510235,Dada-tournee,recurring event,Q55,Netherlands,,,1923-01-10T00:00:00Z
Q54860003,Q54860003,festival,Q55,Netherlands,,,2013-01-01T00:00:00Z
Q2755211,Kaagweek,festival,Q55,Netherlands,,,
Q4748745,Oerol Festival,festival,Q55,Netherlands,,2017-06-18T00:00:00Z,1981-01-01T00:00:00Z
Q2903951,Q2903951,recurring event,Q55,Netherlands,,,
Q2683762,Parkzicht,discothèque,Q55,Netherlands,,,
Q2589993,Q2589993,recurring event,Q55,Netherlands,,,1991-01-01T00:00:00Z
Q2737425,Q2737425,recurring event,Q55,Netherlands,,,
Q56305320,Psy-Fi,recurring event,Q55,Netherlands,,,2013-01-01T00:00:00Z
Q15885631,Nationaal Songfestival 1994,festival occurrence,Q55,Netherlands,,,
Q17148787,SMOFcon,recurring event,Q55,Netherlands,,,1984-01-01T00:00:00Z
Q3943627,Fruitcorso Tiel,recurring event,Q55,Netherlands,,,
Q54413794,Q54413794,discothèque,Q55,Netherlands,,,
Q13636589,Q13636589,recurring event,Q55,Netherlands,,,
Q2520077,New Years Eve,recurring event,Q55,Netherlands,,,2005-01-01T00:00:00Z
Q15885632,Nationaal Songfestival 1999,festival occurrence,Q55,Netherlands,,,
Q20979129,Q20979129,festival,Q55,Netherlands,,,
Q6053673,International Student Congress of Medical Sciences,recurring event,Q55,Netherlands,1992-01-01T00:00:00Z,,1992-01-01T00:00:00Z
Q15879662,Nationaal Songfestival 1990,festival occurrence,Q55,Netherlands,,,
Q15879663,Nationaal Songfestival 1992,festival occurrence,Q55,Netherlands,,,
Q3079557,Q3079557,festival,Q55,Netherlands,,,
Q15879660,Nationaal Songfestival 1988,festival occurrence,Q55,Netherlands,,,
Q15879666,Nationaal Songfestival 1996,festival occurrence,Q55,Netherlands,,,
Q2652986,Q2652986,recurring event,Q55,Netherlands,,,
Q4900107,Dag van de Bouw,recurring event,Q55,Netherlands,2006-06-03T00:00:00Z,,
Q3952132,Truckstar Festival,festival,Q55,Netherlands,,,
Q2629346,DOK,discothèque,Q55,Netherlands,,,
Q3213984,Q3213984,festival,Q55,Netherlands,,,
Q3105189,Nach van 't Limburgse Leed,festival,Q55,Netherlands,,,
Q14646155,Nationaal Songfestival 1975,festival occurrence,Q55,Netherlands,,,
Q13441005,Bob's Party Palace,discothèque,Q55,Netherlands,,,
Q2965050,Het Tuinfeest,recurring event,Q55,Netherlands,,,
Q2602804,Q2602804,festival,Q55,Netherlands,,,
Q54859994,Q54859994,festival,Q55,Netherlands,,,
Q2491204,Gouda bij Kaarslicht,festival,Q55,Netherlands,,,
Q27349622,Historic Festival Almelo,festival,Q55,Netherlands,,,
Q2609042,Q2609042,recurring event,Q55,Netherlands,,,
Q54859993,Q54859993,festival,Q55,Netherlands,,,
Q5138389,Q5138389,recurring event,Q55,Netherlands,,,
Q13748986,Q13748986,recurring event,Q55,Netherlands,,,
Q54859998,Q54859998,festival,Q55,Netherlands,,,
Q14646160,Nationaal Songfestival 1976,festival occurrence,Q55,Netherlands,,,
Q54859999,Q54859999,festival,Q55,Netherlands,,,
Q2783065,Q2783065,recurring event,Q55,Netherlands,,,
Q54859996,Q54859996,festival,Q55,Netherlands,,,
Q14646166,Nationaal Songfestival 1978,festival occurrence,Q55,Netherlands,,,
Q4560967,Q4560967,recurring event,Q55,Netherlands,,,
Q54859997,Q54859997,festival,Q55,Netherlands,,,
Q2536138,Q2536138,recurring event,Q55,Netherlands,,,
Q26156861,Amsterdam Light Festival,festival,Q55,Netherlands,,,2011-01-01T00:00:00Z
Q54860000,Q54860000,festival,Q55,Netherlands,,,
Q2501496,Nationaal Songfestival 2010,festival occurrence,Q55,Netherlands,,,
Q54860001,Q54860001,festival,Q55,Netherlands,,,
Q2697905,Friese Ballonfeesten,recurring event,Q55,Netherlands,,,
Q4957624,Q4957624,recurring event,Q55,Netherlands,,,
Q54860004,Q54860004,festival,Q55,Netherlands,,,
Q2689161,Q2689161,recurring event,Q55,Netherlands,,,
Q2801443,Open Dagen Luchtmacht,recurring event,Q55,Netherlands,,,
Q54860005,Q54860005,festival,Q55,Netherlands,,,
Q2567270,Q2567270,festival,Q55,Netherlands,,,
Q2756227,Q2756227,recurring event,Q55,Netherlands,,,
Q2864426,Marinedagen,recurring event,Q55,Netherlands,,,
Q13632977,Fashionclash,festival,Q55,Netherlands,,,
Q20683546,Valkenswaard Flower Parade,recurring event,Q55,Netherlands,,,
Q20991328,Q20991328,festival,Q55,Netherlands,,,
Q3930750,Q3930750,recurring event,Q55,Netherlands,,,
Q2929803,Q2929803,festival,Q55,Netherlands,,,1990-01-01T00:00:00Z
Q15526277,Best Kept Secret,recurring event,Q55,Netherlands,,,2013-01-01T00:00:00Z
Q2683330,Q2683330,recurring event,Q55,Netherlands,,,
Q4671838,Oud-Lunterse Dag,recurring event,Q55,Netherlands,,,
Q2573290,Q2573290,festival,Q55,Netherlands,,,
Q25640486,Queensday Maastricht,festival,Q55,Netherlands,,,
Q13873307,Q13873307,festival,Q55,Netherlands,,,
Q2625730,Q2625730,recurring event,Q55,Netherlands,,,
Q55063975,Greidhoek' Festival,festival,Q55,Netherlands,,,2011-01-01T00:00:00Z
Q52636390,Eleven Cities Oldtimer Rally,recurring event,Q55,Netherlands,,,1984-01-01T00:00:00Z
Q54859995,Q54859995,festival,Q55,Netherlands,,,1905-06-18T00:00:00Z
Q2546526,Q2546526,recurring event,Q55,Netherlands,,,
Q30644087,Dancing on the Edge Festival,festival,Q55,Netherlands,,,2007-01-01T00:00:00Z
Q20979131,HobNob,festival,Q55,Netherlands,,,
Q50335348,Amsterdam Open Air,festival,Q55,Netherlands,,,
Q13573727,Q13573727,festival,Q55,Netherlands,,,
Q14923361,Nationaal Songfestival 1982,festival occurrence,Q55,Netherlands,,,
Q20620692,Q20620692,recurring event,Q55,Netherlands,,,1989-01-01T00:00:00Z
Q15885630,Nationaal Songfestival 1965,festival occurrence,Q55,Netherlands,1965-02-08T00:00:00Z,1965-02-13T00:00:00Z,
Q14923364,Nationaal Songfestival 1987,festival occurrence,Q55,Netherlands,,,
Q14643351,Midzomergracht,festival,Q55,Netherlands,,,1997-01-01T00:00:00Z
Q4035098,Vredesweek,recurring event,Q55,Netherlands,,,
Q13573729,Q13573729,festival,Q55,Netherlands,,,
Q13878586,Nationaal Songfestival 2009,festival occurrence,Q55,Netherlands,,,
Q20011006,Vuurol,recurring event,Q55,Netherlands,,,
Q3374213,Naturalisatiedag,recurring event,Q55,Netherlands,,,
Q3031119,Concert At Sea,recurring event,Q55,Netherlands,,,2006-01-01T00:00:00Z
Q4433028,Dutch National Jamboree,recurring event,Q55,Netherlands,,,
Q3916983,Q3916983,recurring event,Q55,Netherlands,,,
Q2774713,Q2774713,festival,Q55,Netherlands,,,1962-01-01T00:00:00Z
Q2490268,Nationaal Songfestival 1984,festival occurrence,Q55,Netherlands,,,
Q5199972,Nationaal Songfestival 2012,festival occurrence,Q55,Netherlands,,,
Q34806206,Tweetakt,festival,Q55,Netherlands,,,1905-06-21T00:00:00Z
Q3144682,Q3144682,recurring event,Q55,Netherlands,,,
Q2566527,What the Hack,recurring event,Q55,Netherlands,,,1989-01-01T00:00:00Z
Q4456582,Bollenstreek Flower Parade,recurring event,Q55,Netherlands,,,
Q16508486,Limburg Festival,festival,Q55,Netherlands,,,
Q16801524,Q16801524,recurring event,Q55,Netherlands,,,
Q2481217,iT,discothèque,Q55,Netherlands,,,
Q2742849,Q2742849,festival,Q55,Netherlands,,,
Q7339580,Roadburn Festival,recurring event,Q55,Netherlands,,,1999-01-01T00:00:00Z
Q2663992,Q2663992,party,Q55,Netherlands,,,
Q44829646,BredaPhoto,festival,Q55,Netherlands,,,2003-01-01T00:00:00Z
Q4026513,Q4026513,recurring event,Q55,Netherlands,,,
Q2698600,Q2698600,festival,Q55,Netherlands,,,
Q25681690,Q25681690,party,Q55,Netherlands,,,
Q19915201,Viva Classic Live,festival,Q55,Netherlands,,,
Q2634158,Q2634158,recurring event,Q55,Netherlands,,,1893-01-01T00:00:00Z
Q13882224,Nationaal Songfestival 2007,festival occurrence,Q55,Netherlands,,,
Q4714147,National Violin Competition Oskar Back,recurring event,Q55,Netherlands,,,
Q14533152,Observe. Hack. Make.,recurring event,Q55,Netherlands,2013-07-31T00:00:00Z,2013-08-04T00:00:00Z,
Q20232423,Nationaal Songfestival 1970,festival occurrence,Q55,Netherlands,,,
Q20619710,Q20619710,recurring event,Q55,Netherlands,,,1950-01-01T00:00:00Z
Q4288521,TROMP,recurring event,Q55,Netherlands,,,1971-01-01T00:00:00Z
Q2526253,Neerlands Hoop,recurring event,Q55,Netherlands,2003-01-01T00:00:00Z,,2003-01-01T00:00:00Z
Q13137561,Q13137561,recurring event,Q55,Netherlands,,,1966-01-01T00:00:00Z
Q13135938,Q13135938,recurring event,Q55,Netherlands,,,
Q29509585,Q29509585,festival,Q55,Netherlands,,,2015-01-01T00:00:00Z
Q2549726,Huishoudbeurs,recurring event,Q55,Netherlands,,,
Q14942339,Q14942339,recurring event,Q55,Netherlands,,,
Q13429450,Q13429450,festival,Q55,Netherlands,,,
Q2550462,Onbederf'lijk Vers,festival,Q55,Netherlands,,,
Q3912361,Q3912361,recurring event,Q55,Netherlands,,,
Q2800699,Mosseldag,recurring event,Q55,Netherlands,,,
Q18016326,Q18016326,discothèque,Q55,Netherlands,,,
Q3122642,Winternachten,festival,Q55,Netherlands,,,
Q4565559,Q4565559,recurring event,Q55,Netherlands,,,
Q16481672,Nationaal Songfestival 2011,festival occurrence,Q55,Netherlands,,,
Q17450505,Grand Prix Leende,recurring event,Q55,Netherlands,,,2012-01-01T00:00:00Z
Q2489954,Q2489954,festival,Q55,Netherlands,,,1993-01-01T00:00:00Z
Q4288362,Noorderlicht,festival,Q55,Netherlands,,,1980-01-01T00:00:00Z
Q2627512,Q2627512,festival,Q55,Netherlands,,,
Q3285439,Nationaal Songfestival 1986,festival occurrence,Q55,Netherlands,,,
Q3284468,Kinderboekenweek,recurring event,Q55,Netherlands,,,
Q13905161,Q13905161,discothèque,Q55,Netherlands,,,
Q2512512,AutoRAI,recurring event,Q55,Netherlands,,,1895-01-01T00:00:00Z
Q2486549,Q2486549,party,Q55,Netherlands,,,
Q2532485,Q2532485,recurring event,Q55,Netherlands,,,
Q4342233,Twente Ballooning,recurring event,Q55,Netherlands,,,1990-01-01T00:00:00Z
Q2946156,Impakt Festival,festival,Q55,Netherlands,,,
Q113680453,We Love Public Space Festival,festival,Q55,Netherlands,,,
Q109558462,Q109558462,discothèque,Q55,Netherlands,,,
Q137528187,Q137528187,discothèque,Q55,Netherlands,,,1938-01-01T00:00:00Z
Q135526378,Q135526378,party,Q55,Netherlands,,,
Q90374203,giant Jas de Keistamper,party,Q55,Netherlands,,,
Q129984162,Dutch Design Week 2005,festival occurrence,Q55,Netherlands,,,
Q31023,Bhai Dooj,festival,Q837,Nepal,,,
Q129984163,Dutch Design Week 2006,festival occurrence,Q55,Netherlands,,,
Q134983426,Q134983426,recurring event,Q55,Netherlands,,,1968-01-01T00:00:00Z
Q128977198,BUT Filmfestival,festival,Q55,Netherlands,,,
Q129984167,Dutch Design Week 2009,festival occurrence,Q55,Netherlands,,,
Q114839819,Q114839819,festival,Q55,Netherlands,,,
Q135272498,Q135272498,festival,Q55,Netherlands,,,
Q129984164,Dutch Design Week 2007,festival occurrence,Q55,Netherlands,,,
Q129984165,Dutch Design Week 2008,festival occurrence,Q55,Netherlands,,,
Q111133748,Commemoration of the February strike,recurring event,Q55,Netherlands,,,
Q129984169,Dutch Design Week 2010,festival occurrence,Q55,Netherlands,,,
Q65295241,Q65295241,recurring event,Q55,Netherlands,,,
Q79794247,Nationaal Songfestival 1964,festival occurrence,Q55,Netherlands,,,
Q65509269,Demo festival,festival,Q55,Netherlands,,,2019-11-07T00:00:00Z
Q79765879,Nationaal Songfestival 1968,festival occurrence,Q55,Netherlands,,,
Q10244,Diwali,festival,Q836,Myanmar,,,
Q76161121,Circus-Schouwburg,discothèque,Q55,Netherlands,,,1893-01-01T00:00:00Z
Q122372472,A12-Blockades,recurring event,Q55,Netherlands,,,
Q129984173,Dutch Design Week 2011,festival occurrence,Q55,Netherlands,,,
Q98078079,Myanmar International Fashion Week,recurring event,Q836,Myanmar,,,2012-01-01T00:00:00Z
Q129984179,Dutch Design Week 2013,festival occurrence,Q55,Netherlands,,,
Q76161158,Pschorr,discothèque,Q55,Netherlands,,,
Q121090741,Drongo festival,festival,Q55,Netherlands,,,
Q93182833,Pschorr,discothèque,Q55,Netherlands,,,1922-01-01T00:00:00Z
Q129984176,Dutch Design Week 2012,festival occurrence,Q55,Netherlands,,,
Q101623728,Q101623728,discothèque,Q55,Netherlands,,,1983-05-20T00:00:00Z
Q129984183,Dutch Design Week 2014,festival occurrence,Q55,Netherlands,,,
Q123562027,Dragon stabbing in Beesel,recurring event,Q55,Netherlands,,,
Q79794980,Nationaal Songfestival 1967,festival occurrence,Q55,Netherlands,,,
Q110930257,Q110930257,recurring event,Q55,Netherlands,,,2017-01-01T00:00:00Z
Q79780597,Nationaal Songfestival 1962,festival occurrence,Q55,Netherlands,,,
Q126101199,Into the Void,festival,Q55,Netherlands,,,2013-01-01T00:00:00Z
Q115755563,Q115755563,recurring event,Q55,Netherlands,,,2016-01-01T00:00:00Z
Q113640716,Q113640716,festival,Q55,Netherlands,,,
Q118218155,Q118218155,recurring event,Q55,Netherlands,,,1987-01-01T00:00:00Z
Q66581862,Welcome to The Village,festival,Q55,Netherlands,,,2012-01-01T00:00:00Z
Q129984186,Dutch Design Week 2017,festival occurrence,Q55,Netherlands,,,
Q129984184,Dutch Design Week 2015,festival occurrence,Q55,Netherlands,,,
Q135528807,Q135528807,party,Q55,Netherlands,,,
Q129984185,Dutch Design Week 2016,festival occurrence,Q55,Netherlands,,,
Q130415824,Q130415824,recurring event,Q55,Netherlands,,,
Q129984190,Dutch Design Week 2019,festival occurrence,Q55,Netherlands,,,
Q131429464,Miracle of Lights,recurring event,Q55,Netherlands,,,
Q129984188,Dutch Design Week 2018,festival occurrence,Q55,Netherlands,,,
Q123496552,FIBER,festival,Q55,Netherlands,,,2010-01-01T00:00:00Z
Q13070866,Pagoda festival,festival,Q836,Myanmar,,,
Q131410434,Q131410434,recurring event,Q55,Netherlands,,,2015-01-01T00:00:00Z
Q61051464,#Video Awards,recurring event,Q55,Netherlands,,,2017-01-01T00:00:00Z
Q97667718,Q97667718,festival,Q55,Netherlands,,,
Q129984193,Dutch Design Week 2020,festival occurrence,Q55,Netherlands,,,
Q115252843,Q115252843,discothèque,Q55,Netherlands,,,
Q133875500,Annie M.G. Schmidtlezing,recurring event,Q55,Netherlands,,,2000-01-01T00:00:00Z
Q129984198,Dutch Design Week 2022,festival occurrence,Q55,Netherlands,,,
Q61750432,Q61750432,festival,Q55,Netherlands,,,1998-01-01T00:00:00Z
Q129984196,Dutch Design Week 2021,festival occurrence,Q55,Netherlands,,,
Q104912905,Q104912905,recurring event,Q55,Netherlands,,,
Q129984202,Dutch Design Week 2024,festival occurrence,Q55,Netherlands,,,
Q94544729,Cockring,discothèque,Q55,Netherlands,,,
Q111830375,Club Poema,discothèque,Q55,Netherlands,,,
Q116803063,Houtfestival,festival,Q55,Netherlands,,,1985-01-01T00:00:00Z
Q129984201,Dutch Design Week 2023,festival occurrence,Q55,Netherlands,,,
Q98931414,Club Blu,discothèque,Q55,Netherlands,,,
Q109335217,Landbouw RAI,recurring event,Q55,Netherlands,,,1960-01-01T00:00:00Z
Q58864572,Q58864572,discothèque,Q55,Netherlands,,,1962-01-01T00:00:00Z
Q79781986,Nationaal Songfestival 1966,festival occurrence,Q55,Netherlands,,,
Q65593678,Q65593678,recurring event,Q55,Netherlands,,,
Q63572665,Q63572665,festival,Q55,Netherlands,,,
Q66686116,Leidseplein Theater,discothèque,Q55,Netherlands,,,
Q131429443,Halloween Fright Nights,recurring event,Q55,Netherlands,,,
Q113514093,Kunstlijn Haarlem,recurring event,Q55,Netherlands,,,
Q134505629,One Conference,recurring event,Q55,Netherlands,,,2023-01-01T00:00:00Z
Q125565159,INDIGO,recurring event,Q55,Netherlands,,,2010-01-01T00:00:00Z
Q62398062,Q62398062,party,Q55,Netherlands,,,
Q114839920,Q114839920,party,Q55,Netherlands,,,
Q126194120,Q126194120,recurring event,Q55,Netherlands,,,
Q131410450,Q131410450,recurring event,Q55,Netherlands,,,1998-01-01T00:00:00Z
Q129984159,Week van het Ontwerp 2002,festival occurrence,Q55,Netherlands,,,
Q13067088,Taungbyone Festival,festival,Q836,Myanmar,,,
Q136362355,Oranje Fest,festival,Q55,Netherlands,,,1885-01-01T00:00:00Z
Q107227658,Q107227658,discothèque,Q55,Netherlands,,,
Q111154718,Stripdagen Haarlem 1992,festival,Q55,Netherlands,,,
Q117857278,Q117857278,recurring event,Q55,Netherlands,,,2013-01-01T00:00:00Z
Q123560224,SamSam,recurring event,Q55,Netherlands,,,
Q129984160,Week van het Ontwerp 2003,festival occurrence,Q55,Netherlands,,,
Q129984161,Week van het Ontwerp 2004,festival occurrence,Q55,Netherlands,,,
Q112621590,Beneluxcon,recurring event,Q55,Netherlands,,,1973-01-01T00:00:00Z
Q136756507,International Youth Congress,recurring event,Q55,Netherlands,,,1963-01-01T00:00:00Z
Q131467457,Q131467457,discothèque,Q55,Netherlands,,,2016-10-01T00:00:00Z
Q7690402,Tazaungdaing festival,recurring event,Q836,Myanmar,,,
Q121065986,Milkshake,recurring event,Q55,Netherlands,,,
Q108404424,Q108404424,festival,Q55,Netherlands,,,2015-01-01T00:00:00Z
Q122382768,Q122382768,recurring event,Q55,Netherlands,,,1983-01-01T00:00:00Z
Q130248953,Onder de Radar,festival,Q55,Netherlands,,,
Q100600950,Q100600950,discothèque,Q55,Netherlands,,,
Q85311886,Q85311886,discothèque,Q55,Netherlands,,,
Q104759242,Q104759242,festival,Q55,Netherlands,,,
Q131363190,Winter Efteling,recurring event,Q55,Netherlands,,,
Q113016622,Leidse Rembrandtdagen,recurring event,Q55,Netherlands,,,2019-01-01T00:00:00Z
Q121298163,Saint Martin Celebration in Utrecht,party,Q55,Netherlands,,,
Q79794615,Nationaal Songfestival 1959,festival occurrence,Q55,Netherlands,,,
Q134580739,Bert van Selm-lezing,recurring event,Q55,Netherlands,,,1992-01-01T00:00:00Z
Q136720338,Lof der Zotheidlezing,recurring event,Q55,Netherlands,,,2010-01-01T00:00:00Z
Q123562010,Q123562010,party,Q55,Netherlands,,,
Q115858490,SPRING Performing Arts Festival,festival,Q55,Netherlands,,,
Q124477526,Q124477526,recurring event,Q55,Netherlands,,,2015-01-01T00:00:00Z
Q60458513,Pisuisse-prijs,recurring event,Q55,Netherlands,,1999-01-01T00:00:00Z,1976-01-01T00:00:00Z
Q87647510,Gekke Maondaag,party,Q55,Netherlands,,,
Q56678353,Agrarische Dagen,festival,Q55,Netherlands,,,1954-01-01T00:00:00Z
Q100327544,Q100327544,festival,Q55,Netherlands,,,2005-01-01T00:00:00Z
Q114839781,Klomppop,recurring event,Q55,Netherlands,,,1981-01-01T00:00:00Z
Q117488181,Lampegietersavond,party,Q55,Netherlands,,,1800-01-01T00:00:00Z
Q137873756,Q137873756,festival,Q55,Netherlands,1988-01-01T00:00:00Z,,
Q114421166,Grondfest,recurring event,Q55,Netherlands,,,2022-01-01T00:00:00Z
Q66380806,Q66380806,festival,Q55,Netherlands,,,
Q135937267,International Conducting Competition Rotterdam,recurring event,Q55,Netherlands,,,2022-01-01T00:00:00Z
Q79796115,Nationaal Songfestival 1969,festival occurrence,Q55,Netherlands,,,
Q79796418,Nationaal Songfestival 1971,festival occurrence,Q55,Netherlands,,,
Q97738122,Afrika Festival Hertme,festival,Q55,Netherlands,,,1989-01-01T00:00:00Z
Q130332646,Q130332646,recurring event,Q55,Netherlands,,,
Q114010622,Q114010622,festival occurrence,Q55,Netherlands,2011-01-01T00:00:00Z,,
Q13066990,Taunggyi Hot Air Balloon Festival,festival,Q836,Myanmar,,,
Q135658992,Sail Amsterdam 2025,recurring event,Q55,Netherlands,,,
Q131409005,Q131409005,recurring event,Q55,Netherlands,,,2012-01-01T00:00:00Z
Q59909777,Bronk,party,Q55,Netherlands,,,
Q79779646,Nationaal Songfestival 1960,festival occurrence,Q55,Netherlands,,,
Q124517834,International Film Festival Rotterdam 2002,festival occurrence,Q55,Netherlands,,,
Q135222556,Q135222556,party,Q55,Netherlands,,,
Q135222557,Q135222557,party,Q55,Netherlands,,,
Q107354969,National Red Cross Blossom Walk,recurring event,Q55,Netherlands,,,
Q107491721,NL Doet,recurring event,Q55,Netherlands,,,
Q131467479,Q131467479,discothèque,Q55,Netherlands,,,
Q109622706,Zuid-Limburgs Federatiefeest,festival,Q55,Netherlands,,,1949-01-01T00:00:00Z
Q79781467,Nationaal Songfestival 1974,festival occurrence,Q55,Netherlands,,,
Q121298523,Saint Martin Celebration in Utrecht,party,Q55,Netherlands,,,
Q8046513,Yadana Cave Festival,festival,Q836,Myanmar,,,
Q110190309,Gondelvaart op Wielen,recurring event,Q55,Netherlands,,,1969-01-01T00:00:00Z
Q130477597,International Literature Festival Utrecht,recurring event,Q55,Netherlands,,,2018-01-01T00:00:00Z
Q67576356,Q67576356,festival,Q55,Netherlands,,,
Q135934490,Q135934490,festival occurrence,Q55,Netherlands,,,
Q85760070,Exercise Frisian Flag,recurring event,Q55,Netherlands,,,
Q14557893,Asthimki Festival,festival,Q837,Nepal,,,
Q105742388,Tamu Lhosar,recurring event,Q837,Nepal,,,
Q64876314,Nepal Pride Parade,recurring event,Q837,Nepal,,,2019-06-29T00:00:00Z
Q50922878,Oshituthi shomagongo,festival,Q1030,Namibia,,,
Q5527730,Gaura Parva,festival,Q837,Nepal,,,
Q10244,Diwali,festival,Q837,Nepal,,,
Q139889444,Wiki Loves Earth 2026 in Nepal,recurring event,Q837,Nepal,,,
Q96622031,Wiki Loves Folklore,recurring event,Q837,Nepal,,,
Q96622031,Wiki Loves Folklore,recurring event,Q1030,Namibia,,,
Q13179959,Kaag Tihar,festival,Q837,Nepal,,,
Q13180109,Kukur Tihar,festival,Q837,Nepal,,,
Q26207721,Census in Nepal,recurring event,Q837,Nepal,,,1911-01-01T00:00:00Z
Q1771621,Rama Navami,festival,Q837,Nepal,,,
Q430574,Krishna Janmashtami,festival,Q837,Nepal,,,
Q16886667,Sohrai,festival,Q837,Nepal,,,
Q596684,Pasni,ceremony,Q837,Nepal,,,
Q30131186,Nepal Literature Festival,recurring event,Q837,Nepal,,,
Q7801802,Tij Festival,festival,Q837,Nepal,,,
Q13179120,National Paddy Day,festival,Q837,Nepal,,,
Q106855753,Ghode Jatra,festival,Q837,Nepal,,,
Q19672090,Gyalpo Lhosar,recurring event,Q837,Nepal,,,
Q81610,Mr Gay World,recurring event,Q1030,Namibia,,,2009-01-01T00:00:00Z
Q17022491,Swanti,festival,Q837,Nepal,,,
Q761661,Gadhimai festival,recurring event,Q837,Nepal,,,
Q105742385,Sonam Lhosar,recurring event,Q837,Nepal,,,
Q19570759,Afropolitan Vibes,festival,Q1033,Nigeria,,,
Q19398395,Q19398395,festival,Q20,Norway,,,
Q11994263,Oslo bokfestival,festival,Q20,Norway,,,
Q7880100,Ultima Oslo Contemporary Music Festival,festival,Q20,Norway,1990-01-01T00:00:00Z,,1991-01-01T00:00:00Z
Q25230902,Aké Arts and Book Festival,festival,Q1033,Nigeria,2013-01-01T00:00:00Z,,2013-01-01T00:00:00Z
Q7690875,Te Matatini,festival,Q664,New Zealand,,,1972-01-01T00:00:00Z
Q19385906,På Kanten,festival,Q20,Norway,,,2008-01-04T00:00:00Z
Q4575290,Márkomeannu,festival,Q20,Norway,,,1999-01-01T00:00:00Z
Q19398098,Q19398098,festival,Q20,Norway,,,
Q11961846,BomKræsjBang,festival,Q20,Norway,,,2004-01-01T00:00:00Z
Q3915206,Q3915206,festival,Q20,Norway,,,
Q17772326,Q17772326,festival,Q20,Norway,,,
Q7600800,Star Mega Jam,festival,Q1033,Nigeria,2001-01-01T00:00:00Z,2010-01-01T00:00:00Z,
Q19381451,Q19381451,festival,Q20,Norway,,,
Q17761227,Q17761227,festival,Q20,Norway,,,
Q19403862,VEKA,festival,Q20,Norway,,,1985-01-01T00:00:00Z
Q85795313,Queenstown Winter Festival,festival,Q664,New Zealand,,,
Q28718147,Q28718147,festival,Q20,Norway,,,
Q63191908,NuArt Festival,festival,Q20,Norway,,,
Q19389107,Q19389107,festival,Q20,Norway,,,
Q4575389,Audunbakkenfestivalen,festival,Q20,Norway,,,2003-01-01T00:00:00Z
Q21003218,Igogo festival,festival,Q1033,Nigeria,,,
Q7622425,Strawberry Fields Music Festival,festival,Q664,New Zealand,,,
Q19392405,Q19392405,festival,Q20,Norway,,,
Q19393010,Q19393010,festival,Q20,Norway,,,
Q11981380,Q11981380,festival,Q20,Norway,,,
Q21425910,Felabration,festival,Q1033,Nigeria,,,1998-01-01T00:00:00Z
Q56406187,Livestock,festival,Q20,Norway,,,
Q22081661,Ofala Festival,festival,Q1033,Nigeria,,,
Q17109271,Olojo Festival,festival,Q1033,Nigeria,,,
Q25424898,Q25424898,festival,Q20,Norway,,,
Q24912700,Oro Festival,festival,Q1033,Nigeria,,,
Q17071521,New Yam Festival of the Igbo,festival,Q1033,Nigeria,,,
Q19376808,Q19376808,festival,Q20,Norway,,,
Q18641750,Havmanndagene,festival,Q20,Norway,,,
Q19393167,Q19393167,festival,Q20,Norway,,,
Q12001040,Q12001040,festival,Q20,Norway,,,
Q7088502,Olokun Festival,festival,Q1033,Nigeria,,,
Q5422961,Eyo festival,festival,Q1033,Nigeria,,,1780-01-01T00:00:00Z
Q11995058,The Peer Gynt Festival,festival,Q20,Norway,,,
Q11960236,Q11960236,festival,Q20,Norway,,,
Q11960088,Q11960088,festival,Q20,Norway,,,
Q12007345,Q12007345,festival,Q20,Norway,,,
Q20011191,Gidi Culture Festival,festival,Q1033,Nigeria,,,2014-01-01T00:00:00Z
Q4284273,Q4284273,festival,Q1874,Odesa,,,
Q19381322,Q19381322,festival,Q20,Norway,,,
Q28230225,Another Story Festival,festival,Q221,North Macedonia,,,
Q11988924,Melafestivalen,festival,Q20,Norway,,,2001-01-01T00:00:00Z
Q12001816,Solfesten,festival,Q20,Norway,,,
Q12000424,Yagori,festival,Q20,Norway,,,1998-01-01T00:00:00Z
Q19386681,Q19386681,festival,Q20,Norway,,,2015-03-27T00:00:00Z
Q23581371,Lagos Black Heritage Festival,festival,Q1033,Nigeria,,,2009-01-01T00:00:00Z
Q1408555,Festival International de la Mode en Afrique,festival,Q1032,Niger,,,1998-01-01T00:00:00Z
Q19392795,Torghattfestivalen,festival,Q20,Norway,,,
Q12003011,Q12003011,festival,Q20,Norway,,,
Q16966674,Volumfestivalen,festival,Q20,Norway,,,2003-01-01T00:00:00Z
Q11995511,Q11995511,festival,Q20,Norway,,,
Q19385570,Porsgrunn Internasjonale Teaterfestival,festival,Q20,Norway,,,
Q19374734,Q19374734,festival,Q20,Norway,,,
Q19373835,Q19373835,festival,Q20,Norway,,,
Q12009913,Q12009913,festival,Q20,Norway,,,
Q19389139,Q19389139,festival,Q20,Norway,,,
Q11969708,Q11969708,festival,Q20,Norway,,,
Q11983085,Landskappleiken,festival,Q20,Norway,,,
Q19383889,Q19383889,festival,Q20,Norway,,,
Q11976764,Q11976764,festival,Q20,Norway,,,
Q1408555,Festival International de la Mode en Afrique,festival,Q3674,Niamey,,,1998-01-01T00:00:00Z
Q19389892,Q19389892,festival,Q20,Norway,,,
Q7015455,New Zealand International Science Festival,festival,Q664,New Zealand,,,1997-01-01T00:00:00Z
Q11042751,Republic of Gulating,festival,Q20,Norway,,,
Q8073028,Zlatno Slavejče,festival,Q221,North Macedonia,,,
Q61890749,Q61890749,festival,Q23681,Northern Cyprus,,,
Q7960029,Waikino music festival,festival,Q664,New Zealand,,,1977-01-01T00:00:00Z
Q25427636,Oslo arkitekturtriennale,festival,Q20,Norway,,,
Q17750482,Q17750482,festival,Q20,Norway,,,
Q26884519,Tråante 2017,festival,Q20,Norway,2017-02-04T00:00:00Z,2017-02-12T00:00:00Z,
Q11961477,Q11961477,festival,Q20,Norway,,,
Q4867607,Basker Fest,festival,Q221,North Macedonia,,,
Q1824110,Durbar festival,festival,Q1033,Nigeria,,,1911-01-01T00:00:00Z
Q11974308,Hardanger Musikkfest,festival,Q20,Norway,,,
Q12004988,Q12004988,festival,Q20,Norway,,,
Q11982671,Kvinesdal Emigrant Festival,festival,Q20,Norway,,,
Q19399212,Q19399212,festival,Q20,Norway,,,
Q11961185,Q11961185,festival,Q20,Norway,,,
Q19398471,Q19398471,festival,Q20,Norway,,,
Q5194692,Cure Salée,festival,Q1032,Niger,,,
Q4854225,Band Together,festival,Q664,New Zealand,,,
Q11994198,Q11994198,festival,Q20,Norway,,,
Q17750195,Q17750195,festival,Q20,Norway,,,
Q60775315,Agemo festival,festival,Q1033,Nigeria,,,
Q20982117,Ojude Oba festival,festival,Q1033,Nigeria,,,
Q19892311,Days of Comedy,festival,Q221,North Macedonia,,,
Q5191955,Cuba Street Carnival,festival,Q664,New Zealand,,,
Q4789767,Argungu Fishing Festival,festival,Q1033,Nigeria,,,1934-01-01T00:00:00Z
Q29005807,Q29005807,festival,Q221,North Macedonia,,,
Q3070830,International Student Festival in Trondheim,festival,Q20,Norway,,,1990-01-01T00:00:00Z
Q28719116,Q28719116,festival,Q20,Norway,,,
Q12008153,Q12008153,festival,Q20,Norway,,,
Q11983106,Q11983106,festival,Q20,Norway,,,
Q11975301,Q11975301,festival,Q20,Norway,,,
Q19390990,Q19390990,festival,Q20,Norway,,,
Q12001264,Q12001264,festival,Q20,Norway,,,
Q602771,Arirang Festival,festival,Q423,North Korea,,2013-01-01T00:00:00Z,2000-01-01T00:00:00Z
Q7142119,Pasifika Festival,festival,Q664,New Zealand,,,
Q1773038,Bergen International Festival,festival,Q20,Norway,,,1952-01-01T00:00:00Z
Q61347854,Kippari Festival,festival,Q20,Norway,,,
Q23042950,Q23042950,festival,Q20,Norway,,,
Q48733452,Ogun Festival,festival,Q1033,Nigeria,,,
Q794639,Aïr Festival,festival,Q1032,Niger,,,2001-01-01T00:00:00Z
Q855443,Bianou,festival,Q1032,Niger,,,
Q64549207,Q64549207,festival,Q20,Norway,,,
Q11973824,Q11973824,festival,Q20,Norway,,,
Q10715818,Narvik Winter Festival,festival,Q20,Norway,,,1956-01-01T00:00:00Z
Q19381555,Q19381555,festival,Q20,Norway,,,
Q24529817,Lagos Carnival,festival,Q1033,Nigeria,,,
Q19386234,Raptus,festival,Q20,Norway,,,
Q19392959,Q19392959,festival,Q20,Norway,,,
Q3343587,Q3343587,festival,Q20,Norway,,,
Q31078908,Popvenstre,festival,Q20,Norway,,,2016-09-08T00:00:00Z
Q4735526,Alpine Unity,festival,Q664,New Zealand,,,
Q4591200,Protestfestival,festival,Q20,Norway,,,
Q12008191,Q12008191,festival,Q20,Norway,,,
Q25430396,Q25430396,festival,Q20,Norway,,,
Q11968438,Q11968438,festival,Q20,Norway,,,
Q56406192,Q56406192,festival,Q20,Norway,,,1998-01-01T00:00:00Z
Q25430403,Q25430403,festival,Q20,Norway,,,
Q24927689,Sango Festival of Oyo,festival,Q1033,Nigeria,,,http://www.wikidata.org/.well-known/genid/c4e11834ee7601a67cfd9b53ee7ce49c
Q11965285,Q11965285,festival,Q20,Norway,,,
Q60740235,Idoma Carnival,festival,Q1033,Nigeria,,,2013-01-01T00:00:00Z
Q48792945,Kaduna Book and Arts Festival,festival,Q1033,Nigeria,2017-01-01T00:00:00Z,,
Q11992295,Q11992295,festival,Q20,Norway,,,2005-06-02T00:00:00Z
Q12009844,Q12009844,festival,Q20,Norway,,,
Q16947416,Igue festival,festival,Q1033,Nigeria,,,1440-01-01T00:00:00Z
Q6514220,Storåsfestivalen,festival,Q20,Norway,,,
Q2593605,World Buskers Festival,festival,Q664,New Zealand,,,
Q17750586,Blinkfestivalen,festival,Q20,Norway,,,2006-01-01T00:00:00Z
Q61896981,Zanga Festival,festival,Q1033,Nigeria,,,2018-01-01T00:00:00Z
Q12750093,Galičnik Wedding Festival,festival,Q221,North Macedonia,,,1963-01-01T00:00:00Z
Q11993503,Q11993503,festival,Q20,Norway,,,
Q455596,Matariki,festival,Q664,New Zealand,,,
Q65395323,October rain,festival,Q1033,Nigeria,,,
Q5018273,Calabar Carnival,festival,Q1033,Nigeria,,,2004-01-01T00:00:00Z
Q4801560,Artsplash Festival,festival,Q664,New Zealand,,,
Q66616069,German singer festival,festival,Q2090,Nuremberg,1861-07-20T00:00:00Z,1861-07-23T00:00:00Z,
Q11997407,Q11997407,festival,Q20,Norway,,,
Q4919977,Bjørnson Festival,festival,Q20,Norway,,,1992-01-01T00:00:00Z
Q85790015,Nupe Cultural Day,festival,Q1033,Nigeria,,,1896-06-26T00:00:00Z
Q17773514,Q17773514,festival,Q20,Norway,,,
Q11959457,Q11959457,festival,Q20,Norway,,,
Q108526568,Upleka Festival,festival,Q1033,Nigeria,,,http://www.wikidata.org/.well-known/genid/64d9b5e20c73431b254955cd189b46cb
Q108380697,Alo Mmo New Yam Festival,festival,Q1033,Nigeria,,,
Q108494824,Obodom Eyong (Drum in the Sky) Festival,festival,Q1033,Nigeria,,,http://www.wikidata.org/.well-known/genid/c47bb30f45350d5c3917854d6ef19f12
Q115236296,Teaterfestival Nordkalotten,festival,Q20,Norway,,,
Q108470558,Lokoja fishing festival,festival,Q1033,Nigeria,,,
Q108485819,Nnekeji festival of Achi,festival,Q1033,Nigeria,,,http://www.wikidata.org/.well-known/genid/7332beb3ed3cb967490db0b076840a86
Q108470434,Ekuechi festival,festival,Q1033,Nigeria,,,
Q108380244,Atakpo Festival,festival,Q1033,Nigeria,,,
Q108266042,Songs of Nigeria Festival,festival,Q1033,Nigeria,,,2009-01-01T00:00:00Z
Q108420241,Lagos Food Festival,festival,Q1033,Nigeria,,,
Q115236264,Kristiansund kirke kunst kulturfestival,festival,Q20,Norway,,,
Q108539268,Amasinghan Festival,festival,Q1033,Nigeria,,,http://www.wikidata.org/.well-known/genid/32c53983e941e793aaa02f31e3eadea7
Q108293172,Golibe Festival,festival,Q1033,Nigeria,,,2018-01-01T00:00:00Z
Q115236297,Teaterfestivalen i Fjaler,festival,Q20,Norway,,,2013-01-01T00:00:00Z
Q108265827,Annang Festival of Art and Culture,festival,Q1033,Nigeria,,,2016-01-01T00:00:00Z
Q88463693,Pategi Regatta Festival,festival,Q1033,Nigeria,1949-01-01T00:00:00Z,,1952-01-01T00:00:00Z
Q108454680,Udiroko Festival,festival,Q1033,Nigeria,,,1310-01-01T00:00:00Z
Q114371572,Iwude Ijesa,festival,Q1033,Nigeria,,,
Q108479731,Feast of Anyan Festival,festival,Q1033,Nigeria,,,http://www.wikidata.org/.well-known/genid/0491ec0430c4e65212fde166b8c28645
Q115236306,Verdal Internasjonale Film- & Teaterfestival,festival,Q20,Norway,,,
Q108470882,Lagos international film festival,festival,Q1033,Nigeria,,,
Q108266406,Nigeria International Book Fair,festival,Q1033,Nigeria,,,2001-01-01T00:00:00Z
Q108527351,Nyinya (Umilin) Festival,festival,Q1033,Nigeria,,,http://www.wikidata.org/.well-known/genid/99d116e44649bd8865d3dcfed554ce07
Q108378484,Vunon Cultural Festival,festival,Q1033,Nigeria,,,
Q108525819,Uzo Iyi Festival,festival,Q1033,Nigeria,,,http://www.wikidata.org/.well-known/genid/c6cde34f204710b306c5380531519086
Q101310644,Afan festival,festival,Q1033,Nigeria,,,
Q108380880,Amanya Festival,festival,Q1033,Nigeria,,,
Q108495547,Traditional wrestling Festival,festival,Q1033,Nigeria,,,http://www.wikidata.org/.well-known/genid/554d0ce2e45010c6c72e34724258bebd
Q108532706,Ikase Akombo And Tyav Festival,festival,Q1033,Nigeria,,,http://www.wikidata.org/.well-known/genid/6f8b27870685da343bb5fb6a37737921
Q110927360,Gaani Festival,festival,Q1033,Nigeria,,,
Q108471197,Ikan festival,festival,Q1033,Nigeria,,,
Q108408281,epa festival,festival,Q1033,Nigeria,,,
Q87736943,Q87736943,festival,Q20,Norway,,,
Q108481678,Inkim-Eyong festival,festival,Q1033,Nigeria,,,http://www.wikidata.org/.well-known/genid/162077e07441536af6ccf24efb513419
Q108449322,Barakau Annual Festival,festival,Q1033,Nigeria,,,
Q108365793,Ovia-Osese Festival,festival,Q1033,Nigeria,,,
Q115236280,Oslo Internasjonale Teaterfestival,festival,Q20,Norway,,,2013-01-01T00:00:00Z
Q108381260,Ekong Nkemba Festival,festival,Q1033,Nigeria,,,
Q115236269,Monologfestivalen,festival,Q20,Norway,,,
Q108392320,Akata Benue Fishing Festival,festival,Q1033,Nigeria,,,
Q110926890,Eggon Carnival,festival,Q1033,Nigeria,,,2012-01-01T00:00:00Z
Q108382309,Ekpiri Akata Festival,festival,Q1033,Nigeria,,,
Q115236298,Teatersentrums barne- og ungdomsteaterfestival,festival,Q20,Norway,,,1992-01-01T00:00:00Z
Q115236272,Multiplie dansefestival,festival,Q20,Norway,,,
Q108542503,New Yam Festivals in Nigeria,festival,Q1033,Nigeria,,,1976-01-01T00:00:00Z
Q115236307,Vinterfestivalen,festival,Q20,Norway,,,1971-01-01T00:00:00Z
Q115224072,Ekpe Masquerade Festival,festival,Q1033,Nigeria,,,
Q108453340,Ivom festival,festival,Q1033,Nigeria,,,http://www.wikidata.org/.well-known/genid/ff78a5f356b914b3a998e61d3de1de22
Q108496020,Ime Ogbe Festival,festival,Q1033,Nigeria,,,2013-01-01T00:00:00Z
Q108381204,Ijele Masquerade Festival,festival,Q1033,Nigeria,,,0700-01-01T00:00:00Z
Q105562886,Longyearbyen Sun Festival,festival,Q20,Norway,,,
Q115236262,Internasjonal festival for visuell scenekunst,festival,Q20,Norway,,,2011-01-01T00:00:00Z
Q108454639,Ugioro Festival,festival,Q1033,Nigeria,,,1504-01-01T00:00:00Z
Q108382469,Feast of Etefia Deity Festival,festival,Q1033,Nigeria,,,
Q97197170,Q97197170,festival,Q20,Norway,,,2017-01-01T00:00:00Z
Q108377759,Ariginya Festival,festival,Q1033,Nigeria,,,
Q115236273,Nonstopfestivalen,festival,Q20,Norway,,,
Q111962775,Eid al-Adha in Nigeria,festival,Q1033,Nigeria,,,
Q115236246,Den Andre Teaterfestivalen,festival,Q20,Norway,,,2016-01-01T00:00:00Z
Q108453552,Jaci festival,festival,Q1033,Nigeria,,,1905-01-01T00:00:00Z
Q108464937,Tempo Dance Festival,festival,Q664,New Zealand,,,2003-01-01T00:00:00Z
Q108381140,Ekong Festival,festival,Q1033,Nigeria,,,
Q108520130,Ikwu Ooya Or Owyi-Onyonyi Festival,festival,Q1033,Nigeria,,,http://www.wikidata.org/.well-known/genid/e00a8dfe7b8a81d9e5bf9a0e1f58c7c0
Q115236248,Døves kulturfestival,festival,Q20,Norway,,,
Q115236283,Oslo Middelaldermusikkfestival,festival,Q20,Norway,,,
Q110940583,Measina Festival,festival,Q664,New Zealand,,,
Q108382193,Ekpe Outings Festival,festival,Q1033,Nigeria,,,
Q115236281,Oslo International Acting Festival,festival,Q20,Norway,,,
Q108532165,Mzough U–Tiv (Tiv National Day),festival,Q1033,Nigeria,,,http://www.wikidata.org/.well-known/genid/d44a882b1ef42d8aecba74a77182c87e
Q85752118,Chinua Achebe Literary Festival,festival,Q1033,Nigeria,,,2016-01-01T00:00:00Z
Q115236284,Oslo Rockfestival,festival,Q20,Norway,,,
Q108459979,Egbe festival,festival,Q1033,Nigeria,,,
Q115236237,Askerfestivalen,festival,Q20,Norway,,,1985-01-01T00:00:00Z
Q108380940,Njuwa Fishing Festival,festival,Q1033,Nigeria,,,
Q115236243,BIT/Bergen Internasjonale Teaterfestival,festival,Q20,Norway,,,1983-01-01T00:00:00Z
Q108538207,Ijoha Egbadogwu Festival,festival,Q1033,Nigeria,,,http://www.wikidata.org/.well-known/genid/bf348fbd8df2bdbc27bd0a1d15ef66d9
Q111946570,Nativeland,festival,Q1033,Nigeria,,,2016-01-01T00:00:00Z
Q115236250,Fortellerfestivalen,festival,Q20,Norway,,,
Q115236261,Improvofestivalen,festival,Q20,Norway,,,1971-01-01T00:00:00Z
Q108464023,Gani durbar festival,festival,Q1033,Nigeria,,,
Q115222159,Ede-Aroh festival,festival,Q1033,Nigeria,,,
Q115236252,Frankofonifestivalen,festival,Q20,Norway,,,
Q115236275,Ny-sirkusfestival,festival,Q20,Norway,,,1999-01-01T00:00:00Z
Q115236253,Fredrikstad Internasjonale Figurteaterfestival,festival,Q20,Norway,,,
Q108451767,Oko festival,festival,Q1033,Nigeria,,,
Q108496241,Bauchi State Festival of Arts and Culture,festival,Q1033,Nigeria,,,http://www.wikidata.org/.well-known/genid/a94e354e4b8022ab6dad6e0e80f78fe2
Q108454577,Ukpe  Festival,festival,Q1033,Nigeria,,,
Q108532496,Indyer Festival,festival,Q1033,Nigeria,,,
Q108532649,Imo (1 Mini) Festival,festival,Q1033,Nigeria,,,
Q110820050,Jos Carnival,festival,Q1033,Nigeria,,,
Q115236236,216T - performancefestival,festival,Q20,Norway,,,2000-01-01T00:00:00Z
Q108381548,Rakange Festival,festival,Q1033,Nigeria,,,
Q108485724,Mmanwu (masqurade festival),festival,Q1033,Nigeria,,,http://www.wikidata.org/.well-known/genid/f7df311a0f1f4a81a3326eb74aae564d
Q108453845,Odun ijesu (new yam festival),festival,Q1033,Nigeria,,,1310-01-01T00:00:00Z
Q108469900,Ogani Festival,festival,Q1033,Nigeria,,,
Q108380057,Phuki Festival,festival,Q1033,Nigeria,,,
Q108470727,Agan festival,festival,Q1033,Nigeria,,,
Q108527279,Odumu Festival,festival,Q1033,Nigeria,,,http://www.wikidata.org/.well-known/genid/2829c02c67f895612e3edaa6d07f7994
Q108380569,Ahiajoku festival,festival,Q1033,Nigeria,,,1979-01-01T00:00:00Z
Q108532356,Kwagh-Hir Festival,festival,Q1033,Nigeria,,,http://www.wikidata.org/.well-known/genid/32ee60e5b803bf74592f9b0b131e402e
Q115236238,Barnas Kulturfestival på Kalvøya,festival,Q20,Norway,,,
Q108459490,Okosa fishing festival,festival,Q1033,Nigeria,,,
Q108457485,Usoro Ekpo festival,festival,Q1033,Nigeria,,,
Q108527055,Ujor Festival,festival,Q1033,Nigeria,,,http://www.wikidata.org/.well-known/genid/dc5126c5a5b29f07a0e5b7006946f45d
Q108381459,Idumangi Festival,festival,Q1033,Nigeria,,,
Q108485995,Odo festival,festival,Q1033,Nigeria,,,
Q107176534,Our Homecoming,festival,Q1033,Nigeria,,,
Q108493902,Iso Awa-Itam feast festival,festival,Q1033,Nigeria,,,http://www.wikidata.org/.well-known/genid/ca8e40ea976efb88597669a4a5420eb5
Q108480754,Mfuuho festival,festival,Q1033,Nigeria,,,
Q108441987,Efu festival,festival,Q1033,Nigeria,,,
Q108392609,Nwonyo Fishing Festival,festival,Q1033,Nigeria,,,1816-01-01T00:00:00Z
Q108525904,Circumcision Feast of Gezawa People,festival,Q1033,Nigeria,,,http://www.wikidata.org/.well-known/genid/752030222bf74d9bfd0dec7f82119034
Q115236240,BarneteaterFestivalen,festival,Q20,Norway,,,
Q108537958,Echi festival,festival,Q1033,Nigeria,,,
Q115236242,Bergen Fringe Festival,festival,Q20,Norway,,,
Q108377525,Omabe Festival,festival,Q1033,Nigeria,,,
Q108452743,Igu aro,festival,Q1033,Nigeria,,,
Q115236259,Ibsenfestivalen i Skien,festival,Q20,Norway,,,
Q115236241,Bastard - Trondheim internasjonale scenekunstfestival,festival,Q20,Norway,,,
Q108496481,Lake Efi Fishing Festival,festival,Q1033,Nigeria,,,http://www.wikidata.org/.well-known/genid/ee16cecf849b553712db514052a31586
Q108822163,GTBank Food and Drink Festival,festival,Q1033,Nigeria,,,2016-01-01T00:00:00Z
Q108336614,Oronna Festival,festival,Q1033,Nigeria,,,
Q108497000,Odemimom Festival,festival,Q1033,Nigeria,,,http://www.wikidata.org/.well-known/genid/58b66ba25ed9a6df8efcb4a973382fa2
Q115219268,Ekpe Cultural Festival,festival,Q1033,Nigeria,,,1830-01-01T00:00:00Z
Q108434741,Tuk-ham festival,festival,Q1033,Nigeria,,,1980-01-01T00:00:00Z
Q107657194,"ABA Festival, Igarra",festival,Q1033,Nigeria,,,1789-01-01T00:00:00Z
Q108381943,Gaorgaram Fishing and cultural Festival,festival,Q1033,Nigeria,,,1940-01-01T00:00:00Z
Q115236244,Brosteinsfestivalen,festival,Q20,Norway,,,
Q104858415,Ayet Atyap annual cultural festival,festival,Q1033,Nigeria,,,
Q108454536,Adane-Okpe Festival,festival,Q1033,Nigeria,,,0017-01-01T00:00:00Z
Q115236295,Stavanger internasjonale litteraturfestival,festival,Q20,Norway,,,
Q108314956,Imo Awka festival,festival,Q1033,Nigeria,,,
Q108470714,Eluku,festival,Q1033,Nigeria,,,
Q108482211,Ugie-Ododua(Aguosa)Festival,festival,Q1033,Nigeria,,,1200-01-01T00:00:00Z
Q108459637,Kallon kuwa festival,festival,Q1033,Nigeria,,,1935-01-01T00:00:00Z
Q108526405,Richu Festival,festival,Q1033,Nigeria,,,http://www.wikidata.org/.well-known/genid/a2575dc4dd906bfa03530f8ffa15f78a
Q108482343,Ugivie festival,festival,Q1033,Nigeria,,,http://www.wikidata.org/.well-known/genid/0c105a99218cb91446c9fa0d0e8f21bf
Q108403159,Sharo Festival,festival,Q1033,Nigeria,,,
Q108295169,Kwete Cultural Festival,festival,Q1033,Nigeria,,,
Q85797064,Rhythm Unplugged,festival,Q1033,Nigeria,,,2004-01-01T00:00:00Z
Q104845866,Lagos Book and Art Festival,festival,Q1033,Nigeria,,,1999-01-01T00:00:00Z
Q108494193,Nkuku Atan festival,festival,Q1033,Nigeria,,,http://www.wikidata.org/.well-known/genid/60a6b72c981ff74dbba942ae19f823b1
Q108382406,Eset (Ise) Feast Festival,festival,Q1033,Nigeria,,,
Q115236249,Fagerborg Orgelfestival,festival,Q20,Norway,,,2005-01-01T00:00:00Z
Q108366016,Kayo-Kayo Festival,festival,Q1033,Nigeria,,,1851-01-01T00:00:00Z
Q108471053,Yoruba arts festival,festival,Q1033,Nigeria,,,2010-01-01T00:00:00Z
Q108459074,Oguberi festival,festival,Q1033,Nigeria,,,
Q117087479,MOToffentlighet,festival,Q20,Norway,,,2016-06-10T00:00:00Z
Q117087514,Sunndal Kulturfestival,festival,Q20,Norway,,,
Q115236279,Oslo Internasjonale Teaterfestival,festival,Q20,Norway,,,1982-01-01T00:00:00Z
Q130271264,Igede Agba,festival,Q1033,Nigeria,,,
Q117087497,Barents Spektakel,festival,Q20,Norway,,,2004-01-01T00:00:00Z
Q115236300,TekstLab Scratch Festival,festival,Q20,Norway,,,
Q117087486,Upop-dager,festival,Q20,Norway,,,1995-01-01T00:00:00Z
Q117087504,Theatre Café Festival,festival,Q20,Norway,,,
Q117087544,Resonans,festival,Q20,Norway,,,
Q117087482,Den internasjonale Fosse-festivalen,festival,Q20,Norway,,,
Q117087525,Politisk korrekt teaterfestival,festival,Q20,Norway,,,2021-01-01T00:00:00Z
Q115236265,Kulturfestivalen,festival,Q20,Norway,,,
Q117087463,Heddadagene,festival,Q20,Norway,,,2017-01-01T00:00:00Z
Q117087496,[3P],festival,Q20,Norway,,,1994-01-01T00:00:00Z
Q117087474,Vårscenefest,festival,Q20,Norway,,,2010-01-01T00:00:00Z
Q124251833,Q124251833,festival,Q20,Norway,,,2010-01-01T00:00:00Z
Q117087535,Sommerkvark,festival,Q20,Norway,,,
Q117087551,Wergelandsfesten,festival,Q20,Norway,,,1938-01-01T00:00:00Z
Q117087547,Scene Nord 96,festival,Q20,Norway,,,
Q117087507,TextOUT,festival,Q20,Norway,,,1999-01-01T00:00:00Z
Q115236286,Propellen Dramatikkfestival,festival,Q20,Norway,,,2004-01-01T00:00:00Z
Q115236302,Ungdomsfestivalen,festival,Q20,Norway,,,
Q117087490,Bodø Biennale,festival,Q20,Norway,,,2016-01-01T00:00:00Z
Q115236301,Trondheim Barneteaterfestival,festival,Q20,Norway,,,
Q117087521,HUMAN,festival,Q20,Norway,,,
Q117087536,Fellessentralen Art Event,festival,Q20,Norway,,,1998-02-14T00:00:00Z
Q131323934,Nations Rhythm Festival,festival,Q1033,Nigeria,,,
Q131327649,Osun-Osogbo festival,festival,Q1033,Nigeria,,,1950-01-01T00:00:00Z
Q117087467,Norge Danser,festival,Q20,Norway,,,1993-01-01T00:00:00Z
Q117087491,Siste Operamåned,festival,Q20,Norway,,,1921-08-01T00:00:00Z
Q125870048,Fæsterålen,festival,Q20,Norway,,,
Q123185035,Q123185035,festival,Q20,Norway,,,
Q117087543,Spekterfestivalen,festival,Q20,Norway,,,
Q130751845,Gwo-Gwo Festival,festival,Q1033,Nigeria,,,
Q117087523,Tromsø Jazzfestival,festival,Q20,Norway,,,
Q115236255,Frie grupper festival,festival,Q20,Norway,,,1980-01-01T00:00:00Z
Q115236294,Soria Laboratoria Festival,festival,Q20,Norway,,,2012-01-01T00:00:00Z
Q117087489,FeelGood Week,festival,Q20,Norway,,,
Q117087552,Småkunstfestivalen,festival,Q20,Norway,,,
Q117087475,Maraton - 86,festival,Q20,Norway,,,
Q115236256,Frie Gruppers Festival,festival,Q20,Norway,,,1979-01-01T00:00:00Z
Q117087502,Electra '96,festival,Q20,Norway,,,
Q131328999,LagosPhoto Festival,festival,Q1033,Nigeria,,,2010-01-01T00:00:00Z
Q117087492,Kattas Fest,festival,Q20,Norway,,,
Q131323920,Bala Baraa Ma Jalam Cultural festival,festival,Q1033,Nigeria,,,
Q115236266,LiLLE - en barneteaterfestival,festival,Q20,Norway,,,2018-01-01T00:00:00Z
Q115236267,Molde Internasjonale Jazz Festival,festival,Q20,Norway,,,
Q117087548,Dyrsku'n Folkefest,festival,Q20,Norway,,,1860-01-01T00:00:00Z
Q130751456,Ede Opoto festival,festival,Q1033,Nigeria,,,
Q115236268,Monofon Monologfestival,festival,Q20,Norway,,,
Q125701268,Lagos International Poetry Festival,festival,Q1033,Nigeria,,,2015-10-01T00:00:00Z
Q115236304,Unima Norges Jubileumsfestival,festival,Q20,Norway,,,2004-01-01T00:00:00Z
Q116823512,Q116823512,festival,Q20,Norway,,,2015-01-01T00:00:00Z
Q117087477,Markedet for scenekunst,festival,Q20,Norway,,,1996-01-01T00:00:00Z
Q117087509,Dukketeaterfestival,festival,Q20,Norway,,,1979-10-01T00:00:00Z
Q117087530,Kunst i Live,festival,Q20,Norway,,,1999-01-01T00:00:00Z
Q117087512,Urban Moves,festival,Q20,Norway,,,2008-06-01T00:00:00Z
Q117087468,FESTiBORG,festival,Q20,Norway,,,2013-01-01T00:00:00Z
Q115236290,Rumifestivalen,festival,Q20,Norway,,,2007-01-01T00:00:00Z
Q117087556,Feminalen,festival,Q20,Norway,,,2014-01-01T00:00:00Z
Q117087464,CODA,festival,Q20,Norway,,,2001-01-01T00:00:00Z
Q117087518,Festivalen Isogaisa,festival,Q20,Norway,,,
Q117087541,Wilde Blüten,festival,Q20,Norway,,,
Q117350746,Iganmode Cultural Festival,festival,Q1033,Nigeria,1992-01-01T00:00:00Z,,
Q117087553,Off-Hedda,festival,Q20,Norway,,,2018-01-01T00:00:00Z
Q117101340,Peer Gynt AS,festival,Q20,Norway,,,1928-01-01T00:00:00Z
Q117087480,Nordisk Forum,festival,Q20,Norway,,,
Q117087511,International Puppet Theatre Festival of Barents Region,festival,Q20,Norway,,,1997-01-01T00:00:00Z
Q117087516,Kulturdagene i Fana og Ytrebygda,festival,Q20,Norway,,,
Q117087532,Japan 2002,festival,Q20,Norway,,,
Q117087465,Showbox,festival,Q20,Norway,,,2005-01-01T00:00:00Z
Q115236278,Oslo Internasjonale Poesi Festival,festival,Q20,Norway,,,
Q131155323,Kaiama Gaani festival,festival,Q1033,Nigeria,,,
Q115236292,Samtidsfestivalen,festival,Q20,Norway,,,2001-01-01T00:00:00Z
Q115236276,Only Connect Festival of Sound,festival,Q20,Norway,,,
Q115236285,Performancefestival,festival,Q20,Norway,,,2003-01-01T00:00:00Z
Q117087487,Oslo kulturnatt,festival,Q20,Norway,,,
Q117087529,Kapittel,festival,Q20,Norway,,,
Q115236277,Oslo Butohfestival,festival,Q20,Norway,,,
Q117087483,ICON - International Contemporary Stage Programme,festival,Q20,Norway,,,2011-01-01T00:00:00Z
Q117087515,Never or Now,festival,Q20,Norway,,,2011-01-01T00:00:00Z
Q117087501,Ad Libitum,festival,Q20,Norway,,,1987-01-01T00:00:00Z
Q117087540,En Sommernattsdrøm,festival,Q20,Norway,,,
Q117087549,Mefjorddagan,festival,Q20,Norway,,,1979-01-01T00:00:00Z
Q117087508,Monsters of Reality,festival,Q20,Norway,,,
Q117087538,Forteller- og Filosofidagene i Tvedestrand,festival,Q20,Norway,,,2008-01-01T00:00:00Z
Q117087473,Høst Scena,festival,Q20,Norway,,,1996-01-24T00:00:00Z
Q117087500,Nordisk Solofestival,festival,Q20,Norway,,,
Q117087527,Møt polsk kultur,festival,Q20,Norway,,,1971-01-01T00:00:00Z
Q131324225,The Afro Street Festival,festival,Q1033,Nigeria,,,
Q130676811,Ọganyi Festival,festival,Q1033,Nigeria,,,
Q117087526,BergArt,festival,Q20,Norway,,,2000-01-01T00:00:00Z
Q125553844,Mainland BlockParty,festival,Q1033,Nigeria,,,2018-01-01T00:00:00Z
Q131144253,Enugu Photo Festival,festival,Q1033,Nigeria,,,2023-10-01T00:00:00Z
Q115236254,Fri-Gruppenes Teaterfestival,festival,Q20,Norway,,,
Q117087471,SAND-festivalen,festival,Q20,Norway,,,1993-01-01T00:00:00Z
Q117087545,Finnsnes i Fest,festival,Q20,Norway,,,
Q115236287,Rabalderfestivalen i Molde,festival,Q20,Norway,,,
Q117087559,Minifestival for fridans,festival,Q20,Norway,,,1977-03-01T00:00:00Z
Q118874500,Ogwu Ekpeye,festival,Q1033,Nigeria,,,
Q117087542,Nordisk Scenekunst mot Tusenårsskiftet,festival,Q20,Norway,,,1996-01-10T00:00:00Z
Q117101339,Ultima,festival,Q20,Norway,,,1991-01-01T00:00:00Z
Q117087522,Vinterscenen,festival,Q20,Norway,,,2017-02-01T00:00:00Z
Q117087519,Hilmarfestivalen,festival,Q20,Norway,,,
Q117087528,Meta.Morf,festival,Q20,Norway,,,
Q117087493,Frontlosjen,festival,Q20,Norway,,,2016-01-01T00:00:00Z
Q117087539,Jødiske Kulturdager Oslo,festival,Q20,Norway,,,2012-01-01T00:00:00Z
Q117087481,Den Olympiske Kulturfestivalen,festival,Q20,Norway,,,1994-01-01T00:00:00Z
Q117087554,FUSK,festival,Q20,Norway,,,
Q117087524,Fattigdomsuken 2010,festival,Q20,Norway,,,2010-01-01T00:00:00Z
Q117087503,Bergenske Frynser,festival,Q20,Norway,,,1980-01-01T00:00:00Z
Q131331025,Idoma International Carnival,festival,Q1033,Nigeria,,,2013-01-01T00:00:00Z
Q117087517,Nordiske Musikkdager,festival,Q20,Norway,,,1888-01-01T00:00:00Z
Q117087469,Figur i Fossekleiva,festival,Q20,Norway,,,2016-01-01T00:00:00Z
Q117087485,scenic art expo norway,festival,Q20,Norway,,,
Q117087520,Ibsen kulturfestival,festival,Q20,Norway,,,
Q115236291,SamiEasterfestival,festival,Q20,Norway,,,
Q117087462,Oktoberdans,festival,Q20,Norway,,,1997-01-01T00:00:00Z
Q130746489,Ijakadi Festival,festival,Q1033,Nigeria,,,1498-01-01T00:00:00Z
Q115236289,Ropert - En festival om demokrati,festival,Q20,Norway,,,2014-01-01T00:00:00Z
Q117087531,Olav Duun Festival i Jøa,festival,Q20,Norway,,,
Q130751984,Ede Opoto Ukpo Festival,festival,Q1033,Nigeria,,,
Q117087476,Sirkuslandsbyen,festival,Q20,Norway,,,2010-06-01T00:00:00Z
Q117087466,Kortreist dansefestival,festival,Q20,Norway,,,2011-01-01T00:00:00Z
Q115236257,Høstfestivalen,festival,Q20,Norway,,,
Q117087494,Dette er scenekunst for barn og unge,festival,Q20,Norway,,,2014-01-01T00:00:00Z
Q117087533,Omsklo,festival,Q20,Norway,,,
Q117087558,Frie dansegrupper,festival,Q20,Norway,,,1977-01-01T00:00:00Z
Q117087506,Prosjekt i Gamlebyen,festival,Q20,Norway,,,1994-05-26T00:00:00Z
Q117087484,Figurfestspillene i Tønsberg,festival,Q20,Norway,,,2019-01-01T00:00:00Z
Q117087546,Osafestivalen,festival,Q20,Norway,,,
Q117087499,Scenetekstivalen,festival,Q20,Norway,,,2013-01-01T00:00:00Z
Q117087513,Sâmi Kultur Festivála,festival,Q20,Norway,,,
Q117087550,Ibsen Week,festival,Q20,Norway,,,
Q117087555,Dans - en fest!,festival,Q20,Norway,,,2022-08-25T00:00:00Z
Q117087510,Den Unge Garde,festival,Q20,Norway,,,2004-01-01T00:00:00Z
Q117087495,Kulturen lever,festival,Q20,Norway,,,1983-09-17T00:00:00Z
Q131308696,Kamti festival,festival,Q1033,Nigeria,,,
Q131329790,Rhythm Unplugged,festival,Q1033,Nigeria,,,2004-01-01T00:00:00Z
Q117087472,Norsk Dramatikk,festival,Q20,Norway,,,1991-01-01T00:00:00Z
Q117087498,Trondheim internasjonale teaterfestival,festival,Q20,Norway,,,1997-01-01T00:00:00Z
Q118875012,ION International Film Festival,festival,Q1033,Nigeria,,,
Q117087560,Operaens Sommerfestdager,festival,Q20,Norway,,,
Q117087478,Profiler '95,festival,Q20,Norway,,,1995-11-01T00:00:00Z
Q136558775,Ravnedalen Live,festival,Q20,Norway,,,2016-01-01T00:00:00Z
Q115222790,Iwa Akwa Festival,ceremony,Q1033,Nigeria,,,
Q19413737,Merino Muster,recurring event,Q664,New Zealand,,,1995-01-01T00:00:00Z
Q5128158,Classic Fighters,recurring event,Q664,New Zealand,,,2003-01-01T00:00:00Z
Q135407269,Ukpleka Festival,festival,Q1033,Nigeria,,,
Q55625214,Nigeria College of Education Games Association,recurring event,Q1033,Nigeria,,,1978-01-01T00:00:00Z
Q120668510,Saami parliamentary election,recurring event,Q20,Norway,,,
Q135406876,Eje-Alekwu,festival,Q1033,Nigeria,,,
Q17001854,Erotica Expo,recurring event,Q664,New Zealand,,,2000-01-01T00:00:00Z
Q131431683,Odun-Osu Festival,festival,Q1033,Nigeria,,,
Q7562715,Soonercon,recurring event,Q34863,Oklahoma City,,,1986-01-01T00:00:00Z
Q135406927,Ejegembi Festival,festival,Q1033,Nigeria,,,
Q3131556,Husebyrennet,recurring event,Q20,Norway,,,
Q139970687,Hackathon Nicaragua,festival,Q811,Nicaragua,,,2017-01-01T00:00:00Z
Q131363866,Gẹlẹdẹ festival,festival,Q1033,Nigeria,,,
Q65061247,Lagos Games Festival,recurring event,Q1033,Nigeria,,,2019-01-01T00:00:00Z
Q7978988,Webstock,recurring event,Q664,New Zealand,,,2006-01-01T00:00:00Z
Q130712635,Conspiracy,recurring event,Q664,New Zealand,,,1997-01-01T00:00:00Z
Q125486981,Wiki Loves Libraries,recurring event,Q1033,Nigeria,,,
Q48999067,North Korean ghost ships,recurring event,Q423,North Korea,,,
Q135337794,Swange dance festival,festival,Q1033,Nigeria,,,
Q7314396,Republic Day,party,Q1032,Niger,,,
Q134237795,Nollywood Travel Film Festival,recurring event,Q1033,Nigeria,,,2017-01-01T00:00:00Z
Q136416990,Afan National Festival 2025,festival,Q1033,Nigeria,,,
Q135967026,Obaluaye Festival Ikorodu,festival,Q1033,Nigeria,,,
Q11994260,Oslo World,recurring event,Q20,Norway,,,1994-01-01T00:00:00Z
Q132178869,La Fiesta Women's Festival,festival,Q664,New Zealand,,,2010-01-01T00:00:00Z
Q22032108,iD Dunedin Fashion Week,recurring event,Q664,New Zealand,,,2000-01-01T00:00:00Z
Q22032343,Oslo Forum,recurring event,Q20,Norway,,,2003-01-01T00:00:00Z
Q18167234,La De Da,recurring event,Q664,New Zealand,,,2010-01-01T00:00:00Z
Q130712838,Norcon,recurring event,Q664,New Zealand,,,1981-01-01T00:00:00Z
Q136401536,Lumen Prize 2025,recurring event,Q20,Norway,,,
Q7354169,Rock2Wgtn,recurring event,Q664,New Zealand,,,2008-01-01T00:00:00Z
Q4574407,Vossajazz,recurring event,Q20,Norway,1973-01-01T00:00:00Z,,1973-01-01T00:00:00Z
Q17099563,ISFiT 2013,festival occurrence,Q20,Norway,2013-02-07T00:00:00Z,2013-02-17T00:00:00Z,
Q6842616,Midnattsrocken,recurring event,Q20,Norway,,,
Q116884030,NZCT Chamber Music Contest,recurring event,Q664,New Zealand,,,
Q31177860,"1,000-ri Journey for Learning",recurring event,Q423,North Korea,,,
Q137670335,KaraFest,party,Q1033,Nigeria,,,
Q138529635,Q138529635,party,Q1033,Nigeria,,,
Q1779329,Gullruten,recurring event,Q20,Norway,,,1994-01-01T00:00:00Z
Q139823010,Kodomma,festival,Q1033,Nigeria,,,
Q137591499,Port Harcourt Poetry Festival,recurring event,Q1033,Nigeria,,,
Q139603246,Open Christchurch,festival,Q664,New Zealand,,,
Q135404309,Benue Book and Art Festival,festival,Q1033,Nigeria,,,2015-01-01T00:00:00Z
Q138529635,Q138529635,party,Q1032,Niger,,,
Q100151828,WikiNobel,recurring event,Q20,Norway,,,2014-01-01T00:00:00Z
Q131341049,Ofala Festival,festival,Q1033,Nigeria,,,0016-01-01T00:00:00Z
Q135407421,Rekange Festival,festival,Q1033,Nigeria,,,
Q130427646,Q130427646,recurring event,Q20,Norway,,,
Q712286,Arthur's Day,recurring event,Q1033,Nigeria,,,2009-01-01T00:00:00Z
Q7015537,New Zealand National Science Fiction Convention,recurring event,Q664,New Zealand,,,1979-01-01T00:00:00Z
Q115517902,Masquerade Festival in Igboland,recurring event,Q1033,Nigeria,,,
Q24936530,Badagry Festival,recurring event,Q1033,Nigeria,,,1999-01-01T00:00:00Z
Q98399879,Haugesund Walk of Fame,recurring event,Q20,Norway,,,2015-01-01T00:00:00Z
Q18343749,Port Harcourt International Fashion Week,recurring event,Q1033,Nigeria,,,2013-01-01T00:00:00Z
Q135967085,Turupu Festival Ikorodu,festival,Q1033,Nigeria,,,
Q135345006,Tor tiv coronation festival,festival,Q1033,Nigeria,,,
Q474807,Styrkeprøven,recurring event,Q20,Norway,,,1967-01-01T00:00:00Z
Q135404422,Ochacho Carnival,festival,Q1033,Nigeria,,,
Q132858901,Chong Dovetail,festival,Q1033,Nigeria,,,2016-01-01T00:00:00Z
Q108428837,Wiki Loves Monuments in Norway,recurring event,Q20,Norway,,,
Q25041528,Lagos International Trade Fair,recurring event,Q1033,Nigeria,,,1977-01-01T00:00:00Z
Q1799015,Norwegian Wood,recurring event,Q20,Norway,,,1992-01-01T00:00:00Z
Q23878304,Vixen Influencer Awards,recurring event,Q20,Norway,,,
Q6664346,Local elections in New Zealand,recurring event,Q664,New Zealand,,,
Q127646692,First Ife Festival of the Arts,festival occurrence,Q1033,Nigeria,1968-12-10T00:00:00Z,1968-12-20T00:00:00Z,
Q135406893,Gberichur festival,festival,Q1033,Nigeria,,,
Q1783034,Idrettsgallaen,recurring event,Q20,Norway,,,2001-01-01T00:00:00Z
Q138835703,Q138835703,festival,Q1032,Niger,,,2008-01-01T00:00:00Z
Q135654882,Nicosia International Festival,festival,Q3856,Nicosia,,,
Q31079525,Q31079525,recurring event,Q20,Norway,,,2008-01-01T00:00:00Z
Q136417006,Afan National Festival 2017,festival,Q1033,Nigeria,,,
Q65047342,Bole festival,recurring event,Q1033,Nigeria,2016-01-01T00:00:00Z,,
Q130712632,Conquest,recurring event,Q664,New Zealand,,,1995-01-01T00:00:00Z
Q134316570,Printopia,festival,Q664,New Zealand,,,
Q96622031,Wiki Loves Folklore,recurring event,Q1033,Nigeria,,,
Q135337824,Ugboju masquerade festival,festival,Q1033,Nigeria,,,
Q7996499,Whitianga Festival of Speed,recurring event,Q664,New Zealand,,,2009-01-01T00:00:00Z
Q17750658,Bodø Jazz Open,recurring event,Q20,Norway,2010-01-01T00:00:00Z,,2010-01-01T00:00:00Z
Q136481281,FESTA,festival,Q664,New Zealand,,,2012-01-01T00:00:00Z
Q134984693,Flytime Fest,recurring event,Q1033,Nigeria,,,2004-01-01T00:00:00Z
Q137406485,African Pride Accelerated,recurring event,Q1033,Nigeria,,,2022-01-01T00:00:00Z
Q5033619,Canterbury A&P Show,recurring event,Q664,New Zealand,,,
Q123143807,EniObanke Music Festival,recurring event,Q1033,Nigeria,,,2010-01-01T00:00:00Z
Q24189367,New Zealand Fringe Festival,recurring event,Q664,New Zealand,,,1990-01-01T00:00:00Z
Q1781220,Cold Response,recurring event,Q20,Norway,,,2006-01-01T00:00:00Z
Q136471747,New Zealand Fungal Foray,recurring event,Q664,New Zealand,,,1986-01-01T00:00:00Z
Q16825873,Africa Magic Viewers' Choice Awards,recurring event,Q1033,Nigeria,,,2012-01-01T00:00:00Z
Q136353273,Dawn Service,ceremony,Q664,New Zealand,,,1916-04-25T00:00:00Z
Q16069051,Tour of Canterbury,recurring event,Q664,New Zealand,,,
Q80949,April Fools' Day,recurring event,Q20,Norway,1564-01-01T00:00:00Z,,
Q11991873,Nordlysfestivalen,recurring event,Q20,Norway,1987-01-01T00:00:00Z,,1987-01-01T00:00:00Z
Q18085526,BW Summer Festival,recurring event,Q664,New Zealand,,,2004-01-01T00:00:00Z
Q108113158,Ito Ogbo festival,recurring event,Q1033,Nigeria,,,1450-01-01T00:00:00Z
Q108400705,1 pm press conference,recurring event,Q664,New Zealand,,,
Q136417013,Afan National Festival 2020,festival,Q1033,Nigeria,,,
Q124255692,Boxing Day Test,recurring event,Q664,New Zealand,,,
Q133752663,Opobo Nwaotam Festival,festival,Q1033,Nigeria,,,
Q7743963,The Kanon Award,recurring event,Q20,Norway,,,2004-01-01T00:00:00Z
Q137362701,Kano Durbar Festival,festival,Q1033,Nigeria,,,
Q112631873,Norcon,recurring event,Q20,Norway,,,1975-01-01T00:00:00Z
Q131340804,Nupe Day Celebration,festival,Q1033,Nigeria,,,1896-06-26T00:00:00Z
Q5099348,Chimera,recurring event,Q664,New Zealand,,,2008-01-01T00:00:00Z
Q48814326,Nigeria Private University Games Association,recurring event,Q1033,Nigeria,,,2003-01-01T00:00:00Z
Q135404473,Imo  Benue Festival,festival,Q1033,Nigeria,,,
Q130712641,Context,recurring event,Q664,New Zealand,,,1988-01-01T00:00:00Z
Q81610,Mr Gay World,recurring event,Q664,New Zealand,,,2009-01-01T00:00:00Z
Q6418915,Kiwiburn,recurring event,Q664,New Zealand,,,2004-01-01T00:00:00Z
Q134584395,Ngāti Kahungunu Waitangi Day event 2025,festival,Q664,New Zealand,,,2025-02-06T00:00:00Z
Q48989737,Hayati Fashion Week,recurring event,Q1033,Nigeria,2017-07-20T00:00:00Z,,
Q112660236,Con*Tretemps,recurring event,Q43199,Omaha,,,1982-01-01T00:00:00Z
Q130503642,Otago Goldfields Cavalcade,recurring event,Q664,New Zealand,,,1991-01-01T00:00:00Z
Q7107037,Oslo Operaball,recurring event,Q20,Norway,,,1988-01-01T00:00:00Z
Q135404066,Adu Festival,festival,Q1033,Nigeria,,,
Q12007807,Q12007807,recurring event,Q20,Norway,1977-01-01T00:00:00Z,,
Q55625216,Nigeria Polytechnic Games Association,recurring event,Q1033,Nigeria,,,
Q29017863,Wonsan International Friendship Air Festival,recurring event,Q423,North Korea,,,
Q11957777,AnJazz,recurring event,Q20,Norway,2005-01-01T00:00:00Z,,
Q12302690,ShadowCon,recurring event,Q20,Norway,,,1996-01-01T00:00:00Z
Q116972912,The Shed Collective Farmers’ Market,recurring event,Q664,New Zealand,,,2007-10-20T00:00:00Z
Q25045221,Lagos Creative Industry Fair,recurring event,Q1033,Nigeria,,,2015-01-01T00:00:00Z
Q7456091,Sesqui 1990,festival occurrence,Q664,New Zealand,,,
Q12001477,Q12001477,recurring event,Q20,Norway,,,
Q48816649,CubaDupa,recurring event,Q664,New Zealand,,,2018-01-01T00:00:00Z
Q7015254,New Zealand Census of Population and Dwellings,recurring event,Q664,New Zealand,,,
Q18343734,Port Harcourt Book Festival,recurring event,Q1033,Nigeria,2008-01-01T00:00:00Z,,2008-01-01T00:00:00Z
Q617378,Worldcon,recurring event,Q664,New Zealand,,,1939-01-01T00:00:00Z
Q17148787,SMOFcon,recurring event,Q664,New Zealand,,,1984-01-01T00:00:00Z
Q132757428,Afan National Festival 2024,festival,Q1033,Nigeria,,,
Q130712620,Conclave,recurring event,Q664,New Zealand,,,2006-01-01T00:00:00Z
Q16733752,Lagos Countdown,recurring event,Q1033,Nigeria,,,2012-01-01T00:00:00Z
Q116884026,Wales Bank School Music Contest,recurring event,Q664,New Zealand,,,
Q120547552,Eurovision Young Musicians 2024,festival occurrence,Q20,Norway,,,
Q131437821,Eyibi Festival,festival,Q1033,Nigeria,,,
Q130713478,Science Fiction Research Association Conference,recurring event,Q20,Norway,,,1970-01-01T00:00:00Z
Q19384809,Oslo Fashion Week,recurring event,Q20,Norway,,,
Q6537933,Lexus Song Quest,recurring event,Q664,New Zealand,,,1956-01-01T00:00:00Z
Q139721083,Wiki Loves Earth 2026 in the Middle Belt,recurring event,Q1033,Nigeria,2026-06-01T00:00:00Z,2026-06-30T00:00:00Z,
Q135403874,Kyegh Sha Ishwa (Chicken with Sesame),festival,Q1033,Nigeria,,,2015-01-01T00:00:00Z
Q13196173,Fistinu,party,Q2656,Palermo,,,
Q106602898,Maghreb-Orient des livres,festival,Q90,Paris,,,
Q117087506,Prosjekt i Gamlebyen,festival,Q585,Oslo,,,1994-05-26T00:00:00Z
Q26623738,Buddha Unfolding Festival,party,Q148,People's Republic of China,,,
Q39285597,Beechfest,festival,Q1930,Ottawa,,,2016-01-01T00:00:00Z
Q115236300,TekstLab Scratch Festival,festival,Q585,Oslo,,,
Q124892346,Safa Cultural Festival,festival,Q219060,Palestine,,,
Q30914346,Q30914346,party,Q419,Peru,,,
Q71692193,Suriname Jazz Festival,festival,Q3001,Paramaribo,,,
Q27050660,Q27050660,festival,Q419,Peru,,,
Q5861783,Q5861783,party,Q419,Peru,,,
Q16647418,Diaghilev Festival,festival,Q915,Perm,,,
Q7973217,Water-Sprinkling Festival,festival,Q148,People's Republic of China,,,
Q25212806,Chrysanthemum Festival,festival,Q148,People's Republic of China,,,
Q112185961,PerformanceProcess 2015,festival,Q90,Paris,,,2015-01-01T00:00:00Z
Q117087495,Kulturen lever,festival,Q585,Oslo,,,1983-09-17T00:00:00Z
Q7959468,Wagah-Attari border ceremony,ceremony,Q843,Pakistan,,,1959-01-01T00:00:00Z
Q136336724,National Defense Education Day,festival,Q148,People's Republic of China,,,2001-01-01T00:00:00Z
Q115236302,Ungdomsfestivalen,festival,Q585,Oslo,,,
Q18394860,Tsing Yi Bamboo Theatre,festival,Q148,People's Republic of China,,,
Q117087521,HUMAN,festival,Q585,Oslo,,,
Q115236249,Fagerborg Orgelfestival,festival,Q585,Oslo,,,2005-01-01T00:00:00Z
Q36381219,Jamday,festival,Q1930,Ottawa,,,
Q64692754,Capital Vélo Fest,festival,Q1930,Ottawa,,,
Q124900549,Mihrajān al-Raqṣ al-muʻāṣir,festival,Q219060,Palestine,,,2006-01-01T00:00:00Z
Q117087479,MOToffentlighet,festival,Q585,Oslo,,,2016-06-10T00:00:00Z
Q118113506,International Workers´ Day in Peru 2023,party,Q419,Peru,,,
Q115236279,Oslo Internasjonale Teaterfestival,festival,Q585,Oslo,,,1982-01-01T00:00:00Z
Q5861141,Q5861141,festival,Q419,Peru,,,
Q64731302,Ottawa Psych Fest II,festival,Q1930,Ottawa,2019-06-28T00:00:00Z,2019-06-30T00:00:00Z,
Q5358393,Qingdao International Beer Festival,festival,Q148,People's Republic of China,,,
Q64692614,Canadian Stone Carving Festival,festival,Q1930,Ottawa,,,
Q635084,Beaumont Palace,English country house,Q34217,Oxford,,,1130-01-01T00:00:00Z
Q65060295,The Miao Flower Mountain Festival,festival,Q148,People's Republic of China,,,
Q124102008,Golden Panda Awards,festival,Q148,People's Republic of China,,,
Q94971990,Nanning International Folk Song Arts Festival,festival,Q148,People's Republic of China,,,1993-01-01T00:00:00Z
Q117087463,Heddadagene,festival,Q585,Oslo,,,2017-01-01T00:00:00Z
Q17499286,Yulin Festival and Dog meat Consumption in China,festival,Q148,People's Republic of China,,,2009-01-01T00:00:00Z
Q117087475,Maraton - 86,festival,Q585,Oslo,,,
Q3070814,Trujillo Spring Festival,festival,Q419,Peru,,,1950-01-01T00:00:00Z
Q119265974,Palestine Cinema Days,festival,Q219060,Palestine,,,2014-01-01T00:00:00Z
Q118395687,Q118395687,party,Q419,Peru,,,
Q66810060,Surifesta,festival,Q3001,Paramaribo,,,
Q117714294,Kongpo Losar,festival,Q148,People's Republic of China,,,
Q12246037,Q12246037,festival,Q842,Oman,,,
Q117087536,Fellessentralen Art Event,festival,Q585,Oslo,,,1998-02-14T00:00:00Z
Q25300303,Q25300303,party,Q90,Paris,,,
Q117087467,Norge Danser,festival,Q585,Oslo,,,1993-01-01T00:00:00Z
Q7260268,Punjab International Sports Festival,festival,Q843,Pakistan,,,
Q117087491,Siste Operamåned,festival,Q585,Oslo,,,1921-08-01T00:00:00Z
Q1068874,A Symphony of Lights,recurring event,Q148,People's Republic of China,,,
Q5447343,Fiestas Patrias,party,Q419,Peru,,,
Q48927765,Chinese Doctor's Day,festival,Q148,People's Republic of China,,,
Q139412865,Q139412865,ceremony,Q3777,Ouagadougou,,,
Q10322114,àm-hóng,ceremony,Q148,People's Republic of China,,,
Q98923468,Jashan-e-Qaqlasht,festival,Q843,Pakistan,,,
Q65965826,Q65965826,party,Q148,People's Republic of China,,,
Q115236294,Soria Laboratoria Festival,festival,Q585,Oslo,,,2012-01-01T00:00:00Z
Q934278,International Ballet Festival of Trujillo,recurring event,Q419,Peru,,,
Q105732646,Forest of Reading Festival,festival,Q1930,Ottawa,,,2007-01-01T00:00:00Z
Q125082077,Rozana Festival,festival,Q219060,Palestine,,,
Q136210972,Yarlung Tsangpo Shuizangtai,ceremony,Q148,People's Republic of China,,,
Q137948296,Q137948296,discothèque,Q419,Peru,,,
Q117218923,Third Month Fair,festival,Q148,People's Republic of China,,,
Q617378,Worldcon,recurring event,Q148,People's Republic of China,,,1939-01-01T00:00:00Z
Q115236256,Frie Gruppers Festival,festival,Q585,Oslo,,,1979-01-01T00:00:00Z
Q125026619,Cherry festival,festival,Q219060,Palestine,,,2016-01-01T00:00:00Z
Q3074886,Mistura,recurring event,Q419,Peru,2008-01-01T00:00:00Z,2017-01-01T00:00:00Z,2008-01-01T00:00:00Z
Q117087480,Nordisk Forum,festival,Q585,Oslo,,,
Q115236280,Oslo Internasjonale Teaterfestival,festival,Q585,Oslo,,,2013-01-01T00:00:00Z
Q125635213,Q125635213,festival,Q3777,Ouagadougou,,,
Q125635219,Q125635219,festival,Q90,Paris,,,
Q42425905,Sindh Literature Festival,festival,Q843,Pakistan,,,
Q5364492,Longtaitou Festival,festival,Q148,People's Republic of China,,,
Q115236304,Unima Norges Jubileumsfestival,festival,Q585,Oslo,,,2004-01-01T00:00:00Z
Q115236278,Oslo Internasjonale Poesi Festival,festival,Q585,Oslo,,,
Q115236276,Only Connect Festival of Sound,festival,Q585,Oslo,,,
Q117087487,Oslo kulturnatt,festival,Q585,Oslo,,,
Q115236277,Oslo Butohfestival,festival,Q585,Oslo,,,
Q99317470,Q99317470,party,Q419,Peru,,,1955-01-01T00:00:00Z
Q115236298,Teatersentrums barne- og ungdomsteaterfestival,festival,Q585,Oslo,,,1992-01-01T00:00:00Z
Q125501852,Q125501852,festival,Q3777,Ouagadougou,,,
Q10955077,hanyijie,festival,Q148,People's Republic of China,,,
Q115236283,Oslo Middelaldermusikkfestival,festival,Q585,Oslo,,,
Q117087530,Kunst i Live,festival,Q585,Oslo,,,1999-01-01T00:00:00Z
Q115236281,Oslo International Acting Festival,festival,Q585,Oslo,,,
Q117087512,Urban Moves,festival,Q585,Oslo,,,2008-06-01T00:00:00Z
Q137554391,Llama Ch'uyay,ceremony,Q419,Peru,,,
Q10436413,Q10436413,ceremony,Q148,People's Republic of China,,,
Q115236290,Rumifestivalen,festival,Q585,Oslo,,,2007-01-01T00:00:00Z
Q10425104,Q10425104,festival,Q148,People's Republic of China,,,
Q115236284,Oslo Rockfestival,festival,Q585,Oslo,,,
Q135428287,Q135428287,festival,Q419,Peru,,,
Q117087464,CODA,festival,Q585,Oslo,,,2001-01-01T00:00:00Z
Q5861350,Q5861350,festival,Q733,Paraguay,,,
Q99211395,Peruvian Medicine Day,party,Q419,Peru,,,1937-01-01T00:00:00Z
Q117087508,Monsters of Reality,festival,Q585,Oslo,,,
Q10872057,proclamation of the People's Republic of China,ceremony,Q148,People's Republic of China,,,
Q14931580,Chinese Mid-Autumn Festival,festival,Q148,People's Republic of China,,,
Q117087553,Off-Hedda,festival,Q585,Oslo,,,2018-01-01T00:00:00Z
Q115236250,Fortellerfestivalen,festival,Q585,Oslo,,,
Q13423122,Qixi Festival,festival,Q148,People's Republic of China,,,
Q10549990,Q10549990,ceremony,Q148,People's Republic of China,,,
Q2879997,baishi,ceremony,Q148,People's Republic of China,,,
Q65432529,Namgang,festival,Q148,People's Republic of China,,,
Q115236252,Frankofonifestivalen,festival,Q585,Oslo,,,
Q43734999,Jinhua Hutou Dog Meat Festival,festival,Q148,People's Republic of China,,,
Q117087465,Showbox,festival,Q585,Oslo,,,2005-01-01T00:00:00Z
Q7267893,Qintong Boat Festival,festival,Q148,People's Republic of China,,,
Q9384127,Q9384127,festival,Q148,People's Republic of China,,,
Q16571040,Q16571040,festival,Q419,Peru,,,
Q115236292,Samtidsfestivalen,festival,Q585,Oslo,,,2001-01-01T00:00:00Z
Q19839999,Chu Hua Yuan,ceremony,Q148,People's Republic of China,,,
Q115236246,Den Andre Teaterfestivalen,festival,Q585,Oslo,,,2016-01-01T00:00:00Z
Q124945479,Sabastia Tourism and Heritage Festival,festival,Q219060,Palestine,,,
Q117087483,ICON - International Contemporary Stage Programme,festival,Q585,Oslo,,,2011-01-01T00:00:00Z
Q15311343,Dragon Boat Festival,festival,Q148,People's Republic of China,,,
Q126684862,Q126684862,festival,Q219060,Palestine,,,2018-01-01T00:00:00Z
Q64597076,Glowfair festival,festival,Q1930,Ottawa,,,
Q117087501,Ad Libitum,festival,Q585,Oslo,,,1987-01-01T00:00:00Z
Q3804600,Iuma,party,Q419,Peru,,,
Q125122112,Red Carpet Film Festival,festival,Q219060,Palestine,,,2015-01-01T00:00:00Z
Q1590995,Championnat International de Jeux Mathématiques et Logiques,recurring event,Q90,Paris,,,
Q113495195,Valetodo Downtown,discothèque,Q419,Peru,,,
Q19409,Hong Kong Film Awards,recurring event,Q148,People's Republic of China,1982-01-01T00:00:00Z,,1982-01-01T00:00:00Z
Q1254268,Duanwu Festival,festival,Q148,People's Republic of China,,,
Q1133236,FLISOL,recurring event,Q733,Paraguay,,,
Q5044117,Carnival of Huanchaco,festival,Q419,Peru,,,
Q8059443,Ypacaraí Festival,festival,Q733,Paraguay,,,
Q117087533,Omsklo,festival,Q585,Oslo,,,
Q42912619,Q42912619,festival,Q419,Peru,,,
Q64597031,Carivibe,festival,Q1930,Ottawa,,,
Q5506859,Fu Yang Festival,festival,Q148,People's Republic of China,,,
Q99209774,Q99209774,party,Q419,Peru,,,
Q65130339,Nikon Film Festival,festival,Q90,Paris,,,
Q85761194,Flag Raising Ceremony,ceremony,Q148,People's Republic of China,,,
Q81610,Mr Gay World,recurring event,Q419,Peru,,,2009-01-01T00:00:00Z
Q81610,Mr Gay World,recurring event,Q804,Panama,,,2009-01-01T00:00:00Z
Q117087550,Ibsen Week,festival,Q585,Oslo,,,
Q69506863,Heerenstraat Festival,festival,Q3001,Paramaribo,2019-01-01T00:00:00Z,,
Q1853379,SuriPop,recurring event,Q3001,Paramaribo,,,
Q124282421,Teatro República,discothèque,Q419,Peru,,,
Q20015866,Q20015866,festival,Q419,Peru,,,
Q6900764,Monkey King Festival,festival,Q148,People's Republic of China,,,
Q5976474,Q5976474,festival,Q419,Peru,,,
Q132756202,"Great Mongolian Festival of the Princes, 1935",festival,Q148,People's Republic of China,,,
Q36382413,Festival of India Ottawa,festival,Q1930,Ottawa,,,
Q106446432,Q106446432,festival,Q90,Paris,,,2017-01-01T00:00:00Z
Q65058987,Q65058987,festival,Q148,People's Republic of China,,,
Q64692368,Lumiere Festival,festival,Q1930,Ottawa,,,
Q7119078,PFDC Sunsilk Fashion Week,recurring event,Q843,Pakistan,,,2010-01-01T00:00:00Z
Q115925770,Future Fest Pakistan,recurring event,Q843,Pakistan,,,2022-01-01T00:00:00Z
Q67934054,Citizens' Press Conference,recurring event,Q148,People's Republic of China,,,2019-08-06T00:00:00Z
Q71676875,Switi Rauw Streetfest,recurring event,Q3001,Paramaribo,,,
Q11994260,Oslo World,recurring event,Q585,Oslo,,,1994-01-01T00:00:00Z
Q4562479,1929 Westlake exposition,festival occurrence,Q148,People's Republic of China,,,
Q4806380,Asia Game Show,recurring event,Q148,People's Republic of China,,,2002-01-01T00:00:00Z
Q10873422,China International Cartoon & Animation Festival,recurring event,Q148,People's Republic of China,,,2005-01-01T00:00:00Z
Q7653412,Swancon,recurring event,Q3183,Perth,,,1976-01-01T00:00:00Z
Q6680074,Lord of Huaman Festival,recurring event,Q419,Peru,,,
Q77429230,RoboMaster,recurring event,Q148,People's Republic of China,,,2015-01-01T00:00:00Z
Q113553776,Harbin International Beer Festival,recurring event,Q148,People's Republic of China,,,1988-01-01T00:00:00Z
Q25407447,Noche Crema,recurring event,Q419,Peru,,,
Q3289735,March for Life,recurring event,Q90,Paris,,,2005-01-01T00:00:00Z
Q5188112,"Cross-Strait Economic, Trade and Culture Forum",recurring event,Q148,People's Republic of China,,,2006-01-01T00:00:00Z
Q134603800,National multi-hazard drill in Peru,recurring event,Q419,Peru,,,
Q110287867,Q110287867,festival occurrence,Q915,Perm,2011-10-11T00:00:00Z,2011-10-17T00:00:00Z,
Q11481730,Q11481730,recurring event,Q148,People's Republic of China,,,
Q67984328,Hong Kong roar,recurring event,Q148,People's Republic of China,,,2019-08-01T00:00:00Z
Q110107733,Chinese Calligraphy Lanting Award,recurring event,Q148,People's Republic of China,,,2001-01-01T00:00:00Z
Q5099651,ChinaJoy,recurring event,Q148,People's Republic of China,2004-01-01T00:00:00Z,,2004-01-01T00:00:00Z
Q7414448,San Jose Festival,recurring event,Q419,Peru,,,
Q5044114,Carnival of Conache,recurring event,Q419,Peru,,,
Q5156335,Competition of Paso Horses in Trujillo,recurring event,Q419,Peru,,,
Q5008697,CAN-CON,recurring event,Q1930,Ottawa,,,1992-01-01T00:00:00Z
Q96622031,Wiki Loves Folklore,recurring event,Q843,Pakistan,,,
Q96622031,Wiki Loves Folklore,recurring event,Q419,Peru,,,
Q78220196,International Pakistan Prestige Awards,recurring event,Q843,Pakistan,,,2017-01-01T00:00:00Z
Q28223907,Jingjinji Champions Cup,recurring event,Q148,People's Republic of China,,,
Q4765082,Animation-Comic-Game Hong Kong,recurring event,Q148,People's Republic of China,,,1999-01-01T00:00:00Z
Q113958267,Q113958267,festival occurrence,Q915,Perm,2009-10-01T00:00:00Z,2009-10-21T00:00:00Z,
Q74180754,Raiwind Ijtima,recurring event,Q843,Pakistan,,,
Q113958280,Q113958280,festival occurrence,Q915,Perm,2018-09-14T00:00:00Z,2018-09-20T00:00:00Z,
Q15931842,Q15931842,recurring event,Q148,People's Republic of China,,,1997-01-01T00:00:00Z
Q60991974,Galaxy Science Fiction Convention,recurring event,Q148,People's Republic of China,,,1991-01-01T00:00:00Z
Q138358613,Anarchist demonstration of 1 May in Paris,recurring event,Q90,Paris,,,
Q7979397,Week anniversary of Trujillo Municipality,recurring event,Q419,Peru,,,
Q4547198,10th anniversary of the People's Republic of China,recurring event,Q148,People's Republic of China,,1959-10-01T00:00:00Z,
Q109943604,Wiki Loves Monuments in Peru,recurring event,Q419,Peru,,,
Q113958277,Q113958277,festival occurrence,Q915,Perm,2015-09-19T00:00:00Z,2015-09-25T00:00:00Z,
Q78220196,International Pakistan Prestige Awards,recurring event,Q585,Oslo,,,2017-01-01T00:00:00Z
Q43735828,2015 Lychee and Dog Meat Festival,festival occurrence,Q148,People's Republic of China,2015-06-21T00:00:00Z,2015-06-30T00:00:00Z,
Q113958283,Q113958283,festival occurrence,Q915,Perm,2020-12-11T00:00:00Z,2020-12-17T00:00:00Z,
Q6050097,International Defence Exhibition and Seminar,recurring event,Q843,Pakistan,,,2000-01-01T00:00:00Z
Q60970062,Fashion Week Panama,recurring event,Q804,Panama,,,2010-01-01T00:00:00Z
Q10871947,National Population Census of the People's Republic of China,recurring event,Q148,People's Republic of China,,,1953-01-01T00:00:00Z
Q117794045,Grand Prix du Conseil municipal de Paris,recurring event,Q90,Paris,,,
Q10873959,China TV Golden Eagle Awards,recurring event,Q148,People's Republic of China,,,1983-01-01T00:00:00Z
Q113958273,Q113958273,festival occurrence,Q915,Perm,2014-09-01T00:00:00Z,2014-09-29T00:00:00Z,
Q5400595,Estamos en la Calle,recurring event,Q419,Peru,,,
Q114876658,Khatme Nabuwat Conference,recurring event,Q843,Pakistan,,,
Q6473368,Lahore Fashion Week,recurring event,Q843,Pakistan,,,
Q120536125,Hakuhō Cup,recurring event,Q35765,Osaka,2010-01-01T00:00:00Z,,
Q5710125,Asunción Fashion Week,recurring event,Q733,Paraguay,2003-01-01T00:00:00Z,,
Q5099677,China Fashion Week,recurring event,Q148,People's Republic of China,,,1997-01-01T00:00:00Z
Q6016032,Independence Day of Trujillo,recurring event,Q419,Peru,,,
Q139890026,Voci di Periferia,recurring event,Q2656,Palermo,,,2025-01-01T00:00:00Z
Q7171374,Peshawar Fashion Week,recurring event,Q843,Pakistan,,,
Q21733315,Shandur Polo Festival,recurring event,Q843,Pakistan,,,
Q65061149,World Intelligence Congress,recurring event,Q148,People's Republic of China,,,
Q10872175,National Economic Census,recurring event,Q148,People's Republic of China,,,2004-01-01T00:00:00Z
Q43735984,2017 Lychee and Dog Meat Festival,festival occurrence,Q148,People's Republic of China,2017-06-21T00:00:00Z,2017-06-30T00:00:00Z,
Q130712590,China Science Fiction Convention,recurring event,Q148,People's Republic of China,,,2016-01-01T00:00:00Z
Q8963575,Gastronomic Fair in Trujillo,recurring event,Q419,Peru,,,2011-01-01T00:00:00Z
Q3586949,general elections in Peru,recurring event,Q419,Peru,,,
Q19206998,Normandy Format,recurring event,Q90,Paris,,,2014-06-06T00:00:00Z
Q8422162,Hong Kong 1 July marches,recurring event,Q148,People's Republic of China,,,2003-01-01T00:00:00Z
Q139885495,IDO ACG Expo,recurring event,Q148,People's Republic of China,,,2012-01-01T00:00:00Z
Q6367753,Karachi Fashion Week,recurring event,Q843,Pakistan,,,
Q12302690,ShadowCon,recurring event,Q585,Oslo,,,1996-01-01T00:00:00Z
Q17111410,Miss La Libertad,recurring event,Q419,Peru,,,
Q18207781,Straits Forum,recurring event,Q148,People's Republic of China,,,2009-01-01T00:00:00Z
Q113958269,Q113958269,festival occurrence,Q915,Perm,2013-10-06T00:00:00Z,2013-10-13T00:00:00Z,
Q112183293,Qiang New Year Festival,recurring event,Q148,People's Republic of China,,,
Q6808040,MegaCon,recurring event,Q49233,Orlando,,,1993-01-01T00:00:00Z
Q16838050,Fashion Pakistan Week,recurring event,Q843,Pakistan,,,2009-01-01T00:00:00Z
Q112724172,Oxford Real Farming Conference,recurring event,Q34217,Oxford,,,2010-01-01T00:00:00Z
Q43735681,2014 Lychee and Dog Meat Festival,festival occurrence,Q148,People's Republic of China,2014-06-21T00:00:00Z,2014-06-30T00:00:00Z,
Q10931956,Annual Meeting of the New Champions,recurring event,Q148,People's Republic of China,,,2007-01-01T00:00:00Z
Q43735908,2016 Lychee and Dog Meat Festival,festival occurrence,Q148,People's Republic of China,2016-06-21T00:00:00Z,2016-06-30T00:00:00Z,
Q112623631,Borderlands,recurring event,Q3183,Perth,,,2001-01-01T00:00:00Z
Q15908309,50th anniversary of the People's Republic of China,recurring event,Q148,People's Republic of China,,,
Q8426845,Memorials for the Tiananmen Square protests of 1989,recurring event,Q148,People's Republic of China,,,1990-01-01T00:00:00Z
Q4881124,Beijing Design Week,recurring event,Q148,People's Republic of China,2009-01-01T00:00:00Z,,
Q6367766,Karachi International Book Fair,recurring event,Q843,Pakistan,2004-01-01T00:00:00Z,,2004-01-01T00:00:00Z
Q5099740,China International Fair for Investment and Trade,recurring event,Q148,People's Republic of China,1997-01-01T00:00:00Z,,1997-01-01T00:00:00Z
Q26456601,World Electronic Sports Games,recurring event,Q148,People's Republic of China,,,
Q5843837,Trujillo Book Festival,recurring event,Q419,Peru,,,
Q7269702,RemaxAsia Expo,recurring event,Q148,People's Republic of China,,,
Q25303529,Road to Ultra,recurring event,Q419,Peru,,,2012-01-01T00:00:00Z
Q7847638,Trujillo Marinera Festival,recurring event,Q419,Peru,,,
Q109942029,Wiki Loves Monuments in Panama,recurring event,Q804,Panama,,,
Q85879019,Osaka International Chamber Music Competition,recurring event,Q35765,Osaka,1993-01-01T00:00:00Z,,
Q10874738,China Flower Expo,recurring event,Q148,People's Republic of China,,,1987-01-01T00:00:00Z
Q124234760,Tarma Book Fair,recurring event,Q419,Peru,,,2016-01-01T00:00:00Z
Q30644427,Pakistan Auto Show,recurring event,Q843,Pakistan,,,2005-01-01T00:00:00Z
Q57928488,Q57928488,recurring event,Q90,Paris,,,2014-01-01T00:00:00Z
Q5058972,census in Pakistan,recurring event,Q843,Pakistan,,,1951-01-01T00:00:00Z
Q6888876,Modern Sky Festival,recurring event,Q148,People's Republic of China,,,2007-01-01T00:00:00Z
Q60827556,CADE Ejecutivos,recurring event,Q419,Peru,,,
Q9360264,Q9360264,festival,Q36,Poland,,,2001-01-01T00:00:00Z
Q24663924,Interdyscyplinarny Festiwal Sztuk Miasto Gwiazd,festival,Q36,Poland,,,2009-09-01T00:00:00Z
Q906104,International Festival of Comics and Games in Łódź,festival,Q36,Poland,,,1991-01-01T00:00:00Z
Q11691494,Copernicon,recurring event,Q36,Poland,,,1998-01-01T00:00:00Z
Q106488831,Q106488831,recurring event,Q1085,Prague,,,
Q3502395,Open'er Festival,festival,Q36,Poland,,,2002-01-01T00:00:00Z
Q479014,Almabtrieb,festival,Q36,Poland,,,
Q7897486,Unsound Festival,festival,Q36,Poland,,,2003-01-01T00:00:00Z
Q136351172,Q136351172,festival,Q36,Poland,,,2005-01-01T00:00:00Z
Q130712840,Nordcon,recurring event,Q36,Poland,,,
Q60492564,Battle of Grunwald reenactment,recurring event,Q36,Poland,,,1998-01-01T00:00:00Z
Q9259336,Łódź of Four Cultures Festival,festival,Q36,Poland,,,2010-01-01T00:00:00Z
Q104623071,Emporium,discothèque,Q36,Poland,,,
Q662829,Eurocon,recurring event,Q36,Poland,,,1972-01-01T00:00:00Z
Q11787926,Meskie Granie,recurring event,Q36,Poland,,,2010-01-01T00:00:00Z
Q117260020,Q117260020,recurring event,Q36,Poland,2013-01-01T00:00:00Z,,
Q16494302,Q16494302,festival,Q36,Poland,,,
Q9257843,Q9257843,festival,Q36,Poland,,,2000-01-01T00:00:00Z
Q127417512,Spokrewnieni służbą,recurring event,Q36,Poland,,,2018-01-01T00:00:00Z
Q136192931,2025 European Lacrosse Championship,recurring event,Q36,Poland,2025-07-09T00:00:00Z,2025-07-19T00:00:00Z,
Q7263612,Pyrkon,recurring event,Q36,Poland,,,1999-01-01T00:00:00Z
Q131738072,Dni Krakowa,recurring event,Q36,Poland,,,1936-01-01T00:00:00Z
Q6546096,Light Up Night,recurring event,Q1342,Pittsburgh,,,1960-11-21T00:00:00Z
Q139894889,Philippine vice presidential election,recurring event,Q928,Philippines,,,1935-01-01T00:00:00Z
Q11697961,Q11697961,festival,Q36,Poland,,,2000-01-01T00:00:00Z
Q104708373,Portland Retro Gaming Expo,recurring event,Q6106,Portland,,,
Q27077310,Q27077310,festival occurrence,Q1085,Prague,1977-04-05T00:00:00Z,1977-04-10T00:00:00Z,
Q11783883,Paderewski International Piano Competition,recurring event,Q36,Poland,1961-01-01T00:00:00Z,,
Q131472248,Ullmann's celebrations,festival,Q36,Poland,,,2018-01-01T00:00:00Z
Q9385961,Zahcon,festival,Q36,Poland,,,2000-01-01T00:00:00Z
Q7894411,Universitas Cantat,recurring event,Q36,Poland,,,1998-01-01T00:00:00Z
Q116556396,Film and Art Festival Two Riversides,recurring event,Q36,Poland,2007-01-01T00:00:00Z,,2007-01-01T00:00:00Z
Q19839035,Q19839035,festival,Q36,Poland,,,
Q11783870,International Light Festival Skyway,festival,Q36,Poland,,,2009-01-01T00:00:00Z
Q11699225,Gadający Pies,recurring event,Q36,Poland,,2015-01-01T00:00:00Z,2010-01-01T00:00:00Z
Q28333164,Philippine Senate election,recurring event,Q928,Philippines,,,
Q56640489,Urban Highline Festival 2018,festival occurrence,Q36,Poland,2018-07-25T00:00:00Z,2018-07-29T00:00:00Z,
Q4076961,Baltcon,festival,Q36,Poland,,,1993-01-01T00:00:00Z
Q9396688,Q9396688,festival,Q36,Poland,,,
Q16847677,INPEX,recurring event,Q1342,Pittsburgh,,,1984-01-01T00:00:00Z
Q98104254,"The Queer May Festival, Kraków",festival,Q36,Poland,,,
Q124102031,International University Choral Festival,festival,Q1345,Philadelphia,,,
Q136767154,Indústria,discothèque,Q36433,Porto,1986-01-01T00:00:00Z,,1986-01-01T00:00:00Z
Q131986800,Festiwal im. Stefana Dorawy,recurring event,Q36,Poland,,,2023-01-01T00:00:00Z
Q7182996,Philcon,recurring event,Q1345,Philadelphia,,,1936-01-01T00:00:00Z
Q3389129,Bieg Piastów,recurring event,Q36,Poland,,,1976-01-01T00:00:00Z
Q10370522,Serralves in Celebration,festival,Q36433,Porto,,,
Q20032415,Jarmark Dominikański,recurring event,Q36,Poland,,,1260-01-01T00:00:00Z
Q127514918,KISMIF Conference,recurring event,Q36433,Porto,,,2014-01-01T00:00:00Z
Q11733108,Q11733108,recurring event,Q36,Poland,,,1995-01-01T00:00:00Z
Q9210543,Dozhinki in Poland,festival,Q36,Poland,,,
Q7186818,Phoenix Comicon,recurring event,Q16556,Phoenix,,,2002-01-01T00:00:00Z
Q105334118,Wiki Loves Monuments in Poland,recurring event,Q36,Poland,,,
Q66363491,Q66363491,festival,Q36,Poland,,,
Q118780229,Q118780229,recurring event,Q36,Poland,,,
Q28673169,Narodowe Czytanie,recurring event,Q36,Poland,,,2012-01-01T00:00:00Z
Q106617644,Klub Muzyczny Elektrownia,discothèque,Q36,Poland,,,
Q7209223,Polcon,recurring event,Q36,Poland,,,1985-01-01T00:00:00Z
Q130253704,Q130253704,recurring event,Q36,Poland,,,1961-01-01T00:00:00Z
Q84680668,"National Day of Ethnography, Ethnology and Cultural Anthropology",recurring event,Q36,Poland,,,2019-10-26T00:00:00Z
Q126959221,Q126959221,recurring event,Q36,Poland,,,
Q8042381,XOXO,festival,Q6106,Portland,,,2012-01-01T00:00:00Z
Q121624438,Jewish Culture Festival in Grodzisk Mazowiecki,festival,Q36,Poland,2019-01-01T00:00:00Z,,
Q11697990,International Soup Festival,festival,Q36,Poland,,,
Q64229799,Festival of the Children Of Mountain - International Festival of Children's Folk Ensembles,festival,Q36,Poland,,,1992-01-01T00:00:00Z
Q86664016,Q86664016,festival,Q36,Poland,,,
Q7237677,Prague International Jazz Festival,festival,Q1085,Prague,,,
Q80949,April Fools' Day,recurring event,Q36,Poland,1564-01-01T00:00:00Z,,
Q12038552,Monarchist March,recurring event,Q1085,Prague,,,
Q6448507,Kutno Rose Festival,festival,Q36,Poland,,,
Q27580295,Q27580295,festival,Q36,Poland,,,
Q7185370,Philippine presidential election,recurring event,Q928,Philippines,,,1935-01-01T00:00:00Z
Q3070008,Festival Temps d'images,festival,Q36,Poland,,,
Q7263612,Pyrkon,recurring event,Q268,Poznań,,,1999-01-01T00:00:00Z
Q579163,Eurovision Young Musicians 1996,festival occurrence,Q45,Portugal,,1996-06-12T00:00:00Z,
Q131986778,Świętojańskie Koncerty Organowe im. Mariana Dorawy,recurring event,Q36,Poland,,,2022-01-01T00:00:00Z
Q29959335,Copernicus Festival,recurring event,Q36,Poland,2014-01-01T00:00:00Z,,2014-01-01T00:00:00Z
Q9367893,Q9367893,festival occurrence,Q36,Poland,,,
Q129197516,Wawrzyńcowe Hudy,recurring event,Q36,Poland,,,
Q102503360,Fraud Street Run,recurring event,Q1345,Philadelphia,,,2020-11-09T00:00:00Z
Q112624917,CoKoCon,recurring event,Q16556,Phoenix,,,2018-01-01T00:00:00Z
Q6527812,LepreCon,recurring event,Q16556,Phoenix,,,1975-01-01T00:00:00Z
Q130305880,Forum for Internationalization,recurring event,Q36,Poland,,,2017-01-01T00:00:00Z
Q9355727,Q9355727,festival,Q36,Poland,,,1987-01-01T00:00:00Z
Q7099761,Orange Warsaw Festival,recurring event,Q36,Poland,,,2008-01-01T00:00:00Z
Q86664778,Malbork Siege,recurring event,Q36,Poland,,,
Q85384,Eurovision Young Dancers 2005,festival occurrence,Q36,Poland,,2005-06-24T00:00:00Z,
Q11783877,Q11783877,festival,Q36,Poland,,,1986-01-01T00:00:00Z
Q117263,Eurovision Young Dancers 2013,festival occurrence,Q36,Poland,,2013-06-14T00:00:00Z,
Q1092433,Olympia Cinema,discothèque,Q45,Portugal,,,
Q1421817,Prix Europa,festival,Q1711,Potsdam,,,1987-01-01T00:00:00Z
Q130480981,Q130480981,recurring event,Q1085,Prague,,,
Q59379328,17th World Festival of Youth and Students,festival occurrence,Q3926,Pretoria,2010-12-13T00:00:00Z,2010-12-21T00:00:00Z,
Q7894411,Universitas Cantat,recurring event,Q268,Poznań,,,1998-01-01T00:00:00Z
Q11802057,PaKA,festival,Q36,Poland,1985-01-01T00:00:00Z,,
Q106612670,Sametové posvícení,festival,Q1085,Prague,,,2012-01-01T00:00:00Z
Q9135574,70th Anniversary of the Warsaw Ghetto Uprising,festival,Q36,Poland,,,
Q61116750,Q61116750,festival,Q36,Poland,,,1992-01-01T00:00:00Z
Q7199258,Pittsburgh Comicon,recurring event,Q1342,Pittsburgh,,,1994-01-01T00:00:00Z
Q1408581,Festival da Canção,recurring event,Q45,Portugal,1964-01-01T00:00:00Z,,
Q112058472,Q112058472,festival,Q3799,Porto-Novo,,,
Q17385362,European Congress of Small and Medium-Size Enterprises,recurring event,Q36,Poland,,,
Q25401987,Festiwal Nauki in Kraków,recurring event,Q36,Poland,,,2000-01-01T00:00:00Z
Q51390076,Zagłebie Critical Mass,recurring event,Q36,Poland,2008-01-01T00:00:00Z,,
Q80949,April Fools' Day,recurring event,Q45,Portugal,1564-01-01T00:00:00Z,,
Q11688033,Q11688033,festival,Q36,Poland,,,2001-01-01T00:00:00Z
Q11793763,Noworudzkie Spotkania z Poezja̜,festival,Q36,Poland,,,1991-01-01T00:00:00Z
Q139806760,2024 european lacrosse men's U20 championship,recurring event,Q36,Poland,2024-07-19T00:00:00Z,2024-07-27T00:00:00Z,
Q7105291,OryCon,recurring event,Q6106,Portland,,,1979-01-01T00:00:00Z
Q130305777,Q130305777,recurring event,Q36,Poland,,,
Q130712764,KONgres,recurring event,Q36,Poland,,,
Q9259316,Q9259316,festival,Q268,Poznań,,,2004-01-01T00:00:00Z
Q10278764,1865 International Exhibition,festival,Q36433,Porto,,,
Q5160222,Confluence,recurring event,Q1342,Pittsburgh,,,1988-01-01T00:00:00Z
Q11729771,Juwenalia Krakowskie,festival,Q36,Poland,,,
Q9259313,Q9259313,festival,Q36,Poland,,,2007-01-01T00:00:00Z
Q99642299,Polish National Road Cycling Championships - hill climb,recurring event,Q36,Poland,,,
Q7232025,Portland Rose Festival,festival,Q6106,Portland,,,1907-01-01T00:00:00Z
Q117710727,Q117710727,recurring event,Q36,Poland,2012-01-01T00:00:00Z,,2012-01-01T00:00:00Z
Q130713478,Science Fiction Research Association Conference,recurring event,Q36,Poland,,,1970-01-01T00:00:00Z
Q138732767,Q138732767,recurring event,Q36,Poland,,,1995-01-01T00:00:00Z
Q108711138,Krakow Festival of French Song,festival,Q36,Poland,,,
Q117802759,Q117802759,recurring event,Q1085,Prague,,,
Q2259288,5th World Festival of Youth and Students,festival occurrence,Q36,Poland,1955-07-31T00:00:00Z,1955-08-14T00:00:00Z,
Q11712135,Industriada,festival,Q36,Poland,,,
Q130306701,Q130306701,recurring event,Q36,Poland,,,
Q3497485,Brave Festival,recurring event,Q36,Poland,,,2005-01-01T00:00:00Z
Q134063882,General Traffic Measurement,recurring event,Q36,Poland,1965-01-01T00:00:00Z,,
Q9259296,"Shanty festival ""Keja""",festival,Q36,Poland,,,
Q48841955,Literary Heights Festival,recurring event,Q36,Poland,2014-01-01T00:00:00Z,,
Q11828057,Q11828057,festival,Q36,Poland,,,1994-01-01T00:00:00Z
Q11706376,Bytefest,festival,Q1085,Prague,,,2005-01-01T00:00:00Z
Q130016776,Rollerblading pilgrimage: Warsaw—Częstochowa,recurring event,Q36,Poland,2004-01-01T00:00:00Z,,2004-01-01T00:00:00Z
Q106072978,Pistang Bayan,festival,Q928,Philippines,,,
Q117181544,Q117181544,recurring event,Q36,Poland,,,
Q9326143,Slot Art Festival,festival,Q36,Poland,,,1993-01-01T00:00:00Z
Q42993305,4 + 4 Days in Motion,festival,Q1085,Prague,,,
Q136661417,Q136661417,recurring event,Q36,Poland,,,2006-01-01T00:00:00Z
Q114347232,glitchartisdead,recurring event,Q36,Poland,,,2015-01-01T00:00:00Z
Q86107,Eurovision Young Dancers 1997,festival occurrence,Q36,Poland,,1997-06-17T00:00:00Z,
Q9259286,Festiwal Otwarte Ogrody Sadyba,festival,Q36,Poland,,,
Q1997010,1st World Festival of Youth and Students,festival occurrence,Q1085,Prague,,,
Q139897525,Philippine senate election,recurring event,Q928,Philippines,,,
Q9259206,Festiwal Dialogu Czterech Kultur,festival,Q36,Poland,,,2002-01-01T00:00:00Z
Q77931877,Golden Chickens Festival,festival,Q36,Poland,,,2014-01-01T00:00:00Z
Q11783869,FETA - International Street and Open-Air Theatres Festival,recurring event,Q36,Poland,,,1997-01-01T00:00:00Z
Q11844537,Kaamulan,recurring event,Q928,Philippines,,,
Q131177539,"Wikidata Days 2024 (Lisbon, Portugal)",recurring event,Q45,Portugal,2024-11-14T00:00:00Z,2024-11-16T00:00:00Z,
Q7185138,Philippine International Motor Show,recurring event,Q928,Philippines,,,2008-01-01T00:00:00Z
Q7185385,Philippine presidential inauguration,recurring event,Q928,Philippines,,,
Q1483763,Golden Globes,recurring event,Q45,Portugal,,,1996-01-01T00:00:00Z
Q78304389,Carnival of Podence,festival,Q45,Portugal,,,
Q135017210,Q135017210,party,Q45,Portugal,,,
Q105070555,Feast of the Black Nazarene,festival,Q928,Philippines,,,
Q5139823,Coconut Festival,festival,Q928,Philippines,,,
Q7418191,Sangyaw,recurring event,Q928,Philippines,,,1974-01-01T00:00:00Z
Q86677802,Wikidata Days 2020,recurring event,Q45,Portugal,2020-07-02T00:00:00Z,2020-07-04T00:00:00Z,
Q17027126,Buling-Buling Festival,festival,Q928,Philippines,,,
Q17093218,World Costume Festival,festival,Q928,Philippines,,,2013-01-01T00:00:00Z
Q25698335,Bangus Festival,festival,Q928,Philippines,,,2002-01-01T00:00:00Z
Q121330771,MURO - Urban Art Festival Lisbon 2017,festival occurrence,Q45,Portugal,2017-05-25T00:00:00Z,2017-05-28T00:00:00Z,
Q20992217,Asia Pop Comic Convention,recurring event,Q928,Philippines,,,
Q10656268,Rock in Rio Lisboa IV,festival occurrence,Q45,Portugal,2010-05-21T00:00:00Z,2010-05-30T00:00:00Z,
Q113377766,Free Software Party,recurring event,Q45,Portugal,2004-01-01T00:00:00Z,,
Q48879529,Rock in Rio Lisboa I,festival occurrence,Q45,Portugal,2004-05-28T00:00:00Z,2004-06-06T00:00:00Z,
Q136767316,Coqueiro Club,discothèque,Q45,Portugal,1984-08-12T00:00:00Z,2019-07-02T00:00:00Z,1984-08-12T00:00:00Z
Q117391269,"Lamego, Cidade Poema",recurring event,Q45,Portugal,,,2018-01-01T00:00:00Z
Q139771827,Buglasan Festival,festival,Q928,Philippines,,,1986-01-01T00:00:00Z
Q113269127,NOS Primavera Sound 2022,recurring event,Q45,Portugal,,,
Q7196508,Pintados-Kasadyaan,festival,Q928,Philippines,,,
Q12969038,Bocaue Pagoda Festival,recurring event,Q928,Philippines,,,
Q30589848,Lisboa Games Week,recurring event,Q45,Portugal,,,2014-01-01T00:00:00Z
Q2830670,Ati-Atihan Festival,festival,Q928,Philippines,,,
Q23048151,Catandungan Festival,festival,Q928,Philippines,,,
Q7116584,Ozine Fest,recurring event,Q928,Philippines,2005-12-01T00:00:00Z,,2005-01-01T00:00:00Z
Q1411756,Sandugo Festival,festival,Q928,Philippines,,,
Q96622031,Wiki Loves Folklore,recurring event,Q928,Philippines,,,
Q7413869,San Fernando Frog Festival,festival,Q928,Philippines,,,
Q51673714,Q51673714,festival occurrence,Q45,Portugal,,,
Q20053349,Circular Festival de Artes Performativas,festival,Q45,Portugal,,,
Q132175625,Festivities of Nossa Senhora dos Remédios,party,Q45,Portugal,,,
Q10370522,Serralves in Celebration,festival,Q45,Portugal,,,
Q6350041,Kalabukay Festival,festival,Q928,Philippines,,,
Q86740514,Magic Night,party,Q45,Portugal,,,
Q5278041,Dinengdeng festival,festival,Q928,Philippines,,,
Q10336793,Festas Nicolinas,party,Q45,Portugal,,,1645-01-01T00:00:00Z
Q137734619,Q137734619,festival,Q45,Portugal,1998-08-01T00:00:00Z,1998-08-10T00:00:00Z,
Q136767294,Pixote,discothèque,Q45,Portugal,,,1986-04-24T00:00:00Z
Q127514918,KISMIF Conference,recurring event,Q45,Portugal,,,2014-01-01T00:00:00Z
Q2671446,Sinulog festival,festival,Q928,Philippines,,,
Q137323422,Smuggling festival,festival,Q45,Portugal,,,2017-03-24T00:00:00Z
Q10368222,Cult of Senhor Santo Cristo dos Milagres,recurring event,Q45,Portugal,,,
Q25053473,Tuna Festival,recurring event,Q928,Philippines,,,
Q10273188,Q10273188,party,Q45,Portugal,,,
Q21015919,Philippine Game Festival,recurring event,Q928,Philippines,,,2009-01-01T00:00:00Z
Q20055693,Q20055693,festival,Q45,Portugal,,,
Q9613569,Andanças,festival,Q45,Portugal,,,
Q149530,Panagbenga Festival,festival,Q928,Philippines,,,1996-01-01T00:00:00Z
Q7129743,Panaad sa Negros Festival,recurring event,Q928,Philippines,,,
Q78589156,Q78589156,festival,Q928,Philippines,,,2011-11-26T00:00:00Z
Q5983620,Ibalong Festival,festival,Q928,Philippines,,,
Q4483214,Fantasporto 1981,festival occurrence,Q45,Portugal,,,
Q136141663,Q136141663,recurring event,Q45,Portugal,,,1914-01-01T00:00:00Z
Q3070008,Festival Temps d'images,festival,Q45,Portugal,,,
Q139743058,Festival Tecnologia Popular de Setúbal,festival,Q45,Portugal,,,2025-01-01T00:00:00Z
Q124078091,Barreiro festivities in honor of Our Lady of the Rosary,festival,Q45,Portugal,,,
Q10281966,Festival de Almada,festival,Q45,Portugal,,,
Q81610,Mr Gay World,recurring event,Q928,Philippines,,,2009-01-01T00:00:00Z
Q125768360,Primavera Sound Porto 2023,recurring event,Q45,Portugal,,,
Q121323620,MURO - Urban Art Festival Lisbon 2016,festival occurrence,Q45,Portugal,2016-04-30T00:00:00Z,2016-05-15T00:00:00Z,
Q5558384,Giant Lantern Festival,festival,Q928,Philippines,,,
Q137324205,N2 Festival,festival,Q45,Portugal,,,2018-01-01T00:00:00Z
Q135081789,Q135081789,party,Q45,Portugal,,,
Q17088388,Sirong Festival,festival,Q928,Philippines,,,
Q135067988,Q135067988,party,Q45,Portugal,,,
Q6912301,Moriones Festival,festival,Q928,Philippines,,,
Q6366042,Kaogma Festival,festival,Q928,Philippines,,,
Q85443050,WikiCon Portugal,recurring event,Q45,Portugal,,,
Q112051447,Aurora Music Festival,recurring event,Q928,Philippines,,,2020-01-01T00:00:00Z
Q126946424,Metro Manila Pride March,recurring event,Q928,Philippines,,,1996-01-01T00:00:00Z
Q85807019,The EDDYS,recurring event,Q928,Philippines,,,2017-07-08T00:00:00Z
Q135082562,Q135082562,party,Q45,Portugal,,,
Q10278764,1865 International Exhibition,festival,Q45,Portugal,,,
Q65161817,Feminist Festival of Lisbon,festival,Q45,Portugal,,,2018-01-01T00:00:00Z
Q18285194,Q18285194,festival,Q45,Portugal,,,
Q43115913,Pinhal Das Artes,festival,Q45,Portugal,,,
Q4765851,Anjo Festival,festival,Q45,Portugal,,,
Q29996642,RFM Somnii,recurring event,Q45,Portugal,,,2012-01-01T00:00:00Z
Q114793367,Wiki Loves Monuments in Portugal,recurring event,Q45,Portugal,,,
Q138646248,Medusa X,recurring event,Q45,Portugal,,,2025-01-01T00:00:00Z
Q7185277,Philippine Youth Congress in Information Technology,recurring event,Q928,Philippines,,,2003-01-01T00:00:00Z
Q17078384,MassKara Festival,recurring event,Q928,Philippines,,,
Q113279722,Pagkarahay Art Festival,recurring event,Q928,Philippines,,,
Q109918362,Head in the Clouds Festival,recurring event,Q928,Philippines,,,2018-01-01T00:00:00Z
Q3569997,World Pyro Olympics,recurring event,Q928,Philippines,,,2005-01-01T00:00:00Z
Q1893443,Marchas Populares,recurring event,Q45,Portugal,1932-01-01T00:00:00Z,,
Q5174671,Cosplay Mania,recurring event,Q928,Philippines,2008-01-01T00:00:00Z,,2008-01-01T00:00:00Z
Q122818812,Wikidata Days 2023,recurring event,Q45,Portugal,2023-09-28T00:00:00Z,2023-09-30T00:00:00Z,
Q29704207,Organ Festival of Braga,recurring event,Q45,Portugal,,,2014-01-01T00:00:00Z
Q10281831,Community festivities in Campo Maior,festival,Q45,Portugal,,,
Q48879654,Rock in Rio Lisboa II,festival occurrence,Q45,Portugal,,,
Q137324570,5th Edition of Smuggling Festival,festival occurrence,Q45,Portugal,2025-04-04T00:00:00Z,,
Q3131900,MagicValongo,festival,Q45,Portugal,,,
Q4913845,Binalbal Festival,festival,Q928,Philippines,,,
Q137325556,NOS Alive 2026,festival occurrence,Q45,Portugal,2026-07-09T00:00:00Z,2026-07-11T00:00:00Z,
Q6749688,Manila International Auto Show,recurring event,Q928,Philippines,2005-01-01T00:00:00Z,,2005-01-01T00:00:00Z
Q17148787,SMOFcon,recurring event,Q45,Portugal,,,1984-01-01T00:00:00Z
Q4452369,Q4452369,festival,Q159,Russia,,,
Q4191838,Q4191838,festival,Q159,Russia,1991-01-01T00:00:00Z,,
Q4193438,Q4193438,festival,Q159,Russia,,,
Q4386066,Q4386066,festival,Q159,Russia,,,
Q128492542,Gamers8,recurring event,Q3692,Riyadh,,,2022-01-01T00:00:00Z
Q16271909,Q16271909,festival,Q159,Russia,,,
Q113403407,Q113403407,festival,Q159,Russia,,,1993-01-01T00:00:00Z
Q18122919,White Mask 2014,festival,Q159,Russia,,,
Q16628632,"Festival of military and historical reconstruction ""Bylinny bereg""",festival,Q159,Russia,,,
Q4315507,Balloon Festivals in Kungur,festival,Q159,Russia,2002-01-01T00:00:00Z,,
Q16681620,Q16681620,festival,Q159,Russia,,,
Q4220930,Kinotavrik,festival,Q159,Russia,,,2001-11-01T00:00:00Z
Q12084334,Q12084334,festival,Q159,Russia,,,1999-01-01T00:00:00Z
Q4076961,Baltcon,recurring event,Q159,Russia,,,1993-01-01T00:00:00Z
Q4447908,Syzran tomato festival,festival,Q159,Russia,,,
Q64223581,World ballet holidays,festival,Q159,Russia,,,
Q1141359,Valdai International Discussion Club,recurring event,Q159,Russia,,,2004-01-01T00:00:00Z
Q87077830,Q87077830,festival,Q159,Russia,,,
Q16536110,Belgorodskaya zabava,festival,Q159,Russia,,,1995-01-01T00:00:00Z
Q37937330,Wiki-Conference,recurring event,Q159,Russia,,,
Q113412235,Our Generation 2023,festival occurrence,Q159,Russia,2023-03-01T00:00:00Z,2023-04-01T00:00:00Z,
Q113585759,Q113585759,festival,Q3692,Riyadh,2022-08-23T00:00:00Z,2022-09-05T00:00:00Z,
Q97316303,Q97316303,festival,Q159,Russia,,,
Q131468037,Mobile Summer Workshop,recurring event,Q1764,Reykjavík,,,1981-01-01T00:00:00Z
Q42048759,19th World Festival of Youth and Students,festival occurrence,Q159,Russia,,,
Q4441664,Stenograffia,festival,Q159,Russia,,,2010-01-01T00:00:00Z
Q1328626,Yaldā,festival,Q159,Russia,,,
Q4217618,Q4217618,festival,Q159,Russia,,,
Q52158842,Primakov Readings,recurring event,Q159,Russia,,,
Q115755563,Q115755563,recurring event,Q34370,Rotterdam,,,2016-01-01T00:00:00Z
Q127599572,Back2Black Festival,festival,Q8678,Rio de Janeiro,,,
Q4492070,Moscow International Forum for Innovative Development «Open Innovations»,recurring event,Q159,Russia,,,2012-01-01T00:00:00Z
Q2384646,Summer Carnival,party,Q34370,Rotterdam,,,1984-01-01T00:00:00Z
Q4413754,Seliger,festival,Q159,Russia,,,
Q15149201,Geek Picnic,festival,Q159,Russia,,,2011-01-01T00:00:00Z
Q95589843,Festival del Teatro Patologico,festival,Q220,Rome,,,
Q26758861,RosCon,festival,Q159,Russia,,,2001-01-01T00:00:00Z
Q376112,Knowledge Day,recurring event,Q159,Russia,,,1984-06-15T00:00:00Z
Q105408698,Winter International Arts Festival,festival,Q159,Russia,,,
Q24910363,NecronomiCon Providence,recurring event,Q18383,Providence,,,2013-01-01T00:00:00Z
Q14624232,Q14624232,festival occurrence,Q159,Russia,,,
Q97940655,Carte Blanche Festival,festival,Q159,Russia,,,2018-01-01T00:00:00Z
Q55658403,Q55658403,festival,Q159,Russia,,,
Q109699239,Saint Petersburg Tatar Media Forum,recurring event,Q159,Russia,,,2019-01-01T00:00:00Z
Q56072167,May readings,festival,Q159,Russia,,,1990-01-01T00:00:00Z
Q124900549,Mihrajān al-Raqṣ al-muʻāṣir,festival,Q158119,Ramallah,,,2006-01-01T00:00:00Z
Q4049669,Snow Dogs,festival,Q159,Russia,,,
Q136456423,Riyadh Season 2025,festival,Q3692,Riyadh,2025-10-10T00:00:00Z,2026-03-01T00:00:00Z,
Q25349615,15th edition of Mawazine Festival,festival occurrence,Q3551,Rabat,2016-05-20T00:00:00Z,2016-05-28T00:00:00Z,
Q3045874,Mawazine,recurring event,Q3551,Rabat,,,2001-01-01T00:00:00Z
Q115324832,Russian Rome Festival,festival,Q220,Rome,,,2017-01-01T00:00:00Z
Q5288911,Çük,festival,Q159,Russia,,,
Q16272126,Starcon,festival,Q159,Russia,,,1999-01-01T00:00:00Z
Q15621180,"Festival of military and historical reconstruction ""White City""",festival,Q159,Russia,,,
Q28537056,Q28537056,festival,Q159,Russia,,,
Q28666928,Journey into Christmas,festival,Q159,Russia,,,
Q4229103,ComTrans,festival,Q159,Russia,,,
Q54860001,Q54860001,festival,Q34370,Rotterdam,,,
Q86071953,Q86071953,festival occurrence,Q3551,Rabat,2009-05-15T00:00:00Z,2009-05-23T00:00:00Z,
Q54860004,Q54860004,festival,Q34370,Rotterdam,,,
Q4041155,IT Leader Forum,recurring event,Q159,Russia,,,2004-01-01T00:00:00Z
Q54860005,Q54860005,festival,Q34370,Rotterdam,,,
Q121546575,Festival of Singing in Classical Arabic,festival,Q3692,Riyadh,,,2022-01-01T00:00:00Z
Q4417244,Q4417244,festival,Q159,Russia,,,2006-08-11T00:00:00Z
Q119265974,Palestine Cinema Days,festival,Q158119,Ramallah,,,2014-01-01T00:00:00Z
Q97663551,Seasons of Armenian culture,festival,Q159,Russia,,,
Q16647418,Diaghilev Festival,festival,Q159,Russia,,,
Q24932071,Q24932071,festival,Q159,Russia,,,
Q113411768,Q113411768,festival,Q159,Russia,,,
Q86666498,Millénaire normand,festival,Q30974,Rouen,1911-06-03T00:00:00Z,1911-06-11T00:00:00Z,
Q136866893,Q136866893,festival,Q908,Rostov-on-Don,,,
Q4099136,Q4099136,festival,Q159,Russia,,,
Q104185806,The Golden Ring of Russia (hot air balloon festival),festival,Q159,Russia,2002-01-01T00:00:00Z,,
Q112183295,Q112183295,festival,Q159,Russia,,,1992-01-01T00:00:00Z
Q662829,Eurocon,recurring event,Q159,Russia,,,1972-01-01T00:00:00Z
Q110862607,Stereoleto 2020,festival occurrence,Q159,Russia,2020-09-05T00:00:00Z,2020-09-06T00:00:00Z,
Q19906929,Alexander Ball,recurring event,Q159,Russia,,,
Q125497600,Saudi Film Confex,recurring event,Q3692,Riyadh,,,2023-10-01T00:00:00Z
Q4271558,Lyubimovka (festival),festival,Q159,Russia,,,
Q15896364,Social Revolution festival,festival,Q159,Russia,,,2012-01-01T00:00:00Z
Q62061940,Discover Russia,recurring event,Q159,Russia,,,2013-06-01T00:00:00Z
Q64223602,Music on the roof VDNKh,festival,Q159,Russia,,,
Q4036042,Chaos Constructions,festival,Q159,Russia,,,
Q47068109,Leo Records Festival in Russia,festival,Q159,Russia,,,
Q4204218,Try yourself,recurring event,Q159,Russia,1987-09-01T00:00:00Z,,
Q86071360,Q86071360,festival occurrence,Q3551,Rabat,2008-05-16T00:00:00Z,2008-05-24T00:00:00Z,
Q104860454,Q104860454,festival,Q159,Russia,,,
Q113410291,Q113410291,festival,Q159,Russia,,,
Q98947020,White Night,recurring event,Q1773,Riga,,,
Q113408488,Q113408488,festival,Q159,Russia,,,
Q25394758,Q25394758,festival,Q159,Russia,,,
Q3749075,Q3749075,festival,Q220,Rome,,,2002-01-01T00:00:00Z
Q1058102,International Tchaikovsky Competition,recurring event,Q159,Russia,,,1958-01-01T00:00:00Z
Q602771,Arirang Festival,festival,Q18808,Pyongyang,,2013-01-01T00:00:00Z,2000-01-01T00:00:00Z
Q97667718,Q97667718,festival,Q34370,Rotterdam,,,
Q56309652,International fireworks festival in Brateevsky Cascade Park,festival,Q159,Russia,,,
Q4341154,Q4341154,festival,Q159,Russia,,,
Q135937267,International Conducting Competition Rotterdam,recurring event,Q34370,Rotterdam,,,2022-01-01T00:00:00Z
Q25381116,Q25381116,festival,Q159,Russia,,,
Q80949,April Fools' Day,recurring event,Q218,Romania,1564-01-01T00:00:00Z,,
Q20203401,The World Festival of Clowns in Yekaterinburg,festival,Q159,Russia,,,2008-01-01T00:00:00Z
Q29625699,Vidfest,festival,Q159,Russia,,,
Q4199911,Ilmensky festival,festival,Q159,Russia,,,1973-01-01T00:00:00Z
Q29167797,Q29167797,festival,Q159,Russia,,,
Q15734813,ABC Show,recurring event,Q159,Russia,,,2002-01-01T00:00:00Z
Q56291777,IceCon,recurring event,Q1764,Reykjavík,,,2016-01-01T00:00:00Z
Q4350734,Russian census,recurring event,Q159,Russia,,,1897-01-01T00:00:00Z
Q20850530,Nebosvod Belogoriya,festival,Q159,Russia,,,
Q135450235,Riyadh Comedy Festival,festival,Q3692,Riyadh,2025-09-26T00:00:00Z,2025-10-09T00:00:00Z,2025-07-23T00:00:00Z
Q5359316,Elephant Festival,festival,Q1437,Rajasthan,,,
Q16272090,Rahlin seasons,festival,Q159,Russia,,,
Q25390136,Q25390136,festival,Q159,Russia,,,
Q4210802,Q4210802,festival,Q159,Russia,,,2006-01-01T00:00:00Z
Q18613634,Festivals of Belgorod Oblast,festival,Q159,Russia,,,
Q28666145,Q28666145,festival,Q159,Russia,,,
Q542095,Scarlet Sails,festival,Q159,Russia,,,1968-06-28T00:00:00Z
Q126684862,Q126684862,festival,Q158119,Ramallah,,,2018-01-01T00:00:00Z
Q55658011,Q55658011,festival,Q159,Russia,,,1996-01-01T00:00:00Z
Q131011429,Misk Global Forum,recurring event,Q3692,Riyadh,,,
Q4219965,Q4219965,festival,Q159,Russia,,,
Q1222838,Uroki rezhissury,festival,Q159,Russia,,,2017-01-01T00:00:00Z
Q4213650,Karavon,recurring event,Q159,Russia,,,
Q29167797,Q29167797,festival,Q908,Rostov-on-Don,,,
Q136720338,Lof der Zotheidlezing,recurring event,Q34370,Rotterdam,,,2010-01-01T00:00:00Z
Q107338157,SPBTransportFest,festival,Q159,Russia,,,2019-01-01T00:00:00Z
Q110287867,Q110287867,festival occurrence,Q159,Russia,2011-10-11T00:00:00Z,2011-10-17T00:00:00Z,
Q23050206,International Financial Congress,recurring event,Q159,Russia,1992-01-01T00:00:00Z,,
Q3028738,Libre Graphics Meeting,recurring event,Q647,Rennes,,,2006-01-01T00:00:00Z
Q3028738,Libre Graphics Meeting,recurring event,Q8678,Rio de Janeiro,,,2006-01-01T00:00:00Z
Q107020788,Saint Petersburg 2020 Blogerfight,festival,Q159,Russia,2020-02-27T00:00:00Z,2020-02-28T00:00:00Z,
Q14942339,Q14942339,recurring event,Q34370,Rotterdam,,,
Q103888326,Present Perfect 2019,festival occurrence,Q159,Russia,,,
Q135594475,International Falcon Breeders Auction,recurring event,Q3692,Riyadh,2021-01-01T00:00:00Z,,2021-01-01T00:00:00Z
Q19760041,Spasskaya Bashnya (festival),festival,Q159,Russia,,,2006-01-01T00:00:00Z
Q3686090,Concerto del Primo Maggio,recurring event,Q220,Rome,,,
Q4070157,Artdocfest,festival,Q159,Russia,,,
Q114799519,Riyadh Season 2022,festival,Q3692,Riyadh,,,
Q6544437,Demino Ski Marathon,recurring event,Q159,Russia,,,2007-01-01T00:00:00Z
Q56909,International Russian Rotary Children's Music Competition,recurring event,Q159,Russia,,,
Q65780861,12 Months Film Festival,recurring event,Q218,Romania,,,2015-01-01T00:00:00Z
Q4193282,Q4193282,festival,Q159,Russia,,,
Q22947792,Moscow Victory Day Parade,recurring event,Q159,Russia,,,1945-06-24T00:00:00Z
Q101246147,Q101246147,recurring event,Q159,Russia,,,1996-01-01T00:00:00Z
Q55829521,Romaeuropa Festival,festival,Q220,Rome,,,
Q7296383,RavenCon,recurring event,Q43421,Richmond,,,2006-01-01T00:00:00Z
Q93493275,Vinvest,festival,Q218,Romania,,,
Q131418198,Frauchi International Competition and Festival,recurring event,Q159,Russia,,,2009-01-01T00:00:00Z
Q113958269,Q113958269,festival occurrence,Q159,Russia,2013-10-06T00:00:00Z,2013-10-13T00:00:00Z,
Q56309543,Q56309543,festival,Q971,Republic of the Congo,,,2004-01-01T00:00:00Z
Q66712580,Smida Jazz Festival,festival,Q218,Romania,,,2016-01-01T00:00:00Z
Q20429504,Q20429504,festival,Q218,Romania,,,
Q109985604,Wiki Loves Monuments in Romania,recurring event,Q218,Romania,,,
Q18540154,Q18540154,festival,Q218,Romania,,,
Q138768266,Q138768266,festival,Q971,Republic of the Congo,,,2022-01-01T00:00:00Z
Q728037,Főtér Festival,festival,Q218,Romania,,,2006-01-01T00:00:00Z
Q135010700,Two Rivers 2025,festival,Q159,Russia,,,
Q87827974,UCIN Awards,recurring event,Q218,Romania,,,1971-01-01T00:00:00Z
Q114878761,#IWeTatar,recurring event,Q159,Russia,,,2022-11-01T00:00:00Z
Q5021787,Callatis Festival,festival,Q218,Romania,,,
Q5328323,East European Comic Con,recurring event,Q218,Romania,,,2013-01-01T00:00:00Z
Q120261203,VK Fest,festival,Q159,Russia,,,2015-01-01T00:00:00Z
Q115409881,Stars over Donbass,festival,Q159,Russia,,,2019-01-01T00:00:00Z
Q135639469,Q135639469,festival,Q971,Republic of the Congo,,,1996-01-01T00:00:00Z
Q123127233,Q123127233,recurring event,Q159,Russia,,,
Q6437701,Kristal Glam Club,recurring event,Q218,Romania,,,1998-01-01T00:00:00Z
Q120277663,Q120277663,festival,Q159,Russia,,,
Q30590317,Feeric Fashion Week,recurring event,Q218,Romania,2008-01-01T00:00:00Z,,2008-01-01T00:00:00Z
Q12728229,Q12728229,festival,Q218,Romania,,,
Q136036007,Numele și numirea,recurring event,Q218,Romania,,,2011-01-01T00:00:00Z
Q118774149,World Festival of Youth (2024),festival,Q159,Russia,,,
Q12738613,Prohod,ceremony,Q218,Romania,,,
Q5627258,Gărâna Jazz Festival,recurring event,Q218,Romania,,,1997-01-01T00:00:00Z
Q123352947,Q123352947,festival,Q159,Russia,,,2022-01-01T00:00:00Z
Q110132077,Festivalul Inimilor,festival,Q218,Romania,,,
Q43116157,eXplore dance festival,festival,Q218,Romania,,,
Q113412151,Q113412151,festival,Q159,Russia,,,
Q4683230,Sighișoara Medieval Festival,festival,Q218,Romania,,,
Q127111646,Luna's Treat,party,Q159,Russia,,,
Q5584324,Gopo Awards,recurring event,Q218,Romania,,,2007-01-01T00:00:00Z
Q135312661,"What SUP, Moscow",festival,Q159,Russia,,,
Q29571874,Honterusfest,festival,Q218,Romania,,,1845-01-01T00:00:00Z
Q113414705,Q113414705,festival,Q159,Russia,,,
Q130712557,Aelita,recurring event,Q159,Russia,,,1985-01-01T00:00:00Z
Q113958267,Q113958267,festival occurrence,Q159,Russia,2009-10-01T00:00:00Z,2009-10-21T00:00:00Z,
Q113958280,Q113958280,festival occurrence,Q159,Russia,2018-09-14T00:00:00Z,2018-09-20T00:00:00Z,
Q18549380,Q18549380,festival,Q218,Romania,,,
Q113414717,Q113414717,festival,Q159,Russia,,,
Q129636581,Moscow-2030,festival,Q159,Russia,2024-08-01T00:00:00Z,2024-09-08T00:00:00Z,
Q120719694,TatCultFest,festival,Q159,Russia,,,
Q113958277,Q113958277,festival occurrence,Q159,Russia,2015-09-19T00:00:00Z,2015-09-25T00:00:00Z,
Q124036381,Almost Naked party,party,Q159,Russia,2023-12-20T00:00:00Z,2023-12-21T00:00:00Z,
Q18547895,Q18547895,festival,Q218,Romania,,,
Q12740365,Samfest,festival,Q218,Romania,,,
Q113958283,Q113958283,festival occurrence,Q159,Russia,2020-12-11T00:00:00Z,2020-12-17T00:00:00Z,
Q12741793,National Festival of the Sheep - Oaș Country,festival,Q218,Romania,,,
Q134517750,2025 Moscow Bike Parade,festival,Q159,Russia,,,
Q139452632,Q139452632,festival,Q159,Russia,,,2020-03-19T00:00:00Z
Q20429197,The Winter Customs Festival of Negrești-Oaș,festival,Q218,Romania,,,1998-01-01T00:00:00Z
Q133572188,"Dreamflash in Moscow, 2013",festival,Q159,Russia,,,
Q113958273,Q113958273,festival occurrence,Q159,Russia,2014-09-01T00:00:00Z,2014-09-29T00:00:00Z,
Q135916008,Festivalul Internațional de Orgă România,recurring event,Q218,Romania,,,2018-01-01T00:00:00Z
Q61355174,International Romani Art Festival,recurring event,Q218,Romania,,,2007-01-01T00:00:00Z
Q18544012,Q18544012,festival,Q218,Romania,,,
Q109530554,tuSeo,festival,Q971,Republic of the Congo,,,2004-10-01T00:00:00Z
Q662829,Eurocon,recurring event,Q218,Romania,,,1972-01-01T00:00:00Z
Q130123869,Pechan bazary 2024 festival,festival,Q159,Russia,,,
Q3880243,Q3880243,festival,Q218,Romania,,,
Q107020788,Saint Petersburg 2020 Blogerfight,festival,Q656,Saint Petersburg,2020-02-27T00:00:00Z,2020-02-28T00:00:00Z,
Q15274619,Salt Lake Comic Con,recurring event,Q23337,Salt Lake City,,,2013-01-01T00:00:00Z
Q96622031,Wiki Loves Folklore,recurring event,Q1037,Rwanda,,,
Q109699239,Saint Petersburg Tatar Media Forum,recurring event,Q656,Saint Petersburg,,,2019-01-01T00:00:00Z
Q4396828,Rock on the Volga,recurring event,Q894,Samara,,,
Q4019072,West Coast Computer Faire,recurring event,Q62,San Francisco,,,1977-01-01T00:00:00Z
Q5157905,ConDor,recurring event,Q16552,San Diego,,,2002-01-01T00:00:00Z
Q123127233,Q123127233,recurring event,Q656,Saint Petersburg,,,
Q662829,Eurocon,recurring event,Q238,San Marino,,,1972-01-01T00:00:00Z
Q135916158,San Jose Fountain Blues & Brews Festival,festival,Q16553,San Jose,,,
Q81709125,Festival de Autores de Santiago,recurring event,Q2887,Santiago,2018-10-01T00:00:00Z,,2018-01-01T00:00:00Z
Q114496415,Saint Petersburg 2022 Cluster Week Mediaindustry,recurring event,Q656,Saint Petersburg,,,
Q3028738,Libre Graphics Meeting,recurring event,Q1724,Saarbrücken,,,2006-01-01T00:00:00Z
Q125491365,Ch.ACO,recurring event,Q2887,Santiago,,,2009-01-01T00:00:00Z
Q542095,Scarlet Sails,festival,Q656,Saint Petersburg,,,1968-06-28T00:00:00Z
Q856365,CONduit,recurring event,Q23337,Salt Lake City,,,1990-01-01T00:00:00Z
Q107338157,SPBTransportFest,festival,Q656,Saint Petersburg,,,2019-01-01T00:00:00Z
Q23050206,International Financial Congress,recurring event,Q656,Saint Petersburg,1992-01-01T00:00:00Z,,
Q136101297,Q136101297,festival,Q1041,Senegal,,,
Q61133375,Q61133375,festival,Q403,Serbia,,,
Q29271,Pongal,festival,Q334,Singapore,,,
Q137575395,Crevarijada,festival,Q403,Serbia,,,
Q4904581,Biennial of Illustration Bratislava,festival,Q214,Slovakia,,,1967-01-01T00:00:00Z
Q7061444,Norwescon,recurring event,Q5083,Seattle,,,1978-01-01T00:00:00Z
Q130712886,Parcon,recurring event,Q214,Slovakia,,,
Q282730,Belgrade Book Fair,recurring event,Q403,Serbia,1956-01-01T00:00:00Z,,1957-01-01T00:00:00Z
Q134983917,Mikuláš Schneider-Trnavský International Vocal Competition,recurring event,Q214,Slovakia,,,1971-01-01T00:00:00Z
Q16083004,Q16083004,festival,Q403,Serbia,,,2014-01-01T00:00:00Z
Q125497600,Saudi Film Confex,recurring event,Q851,Saudi Arabia,,,2023-10-01T00:00:00Z
Q139795860,Q139795860,festival,Q1042,Seychelles,,,1985-01-01T00:00:00Z
Q113585759,Q113585759,festival,Q851,Saudi Arabia,2022-08-23T00:00:00Z,2022-09-05T00:00:00Z,
Q22690270,Q22690270,festival,Q851,Saudi Arabia,,,
Q25464688,Carevčevi dani,festival,Q403,Serbia,,,
Q25316228,International Science Youth Forum @ Singapore,recurring event,Q334,Singapore,,,
Q6049401,"International Comics Festival ""Salon stripa""",recurring event,Q403,Serbia,2003-01-01T00:00:00Z,,2003-01-01T00:00:00Z
Q111032653,Singapore River Buskers' Festival,festival,Q334,Singapore,,,
Q12762217,AmatFest,festival,Q214,Slovakia,2004-01-01T00:00:00Z,2012-01-01T00:00:00Z,2004-01-01T00:00:00Z
Q2033154,Serbia in the Eurovision Song Contest 2009,festival occurrence,Q403,Serbia,,,
Q77429230,RoboMaster,recurring event,Q15174,Shenzhen,,,2015-01-01T00:00:00Z
Q135434955,Q135434955,festival,Q403,Serbia,,,2024-01-01T00:00:00Z
Q30594043,Kopaonik Business Forum,recurring event,Q403,Serbia,,,1994-01-01T00:00:00Z
Q25458984,Reader badge,festival,Q403,Serbia,,,
Q3487863,Conference on the Application of Esperanto in Science and Technology,recurring event,Q214,Slovakia,,,1978-01-01T00:00:00Z
Q111032660,South East Asia Cultural Festival,festival,Q334,Singapore,,,
Q135431592,Riđica Traditional 'Peka' Cooking Event,festival,Q403,Serbia,,,2021-01-01T00:00:00Z
Q13381875,ZooM+,festival,Q214,Slovakia,,,2008-01-01T00:00:00Z
Q12750656,Q12750656,festival,Q403,Serbia,,,
Q65196423,Q65196423,festival,Q403,Serbia,,,
Q134581710,Q134581710,recurring event,Q403,Serbia,,,
Q136557170,Daq Alhab,recurring event,Q851,Saudi Arabia,,,
Q13421542,Jánošíkove dni,festival,Q214,Slovakia,,,
Q5599964,Great Singapore Sale,recurring event,Q334,Singapore,,,1984-01-01T00:00:00Z
Q136456423,Riyadh Season 2025,festival,Q851,Saudi Arabia,2025-10-10T00:00:00Z,2026-03-01T00:00:00Z,
Q21019824,PRIDE Košice,festival,Q214,Slovakia,,,
Q135432386,Q135432386,festival,Q403,Serbia,,,2019-01-01T00:00:00Z
Q131301806,Seychelles Arts Festival,festival,Q1042,Seychelles,,,
Q136806050,Šabac October Salon,festival,Q403,Serbia,,,
Q121546575,Festival of Singing in Classical Arabic,festival,Q851,Saudi Arabia,,,2022-01-01T00:00:00Z
Q6297319,Joy of Europe,recurring event,Q403,Serbia,,,
Q12245988,Riyadh shopping festival,festival,Q851,Saudi Arabia,,,
Q25464491,Q25464491,festival,Q403,Serbia,,,
Q138297878,Q138297878,festival,Q851,Saudi Arabia,,,2021-01-01T00:00:00Z
Q126509989,Q126509989,festival,Q403,Serbia,,,2021-01-01T00:00:00Z
Q131159637,Biban,recurring event,Q851,Saudi Arabia,,,
Q110821727,LEAP andInnovate,recurring event,Q851,Saudi Arabia,,,2022-01-01T00:00:00Z
Q25460447,Q25460447,festival,Q403,Serbia,,,
Q110045984,Biennial of children's artistic expression,festival,Q403,Serbia,,,2006-01-01T00:00:00Z
Q110045272,"""Museums for 10"" event",festival,Q403,Serbia,,,2015-01-01T00:00:00Z
Q12748851,Belgrade Jazz Festival,festival,Q403,Serbia,,,1971-01-01T00:00:00Z
Q10244,Diwali,festival,Q334,Singapore,,,
Q12760593,Q12760593,festival,Q403,Serbia,,,
Q65043136,Historic Jeddah Festival,recurring event,Q851,Saudi Arabia,,,
Q18594232,Gamers' Day,recurring event,Q851,Saudi Arabia,,,
Q42044501,Q42044501,festival,Q403,Serbia,,,
Q45021690,Biennial of Animation Bratislava,festival,Q214,Slovakia,,,1991-01-01T00:00:00Z
Q61130342,Zaštitnici tvrđave,festival,Q403,Serbia,,,
Q126367951,Future of Semiconductors Forum,recurring event,Q851,Saudi Arabia,,,2022-03-31T00:00:00Z
Q28230225,Another Story Festival,festival,Q384,Skopje,,,
Q60765692,Jeddah International Book Fair,recurring event,Q851,Saudi Arabia,,,
Q136439225,Cultural Investment Conference,recurring event,Q851,Saudi Arabia,,,2025-01-01T00:00:00Z
Q65154311,Q65154311,festival,Q1041,Senegal,,,
Q64540334,Winter at Tantora Festival,recurring event,Q851,Saudi Arabia,,,
Q12755210,Q12755210,festival,Q403,Serbia,,,
Q25377463,Journée de la femme digitale,recurring event,Q1041,Senegal,,,2013-01-01T00:00:00Z
Q135432339,Q135432339,festival,Q403,Serbia,,,2018-01-01T00:00:00Z
Q135434837,Q135434837,festival,Q403,Serbia,,,2017-01-01T00:00:00Z
Q136029813,Q136029813,festival,Q1041,Senegal,,,2009-01-01T00:00:00Z
Q17098395,Nušićijada,recurring event,Q403,Serbia,,,1967-01-01T00:00:00Z
Q28419214,Singapore Fashion Week,recurring event,Q334,Singapore,,,1988-01-01T00:00:00Z
Q96415692,Xooy,ceremony,Q1041,Senegal,,,
Q5323805,EOY,recurring event,Q334,Singapore,,,
Q64627172,Jeddah Season Festival,festival,Q851,Saudi Arabia,,,
Q17779336,Guitar Art Festival,festival,Q403,Serbia,,,2000-01-01T00:00:00Z
Q74415146,Singapore FinTech Festival,festival,Q334,Singapore,,,2016-01-01T00:00:00Z
Q7452831,Serbian Air Show,recurring event,Q403,Serbia,,,
Q43117460,Festival Bo:m,festival,Q8684,Seoul,,,
Q31181520,Q31181520,festival,Q403,Serbia,,,
Q125497929,Q125497929,festival,Q851,Saudi Arabia,,,
Q135433308,Q135433308,festival,Q403,Serbia,,,2024-01-01T00:00:00Z
Q1011736,Gombaszog Summer Festival,festival,Q214,Slovakia,,,
Q12624253,Q12624253,festival,Q8684,Seoul,,,
Q25044935,Outbreak europe,recurring event,Q214,Slovakia,,,
Q135450235,Riyadh Comedy Festival,festival,Q851,Saudi Arabia,2025-09-26T00:00:00Z,2025-10-09T00:00:00Z,2025-07-23T00:00:00Z
Q65202037,Q65202037,festival,Q403,Serbia,,,
Q61130583,Jefimijini dani,festival,Q403,Serbia,,,
Q65202040,Q65202040,festival,Q403,Serbia,,,
Q21019873,Q21019873,festival,Q214,Slovakia,,,
Q3063098,Summer Esperanto Study,recurring event,Q214,Slovakia,,,2007-01-01T00:00:00Z
Q12606158,Yangnyeongsi Festival,festival,Q8684,Seoul,,,
Q4166017,Jenadriyah,festival,Q851,Saudi Arabia,,,
Q61362489,Q61362489,festival,Q403,Serbia,,,2015-01-01T00:00:00Z
Q12760595,Festival Filmskih Scenarija - Screenfest,festival,Q403,Serbia,,,
Q6172694,Jeddah Economic Forum,recurring event,Q851,Saudi Arabia,,,1999-01-01T00:00:00Z
Q130219864,October Salon Pančevo,festival,Q403,Serbia,,,
Q61132590,Q61132590,festival,Q403,Serbia,,,
Q5977922,i Light Marina Bay,recurring event,Q334,Singapore,,,2010-01-01T00:00:00Z
Q20434559,Akademija,discothèque,Q403,Serbia,,,
Q130073019,Tanjong Beach Club,discothèque,Q334,Singapore,,,
Q25459149,Q25459149,festival,Q403,Serbia,,,
Q130316450,Cultural Years,recurring event,Q851,Saudi Arabia,,,2020-01-01T00:00:00Z
Q483826,Baeksang Arts Awards,recurring event,Q8684,Seoul,1965-01-01T00:00:00Z,,1965-01-01T00:00:00Z
Q19839999,Chu Hua Yuan,ceremony,Q334,Singapore,,,
Q30590409,Comic Con Arabia,recurring event,Q851,Saudi Arabia,,,2017-01-01T00:00:00Z
Q135433585,Q135433585,festival,Q403,Serbia,,,2009-01-01T00:00:00Z
Q20434811,Q20434811,festival,Q403,Serbia,,,
Q131011429,Misk Global Forum,recurring event,Q851,Saudi Arabia,,,
Q135438545,Q135438545,festival,Q403,Serbia,,,2024-01-01T00:00:00Z
Q1126527,Küstendorf Film and Music Festival,festival,Q403,Serbia,,,2008-01-01T00:00:00Z
Q31185149,Q31185149,festival,Q403,Serbia,,,
Q108550619,Wiki Loves Monuments in Serbia,recurring event,Q403,Serbia,,,
Q12776529,Spišské folklórne slávnosti,recurring event,Q214,Slovakia,,,
Q135432259,Poezija vinom obojena,festival,Q403,Serbia,,,2021-01-01T00:00:00Z
Q94636784,Vitez fest,festival,Q403,Serbia,,,2004-01-01T00:00:00Z
Q65201912,Q65201912,festival,Q403,Serbia,,,
Q6024547,IndigNation,festival,Q334,Singapore,,2009-01-01T00:00:00Z,2005-01-01T00:00:00Z
Q115519555,Cirkobalkana,festival,Q403,Serbia,,,2013-01-01T00:00:00Z
Q949776,ABU Radio Song Festival 2012,festival occurrence,Q8684,Seoul,,2012-10-11T00:00:00Z,
Q16711610,International Festival of Children's Theatres,festival,Q403,Serbia,,,1994-01-01T00:00:00Z
Q65195617,Q65195617,festival,Q403,Serbia,,,
Q74404584,Singapore Night Festival,festival,Q334,Singapore,,,2008-01-01T00:00:00Z
Q5154060,CommunicAsia,recurring event,Q334,Singapore,,,1979-01-01T00:00:00Z
Q61131857,Q61131857,festival,Q403,Serbia,,,
Q114799519,Riyadh Season 2022,festival,Q851,Saudi Arabia,,,
Q99539520,Shakespeare Festival,festival,Q403,Serbia,,,
Q109357776,Q109357776,festival,Q37951,Sapporo,1986-06-28T00:00:00Z,1986-08-31T00:00:00Z,
Q112113517,Q112113517,recurring event,Q851,Saudi Arabia,,,1974-01-01T00:00:00Z
Q555896,World Architecture Festival,festival,Q334,Singapore,,,2008-01-01T00:00:00Z
Q4806603,Asian Children's Festival,festival,Q334,Singapore,,,
Q128492542,Gamers8,recurring event,Q851,Saudi Arabia,,,2022-01-01T00:00:00Z
Q5190775,Crypticon,recurring event,Q5083,Seattle,,,2008-01-01T00:00:00Z
Q130911471,Q130911471,festival,Q403,Serbia,,,1984-01-01T00:00:00Z
Q16824205,Bratislava Chamber Guitar,recurring event,Q214,Slovakia,,,2005-01-01T00:00:00Z
Q125769206,International carnival Pančevo,festival,Q403,Serbia,,,2003-01-01T00:00:00Z
Q7605451,Steamcon,recurring event,Q5083,Seattle,,,2009-01-01T00:00:00Z
Q25464429,Q25464429,festival,Q403,Serbia,,,
Q7523159,Singapore Youth Festival,festival,Q334,Singapore,,,1967-07-18T00:00:00Z
Q20104271,Festa Major de Sitges,festival,Q29,Spain,,,
Q20103037,Q20103037,festival,Q29,Spain,,,
Q12745604,Jurjevanje,festival,Q215,Slovenia,,,
Q5861722,Q5861722,festival,Q29,Spain,,,
Q2613306,Tamborrada,festival,Q29,Spain,,,1836-01-01T00:00:00Z
Q12267010,Q12267010,festival,Q29,Spain,,,
Q20103498,Llum BCN,festival,Q29,Spain,,,2012-01-01T00:00:00Z
Q12795386,Q12795386,festival,Q215,Slovenia,,,
Q17688140,Itaewon Global Village Festival,festival,Q884,South Korea,,,
Q20103233,Enramades d'Arbúcies,festival,Q29,Spain,,,
Q18013184,Ganghwado Shrimp Paste Festival,festival,Q884,South Korea,,,
Q5884077,Q5884077,festival,Q29,Spain,,,
Q20104288,Q20104288,festival,Q29,Spain,,,2007-01-01T00:00:00Z
Q5390543,Pecados and Danzantes,festival,Q29,Spain,,,
Q5752918,Carnival of Vinaròs,festival,Q29,Spain,,,
Q11088726,Dansa de la Mort,festival,Q29,Spain,,,
Q5861674,Q5861674,festival,Q29,Spain,,,1811-01-01T00:00:00Z
Q12175110,Gran Fira de València,festival,Q29,Spain,,,
Q18696305,La Mostra d'Igualada,festival,Q29,Spain,,,1990-01-01T00:00:00Z
Q20101522,Poliniza,festival,Q29,Spain,,,
Q17302084,Q17302084,festival,Q29,Spain,1928-01-01T00:00:00Z,,
Q10244,Diwali,festival,Q854,Sri Lanka,,,
Q10244,Diwali,festival,Q730,Suriname,,,
Q11908173,Q11908173,festival,Q29,Spain,,,
Q20104408,Q20104408,festival,Q29,Spain,,,
Q19716605,Q19716605,festival,Q29,Spain,,,
Q5723385,Batalla naval de Vallecas,festival,Q29,Spain,,,
Q2824458,Aadi Perukku,festival,Q854,Sri Lanka,,,
Q5844491,Q5844491,festival,Q29,Spain,,,
Q3147421,Ibilaldia,festival,Q29,Spain,,,1978-01-01T00:00:00Z
Q6343452,Cape Town Minstrel Carnival,festival,Q258,South Africa,,,1863-07-01T00:00:00Z
Q625724,Lotus Lantern Festival,festival,Q884,South Korea,,,
Q20105952,Enramades de Sallent,festival,Q29,Spain,,,
Q19810537,Danses de Guadassuar,festival,Q29,Spain,,,
Q5861023,International Poetry Festival City of Granada,festival,Q29,Spain,,,
Q18684615,Suncheon Bay Reeds Festival,festival,Q884,South Korea,,,
Q5305196,Dragon Festival,festival,Q29,Spain,,,
Q5970261,Las Cabezadas,festival,Q29,Spain,,,
Q4838443,Baby jumping,festival,Q29,Spain,,,
Q19387927,Q19387927,festival,Q29,Spain,,,
Q11951447,Temporada Alta,festival,Q29,Spain,,,1992-01-01T00:00:00Z
Q11907763,Bamako. Trobada africana de Fotografia,festival,Q29,Spain,2003-01-01T00:00:00Z,2009-01-01T00:00:00Z,
Q5861062,Festival Internacional de la Sierra,festival,Q29,Spain,,,1980-01-01T00:00:00Z
Q3183439,Esala Perahera,festival,Q854,Sri Lanka,,,
Q3837409,"Fiestas de San Juan o de la Madre de Dios, Soria",festival,Q29,Spain,,,
Q12618394,Q12618394,festival,Q884,South Korea,,,
Q5737902,Caballos del Vino,festival,Q29,Spain,,,
Q20105634,Q20105634,festival,Q29,Spain,,,
Q17305074,Irungo Alardea - Alarde de Irún,festival,Q29,Spain,,,
Q5855501,Falles de Torrent,festival,Q29,Spain,,,
Q5656997,Actual (festival),festival,Q29,Spain,,,1991-01-01T00:00:00Z
Q5208205,Daegu Yangnyeongsi Festival,festival,Q884,South Korea,,,
Q1378191,Offf Festival,festival,Q29,Spain,,,2001-01-01T00:00:00Z
Q5409826,Eunsan byeolsinje,festival,Q884,South Korea,,,
Q12280565,Zname na Mira,festival,Q472,Sofia,,,1979-08-16T00:00:00Z
Q7433388,SciFest Africa,festival,Q258,South Africa,,,
Q12798810,Q12798810,festival,Q215,Slovenia,,,1990-01-01T00:00:00Z
Q5352198,El Sol,festival,Q29,Spain,,,
Q5970284,"Las Carantoñas, Acehúche",festival,Q29,Spain,0019-01-01T00:00:00Z,0021-01-01T00:00:00Z,
Q8961597,Festa Major de Solsona,festival,Q29,Spain,,,
Q18013658,Iksan Seodong Festival,festival,Q884,South Korea,,,
Q3500067,Strasbulles,festival,Q6602,Strasbourg,,,
Q11927138,Jaleo,festival,Q29,Spain,,,
Q2881621,Pingüinos,festival,Q29,Spain,,,
Q20103634,Santantonà de Forcall,festival,Q29,Spain,,,
Q12606158,Yangnyeongsi Festival,festival,Q884,South Korea,,,
Q6151623,Q6151623,festival,Q29,Spain,,,
Q6523298,Lent Festival,festival,Q215,Slovenia,,,
Q5429969,Albacete Fair,festival,Q29,Spain,,,
Q2281587,Van Riebeeck Tercentenary Festival,festival,Q258,South Africa,,,
Q5445749,Festival de Guitarra de Barcelona,festival,Q29,Spain,,,
Q16543715,Q16543715,festival,Q29,Spain,,,
Q5445754,Festival de Música de Jimena de la Frontera,festival,Q29,Spain,,,
Q11921910,Festes Quinquennals d'Alcanar,festival,Q29,Spain,,,
Q5242970,Day of the Geese,festival,Q29,Spain,,,
Q12618343,Jinju Namgang Yudeung Festival,festival,Q884,South Korea,,,
Q4442796,Stockholm Early Music Festival,festival,Q1754,Stockholm,,,2002-01-01T00:00:00Z
Q2838024,Festes Decennals de la Mare de Déu de la Candela,festival,Q29,Spain,,,
Q11921916,"Festes de Sant Llorenç, Alaior",festival,Q29,Spain,,,
Q11950091,Q11950091,festival,Q29,Spain,,,
Q7753039,The Naked Stage,festival,Q215,Slovenia,,,
Q12788858,Q12788858,festival,Q215,Slovenia,,,
Q5861379,Festivals of Saint Vincent Ferrer in the city of Valencia,festival,Q29,Spain,,,
Q20104202,"Festa de la Sal, l'Escala",festival,Q29,Spain,,,
Q18132936,Festival Internacional de Benicàssim 2014,festival,Q29,Spain,,,
Q11921923,Festes majors de Ferreries,festival,Q29,Spain,,,
Q496483,Gangneung Danoje,festival,Q884,South Korea,,,
Q11921920,Festes de la Beata,festival,Q29,Spain,,,
Q20104769,Q20104769,festival,Q29,Spain,,,
Q20103961,Q20103961,festival,Q29,Spain,2005-01-01T00:00:00Z,2016-01-01T00:00:00Z,
Q8961627,Festes d'Hivern-Enfarinats,festival,Q29,Spain,,,
Q12620053,Chuncheon International Mime Festival,festival,Q884,South Korea,,,
Q12793293,Kamfest,festival,Q215,Slovenia,,,
Q11921895,Q11921895,festival,Q29,Spain,,,
Q17299707,Hondarribiko Alardea,festival,Q29,Spain,,,
Q3045527,Día del Blusa,festival,Q29,Spain,,,
Q20104455,"Meeting of Giants, Grallers and Correfocs of Borges Blanques",festival,Q29,Spain,,,
Q20104331,Q20104331,festival,Q29,Spain,,,
Q555896,World Architecture Festival,festival,Q29,Spain,,,2008-01-01T00:00:00Z
Q8961229,FiraTàrrega,festival,Q29,Spain,1981-01-01T00:00:00Z,,1981-01-01T00:00:00Z
Q5789882,Nit de l'Albà,festival,Q29,Spain,,,
Q3366656,Festival Grec de Barcelona,festival,Q29,Spain,,,1976-01-01T00:00:00Z
Q12388493,Festival de Títeres de Redondela,festival,Q29,Spain,,,2000-01-01T00:00:00Z
Q5944895,LOOP Barcelona,festival,Q29,Spain,2003-01-01T00:00:00Z,,
Q11955007,"Vow of the City, Arenys de Mar",festival,Q29,Spain,,,
Q2894377,Festival de Música Española de Cádiz,festival,Q29,Spain,,,
Q12134277,San Prudencio festival,festival,Q29,Spain,,,
Q4583727,1987 IUSY Festival,festival,Q29,Spain,,,
Q2295568,Danoje,festival,Q884,South Korea,,,
Q29271,Pongal,festival,Q854,Sri Lanka,,,
Q12584328,Goyang International Flower Festival,festival,Q884,South Korea,,,1991-01-01T00:00:00Z
Q3302580,Great Week of Bilbao,festival,Q29,Spain,,,1978-01-01T00:00:00Z
Q8662801,Pasarela Gaudí,festival,Q29,Spain,,,1980-01-01T00:00:00Z
Q17088931,Starmus Festival,festival,Q29,Spain,,,2011-01-01T00:00:00Z
Q13112508,Thiruvathira,festival,Q854,Sri Lanka,,,
Q6139051,Tarraco Viva,festival,Q29,Spain,1998-01-01T00:00:00Z,,
Q17636451,"Las Cantaderas, León",festival,Q29,Spain,,,
Q14947228,Circuit Festival,festival,Q29,Spain,,,2008-01-01T00:00:00Z
Q5719012,Bando de la Huerta,festival,Q29,Spain,,,
Q5044119,Carnival of Las Palmas,festival,Q29,Spain,,,
Q4730265,Alla tiders Melodifestival,festival,Q1754,Stockholm,,2005-03-21T00:00:00Z,2005-03-21T00:00:00Z
Q5001265,Busan International Fireworks Festival,festival,Q884,South Korea,,,2005-01-01T00:00:00Z
Q5296017,Dongseongno Festival,festival,Q884,South Korea,,,1990-01-01T00:00:00Z
Q11921921,Q11921921,festival,Q29,Spain,,,
Q20104211,Q20104211,festival,Q29,Spain,,,
Q11921960,Fia-Faia,festival,Q29,Spain,,,
Q3290365,Festivity of ‘la Mare de Déu de la Salut’ of Algemesí,festival,Q29,Spain,,,
Q5803877,Q5803877,festival,Q29,Spain,,,1988-01-01T00:00:00Z
Q5861858,Toro enmaromado,festival,Q29,Spain,,,
Q5861846,Q5861846,festival,Q29,Spain,,,
Q20105615,Diada del 25 d'abril,festival,Q29,Spain,,,
Q5861845,Q5861845,festival,Q29,Spain,,,
Q12800598,Rusijada,festival,Q215,Slovenia,,,2007-01-01T00:00:00Z
Q486373,Boryeong Mud Festival,festival,Q884,South Korea,,,1998-01-01T00:00:00Z
Q9094659,Q9094659,festival,Q29,Spain,,,1998-01-01T00:00:00Z
Q6124437,San Sebastian's Big Week,festival,Q29,Spain,,,
Q7141858,Pascua Florida,festival,Q29,Spain,,,
Q20106122,MINIPUT,festival,Q29,Spain,,,1994-01-01T00:00:00Z
Q20102907,Fira de la Candelera de Molins de Rei,festival,Q29,Spain,,,
Q20103461,Ball de cavallets de Sant Feliu de Pallerols,festival,Q29,Spain,,,
Q5861853,Q5861853,festival,Q29,Spain,,,
Q20103161,Ball dels Pabordes,festival,Q29,Spain,,,
Q11921951,Q11921951,festival,Q29,Spain,,,1990-01-01T00:00:00Z
Q15967896,NoWhere (event),festival,Q29,Spain,,,
Q12268038,Carnival of Tolosa,festival,Q29,Spain,,,
Q11910502,Q11910502,festival,Q29,Spain,2005-01-01T00:00:00Z,2011-01-01T00:00:00Z,
Q5963001,Cordà of Paterna,festival,Q29,Spain,,,
Q23662581,Q23662581,festival,Q29,Spain,,,
Q21077728,Festa de l'Arbre,festival,Q29,Spain,,,1899-01-01T00:00:00Z
Q23310038,Q23310038,festival,Q29,Spain,,,
Q21088799,Kosmopolis,festival,Q29,Spain,,,2002-01-01T00:00:00Z
Q23655833,Q23655833,festival,Q29,Spain,,,
Q23662620,Medieval market in Capdepera,festival,Q29,Spain,,,
Q20107092,Q20107092,festival,Q29,Spain,,,
Q23655838,Q23655838,festival,Q29,Spain,,,
Q23662691,"Festes de Sant Bartomeu, Montuïri",festival,Q29,Spain,,,
Q23662589,Q23662589,festival,Q29,Spain,,,
Q23662593,Q23662593,festival,Q29,Spain,,,
Q23309745,Q23309745,festival,Q29,Spain,,,
Q23661698,Q23661698,festival,Q29,Spain,,,
Q23662599,Q23662599,festival,Q29,Spain,,,
Q23658059,El Zangarrón,festival,Q29,Spain,,,
Q21058056,Q21058056,festival,Q884,South Korea,1958-01-01T00:00:00Z,,
Q23661702,Q23661702,festival,Q29,Spain,,,
Q23655848,Q23655848,festival,Q29,Spain,,,
Q23662749,Q23662749,festival,Q29,Spain,,,
Q23662754,Q23662754,festival,Q29,Spain,,,
Q23662601,Q23662601,festival,Q29,Spain,,,
Q23662752,Q23662752,festival,Q29,Spain,,,
Q23661706,Q23661706,festival,Q29,Spain,,,
Q23541123,Q23541123,festival,Q29,Spain,2009-02-23T00:00:00Z,,
Q23655858,Q23655858,festival,Q29,Spain,,,
Q23662759,Q23662759,festival,Q29,Spain,,,
Q23661710,Q23661710,festival,Q29,Spain,,,
Q23657656,Q23657656,festival,Q29,Spain,,,
Q23661711,Q23661711,festival,Q29,Spain,,,
Q23310072,Ritual del Jurru,festival,Q29,Spain,,,
Q23662608,Q23662608,festival,Q29,Spain,,,
Q23657662,Q23657662,festival,Q29,Spain,,,
Q23661709,Q23661709,festival,Q29,Spain,,,
Q23662614,Q23662614,festival,Q29,Spain,,,
Q20617640,Q20617640,festival,Q29,Spain,,,
Q23662612,Q23662612,festival,Q29,Spain,,,
Q23660812,Q23660812,festival,Q29,Spain,,,
Q23661713,Q23661713,festival,Q29,Spain,,,
Q23655668,Valmaseda medieval market,festival,Q29,Spain,,,
Q20106405,Festa de l'Arbre i Ball del Cornut de Cornellà del Terri,festival,Q29,Spain,,,
Q23662617,Q23662617,festival,Q29,Spain,,,
Q23658031,La Soldadesca,festival,Q29,Spain,,,
Q23449320,Festa do Maio,festival,Q29,Spain,,,
Q23662585,Procession of the Three Blows,festival,Q29,Spain,,,
Q23655569,Q23655569,festival,Q29,Spain,,,
Q23660826,Q23660826,festival,Q29,Spain,,,
Q23660827,Q23660827,festival,Q29,Spain,,,
Q23655573,Q23655573,festival,Q29,Spain,,,
Q23310076,Q23310076,festival,Q29,Spain,,,
Q20015020,Q20015020,festival,Q29,Spain,,,
Q23660830,Q23660830,festival,Q29,Spain,,,
Q23662616,Firó,festival,Q29,Spain,,,1855-01-01T00:00:00Z
Q23660829,Q23660829,festival,Q29,Spain,,,
Q23657683,Q23657683,festival,Q29,Spain,,,
Q23662635,Q23662635,festival,Q29,Spain,,,
Q20106459,Feria de Circo Trapezi,festival,Q29,Spain,,,1997-01-01T00:00:00Z
Q23662638,Q23662638,festival,Q29,Spain,,,
Q23199332,Bonfires of Saint John in A Coruña,festival,Q29,Spain,,,
Q23657685,Q23657685,festival,Q29,Spain,,,
Q23662084,Magical Autumn,festival,Q29,Spain,,,
Q23449314,Q23449314,festival,Q29,Spain,,,
Q20108081,Falles of Burriana,festival,Q29,Spain,,,
Q20106281,Festa del Carro Triomfal,festival,Q29,Spain,,,
Q23658017,Astures y Romanos,festival,Q29,Spain,,,
Q23662648,Q23662648,festival,Q29,Spain,,,
Q23658054,Virgen de los Pegotes,festival,Q29,Spain,,,
Q20106444,Festes de Sant Antoni de Sa Pobla,festival,Q29,Spain,1365-01-01T00:00:00Z,,
Q23661721,Corpus Christi flower carpets,festival,Q29,Spain,,,
Q23657677,Q23657677,festival,Q29,Spain,1794-01-01T00:00:00Z,,
Q23662655,Q23662655,festival,Q29,Spain,,,
Q20108095,Festa del Pi de Centelles,festival,Q29,Spain,,,
Q23455822,"Fiesta de la Maya, El Molar",festival,Q29,Spain,,,
Q23660811,"Feria del Ajo, Santa Marina del Rey",festival,Q29,Spain,,,
Q23656927,Festa dels Tonis de Taradell,festival,Q29,Spain,,,
Q23660809,"Fiesta de la Trashumancia, Prioro",festival,Q29,Spain,,,
Q20523324,Q20523324,festival,Q215,Slovenia,,,
Q23657709,Q23657709,festival,Q29,Spain,,,
Q20109030,"Trabucaires, bandolers i galejadors",festival,Q29,Spain,,,
Q23657666,Fiesta de Santa Águeda,festival,Q29,Spain,,,
Q23657713,Q23657713,festival,Q29,Spain,,,
Q23662664,Q23662664,festival,Q29,Spain,,,
Q23660816,Fiesta de Nuestra Señora y San Roque,festival,Q29,Spain,,,
Q23656970,Q23656970,festival,Q29,Spain,,,
Q23657668,Fiesta de los Gabarreros,festival,Q29,Spain,,,
Q23662669,Q23662669,festival,Q29,Spain,,,
Q23657720,Q23657720,festival,Q29,Spain,,,
Q23310075,Zafarronada de Omaña,festival,Q29,Spain,,,
Q23655773,Q23655773,festival,Q29,Spain,,,
Q23657725,Q23657725,festival,Q29,Spain,,,
Q23658030,Q23658030,festival,Q29,Spain,,,
Q23658028,Q23658028,festival,Q29,Spain,,,
Q23658029,Q23658029,festival,Q29,Spain,,,
Q23657729,Q23657729,festival,Q29,Spain,,,
Q23662684,Q23662684,festival,Q29,Spain,,,
Q23662039,"Fiesta de la Tenca, province of Cáceres",festival,Q29,Spain,,,
Q23657884,Q23657884,festival,Q29,Spain,,,
Q23662637,Festes de Sant Martí as Mercadal,festival,Q29,Spain,,,
Q23662643,Feast of San Jaime in Villacarlos,festival,Q29,Spain,,,
Q23449319,Los Mayos,festival,Q29,Spain,,,
Q23658043,Q23658043,festival,Q29,Spain,,,
Q20524562,Q20524562,festival,Q215,Slovenia,,,
Q23660832,"Shepherd's Festival, Los Barrios de Luna",festival,Q29,Spain,,,
Q20617427,Q20617427,festival,Q29,Spain,,,
Q23655987,"Night of the Candles, Vitoria",festival,Q29,Spain,,,
Q23658045,Q23658045,festival,Q29,Spain,,,
Q20106496,Festa dels Raiers de la Pobla de Segur,festival,Q29,Spain,1979-01-01T00:00:00Z,,
Q23658048,Q23658048,festival,Q29,Spain,,,
Q23657680,"International Trout Week, Leon",festival,Q29,Spain,,,
Q23658049,Q23658049,festival,Q29,Spain,,,
Q21003051,Festival of the Grape Harvest,festival,Q29,Spain,,,
Q23450140,The Saint's departure,festival,Q29,Spain,,,
Q23310069,Antruejo de Velilla de la Reina,festival,Q29,Spain,,,
Q23310007,Q23310007,festival,Q29,Spain,,,
Q22673355,Dragon Days,festival,Q1022,Stuttgart,,,2012-01-01T00:00:00Z
Q23310004,Q23310004,festival,Q29,Spain,,,
Q23658053,Q23658053,festival,Q29,Spain,,,
Q20106204,Q20106204,festival,Q29,Spain,1986-01-01T00:00:00Z,,
Q23662705,Q23662705,festival,Q29,Spain,,,
Q23662594,Alaior Carnival,festival,Q29,Spain,,,
Q23662711,Q23662711,festival,Q29,Spain,,,
Q23655940,San Ignacio festival,festival,Q29,Spain,,,
Q23655957,Q23655957,festival,Q29,Spain,,,
Q23662708,Q23662708,festival,Q29,Spain,,,
Q23662660,"Festes de Sant Cristòfol de ses Corregudes, es Migjorn Gran",festival,Q29,Spain,,,
Q23663309,Q23663309,festival,Q29,Spain,,,
Q23662714,Q23662714,festival,Q29,Spain,,,
Q23663315,Q23663315,festival,Q29,Spain,,,
Q23663312,Q23663312,festival,Q29,Spain,,,
Q23662605,Massacre of Bujots,festival,Q29,Spain,,,
Q20493067,Titirijai,festival,Q29,Spain,,,
Q23662580,Bonfires of Capdepera,festival,Q29,Spain,,,
Q23663317,Q23663317,festival,Q29,Spain,,,
Q23650270,Q23650270,festival,Q29,Spain,,,
Q23655971,Q23655971,festival,Q29,Spain,,,
Q23662574,Q23662574,festival,Q29,Spain,,,
Q21038058,El Cosso,festival,Q29,Spain,,,1983-01-01T00:00:00Z
Q23662572,Q23662572,festival,Q29,Spain,,,
Q23662679,"Festes de Sant Gaietà, Llucmaçanes",festival,Q29,Spain,,,
Q20616852,Q20616852,festival,Q29,Spain,,,
Q23657694,Justas Medievales del Paso Honroso,festival,Q29,Spain,,,
Q23662576,Q23662576,festival,Q29,Spain,,,
Q23655830,Q23655830,festival,Q29,Spain,,,
Q20106902,Gala de Campdevànol,festival,Q29,Spain,,,1600-01-01T00:00:00Z
Q20523601,Q20523601,festival,Q215,Slovenia,,,1991-01-01T00:00:00Z
Q23663334,Q23663334,festival,Q29,Spain,,,
Q23662732,Q23662732,festival,Q29,Spain,,,
Q21479977,Manresa Festival of Light,festival,Q29,Spain,,,
Q23663333,Q23663333,festival,Q29,Spain,,,
Q23661687,Q23661687,festival,Q29,Spain,,,
Q23662884,Q23662884,festival,Q29,Spain,,,
Q23662738,Q23662738,festival,Q29,Spain,,,
Q23662736,Q23662736,festival,Q29,Spain,,,
Q23663337,Q23663337,festival,Q29,Spain,,,
Q23661691,Q23661691,festival,Q29,Spain,,,
Q23661689,Q23661689,festival,Q29,Spain,,,
Q23661695,Q23661695,festival,Q29,Spain,,,
Q23894905,Festa Major de Sant Agustí d'Alfara de Carles,festival,Q29,Spain,,,
Q23663347,Q23663347,festival,Q29,Spain,,,
Q23662745,Q23662745,festival,Q29,Spain,,,
Q21815353,Q21815353,festival,Q29,Spain,1993-01-01T00:00:00Z,,
Q23661696,Q23661696,festival,Q29,Spain,,,
Q23662702,"Festes de Sant Agustí, Felanitx",festival,Q29,Spain,,,
Q23663351,Q23663351,festival,Q29,Spain,,,
Q23663151,Fira de Santa Caterina,festival,Q29,Spain,,,
Q23663054,Q23663054,festival,Q29,Spain,,,
Q23662900,Q23662900,festival,Q29,Spain,,,
Q21479921,Completes de Cervera,festival,Q29,Spain,,,
Q21479872,Caramelles del Roser de Sant Julià de Vilatorta,festival,Q29,Spain,,,
Q23663353,Q23663353,festival,Q29,Spain,,,
Q23663356,Q23663356,festival,Q29,Spain,,,
Q23662908,Q23662908,festival,Q29,Spain,,,
Q23662860,Festa de les Alfàbegues,festival,Q29,Spain,,,
Q21479929,Corpus de la Garriga,festival,Q29,Spain,,,
Q23662761,Q23662761,festival,Q29,Spain,,,
Q23663605,Sant Joan Pelós,festival,Q29,Spain,,,
Q23663366,Q23663366,festival,Q29,Spain,,,
Q23658027,Traditional Wedding Ceremony,festival,Q29,Spain,,,
Q23663217,Q23663217,festival,Q29,Spain,,,
Q23663368,Q23663368,festival,Q29,Spain,,,
Q23663326,Falles de Cullera,festival,Q29,Spain,,,
Q23662920,Q23662920,festival,Q29,Spain,,,
Q23894853,Q23894853,festival,Q29,Spain,,,
Q23663372,Q23663372,festival,Q29,Spain,,,
Q23661724,Q23661724,festival,Q29,Spain,,,
Q23894711,Q23894711,festival,Q29,Spain,,,
Q23894708,Q23894708,festival,Q29,Spain,,,
Q23661730,Q23661730,festival,Q29,Spain,,,
Q21479978,Q21479978,festival,Q29,Spain,,,
Q23663377,Q23663377,festival,Q29,Spain,,,
Q23663382,Q23663382,festival,Q29,Spain,,,
Q23662928,Q23662928,festival,Q29,Spain,,,
Q23662628,Q23662628,festival,Q29,Spain,,,
Q23663529,Q23663529,festival,Q29,Spain,,,
Q23663386,"Nit de les fogueretes, Agullent",festival,Q29,Spain,,,
Q23660834,Q23660834,festival,Q29,Spain,,,
Q23661735,Q23661735,festival,Q29,Spain,,,
Q23660835,Q23660835,festival,Q29,Spain,,,
Q23662632,Q23662632,festival,Q29,Spain,,,
Q23894719,Q23894719,festival,Q29,Spain,,,
Q23661684,"Fiesta del Almendro en Flor, Tejeda",festival,Q29,Spain,,,
Q23661739,Q23661739,festival,Q29,Spain,,,
Q23663390,Q23663390,festival,Q29,Spain,,,
Q23663342,"Festes del Xop, El Palomar",festival,Q29,Spain,,,
Q23663391,Q23663391,festival,Q29,Spain,,,
Q21587742,Dau Barcelona,festival,Q29,Spain,,,2012-01-01T00:00:00Z
Q23894874,Q23894874,festival,Q29,Spain,,,
Q23663397,Carriage Parade in Pilar de la Horadada,festival,Q29,Spain,,,
Q23657059,Festival of Tourist Interest of Aragon,festival,Q29,Spain,,,
Q23663394,Q23663394,festival,Q29,Spain,,,
Q23662940,Q23662940,festival,Q29,Spain,,,
Q23662795,Q23662795,festival,Q29,Spain,,,
Q23657061,Isabel de Segura Wedding,festival,Q29,Spain,,,1997-01-01T00:00:00Z
Q23657558,Burgo de Osma Pig Slaughter Festival,festival,Q29,Spain,,,
Q23662792,Q23662792,festival,Q29,Spain,,,
Q23662957,Carnivals of Torrevieja,festival,Q29,Spain,,,
Q23657401,Q23657401,festival,Q29,Spain,,,
Q23663107,Q23663107,festival,Q29,Spain,,,
Q23663059,"Festes de Fogueres i Barraques, Sant Vicent del Raspeig",festival,Q29,Spain,,,
Q23894893,Q23894893,festival,Q29,Spain,,,
Q23663115,Q23663115,festival,Q29,Spain,,,
Q23663113,Q23663113,festival,Q29,Spain,,,
Q23891297,Q23891297,festival,Q29,Spain,,,
Q23663117,Q23663117,festival,Q29,Spain,,,
Q23662817,Q23662817,festival,Q29,Spain,,,
Q23663100,Cavalcade of Magi of Vila-real,festival,Q29,Spain,,,
Q24254507,Classic Theater Festival of Olmedo,festival,Q29,Spain,,,
Q23658022,Q23658022,festival,Q29,Spain,,,
Q23658023,Q23658023,festival,Q29,Spain,,,
Q23662974,Q23662974,festival,Q29,Spain,,,
Q23898507,Q23898507,festival,Q29,Spain,,,
Q23663121,Q23663121,festival,Q29,Spain,,,
Q23658025,Q23658025,festival,Q29,Spain,,,
Q23894908,Q23894908,festival,Q29,Spain,,,
Q23663130,Q23663130,festival,Q29,Spain,,,
Q23662746,The Little Shepherds of Ciudadela,festival,Q29,Spain,,,
Q23662831,Q23662831,festival,Q29,Spain,,,
Q21855013,Antruejo de Llamas de la Ribera,festival,Q29,Spain,,,
Q23662634,"Festa de la Verge del Carme, Sant Antoni de Portmany",festival,Q29,Spain,,,
Q23663129,Q23663129,festival,Q29,Spain,,,
Q23891312,Q23891312,festival,Q29,Spain,,,
Q23658034,Q23658034,festival,Q29,Spain,,,
Q25410573,Q25410573,festival,Q29,Spain,,,
Q23898518,Q23898518,festival,Q29,Spain,,,
Q23658035,Q23658035,festival,Q29,Spain,,,
Q23658032,Q23658032,festival,Q29,Spain,,,
Q23658033,Q23658033,festival,Q29,Spain,,,
Q23662785,Festival in honour of Sant Antoni Abad,festival,Q29,Spain,,,
Q23663138,Q23663138,festival,Q29,Spain,,,
Q23891323,Q23891323,festival,Q29,Spain,,,
Q23663142,Q23663142,festival,Q29,Spain,,,
Q23894775,Q23894775,festival,Q29,Spain,,,
Q25421816,Q25421816,festival,Q29,Spain,2011-01-01T00:00:00Z,,
Q23663140,Q23663140,festival,Q29,Spain,,,
Q23891326,Q23891326,festival,Q29,Spain,,,
Q23662695,Q23662695,festival,Q29,Spain,,,
Q23663395,First Cut of Honey in Ayora,festival,Q29,Spain,,,
Q23894778,Q23894778,festival,Q29,Spain,,,
Q23663146,Q23663146,festival,Q29,Spain,,,
Q23891324,Q23891324,festival,Q29,Spain,,,
Q23891325,Q23891325,festival,Q29,Spain,,,
Q21483881,"Festividad del Santo Ángel Tutelar, Ayora",festival,Q29,Spain,,,
Q23663145,Q23663145,festival,Q29,Spain,,,
Q23662699,Q23662699,festival,Q29,Spain,,,
Q23662631,International Folklore Festival of Soller,festival,Q29,Spain,,,
Q23663450,Q23663450,festival,Q29,Spain,,,
Q23662803,Falles de Xàtiva,festival,Q29,Spain,,,
Q23663308,"Cant de la Carxofa, Alaquàs",festival,Q29,Spain,,,
Q23663154,Q23663154,festival,Q29,Spain,,,
Q25509462,Q25509462,festival,Q29,Spain,,,
Q23662704,Q23662704,festival,Q29,Spain,,,
Q23898542,Q23898542,festival,Q29,Spain,,,
Q23894724,Festa Major de Sant Roc de La Cava,festival,Q29,Spain,,,
Q23662966,Fiesta de la Jira o del Último Jueves,festival,Q29,Spain,,,
Q21478863,Q21478863,festival,Q29,Spain,,,
Q23662866,Q23662866,festival,Q29,Spain,,,
Q24859892,Ground Forces Festival,festival,Q884,South Korea,2002-01-01T00:00:00Z,,
Q23891044,Q23891044,festival,Q29,Spain,,,
Q23663318,Q23663318,festival,Q29,Spain,,,
Q23662718,Q23662718,festival,Q29,Spain,,,
Q23663307,offerings to the Túria river,festival,Q29,Spain,,,
Q23844847,Q23844847,festival,Q29,Spain,,,
Q23663622,Q23663622,festival,Q29,Spain,,,
Q23663322,Q23663322,festival,Q29,Spain,,,
Q23663323,Q23663323,festival,Q29,Spain,,,
Q23662723,Q23662723,festival,Q29,Spain,,,
Q23663321,Q23663321,festival,Q29,Spain,,,
Q23662872,Q23662872,festival,Q29,Spain,,,
Q23663327,Q23663327,festival,Q29,Spain,,,
Q23663324,Q23663324,festival,Q29,Spain,,,
Q23663031,Q23663031,festival,Q29,Spain,,,
Q23663328,Q23663328,festival,Q29,Spain,,,
Q21604747,Q21604747,festival,Q29,Spain,,,
Q23662728,Q23662728,festival,Q29,Spain,,,
Q61831783,folk group in Vilanova i la Geltrú,festival,Q29,Spain,,,
Q105479764,1963 Ptuj Carnival,festival,Q215,Slovenia,,,
Q110425144,Q110425144,festival,Q29,Spain,,,
Q31179441,Wando Sunrise Festival,festival,Q884,South Korea,,,
Q47120057,Falles of Dénia,festival,Q29,Spain,,,
Q106091350,Q106091350,festival,Q472,Sofia,,,
Q76395478,Q76395478,festival,Q29,Spain,1989-01-01T00:00:00Z,,
Q28134991,IFCA – International festival of computer arts,festival,Q215,Slovenia,,,
Q136988214,Haman Persimmon Festival,festival,Q884,South Korea,,,
Q104425094,Encierros y capeas de Ayora,festival,Q29,Spain,,,
Q85869600,Q85869600,festival,Q29,Spain,,,
Q105973735,Festival Internacional de Títeres de Jerez de la Frontera,festival,Q29,Spain,,,
Q115505283,Bear festivities in the Pyrenees,festival,Q29,Spain,,,
Q71692193,Suriname Jazz Festival,festival,Q730,Suriname,,,
Q137442051,Uiryeong Rich Rich Festival,festival,Q884,South Korea,,,
Q123653547,Festa de la Fil·loxera,festival,Q29,Spain,,,1982-01-01T00:00:00Z
Q50304332,Q50304332,festival,Q215,Slovenia,,,
Q26897492,Q26897492,festival,Q215,Slovenia,,,
Q115626809,Ibilaldia 2013,festival,Q29,Spain,,,
Q123139420,Q123139420,festival,Q29,Spain,,,
Q78846875,MADferia,festival,Q29,Spain,,,
Q47119479,"Fiesta de la Virgen de Agosto y San Roque, Requena",festival,Q29,Spain,,,
Q28711502,Lluèrnia,festival,Q29,Spain,,,2012-01-01T00:00:00Z
Q47494604,Q47494604,festival,Q29,Spain,,,
Q47129466,Falles of Alcàsser,festival,Q29,Spain,,,
Q63164477,Week of Lights 1938,festival,Q1754,Stockholm,1938-08-27T00:00:00Z,1938-09-04T00:00:00Z,
Q48781741,Q48781741,festival,Q29,Spain,,,2017-01-01T00:00:00Z
Q136743150,Mozilla Festival 2025,festival,Q29,Spain,,,
Q122865845,Q122865845,festival,Q29,Spain,,,2015-01-01T00:00:00Z
Q113667591,Water Tower Art Fest,festival,Q472,Sofia,,,2006-01-01T00:00:00Z
Q105589549,Idrija lace festival,festival,Q215,Slovenia,,,1981-01-01T00:00:00Z
Q78847962,Fira de teatre infantil i juvenil de les Illes Balears,festival,Q29,Spain,,,
Q64167627,Q64167627,festival,Q29,Spain,,,
Q57159832,Q57159832,festival,Q29,Spain,,,1566-01-01T00:00:00Z
Q137217199,Q137217199,festival,Q29,Spain,,,2015-01-01T00:00:00Z
Q114007985,Bilbao Festival of Theatre Schools,festival,Q29,Spain,,,2012-01-01T00:00:00Z
Q66810060,Surifesta,festival,Q730,Suriname,,,
Q137544425,Hatsare Janghowon Peach Festival,festival,Q884,South Korea,2025-09-19T00:00:00Z,2025-09-21T00:00:00Z,
Q26986635,Q26986635,festival,Q215,Slovenia,,,
Q135408016,ACT Festival,festival,Q29,Spain,,,
Q116678054,Q116678054,festival,Q29,Spain,,,
Q116193996,Q116193996,festival,Q29,Spain,,,2009-01-01T00:00:00Z
Q139799552,Q139799552,festival,Q29,Spain,,,
Q110424913,Q110424913,festival,Q29,Spain,2021-11-01T00:00:00Z,,
Q78846744,Mostra de Teatre d'Alcoi,festival,Q29,Spain,,,
Q130371088,Charles V Renaissance Market,festival,Q29,Spain,,,
Q47170688,Q47170688,festival,Q29,Spain,2014-01-01T00:00:00Z,,
Q43117460,Festival Bo:m,festival,Q884,South Korea,,,
Q58483206,Q58483206,festival,Q29,Spain,,,
Q47069820,Es Jaleo,festival,Q29,Spain,,,
Q137437222,Haman Watermelon Festival,festival,Q884,South Korea,,,
Q827695,La Tomatina,party,Q29,Spain,,,
Q78847323,Umore Azoka,festival,Q29,Spain,,,
Q75099337,Reggaeboa,festival,Q29,Spain,,,
Q137533731,Anyang Dance Festival,festival,Q884,South Korea,,,2000-01-01T00:00:00Z
Q61889729,Q61889729,festival,Q29,Spain,,,
Q110494925,Q110494925,festival,Q29,Spain,2014-01-01T00:00:00Z,,
Q97276338,Q97276338,festival,Q29,Spain,,,2002-01-01T00:00:00Z
Q106689307,Muixeranga d'Algemesí,festival,Q29,Spain,,,
Q43117056,City of Women Festival,festival,Q215,Slovenia,,,
Q31074902,Falles de La Pobla de Segur,festival,Q29,Spain,,,
Q65194874,Q65194874,festival,Q1754,Stockholm,,,2018-01-01T00:00:00Z
Q139813926,Demoleer,festival,Q29,Spain,,,2024-01-01T00:00:00Z
Q137545685,Maengbang Yuchae Flower Village,festival,Q884,South Korea,,,
Q59859765,Q59859765,festival,Q29,Spain,,,2006-01-01T00:00:00Z
Q27049481,Stična of the Youth,festival,Q215,Slovenia,,,
Q115465727,Q115465727,festival,Q29,Spain,2019-01-01T00:00:00Z,,
Q26756825,Q26756825,festival,Q29,Spain,,,
Q28711741,Q28711741,festival,Q29,Spain,,,2014-01-01T00:00:00Z
Q66604982,Moengo Festival,festival,Q730,Suriname,,,2013-09-01T00:00:00Z
Q56191958,Q56191958,festival,Q29,Spain,,,
Q125813947,Q125813947,festival,Q29,Spain,,,2018-01-01T00:00:00Z
Q44706219,Q44706219,festival,Q215,Slovenia,,,
Q113232600,Ādi Kārthigai,festival,Q854,Sri Lanka,,,
Q47128911,Festival of Our Lady of the Forsaken in Jérica,festival,Q29,Spain,,,
Q110958110,Festival Internacional de Magia de Madrid,festival,Q29,Spain,2011-01-01T00:00:00Z,,2011-01-01T00:00:00Z
Q131929240,Q131929240,festival,Q29,Spain,,,2012-01-01T00:00:00Z
Q123053262,Beopseongpo Danoje,festival,Q884,South Korea,,,
Q78847112,dFERIA,festival,Q29,Spain,,,1988-01-01T00:00:00Z
Q50996351,Festival de Videojuegos y Cultura Asiática de Sevilla,festival,Q29,Spain,,,2012-01-01T00:00:00Z
Q26756837,Q26756837,festival,Q29,Spain,,,
Q137427845,Changnyeong Nakdong River Canola Flower Festival,festival,Q884,South Korea,,,
Q60812450,Q60812450,festival,Q29,Spain,,,2001-01-01T00:00:00Z
Q121095737,Q121095737,festival,Q29,Spain,,,2015-01-01T00:00:00Z
Q123053215,Jwasuyeong eobangnori,festival,Q884,South Korea,,,
Q66712801,Srefidensi Dey,festival,Q730,Suriname,,,1975-11-25T00:00:00Z
Q103844477,Q103844477,festival,Q29,Spain,,,1992-01-01T00:00:00Z
Q137926467,Festas de María Pita,festival,Q29,Spain,,,
Q28772077,Q28772077,festival,Q215,Slovenia,,,
Q60825519,Q60825519,festival,Q29,Spain,,,
Q78847864,Fira B!,festival,Q29,Spain,,,
Q26713999,Graška Gora poje in igra,festival,Q215,Slovenia,1976-01-01T00:00:00Z,,
Q28772080,Q28772080,festival,Q215,Slovenia,,,
Q104519344,Encierros de Guadalajara,festival,Q29,Spain,,,
Q130404066,Q130404066,festival,Q29,Spain,,,2004-01-01T00:00:00Z
Q123139350,Q123139350,festival,Q29,Spain,,,
Q137323422,Smuggling festival,festival,Q29,Spain,,,2017-03-24T00:00:00Z
Q125400595,Feria de la Miel,festival,Q29,Spain,,,
Q137531733,Miryang Arirang Festival,festival,Q884,South Korea,,,
Q117815241,"Los Zarramaches, Casavieja",festival,Q29,Spain,,,
Q118727089,Festa de la Farigola,festival,Q29,Spain,,,1970-01-01T00:00:00Z
Q81723491,Riverland Fest,festival,Q29,Spain,,,
Q52159882,Q52159882,festival,Q29,Spain,,,
Q123034785,Q123034785,festival,Q29,Spain,2020-01-01T00:00:00Z,,
Q123053220,Miryang Baekjung Nori,festival,Q884,South Korea,,,
Q131766833,Festival Alcalá Música Antigua,festival,Q29,Spain,,,2024-01-26T00:00:00Z
Q52884919,Sofia Underground,festival,Q472,Sofia,,,
Q78847431,Galicia Escena PRO,festival,Q29,Spain,,,
Q109311045,Q109311045,festival,Q29,Spain,,,
Q49099994,Q49099994,festival,Q1754,Stockholm,,,2016-01-01T00:00:00Z
Q3092925,Fiestas del Pilar,party,Q29,Spain,,,
Q136947818,Gangju Sunflower Festival,festival,Q884,South Korea,,,2013-01-01T00:00:00Z
Q118453305,Open Houses Slovenia,festival,Q215,Slovenia,,,2010-01-01T00:00:00Z
Q137531648,Chodong Yeongagil Festival,festival,Q884,South Korea,,,
Q123564264,Circada,festival,Q29,Spain,,,2008-01-01T00:00:00Z
Q110400655,Q110400655,festival,Q29,Spain,,,
Q26877491,Q26877491,festival,Q215,Slovenia,,,
Q45630838,Q45630838,festival,Q29,Spain,,,
Q137208718,Q137208718,festival,Q29,Spain,,,2017-01-01T00:00:00Z
Q137786920,ADELA Festival of Generative Arts 2025,festival,Q215,Slovenia,,,
Q98534687,Classics in Alcalá,festival,Q29,Spain,,,2001-01-01T00:00:00Z
Q41799347,Marabili festival,festival,Q29,Spain,,,
Q43117015,Mladi levi festival,festival,Q215,Slovenia,,,
Q131451456,Ondal Culture Festival,festival,Q884,South Korea,,,
Q31073872,Cercavila de l'Imaginari de Vilanova i la Geltrú,festival,Q29,Spain,,,
Q137534041,Ttangkkeut haeneomihaemaji Festival,festival,Q884,South Korea,,,
Q56005589,Càntut,festival,Q29,Spain,,,2012-01-01T00:00:00Z
Q69506863,Heerenstraat Festival,festival,Q730,Suriname,2019-01-01T00:00:00Z,,
Q118347664,Chunhyang Festival,festival,Q884,South Korea,,,
Q48911202,Q48911202,festival,Q884,South Korea,,,
Q137533763,Anyang Youth Festival,festival,Q884,South Korea,,,2000-01-01T00:00:00Z
Q26877501,Q26877501,festival,Q215,Slovenia,,,
Q129263928,"Celebrations, pilgrimages and festivals in Pontevedra",festival,Q29,Spain,,,
Q26714030,Festival Vurberk,festival,Q215,Slovenia,,,
Q124615023,MEM,festival,Q29,Spain,,,2002-01-01T00:00:00Z
Q126590926,Q126590926,festival,Q29,Spain,,,2014-01-01T00:00:00Z
Q124719253,Q124719253,festival,Q29,Spain,,,
Q110504791,Q110504791,festival,Q29,Spain,,,
Q138049021,Q138049021,festival,Q29,Spain,,,1980-01-01T00:00:00Z
Q61389790,Q61389790,festival,Q29,Spain,,,1992-01-01T00:00:00Z
Q110015291,Q110015291,festival,Q29,Spain,,,2011-01-01T00:00:00Z
Q129353096,Stockholm Steam,festival,Q1754,Stockholm,,,2015-01-01T00:00:00Z
Q117317246,CòmicNostrum,festival,Q29,Spain,,,
Q78847579,"Palma, Feria de Teatro en el Sur",festival,Q29,Spain,,,
Q112135244,Festivals of Alcalá de Henares,festival,Q29,Spain,,,
Q60828335,Q60828335,festival,Q29,Spain,,,1994-01-01T00:00:00Z
Q61389015,Q61389015,festival,Q29,Spain,,,2018-01-01T00:00:00Z
Q539863,Saint Agatha of Siclily celebration,party,Q29,Spain,,,
Q107658607,Q107658607,festival,Q29,Spain,,,
Q123053230,Wido Ttibaennori,festival,Q884,South Korea,,,
Q12388475,Festa do esquecemento,party,Q29,Spain,,,
Q4121017,Festival de los Patios,party,Q29,Spain,1967-05-07T00:00:00Z,,
Q6149961,Q6149961,party,Q29,Spain,,,
Q11921899,Festa de Sant Medir,party,Q29,Spain,,,
Q20106996,Q20106996,party,Q29,Spain,,,
Q5861778,Q5861778,party,Q29,Spain,,,
Q25509544,Q25509544,party,Q29,Spain,,,1500-01-01T00:00:00Z
Q3392407,Arde Lucus,party,Q29,Spain,,,2000-01-01T00:00:00Z
Q20106848,Q20106848,party,Q29,Spain,,,
Q20105649,Q20105649,party,Q29,Spain,,,
Q11946173,Q11946173,party,Q29,Spain,,,
Q11921905,Festa dels Traginers de Balsareny,party,Q29,Spain,,,
Q8338712,Carnival in Teguise,party,Q29,Spain,,,
Q2894526,Q2894526,party,Q29,Spain,,,
Q8961610,Fiesta del PCE,party,Q29,Spain,,,
Q5391361,Telecogresca,party,Q29,Spain,1978-01-01T00:00:00Z,,
Q20106409,Q20106409,party,Q29,Spain,,,
Q5752873,Q5752873,party,Q29,Spain,,,
Q20104680,Q20104680,party,Q29,Spain,1987-01-01T00:00:00Z,,
Q5861822,Fiestas de San Cayetano,party,Q29,Spain,,,
Q4896555,Jarramplas,party,Q29,Spain,,,
Q5962041,Arrival of caravel Niña in Baiona,party,Q29,Spain,,,
Q23661019,Carnivals in Viana do Bolo,party,Q29,Spain,,,
Q12393976,Q12393976,party,Q29,Spain,,,1971-01-01T00:00:00Z
Q5861793,Q5861793,party,Q29,Spain,,,
Q56403046,Q56403046,party,Q29,Spain,,,
Q11921922,festes del Ranxo,party,Q29,Spain,,,
Q5861673,Fiesta de la Vaquilla,party,Q29,Spain,,,
Q20108100,Festes de Santa Eulàlia (Barcelona),party,Q29,Spain,,,
Q894689,Botellón,party,Q29,Spain,,,
Q12175050,Fallas de Benicarló,party,Q29,Spain,,,
Q10856568,Carnival in Asturias,party,Q29,Spain,,,
Q5575352,goat throwing,party,Q29,Spain,,2000-01-01T00:00:00Z,
Q11921898,Q11921898,party,Q29,Spain,,,
Q20107782,Q20107782,party,Q29,Spain,,,
Q5858918,San Antonio Fair,party,Q29,Spain,,,1836-01-01T00:00:00Z
Q11921897,Q11921897,party,Q29,Spain,,,
Q11921903,Q11921903,party,Q29,Spain,,,
Q11921900,Q11921900,party,Q29,Spain,,,
Q20109040,"Tres Tombs in Sant Antoni, Barcelona",party,Q29,Spain,,,
Q11921901,Q11921901,party,Q29,Spain,,,
Q1416022,Holy Week in Spain,party,Q29,Spain,,,
Q6351375,Q6351375,party,Q29,Spain,2008-07-24T00:00:00Z,,
Q11921904,Q11921904,party,Q29,Spain,,,
Q5763483,International Habaneras and Polyphony Contest of Torrevieja,party,Q29,Spain,,,
Q20108115,Foguerons de Sant Antoni de sa Pobla a Gràcia,party,Q29,Spain,,,
Q3393255,Plantà,party,Q29,Spain,,,
Q5861817,Q5861817,party,Q29,Spain,,,
Q5650864,Virgen de la Guía festival in Portugalete,party,Q29,Spain,,,
Q20548926,Q20548926,party,Q29,Spain,,,1973-01-01T00:00:00Z
Q4895460,Santa Tecla Festival,party,Q29,Spain,,,
Q11909911,Q11909911,party,Q29,Spain,,,
Q12387893,Carnival of Meira,party,Q29,Spain,,,
Q5861667,Carnival in Gijon,party,Q29,Spain,,,
Q20106445,Q20106445,party,Q29,Spain,,,
Q12388477,Q12388477,party,Q29,Spain,,,
Q23710981,Entroido de Vilariño de Conso,party,Q29,Spain,,,
Q5861677,Q5861677,party,Q29,Spain,,,
Q20104200,Q20104200,party,Q29,Spain,,,
Q10273189,Q10273189,party,Q29,Spain,,,
Q5669877,Almossassa Batalyaws,party,Q29,Spain,,,0875-01-01T00:00:00Z
Q20105997,Q20105997,party,Q29,Spain,2005-01-01T00:00:00Z,,
Q12388484,Q12388484,party,Q29,Spain,,,
Q21091789,Q21091789,party,Q29,Spain,,,
Q20545088,Festival of Coco in Redondela,party,Q29,Spain,,,
Q11947723,Santíssim Misteri de Cervera,party,Q29,Spain,,,
Q12257567,Basque Floral Games,party,Q29,Spain,,,
Q20875912,Q20875912,party,Q29,Spain,,,
Q5815782,Q5815782,party,Q29,Spain,,,
Q11921924,Q11921924,party,Q29,Spain,,,
Q20545247,Festa dos Fachós,party,Q29,Spain,,,
Q4158427,Fiestas de la Paloma in Madrid,party,Q29,Spain,,,
Q11939328,Q11939328,party,Q29,Spain,,,
Q23661501,Q23661501,party,Q29,Spain,,,
Q5861780,Els Enfarinats,party,Q29,Spain,,,
Q5830343,Q5830343,party,Q29,Spain,,,
Q2834310,Falles of Alzira,party,Q29,Spain,,,
Q20106470,Q20106470,party,Q29,Spain,,,
Q11919232,Encamisada de Falset,party,Q29,Spain,,,
Q5861850,Q5861850,party,Q29,Spain,,,
Q20103923,Q20103923,party,Q29,Spain,,,
Q20541714,Carnival of Xinzo de Limia,party,Q29,Spain,,,
Q5861852,Q5861852,party,Q29,Spain,,,
Q8348151,Q8348151,party,Q29,Spain,,,
Q20541690,Q20541690,party,Q29,Spain,,,
Q5815802,Q5815802,party,Q29,Spain,,,
Q8338702,Q8338702,party,Q29,Spain,,,
Q17627199,Baixada del riu Bullent,party,Q29,Spain,,,
Q11913251,Q11913251,party,Q29,Spain,,,
Q25476128,Q25476128,party,Q29,Spain,1963-01-01T00:00:00Z,,
Q1208044,Festa de l'Estendard,party,Q29,Spain,,,
Q8775123,Q8775123,party,Q29,Spain,,,
Q11921918,Renaissance Festival in Tortosa,party,Q29,Spain,,,
Q9033856,Mocadorà,party,Q29,Spain,,,
Q8961500,Festa da Dorna,party,Q29,Spain,,,1948-07-24T00:00:00Z
Q20103340,Q20103340,party,Q29,Spain,,,
Q5861723,Q5861723,party,Q29,Spain,,,
Q20104541,Q20104541,party,Q29,Spain,,,
Q11948066,Q11948066,party,Q29,Spain,,,
Q20106517,Foguera de Canals,party,Q29,Spain,,,
Q21077729,Q21077729,party,Q29,Spain,,,
Q8961606,Q8961606,party,Q29,Spain,,,
Q11921925,Q11921925,party,Q29,Spain,1892-01-01T00:00:00Z,1899-01-01T00:00:00Z,
Q20546209,Q20546209,party,Q29,Spain,,,
Q2115110,Mystery Play of Elche,party,Q29,Spain,,,
Q8961628,Magdalena Festival,party,Q29,Spain,,,1945-01-01T00:00:00Z
Q11953173,Q11953173,party,Q29,Spain,,,
Q16908679,Falles d'Isil,party,Q29,Spain,,,
Q5861826,San Lorenzo Festival (Madrid),party,Q29,Spain,,,
Q11949579,Q11949579,party,Q29,Spain,,,
Q20541702,Q20541702,party,Q29,Spain,1997-01-01T00:00:00Z,,
Q10601520,Nobel Nightcap,party,Q1754,Stockholm,,,
Q11919279,Q11919279,party,Q29,Spain,,,
Q20541723,Q20541723,party,Q29,Spain,,,
Q3327994,Palm Sunday in Elx,party,Q29,Spain,,,
Q20542854,Q20542854,party,Q29,Spain,,,1995-01-01T00:00:00Z
Q11704629,Toro de la Vega (tournament),party,Q29,Spain,,,
Q6044252,Q6044252,party,Q29,Spain,2005-12-15T00:00:00Z,,
Q6138503,tamborrada,party,Q29,Spain,,,
Q20105467,Q20105467,party,Q29,Spain,,,
Q16567825,Q16567825,party,Q29,Spain,,,
Q21077455,Q21077455,party,Q29,Spain,,,
Q11924839,Q11924839,party,Q29,Spain,,,
Q8961625,Q8961625,party,Q29,Spain,,,
Q6149937,Q6149937,party,Q29,Spain,,,
Q20105474,Q20105474,party,Q29,Spain,,,
Q1406268,Málaga Fair,party,Q29,Spain,,,
Q6124436,Q6124436,party,Q29,Spain,,,
Q5752941,Carnival in Spain,party,Q29,Spain,,,
Q20106411,Festa de Sant Antoni a Massalfassar,party,Q29,Spain,,,
Q21044497,Summer solstice fire festivals in the Pyrenees,party,Q29,Spain,,,
Q9018199,Q9018199,party,Q29,Spain,,,
Q12388467,Festa da Istoria,party,Q29,Spain,,,
Q25475324,Q25475324,party,Q29,Spain,,,
Q3986817,The Ferrolterra Pantin Classic,party,Q29,Spain,,,1989-01-01T00:00:00Z
Q3397662,Entrada de toros y caballos,party,Q29,Spain,,,
Q8350950,Cordada,party,Q29,Spain,,,
Q1143768,Falles,party,Q29,Spain,,,
Q11922153,Q11922153,party,Q29,Spain,,,
Q20106842,Q20106842,party,Q29,Spain,,,
Q20106598,Tres Tombs in Sant Andreu de Palomar,party,Q29,Spain,,,
Q105752350,Q105752350,party,Q29,Spain,,,
Q3571046,Q3571046,discothèque,Q29,Spain,,,
Q19714547,Q19714547,party,Q29,Spain,,,
Q29087695,Q29087695,party,Q29,Spain,,,
Q61790058,Escudella de Castellterçol,party,Q29,Spain,,,
Q120403918,"Fair of Jerez, Province of Cádiz",party,Q29,Spain,1967-09-27T00:00:00Z,,
Q3396448,Pont Aeri,discothèque,Q29,Spain,,,1991-12-01T00:00:00Z
Q137972579,Sugar Cane Festival,party,Q29,Spain,,,
Q137920951,Q137920951,party,Q29,Spain,,,1970-01-01T00:00:00Z
Q123457731,Q123457731,party,Q29,Spain,1884-01-01T00:00:00Z,,
Q249462,Razzmatazz,discothèque,Q29,Spain,,,2000-01-01T00:00:00Z
Q113738171,Marina Beach Club,discothèque,Q29,Spain,,,
Q67227165,Panam's,discothèque,Q29,Spain,,,1959-07-22T00:00:00Z
Q28711577,Festa del Peix,party,Q29,Spain,,,
Q95129848,Q95129848,party,Q29,Spain,,,
Q111364650,Q111364650,party,Q29,Spain,,,
Q25413850,Q25413850,party,Q29,Spain,,,
Q104528202,La Sala del Cel,discothèque,Q29,Spain,,,
Q92602446,Florida 135,discothèque,Q29,Spain,,,1942-12-05T00:00:00Z
Q23653026,Falles de Gandia,party,Q29,Spain,,,
Q20015052,Q20015052,party,Q29,Spain,,,
Q5719891,Barraca,discothèque,Q29,Spain,,,1965-12-02T00:00:00Z
Q66424282,Q66424282,party,Q29,Spain,,,
Q10456317,Gai Li,ceremony,Q884,South Korea,,,
Q119157221,Banana's,discothèque,Q29,Spain,,2013-01-01T00:00:00Z,1987-01-01T00:00:00Z
Q138444301,Q138444301,party,Q29,Spain,,,
Q24941846,Feast of Reverences,party,Q29,Spain,,,
Q40345420,Txitxarro,discothèque,Q29,Spain,,,
Q117462702,Q117462702,ceremony,Q29,Spain,1423-09-17T00:00:00Z,,
Q61390488,Q61390488,party,Q29,Spain,,,
Q6123993,Seises,ceremony,Q29,Spain,,,
Q43848861,Q43848861,party,Q29,Spain,,,
Q123484962,Oath of office (Spain),ceremony,Q29,Spain,,,
Q65205222,Q65205222,party,Q29,Spain,,,
Q18357537,Ushuaïa Ibiza Beach Hotel,discothèque,Q29,Spain,,,2011-01-01T00:00:00Z
Q23660979,Entroido dos Xenerais do Ulla,party,Q29,Spain,,,
Q23648119,Q23648119,party,Q29,Spain,,,
Q91225122,Toma de almohada,ceremony,Q29,Spain,,,
Q136680223,Q136680223,party,Q29,Spain,,,
Q2961340,Chasis,discothèque,Q29,Spain,,,1989-11-09T00:00:00Z
Q126040151,Q126040151,party,Q29,Spain,,,
Q17616299,La Paloma,discothèque,Q29,Spain,,,1903-01-01T00:00:00Z
Q5715624,Q5715624,discothèque,Q29,Spain,,,
Q5946815,Joy Eslava,discothèque,Q29,Spain,,,
Q90064213,Entroido de Samede,party,Q29,Spain,,,
Q65205710,Festa de l'Ametller Florit,party,Q29,Spain,,,
Q115940024,Gran festa de la calçotada,party,Q29,Spain,,,
Q124209303,Q124209303,party,Q29,Spain,,,
Q6065328,Q6065328,discothèque,Q29,Spain,,,
Q20103294,Q20103294,party,Q29,Spain,,,
Q122258969,Q122258969,discothèque,Q29,Spain,,,
Q97502346,State ceremony in Madrid in tribute to the victims of COVID-19 and in recognition of society,ceremony,Q29,Spain,,,
Q111777659,Q111777659,party,Q29,Spain,,,2005-05-04T00:00:00Z
Q65210795,Q65210795,party,Q29,Spain,,,
Q19713246,Q19713246,party,Q29,Spain,,,
Q115940402,Escudella de Gelida,party,Q29,Spain,,,1855-01-01T00:00:00Z
Q113645748,Zarauzko euskal jaiak,party,Q29,Spain,,,
Q23660892,Q23660892,party,Q29,Spain,,,
Q483188,Korean Music Awards,recurring event,Q884,South Korea,,,2004-01-01T00:00:00Z
Q7232850,Poruwa ceremony,ceremony,Q854,Sri Lanka,,,
Q81610,Mr Gay World,recurring event,Q29,Spain,,,2009-01-01T00:00:00Z
Q23047569,Viking Festival of Catoira,party,Q29,Spain,,,1961-01-01T00:00:00Z
Q26107885,Q26107885,party,Q29,Spain,,,
Q24944179,Q24944179,party,Q29,Spain,,,
Q17685565,Hanjanggun nori,ceremony,Q884,South Korea,,,
Q50233777,Q50233777,party,Q29,Spain,,,
Q138827645,Q138827645,party,Q29,Spain,,,
Q3765976,Three Flags Day,ceremony,Q38022,St. Louis,1804-03-09T00:00:00Z,1804-03-10T00:00:00Z,
Q20104208,Q20104208,party,Q29,Spain,,,
Q65275167,Q65275167,party,Q29,Spain,,,
Q20104214,Q20104214,party,Q29,Spain,,,
Q81315394,Fiestas de San Blas y Santa Águeda (Mequinenza),party,Q29,Spain,,,
Q65275171,Q65275171,party,Q29,Spain,,,
Q61389034,Q61389034,party,Q29,Spain,,,
Q118278977,Festes de Sant Joan i els Elois,party,Q29,Spain,,,
Q137856417,Tito's,discothèque,Q29,Spain,,,
Q100933143,fifth anniversary of El Español,party,Q29,Spain,,,
Q19336875,Bestiari popular de Montblanc,party,Q29,Spain,,,
Q28913556,Bocaccio,discothèque,Q29,Spain,,,1967-01-01T00:00:00Z
Q6105049,Changing of the Royal Guards at the Royal Palace of Madrid,ceremony,Q29,Spain,,,
Q81610,Mr Gay World,recurring event,Q258,South Africa,,,2009-01-01T00:00:00Z
Q131387077,Q131387077,party,Q29,Spain,,,
Q135073842,Q135073842,party,Q29,Spain,,,
Q120403911,Q120403911,party,Q29,Spain,,,
Q95150541,Festa de l'Arbre Fruiter,party,Q29,Spain,,,1905-01-01T00:00:00Z
Q20104258,Festa dels Tonis de Santa Eugènia de Berga,party,Q29,Spain,,,
Q60655740,Q60655740,party,Q29,Spain,,,
Q124353516,Escudella de Carnestoltes a Sant Feliu de Codines,party,Q29,Spain,,,1800-01-01T00:00:00Z
Q108884831,Ferias y Fiestas de Alcalá de Henares,party,Q29,Spain,,,1200-01-01T00:00:00Z
Q109607040,Westward the Women of Plan,party,Q29,Spain,,,
Q48781454,Q48781454,party,Q29,Spain,,,
Q11946658,Sala Bikini,discothèque,Q29,Spain,,,
Q117857185,Quintillo,ceremony,Q29,Spain,,,
Q23310031,Q23310031,party,Q29,Spain,,,
Q23503859,Q23503859,party,Q29,Spain,,,
Q483826,Baeksang Arts Awards,recurring event,Q884,South Korea,1965-01-01T00:00:00Z,,1965-01-01T00:00:00Z
Q20105587,Depósito Legal,discothèque,Q29,Spain,,,1985-05-16T00:00:00Z
Q16094859,Araennyeok Suryukjae,ceremony,Q884,South Korea,,,
Q29636082,Q29636082,party,Q29,Spain,,,1985-01-01T00:00:00Z
Q98807123,Ospa Eguna,party,Q29,Spain,,,2011-09-03T00:00:00Z
Q138297353,Q138297353,party,Q29,Spain,,,
Q17600494,Q17600494,discothèque,Q29,Spain,,,1981-01-01T00:00:00Z
Q120705939,Festa dels Masos de Torroella de Montgrí i l'Estartit,party,Q29,Spain,,,
Q12386211,Q12386211,discothèque,Q29,Spain,,,
Q110618287,foliada,party,Q29,Spain,,,
Q137294646,Festa del Segar i el Batre,party,Q29,Spain,,,
Q95474528,Q95474528,party,Q29,Spain,,,
Q21964351,Opium Barcelona,discothèque,Q29,Spain,,,
Q139818268,Q139818268,party,Q29,Spain,,,
Q122841623,Q122841623,party,Q29,Spain,,,
Q114612776,Waka Sabadell,discothèque,Q29,Spain,,,
Q28662799,Teatro Kapital,discothèque,Q29,Spain,,,
Q76986822,Carasses,party,Q29,Spain,,,
Q485104,College Scholastic Ability Test,recurring event,Q884,South Korea,,,1993-01-01T00:00:00Z
Q486716,Team Spirit,recurring event,Q884,South Korea,1976-01-01T00:00:00Z,1993-01-01T00:00:00Z,
Q107474570,Madalenas,party,Q29,Spain,,,
Q11934306,Luz de Gas,discothèque,Q29,Spain,,,1995-09-01T00:00:00Z
Q31177887,President Moon Jae-in's inauguration ceremony,ceremony,Q884,South Korea,,,
Q61390045,Q61390045,party,Q29,Spain,,,2016-01-01T00:00:00Z
Q67283027,Festa per la Llibertat,party,Q29,Spain,,,2010-01-01T00:00:00Z
Q24055011,Sala Zero,discothèque,Q29,Spain,,,
Q117071354,Q117071354,discothèque,Q29,Spain,1984-01-01T00:00:00Z,1992-01-01T00:00:00Z,
Q137856592,Trocadero,discothèque,Q29,Spain,,,
Q115356838,Menfis de Berga,discothèque,Q29,Spain,,,http://www.wikidata.org/.well-known/genid/ced8137e7b0ba9ead4dd355bb461434b
Q25822008,Q25822008,party,Q29,Spain,,,
Q138414251,Q138414251,party,Q29,Spain,,,
Q139665563,Festa de la Santa Creu i l'Arbre de Maig,party,Q29,Spain,,,1952-01-01T00:00:00Z
Q23657663,Q23657663,party,Q29,Spain,,,
Q93977499,Q93977499,party,Q29,Spain,,,
Q78142084,Q78142084,party,Q29,Spain,,2010-01-01T00:00:00Z,2003-01-01T00:00:00Z
Q23311250,The entrance of the Flower,party,Q29,Spain,,,
Q12798019,Orto bar,discothèque,Q215,Slovenia,,,1994-01-01T00:00:00Z
Q80089594,Dhraa Nite City,discothèque,Q29,Spain,,,
Q662829,Eurocon,recurring event,Q29,Spain,,,1972-01-01T00:00:00Z
Q483239,Seoul Motor Show,recurring event,Q884,South Korea,1995-01-01T00:00:00Z,,1995-01-01T00:00:00Z
Q24941847,Q24941847,party,Q29,Spain,,,
Q41799593,Fiesta de la Hispanidad,party,Q29,Spain,,,
Q16122928,marriage in Sudan,ceremony,Q1049,Sudan,,,
Q135084102,Q135084102,party,Q29,Spain,,,
Q20104283,Q20104283,party,Q29,Spain,,,
Q489672,Bucheon International Fantastic Film Festival,recurring event,Q884,South Korea,,,1997-01-01T00:00:00Z
Q23657684,Casín Cheese Contest,party,Q29,Spain,,,
Q20103221,Les festes del Carquinyoli,party,Q29,Spain,,,
Q124461348,Q124461348,party,Q29,Spain,2003-01-01T00:00:00Z,,
Q51092064,Salon d'Automne,recurring event,Q29,Spain,,,1920-01-01T00:00:00Z
Q11915196,Q11915196,recurring event,Q29,Spain,1944-01-01T00:00:00Z,1968-01-01T00:00:00Z,1944-01-01T00:00:00Z
Q55223763,Q55223763,recurring event,Q29,Spain,,,1884-01-01T00:00:00Z
Q20619882,Q20619882,recurring event,Q29,Spain,,,2003-01-01T00:00:00Z
Q71676875,Switi Rauw Streetfest,recurring event,Q730,Suriname,,,
Q3826736,Semana Negra de Gijón,recurring event,Q29,Spain,1988-01-01T00:00:00Z,,
Q5028375,Campillos International Piano Competition,recurring event,Q29,Spain,2007-01-01T00:00:00Z,,
Q48990178,Africa Aerospace and Defence,recurring event,Q258,South Africa,,,1975-01-01T00:00:00Z
Q5781246,Q5781246,recurring event,Q29,Spain,,,
Q55886016,Feria de La Línea,recurring event,Q29,Spain,,,1879-01-01T00:00:00Z
Q5815900,Q5815900,recurring event,Q29,Spain,,,
Q7302227,Rebujas Rock,recurring event,Q29,Spain,,,1997-01-01T00:00:00Z
Q4690109,AfrikaBurn,recurring event,Q258,South Africa,,,2007-01-01T00:00:00Z
Q5399202,Espárrago Rock,recurring event,Q29,Spain,,,
Q25432433,Q25432433,recurring event,Q29,Spain,2013-01-01T00:00:00Z,,
Q4715215,Royal Fair of Algeciras,recurring event,Q29,Spain,2000-10-08T00:00:00Z,,1850-01-01T00:00:00Z
Q18128993,Open Book Festival,recurring event,Q258,South Africa,2011-01-01T00:00:00Z,,2011-01-01T00:00:00Z
Q2735642,TP de Oro,recurring event,Q29,Spain,1972-01-01T00:00:00Z,2012-01-01T00:00:00Z,1972-01-01T00:00:00Z
Q20103333,S'Amorra amorra,recurring event,Q29,Spain,,,
Q20689266,Q20689266,recurring event,Q884,South Korea,,,
Q11915200,Q11915200,recurring event,Q29,Spain,1978-01-01T00:00:00Z,,
Q27074702,Colombo International Book Fair,recurring event,Q854,Sri Lanka,1999-01-01T00:00:00Z,,1999-01-01T00:00:00Z
Q20109203,Q20109203,recurring event,Q29,Spain,1981-01-01T00:00:00Z,,
Q5781213,Premio Jaén,recurring event,Q29,Spain,,,1956-01-01T00:00:00Z
Q20106316,Festival de la Porta Ferrada,recurring event,Q29,Spain,,,1958-01-01T00:00:00Z
Q2781969,Iris Awards,recurring event,Q29,Spain,,,1999-02-22T00:00:00Z
Q11921934,Q11921934,recurring event,Q29,Spain,1983-01-01T00:00:00Z,2017-01-01T00:00:00Z,
Q12387253,Q12387253,recurring event,Q29,Spain,1969-01-01T00:00:00Z,,
Q11953204,Tronada de Reus,recurring event,Q29,Spain,,,
Q795924,Mobile World Congress,recurring event,Q29,Spain,1985-01-01T00:00:00Z,,
Q19715195,Q19715195,recurring event,Q29,Spain,2002-01-01T00:00:00Z,2011-01-01T00:00:00Z,
Q23459536,Don Juan en Alcalá,recurring event,Q29,Spain,,,1984-01-01T00:00:00Z
Q20105580,Festival Deltebre Dansa,recurring event,Q29,Spain,,,
Q17021063,Hargeysa International Book Fair,recurring event,Q1045,Somalia,2008-01-01T00:00:00Z,,2008-01-01T00:00:00Z
Q7564787,Sound of Stockholm,recurring event,Q1754,Stockholm,,,2010-01-01T00:00:00Z
Q96622031,Wiki Loves Folklore,recurring event,Q29,Spain,,,
Q4904542,Bienal de Flamenco,recurring event,Q29,Spain,,,1980-01-01T00:00:00Z
Q6492194,Las Edades del Hombre,recurring event,Q29,Spain,,,1988-01-01T00:00:00Z
Q2918983,Seville Fair,recurring event,Q29,Spain,1965-02-19T00:00:00Z,,1846-08-25T00:00:00Z
Q108395528,Octava del Corpus (San Ildefonso),recurring event,Q29,Spain,,,
Q60009059,local elections in Spain,recurring event,Q29,Spain,,,
Q18052798,Quiz on Korea,recurring event,Q884,South Korea,2012-01-01T00:00:00Z,,
Q20106461,Q20106461,recurring event,Q29,Spain,,,
Q11913284,Catosfera,recurring event,Q29,Spain,,,2008-01-01T00:00:00Z
Q6065390,Pascua Militar,recurring event,Q29,Spain,,,
Q7864134,UCT Mathematics Competition,recurring event,Q258,South Africa,,,
Q56400691,Q56400691,recurring event,Q29,Spain,,,
Q12622679,Q12622679,recurring event,Q884,South Korea,,,
Q3394495,Mestre Mateo Awards,recurring event,Q29,Spain,,,2002-01-01T00:00:00Z
Q17054931,Hilton Arts Festival,recurring event,Q258,South Africa,,,1993-01-01T00:00:00Z
Q31073768,Exporecerca Jove,recurring event,Q29,Spain,,,
Q3326913,Araba euskaraz,recurring event,Q29,Spain,,,1981-01-01T00:00:00Z
Q6950424,Música en Compostela,recurring event,Q29,Spain,,,1958-01-01T00:00:00Z
Q7721356,Q7721356,recurring event,Q29,Spain,,,1977-01-01T00:00:00Z
Q12256073,Danbaka,recurring event,Q29,Spain,,,2004-01-01T00:00:00Z
Q3642773,Aardklop,recurring event,Q258,South Africa,1998-01-01T00:00:00Z,,1998-01-01T00:00:00Z
Q1595338,Jacobean Holy Year,recurring event,Q29,Spain,,,
Q7618050,Stockholm Water Festival,recurring event,Q1754,Stockholm,,,1991-01-01T00:00:00Z
Q11911104,Spanish Enduro Championship,recurring event,Q29,Spain,,,1952-01-01T00:00:00Z
Q6029177,Infecting the City,recurring event,Q258,South Africa,,,2007-01-01T00:00:00Z
Q30606321,Independence Day,recurring event,Q34754,Somaliland,,,
Q101044978,Q101044978,recurring event,Q472,Sofia,,,2018-01-01T00:00:00Z
Q28035278,Ansan Street Arts Festival,recurring event,Q884,South Korea,,,2005-01-01T00:00:00Z
Q3325889,Barcelona International Comic Fair,recurring event,Q29,Spain,,,1981-01-01T00:00:00Z
Q6114439,Ruta de los Penitentes,recurring event,Q29,Spain,,,2006-09-02T00:00:00Z
Q88032026,Margarita Salas,recurring event,Q29,Spain,,,2019-01-01T00:00:00Z
Q16060402,Colombo Fashion Week,recurring event,Q854,Sri Lanka,,,2003-01-01T00:00:00Z
Q13147907,Q13147907,recurring event,Q29,Spain,,,1985-01-01T00:00:00Z
Q6117914,Automobile Barcelona,recurring event,Q29,Spain,,,1919-01-01T00:00:00Z
Q5853465,ExpoManga,recurring event,Q29,Spain,,,2001-01-01T00:00:00Z
Q60527811,DStv Mzansi Viewers' Choice Awards,recurring event,Q258,South Africa,,,
Q26265418,Wiki Loves the Olympics,recurring event,Q29,Spain,,,2016-01-01T00:00:00Z
Q5208172,Daedeokje,recurring event,Q884,South Korea,,,
Q3544398,National Exhibition of Fine Arts,recurring event,Q29,Spain,1856-01-01T00:00:00Z,1968-01-01T00:00:00Z,
Q90404757,Certamen Oficial de Jota del Ayuntamiento de Zaragoza,recurring event,Q29,Spain,,,1894-01-01T00:00:00Z
Q62915258,Laxeiro award,recurring event,Q29,Spain,,,2004-01-01T00:00:00Z
Q12389156,Q12389156,recurring event,Q29,Spain,,,1995-01-01T00:00:00Z
Q4796950,Art Madrid,recurring event,Q29,Spain,,,2006-01-01T00:00:00Z
Q28711740,Festa del Mercat a la Plaça d'Amposta,recurring event,Q29,Spain,,,2008-01-01T00:00:00Z
Q107444042,Census in the Basque Autonomous Community,recurring event,Q29,Spain,,,
Q31283508,Q31283508,recurring event,Q29,Spain,,,
Q20977935,CineEurope,recurring event,Q29,Spain,,,1992-01-01T00:00:00Z
Q9052085,Q9052085,recurring event,Q29,Spain,,,
Q12388476,Cabral Gourd Fiest,recurring event,Q29,Spain,,,1984-01-01T00:00:00Z
Q28136211,El Ajo Festival,recurring event,Q29,Spain,,,1969-01-01T00:00:00Z
Q7291438,Rand Show,recurring event,Q258,South Africa,,,
Q12593133,Dokdo Defense Exercise,recurring event,Q884,South Korea,,,
Q5678970,Debate on the State of the Nation,recurring event,Q29,Spain,,,1983-09-20T00:00:00Z
Q61707893,Machaca Fest,recurring event,Q29,Spain,,,2011-01-01T00:00:00Z
Q10709483,We Are Sthlm,recurring event,Q1754,Stockholm,,,
Q19715702,Mercat del Ram de Vic,recurring event,Q29,Spain,,,
Q20104399,Fira de Santa Llúcia de Barcelona,recurring event,Q29,Spain,1786-01-01T00:00:00Z,,
Q78577973,Cadenas de Navarra Award,recurring event,Q29,Spain,2016-01-01T00:00:00Z,,2016-01-01T00:00:00Z
Q1130503,Q1130503,recurring event,Q29,Spain,,,2008-01-01T00:00:00Z
Q17266419,Madrid Games Week,recurring event,Q29,Spain,,,2013-01-01T00:00:00Z
Q5858812,Feria de Almería,recurring event,Q29,Spain,,,
Q50359557,Planica7,recurring event,Q215,Slovenia,2018-03-22T00:00:00Z,,
Q23657369,Q23657369,recurring event,Q29,Spain,,,
Q28699278,Masan Gagopa Chrysanthemum Festival,recurring event,Q884,South Korea,,,
Q1097097,Q1097097,recurring event,Q29,Spain,,,
Q85816998,Zandari Festa,recurring event,Q884,South Korea,,,2012-01-01T00:00:00Z
Q20102783,Q20102783,recurring event,Q29,Spain,,,
Q5784967,Contempopránea Music Festival,recurring event,Q29,Spain,,,1996-01-01T00:00:00Z
Q11921927,Festes del Tura,recurring event,Q29,Spain,,,1636-01-01T00:00:00Z
Q60751238,Feria Real de San Roque,recurring event,Q29,Spain,,,
Q96184165,Q96184165,recurring event,Q29,Spain,,,
Q4543437,Wednesday Demonstration,recurring event,Q884,South Korea,,,
Q1133236,FLISOL,recurring event,Q29,Spain,,,
Q65275543,Q65275543,recurring event,Q29,Spain,,,
Q20104137,Q20104137,recurring event,Q29,Spain,,,
Q2356144,Rapa das Bestas,recurring event,Q29,Spain,,,
Q20102416,080 Barcelona Fashion,recurring event,Q29,Spain,,,2007-07-01T00:00:00Z
Q77976093,Musica,recurring event,Q6602,Strasbourg,,,
Q6116623,Saca de las Yeguas,recurring event,Q29,Spain,,,
Q17113098,Busan Motor Show,recurring event,Q884,South Korea,,,2001-01-01T00:00:00Z
Q85803189,Star Party Sri Lanka,recurring event,Q854,Sri Lanka,,,
Q11945117,Q11945117,recurring event,Q29,Spain,,,
Q5858832,Feria de Nuestra Señora de la Salud,recurring event,Q29,Spain,,,
Q20103073,Fira de l'Avellana,recurring event,Q29,Spain,,,1599-01-01T00:00:00Z
Q73717023,Internacional Competition - City of Vigo,recurring event,Q29,Spain,2017-01-01T00:00:00Z,,
Q18351126,MTBS,recurring event,Q258,South Africa,,,
Q1155490,Benidorm International Song Festival,recurring event,Q29,Spain,,,1959-01-01T00:00:00Z
Q7115155,Oxcars,recurring event,Q29,Spain,,,2008-01-01T00:00:00Z
Q1853379,SuriPop,recurring event,Q730,Suriname,,,
Q3052748,Korrika,recurring event,Q29,Spain,,,1980-01-01T00:00:00Z
Q12399517,Salón del Automóvil de Vigo,recurring event,Q29,Spain,,,1992-01-01T00:00:00Z
Q5898693,Q5898693,recurring event,Q29,Spain,,,
Q98745524,Mikel Laboa saria,recurring event,Q29,Spain,,,2011-01-01T00:00:00Z
Q8247090,Bertsolari Txapelketa Nagusia,recurring event,Q29,Spain,1935-01-01T00:00:00Z,,1935-01-01T00:00:00Z
Q1389170,Christmas Eve National Speech,recurring event,Q29,Spain,,,1975-01-01T00:00:00Z
Q94634713,festivities of Dos de Mayo,recurring event,Q29,Spain,,,
Q11912002,Singing of Havaneres in Calella de Palafrugell,recurring event,Q29,Spain,,,
Q5858914,Fuengirola International Fair,recurring event,Q29,Spain,,,1994-01-01T00:00:00Z
Q3816943,Free Culture Forum,recurring event,Q29,Spain,,,2009-01-01T00:00:00Z
Q135575000,Blue Dragon Film Award Ceremony,recurring event,Q884,South Korea,,,1963-11-30T00:00:00Z
Q106583615,SuriPop IX,festival occurrence,Q730,Suriname,,,
Q15285633,Gukpung81,festival occurrence,Q884,South Korea,1981-05-28T00:00:00Z,1981-06-01T00:00:00Z,
Q135114843,Kingsmead Book Fair,recurring event,Q258,South Africa,,,2012-01-01T00:00:00Z
Q20545344,Q20545344,festival occurrence,Q29,Spain,2011-07-07T00:00:00Z,2011-07-10T00:00:00Z,
Q139979155,Q139979155,recurring event,Q29,Spain,,,
Q116291455,Chinese New Year in Valencia,recurring event,Q29,Spain,,,
Q135903860,"I Congreso Internacional de Comunicación, Sociedad y Organizaciones",recurring event,Q29,Spain,2025-10-30T00:00:00Z,2025-10-31T00:00:00Z,
Q117392634,Q117392634,recurring event,Q29,Spain,,,
Q1161561,OTI Festival 1972,festival occurrence,Q29,Spain,,,
Q136645712,Benidorm Bash,recurring event,Q29,Spain,,,
Q126271830,Q126271830,recurring event,Q29,Spain,,,2016-01-01T00:00:00Z
Q106624462,Q106624462,recurring event,Q29,Spain,,,2000-01-01T00:00:00Z
Q106583334,SuriPop VII,festival occurrence,Q730,Suriname,,,
Q59379328,17th World Festival of Youth and Students,festival occurrence,Q258,South Africa,2010-12-13T00:00:00Z,2010-12-21T00:00:00Z,
Q130344231,Fira del Conte de Medinyà,recurring event,Q29,Spain,,,2010-01-01T00:00:00Z
Q128802598,2009 National Arts Festival,festival occurrence,Q258,South Africa,2009-07-02T00:00:00Z,2009-07-11T00:00:00Z,
Q56239862,Q56239862,festival occurrence,Q29,Spain,,,
Q108554373,Reception to the Diplomatic Corps,recurring event,Q29,Spain,,,
Q12388494,Q12388494,festival occurrence,Q29,Spain,2009-07-09T00:00:00Z,2009-07-12T00:00:00Z,
Q4041178,9th World Festival of Youth and Students,festival occurrence,Q472,Sofia,1968-07-28T00:00:00Z,,
Q106583346,SuriPop X,festival occurrence,Q730,Suriname,,,
Q119723250,Spanish Off-road Championship,recurring event,Q29,Spain,,,1965-01-01T00:00:00Z
Q139971240,Basque Economic Forum,recurring event,Q29,Spain,,,2026-01-01T00:00:00Z
Q17996850,Sonorama 2014,festival occurrence,Q29,Spain,,,
Q136522389,Festival the Sub,recurring event,Q884,South Korea,,,2022-01-01T00:00:00Z
Q115870073,Barcelona Gallery Weekend,recurring event,Q29,Spain,,,
Q20615493,Q20615493,festival occurrence,Q29,Spain,,,
Q122167346,D'aquí estant veig una estrella,recurring event,Q29,Spain,,,
Q106583358,SuriPop XII,festival occurrence,Q730,Suriname,,,
Q136808353,Ground Forces Festival 2025,festival occurrence,Q884,South Korea,,,
Q137324570,5th Edition of Smuggling Festival,festival occurrence,Q29,Spain,2025-04-04T00:00:00Z,,
Q106583662,SuriPop I,festival occurrence,Q730,Suriname,,,
Q124353792,Q124353792,recurring event,Q29,Spain,2022-01-01T00:00:00Z,,
Q136439995,Velada marítima,recurring event,Q29,Spain,,,1896-08-10T00:00:00Z
Q12391370,Q12391370,festival occurrence,Q29,Spain,,,
Q12388495,Q12388495,festival occurrence,Q29,Spain,2008-07-10T00:00:00Z,2008-07-13T00:00:00Z,
Q130712739,HispaCon,recurring event,Q29,Spain,,,1969-01-01T00:00:00Z
Q115166077,SuriPop XXI,festival occurrence,Q730,Suriname,,,
Q124326031,Els Matins de l'Orgue d'Alaró,recurring event,Q29,Spain,,,2006-12-02T00:00:00Z
Q106583675,SuriPop VIII,festival occurrence,Q730,Suriname,,,
Q112946309,Blue Dragon Series Awards,recurring event,Q884,South Korea,,,2022-01-01T00:00:00Z
Q127685138,SuriPop Kerstsong Competitie,festival occurrence,Q730,Suriname,,,
Q106583682,SuriPop III,festival occurrence,Q730,Suriname,,,
Q106572579,SuriPop XVI,festival occurrence,Q730,Suriname,,,
Q4563803,1936 International Society for Contemporary Music Festival,festival occurrence,Q29,Spain,,,1936-01-01T00:00:00Z
Q106583838,SuriPop II,festival occurrence,Q730,Suriname,,,
Q136631895,Q136631895,recurring event,Q29,Spain,,,1978-01-01T00:00:00Z
Q137455846,Clarens arts festival,recurring event,Q258,South Africa,,,2022-01-01T00:00:00Z
Q135070819,NAMPO Harvest Day,recurring event,Q258,South Africa,,,1967-01-01T00:00:00Z
Q131702810,1997 Ptuj Carnival,festival occurrence,Q215,Slovenia,,,
Q126204995,Q126204995,recurring event,Q29,Spain,,,2024-05-10T00:00:00Z
Q123114360,Festival Internacional de Juegos en Córdoba,recurring event,Q29,Spain,2006-01-01T00:00:00Z,,
Q104804867,2020 Festival of Slovenian Film,festival occurrence,Q215,Slovenia,,,
Q106572590,SuriPop XVII,festival occurrence,Q730,Suriname,,,
Q104804864,2011 Festival of Slovenian Film,festival occurrence,Q215,Slovenia,,,
Q106583395,SuriPop XIII,festival occurrence,Q730,Suriname,,,
Q20615543,Q20615543,festival occurrence,Q29,Spain,,,
Q138584056,Jalón Ángel Photography Contest,recurring event,Q29,Spain,,,
Q123076620,1st Poetry Africa Festival,festival occurrence,Q258,South Africa,1997-05-04T00:00:00Z,1997-05-10T00:00:00Z,
Q106583700,SuriPop IV,festival occurrence,Q730,Suriname,,,
Q106572603,SuriPop XVIII,festival occurrence,Q730,Suriname,,,
Q6132317,Sonorama 2008,festival occurrence,Q29,Spain,,,
Q131618758,Joy of Jazz,recurring event,Q258,South Africa,,,1997-01-01T00:00:00Z
Q114933942,Wiki Loves Monuments in Slovenia,recurring event,Q215,Slovenia,,,
Q106572611,SuriPop XIX,festival occurrence,Q730,Suriname,,,
Q131702809,1996 Ptuj Carnival,festival occurrence,Q215,Slovenia,,,
Q106583864,SuriPop V,festival occurrence,Q730,Suriname,,,
Q106572615,SuriPop XX,festival occurrence,Q730,Suriname,,,
Q130318015,goyesca bullfighting of Ronda,recurring event,Q29,Spain,,,1954-01-01T00:00:00Z
Q130537958,Solemn Pontifical Mass of October 12th in El Pilar de Zaragoza,recurring event,Q29,Spain,,,
Q113605120,Wiki Loves Monuments in Suriname,recurring event,Q730,Suriname,,,
Q12388497,Q12388497,festival occurrence,Q29,Spain,2012-07-12T00:00:00Z,2012-07-15T00:00:00Z,
Q136485557,HR Lovers Afterwork,recurring event,Q29,Spain,,,2022-01-01T00:00:00Z
Q135678369,Q135678369,recurring event,Q29,Spain,,,2003-01-01T00:00:00Z
Q131839241,Q131839241,recurring event,Q29,Spain,1995-01-01T00:00:00Z,,
Q9078968,Q9078968,festival occurrence,Q29,Spain,,,
Q134445153,FotoNaratón,recurring event,Q29,Spain,,,2016-01-01T00:00:00Z
Q130537677,Rosary of Dawn procession in Saragossa,recurring event,Q29,Spain,1756-10-12T00:00:00Z,,1756-01-01T00:00:00Z
Q106583728,SuriPop XI,festival occurrence,Q730,Suriname,,,
Q20545330,Q20545330,festival occurrence,Q29,Spain,2007-07-05T00:00:00Z,2007-07-08T00:00:00Z,
Q115557501,2022 KBS Song Festival,festival occurrence,Q884,South Korea,,,
Q124462102,Memefest,recurring event,Q29,Spain,,,
Q106584035,SuriPop VI,festival occurrence,Q730,Suriname,,,
Q116618791,Q116618791,recurring event,Q29,Spain,2000-09-25T00:00:00Z,,
Q20542380,Q20542380,festival occurrence,Q29,Spain,2013-09-05T00:00:00Z,2013-09-28T00:00:00Z,
Q138911874,Q138911874,recurring event,Q29,Spain,,,
Q73716929,Q73716929,festival occurrence,Q29,Spain,,,
Q124423870,Barcelona wine week,recurring event,Q29,Spain,,,
Q135056262,Block Party Music and Art Festival,recurring event,Q884,South Korea,,,2022-01-01T00:00:00Z
Q119589069,Weverse Con,recurring event,Q884,South Korea,2020-12-31T00:00:00Z,,
Q138881121,Q138881121,recurring event,Q29,Spain,,,
Q12388496,Q12388496,festival occurrence,Q29,Spain,2010-07-08T00:00:00Z,2010-07-11T00:00:00Z,
Q115179724,Q115179724,recurring event,Q1754,Stockholm,,,2011-01-01T00:00:00Z
Q130468605,Alcalá Visual,recurring event,Q29,Spain,,,2014-01-01T00:00:00Z
Q135903792,Q135903792,recurring event,Q29,Spain,,,2025-01-01T00:00:00Z
Q140044454,Reunión Invernal de Arguis,recurring event,Q29,Spain,,,1974-12-13T00:00:00Z
Q106560643,SuriPop XIV,festival occurrence,Q730,Suriname,,,
Q139470768,Q139470768,recurring event,Q1754,Stockholm,,,2010-01-01T00:00:00Z
Q138685655,Q138685655,recurring event,Q29,Spain,,,
Q106560647,SuriPop XV,festival occurrence,Q730,Suriname,,,
Q136814598,Q136814598,recurring event,Q29,Spain,,,
Q110218237,Swab Barcelona Art Fair,recurring event,Q29,Spain,,,2006-01-01T00:00:00Z
Q137886202,Icon Talents,recurring event,Q29,Spain,,,
Q133804045,"dance of sticks, Herrín de Campos",recurring event,Q29,Spain,,,1830-01-01T00:00:00Z
Q123360736,Q123360736,recurring event,Q29,Spain,,,
Q138309745,Fair of the Traditions and the Campo de Cartagena,recurring event,Q29,Spain,,,2025-11-22T00:00:00Z
Q135067761,Q135067761,recurring event,Q258,South Africa,,,
Q96782406,Q96782406,festival,Q34,Sweden,,,
Q55122032,Statement Festival,festival,Q34,Sweden,,,2018-01-01T00:00:00Z
Q78978384,Q78978384,recurring event,Q34,Sweden,,,1986-01-01T00:00:00Z
Q105448800,Eskilstuna Pride,recurring event,Q34,Sweden,,,2007-01-01T00:00:00Z
Q4006251,UppCon,recurring event,Q34,Sweden,,,2002-01-01T00:00:00Z
Q18335094,World Aids Day-galan,festival,Q34,Sweden,,,2007-01-01T00:00:00Z
Q31888118,Q31888118,festival,Q34,Sweden,,,2015-01-01T00:00:00Z
Q10680536,Stockholms Kulturfestival,festival,Q34,Sweden,2006-01-01T00:00:00Z,,2006-01-01T00:00:00Z
Q135970288,Q135970288,ceremony,Q3616,Tehran,,,
Q5744239,Herräng Dance Camp,recurring event,Q34,Sweden,,,1982-01-01T00:00:00Z
Q123173041,Q123173041,recurring event,Q34,Sweden,,,2007-01-01T00:00:00Z
Q136353190,New Year fireworks 2000,festival,Q3130,Sydney,,,
Q10549192,Q10549192,recurring event,Q34,Sweden,,,1999-01-01T00:00:00Z
Q10552942,Ladies Night,recurring event,Q34,Sweden,,,2006-01-01T00:00:00Z
Q18624661,Tartu Hanseatic Days,festival,Q13972,Tartu,,,
Q11353805,Wan An Exercise,recurring event,Q865,Taiwan,,,1978-01-01T00:00:00Z
Q4076961,Baltcon,festival,Q34,Sweden,,,1993-01-01T00:00:00Z
Q137739285,Battle of the Tech Bands,recurring event,Q3130,Sydney,,,2022-01-01T00:00:00Z
Q7564787,Sound of Stockholm,recurring event,Q34,Sweden,,,2010-01-01T00:00:00Z
Q10571712,Q10571712,recurring event,Q34,Sweden,,,
Q63164477,Week of Lights 1938,festival,Q34,Sweden,1938-08-27T00:00:00Z,1938-09-04T00:00:00Z,
Q10588702,Q10588702,festival,Q34,Sweden,,,2007-01-01T00:00:00Z
Q13416957,"""Asrlar Sadosi"" Festival of Traditional Culture",festival,Q269,Tashkent,,,2008-01-01T00:00:00Z
Q16515160,Tbilisi Fashion Week,recurring event,Q994,Tbilisi,,,2009-01-01T00:00:00Z
Q10710243,Uppsala International Guitar Festival,recurring event,Q34,Sweden,,,2003-01-01T00:00:00Z
Q29380903,Sweden International Improv Festival (SWIMP),recurring event,Q34,Sweden,,,2015-01-01T00:00:00Z
Q114759378,Experimental Tools Festival,festival,Q33935,Tel Aviv,,,
Q10431969,Q10431969,festival,Q34,Sweden,,,
Q6349666,Kaktusfestivalen,festival,Q34,Sweden,,,2003-01-01T00:00:00Z
Q15695071,Q15695071,festival,Q34,Sweden,,,1992-01-01T00:00:00Z
Q31897380,Q31897380,recurring event,Q34,Sweden,,,2009-01-01T00:00:00Z
Q2608553,Clandestino Festival,festival,Q34,Sweden,,,2003-06-12T00:00:00Z
Q31899173,Q31899173,festival,Q34,Sweden,,,2006-01-01T00:00:00Z
Q10497456,census in Sweden,recurring event,Q34,Sweden,,,
Q125566933,Q125566933,festival,Q33935,Tel Aviv,2009-01-01T00:00:00Z,,
Q10604689,Nyhem Week,recurring event,Q34,Sweden,,,1917-01-01T00:00:00Z
Q10568317,Ljungby storytelling festival,festival,Q34,Sweden,,,1990-01-01T00:00:00Z
Q10448261,Q10448261,recurring event,Q34,Sweden,,,
Q5427122,FSCONS,recurring event,Q34,Sweden,,,2007-01-01T00:00:00Z
Q31899206,Q31899206,festival,Q34,Sweden,,,
Q65254802,ESTO 2019,festival,Q1770,Tallinn,,,
Q10561526,Ljus I Alingsås,recurring event,Q34,Sweden,,,1999-01-01T00:00:00Z
Q65254802,ESTO 2019,festival,Q13972,Tartu,,,
Q19365549,Q19365549,recurring event,Q34,Sweden,,,1898-01-01T00:00:00Z
Q57196864,Panacea Festival,festival,Q34,Sweden,,,
Q18454723,Hot Salsa Weekend,festival,Q34,Sweden,,,
Q7618050,Stockholm Water Festival,recurring event,Q34,Sweden,,,1991-01-01T00:00:00Z
Q10494844,Q10494844,festival,Q34,Sweden,,,
Q10646795,Q10646795,festival,Q34,Sweden,,,1997-01-01T00:00:00Z
Q10709146,Q10709146,festival,Q34,Sweden,,,1986-01-01T00:00:00Z
Q65194874,Q65194874,festival,Q34,Sweden,,,2018-01-01T00:00:00Z
Q60968623,Q60968623,recurring event,Q34,Sweden,,,1997-01-01T00:00:00Z
Q11857722,Q11857722,recurring event,Q40840,Tampere,,,
Q80949,April Fools' Day,recurring event,Q34,Sweden,1564-01-01T00:00:00Z,,
Q10541801,Q10541801,festival,Q34,Sweden,,,1995-01-01T00:00:00Z
Q2630341,Isstjärnan,festival,Q34,Sweden,,,
Q80949,April Fools' Day,recurring event,Q39,Switzerland,1564-01-01T00:00:00Z,,
Q5629055,West Pride,festival,Q34,Sweden,,,2007-01-01T00:00:00Z
Q77031480,Fajr International Poetry Festival,festival,Q3616,Tehran,,,
Q4442796,Stockholm Early Music Festival,festival,Q34,Sweden,,,2002-01-01T00:00:00Z
Q400196,Ahearne Cup,recurring event,Q34,Sweden,1952-01-01T00:00:00Z,,
Q7993417,Where the Action Is Tour,recurring event,Q34,Sweden,,,2004-01-01T00:00:00Z
Q67651310,Q67651310,festival,Q34,Sweden,,,2011-01-01T00:00:00Z
Q1224610,Diggiloo,recurring event,Q34,Sweden,,,2003-01-01T00:00:00Z
Q7096094,Open House Tel Aviv,festival,Q33935,Tel Aviv,,,
Q10713966,Q10713966,festival,Q34,Sweden,,,2004-01-01T00:00:00Z
Q15632654,So Frenchy So Chic,festival,Q3130,Sydney,,,
Q10698606,Q10698606,festival,Q34,Sweden,,,1999-01-01T00:00:00Z
Q17103578,No Mind Festival,festival,Q34,Sweden,,,
Q136353266,Brookvale procession,ceremony,Q3130,Sydney,,,
Q10493903,Q10493903,recurring event,Q34,Sweden,,,
Q105194463,Wiki Loves Monuments in Sweden,recurring event,Q34,Sweden,,,
Q49103018,Q49103018,festival,Q34,Sweden,,,2016-01-01T00:00:00Z
Q18290485,Hammarkullekarnevalen,festival,Q34,Sweden,,,1974-01-01T00:00:00Z
Q761070,Tornedalsloppet,recurring event,Q34,Sweden,,,1968-01-01T00:00:00Z
Q10554272,Lapland Week,recurring event,Q34,Sweden,,,1919-01-01T00:00:00Z
Q137569678,Q137569678,festival,Q994,Tbilisi,,,
Q136409571,Q136409571,festival,Q3130,Sydney,,,1972-01-01T00:00:00Z
Q16467562,Q16467562,recurring event,Q34,Sweden,,,1974-01-01T00:00:00Z
Q56300371,Market Art Fair,recurring event,Q34,Sweden,,,2006-01-01T00:00:00Z
Q10512889,Q10512889,recurring event,Q34,Sweden,,,2007-01-01T00:00:00Z
Q31899189,Q31899189,festival,Q34,Sweden,,,2016-01-01T00:00:00Z
Q4826093,Auto Assembly,recurring event,Q34,Sweden,,,2000-01-01T00:00:00Z
Q6364269,Kanonloppet,recurring event,Q34,Sweden,,,1950-01-01T00:00:00Z
Q8078933,Öland Roots,recurring event,Q34,Sweden,,,2004-01-01T00:00:00Z
Q49099994,Q49099994,festival,Q34,Sweden,,,2016-01-01T00:00:00Z
Q10710505,Urix,festival,Q34,Sweden,,,1994-01-01T00:00:00Z
Q7727685,The Cortège,recurring event,Q34,Sweden,,,
Q10516492,Q10516492,festival,Q34,Sweden,,,2005-01-01T00:00:00Z
Q10602035,Nordic Rock,festival,Q34,Sweden,,,
Q477551,Kristallen,recurring event,Q34,Sweden,,,2005-01-01T00:00:00Z
Q56301350,Q56301350,festival,Q34,Sweden,,,1993-01-01T00:00:00Z
Q1813040,Peace & Love,recurring event,Q34,Sweden,,,1999-01-01T00:00:00Z
Q7881529,Umeå Open,recurring event,Q34,Sweden,1998-01-01T00:00:00Z,,1998-01-01T00:00:00Z
Q10692705,Q10692705,recurring event,Q34,Sweden,,,
Q10512930,Q10512930,festival,Q34,Sweden,,,1991-01-01T00:00:00Z
Q16411367,Emajõgi Festival,festival,Q13972,Tartu,,,2006-01-01T00:00:00Z
Q3478312,Australian Fashion Week,recurring event,Q3130,Sydney,1996-01-01T00:00:00Z,,1996-01-01T00:00:00Z
Q98152365,Medieval week on Gotland 2000,festival occurrence,Q34,Sweden,,,
Q10657782,Q10657782,festival,Q34,Sweden,,,2002-01-01T00:00:00Z
Q49095755,Q49095755,festival,Q34,Sweden,,,2014-01-01T00:00:00Z
Q16935369,Nordic Game,recurring event,Q34,Sweden,2004-01-01T00:00:00Z,,2004-01-01T00:00:00Z
Q25519480,Q25519480,festival,Q1770,Tallinn,,,
Q80949,April Fools' Day,recurring event,Q865,Taiwan,1564-01-01T00:00:00Z,,
Q31898942,Q31898942,festival,Q34,Sweden,,,2012-01-01T00:00:00Z
Q252496,Medieval Week on Gotland,festival,Q34,Sweden,1984-01-01T00:00:00Z,,1984-01-01T00:00:00Z
Q10709483,We Are Sthlm,recurring event,Q34,Sweden,,,
Q10651450,Retro Game Convention,recurring event,Q34,Sweden,2010-01-01T00:00:00Z,,
Q136409523,Q136409523,festival,Q3130,Sydney,,,1956-01-01T00:00:00Z
Q4730265,Alla tiders Melodifestival,festival,Q34,Sweden,,2005-03-21T00:00:00Z,2005-03-21T00:00:00Z
Q16911466,Skärgårdsfest,festival,Q34,Sweden,,,
Q10493907,Q10493907,festival,Q34,Sweden,,,1986-01-01T00:00:00Z
Q10680488,Q10680488,festival,Q34,Sweden,,,
Q7711307,Malmöfestivalen,festival,Q34,Sweden,,,1985-01-01T00:00:00Z
Q10669242,Q10669242,festival,Q34,Sweden,,,
Q10718150,Q10718150,festival,Q34,Sweden,,,
Q3362037,Flyktningerennet,recurring event,Q34,Sweden,,,1950-01-01T00:00:00Z
Q10656755,Rondo,discothèque,Q34,Sweden,,,1940-01-10T00:00:00Z
Q22098766,Golden Horse Awards Ceremony,recurring event,Q1867,Taipei,,,
Q10439515,Q10439515,recurring event,Q34,Sweden,,,1994-01-01T00:00:00Z
Q10601520,Nobel Nightcap,party,Q34,Sweden,,,
Q10432602,Q10432602,festival,Q34,Sweden,,,1990-01-01T00:00:00Z
Q62696693,Q62696693,festival,Q34,Sweden,,,2011-01-01T00:00:00Z
Q4175709,Swecon,recurring event,Q34,Sweden,,,1998-01-01T00:00:00Z
Q130263899,ANIMIX Festival,festival,Q33935,Tel Aviv,,,2000-01-01T00:00:00Z
Q10719030,Wadköping Games,festival,Q34,Sweden,,,1965-01-01T00:00:00Z
Q10632406,Q10632406,festival,Q34,Sweden,,,1961-01-01T00:00:00Z
Q19885745,Norrbotten Sports Award,festival,Q34,Sweden,,,
Q633506,Estonian Song Festival,recurring event,Q1770,Tallinn,,,1869-01-01T00:00:00Z
Q1328626,Yaldā,festival,Q863,Tajikistan,,,
Q8077188,Årefjällsloppet,recurring event,Q34,Sweden,,,2013-01-01T00:00:00Z
Q662829,Eurocon,recurring event,Q34,Sweden,,,1972-01-01T00:00:00Z
Q100166656,Kalix sommarkalas,recurring event,Q34,Sweden,,,2017-01-01T00:00:00Z
Q18290925,Q18290925,festival,Q34,Sweden,,,
Q77963285,Q77963285,recurring event,Q34,Sweden,,,1952-01-01T00:00:00Z
Q10526631,House of Metal,recurring event,Q34,Sweden,,,2007-01-01T00:00:00Z
Q65250318,Tel Aviv Fashion Week,recurring event,Q33935,Tel Aviv,,,
Q10723750,Yrkes-SM,recurring event,Q34,Sweden,,,
Q24914676,Titwrench,recurring event,Q34,Sweden,,,
Q56300724,Q56300724,recurring event,Q34,Sweden,,,
Q123594086,Q123594086,recurring event,Q34,Sweden,,,1818-01-01T00:00:00Z
Q47008417,Kalmar Grand Prix,recurring event,Q34,Sweden,,,2017-01-01T00:00:00Z
Q17018415,Gothenburg quadricentennial jubilee,festival,Q34,Sweden,,,
Q136404874,Q136404874,festival,Q3130,Sydney,,,1979-01-01T00:00:00Z
Q137290237,Q137290237,festival,Q1770,Tallinn,,,2006-01-01T00:00:00Z
Q10480777,Eksjö town party,party,Q34,Sweden,2008-01-01T00:00:00Z,,2008-01-01T00:00:00Z
Q130712750,Imagicon,recurring event,Q34,Sweden,,,2006-01-01T00:00:00Z
Q110253167,Q110253167,recurring event,Q34,Sweden,,,2012-01-01T00:00:00Z
Q56877124,Q56877124,festival,Q39,Switzerland,,,
Q139470768,Q139470768,recurring event,Q34,Sweden,,,2010-01-01T00:00:00Z
Q106201531,Wiki Loves Earth in Sweden,recurring event,Q34,Sweden,,,
Q20012605,Q20012605,recurring event,Q39,Switzerland,,,
Q111983813,"BONE - Performance Festival 2008, Bern",festival,Q39,Switzerland,,,1998-01-01T00:00:00Z
Q111964228,"ACT Art Performance Festival 2007, Basel",festival,Q39,Switzerland,,,2003-01-01T00:00:00Z
Q115300617,Tidernas hockeygala,ceremony,Q34,Sweden,,,
Q117354856,Q117354856,festival,Q34,Sweden,,,
Q63979259,ACT Performance Art Festival,festival,Q39,Switzerland,,,2003-01-01T00:00:00Z
Q137945773,Q137945773,festival,Q34,Sweden,1927-10-14T00:00:00Z,1927-10-17T00:00:00Z,
Q111966898,"ACT Performance Art Festival 2017, Bern",festival,Q39,Switzerland,,,
Q129353096,Stockholm Steam,festival,Q34,Sweden,,,2015-01-01T00:00:00Z
Q56557398,Tabaris Cabaret,discothèque,Q39,Switzerland,,,
Q1696625,La Nuit blanche,party,Q39,Switzerland,,,
Q111966451,"ACT Performance Art Festival 2021, Basel",festival,Q39,Switzerland,,,
Q105870780,Q105870780,festival,Q34,Sweden,,,
Q111659084,Q111659084,festival,Q39,Switzerland,,,1988-01-01T00:00:00Z
Q106748684,Q106748684,recurring event,Q34,Sweden,,,1995-01-01T00:00:00Z
Q111966993,"ACT Performance Art Festival 2019, Zürich",festival,Q39,Switzerland,,,2003-01-01T00:00:00Z
Q3206936,La Bâtie-Festival de Genève,festival,Q39,Switzerland,,,1977-01-01T00:00:00Z
Q115854,Lucerne Festival,recurring event,Q39,Switzerland,,,1938-01-01T00:00:00Z
Q111968716,"ACT Performance Art Festival 2018, Sierre",festival,Q39,Switzerland,,,2003-01-01T00:00:00Z
Q111983191,"ACT Performance Art Festival 2018, Zurich",festival,Q39,Switzerland,,,2003-01-01T00:00:00Z
Q122219063,Fjärestad autumn market,recurring event,Q34,Sweden,,,
Q117317673,Q117317673,festival,Q34,Sweden,,,
Q111968692,"ACT Performance Art Festival 2013, Basel",festival,Q39,Switzerland,,,2003-01-01T00:00:00Z
Q1026768,Caliente Festival,festival,Q39,Switzerland,,,1995-01-01T00:00:00Z
Q117317976,Q117317976,festival,Q34,Sweden,,,
Q54911461,Q54911461,recurring event,Q39,Switzerland,,,1985-01-01T00:00:00Z
Q111966913,"ACT Performance Art Festival 2012, Basel and Bern",festival,Q39,Switzerland,,,
Q124434216,Q124434216,festival,Q34,Sweden,,,
Q111659285,Swiss Dance Days,festival,Q39,Switzerland,,,
Q117323987,Q117323987,festival,Q34,Sweden,,,
Q67080823,JazzOnze+,festival,Q39,Switzerland,,,1986-01-01T00:00:00Z
Q15613979,Geneva II Conference on Syria,recurring event,Q39,Switzerland,2014-01-22T00:00:00Z,2014-01-31T00:00:00Z,
Q111964321,"ACT Performance Art Festival 2018, Bern",festival,Q39,Switzerland,,,
Q51845040,m4music,festival,Q39,Switzerland,1998-01-01T00:00:00Z,,
Q126735313,Q126735313,recurring event,Q34,Sweden,,,2004-01-01T00:00:00Z
Q24090941,Belluard Bollwerk International,festival,Q39,Switzerland,,,1983-01-01T00:00:00Z
Q137661310,Q137661310,recurring event,Q34,Sweden,,,2017-01-01T00:00:00Z
Q22573883,Geneva Syria peace talks (2016),recurring event,Q39,Switzerland,,,
Q117817894,Q117817894,recurring event,Q34,Sweden,,,1998-01-01T00:00:00Z
Q118502782,Q118502782,recurring event,Q34,Sweden,,,2009-01-01T00:00:00Z
Q117359106,Q117359106,festival,Q34,Sweden,,,
Q117342600,Q117342600,festival,Q34,Sweden,,,
Q123756244,Alive festival,recurring event,Q34,Sweden,,,2022-01-01T00:00:00Z
Q130427646,Q130427646,recurring event,Q34,Sweden,,,
Q118383836,The Bert Bolin Climate Lecture,recurring event,Q34,Sweden,,,2008-01-01T00:00:00Z
Q3425199,Libre Software Meeting,recurring event,Q39,Switzerland,,,2000-01-01T00:00:00Z
Q107031079,Q107031079,festival,Q39,Switzerland,,,
Q111966932,"ACT Performance Art Festival 2011, Basel",festival,Q39,Switzerland,,,
Q131325220,Q131325220,recurring event,Q34,Sweden,,,
Q479014,Almabtrieb,festival,Q39,Switzerland,,,
Q111967720,"ACT Performance Art Festival 2021, Basel",festival,Q39,Switzerland,,,2003-01-01T00:00:00Z
Q673014,Prix de Lausanne,recurring event,Q39,Switzerland,,,1973-01-01T00:00:00Z
Q20012658,Q20012658,festival,Q39,Switzerland,,,2008-01-01T00:00:00Z
Q117318756,Q117318756,festival,Q34,Sweden,,,
Q15621527,Swiss folk festivals,recurring event,Q39,Switzerland,,,
Q130387450,Q130387450,recurring event,Q34,Sweden,,,
Q28071153,Festival week-end au bord de l'eau,festival,Q39,Switzerland,,,
Q111967009,"ACT Performance Art Festival 2017, Lucerne",festival,Q39,Switzerland,,,2003-01-01T00:00:00Z
Q28930072,Geneva peace talks on Syria (2017),recurring event,Q39,Switzerland,2017-02-23T00:00:00Z,2017-03-03T00:00:00Z,
Q113631349,Q113631349,recurring event,Q34,Sweden,,,1972-01-01T00:00:00Z
Q122069858,Q122069858,recurring event,Q34,Sweden,,,
Q111964654,"ACT Performance Art Festival 2018, Basel",festival,Q39,Switzerland,,,
Q43204877,Theaterspektakel,festival,Q39,Switzerland,,,
Q59772758,Woerdz,festival,Q39,Switzerland,,,
Q27036577,Valete,festival,Q39,Switzerland,,,
Q130712611,ConFuse,recurring event,Q34,Sweden,,,1998-01-01T00:00:00Z
Q17635751,LongLake Festival Lugano,festival,Q39,Switzerland,,,
Q3462932,St. Martin's Day in Switzerland,festival,Q39,Switzerland,,,
Q16654984,Q16654984,festival,Q39,Switzerland,,,
Q111963877,ACT Performance Art Festival 2003,festival,Q39,Switzerland,,,2003-01-01T00:00:00Z
Q111967092,"ACT ON 2007, Basel",festival,Q39,Switzerland,,,2003-01-01T00:00:00Z
Q20012618,Q20012618,recurring event,Q39,Switzerland,,,1941-01-01T00:00:00Z
Q86661158,Q86661158,festival,Q39,Switzerland,,,1986-01-01T00:00:00Z
Q111963345,.perf Genf 2012,festival,Q39,Switzerland,,,
Q107588121,Trosa marknad,recurring event,Q34,Sweden,,,
Q118121620,Q118121620,recurring event,Q34,Sweden,,,
Q15807491,Swiss Shooting Festival,recurring event,Q39,Switzerland,,,
Q111967594,"ACT Performance Festival 2021, Lucerne",festival,Q39,Switzerland,,,2003-01-01T00:00:00Z
Q139922353,Glitched,festival,Q34,Sweden,,,2025-01-01T00:00:00Z
Q96622031,Wiki Loves Folklore,recurring event,Q39,Switzerland,,,
Q130712692,Fancon,recurring event,Q34,Sweden,,,1970-01-01T00:00:00Z
Q64210798,Q64210798,festival occurrence,Q39,Switzerland,,,
Q112082592,Q112082592,recurring event,Q34,Sweden,,,2006-01-01T00:00:00Z
Q64210799,Q64210799,festival occurrence,Q39,Switzerland,,,
Q118289252,Q118289252,recurring event,Q34,Sweden,,,1988-01-01T00:00:00Z
Q108902127,Q108902127,recurring event,Q34,Sweden,,,2000-01-01T00:00:00Z
Q55080309,AI for Good,recurring event,Q39,Switzerland,,,
Q698390,Arosa Humor-Festival,festival,Q39,Switzerland,,,
Q117328241,Q117328241,festival,Q34,Sweden,,,
Q111984024,"BONE - Performance Festival 2014, Bern",festival,Q39,Switzerland,,,1998-01-01T00:00:00Z
Q71030630,Mundartfestival Arosa,festival,Q39,Switzerland,,,
Q111966955,Q111966955,festival,Q39,Switzerland,,,
Q131451309,Q131451309,recurring event,Q34,Sweden,,,2018-01-01T00:00:00Z
Q111983245,BONE - Performance Festival,festival,Q39,Switzerland,,,1998-01-01T00:00:00Z
Q111966976,"ACT Performance Art Festival 2010, Basel",festival,Q39,Switzerland,,,
Q63254565,Albani,discothèque,Q39,Switzerland,,,1988-08-14T00:00:00Z
Q5975015,ITU Telecom World,recurring event,Q39,Switzerland,1971-01-01T00:00:00Z,,1971-01-01T00:00:00Z
Q1341543,Q1341543,recurring event,Q39,Switzerland,1992-01-01T00:00:00Z,2013-01-01T00:00:00Z,
Q130712698,Fantastika,recurring event,Q34,Sweden,,,2001-01-01T00:00:00Z
Q111964052,"ACT Performance Art Festival 2007, Bern",festival,Q39,Switzerland,,,2003-01-01T00:00:00Z
Q3222752,Q3222752,festival,Q39,Switzerland,,,
Q117360962,Q117360962,festival,Q34,Sweden,,,
Q186015,Polyball,recurring event,Q39,Switzerland,,,1880-01-01T00:00:00Z
Q128822418,Medieval Week on Gotland 2024,festival,Q34,Sweden,,,
Q682504,Fête des Vignerons,festival,Q39,Switzerland,,,
Q126748138,Åre Bike Festival,festival,Q34,Sweden,,,2010-01-01T00:00:00Z
Q19060359,Q19060359,party,Q39,Switzerland,,,
Q111965428,"ACT Performance Art Festival 2019, Basel",festival,Q39,Switzerland,,,2003-01-01T00:00:00Z
Q2359108,Stunde der Wintervögel,recurring event,Q39,Switzerland,,,2005-01-01T00:00:00Z
Q3070536,Montreux Comedy Festival,festival,Q39,Switzerland,,,1989-01-01T00:00:00Z
Q15792711,Q15792711,festival,Q39,Switzerland,,,
Q136955548,Q136955548,recurring event,Q34,Sweden,,,2006-01-01T00:00:00Z
Q117378226,Q117378226,festival,Q34,Sweden,,,
Q130712826,NasaCon,recurring event,Q34,Sweden,,,1980-01-01T00:00:00Z
Q121900522,Q121900522,recurring event,Q34,Sweden,,,2021-01-01T00:00:00Z
Q55356410,Manifesta 11,festival,Q39,Switzerland,2016-06-11T00:00:00Z,2016-09-18T00:00:00Z,
Q122347172,Medieval Week on Gotland 2022,festival,Q34,Sweden,,,
Q125507374,Stockholms litteraturmässa,recurring event,Q34,Sweden,,,2016-01-01T00:00:00Z
Q388009,Afro-Pfingsten Festival,festival,Q39,Switzerland,,,1990-01-01T00:00:00Z
Q111983274,"BONE - Performance Festival 2019, Bern",festival,Q39,Switzerland,,,1998-01-01T00:00:00Z
Q127598423,Q127598423,recurring event,Q34,Sweden,,,2002-01-01T00:00:00Z
Q130712789,Luncon,recurring event,Q34,Sweden,,,1956-01-01T00:00:00Z
Q3092910,Geneva Festival,recurring event,Q39,Switzerland,,,
Q111191852,Q111191852,recurring event,Q34,Sweden,,,2012-01-01T00:00:00Z
Q24940293,PTL,recurring event,Q39,Switzerland,,,
Q140016687,Q140016687,recurring event,Q34,Sweden,,,2019-01-01T00:00:00Z
Q58931874,Q58931874,recurring event,Q39,Switzerland,,,2005-01-01T00:00:00Z
Q130712863,Okon,recurring event,Q34,Sweden,,,
Q118482734,Stenbergaspelen,recurring event,Q34,Sweden,,,2003-01-01T00:00:00Z
Q121338057,Medieval Week on Gotland 2023,festival,Q34,Sweden,,,
Q132132083,Grenna Bluegrass Festival,recurring event,Q34,Sweden,,,1778-01-01T00:00:00Z
Q117317035,Q117317035,festival,Q34,Sweden,,,
Q111983214,"ACT Performance Art Festival 2017, Zurich",festival,Q39,Switzerland,,,2003-01-01T00:00:00Z
Q115179724,Q115179724,recurring event,Q34,Sweden,,,2011-01-01T00:00:00Z
Q130712791,Malcon,recurring event,Q34,Sweden,,,
Q3070027,Geneva Lux,festival,Q39,Switzerland,,,
Q3235965,Q3235965,festival,Q39,Switzerland,,,1996-01-01T00:00:00Z
Q132173063,Syrian Revolution Victory Conference,ceremony,Q858,Syria,,,
Q112062291,International Performance Art Giswil,festival,Q39,Switzerland,,,1998-01-01T00:00:00Z
Q112185890,Q112185890,festival,Q39,Switzerland,,,
Q112175468,Les Urbaines Performance Festival 2016,festival,Q39,Switzerland,,,
Q112174574,Legs Performance Festival 2017,festival,Q39,Switzerland,,,
Q139801545,Q139801545,festival occurrence,Q39,Switzerland,2026-05-13T00:00:00Z,2026-05-17T00:00:00Z,
Q112175528,migma Performancetage,festival,Q39,Switzerland,,,2001-10-19T00:00:00Z
Q11174917,Yanshui Beehive Fireworks,festival,Q865,Taiwan,,,1885-01-01T00:00:00Z
Q136715993,Q136715993,festival,Q39,Switzerland,,,1990-01-01T00:00:00Z
Q136767760,Q136767760,festival,Q39,Switzerland,,,1986-01-01T00:00:00Z
Q112208556,perFORM¡ Das kleine Performance Festival,festival,Q39,Switzerland,,,
Q10936918,Dajia Matsu Pilgrimage Procession,recurring event,Q865,Taiwan,,,
Q112184392,The Gathering Performance Festival 2013,festival,Q39,Switzerland,,,
Q22098766,Golden Horse Awards Ceremony,recurring event,Q865,Taiwan,,,
Q133815592,Q133815592,festival,Q39,Switzerland,,,2024-01-01T00:00:00Z
Q19852821,Q19852821,festival,Q865,Taiwan,2001-01-01T00:00:00Z,,
Q112265348,Neoscope 19,festival,Q39,Switzerland,,,
Q112175328,Les Urbaines Performance Festival 2019,festival,Q39,Switzerland,,,
Q112183945,The Gathering Performance Festival 2020,festival,Q39,Switzerland,,,
Q112185954,PPP ProgrPerformancePlattform 2017,festival,Q39,Switzerland,,,
Q112062534,International Performance Art Giswil 2018,festival,Q39,Switzerland,,,
Q112190925,Performance Open Air 2018,festival,Q39,Switzerland,,,
Q112174884,Legs Performance Festival 2016,festival,Q39,Switzerland,,,
Q112266029,PerFORM¡ Das kleine Performance Festival 2020,festival,Q39,Switzerland,,,
Q112062102,"happen 2 2019, Stans",festival,Q39,Switzerland,,,
Q130210785,Martigny-Combe-Chamonix,recurring event,Q39,Switzerland,,,
Q21041633,Ami’s Harvest Festival,festival,Q865,Taiwan,,,
Q112186081,Swiss Performance Art Award,festival,Q39,Switzerland,,,2011-01-01T00:00:00Z
Q132177441,Q132177441,recurring event,Q39,Switzerland,,,2018-01-01T00:00:00Z
Q112184223,migma Performancetage 2003,festival,Q39,Switzerland,,,
Q137909262,Q137909262,festival,Q39,Switzerland,,,2012-01-01T00:00:00Z
Q18658350,Q18658350,festival,Q865,Taiwan,2011-01-01T00:00:00Z,,
Q112062541,International Performance Art Giswil 1992,festival,Q39,Switzerland,,,
Q112184374,migma Performancetage 2006,festival,Q39,Switzerland,,,
Q112054651,FWD>> No.14,festival,Q39,Switzerland,,,2011-11-01T00:00:00Z
Q11061149,Pingxi Sky Lantern Festival,festival,Q865,Taiwan,,,
Q112053263,"BONE - Performance Festival 2008, Bern",festival,Q39,Switzerland,,,1998-01-01T00:00:00Z
Q136595650,Q136595650,festival,Q39,Switzerland,,,
Q4071451,Kha b'Nissan,party,Q858,Syria,,,
Q112052913,"BONE - Performance Festival 2006/2010/2011/2014/2019, Bern",festival,Q39,Switzerland,,,1998-01-01T00:00:00Z
Q112184981,migma Performancetage 2010,festival,Q39,Switzerland,,,
Q112054205,"BONE - Performance Festival 2017, Bern",festival,Q39,Switzerland,,,1998-01-01T00:00:00Z
Q112186000,Performance Reihe Neu-Oerlikon  2019,festival,Q39,Switzerland,,,
Q112062560,International Performance Art Giswil Jubel & Girlanden 2019,festival,Q39,Switzerland,,,
Q112184428,The Gathering Performance Festival 2019,festival,Q39,Switzerland,,,
Q112191041,Swiss Performance Art Award 2009,festival,Q39,Switzerland,,,
Q11042716,Pingtung County magistrate election,recurring event,Q865,Taiwan,,,1951-01-01T00:00:00Z
Q112062564,International Performance Art Giswil 2012,festival,Q39,Switzerland,,,
Q112184435,The Gathering Performance Festival 2020,festival,Q39,Switzerland,,,
Q136702434,Q136702434,festival,Q39,Switzerland,,,1979-01-01T00:00:00Z
Q112186093,Swiss Performance Art Award 2015,festival,Q39,Switzerland,,,
Q112947930,The Millennium Festival of Abu Alaa Al-Maari,festival,Q858,Syria,1944-09-25T00:00:00Z,1944-10-01T00:00:00Z,
Q112175370,Les Urbaines Performance Festival 2009,festival,Q39,Switzerland,,,
Q112190960,Performance Open Air 2019,festival,Q39,Switzerland,,,
Q39049249,Damascus International Fair,recurring event,Q858,Syria,1954-01-01T00:00:00Z,,
Q112175068,Les Urbaines Performance Festival 2015,festival,Q39,Switzerland,,,
Q112174920,Legs Performance Festival 2017,festival,Q39,Switzerland,,,
Q112053441,"BONE - Performance Festival 2016, Bern",festival,Q39,Switzerland,,,1998-01-01T00:00:00Z
Q112186103,Swiss Performance Art Award 2007,festival,Q39,Switzerland,,,
Q15927336,maleveq,festival,Q865,Taiwan,,,
Q15902172,Taipei New Year's Eve Party,festival,Q865,Taiwan,,,2003-01-01T00:00:00Z
Q112053296,"BONE - Performance Festival 2009, Bern",festival,Q39,Switzerland,,,1998-01-01T00:00:00Z
Q112185007,migma Performancetage 2017,festival,Q39,Switzerland,,,
Q112062579,International Performance Art Giswil Full Moon Edition 2021,festival,Q39,Switzerland,,,
Q112186022,Performance Reihe Neu-Oerlikon 2011,festival,Q39,Switzerland,,,
Q112061902,"Handlung und Spur 2010, Winterthur: performance program",festival,Q39,Switzerland,2010-08-27T00:00:00Z,2010-10-10T00:00:00Z,
Q112184145,The Gathering Performance Festival 2017,festival,Q39,Switzerland,,,
Q112175383,Les Urbaines Performance Festival 2014,festival,Q39,Switzerland,,,
Q136702217,Q136702217,festival,Q39,Switzerland,,,1994-01-01T00:00:00Z
Q112190973,Performance Open Air 2017,festival,Q39,Switzerland,,,
Q112186108,Swiss Performance Art Award 2005,festival,Q39,Switzerland,,,
Q15898861,Han Kuang Exercise,recurring event,Q865,Taiwan,,,1984-01-01T00:00:00Z
Q112184151,The Gathering Performance Festival 2019,festival,Q39,Switzerland,,,
Q123190820,Digitalizza la cultura,recurring event,Q39,Switzerland,2016-01-01T00:00:00Z,,
Q7676551,Taiwan Lantern Festival,recurring event,Q865,Taiwan,,,1990-01-01T00:00:00Z
Q112185977,Performance Reihe Neu-Oerlikon,festival,Q39,Switzerland,,,2010-01-01T00:00:00Z
Q112186025,Performance Reihe Neu-Oerlikon 2021,festival,Q39,Switzerland,,,
Q112184454,The Gathering Performance Festival 2019,festival,Q39,Switzerland,,,
Q139713051,Q139713051,festival,Q39,Switzerland,,,1992-01-01T00:00:00Z
Q112186113,Swiss Performance Art Award 2010,festival,Q39,Switzerland,,,
Q112054245,"BONE - Performance Festival 2001, Bern",festival,Q39,Switzerland,,,1998-01-01T00:00:00Z
Q112174343,Legs Performance Festival,festival,Q39,Switzerland,,,
Q112062588,International Performance Art Giswil 2020,festival,Q39,Switzerland,,,
Q112054938,FWD>> No.5 - 1.International Performance Festival,festival occurrence,Q39,Switzerland,,,
Q112184572,migma Performancetage 2014,festival,Q39,Switzerland,,,
Q112054903,FWD>> No.11 - 2. International Performance Festival,festival occurrence,Q39,Switzerland,,,2011-11-01T00:00:00Z
Q112062163,"happen 3 2020, Stans",festival,Q39,Switzerland,,,
Q112186036,Performance Reihe Neu-Oerlikon 2020,festival,Q39,Switzerland,,,
Q112190997,Performance Index,festival,Q39,Switzerland,,,1995-01-01T00:00:00Z
Q112175096,Les Urbaines Performance Festival 2001-2003,festival,Q39,Switzerland,,,
Q112174948,Legs Performance Festival 2016/2017/2019,festival,Q39,Switzerland,,,
Q116694667,Festival Antigel,festival,Q39,Switzerland,,,2011-01-01T00:00:00Z
Q10921475,Peace Memorial Day,festival,Q865,Taiwan,,,1995-01-01T00:00:00Z
Q112054436,FWD>>,festival,Q39,Switzerland,,,2011-11-01T00:00:00Z
Q10846717,COSCUP,recurring event,Q865,Taiwan,,,2006-01-01T00:00:00Z
Q112483887,"HBB Haut, Brot, Blut - Installationsansicht",festival,Q39,Switzerland,,,
Q112062600,International Performance Art Giswil Zämä Together 2005,festival,Q39,Switzerland,,,
Q112185875,PPP ProgrPerformancePlattform 2016,festival,Q39,Switzerland,,,
Q15898326,Kaohsiung Lantern Festival,festival,Q865,Taiwan,,,
Q112053330,"BONE - Performance Festival 2012, Bern",festival,Q39,Switzerland,,,1998-01-01T00:00:00Z
Q112184442,migma Performancetage 2007,festival,Q39,Switzerland,,,
Q112174366,Legs Performance Festival 2017,festival,Q39,Switzerland,,,
Q21652190,Christmasland in New Taipei City,festival,Q865,Taiwan,,,2011-01-01T00:00:00Z
Q112183882,The Gathering Performance Festival 2018,festival,Q39,Switzerland,,,
Q112191005,Performance Index 1995,festival,Q39,Switzerland,,,
Q112265360,PerFORM¡ Das kleine Performance Festival 2021,festival,Q39,Switzerland,,,
Q112191014,Performance Index 1996,festival,Q39,Switzerland,,,
Q136767420,Q136767420,festival,Q39,Switzerland,,,1972-01-01T00:00:00Z
Q10927445,International Conference on Open Source,recurring event,Q865,Taiwan,,,1999-01-01T00:00:00Z
Q112061884,"happen 1 2017, Stans",festival,Q39,Switzerland,,,
Q10912656,Taiwan Day Against Invasion,festival,Q865,Taiwan,,,2006-01-01T00:00:00Z
Q4842341,Bahamas International Film Festival,festival,Q778,The Bahamas,,,
Q1194539,National Day,festival,Q865,Taiwan,,,1912-01-01T00:00:00Z
Q112265299,Neoscope 17,festival,Q39,Switzerland,,,
Q112265297,Neoscope,festival,Q39,Switzerland,,,
Q112184199,The Gathering Performance Festival 2020-2022,festival,Q39,Switzerland,,,
Q112183832,The Gathering Performance Festival,festival,Q39,Switzerland,,,2013-01-01T00:00:00Z
Q136702102,Q136702102,festival,Q39,Switzerland,,,1988-01-01T00:00:00Z
Q112184165,migma Performancetage 2001,festival,Q39,Switzerland,,,
Q112174392,Legs Performance Festival 2016,festival,Q39,Switzerland,,,
Q15902598,Black Panther High School Baseball Championship,recurring event,Q865,Taiwan,2013-01-01T00:00:00Z,,2013-01-01T00:00:00Z
Q15897231,Freedom of Speech Day,recurring event,Q865,Taiwan,,,2016-12-22T00:00:00Z
Q112175447,Les Urbaines Performance Festival 2018,festival,Q39,Switzerland,,,
Q112175299,Les Urbaines Performance Festival 2021,festival,Q39,Switzerland,,,
Q17060693,Q17060693,festival,Q865,Taiwan,,,
Q112184631,migma Performancetage 2009,festival,Q39,Switzerland,,,
Q136222497,Q136222497,festival,Q39,Switzerland,,,1977-01-01T00:00:00Z
Q112185038,Partout – Platform for international Performance Art,festival,Q39,Switzerland,2020-10-02T00:00:00Z,2020-10-11T00:00:00Z,
Q112184368,The Gathering Performance Festival 2017,festival,Q39,Switzerland,,,
Q112054321,Eile mit Weile - Time for Performance 2019,festival,Q39,Switzerland,,,2019-01-01T00:00:00Z
Q10914407,Taipei Biennial,recurring event,Q865,Taiwan,,,1998-01-01T00:00:00Z
Q112184486,migma Performancetage 2013,festival,Q39,Switzerland,,,
Q112062504,International Performance Art Giswil 2010,festival,Q39,Switzerland,,,
Q7676544,Taiwan International Fastener Show,recurring event,Q865,Taiwan,,,2010-01-01T00:00:00Z
Q112053405,"BONE - Performance Festival 2018, Bern",festival,Q39,Switzerland,,,1998-01-01T00:00:00Z
Q112184527,The Gathering Performance Festival 2018,festival,Q39,Switzerland,,,
Q112186030,Q112186030,festival,Q39,Switzerland,,,
Q136702157,Q136702157,festival,Q39,Switzerland,,,1983-01-01T00:00:00Z
Q11068613,Q11068613,recurring event,Q865,Taiwan,,,2008-01-01T00:00:00Z
Q1254268,Duanwu Festival,festival,Q865,Taiwan,,,
Q112265329,Neoscope 18,festival,Q39,Switzerland,,,
Q13636373,Hohaiyan Rock Festival,recurring event,Q865,Taiwan,,,2000-01-01T00:00:00Z
Q10927711,Q10927711,festival,Q865,Taiwan,,,
Q112175014,Les Urbaines Performance Festival,festival,Q39,Switzerland,,,
Q139749312,Q139749312,festival occurrence,Q39,Switzerland,,,
Q112184603,PPP ProgrPerformancePlattform,festival,Q39,Switzerland,,,2007-01-01T00:00:00Z
Q3353195,Open Source Developers' Conference,recurring event,Q865,Taiwan,2004-01-01T00:00:00Z,2015-01-01T00:00:00Z,2004-01-01T00:00:00Z
Q112190911,Performance Open Air,festival,Q39,Switzerland,,,
Q131419653,Celebrations on the Occasion of Queen Sirikit's 5th Cycle Birthday Anniversary,ceremony,Q869,Thailand,,,
Q39087739,coronation of the Thai monarch,ceremony,Q869,Thailand,,,1300-01-01T00:00:00Z
Q13016696,Festival of Floral Offerings,festival,Q869,Thailand,,,
Q56271761,Yuejin Lantern Festival,festival,Q865,Taiwan,,,2012-01-01T00:00:00Z
Q4922745,Phi Ta Khon,festival,Q869,Thailand,,,
Q136445091,Haotiengong Beigang Pilgrimage,recurring event,Q865,Taiwan,,,
Q65049265,2020 Taiwan Lantern Festival,festival occurrence,Q865,Taiwan,2020-02-08T00:00:00Z,2020-02-23T00:00:00Z,
Q135422460,Gongsheng Music Commemoration,recurring event,Q865,Taiwan,,,2013-01-01T00:00:00Z
Q55696349,Homeyaya,festival,Q865,Taiwan,,,
Q56271943,2019 Taiwan Lantern Festival,festival occurrence,Q865,Taiwan,2019-01-25T00:00:00Z,2019-03-03T00:00:00Z,
Q126010560,Republic of China (Taiwan) presidential inauguration,recurring event,Q865,Taiwan,,,
Q7684126,Tanzania Music Awards,recurring event,Q924,Tanzania,,,1999-01-01T00:00:00Z
Q67935296,National Disaster Prevention Day,festival,Q865,Taiwan,,,2000-01-01T00:00:00Z
Q131419834,Celebrations on the Occasion of Crown Prince Maha Vajiralongkorn's 5th Cycle Birthday Anniversary,ceremony,Q869,Thailand,,,
Q130329232,Chiang Mai Design Week,recurring event,Q869,Thailand,,,
Q138297239,Q138297239,festival,Q865,Taiwan,,,
Q131419536,Celebrations on the Occasion of Queen Sirikit's 50th Birthday Anniversary,ceremony,Q869,Thailand,,,
Q131419989,Celebrations on the Occasion of Queen Sirikit's 90th Birthday Anniversary,ceremony,Q869,Thailand,,,
Q6583105,Thai Royal Guards parade,ceremony,Q869,Thailand,,,1957-12-05T00:00:00Z
Q118218309,Masters Play-Beyond the Music Boundary @WEIWUYING,recurring event,Q865,Taiwan,,,2022-01-01T00:00:00Z
Q105881930,Palamal,festival,Q865,Taiwan,,,
Q135453640,Nanyao Temple Pilgrimage,recurring event,Q865,Taiwan,,,
Q116730325,2023 Taiwan Lantern Festival,festival occurrence,Q865,Taiwan,2023-02-05T00:00:00Z,2023-02-19T00:00:00Z,
Q137532364,Education Innovation Taiwan,recurring event,Q865,Taiwan,,,2025-01-01T00:00:00Z
Q85987157,Golden Jubilee of King Bhumibol Adulyadej,ceremony,Q869,Thailand,1996-06-08T00:00:00Z,1996-06-12T00:00:00Z,
Q131419559,Celebrations on the Occasion of Princess Srinagarindra's 7th Cycle Birthday Anniversary,ceremony,Q869,Thailand,,,
Q58837334,Marlin Rock Pub,discothèque,Q869,Thailand,,,
Q5095195,Chiang Mai Flower Festival,festival,Q869,Thailand,,,
Q48927632,Lanyang Picture Book Creation Camp,recurring event,Q865,Taiwan,,,2013-01-01T00:00:00Z
Q135423022,Asia-Pacific Forum on Sustainable Development,recurring event,Q869,Thailand,2024-02-20T00:00:00Z,2024-02-23T00:00:00Z,
Q1723756,Q1723756,festival,Q1005,The Gambia,,,
Q20624760,Mwaka Kogwa,festival,Q924,Tanzania,,,
Q13017671,Rajamangala Celebrations of Bhumibol Adulyadej,ceremony,Q869,Thailand,1988-07-02T00:00:00Z,1988-07-05T00:00:00Z,
Q97223881,State Opening of Parliament,recurring event,Q869,Thailand,,,1933-12-10T00:00:00Z
Q19839999,Chu Hua Yuan,ceremony,Q869,Thailand,,,
Q131419721,Celebrations on the Occasion of Queen Sirikit's 6th Cycle Birthday Anniversary,ceremony,Q869,Thailand,,,
Q139069265,E-ka-tiann Kim-luan Temple Ong-tsio Ceremony,festival,Q865,Taiwan,,,
Q131419879,Celebrations on the Occasion of Princess Maha Chakri Sirindhorn's 5th Cycle Birthday Anniversary,ceremony,Q869,Thailand,,,
Q122748347,Toucheng Ghost Grappling Festival,festival,Q865,Taiwan,,,
Q132774085,2025 Taiwan Lantern Festival,festival occurrence,Q865,Taiwan,,,
Q139069028,Mi-nung Yun-on-chong Pak-kung Fuk-chhong Ngip-ngien-ka Festival,festival,Q865,Taiwan,,,
Q138637094,2026 Taiwan Lantern Festival,festival occurrence,Q865,Taiwan,,,
Q130478523,Bangkok Pride,recurring event,Q869,Thailand,,,1999-10-31T00:00:00Z
Q126164299,Maho Rasop Festival,recurring event,Q869,Thailand,,,2018-01-01T00:00:00Z
Q81610,Mr Gay World,recurring event,Q869,Thailand,,,2009-01-01T00:00:00Z
Q130329213,Bangkok Design Week,recurring event,Q869,Thailand,,,
Q13017652,Merit-making Ceremony in dedication to the past monarchs,ceremony,Q869,Thailand,,,
Q124659362,Taipei Innovative Textile Application Show,recurring event,Q865,Taiwan,1997-01-01T00:00:00Z,,1997-01-01T00:00:00Z
Q13018159,Sunset ceremony,ceremony,Q869,Thailand,,,
Q55708763,Q55708763,festival,Q865,Taiwan,,,
Q16138610,Proclaimation of the Crown Prince of Thailand,ceremony,Q869,Thailand,,,1886-01-14T00:00:00Z
Q131419282,Elevation of Princess Maha Chakri Sirindhorn,ceremony,Q869,Thailand,,,
Q6402203,Khon Kaen Silk Festival,festival,Q869,Thailand,,,1980-01-01T00:00:00Z
Q48911080,mayasvi,festival,Q865,Taiwan,,,
Q131583824,Cycle Commuting Day,recurring event,Q865,Taiwan,2016-01-01T00:00:00Z,,2016-01-01T00:00:00Z
Q131419912,Celebrations on the Occasion of Queen Sirikit's 7th Cycle Birthday Anniversary,ceremony,Q869,Thailand,,,
Q13017658,Celebration for King Bhumibol Adulyadej's 3rd Cycle Birthday Anniversary,ceremony,Q869,Thailand,,,
Q117338081,Taiwan International Festival of Arts,recurring event,Q865,Taiwan,,,2009-01-01T00:00:00Z
Q1425496,Loi Krathong,festival,Q869,Thailand,,,
Q119401434,Weiwuying Children’s Festival,recurring event,Q865,Taiwan,,,2012-01-01T00:00:00Z
Q2964638,Royal Ploughing Ceremony,ceremony,Q869,Thailand,,,
Q13017666,Celebration for King Bhumibol Adulyadej's 5th Cycle Birthday Anniversary,ceremony,Q869,Thailand,,,
Q13017665,Celebration for King Bhumibol Adulyadej's 4th Cycle Birthday Anniversary,ceremony,Q869,Thailand,,,
Q13017670,Celebrations for King Bhumibol Adulyadej's 80th Birthday,ceremony,Q869,Thailand,,,
Q119441518,Weiwuying International Music Festival,recurring event,Q865,Taiwan,,,2022-04-01T00:00:00Z
Q13017668,Celebration for King Bhumibol Adulyadej's 7th Cycle Birthday Anniversary,ceremony,Q869,Thailand,,,
Q13017669,Celebration for King Bhumibol Adulyadej's 6th Cycle Birthday Anniversary,ceremony,Q869,Thailand,,,
Q138464672,Lohas Cherry Blossom Festival,festival,Q865,Taiwan,,,2018-02-03T00:00:00Z
Q64005451,Founding of the Republic of China Day,festival,Q865,Taiwan,,,
Q124799318,"Celebration on the Auspicious Occasion of His Majesty the King's 6th Cycle Birthday Anniversary, July 28th, 2024",ceremony,Q869,Thailand,,,
Q110967783,2022 Taiwan Lantern Festival,festival occurrence,Q865,Taiwan,2022-02-01T00:00:00Z,2022-02-28T00:00:00Z,
Q117851818,Taiwan Week,recurring event,Q865,Taiwan,,,2021-01-01T00:00:00Z
Q13017680,Celebration for King Bhumibol Adulyadej's 50th Birthday,ceremony,Q869,Thailand,,,
Q119441567,Weiwuying Organ Festival,recurring event,Q865,Taiwan,,,2022-04-01T00:00:00Z
Q3070641,Saharan Ksour Festival,festival,Q948,Tunisia,,,1979-01-01T00:00:00Z
Q261985,Evala,ceremony,Q945,Togo,,,
Q97244420,Q97244420,festival occurrence,Q19689,Tirana,,,
Q97244426,Q97244426,festival occurrence,Q19689,Tirana,,,
Q139764089,Akpéma,ceremony,Q945,Togo,,,
Q3478834,Q3478834,party,Q948,Tunisia,,,
Q136221507,Traverse Vidéo,festival,Q7880,Toulouse,,,1997-01-01T00:00:00Z
Q3070655,International Festival of the Sahara,festival,Q948,Tunisia,,,1910-01-01T00:00:00Z
Q97244431,Q97244431,festival occurrence,Q19689,Tirana,,,
Q7670141,TFcon,recurring event,Q172,Toronto,,,2002-01-01T00:00:00Z
Q3070628,Q3070628,festival,Q948,Tunisia,,,1988-05-18T00:00:00Z
Q97244429,Q97244429,festival occurrence,Q19689,Tirana,,,
Q3028738,Libre Graphics Meeting,recurring event,Q172,Toronto,,,2006-01-01T00:00:00Z
Q97244433,Q97244433,festival occurrence,Q19689,Tirana,,,
Q3587147,Tunisian parliamentary election,recurring event,Q948,Tunisia,,,1956-01-01T00:00:00Z
Q97244438,Q97244438,festival occurrence,Q19689,Tirana,,,
Q97244436,Q97244436,festival occurrence,Q19689,Tirana,,,
Q83258064,George Washington's reception at Trenton,party,Q25330,Trenton,,,
Q54859994,Q54859994,festival,Q36600,The Hague,,,
Q26884519,Tråante 2017,festival,Q25804,Trondheim,2017-02-04T00:00:00Z,2017-02-12T00:00:00Z,
Q123310678,Émergence Films Festival,festival,Q945,Togo,,,2013-01-01T00:00:00Z
Q97244441,Q97244441,festival occurrence,Q19689,Tirana,,,
Q97244447,Q97244447,festival occurrence,Q19689,Tirana,,,
Q97244445,Q97244445,festival occurrence,Q19689,Tirana,,,
Q138701427,Q138701427,party,Q945,Togo,,,
Q97244451,Q97244451,festival occurrence,Q19689,Tirana,,,
Q135413126,Q135413126,party,Q945,Togo,,,
Q123862814,FIMO 228,festival,Q945,Togo,,,
Q97244454,Q97244454,festival occurrence,Q19689,Tirana,,,
Q10244,Diwali,festival,Q754,Trinidad and Tobago,,,
Q115236301,Trondheim Barneteaterfestival,festival,Q25804,Trondheim,,,
Q110513294,katoaga,ceremony,Q678,Tonga,,,
Q7743963,The Kanon Award,recurring event,Q25804,Trondheim,,,2004-01-01T00:00:00Z
Q122364581,Q122364581,festival,Q948,Tunisia,,,1981-01-01T00:00:00Z
Q26269421,Q26269421,ceremony,Q574,Timor-Leste,,,
Q97244459,Q97244459,festival occurrence,Q19689,Tirana,,,
Q97244456,Q97244456,festival occurrence,Q19689,Tirana,,,
Q117087556,Feminalen,festival,Q25804,Trondheim,,,2014-01-01T00:00:00Z
Q12228866,Evacuation Day,party,Q948,Tunisia,,,
Q97244462,Q97244462,festival occurrence,Q19689,Tirana,,,
Q16535936,Capitole du libre,recurring event,Q7880,Toulouse,2009-10-01T00:00:00Z,,
Q120052439,Old Town Festival Trier,festival,Q3138,Trier,,,
Q138577582,Festival of Black Deities,festival,Q945,Togo,,,
Q97244465,Q97244465,festival occurrence,Q19689,Tirana,,,
Q139324332,Albanian Diaspora Summit,recurring event,Q19689,Tirana,,,2016-11-18T00:00:00Z
Q96622031,Wiki Loves Folklore,recurring event,Q945,Togo,,,
Q123864290,Danm Woncil Festival,festival,Q945,Togo,,,2000-01-01T00:00:00Z
Q117087552,Småkunstfestivalen,festival,Q25804,Trondheim,,,
Q12007807,Q12007807,recurring event,Q25804,Trondheim,1977-01-01T00:00:00Z,,
Q97244468,Q97244468,festival occurrence,Q19689,Tirana,,,
Q110113406,Q110113406,festival occurrence,Q19689,Tirana,,,
Q110113407,Q110113407,festival occurrence,Q19689,Tirana,,,
Q97244472,Q97244472,festival occurrence,Q19689,Tirana,,,
Q134436990,Q134436990,recurring event,Q7880,Toulouse,,,2017-01-01T00:00:00Z
Q106242538,Street Health Annual General Meeting,recurring event,Q172,Toronto,,,
Q95952084,Q95952084,festival,Q17151,Thessaloniki,,,
Q5433535,Fan Expo Canada,recurring event,Q172,Toronto,,,1995-01-01T00:00:00Z
Q3077681,Forom des langues du monde,festival,Q7880,Toulouse,,,1993-01-01T00:00:00Z
Q12624253,Q12624253,festival,Q1490,Tokyo,,,
Q115236272,Multiplie dansefestival,festival,Q25804,Trondheim,,,
Q136212362,Traverse Vidéo 2013: Histoires,recurring event,Q7880,Toulouse,,,
Q109038310,Q109038310,party,Q7880,Toulouse,,,
Q1738508,2007 Toronto International Film Festival,festival,Q172,Toronto,,,
Q117087532,Japan 2002,festival,Q25804,Trondheim,,,
Q120567278,Q120567278,party,Q945,Togo,,,
Q137375159,Q137375159,party,Q945,Togo,,,
Q6953944,NGC Bocas Lit Fest,festival,Q754,Trinidad and Tobago,,,2011-01-01T00:00:00Z
Q133875500,Annie M.G. Schmidtlezing,recurring event,Q36600,The Hague,,,2000-01-01T00:00:00Z
Q135973082,Q135973082,festival,Q945,Togo,,,2004-01-01T00:00:00Z
Q17099563,ISFiT 2013,festival occurrence,Q25804,Trondheim,2013-02-07T00:00:00Z,2013-02-17T00:00:00Z,
Q125257122,Serious Play Conference,recurring event,Q172,Toronto,,,
Q11327037,Havriin Bayar,festival,Q1490,Tokyo,,,1998-01-01T00:00:00Z
Q120536125,Hakuhō Cup,recurring event,Q1490,Tokyo,2010-01-01T00:00:00Z,,
Q7429541,Sbeitla's Spring Festival,festival,Q948,Tunisia,,,2000-01-01T00:00:00Z
Q18353529,Toronto Jewish Film Festival,festival,Q172,Toronto,,,1993-01-01T00:00:00Z
Q25450533,International Festival of Dougga,festival,Q948,Tunisia,,,
Q3069874,Caribana,festival,Q172,Toronto,,,1968-01-01T00:00:00Z
Q50992665,Q50992665,festival,Q948,Tunisia,,,2018-03-22T00:00:00Z
Q134505629,One Conference,recurring event,Q36600,The Hague,,,2023-01-01T00:00:00Z
Q138677111,Festival of the Medina of Tunis,festival,Q948,Tunisia,,,1983-01-01T00:00:00Z
Q117087528,Meta.Morf,festival,Q25804,Trondheim,,,
Q76179596,Fall for Dance North,festival,Q172,Toronto,,,
Q117087554,FUSK,festival,Q25804,Trondheim,,,
Q136868774,Q136868774,festival,Q945,Togo,,,2017-06-01T00:00:00Z
Q117087510,Den Unge Garde,festival,Q25804,Trondheim,,,2004-01-01T00:00:00Z
Q7389947,SFContario,recurring event,Q172,Toronto,,,2010-01-01T00:00:00Z
Q105319797,Q105319797,party,Q948,Tunisia,,,
Q109518238,dance: made in canada,festival,Q172,Toronto,,,2001-01-01T00:00:00Z
Q136653561,Sensualonica Dance Festival,festival,Q17151,Thessaloniki,,,2017-01-01T00:00:00Z
Q2526253,Neerlands Hoop,recurring event,Q36600,The Hague,2003-01-01T00:00:00Z,,2003-01-01T00:00:00Z
Q22905775,2016 Toronto International Film Festival,festival,Q172,Toronto,2016-09-08T00:00:00Z,2016-09-18T00:00:00Z,
Q117087498,Trondheim internasjonale teaterfestival,festival,Q25804,Trondheim,,,1997-01-01T00:00:00Z
Q64549207,Q64549207,festival,Q25804,Trondheim,,,
Q112605826,Saint Anthony festival in Manatuto,party,Q574,Timor-Leste,,,
Q119519016,Q119519016,recurring event,Q945,Togo,,,2020-01-01T00:00:00Z
Q133530550,Medina of Tozeur Festival,festival,Q948,Tunisia,,,
Q135831137,International Festival of Letters and Arts (FESTILARTS),festival,Q945,Togo,,,2016-01-01T00:00:00Z
Q1795594,Kënga Magjike,recurring event,Q19689,Tirana,,,1999-01-01T00:00:00Z
Q115236241,Bastard - Trondheim internasjonale scenekunstfestival,festival,Q25804,Trondheim,,,
Q3586559,presidential election in Tunisia,recurring event,Q948,Tunisia,,,1959-01-01T00:00:00Z
Q79048068,Tirana Book Fair,recurring event,Q19689,Tirana,,,1998-01-01T00:00:00Z
Q7209118,Polaris,recurring event,Q172,Toronto,,,1986-01-01T00:00:00Z
Q115236286,Propellen Dramatikkfestival,festival,Q25804,Trondheim,,,2004-01-01T00:00:00Z
Q109381890,Wiki Loves Monuments in Tunisia,recurring event,Q948,Tunisia,,,
Q611195,Ad Astra,recurring event,Q172,Toronto,,,1980-01-01T00:00:00Z
Q97244423,Q97244423,festival occurrence,Q19689,Tirana,,,
Q9371087,Q9371087,festival,Q270,Warsaw,,,2005-01-01T00:00:00Z
Q16556551,Dancing Devils of Tinaquillo,party,Q717,Venezuela,,,
Q107366632,National Television Festival,recurring event,Q881,Vietnam,,,1981-01-01T00:00:00Z
Q114775713,Feel Good Festival,festival,Q1741,Vienna,2017-01-01T00:00:00Z,,2017-01-01T00:00:00Z
Q82668,Feria del Sol,festival,Q717,Venezuela,,,
Q9259313,Q9259313,festival,Q270,Warsaw,,,2007-01-01T00:00:00Z
Q10788643,Bay Nui ox race festival,festival,Q881,Vietnam,,,
Q138732767,Q138732767,recurring event,Q270,Warsaw,,,1995-01-01T00:00:00Z
Q131429195,Bà Chúa Xứ Festival,festival,Q881,Vietnam,,,
Q1823978,OTI Festival 1979,festival occurrence,Q717,Venezuela,,,
Q12018081,Q12018081,recurring event,Q270,Warsaw,,,
Q5563375,Giong Festival,festival,Q881,Vietnam,,,
Q124102031,International University Choral Festival,festival,Q61,"Washington, D.C.",,,
Q139806760,2024 european lacrosse men's U20 championship,recurring event,Q1799,Wrocław,2024-07-19T00:00:00Z,2024-07-27T00:00:00Z,
Q5861684,Festive cycle around the devotion and worship towards Saint John the Baptist,party,Q717,Venezuela,,,
Q5295460,Donaukanaltreiben Festival,recurring event,Q1741,Vienna,,,1997-01-01T00:00:00Z
Q5602422,Green Collection,recurring event,Q61,"Washington, D.C.",,,2011-03-31T00:00:00Z
Q6049188,International Children's Festival,festival,Q61,"Washington, D.C.",,,
Q118744944,Yiddish Summer Weimar,festival,Q3955,Weimar,,,1999-01-01T00:00:00Z
Q118780229,Q118780229,recurring event,Q1799,Wrocław,,,
Q5464553,Folklorama,recurring event,Q2135,Winnipeg,,,1970-01-01T00:00:00Z
Q6672963,Nguyen Hue flower street,festival,Q881,Vietnam,,,
Q2259288,5th World Festival of Youth and Students,festival occurrence,Q270,Warsaw,1955-07-31T00:00:00Z,1955-08-14T00:00:00Z,
Q3392883,Feria de La Chinita,festival,Q717,Venezuela,,,
Q113990878,WikiSendero Andes,recurring event,Q717,Venezuela,,,2022-06-03T00:00:00Z
Q117260020,Q117260020,recurring event,Q270,Warsaw,2013-01-01T00:00:00Z,,
Q109116323,Viet Bac Folklore Festival (Eatam Commune),festival,Q881,Vietnam,,,
Q134639871,Venice Design Week,festival,Q641,Venice,,,
Q3028738,Libre Graphics Meeting,recurring event,Q1741,Vienna,,,2006-01-01T00:00:00Z
Q126424793,El Pozón del Saladillo,festival,Q717,Venezuela,,,
Q110113726,Winnipeg Crankie Festival,festival,Q2135,Winnipeg,,,
Q4053339,16th World Festival of Youth and Students,festival occurrence,Q717,Venezuela,,,
Q7456091,Sesqui 1990,festival occurrence,Q23661,Wellington,,,
Q24189367,New Zealand Fringe Festival,recurring event,Q23661,Wellington,,,1990-01-01T00:00:00Z
Q112625441,Capclave,recurring event,Q61,"Washington, D.C.",,,2001-01-01T00:00:00Z
Q137588961,Junior High School Student Excellence Competition,recurring event,Q881,Vietnam,,,
Q103967891,"Festival ""80 Tage Wien""",festival,Q1741,Vienna,1995-08-25T00:00:00Z,1995-11-12T00:00:00Z,
Q77931877,Golden Chickens Festival,festival,Q1799,Wrocław,,,2014-01-01T00:00:00Z
Q4812085,Asymmetry Festival,recurring event,Q1799,Wrocław,,,1999-01-01T00:00:00Z
Q1667801,Internationales Pfingstturnier Wiesbaden,recurring event,Q1721,Wiesbaden,,,
Q136192931,2025 European Lacrosse Championship,recurring event,Q1799,Wrocław,2025-07-09T00:00:00Z,2025-07-19T00:00:00Z,
Q57527473,Q57527473,festival,Q1741,Vienna,,,2013-01-01T00:00:00Z
Q137645303,High School Excellent Student Competition,recurring event,Q881,Vietnam,,,
Q81610,Mr Gay World,recurring event,Q717,Venezuela,,,2009-01-01T00:00:00Z
Q48753867,Genius Loci Weimar,festival,Q3955,Weimar,,,
Q1133236,FLISOL,recurring event,Q717,Venezuela,,,
Q16976122,Dalat Flower Festival,festival,Q881,Vietnam,,,
Q2585452,Wir sind Wien.Festival der Bezirke,festival,Q1741,Vienna,,,
Q3028738,Libre Graphics Meeting,recurring event,Q1799,Wrocław,,,2006-01-01T00:00:00Z
Q5861747,Q5861747,party,Q717,Venezuela,,,
Q24955623,WeChoice Awards,recurring event,Q881,Vietnam,,,
Q114382969,Q114382969,festival,Q1741,Vienna,,,
Q114832762,Vietnam Motor Show,recurring event,Q881,Vietnam,,,
Q618206,Dancing Devils of Yare,party,Q717,Venezuela,,,
Q10788596,Tich dien Doi Son festival,festival,Q881,Vietnam,,,1000-01-01T00:00:00Z
Q10786579,Liên hoan tiếng hát truyền hình toàn quốc,recurring event,Q881,Vietnam,,,
Q7099761,Orange Warsaw Festival,recurring event,Q270,Warsaw,,,2008-01-01T00:00:00Z
Q10783777,National High School Excellent Student Competition,recurring event,Q881,Vietnam,,,1962-01-01T00:00:00Z
Q16566903,Venezuela International Book Fair,recurring event,Q717,Venezuela,,,2005-01-01T00:00:00Z
Q259724,South American Footballer of the Year,recurring event,Q717,Venezuela,,,1971-01-01T00:00:00Z
Q109672560,Wiki Loves Monuments in Venezuela,recurring event,Q717,Venezuela,,,
Q9259286,Festiwal Otwarte Ogrody Sadyba,festival,Q270,Warsaw,,,
Q32249508,Anniversary of Duc Chi Ton,festival,Q881,Vietnam,,,
Q112184428,The Gathering Performance Festival 2019,festival,Q72,Zurich,,,
Q107031079,Q107031079,festival,Q72,Zurich,,,
Q20527082,Advent in Zagreb,festival,Q1435,Zagreb,,,
Q112186022,Performance Reihe Neu-Oerlikon 2011,festival,Q72,Zurich,,,
Q112184151,The Gathering Performance Festival 2019,festival,Q72,Zurich,,,
Q112186025,Performance Reihe Neu-Oerlikon 2021,festival,Q72,Zurich,,,
Q112174343,Legs Performance Festival,festival,Q72,Zurich,,,
Q31200259,Kliofest,festival,Q1435,Zagreb,,,2014-01-01T00:00:00Z
Q112186036,Performance Reihe Neu-Oerlikon 2020,festival,Q72,Zurich,,,
Q12354195,International Puppet Theatre Festival,festival,Q1435,Zagreb,,,
Q112174948,Legs Performance Festival 2016/2017/2019,festival,Q72,Zurich,,,
Q96622031,Wiki Loves Folklore,recurring event,Q953,Zambia,,,
Q11299314,Christmas on Ice,recurring event,Q38283,Yokohama,,,
Q28194643,Festival Mbog Liaa,festival,Q3808,Yaoundé,,,1995-01-01T00:00:00Z
Q85994420,Q85994420,festival,Q1435,Zagreb,,,2017-01-01T00:00:00Z
Q139822929,Q139822929,festival,Q3808,Yaoundé,,,1995-01-01T00:00:00Z
Q111983214,"ACT Performance Art Festival 2017, Zurich",festival,Q72,Zurich,,,2003-01-01T00:00:00Z
Q115740102,Subversive Festival,festival,Q1435,Zagreb,,,2008-01-01T00:00:00Z
Q12165659,Q12165659,festival,Q157835,Zaporizhzhia,,,2010-01-01T00:00:00Z
Q139824935,Q139824935,festival,Q3808,Yaoundé,,,
Q126923743,ABSA Cup final,recurring event,Q953,Zambia,,,
Q112174392,Legs Performance Festival 2016,festival,Q72,Zurich,,,
Q63979259,ACT Performance Art Festival,festival,Q72,Zurich,,,2003-01-01T00:00:00Z
Q64068351,Festival Tokna Massana,festival,Q3808,Yaoundé,,,
Q111966993,"ACT Performance Art Festival 2019, Zürich",festival,Q72,Zurich,,,2003-01-01T00:00:00Z
Q139825852,Q139825852,festival,Q3808,Yaoundé,,,
Q112184527,The Gathering Performance Festival 2018,festival,Q72,Zurich,,,
Q112186030,Q112186030,festival,Q72,Zurich,,,
Q111983191,"ACT Performance Art Festival 2018, Zurich",festival,Q72,Zurich,,,2003-01-01T00:00:00Z
Q12630976,New Circus Festival,festival,Q1435,Zagreb,,,2005-01-01T00:00:00Z
Q122150399,Faller's Enigmatic Memorial,recurring event,Q1435,Zagreb,,,1984-06-01T00:00:00Z
Q117662095,Environmental Film Festival,festival occurrence,Q1435,Zagreb,,,
Q51845040,m4music,festival,Q72,Zurich,1998-01-01T00:00:00Z,,
Q123104993,Nja'Nja M'ndzang,festival,Q3808,Yaoundé,,,2022-01-01T00:00:00Z
Q111495571,Wiki Loves Earth in Zambia,recurring event,Q953,Zambia,,,
Q139825591,Q139825591,festival,Q3808,Yaoundé,,,
Q104009207,Q104009207,festival,Q1435,Zagreb,,,2002-01-01T00:00:00Z
Q81610,Mr Gay World,recurring event,Q954,Zimbabwe,,,2009-01-01T00:00:00Z
Q65225643,Yerevan Wine Days,festival,Q1953,Yerevan,,,
Q112185977,Performance Reihe Neu-Oerlikon,festival,Q72,Zurich,,,2010-01-01T00:00:00Z
Q20203401,The World Festival of Clowns in Yekaterinburg,festival,Q887,Yekaterinburg,,,2008-01-01T00:00:00Z
Q112186000,Performance Reihe Neu-Oerlikon  2019,festival,Q72,Zurich,,,
Q7632447,Subversive Film Festival,festival,Q1435,Zagreb,,,2008-01-01T00:00:00Z
