wikidata_id,destination_name,eat_section_text,street_food_available
Q1017,Aachen,"==Eat==
thumb|Old post office in Aachen, now a food court and meeting place
Aachen offers many different cuisines, from traditional German food to exotic cuisines. The centre offers restaurants of all categories, prices being relatively cheap in comparison with other German cities. Students prefer the snack bars and light meals offered at Pontstraße.

* 
* 
* 
* 

* 
* 
* 

* 
* 
* 

* 
* 
* 
* 
* 
* 
* 
* 

* 

thumb|right|Rathaus by night",False
Q36405,Aberdeen,"== Eat==
* The Aberdeen buttery or rowie is a cross between a pancake and a croissant. They have a flaky yet heavy texture and are very salty. They're served plain or with butter or jam to make a tea-time or mid-afternoon snack. They're seldom found in cafes or restaurants, you buy them in bakeries or supermarkets to eat at home or on the go.

* Union Square upstairs has the usual chains including Ask, Yo! Sushi, Wagamama, Nando's and TGI Fridays.
* 
* 
* 
* 
* 

 
 thumb | 300px | Aberdeen butteries or rowies 
* 
* 
* 
* 
* Oki Doki is a Georgian restaurant at 27 Windmill Brae, off Crown St a block south of Music Hall. It's open Tu-Su 11AM-8PM. 
* 
* Mai's Vietnamese Kitchen is at 12B Back Wynd off Union St, open W-Su noon-10PM. 
* 
* 
* 
* 
* 
* 
* 
* 
*",False
Q3761,Accra,"==Eat==
Eat out at one of Osu's many trendy restaurants. Osu, a suburb of Accra, is known for its nightlife and a wide variety of eateries, hotels, and several options for entertainment.

Located in Labone near the Metro TV building, ""Maquis Tante Marie"" is a restaurant serving a variety of African cuisines in a pleasant garden setting.

Frankie's on Oxford Street in Osu is a popular oasis for tourists in Accra. Offering accommodation, a restaurant, salad bar, ice cream and a bakery/pastry shop.

Other popular restaurants in Osu include Papaye (Fast Food), Asanka Locals (Traditional Ghanaian Cuisine) and Noble House Restaurant (Indian and Chinese Cuisine).
* 
* 
* 
* 
*",False
Q38545,Adana,"== Eat ==
 thumb | 300px | Adana kebap 
* Adana Kebab the town specialty is a skewer of minced lamb.
* Old town places are round its rim rather than central. Try Kebapçı Şeyhmus, Eyvan Kebap, Erciyes Kebap, Abidin Usta, Sirdanci Bedo, Kazancılar (below) or Oz Asmaalti Kebap Salonu.
* 
* Station area has Eski Dostlar, Paşalimanı, Saki Meyhane, House of Kamer, Tokana, The Sopranos, Makarnos, Elem (below), Yüzevler and Zeynel Ocakbaşı. 
* 
* Lake shore has Dalyan Balik, Bigfish, Yeşilçam Meyhanesi and Sercan (below). 
* 
* Mado's is a dessert chain with outlets on Cemal Paşa, Kurttepe, Toros St, Carrefour Mall, and M1 Mall.",False
Q3624,Addis Ababa,"==Eat==
Food is generally cheap. Make sure you try the national dish injera at least once, since there is no other food like it. It is a yeast-risen flat bread with a unique, slightly spongy texture. It is traditionally made out of teff flour. In making injera, teff flour is mixed with water and allowed to ferment for several days, as with sourdough starter. As a result of this process, injera has a mildly sour taste. It's what the locals eat for breakfast, lunch and dinner. Most ordinary Ethiopian restaurants have it, and a serving for 2 people with free refills can be as cheap as 15&nbsp;birr.

Addis has hundreds of cake and coffee cafes. They sell various coffees, tea - black unless you ask for ""machiatto"" - and sometimes fruit juices. There are also juice beits. The cafes along Bole Road and around the Piassa area are of a high standard and relatively inexpensive. Most are very similar to each other.

Most cafes serve the common drink called 'sprice juice' (fruit pulp served in layers in a glass). There are usually three layers from a selection of avocado, mango, papaya, banana, guava etc. The juice is eaten with a spoon. It is colourful and tastes delicious. Single fruit juices are also great, such as orange, papaya, mango, and pineapple - beautifully fresh. 7&nbsp;birr up to 25&nbsp;birr in Hilton.

* 
* 
* 

* 
Restaurants that do not have an English menu are cheaper. Example: Connection between Bole Road and Tele-Bole, next to Bole roundabout, at NOC-Fuelstation, close to German Kantine. You can have lunch (local food, spaghetti) for less than 20&nbsp;birr. If you don't have a translator, ordering is a lot of fun.

thumb|Eating at an Ethiopian restaurant, Addis Ababa
* 
* 
* 
* 
* 
* 
* 
* 
* 
* 
* 
thumb|In Ethiopia, stews are often accompanied with injera bread
* 
* 
* 
* 
* 
* 

* 
* 
* 
* 
* 
* 
* 
* 
* 
*",False
Q889,Afghanistan,"==Eat==
thumb|Some of the popular Afghan dishes, from left to right: 1. Lamb grilled kebab (seekh kebob); 2. Afghan palao and salad; 3. Tandoori chicken; and 4. Mantu (dumplings). Afghan cuisine includes a blend of Central, Eastern, South Asian, and Middle Eastern cuisines. Nearly all the dishes are non-spicy.

There are three main types of Afghan bread:

* Naan — Literally ""bread"". Thin, long and oval shaped, its mainly a white/whole wheat blend. Topped with poppy seeds, sesame seeds, nigella seeds, or some combination of these. Upon request, customers may be able to get all white flour and a helping of oil, which makes it rich and delicious.
* Obi Non — Uzbek-style bread. Shaped like a disc and thicker than naan. Usually made with white flour.
* Lavash — Very thin bread. Similar to the lavash elsewhere. Usually used as plating for meats and stews.

Rice dishes are the ""king"" of all foods in Afghanistan. The Afghans have certainly taken much time and effort in creating their rice dishes, as they are considered the best part of any meal. Wealthier families will eat one rice dish per day. The Afghan royalty spent much time on rice preparation and invention as evidenced in the sheer number of rice dishes in their cookbooks. Weddings and family gatherings must feature several rice dishes and certainly reputations can be made in the realm of rice preparation.

* Kabuli Pulao (or Kabuli Palaw, Qabili Palaw, Qabili Palau or simply Palau) — An Afghan rice dish consisting of steamed rice mixed with lentils, raisins, carrots, and lamb. It is baked in the oven and topped with fried sliced carrots and raisins. Chopped nuts like pistachios or almonds may be added as well. The meat is covered by the rice or buried in the middle of the dish. It is the most popular dish in Afghanistan, and is considered the national dish.
* Chalao — White rice. Extra long grains such as Basmati is required. First parboiled, then drained, and finally baked in an oven with some oil, butter, and salt. This method creates a fluffy rice with each grain separated, unlike Chinese or Japanese rice. Chalao is served mainly with qormas (korma; stews or casseroles)
* Palao — Cooked the same as chalao, but either meat & stock, qorma, herbs, or a combination are blended in before the baking process. This creates elaborate colors, flavors, and aromas for which some rices are named after. Caramelized sugar is also sometimes used to give the rice a rich brown color.
* Yakhni Palao — Meat & stock added. Creates a brown rice.
* Zamarod Palao — Spinach qorma mixed in before the baking process, hence 'zamarod' or emerald.
* Qorma Palao — Qorm'eh Albokhara wa Dalnakhod mixed in before the baking process
* Bore Palao — Qorm'eh Lawand added. Creates a yellow rice.
* Bonjan-e-Roomi Palao — Qorm'eh Bonjan-e-Roomi (tomato qorma) added at baking process. Creates a red rice.
* Serkah Palao — Similar to yakhni palao, but with vinegar and other spices.
* Shebet Palao — Fresh dill, raisins added at baking pr",False
Q42941,Agra,"==Eat==
Agra specialities are petha, a type of very sweet candy, and Dal Moth, a spicy lentil mix. Both are also popular souvenirs.

* Chaat - Agra is a heaven for any Chaat lover. Chaat can be of various types but there is one thing common among them all is that they are spicy and you will find crowd outside virtually every chaat stall, especially popular places like Double Phatak (near Sikandra) for Mangores. You'll find quality Bhallas and Panipuri at Sadar and Belangunj. Samosa and Kachori are found at every sweet shop that flood the city. Some typical chaat items are Aloo Tikki (made by roasting mess made out of boiled potatoes), paneer tikka (cubes of cottage cheese baked in a tandoor with spices), pani puri or golguppa (small round hollow shells filled with a potato-based filling and a spicy sweet blend of sauces), mangores, Samosaes, Chachori, etc. If you want to savour the typical Agra breakfast have a bite of one of those spicy Berahi and round it off with sweet Jalebies.
* Sweets - There are quite a few good sweets shops. The best for the famous petha of Agra are at Hari Parwat, a short distance from Agra Fort. Amongst the well-known shops are Panchi's, Bhimsain BaidyaNath and The Pracheen Petha store. There are many types of petha available but, for the authentic experience, try either the plain one (ivory white) or Angoori flavoured (rectangular and yellow pieces soaked in sugar syrup). Other shops in Agra include: Bikanervala, Deviram, Munnalal Petha, Gopaldas, and Ajanta Sweets, Kamla Nagar. You can round off your meal with a Joda (pair) of Pan unique to the city.
* There is also an abundance of Korean food.
* There are several restaurants in the Taj Ganj area, catering for the many tourists staying around the Taj Mahal.

* 
* 
* 
* 

* 
*",False
Q1070,Ahmedabad,"==Eat==
thumbnail|Lunch in Ahamedabad means roti, puri, vegetables, mango sweets, gulab jamun and butter milk.
Ahmedabad is a gastronomic paradise, and there are many restaurants. Gujaratis are fond of eating and the food generally tends to be on the sweeter side. Gujaratis are mostly vegetarians hence most local dishes are vegetarian. However, with the recent advent of international and domestic food chains non-vegetarian food has become popular. Ahmedabad is famous for its ice-creams because of abundance of dairy products in the state and Gujaratis' penchant for sweets. Local specialities include Dhokla, Khandvi, Srikhand, Haandvo, Bhajiya amongst others.

A famous food from Ahmedabad and/or Gujarat is the 'cheese and pineapple jam sandwich' which is sold by most sandwich vendors in Gujarat, especially in Ahmedabad. Despite this dish being famous in Gujarat, the other parts of India find this dish to be disgusting, but wait till you actually try it!

There are lots of Gujarati dining halls where you can get unlimited ""thali"" meals for around ₹250. A thali consists of variety of concoctions including salads, appetizers, snacks, breads, pulses, vegetable curries and sweets.

If you have not stayed in India for long, select a food place which is famous and well organised (hotels, big restaurants). Otherwise, its fun to eat at one of the road side stalls, especially at the Khau Galli in Law Garden area and Khan Pan Bazaar in Manekchawk. Various stalls open in the evening until late at night. You may enjoy Paani - Puri (Gol Gappa), Indian Chat, Indian Sandwiches, North Indian, Indian-Chinese and some continental cuisines, amazingly at road-side stalls and for less than a ₹60 item. Sarkhej–Gandhinagar Highway (SG Road) in New West Zone has transformed into a restaurant strip. It has over 100 restaurants in a five-mile stretch offering most varieties in all price ranges.

*Sankalp (Area: Chimanlal Girdharlal Road, SG Road) A chain with outlets across them city that specialises in South Indian food. It set an Guinness World Record for the ""longest dosa (thin-crepe) in the World"" (25 feet)
*Honest (Area: Panchwati, SG Road, etc.) A well-known fast-food chain that started as road-side stall serving Pav-Bhaji and Pulav in Law Garden area and now a fledging restaurant chain
300px|thumbnail|right|'Khaman', the popular Gujarati breakfast
*Mirch Masala (Area: Chimanlal Girdharlal Road, SG Road) Serves North-Indian food in a typical highway ""dhaba"" setting. Excellent food but more interesting for its decor.

Other than these that are several other restaurants that serve excellent food for example (Swati Snacks, House of MG both famous for Gujarati food in chic setting, Bawarchi for Punjabi food, etc.) For western palates, a good way to find new restaurants is to ask a local, especially someone young who would certainly know about such places. International chains like Pizza Hut, McDonalds, Subway are present throughout the city.",False
Q222,Albania,"==Eat==
250px|thumb|right|From upleft clockwise: Speca me djathë (pepper casserole), djathë furre me spec djegës (baked cheese with spicy pepper), tavë peshku koran (fish), hasude

Albania, like the Balkans in general, has a primarily Turkish influence in its cuisine. This influence stems from over 400 years of Ottoman rule in the region. Influences since the fall of communism in the early 1990s have been from Italy and Western Europe in general. Most of what is available in neighboring countries such as Greece and Italy will be available in Albania, particularly in the larger cities.

* Tasqebap – A traditional Albanian stew made of lamb fricassee, tomatoes and onions. Some sort of hearty stew is generally included in Albanian dinners. These stews are easy to make, and flexible with ingredients, like potatoes, onion, rice, etc., so there are vegetarian versions of the dish (without lamb).
* Paçe Koke – A stew made from the head (kokë) of a lamb or a goat.
* Paçe këmbe - is a traditional Albanian dish that is especially popular in rural regions and is often served during festive occasions or as a hearty comfort food. The name ""paçe"" refers to a stew made from the head and feet of a lamb, and ""këmbë"" means ""feet"" in Albanian, specifically lamb’s feet, which are the main ingredients in this flavorful and filling dish.
* Paçe Plënci – Same as before but made from intestines. However, the smell of cooking it can be off-putting.
* Fërgesë – Baked cheese, vegetables and eggs; originating from the capital of Albania, Tirana.
* Tavë dheu – Fërgesë with the addition of liver. Sometimes referred to as Fërgesë me melçi.
* (Mish) Tavë kosi – A baked dish of lamb and rice, together with a yogurt sauce. It is sometimes referred to as a national dish in Albania. Similarly, further such baked dishes exist; like Burani me Spinaq dhe Mish or just Mish Burani Spinaq with meat and spinach.
* Mish me bizele – Peas and meat stew.
* Mish me bamje – Okra and meat, made in the late summer and fall when Ocra is harvested. Vegetarians can instead enjoy Bamje pa Mish.
* Byrek is a beloved and versatile dish in Albania, known for its flaky, golden crust and savory filling. It can be enjoyed as a snack, appetizer, or main dish and is a staple of Albanian cuisine. Byrek is made by layering thin sheets of dough and filling them with a variety of ingredients. The fillings vary depending on the region, season, and local preferences. Here are some of the most popular types of byrek you can find in Albania:
*# Byrek me Spinaq (Spinach Pie) One of the most common and beloved types of byrek in Albania, byrek me spinaq is made with spinach as the main filling, often combined with cheese, particularly feta or ricotta. The spinach gives the pie a fresh, slightly earthy taste, balanced by the creamy cheese. It is commonly served as a light meal or appetizer.
*# Byrek me Mish (Meat Pie) Byrek me mish is a heartier version of byrek, filled with minced meat, usually beef or lamb, along with",False
Q34804,Albuquerque,"==Eat==

Dining out in Albuquerque tends to be relatively inexpensive and very casual. Many places offer outdoor seating. Iced tea is the beverage of choice.

New Mexican cuisine is unique. Be ready for the question ""Red or green?"" or in Spanish ""¿Rojo o verde?"" which refers to the chile-based sauce included in or used to smother various menu items. There are constant arguments as to which is hotter, the ripe and often dried red chile, or the immature green chile; however, spiciness depends much more on the strain of pepper and how the chile is prepared rather than the color, and varies greatly by restaurant, so inquire and experiment. Many meals will include sopaipillas, the characteristic New Mexican fry bread, as a side. The characteristic desserts are flan, a type of custard, or Natillas, closer in texture to pudding.

* 
** 
** 
* 
* 
* 
* 
* 
** 
** 
* 
* 
* 

* 
* 
* 
* 
** 
** 

right|thumb|350px|The best place for hot dogs in town
* 

* 
* 
* 
* 
** 
** 
* 
* 
* 
* 
* 
** 
** 
* 
right|thumb|350px|The 66 Diner
* 

* 
* 
* 
* 
* 
* 
* 
* 
* 

* 
* 
* 
* 

* 
:* 
:* 
* 
:* 
:* 
:* 
:* 
* 
* 
:* 
:* 
* 
:* 
:* 
* For your more typical chain groceries, Albertsons and Smith's each have several stores in the city.",False
Q41183,Aleppo,"==Eat==
thumb|Sweets with pistachios.
The area around Aleppo is famous for its pistachio farming, so be sure to try the baklava and other pistachio-based sweets while you're here.

Common Syrian street food like falafels and shwarma are excellent and available throughout the city. In the souks you will also find tiny restaurants with a few stools serving up dishes like Fuul (pronounced “fool”), a bean soup served with fresh bread, onions and mint. If you are adventurous, look for the men frying curry-flavoured pancakes near the entrance to the souk. The pancakes are wrapped in bread and topped with hot sauce. Also try to buy some of the freshly made pita bread that is sold everywhere as it is delicious.

For breakfast, a fresh glass of juice and cheese sandwich can be had from the juice stands near the clock tower. Many cafés also serve great ice cream for a treat.

If you are tired after a day of wandering around the souk, try one of the cafés near the base of the citadel. They offer light snacks and drinks, including a wide range of coffees and refreshing glasses of minted lemonade.

Travellers on a strict budget should be prepared to eat very similar meals everyday as there is not a lot of variety in the diet at the cheaper end of the range.

There are plenty of good restaurants around and meals are very affordable.

* 

* 
* 
* 
* Sheraton Hotel. It may seem wrong to come to Syria and head for the Sheraton but they do offer an excellent buffet breakfast, which, if you're willing to splurge, makes a nice change from the typical Syrian fare and will set you up well for a day of exploring. They also do a fine cup of coffee.

* Al- Challal
* WANES Restaurant",True
Q262,Algeria,"==Eat==

thumb|Chicken tagine with olives. How mouthwatering is that?
Algerian cuisine is a mix of Mediterranean and North African flavors, with a strong French influence. Algerian cuisine is full of flavorful dishes such as tagines, couscous, and pastilla. Despite its rich flavors and vibrant ingredients, Algerian cuisine is not as widely known or appreciated as other Mediterranean or North African cuisines. Still, that shouldn't stop you from fully experiencing Algerian gastronomy.

* Brik (stuffed malsouka pastry)
* Fettate (Sahara speciality, in Tamanrasset)
* Taguella (bread of sand, a nomad speciality)
* Couscous (steamed semolina with sauce containing meat and/or potatoes, carrots, courgette, and chick peas)
* Buseluf (cooked lambs head)
* Dowara (stew of stomach and intestines with courgette & chick peas)
* Chorba (a meaty soup)
* Rechta (hand made spaghetti, usually served with a clear chicken broth, potatoes & chick peas)
* Chakchouka (normally, it has green peppers, onions and tomatoes; egg may be added)
* Mechoui (charcoal grilled lamb)
* Algerian pizza
* Tajine (stew)
* Mhadjeb (A dish which is a kind of flaky pancake made from semolina traditionally stuffed with onion, tomatoes, garlic, pepper, and spices)

Desserts and snacks
* Qalb El Louz (Sweet dessert made from layers of buttery semolina and ground almonds. Flavoured with orange blossom and a honey syrup, it is bursting with flavours and summery aromas. Each slice is topped with a whole almond for a lovely crunch.)
* Baklawa (Almond cake consists of many layers of very thin dough carefully hand crafted and drenched in honey)
* Ktayef (A kind of baked vermicelli, filled with almonds and drenched in sugar, syrup, and honey)
* Makroudh (sweet pastry with almonds or dates)",False
Q3561,Algiers,"==Eat==
There are several restaurants in the Bois des Arcades area. This is the hill 500 m southeast of the big Martyrs memorial. Particularly good views over Algiers and the coast can be found from here. The hill is also a woodland, so is a nice area for walking too.

* 
* 
*",False
Q3805,Amman,"Danielle Pergament of The New York Times described Ammani cuisine as a product of several cuisines in the region, writing that it combines ""the bright vegetables from Lebanon, crunchy falafels from Syria, juicy kebabs from Egypt and, most recently, spicy meat dishes from Jordan's neighbor, Iraq. It's known as the food of the Levant&nbsp;– an ancient word for the area bounded by the Mediterranean Sea and the Arabian peninsula. But the food here isn't just the sum of its calories. In this politically, religiously and ethnically fraught corner of the world, it is a symbol of bloodlines and identity."" However, the city's street food scene makes the Ammani cuisine distinctive.",True
Q39450,Anchorage,"==Eat==

thumb|Anchorage reindeer hotdogs
* 
* 
* 
* 
* 
* 
*
** 
** 
** 
* 
*
*
* 
*

* 
* 
* 
* 
* 
* 

* 
* 
* 
* 
* 
* 

In Girdwood (45 minutes south):
*",False
Q228,Andorra,"==Eat==
thumb|The country's towns are packed with cafés and restaurants
Escudella De Pages (Catalan peasant soup) or Escudella i Carn d'Ollais is often considered the national dish. It is sometimes made with pilotas (giant spiced meatballs).

The Trinxat, consisting of cabbage, potato and bacon or salted pork, is the other typical dish of the country's gastronomy and that can be tasted in most of Andorra's traditional restaurants, many of which are housed in former rustic huts.",False
Q1863,Andorra la Vella,"==Eat==
There are reasonably priced restaurants, although many of them tend to be Italian restaurants serving pizza and pasta. You find almost nothing open after 22:30, and many restaurants close Su or M.

All these are in the city centre:
* 
* 
* 
* 
* 
* 

* 
* 
* 
* 
* 

*",False
Q28271,Annapolis,"==Eat==
thumb|270px|Steamed Maryland blue crabs
* 
* 
* 
* 
* 
*
* 
* 
* 
* 
* 
* 
*",False
Q6487,Antalya,"== Eat ==
 thumb | Mermaid at Sandland 
 thumb | Antalya Museum 

: The downtown streets around Muratpaşa Mosque have many cheap eating places. 
* 
* 
* 
* 
* 
* 
* 
* 
* 

* 
* 
* 
* 
* 
* 

*",False
Q781,Antigua and Barbuda,"The islands' cuisine is mostly of European origin (UK and Portugal) with regional ingredients. Fungee (pronounced ""foon-jee"") and pepperpot are the national dishes. Fungee is a cornmeal-based dish that resembles polenta.""Antigua & Barbuda National Dish & Recipe."" Recipeisland.com. Pepperpot is a spinach and okra stew, with and without beef parts or chicken. Accessed July 2011. Other national foods include saltfish (cod), lobster (from Barbuda), ducana (a sweet dumpling made from sweet potatoes and coconut), and seasoned rice, similar to Palau or arroz con pollo. Additionally, there are confections such as peanut brittle, sugar cake (made from coconut and sugar), fudge, and raspberry (local) and tamarind stew (sauce). The Antigua black pineapple is prized for its juicy, sweet flesh. It is a well-liked fruit in the area and is included in many regional specialties and sweets. It is said to be the sweetest variety of pineapple.

An important part of the Antiguan and Barbudan breakfast is Antigua Sunday bread. It is sold in many bakeries on both islands, and instead of being made with butter, it is made with lard. There are often decorative twists on the crust of the bread. Antiguan raisin buns, often called ""bun and cheese"", is another traditional bread, which is sweet and most popular during Easter. It is sometimes made with spices such as nutmeg.",False
Q36260,Apia,"==Eat==
thumb|The fresh produce market

There are numerous restaurants that cater for locals on a budget and will sell the sort of food that is eaten in the average household. Beer and soft drinks are available at most places. The menu is likely to include chop suey, chicken curry and mutton flaps. Umu or earth oven cooked local food include roast pig, and the great delicacy, palusami. Palusami is made of an onion and coconut cream filling with a meat (usually corned beef, chicken or fish), all wrapped in new taro leaves and baked. This is a ""must try"" and goes well with taro.

Restaurants tend to close early by Western standards. With a few exceptions, the restaurants in the big hotels are the only ones open on Sunday. There are no street numbers in Apia so you will have to ask for directions if you do not take a taxi. The town is divided into lots of smaller villages and the restaurant location is given by village, road (e.g. Beach Road, which is a couple of miles long), or the building, which is not of much use to foreigners.

* 
* 
* 
* 
* 
* At the Flea Market and at Marketi Fou there are lots of food stalls selling local food, mostly fried stuff. ""The Samoan pancakes"" (small fried banana dough balls) are delicious and cost 10 sene each.
* 

thumb|Along the seafront
* 
* 
* 

* 
* 
* 
* 
* If you are wandering around town and absolutely stuck for a place to eat, the most westerly and remote McDonald's in the world can be found in central Apia.",False
Q399,Armenia,"==Eat==
thumb|Harissa

*Khorovats &ndash; A barbecue which can be chunks of pork, lamb, chicken or beef (called Shashlik in other post-Soviet countries). Usually, it is flavored with onions and other Armenian spices. Tomatoes, eggplant and bell peppers are also part of the khorovats meal. Kebab is the ground-meat version of khorovats, and is cheaper.
*Harissa &ndash; A kind of homogeneous porridge made of previously stewed and boned chicken or lamb and coarsely ground soaked shelled wheat. The dish dates back many centuries, and is traditionally served on Easter day. It is considered a national dish of Armenia, and is widely prepared by Armenians around the world.
*Borscht &ndash; A commonly served Ukrainian vegetable soup. It is traditionally made with beetroot as a main ingredient, which gives it a strong red color. It is usually served warm with fresh sour cream.
*Khash &ndash; A traditional dish, originating in the Shirak region. Formerly a nutritious winter food for the rural poor, it is now considered a delicacy, and is enjoyed as a festive winter meal. Made from less commonly used parts of animals, most visitors consider it an acquired taste.
*Dolma &ndash; Stuffed grape leaves; varieties with stuffed cabbage leaves, or bell peppers and aubergines also exist.
*Byorek &ndash; Consists of phyllo dough folded into triangles and stuffed with cheese, spinach or minced beef, and the filling is typically spiced. A popular combination is spinach, feta, cottage cheese (or pot cheese) and a splash of anise-flavored liquor (such as raki).
*Ishli kufta and Kufta &ndash; Best described as when bulgur meets meat. Very delicious and a must-try.
*Jingalov Hats (Lavash bread stuffed with herbs) &ndash; A specialty from Karabagh, and best tried fresh from the afternoon market in Stepanakert.

*Gata or Nazook &ndash; A flaky pastry with a sweet filling.
*Alani &ndash; Pitted dried peaches stuffed with ground walnuts and sugar.
*Kadaif (ghataif) &ndash; Shredded dough with cream, cheese, or chopped walnut filling, soaked with sugar syrup.
*Anoushabour &ndash; Dried fruits stewed with barley, garnished with chopped almonds or walnuts (a traditional Christmas pudding).

* Ttu lavash &ndash; flat thin sheets of dried fruit, often made from plum, apricot or sour cherries
* Manti &ndash; A type of dumpling

Armenian fruits and vegetables are special. One should definitely try them and will never forget the taste of Armenian apricot, peach, grapes, pomegranate, etc. Especially the watermelons in Armenia and neighboring countries with similar altitude and climate are of superior taste.

Armenian bread is very tasty. There is a wide range of different types of bread, including black, white lavash (a soft, thin flatbread), and matnaqash. Variants of Georgian shotis puri are widely available as well, since both countries have adopted the torne/tonir baking oven centuries ago.

Do not miss trying milk products. Along with ordinary milk products, there are some tradition",False
Q1520,Astana,"==Eat==

thumb|Beshbarmak
* Beshbarmak - a horse meat and pasta dish. Most restaurants that serve it will present a portion enough for two or three people. 
* Boursaky - bread best served piping hot, resembles an unsweetened doughnut. 
* Shashliq - these kebabs are often cheap, and the one thing you're sure to recognise on the menu.

* In addition to the places listed in Eat, many hotels also have restaurants (see the Sleep section below)
* Along Turan street (formerly Sara Arka), there's a strip of restaurants that are a little more expensive but good. They also have private rooms for parties, saunas, and even hotel rooms.

*
*
*

*
*
* 
* 
* 

*",False
Q3927,Astrakhan,==Eat==,False
Q23556,Atlanta,"==Eat==
See the Districts articles for more listings.

Affordability, variety of restaurants, culinary diversity and award-winning chefs are key ingredients that earn Atlanta a place at the table with other popular culinary cities. An assortment of neighborhoods offers an array of restaurants featuring cuisine that spans the globe, serving something for every taste.

If you want to plumb the depths of what Atlanta's restaurant scene offers, do what locals do and sift through local magazine Creative Loafing. They review restaurants all over the city, and have several lists of ""100 Dishes to Eat in Atlanta"".

During the past few years, several celebrity chefs have traveled south to call Atlanta home. Drawn to the quickly growing culinary scene, these chefs have been welcomed with open arms and some true southern hospitality. Jean-Georges Vongerichten, Anne Quatrano (Bacchanalia and Floataway Cafe), and Richard Blais (FLIP Burger Boutique, and One Midtown Kitchen) are just a few.

What better place to travel than to the heart of Atlanta to experience classic and contemporary Southern cuisine at its finest? Mary Mac's Tea Room has been serving ""meat and three"" for close to 70 years, and has photos in every room to prove it, while innovators like Canoe, JCT, Restaurant Eugene, and South City Kitchen update Southern cuisine for the 21st century.

A Wall Street Journal article in 2007 named Atlanta the best city in the U.S. for burgers. Their top pick went to Ann's Snack Bar, an 8-seat dive run by one woman. The Vortex and The Earl were also listed, and are better choices if you don't have several hours to spend waiting in line. There are dozens of other highly-rated relative newcomers to the burger scene.

Atlanta is also making a name for itself in pizza of almost every style. For gourmet Neapolitan-style pizza, Antico Pizza Napoletana and Varasano's are invariably named among the best, but opinions are divided about which is the top. Other gourmet pizzerias include Ammazza, Double Zero, and Fritti, to name just a few. If you're looking for less-pretentious 'za, check out Blue Moon Pizza, Cameli's, Fellini's, Nina & Rafi, or Rocky Mountain Pizza.

Of course, you can stick with the landmarks, such as The Varsity (the world's largest drive-in), The Sun Dial (a restaurant on top of the Westin Hotel), Pittypat's Porch (Southern charm inspired by Gone With the Wind), or R. Thomas (healthy meals including vegetarian, vegan, and gluten-free).

You might be surprised to learn that Atlanta is home to the headquarters of many restaurant chains. Some are small regional or Atlanta-only chains such as Flying Biscuit Café, Taqueria del Sol, Figo Pasta, Tin Drum Asiacafé, and Willy's Mexicana Grill. The iconically Southern chains Waffle House and Chick-Fil-A got their start in Atlanta, as did Mellow Mushroom, Moe's Southwest Grill, and national chain restaurant Applebee's. Other chains just find Atlanta to be a great business home, including Ted's Montana Grill (fou",False
Q408,Australia,"thumb|[[South Australian wines]]
Most Indigenous Australian groups subsisted on a diet of native fauna and flora, otherwise called bush tucker. It has increased in popularity among non-Indigenous Australians since the 1970s, with examples such as lemon myrtle, the macadamia nut and kangaroo meat now widely available.Lockhart, Jessica Wynne (4 August 2023). ""The Next Superfoods May Come From Australia"", Smithsonian. Retrieved 5 February 2024.McCubbing, Gus (4 November 2022). ""Bush food industry worth $80m but could double by 2025: study"", Australian Financial Review. Retrieved 5 February 2024.

The first colonists introduced British and Irish cuisine to the continent. This influence is seen in dishes such as fish and chips, and in the Australian meat pie, which is related to the British steak pie. Also during the colonial period, Chinese migrants paved the way for a distinctive Australian Chinese cuisine.

Post-war migrants transformed Australian cuisine, bringing with them their culinary traditions and contributing to new fusion dishes.Newton, John (2018). The Getting of Garlic: Australian Food from Bland to Brilliant, with Recipes Old and New. NewSouth Publishing. , pp. 32, 230–231. Italians introduced espresso coffee and, along with Greeks, helped develop Australia's café culture, of which the flat white and avocado toast are now considered Australian staples.Waters, Cara (15 June 2015). ""Smashed avo, anyone? Five Australian creations taking the world by storm"", The Guardian. Retrieved 6 February 2024. Pavlovas, lamingtons, Vegemite and Anzac biscuits are also often called iconic Australian foods.

Australia is a leading exporter and consumer of wine. Australian wine is produced mainly in the southern, cooler parts of the country. The nation also ranks highly in beer consumption,Per Capita Beer Consumption by Country (2004) , Table 3, Kirin Research Institute of Drinking and Lifestyle – Report Vol. 29–15 December 2005, Kirin Holdings Company. with each state and territory hosting numerous breweries.",False
Q40,Austria,"==Eat==
thumb|Wiener Schnitzel with potatoes
Austrian food is distinctive and delicious, and is traditionally of the stodgy, hearty ""meat and dumplings"" variety. Wiener Schnitzel (a bread-crumbed and fried veal escalope) is something of a national dish, and Knödel are a kind of dumpling which can be made either sweet or savory according to taste.
In Vienna the Tafelspitz (boiled beef with potatoes and horseradish - it's classier than it sounds) is traditionally served on Sundays, and is normally accompanied by clear broth with dumplings and herbs. Apart from these, Austria is renowned for its pastries and desserts, the most well-known of which is probably the Apfelstrudel.

Bread (Brot) is taken seriously in Austria. Almost every village has its own bakery, offering a large choice of freshly baked sweet and savoury rolls daily from 06:00. Rye bread (Vollkornbrot, Bauernbrot) is the traditional staple food among peasants. If this is too heavy for you, try the common white bread roll (Semmel). Somewhat surprisingly, it is easier to find good bread outside of Vienna, where the baking industry hasn't yet come to be dominated by industrial scale chain shops.

Some Austrians have a habit of eating sweet flour-based dishes (Mehlspeise) for a main course once a week. Varieties include Kaiserschmarren, Marillenknoedel, and Germknoedel.

The best advice is to dive into the menu and give it a go - there are no nasty surprises!

If you want to try out traditional Austrian food go for a Gasthaus or Gasthof, which serve traditional food for reasonable prices. Usually they offer various options of set lunch including a soup and a main dish and in some cases a dessert too. They are typically priced at (except for very touristy areas). Menus are written in German, though some of the restaurants have English menus as well. Keep in mind that tipping is expected throughout all restaurants in Austria. Rounding up the price given on the bill is usually enough tip.

In Austrian restaurants you must ask to pay. Get the attention of your server and say: ""zahlen, bitte"" (the bill, please). They will then bring you the check, or tell you the amount of the bill verbally. Then, the proper way to pay in Austria is to give your cash and say the amount you wish to pay, including tip. To tip it is appropriate to round up, or to round up by 50 cents or of the cost for each person (should equal about 5-10% for a full meal). Servers are not dependent on tips, and it is not appropriate to tip a large amount. Saying ""danke"" (thank you) when paying, means keep the change! Alternatively, you can say the amount of the bill plus your tip and you'll only get change above that amount (for instance, if you pay with a bill, the amount is and you say ""Siebzehn Euro"" (seventeen euro), the server will give you change and keep the as tip).

* If you have the chance to try Kletzennudeln you should definitely do it. They are an exceptional Carinthian specialty you can very rarely get anywhere: swe",False
Q227,Azerbaijan,"==Eat==
thumb|Appetizers and snacks.
Azeri cuisine (azərbaycan mətbəxi) might not seem diverse to Western Europeans, but it is worth trying. Most of the dishes contain a lot of meat (including fat) and vegetables. Bread is a staple, and is quite revered by the people of Azerbaijan.

Piti is a national dish. It is made with mutton and vegetables (tomatoes, potatoes, chickpeas), infused with saffron water to add flavour and colour, all covered by a lump of fat, and cooked in a sealed crock. Worth trying Şəki version of this dish (boiled chestnuts are used instead of potato), if you are there.

Cabbage, grape leaves, and eggplant wrapped meat (kelem, yarpaq, badimjan - dolmasi), kabab (kebab), rice with different variety of toppings (plov - It is said that plov is the king of Azerbaijani cuisine), gutabs and meatballs (kufta) are some of the several specialties of Azerbaijan. Yarpaq dolmasi is often considered to be the national dish.

Georgian food, in particular khachapuri (a cheese-filled bread), along with some Russian staples (borsh, crepes/bliny) have become common throughout Azerbaijan. Other cuisines such as Turkish, Italian, Asian, and American fast food, can be found in the biggest cities.

There are several soups that you might want to try: bozbash, buglama, ashgara (lamb with chestnut). Try Çoban qovurma (lamb stew with vegetables).",False
Q5684,Babylon,==Eat==,False
Q5765,Balearic Islands,"==Eat==

The local cooking of the islands is exotic, exquisite and at the same time imaginatively presented.

The official Majorcan foodstuff should be a type of red pork pate called sobrasada in Majorcan, sobrasada in Spanish. Highly popular in parts of the mainland too. The red colour comes from hefty amounts of sweet paprika. It is good. There is also an official Majorcan cake, called ensaimada. It contains pumpkin jam and lard (obviously the Majorcans do keep some pigs) and it is delicious. The locals are very proud of their centuries-old olive trees, so while visiting the island it would be worth trying Majorcan extra virgin olive oil, which is otherwise hard to find.",False
Q3703,Bamako,"==Eat==

* 
Love them or hate them, the French have left one decent legacy in West Africa: bread. Fresh delicious baguettes are ubiquitous, and travellers should not be worried about becoming sick because of the bread.

*

Vegetarians will have a hard time in Bamako. Asking for a meal without meat will usually be met with the kind of look reserved for children and elderly relatives one does not wish to upset. In a country where poverty is common and food is often scarce, turning down meat is an oddity.

That said, mornings beans, fries, and fried plaintains can be found streetside throughout the city. Morning, noon, and night you can find small streetside ""cafes"" where you can get a fried egg sandwich and some nescafe. Several varieties of fried dough are also easy to stumble upon. Lunch- rice and groundnut stew is most easy to find, in local restaurants a plate with meat shouldn't cost more than CFA 500, but can range up to CFA 1,500. Evenings you can find attcheke (cassava dish), spaghetti, beans, boiled eggs, and fries relatively easily.

Meat eaters will be pleased to learn beef and fish are exceptionally good. Beef kebabs and grilled Capitaine, a freshwater fish from the Niger river, are always a good choice. Chickens are usually left to fend for themselves, and tend to be on the scrawny side, especially compared to North American chickens. Although the situation is improving, you might want to avoid disappointment and just give chicken a miss while in Bamako. To avoid food-borne illness, stay away as much as possible from fresh vegetables, and make sure your food is piping hot before eating it.

* 

* 

You can eat like the locals for a few hundred francs (CFA) a day, or shop in one of the western-style supermarkets.

There is one main market, in the centre of town, and several smaller markets in Bamako.

Supermarket-style stores are generally run by Lebanese businessmen.
* 
* 
* 
These stores will carry Western or Middle-Eastern goods, including cold cuts, fruits and vegetables, and dairy products including fresh milk and yogurt. Prices are generally higher than in Europe or the US, and choice more limited in a way reminiscent of a North American convenience store.

There are many restaurants where you can get nice omelette sandwiches for about CFA 250.

Many street vendors sell bread, rice, fries, salad, grilled meat; however, use precautions while eating on the street.

* 

* 
*
* 

Bamako has many Lebanese and Chinese restaurants.

* 
* 
* 
*",False
Q9279,Bandar Seri Begawan,"==Eat==
* 
* 
* Gerai Makan, on the waterfront in the southeastern corner of the city, just across a bridge. Here there are a number of outdoor restaurants serving cheap and tasty fare. It's a great place to relax and soak in the local atmosphere. Great views of stilt villages and water taxis speeding back and forth.
* PGS Cafe, near the Palm Garden at Kiulap. Charges buffet dining at $6 per head in a pleasant air-conditioned restaurant.
* Kaizen Sushi Yayasan, One Riverside on Jalan Macarthur. One of the best restaurants in BSB with views across the Brunei River. Wide selection of sushi and Japanese dishes, but prices are comparable to restaurants internationally. BR$20-30 per person, though you could spend more. They also have additional branches in BSB.

There are plenty of small local Kedai Kopi (coffee shops) in town that sell simple, cheap and tasty food and are frequented by locals.",False
Q902,Bangladesh,"==Eat==

Bangladesh is a seafood lover's paradise. Traditionally most of the country lives off of the once-bountiful freshwater river fish, especially the officially designated ""national fish"" Hilsa. The Hilsa has a nice flavour but some may find the many fine bones difficult to manage; if you can master eating this fish, consider yourself on par with the locals in fish-eating and deboning expertise. Various recipes exist for cooking Hilsa, suitable for all seasons and all regions of the country. Mutton is also popular, as in most Muslim countries, as is decidedly lean or hard chicken. Rice is almost always the staple side dish. Due to Muslim beliefs, pork is a banned item in Bangladesh and is neither consumed nor sold. However it is found and consumed in non-Muslim areas.

Mixed vegetable curries are plentiful - potato, eggplant, squash and tomatoes are the staple ingredients. Gourds, tubers and certain root vegetables are common. In the major cities (Dhaka, Chittagong, etc.), you will find a larger variety of vegetables than in rural areas.

The idea of salad varies from the international standard. In Bangladesh, salad has not been extensively developed, and ""kacha"" (raw) vegetables are generally not deemed very appetizing or palatable (with the exception of cucumbers), especially in more rural or suburban areas and in less Westernized households. Traditionally, most salad vegetables (carrots, celery, lettuce, paprika, etc.) were not even grown in most agrarian households, so the use of these vegetables was extremely rare. Hence, borrowing from the Mughal traditions, a few round slices of onions and cucumbers, spiced with salt, chilies, etc., is often treated as a full plate of salad.

Dal is usually a given side dish or meal course for all households, even the poorest or most rural (who often cannot afford any other daily meal courses). Most Bangladeshi dal varies from its West Bengali counterpart, and even more so from its other Indian counterparts, primarily because it is more watery and less concentrated or spiced. An easy analogy would be that whereas most Indian dal is more like thick stew, most Bangladeshi dal is more like light soup or broth. The Hindus of Bangladesh have greater varieties of Dal recipes, just as they have greater varieties of vegetarian dishes. The Muslims have thicker and more spiced varieties of dal. Dal recipes vary regionally in Bangladesh, so be careful not to over-generalize after a brief experience.

Boiled eggs (deem) are a popular snack (Tk 10-15), and fresh fruit is abundant, such as bananas (Tk 5-7/each), apples (Chinese, Tk 100-150/kg), oranges, grapes, pomegranates and papayas. Delicious and diverse, mangoes (Tk 25-90/kg in summer) are very popular throughout Bangladesh.

thumb|208x208px|Bangladeshi chomchom

Bangladeshi cuisine also offers a variety of desserts called sweetmeat in general, including lal jaam, shondesh, chomchom (pictured), Kachagolla (Tk 500-550/kg).
thumb|208x208px| Kachagolla of Natore",False
Q244,Barbados,"thumb|[[Mount Gay Rum visitors centre]]
Bajan cuisine is a mixture of African, Indian, Irish, Creole and British influences. A typical meal consists of a main dish of meat or fish, normally marinated with a mixture of herbs and spices, hot side dishes, and one or more salads. A common Bajan side dish could be pickled cucumber, fish cakes, bake, etc. The meal is usually served with one or more sauces. The national dish of Barbados is cou-cou and flying fish with spicy gravy. Another traditional meal is pudding and souse, a dish of pickled pork with spiced sweet potatoes. A wide variety of seafood and meats are also available.

The Mount Gay Rum visitor's centre in Barbados claims to be the world's oldest remaining rum company, with the earliest confirmed deed from 1703. Cockspur Rum and Malibu are also from the island. Barbados is home to the Banks Barbados Brewery, which brews Banks Beer, a pale lager, as well as Banks Amber Ale. Banks also brews Tiger Malt, a non-alcoholic malted beverage. 10 Saints beer is brewed in Speightstown, St. Peter in Barbados and aged for 90 days in Mount Gay 'Special Reserve' Rum casks. It was first brewed in 2009 and is available in certain Caricom nations.",False
Q3519,Bari,"==Eat==

Local cuisine is based on three typical agricultural products found within the Apulia region, namely wheat, olive oil and wine, beyond being even enriched by the wide variety of fruit and vegetables produced locally. 

Local flour is used for homemade bread and pasta production including, most notably, the famous orecchiette (ear-shaped pasta), also known as recchietelle or strascinate, very famous accompanied by cime di rapa, but also chiancarelle (orecchiette of different sizes) and cavatelli. Homemade dough is used for baked calzoni stuffed with onions, anchovies, capers and olives. 

Fried panzerotti with mozzarella, the famous focaccia alla barese with tomatoes, little savoury taralli, friselle and sgagliozze, fried slices of polenta, all make up the rich Bari culinary repertoire.

Vegetable minestrone, chickpeas, fava beans, chicory, celery and fennel are also often served as first courses or side dishes. Meat dishes and the local Barese ragù often include lamb and pork.

Pasta al forno, a baked pasta dish, is very popular in Bari and was historically a Sunday dish, or a dish used at the start of Lent when all the rich ingredients such as eggs and pork had to be used for religious reasons. The recipe commonly consists of penne or similar tubular pasta shapes, a tomato sauce, small beef and pork meatballs and halved hard-boiled eggs. The pasta is then topped with mozzarella or similar cheese and then baked in the oven to make the dish have its trademark crispy texture.

Other typical foods include patate riso and cozze and the popular panzerotti.

* 
* 
* 
* 
* 

* 
* 
* 
* 

* 
* 

*",False
Q78,Basel,"==Eat==
Basel has a thriving restaurant and café (see below Cafés) culture, and the streets of the old town are lined with outdoor seating in the summer.

Not all restaurants in Basel accept credit cards (though an increasing number do). If in doubt check first.

As in most of Europe, tipping is not a requirement. It is common (but not universal), to round up to the nearest 10 or 20 francs, for example by refusing the change from a note.

Food in Switzerland is generally more expensive than other countries in Europe, and those on a budget should consider preparing their own food from the grocery store (closed in the evenings), or taking a trip up to nearby France or Germany.
* 
* 
* 
* 
* 
* 
* 
* 
* On the Marktplatz and Barfüsserplatz you usually can find some street vendors in these areas selling pretzels, sandwiches, pizzas, and sometimes crêpes, for around Fr. 3-5 each. On many days in Marktplatz you can buy a variety of tasty sausages (Wurst) hot off the grill from the yellow cart of the Eiche butcher for less than Fr. 6 each. These are served with a piece of bread and a condiment, and there are usually stands nearby where you can eat. During Herbstmesse (see To Do, Other Events), there are significantly more Wurst and other fast food carts and booths in various locations where the fair takes place.
* If you are looking for a snack, the Coop Pronto convenience stores usually have fresh baked breads and pastries, and sometimes heartier pastries filled with meat and some packaged sandwiches. As can be expected, drinks are much cheaper at grocery stores than at cafés or restaurants.
* Many of the excellent bakeries and confiseries in town sell petite sandwiches that you can take away, and usually you can get some kind of small snack at any street café.
* Some of the large department stores in the city centre, Coop City, Pfauen, Migros and Manor, have self-service restaurants/cafeterias on the top floor. While they are not particularly cheap, they serve good food that is a reasonably priced alternative to a full-service restaurant. that salad bars often sell food by plate, not by weight.

Many of the restaurants in the historical part of Basel near Marktplatz are generally of good quality, these include the easily located Löwenzorn (""lion's fury""), Gifthüttli (""poison cabin""), and Hasenburg (""hare's castle""), all of which serve traditional Swiss dishes in a rustic environment - don't be scared by the names, no one gets devoured by wild animals or poisoned. These places are always packed during Fasnacht. In addition, here is a list of places, not necessarily in the old town but still worth a visit:

* 
* 
* 
* 
* 
* 
* 

* 
* 
* 
*",False
Q28218,Baton Rouge,"==Eat==
* 
*
* 
* 
*
*
*
*
* 
*
* 
*
*
* 
** 
**",False
Q956,Beijing,"thumb|Sliced [[Peking duck served with traditional condiments]]
Beijing cuisine has been shaped by centuries of imperial court cooking, the culinary traditions of surrounding regions, and the influence of ethnic minorities including Manchu and Mongol peoples. As the imperial capital for over 500 years, Beijing attracted cooks and ingredients from across China, giving rise to a distinctive style that blends northern Chinese staples with court refinement.

Peking duck is perhaps the best known dish. Fuling jiabing, a traditional Beijing snack food, is a pancake (bing) resembling a flat disk with a filling made from fu ling, a fungus used in traditional Chinese medicine. Teahouses are also common in Beijing. Instant-boiled mutton, served in a traditional copper hot pot, is another iconic Beijing dish with origins dating to the Yuan dynasty.",False
Q184,Belarus,"==Eat==
thumb|300px|Draniki (potato pancakes)

In a nutshell: potatoes, pork, beef, bread.

If you are looking for a national gourmet meal, then you are in the right place. Most of the products and ingredients are organic, and radiation levels are constantly checked in the food to avoid contamination.

:Take fresh bison, and if you do not have any, you can use elk instead. From an 18th-century Belarusian cookbook

Modern Belarusian cookery is based on old national traditions, which have undergone a long historical evolution, with similarities to the Russian cuisine. But the main methods of traditional Belarusian cuisine are carefully maintained by the people.

Dishes made with potatoes, which are called ""the second bread"", are common in Belarus. The Belarusians bring fame to their beloved potato in their verses, songs and dances. There are special potato cafes in the country where you can try various potato dishes. Many salads include potatoes; they are served together with mushrooms and/or meat; different pirazhki (patties) and baked puddings are made from it. The most popular among the Belarusians is traditional draniki (known as ""latkes"" to North Americans, but eaten only with sour cream, never apple sauce), thick pancakes prepared from shredded potatoes. The wide spread of potato dishes in Belarusian cuisine can be explained by natural climatic conditions of Belarus which are propitious for growing highly starched and tasty sorts of potatoes.

Meat and meat products, especially pork and salted pork fat, play a major role in the diet of Belarusians. One of the people's proverbs says: ""There is no fish more tasty than tench, and there is no meat better than pork"". Salted pork fat is used slightly smoked and seasoned with onions and garlic. Pyachysta is one of the traditional holiday dishes. This is boiled, stewed or roasted sucking pig, fowl or large chunks of pork or beef. Dishes prepared from meat are usually served together with potatoes or vegetables such as carrots, cabbage, black radishes or peas. It is characteristic that many vegetable and meat dishes are prepared in special stoneware pots.

Among fish dishes, the Belarusians prefer yushka, galki and also baked or boiled river fish without special seasonings. In general, the most common seasonings are onions, garlic, parsley, dill, caraway seeds and pepper; they are used very moderately in Belarusian cookery. The national dishes are hearty and tasty nonetheless. Among the fruit and vegetable choices are fresh, dried, salted and pickled mushrooms, and berries such as bilberries, wild strawberries, red whortleberries, raspberries and cranberries. Of flour dishes, the most popular is zacirka. Pieces of specially prepared dough are boiled in water, and then milk is poured over them or they are garnished with salted pork fat. The Belarusians prefer to use whole milk, which affected some methods of making yoghurt and the so-called klinkovy cottage cheese. In Belarusian cuisine, milk is widely",False
Q31,Belgium,"==Eat==
thumb|240px|Restaurants at Rue des Bouchers/Beenhouwersstraat, [[Brussels]]

Belgians like to eat. Belgium is famous for its good cuisine and people like to go to restaurants frequently. The best description for Belgian food would be ""French food in German quantities"".

* As anywhere else in the world, avoid the tourist traps, where the touts are trying to get you in the restaurants. You will get average to bad quality food for average to high prices, and, at busy times, they will try to get rid of you as soon as possible to make space for the next customer. A good example of this is the famous ""Rue des Bouchers/Beenhouwersstraat"" in Brussels in this picture.
* Belgium is a country that understands what eating is all about and can be a real gastronomic paradise. You can have a decent meal in just about every tavern, from small snacks to a complete dinner. Just pop into one of those and enjoy it.
* If you want to eat really well for not too much money, ask the local people or the hotel manager (that is, supposing he does not have a brother restaurant-manager) to give some advice for a good restaurant. Not a bad idea is to find a restaurant or tavern a little bit outside of the cities (if advised by some locals) they are usually not too expensive but deliver decent to high quality food. And ordering the specialties during the season will be both beneficial for your wallet and the quality of the food.
* Quality has its price: since the introduction of the euro, the price for eating out in Belgium nearly doubled. Expensive food like lobster or turbot will always cost a lot of money at any restaurant. But you can also find some local and simple dishes, rather cheap and still very tasty (such as sausages, potatoes and spinach). Normally a dinner (3 dishes) will be around depending on your choices of food and restaurant. And for cheap, greasy food, just find a local frituur, also called a frietkot or friterie, it will be the best Belgian Fries you'll have had in ages. However, when you are in such a frituur, it may be best to avoid snacks (other than the fries themselves, and the rich choice in sauces that comes with them), which are generally fried and made out of low-quality scrap meat. Do NOT order a cheeseburger or hamburger in such a place! The so-called burger which you would get if you do, is especially notorious for being fried and containing a mixture of low-quality meat.
* If you are travelling with children, check your destination. About 10% of Belgian restaurants and other venues ban children (usually, under age 12) entirely, out of fear that the children will be noisy. 

thumb|240px|Moules et frites/Mosselen met friet, [[Brussels]]
thumb|Stoofvlees/Carbonade flamande
A number of dishes are considered distinctly Belgian specialities and should be on every visitor's agenda.

Mussels are a firm favorite and a side-dish of Moules et frites/Mosselen met friet (Mussels with French fries). The traditional way is to cook them in a pot with",False
Q242,Belize,"right|thumb|Rice and beans (with coconut milk), stewed chicken and potato salad; an inter-ethnic staple meal
Belizean cuisine reflects the country's multicultural makeup, incorporating elements from Mestizo, Creole, Garifuna, Maya, and immigrant influences, including Chinese and Indian traditions. This unique combination makes Belizean food an amalgamation of flavours from Central America, the Caribbean, and further afield, producing dishes that are at once familiar to these areas yet distinctly Belizean.

Breakfast is often hearty, featuring staples like bread, flour tortillas, or fry jacks (fried dough pieces), which are typically paired with cheese, refried beans, and eggs, along with coffee or tea. Street vendors frequently offer breakfast options such as tacos and meat pies, while a midday meal, known locally as ""dinner,"" serves as the main meal of the day. Traditional midday dishes include rice and beans (with or without coconut milk), stewed chicken, tamales, escabeche (an onion soup), and panades (fried corn shells with beans or fish).

In rural areas, meals often centre around locally grown maize, beans, and squash, particularly in Maya communities, whereas Garifuna cuisine is known for its Afro-Caribbean roots and heavily features seafood and cassava-based dishes like ereba (cassava bread). These local ingredients and cooking methods provide a connection to the land and traditions. This culinary diversity is supported by Belize's abundant agriculture, which allows for a wide variety of fresh ingredients, from tropical fruits to seafood.

The nation has numerous restaurants and fast-food establishments, including lower-cost options. Local fruits are quite common (including mangoes, papayas, and bananas) and fresh vegetables (including cassava and sweet potatoes). Mealtime is a communion for families and schools and some businesses close at midday for lunch, reopening later in the afternoon.",False
Q3043,Belmopan,"==Eat==
There are a lot of clean, Chinese-owned restaurants in Belmopan that make great Belizean food. The Yim Saan restaurant has great food and is a 4-star restaurant/hotel.",False
Q42800,Belo Horizonte,"==Eat==

Minas Gerais is renowned for its cuisine across Brazil, and is the origin of many famous foods such as pão de queijo (small baked roll made with cheese and cassava flour) and feijoada (black bean and meat stew). Like elsewhere in Brazil, restaurant food is typically served in some variation of a buffet. 

* 
* 

* 
* 
* 
* 
* 
* 

* 
* 
* 
* 
* 

For a good sample of traditional mineira food, here are some options:

* 
* 

For great international food, here are some options:

* 

*",False
Q962,Benin,"thumb|[[Acarajé is peeled black-eyed peas formed into a ball and then deep-fried.]]
Beninese cuisine involves fresh meals served with a variety of key sauces. In southern Beninese cuisine, an ingredient is corn which has been used to prepare dough which has been served with peanut- or tomato-based sauces. Fish and chicken, beef, goat, and bush rat are consumed. A staple in northern Benin is yams which has been served with sauces mentioned above. The population in the northern provinces use beef and pork meat which is fried in palm or peanut oil or cooked in sauces. Cheese is used in some dishes. Couscous, rice, and beans are eaten, along with fruits such as mangoes, oranges, avocados, bananas, kiwi fruit, and pineapples.

Meals are said to be generally light on meat and generous on vegetable fat. Frying in palm or peanut oil is a meat preparation, and smoked fish is prepared in Benin. Grinders are used to prepare corn flour, which is made into a dough and served with sauces. ""Chicken on the spit"" is a recipe in which chicken is roasted over a fire on wooden sticks. Palm roots are sometimes soaked in a jar with salt water and sliced garlic to tenderize them, then used in dishes. Some people have outdoor mud stoves for cooking.",False
Q628,Bergamo,"==Eat==

All these are in the city center:
* 
* 
* 
* 
* 
* 
* 

* 
* 
* 
* 
* 
* 
* 

*",False
Q26793,Bergen,"==Eat==

There is a great variety of restaurants and cafes in Bergen, but you should expect to spend some time looking for the best places. In the most central parts of the city, many of the restaurants are all the same. Move a block away from the most central parts of downtown to find lower prices and better food. Kitchens usually close at 23:00 at the latest.

Waiters and other restaurant staff have good wages. You are not required to leave any money to cover the service, but many people choose to tip the waiter if he or she has been helpful and nice, and if the food was good. If you choose to leave a tip, rounding up or adding about five to ten percent will be appreciated. A rule of thumb would be that the more expensive the food is, the more are you expected to leave a tip.

Keep in mind that tap water is safe to drink and (usually) free of charge. To save money, ask for tap water to drink.

thumb|Kjøttbasaren hosts the inexpensive Egon restaurant as well as high end Restaurant 1877 and a bar upstairs.
Finding local food might take some effort, but there are some options. There aren't that many local dishes available at restaurants. ""Norwegian"" food is the food of the husmann (cottager) – nutritious and cheap, not what you usually find in a restaurant. The Bergen fish soup might be the most important, as well as raspeballer and cooked cod. If you want to get that Norwegian taste and have a gourmet meal at the same time, look for dishes that use ""local"" ingredients (such as reindeer, stockfish and cod) with a twist, such as Bryggen Tracteursted's filet of reindeer farced with goat cheese.

Many cafe's and restaurants serve ""raspeballer"" on Thursdays. Raspeballer are local potato dumplings, in Bergen usually served with bacon, sausages, salted meat from sheep, melted butter and mashed rutabaga. You can get takeaway raspeballer at Kjøttbasaren (kr. 50), cheap ones at Lido, excellent ones at Pingvinen and Bjellands Kjøkken. You can get reasonable take-away fish soup, fish-balls, ""plukkfisk"" and fish-gratin at Madam Bergen.

In November, December and January, traditional Christmas food is served in many restaurants. Look for ""pinnekjøtt"" (cured, dried and sometimes smoked meat of lamb or mutton), ""lutefisk"" (lit. ""lye fish"", dried cod prepared with lye) and ""ribbe"" (oven-baked pork ribs). For a very special experience, try smalahove (sheep's head). It is a traditional dish from Voss not far from Bergen.

* 
* 
* 
* 
* 
* 
* 
* 

* 
* 

thumb|250px|Fish soup as served at Bryggeloftet & Stuene
* 
* 
* 
* 
* 
* 

* 
*",False
Q64,Berlin,"The cuisine and culinary offerings of Berlin vary greatly. 23 restaurants in Berlin have been awarded one or more Michelin stars in the Michelin Guide of 2021, which ranks the city at the top for the number of restaurants having this distinction in Germany. Berlin is well known for its offerings of vegetarian and vegan cuisine and is home to an innovative entrepreneurial food scene promoting cosmopolitan flavors, local and sustainable ingredients, pop-up street food markets, supper clubs, as well as food festivals, such as Berlin Food Week.

Many local foods originated from north German culinary traditions and include rustic and hearty dishes with pork, goose, fish, peas, beans, cucumbers, or potatoes. Typical Berliner fare include popular street food like the Currywurst (which gained popularity with postwar construction workers rebuilding the city), Buletten and the Berliner donut, known in Berlin as ().Berlin German Foods German bakeries offering a variety of breads and pastries are widespread. One of Europe's largest delicatessen markets is found at the KaDeWe, and among the world's largest chocolate stores is Rausch.

Berlin is also home to a diverse gastronomy scene reflecting the immigrant history of the city. Turkish and Arab immigrants brought their culinary traditions to the city, such as the lahmacun and falafel, which have become common fast food staples. The modern fast-food version of the doner kebab sandwich which evolved in Berlin in the 1970s, has since become a favorite dish in Germany and elsewhere in the world. Asian cuisine like Chinese, Vietnamese, Thai, Indian, Korean, and Japanese restaurants, as well as Spanish tapas bars, Italian, and Greek cuisine, can be found in many parts of the city.",True
Q37776,Besançon,"==Eat==

A tribute to the famous cuisine française, the flavours of Besançon can be enjoyed throughout the town in various restaurants. Besançon, part of the Franche-Comté region, allows you to discover the wonderful culinary specialities that this region offers, like the escalope de veau (veal escalope), one of the most traditional meals. Of course, you will have the chance to taste wonderful cheese, French baguettes filled with savoury delights at reasonable prices, and the city's famous cheese, comté, make the impressive gastronomy often associated with the French commonplace throughout Besançon. More than that, you will find more unknown cheeses like morbier, vacherin Mont d’Or, cancoillote, and bleu de Gex.

One traditional pastry of Besançon is called the galette de Goumeau, which is traditionally eaten during Epiphany, instead of the galette des rois you'll find elsewhere in France.",False
Q917,Bhutan,"thumb|Traditional dish with lemon glazed chicken, sauteed spinach and steamed Bhutanese red rice

Rice (red rice), buckwheat, and increasingly maize, are the staples of Bhutanese cuisine. The local diet also includes pork, beef, yak meat, chicken, and lamb. Soups and stews of meat and dried vegetables spiced with chilies and cheese are prepared. Ema datshi, made very spicy with cheese and chilies, might be called the national dish for its ubiquity and the pride that Bhutanese have for it. Dairy foods, particularly butter and cheese from yaks and cows, are also popular, and indeed almost all milk is turned into butter and cheese. Popular beverages include butter tea, black tea, locally brewed ara (rice wine), and beer.",False
Q2256,Birmingham,"right|thumb|Simpsons in Edgbaston, one of the city's five [[Michelin-starred restaurants]]Birmingham's development as a commercial town was originally based around its market for agricultural produce, established by royal charter in 1166. Despite the industrialisation of subsequent centuries this role has been retained and the Birmingham Wholesale Markets remain the largest combined wholesale food markets in the country, selling meat, fish, fruit, vegetables, and flowers, and supplying fresh produce to restaurateurs and independent retailers from as far as away.

Birmingham is the only city outside London to have five Michelin-starred restaurants: Simpson's in Edgbaston, Carters of Moseley, and Purnell's, Opheem, and Adam's in the city centre.

Birmingham based breweries included Ansells, Davenport's and Mitchells & Butlers. Aston Manor Brewery is currently the only brewery of any significant size. Many fine Victorian pubs and bars can still be found across the city, whilst there is also a plethora of more modern nightclubs and bars, notably along Broad Street.

The Wing Yip food empire first began in the city and now has its headquarters in Nechells. The Balti, a type of curry, was invented in the city, which has received much acclaim for the 'Balti Belt' or 'Balti Triangle'. Famous food brands that originated in Birmingham include Typhoo tea, Bird's Custard, Cadbury's chocolate and HP Sauce. There is also a thriving independent and artisan food sector in Birmingham, encompassing microbreweries like Two Towers, and collective bakeries such as Loaf. Recent years have seen these businesses increasingly showcased at farmers markets, popular street food events and food festivals including Birmingham Independent Food Fair.",True
Q37066,Bismarck,"==Eat==
Most national chain restaurants are off of I-94 Exit 159 (Hwy. 83/State St.), near Kirkwood Mall on the south side, and in the Pinehurst area (Exit 157, Tyler Parkway and Divide Ave.) on the west side. For a more unique dining experience, explore restaurants in the historic Downtown area. This district's Peacock Alley, in the former Patterson Hotel is a local favorite.

Many North Dakotans are meat-eaters and these restaurants do not disappoint in this area. Pasta entrees and seafood are quite popular as well, rounding out most menus. Due to ND's landlocked location, seafood must be flown in regularly, so a seared ahi tuna steak is likely to be at least 'good'. However northern pike, walleye, buffalo, and pheasant are likely to be local and fresh. These items are worth a try to capture a more authentic taste of North Dakota.

* 
** 
** 
* 

* 
* 
* 

* 
* 
* 
* 
*",False
Q37701,Bloemfontein,"==Eat==
People eat early in Bloemfontein - even by South African standards, if you arrive at a restaurant after 7:30PM, especially on a weeknight, you may get some funny looks from the staff, and rushed service as they try to get you out the door so they can lock up and go home.
* 
* 
* 
* 
*",False
Q35775,Boise,"== Eat ==

Most of the fancier restaurants are in the downtown area.
* 
* 
* 
* 
* 
*",False
Q225,Bosnia and Herzegovina,"thumb|Bosnian meat platter that contains, among other things, [[ćevapi, which is considered the national dish of Bosnia and Herzegovina]]

Bosnian cuisine uses many spices, in moderate quantities. Most dishes are light, as they are boiled; the sauces are fully natural, consisting of little more than the natural juices of the vegetables in the dish. Typical ingredients include tomatoes, potatoes, onions, garlic, peppers, cucumbers, carrots, cabbage, mushrooms, spinach, zucchini, dried beans, fresh beans, plums, milk, paprika and cream called pavlaka. Bosnian cuisine is balanced between Western and Eastern influences. As a result of the Ottoman administration for almost 500 years, Bosnian food is closely related to Turkish, Greek and other former Ottoman and Mediterranean cuisines. However, due to Austrian rule, there are many influences from Central Europe. Typical meat dishes include primarily beef and lamb. Some local specialties are ćevapi, burek, dolma, sarma, pilav, goulash, ajvar and a whole range of Eastern sweets. Ćevapi is a grilled dish of minced meat, a type of kebab, popular in former Yugoslavia and considered a national dish in Bosnia and Herzegovina and Serbia. 

Local wines come from Herzegovina where the climate is suitable for growing grapes. Herzegovinian loza (similar to Italian Grappa but less sweet) is very popular. Plum (rakija) or apple (jabukovača) alcohol beverages are produced in the north. In the south, distilleries used to produce vast quantities of brandy and supply all of ex-Yugoslav alcohol factories (brandy is the base of most alcoholic drinks).

Coffeehouses, where Bosnian coffee is served in džezva with rahat lokum and sugar cubes, are common in Sarajevo and every city in the country. Coffee drinking is a favorite Bosnian pastime and part of the culture. Bosnia and Herzegovina is the ninth country in the entire world by per capita coffee consumption.",False
Q963,Botswana,"The national dish is seswaa, pounded meat made from goat meat or beef, or Segwapa dried, cured meat ranging from beef to game meats, either fillets of meat cut into strips following the grain of the muscle, or flat pieces sliced across the grain. Botswana's cuisine shares some characteristics with other cuisine of southern Africa.

Examples of Botswana food are: bogobe, pap (maize porridge), boerewors, samp, Magwinya and mopane worms. Bogobe is made by putting sorghum, maize or millet flour into boiling water, stirring it into a soft paste, and cooking it slowly. A dish called ting is made when milk and sugar is added to fermented sorghum or maize. Ting without the milk and sugar is sometimes eaten with meat or vegetables for lunch or dinner. Another way of making bogobe is to add sour milk and a cooking melon (lerotse). The Kalanga tribe calls this dish tophi. Madila is a traditional fermented milk product similar to yogurt or sour cream.",False
Q155,Brazil,"==Eat==

thumb|""Feijoada"", probably Brazil's most famous dish
Brazil's cuisine is as varied as its geography and culture, based on the variety of crops, livestock and seafood produced in the country. On the other hand, some may find it an unrefined melange, and everyday fare can be bland and monotonous. While there are some quite unique dishes of regional origin, many dishes were brought by overseas immigrants and have been adapted to local tastes through the generations. Italian and Chinese food in Brazil can often be as baffling as Amazonian fare.

The standard Brazilian set lunch is called prato feito, with its siblings comercial and executivo. Rice and brown beans in sauce, with a small steak. Sometimes farofa, spaghetti, vegetables and French fries will come along. Beef may be substituted for chicken, fish or others.

Excellent seafood can be found in coastal towns, especially in the Northeast.

* Brazil's national dish is feijoada, a hearty stew made of black beans, pork (ears, knuckles, chops, sausage) and beef (usually dried). It's served with rice, garnished with collard greens and sliced oranges. It's not served in every restaurant; the ones that serve it typically offer it on Wednesdays and Saturdays. A typical mistake made by tourists is to eat too much feijoada upon first encounter. This is a heavy dish &mdash; even Brazilians usually eat it parsimoniously.
* Brazilian snacks, lanches (sandwiches) and salgadinhos (most anything else), include a wide variety of pastries. Look for coxinha (deep-fried, batter-coated chicken), empada (a tiny pie, not to be confused with the empanada - empadas and empanadas are entirely different items), and pastel (fried turnovers). Another common snack is a misto quente, a pressed, toasted ham-and-cheese sandwich. Pão-de-queijo, a roll made of manioc flour and cheese, is very popular, especially in Minas Gerais state - pão-de-queijo and a cup of fresh Brazilian coffee is a classic combination.

Even more:
*
*
*
*
*
*

thumb|Churrasco
* Southern - Churrasco is Brazilian barbecue, and is usually served ""rodizio"" or ""espeto corrido"" (all-you-can-eat). Waiters carry huge cuts of meat on steel spits from table to table, and carve off slices onto your plate (use the tongs to grab the meat slice and don't touch the knife edge with your silverware to avoid dulling the edge). Traditionally, you are given a small wooden block colored green on one side and red on the other. When you're ready to eat, put the green side up. When you're too stuffed to even tell the waiter you've had enough, put the red side up... Rodizio places have a buffet for non-meaty items; beware that in some places, the desserts are not considered part of the main buffet and are charged as a supplement. Most churrasco restaurants (churrascarias) also serve other types of food, so it is safe to go there with a friend that is not really fond of meat. Churrascarias are usually fairly expensive places (for Brazilian standards), however, in the Nor",False
Q1209,Bremen,"==Eat==
Several cafes and restaurants line the ""Schlachte"" along the Weser river while other popular areas are the marketplace and the ""Viertel"" (""quarter"") east of the Kunsthalle.
Many traditional dishes from Bremen and Northern Germany are very satisfying. The region is famous for cabbage (Grünkohl- green cabbage), fish (smoked eel, herring, smelt in March), an old sailor's meal called Labskaus (lobscouse) consisting of mashed potatoes, corned beef, onions, fried egg and beetroot or chick ragout (very fine) as well as red fruit jelly or Butterkuchen (cake with yeast and topped with lots of butter, sugar and almonds).
You can find some fish restaurants in Böttcherstraße. ""Knigge"" is the name of a traditional coffee house in Bremen.

Bremen culinary specialties are Knipp (smoked sausage), Labskaus, (fried corned beef with onions and mashed potatoes) and Braunkohl (leaf cabbage)

* 
* 
* 
* 
* 

* 
* 
* 
* 

* 
* 

*",False
Q36168,Bridgetown,"== Eat ==
* Mustors is on McGregor St, open 10:30AM-3:30PM. 
* Shanti's Rum & Roti is at 1 Tudor St, open M-Th 10AM-6PM, F Sa 10AM-7:30PM. 
* Tim's on Broad St is open M-Sa 6AM-4PM. 
* Chefette is fast food on Harbour Rd near the bus station, open daily 11AM-10PM.
* Lobster Alive on Bay St is open daily noon-9PM. 
* Café à la Mer on Bay St is open daily 8AM-8PM.
* Chattel Kitchen Bar House is at 2 Beckles Rd, corner with Bay St, open M 8AM-5PM, Tu-Sa 8AM-midnight.
* Coffy’s on Bay St is open M-Sa 11AM-9PM. 
* Sage Bistro on Upper Bay St is open Tu-Su 8AM-4PM.
* Indian Grill on Upper Bay St is open M-Sa 11AM-4PM. 
* Cuz's Fish Stand is on Aquatic Gap next to the Radisson, open Su-F 11:30AM-5:30PM, Sa 9AM-4PM.",False
Q23154,Bristol,"==Eat==

Bristol has a huge choice of bars and restaurants to suit all tastes and budgets. There are many around the Harbourside and the West End's Park Street and Whiteladies Road, but do not be dissuaded from trying those outside the centre as many are superior to those that attract passing trade due to their location. After a night out, or if your hotel allows food delivery, you will also be able to find many takeaways in Bristol, with different varieties of food.

* 
thumb|250px|St. Nicholas Market
* 
* 
* 
* 
* 
* 
* You also find the chain restaurants of JD Wetherspoon, Greggs (bakery), Franco Manca and Eat A Pitta.

* 
* 
* 

* 
* 

* 

* 
* 
* 
* 

* 

* 
* 
* 
* 
* 
* 
* 
* 
* 
* 

* 
* 
* 
* 
* 
* 
* 
* 
* 
* 

*",False
Q14960,Brno,"==Eat==
Czech food is mostly based on pork, dumplings and potatoes. Another Czech favourite is smažený sýr, fried cheese, which is available at many restaurants and fast food stands. Soups plays an important part in Czech cuisine as it is almost always part of lunch (chicken, beef or vegetable broth, garlic soup, cabbage soup, goulash soup, vegetable soup or mushroom soup).

A good option is to visit one of the many pubs or restaurants that usually offer traditional Czech food all day long. You could easily find a restaurant where you get a meal and a drink for around €7, even in the city center. Many of these places also offer cheaper special (limited, pre-prepared) menus at mid-day. Cafés offer a nice selection of rolls and pastries if you're looking for breakfast. Visit the cukrárna (confectionery) near the House of the Four Idiots on nám. Svobody and try a rakvička (""little coffin"", small pastry covered with cream). This is the only place in the Czech Republic to find the chocolate ones.

* 
* 

* 

* 
* 
* 
* 

There are plenty of restaurants in the city centre, where you can have a decent dinner. Czech and international cuisine can be found. A very incomplete list of the good restaurants may include:

* 
* 
*

* 
*",False
Q240,Brussels-Capital Region,"==Eat==

There is plenty of good eating to be had in Brussels. Most people concentrate on the three classics: mussels (moules in French and mosselen in Dutch), fries (frites in French and frieten in Dutch) and chocolate. A few more adventurous Bruxellois/Brusselse dishes include anguilles au vert/paling in 't groen (river eels in green sauce), meat balls in tomato sauce, stoemp (mashed vegetables and potatoes) and turbot waterzooi (turbot fish in cream and egg sauce). For dessert, try a Belgian waffle (wafel in Dutch and gauffre in French), also available in a square Brussels version dusted with powdered sugar, and choices of bananas, whipped cream and many other toppings. Although many prefer the round, caramelized version from Liège. Many tourist shops will sell the Liège waffle (traditionally eaten plain, as it already contains pearl sugar in the dough) with toppings. Only the Brussels waffle (which has a lighter/airier dough) will have toppings such as whipped cream, fruits, etc.

The matter over which establishment serves up the best frites (locally known as fritkots in Dutch and ""friterie"" in French) remains a matter of heated debate. Some argue that the best frites in Brussels are served at the fritkot near the Barriere de Saint-Gilles, while others defend St-Josse's Martin (Place Saint-Josse/Sint-Joostplein) as the prime purveyor of the authentic Brussels frite just as others claim Antoine (Place Jourdan/Jourdanplein) remains the king of the local french fry. No matter which fritkot you're at, try to be adventurous and have something other than ketchup or mayonnaise on your fries. Of the selection of bizarre sauces you've never seen before, ""andalouse"" is probably the most popular with the locals.

Vegetarians can find at least one menu item at many, though not all, regular restaurants. Vegans will have a harder time, while the Veganizer BXL initiative is looking to widen their options, it’s best to head for the vegetarian-vegan restaurants.

Also beware of the 'Italian Restaurant Streets' in the tourist and shopping districts. These streets are lined with small Italian restaurants, some offering ""3-course meals"" for or . They are all run by just a few shop owners and serve unappetizing store purchased food. They will not 'include service' as most all restaurants in Brussels do, and many tourists have reported getting scammed here, especially when not paying with exact change. A common practice is to present you a menu where prices aren't anything near the ones advertised in the windows. Be sure you ask why there is such a price difference before ordering and do not hesitate to leave if you do not agree with the price. If you were offered a drink and already sipped from your glass before receiving the menu (as is often the case) then just pay for the drink and leave.

thumb|Rue des Bouchers/Beenhouwerstraat, bustling on a Saturday night

Brussels' tourist restaurant gauntlet can be found in Rue des Bouchers/Beenhouwerstraat, just to the n",False
Q1781,Budapest,"In the modern age, Budapest developed its own peculiar cuisine, based on products of the nearby region, such as lamb, pork and vegetables special to the region. Modern Hungarian cuisine is a synthesis of ancient Asiatic components mixed with French, Germanic, Italian, and Slavic elements. The food of Hungary can be considered a melting pot of the continent, with a culinary base formed from its own, original Magyar cuisine. Considerable numbers of Saxons, Armenians, Italians, Jews and Serbs settled in the Hungarian basin and in Transylvania, also contributing with different new dishes. Elements of ancient Turkish cuisine were adopted during the Ottoman era, in the form of sweets (for example different nougats, like white nougat called törökméz), quince (birsalma), Turkish delight, Turkish coffee or rice dishes like pilaf, meat and vegetable dishes like the eggplant, used in eggplant salads and appetizers, stuffed peppers and stuffed cabbage called töltött káposzta. Hungarian cuisine was influenced by Austrian cuisine under the Austro-Hungarian Empire, dishes and methods of food preparation have often been borrowed from Austrian cuisine, and vice versa.

Budapest restaurants reflect diversity, with menus carrying traditional regional cuisine, fusions of various culinary influences, or innovating in the leading edge of new techniques. Budapest' food shops also have a solid reputation for supplying quality specialised culinary products and supplies, reputations that are often built up over generations. These include many shop and served in several Michelin-starred restaurants.",False
Q40435,Buffalo,"thumb|left|alt=Buffalo wings and celery, with a blue-cheese dip|Buffalo wings with [[celery and blue cheese]]
The city's cuisine encompasses a variety of cultures and ethnicities. In 2015, the National Geographic Society ranked Buffalo third on its ""World's Top Ten Food Cities"" list. Teressa Bellissimo first prepared Buffalo wings (seasoned chicken wings) at the Anchor Bar in 1964. and The Anchor Bar has a crosstown rivalry with Duff's Famous Wings, but Buffalo wings are served at many bars and restaurants throughout the city (some with unique cooking styles and flavor profiles). Buffalo wings are traditionally served with blue cheese dressing and celery. In 2003, the Anchor Bar received a James Beard Foundation Award in the America's Classics category.

The Buffalo area has over 600 pizzerias, estimated at more per capita than New York City. Several craft breweries began opening in the 1990s, and the city's last call is 4&nbsp;am. Other mainstays of Buffalo cuisine include beef on weck, butter lambs, kielbasa, pierogi, sponge candy, and chicken finger subs (including the stinger – a version that also includes steak), and the fish fry (popular any time of year, but especially during Lent). With an influx of refugees and other immigrants to Buffalo, its number of ethnic restaurants (including the West Side Bazaar kitchen incubator) has increased. Some restaurants use food trucks to serve customers, and nearly fifty food trucks appeared at Larkin Square in 2019.",False
Q5764,Bukhara,"== Eat ==
Sometimes local people invite for dinner to their home (i.e. near Kalyan mosque). Consider this authentic experience and leave locals some money after.

* 
* 
* Lyab-i Hauz Hotel north side of the main square has a decent restaurant, see Sleep.
* Rustam & Zukhra south side also serve non-residents, see Sleep. 
*",False
Q219,Bulgaria,"==Eat==
alt=|thumb|Shopska salad
Bulgarian cuisine is representative of the Balkans and Southeastern Europe. The relatively warm climate and diverse geography produce excellent growth conditions for a variety of vegetables, beans, herbs and fruits. It has some Turkish and Greek influences (such as moussaka, gyuvetch, and baklava) as well.

Bulgarian cuisine is famous for its rich salads at every meal, for the diversity and quality of dairy products and the variety of wines and local alcoholic drinks. It features a diversity of hot and cold soups, and numerous main dishes featuring locally grown vegetables.

Most dishes are oven baked, steamed, or in the form of stew. Grilling - especially different kinds of meats - is common. Pork meat is the most common meat in the Bulgarian cuisine. Fish and chicken are widely eaten, while beef is less common.

A traditional meal starts with a salad of choice and some strong alcoholic beverage. Bulgarians like to drink wine or beer with the main dish continuing with the chosen drink by the end of the meal. This is why in most restaurants a salad is considered to be the best combination for strong alcoholic drinks. The meat appetizers that are typically served after the main dish are not to be missed out on.

Restaurants serving international cuisine have a presence in the country, offering various options such as Chinese, French and Italian.

There are two native kinds of cheese: the yellow-colored Kashkaval (Кашкавал) - more or less akin to the Dutch Gouda - and the more popular white Sirene (Сирене) - a kind of Feta cheese, similar to Greek Feta in taste but more sour. Originally made from sheep milk, it is available from cow or goat milk, or mixed.

thumb|Tarator soup
Yoghurt (kiselo mlyako) is a pride of the Bulgarian people, as Bulgaria is its motherland. Native Bulgarian yoghurt contains Lactobacilicus Bulgaricus, a bacterium which serves as the basis for active culture ""plain"" yoghurt in other countries. Normally made from cow or sheep milk, it can also be prepared from buffalo milk, with a remarkably stronger taste. It is an ingredient to many dishes, the most famous one being the cold soup Tarator. It is mixed with water to make Ayran, added as a sauce for mains (especially liver based or with minced meat), or for a white sauce in baked dishes. Many dishes are customarily served with yoghurt on the side.

thumb|Shkembe chorba
* Shkembe chorba (tripe soup) is widely believed to be a hangover remedy. There are a few 24/7 places in Sofia where young people go early in the morning after a party, to have a Shkembe.
* Bob Chorba (боб чорба) is a minty bean soup.
* Leshta Chorba (Леща чорба) is minty lentil soup.

The main ingredients in Bulgarian salads are tomatoes, cucumbers and white cheese.
* Tarator is a cold soup made of yoghurt and cucumber (dill, garlic, walnuts and sunflower oil are sometimes added) and is popular in the summer season.
* Shopska salad is popular throughout the Balkans and Central Eu",False
Q965,Burkina Faso,"thumb|A plate of [[fufu (right) accompanied with peanut soup]]

Typical of West African cuisine, Burkina Faso's cuisine is based on staple foods of sorghum, millet, rice, maize, peanuts, potatoes, beans, yams and okra. The most common sources of animal protein are chicken, chicken eggs and freshwater fish. A typical Burkinabè beverage is banji or palm wine, which is fermented palm sap; and zoom-kom, or ""grain water"", is purportedly the national drink of Burkina Faso. Zoom-kom is milky-looking and whitish, having a water and cereal base, and often drunk with ice cubes. In the more rural regions, in the outskirts of Burkina, dolo, a drink made from fermented millet, may be found. In times of crisis, zamnè, a legume native to Burkina, can be served as a main dish or in a sauce.",False
Q40738,Bursa,"== Eat ==

Bursa is widely considered the birthplace of döner kebap, a vertically-rotated column of stacked lamb meat cut into thin, juicy slices that is about as iconic as pizza or sushi worldwide. By far the best-known local specialty is the İskender kebap, an indulgent dish featuring cuts of finely roasted döner meat and rich tomato sauce on a bed of broth-soaked pita bread, topped with yogurt and sizzling butter. You cannot visit Bursa and leave without trying the dish, considered the best Turkish cuisine has to offer by many. However, Bursa doesn't lack in other food options. A more underground delicacy is pideli köfte (or Kayhan pidesi), a variant of İskender kebap with meatballs.
 thumb | 300px | Cantik-style pide 
Cantık, a fluffy pide variant often topped with minced or chopped meat is made by bakers across the city and is unique to Bursa (unrelated to the Crimean Tatar jantiq except for name). 

For those with a sweet tooth, Bursa offers a lot. Candied chestnuts (kestane şekeri/marron glacé) are not for everyone, but they are the most iconic sweets from the city and a very popular gift for tourists to take back home. It's not served in restaurants but boxed from stores around the city, Kafkas is the best known brand. Tahinli pide is a large pastry slathered in sweet tahini in the center and is absolutely delicious. Kemalpaşa tatlısı is a fried cheese dessert that originated in the greater province, and is best consumed fresh, rather than store-bought. 

* 
* 
* 
* 
* 
* 
* 
* 
* 
*",False
Q16520,Busan,"==Eat==
See the Districts articles for more listings.

Korea is justly renowned for its great seafood tradition, and Busan as Korea's main coastal city provides possibly the best opportunity to try fresh seafood caught locally.

Jagalchi fish market where most of the seafood is landed. You can turn up at 07:00 for delicious grilled fish and a variation of Korean 'hangover soup', although many experiences at both the high and low end are available to you throughout the day.

International market where everything is available at very cheap prices. You can eat Spicy Glass Noodles, Chungmu-style Gimbap and Ssiat hotteok(sweet Korean pancake stuffed with seeds).

Restaurants in Korea open and close frequently, although if an establishment listed below has closed then another good option is likely to be found close by. Korean restaurants also usually serve only a few specialty dishes, so check with your party beforehand. Vegetarians, as elsewhere in Korea, should be mindful that there are limited options in Busan.

Sister rice soup It is a restaurant that sells pork and rice soup, one of the must-eat foods in Busan. You can taste rice soup filled with pork at a low price of ₩9,000 here. Because it is located near Gwangalli, there is a characteristic that allows you to see the sea after eating.

There are dishes you should try in Busan that are not typically available in other parts of Korea.
thumb|Dong-nae pajeon 동래파전
thumb|Shellfish snacks are beloved by Busanites
*Dong-nae pajeon (동래파전) is a seafood and green onion pancake, an affordable and popular Busan dish.
*Daegu Tang (대구탕) is a delicious flaky cod soup with vegetables. You will find dedicated restaurants for this at the east side of Haeundae beach.
* Bokguk (복국) is a soup made with pufferfish, the type of which is extremely poisonous. It is the same as Japanese fugu. There are many places in Busan licensed to prepare pufferfish, but you may want to know what you are getting into. Typically there are cartoon pictures of a fish looking like a balloon outside, so should be easy to spot.
*Eomuk (어묵) is a fishcake made out of fish or other seafood and mixed with starch. It's usually fried or boiled, and collectively called nerimono in Japan. Busan is famous for eomuk, and there are many sellers and chains throughout the city, especially around Jagalchi, Ggangtong market, and Busan station.",False
Q36312,Calgary,"==Eat==

Calgary offers a wide variety of dining options. While Calgary doesn't have a single signature dish, residents are very proud of Alberta beef, and Calgarians are discerning customers of steakhouses. Speaking of beef, the popular Chinese-Canadian dish of ginger beef was invented in Calgary in the 1970s. Chocolaterie Bernard Callebaut (also called Cococo), winner of international awards for chocolate-making, is based in Calgary, with many stores in the city.

Calgary is also home to a very culturally diverse population, with a very wide selection of international restaurants, especially from East and Southeast Asia, and the Mediterranean from Italy through Lebanon. Calgary is, however, generally lacking in decent Mexican food, and the inland location means that a good meal of seafood is sometimes hard to find. The highest density of restaurants are located along 17th Avenue (Beltline), 4th Street (Mission), or Stephen (8th) Avenue - all located in the City Centre district.

Restaurants in the downtown area are very busy between noon and 1PM on weekdays due to the lunch crowd of office workers; if you can, try to stagger your lunch to start around 11:15 or 1:30. You'll face much shorter lineups. Buffets are often only prepared once for lunchtime, and visiting a buffet after 12:15 or so will typically be a depressing dining experience.

Calgary is also the city of founding for major Canadian restaurant chains Hy's, JOEY, Jugo Juice, Edo Japan, CRAFT Beer Market, OPA! of Greece, Smitty's, Original Joe's, and Moxies. (The original Calgary Hy's Steakhouse closed in 2006.)

Calgary's most abundant ethnic specialty is Vietnamese. Most neighbourhoods have at least one Vietnamese noodle shop or Vietnamese sub (banh mi) joint.",False
Q424,Cambodia,"Rice is the staple grain, as in other Southeast Asian countries. Fish from the Mekong and Tonlé Sap rivers is a part of the diet. The supply of fish and fish products for food and trade was per person or 2&nbsp;ounces per day per person.Coastal and Marine Ecosystems-- Cambodia. Earthtrends.org

French influence on Cambodian cuisine includes the Cambodian red curry with toasted baguette bread. The toasted baguette pieces are dipped in the curry and eaten. Cambodian red curry is eaten with rice and rice vermicelli noodles. A dine out dish, kuyteav, is a pork broth rice noodle soup with fried garlic, scallions, green onions that may contain toppings such as beef balls, shrimp, pork liver or lettuce. Kampot pepper accompanies crab at the Kep crab shacks and squid in the restaurants on the Ou Trojak Jet river.Cambodia's ""perfect pepper"" conquering world's taste buds . Msn.com (25 January 2017). Retrieved on 1 March 2017.

Tea is grown in Mondulkiri Province and around Kirirom. Te krolap is a strong tea, made by putting water and a mass of tea leaves into a glass, placing a saucer on top, and turning the whole thing upside down to brew. When it is dark enough, the tea is decanted into another cup and plenty of sugar added, and no milk. Lemon tea , made with Chinese red-dust tea and lemon juice, is refreshing both hot and iced and is generally served with a more hefty dose of sugar. Regarding coffee, the beans are generally imported from Laos and Vietnam – while domestically produced coffee from Ratanakiri Province and Mondulkiri Province can be found in some places. Beans are traditionally roasted with butter and sugar, plus various other ingredients that might include anything from rum to pork fat, giving the beverage a strange, sometimes faintly chocolatey aroma.

Cambodia has industrial breweries, located mainly in Sihanoukville Province and Phnom Penh. There are a growing number of microbreweries in Phnom Penh and Siem Reap. , there are 12 brewpubs or microbreweries in Cambodia. Rice wine is an alcoholic drink. It is sometimes infused with fruits or medicinal herbs. When prepared with macerated fruits or spices, like the Sombai liqueur, it is called sra tram (soaked wine).",False
Q350,Cambridge,"==Eat==
Cambridge has a good range of eateries, as well as a daily market next to Great St Mary's Church where there are maybe 10-15 food stalls. Many of these offer vegetarian, vegan and gluten-free options, all for reasonable prices (a falafel wrap, for example, is £4-5).

* 
* 
* 
* 
* 
* 
* 

* 
* 
* 
* 
* 
* 
* 
* 

Many pubs in Cambridge also serve good food at reasonable prices, for example:

* 
* 
* 
* 
* 

* 
* 
*",False
Q1009,Cameroon,"==Eat==
thumbnail|Food in Cameroon

Signature dishes
thumb|Poulet DG with fried potatoes
* Poisson brézè: barbecue fish
* Ndole: slightly bitter vegetables with peanuts, fish, prawns or beef. Often considered the national dish
* Poulet DG: chicken with sauce
* Tripes: tripe in tomato or peanut sauce
* Sauce arachide: peanut sauce with rice and meat
* Brochettes: barbecued skewers
* Kilichi: dried beef
* Mbol: black vegetable sauce served with kilichi, beef in some other form or prawns
* Nkui: brown vegetable sauce eaten with corn couscous
* Bush meat: from monkeys to snakes, perhaps a bit too exotic to visitors
*Mielie meal: maize porridge

garnishes include:
thumb|Fried plantains, fish, onions and miondo
* Koki: white bean dumplings
* Banane plantain: grilled, steamed or deep fried plantains
* Couscous maniok: cassava couscous
* Couscous de mais: polenta-like corn-based couscous Polentaähnlicher Couscous auf Maisbasis
* Frites de pommes: French fries
* Pommes: fried potatoes
* Bobolo: steamed cassava bars
* Miondo: thinner version of the former

moreover:
* Safou fruits, barbecued or boiled",False
Q3114,Canberra,"==Eat==

Canberra has many fine eateries, but beware – many will be closed on Sundays. There are large clusters of restaurants in Civic, Braddon, Dickson, Kingston and Manuka. An unusual feature of the Canberra dining scene is that some of the city's best restaurants are hidden away in small suburban shopping centres – locals often nominate these as their favourites.

All public buildings territory-wide are smoke-free.

thumb|Gus place in 2017
Just like the rest of Australia, coffee culture in Canberra is strong and Canberrans make good use of their cafes, and as such there are cafes nearly everywhere. In most cafes, all the important Australian coffees (such as espresso, flat white or a mocca) plus a couple of additions like hot chocolate are a standard in nearly all cafes. On top of that, many cafes will also typically have what you can expect to find at most bakeries, modified to suit a cafe. However, do be aware that most of what you get in cafes in Canberra can get very sweet.

 
Australians are generally casual and laid back though it's a bit more formal in Canberra, but still feel free to wear whatever you think suits well. Although most people make an effort to dress up for fancier restaurants, there is no requirement and both restaurants and diners alike are relaxed about dress standards, and so it is quite uncommon to see people wearing jeans at restaurants, especially among the younger generations.

Canberra has had authentic restaurants from every corner of the globe since the early 21st century. Still, it doesn't quite compare to the range found in the Big Four (i.e. Sydney, Melbourne, Brisbane and Perth), but how much more can you expect from a city of just 400,000? If you're after ethnic food, you need not worry because Dickson Centre or the Dickson Shops in the suburb of Dickson, North Canberra should have you covered. It started out like any other shopping precinct but with the addition of many Chinese restaurants, it eventually earned the title of Canberra's Chinatown. It has since grown and now there are many Asian restaurants in general. There are also a few Indian and Italian restaurants too, but there aren't many, at least for the time being.

Outside Dickson, there isn't really a place where you'd find so many concentrated restaurants with ethnic food. Braddon, Civic and Woden have quite a fair bit, but these are scattered throughout.

As Canberra isn't very large, there are few fine dining options in Canberra. They are generally located Civic, North Canberra and the Parliamentary Triangle. 

If you want to make a visit to any one of Canberra's fine-dining restaurants, bookings should be made well in advance, as they do get booked out quite a bit.

With regular days where the temperature hits above 35° during summer, and sometimes even 40 more, what is better to have than a nice cool ice cream. Canberra's ice cream flavours don't exactly match up with the flavours of Sydney, but there are several ice cream parlours where yo",False
Q39984,Cannes,"==Eat==

Although it tends to get pretty pricey to eat out in Cannes, it is possible to get a delicious meal incorporating the mouth-watering, fresh regional produce sourced from the markets.

The most popular restaurants to eat at are all along the riverfront, although they are they are not particularly value for money. While the food is ok, it's overpriced, however the people watching and posing-potential is an important compensation.

The best areas for dining are the rue Meynadier, in the beautiful old district of Le Suquet, where you can dine outdoors with a stunning view of the town below, and in the back streets of the Rue de Antibes, you can find some reasonable dining options.

Vegetarians have a bit of a rough time in France generally, in that most menus classify things as fish, meat and nothing else, and the French pride themselves in eating some fairly esoteric parts of animals not found in supermarkets back home - ""testicules de mouton"" for example. Traditional French cuisine is expensive at best, you could consider eating in some of the more Italian places.

The most romantic setting for dining in Cannes is away from the conference/ expense account circuit of central Cannes, in the historic quarter of Le Cannet, a northern suburb of Cannes some two kilometers away. Accessible by taxi or local buses, Vieux Le Cannet looks down over Cannes, and at its best vantage point is the large tree lined open square of Place Bellvue, tables alfresco, bounded by four or five quality restaurants patronized mainly by French ""in the know"". The Place Bellvue is on the main street rue St Sauver, home to artists ateliers and picture-postcard old French scenes. Well worth the extra effort.

* 
*
*
*
*
*
*
*
*",False
Q5465,Cape Town,"thumb|A gatsby sandwich, freshly prepared
Food originating from or synonymous with Cape Town includes the savoury sweet spiced meat dish Bobotie that dates from the 17th century. The Gatsby, a sandwich filled with slap chips and other toppings, was first served in 1976 in the suburb of Athlone and is also synonymous with the city. The koe'sister is a traditional Cape Malay pastry described as a cinnamon infused dumpling with a cake-like texture, finished off with a sprinkling of desiccated coconut.

Malva pudding (sometimes known as Cape Malva pudding) is a sticky sweet dessert often served with hot custard is also associated with the city and dates back to the 17th century. A related dessert dish, Cape Brandy Pudding, is also associated with the city and surrounding region. Cape Town is also the home of the South African wine industry with the first wine produced in the country being bottled in the city; a number of notable wineries still exist in the city including Groot Constantia and Klein Constantia.

The city has gained international recognition for its pizza scene. In 2025, then-new, family-owned restaurant NOVO, based in Mowbray, ranked in publication Time Outs Top 20 Pizzas globally. It did so for its ""The Fellini"" creation. In the 2026 ranking from the same publication, Woodstock-based establishment Pizza Connection ranked 11th on the list, for its ""The Capetonian"" pizza.

Coffee culture in Cape Town is thriving, with many independent coffeehouses and cafe chains with locations across the city. All four of South Africa's largest cafe chains, Vida e Caffè, Seattle Coffee Company, WCafe, and Bootlegger Coffee Company, are headquartered in Cape Town. Furthermore, the city is home to 10 roasteries.

Cape Town is considered one of the best cities in the world for coffee, and is known as an international coffee capital. In 2024, Cape Town was ranked as the world's 9th best city for coffee by US Food & Wine Magazine. Truth Coffee, situated in Cape Town CBD, was voted Best Coffee Shop in the World in 2015 and 2016 by the UK's Daily Telegraph and Espresso Lab in Woodstock was voted the 11th best coffee shop in the world, and the best in Africa, in 2025.",False
Q1011,Cape Verde,"thumb|Cachupa, typical Cape Verdean dish
Cape Verdean cuisine is mostly based on fish and staple foods like corn and rice. Vegetables available during most of the year are potatoes, onions, tomatoes, manioc, cabbage, kale, and dried beans. Fruits such as bananas and papayas are available year-round, while others like mangoes and avocados are seasonal.

A popular dish is cachupa, a slow-cooked stew of corn (hominy), beans, and fish or meat. A common appetizer is the pastel, a pastry shell filled with fish or meat that is then fried.",False
Q10690,Cardiff,"==Eat==

It can be very difficult to book a table in the better restaurants on a Friday or Saturday evening. As a rule of thumb Mermaid Quay and the city centre are jam packed full with a varied contrast of eateries allowing you to experience many different tastes within a small area.

Vegetarian options are easy to find, and vegan options reasonably so.

In the centre see Cafe Minuet (Marcello's) in Castle Arcade, The Potted Pig on High Street. In Riverside try Madhav's for unusual vegetarian Indian food. In the Bay avoid all the chains at Mermaid Quay and look at Mr G's Soul Kitchen for Caribbean. In Canton try La Cuina (Catalan food) on Kings Road. Head to City Road for a massive variety of world cuisines.

There are lots of small eateries with reasonable, plentiful and quite tasty takes on the Full English breakfast, sandwiches, fish and chips, etc.
Also, there is the Brewery Quarter, which contains a few well known and different restaurants. Also there are small cafes in the Indoor Market offering typical cafe food from toast to full roast dinners. prices typically range from 50p to £4. good deal for a quick fix.

* 
* 
* 
* 
* 
* 
* 
* 
* In the city centre you can also find the chain restaurants Tortilla, Greggs (bakery), Wok to Walk and Franco Manca.
* 

* 

* 
* 

* 

* 
* 
* 
* 
* 
* 
* 
* 
* 
* 
* 
* 
* 
* 

* 
* 
* 
* 

* 
* 
*",False
Q40881,Carson City,"==Eat==

* 
* 
* 
* 
*",False
Q7903,Casablanca,"==Eat==
Restaurants in Morocco are like restaurants in Spain - they don't open until around 19:00 at the earliest, and most people don't eat until much later. Be sure to call first and make sure your restaurant of choice is actually open.

* 

* 

thumb| Rick's Café
thumb|Restaurant Al-Mounia
* 
* 
* 
* 
* 
* 
* 

* 
* 
*",False
Q41699,Castries,"==Eat==
There are cheap local eateries in a small alley that runs alongside the market and down to Jeremie Street.

A friendly and cheap cafe selling local food is on the first floor of a building on Derek Walcott square.",False
Q1903,Catania,"==Eat==

Catania is proud of its specialities. A famous speciality is pasta alla Norma which consists in pasta (generally macaroni) dressed with tomato sauce and topped with fried eggplant slices, grated ricotta salata (salty ricotta) and fresh basil. The fish is also good, as Catania is a large port. The city is also known for horse meat, especially in some areas around the ""Benedictine Monastery"".

Typical Catanese pastry include the world-wide famous cannolo alla Ricotta, cassatella di Sant'Agata (a small cassata) and pasta di Mandorla (based on almond meal).

Like in most of Sicily, you can get a freshly made cold panini in a salumeria, where you choose whatever you want to put in (prosciutto cotto/crudo and cheese are probably the most popular ones), for €1-3. Don't forget that most of salumerias are closed 13:00-16:00 and on Sunday afternoon.

You can also have some tavola calda (“hot bite”) meal, most of them made with cheese and meat, fried or baked. You will normally pay €1.50 for one piece.

Another Sicilian speciality is arancino, which are deep fried rice balls with various fillings, meat or eggplant or spinach, that sell for €1.50 at most places. They make a good lunch snack.

Also, especially in the evening, some big kiosks sell hot, tasty and fat panini, some even horse meat filling. Most people add fries into the sandwich. Usually, it's about €2.50-3.00 and they are very popular among teenagers. Because it's quite cheap, there is normally confusion at these kiosks.

In summer, a typical breakfast consists of ""Granita"" (a kind of sorbet of almond or black mulberry) served with a brioscia (sweet round small loaf): it is a nourishing and refreshing combination that can be found in almost any bar of the city.

* 
* 
* 
* 

* 

* 
* 
* 
* 

* 
* 

* 
* 
* 
* 
* 
* 
* 
* Gastrosteria du Mori. Via Umberto I, 256. Traditional dishes with a modern twist in a friendly and colourful environment. Open throughout the whole afternoon - an important point for tourists.",False
Q44401,Cayenne,"==Eat==
thumbnail|Market in Cayenne
The restaurants of Cayenne reflects the ethnic mosaic of the Guyanese society; you will find Creole, French, Chinese, Lebanese and Javanese restaurants here.

In general the Chinese restaurants are the most affordable places to have a meal with dishes for €15-20. On Place des Palmistes there are also carts selling hamburgers and Javanese dishes.

* 
* 

* 

* 
* 
* 
* 
* 

*",False
Q657,Chad,"==Eat==
Meat dishes are very popular in Chad, and foreigners speak highly of the meat. Grilled lamb and camel meat are common and tasty and can be found all over the country. In N’Djamena and southern parts of the country fish is also quite common and very tasty. “La bouille” is a very common Chadian almost liquid porridge made from millet, peanut butter and lemons that is served as breakfast. “La boule” is a fufu-like millet/sorghum or corn based food served with different sauces and serves as the daily food of most Chadians. 

Food is usually eaten without utensils, and hand sanitizer may be a good precaution. Muslims find it offensive to eat with the left hand. If eating with or being served by Muslims in Chad, eat with your right hand only. 

Follow common health travel guidelines concerning raw fruit and cooking requirements to avoid disease. During Ramadan most restaurants in the northern and central parts of Chad are closed and eating and drinking in public is not accepted.",False
Q16565,Charlotte,"==Eat==
For the most part, Charlotte's culinary tastes are in line with the rest of the American South. Standards such as grits, sweet potatoes (yams), and greens are common in kitchens and restaurants. Southern food is typically high in fats and carbohydrates, so dieters should be careful to stick to higher-end restaurants that serve a more cosmopolitan fare. Otherwise, dig in and enjoy the richness of the Southern diet.

Many of Charlotte's older restaurants are owned by Greek families. Often, you will unexpectedly find Greek items on the menus of restaurants that otherwise serve American fare.

North Carolinians have long been fiercely competitive about their barbecue, and Charlotte's eateries reflect that heritage. Outsiders beware: Carolinas ""barbeque"" is chopped and sauced pork. The sauce will depend on which region it comes from (east or west), and it all works well as a sandwich (though you usually get to choose between sandwich or plate). Barbecue sandwiches are invariably served with slaw (either a vinegar-based red slaw, or a mayonnaise-based white slaw) on the meat, though it will be left out or on the side if you request. This is a local custom and one of the many things that makes Charlotte and more generally NC interesting.

""Carolinas style"" hamburgers and hot dogs are typically served with mustard, chili, and cole slaw, though some restaurants will vary their toppings slightly to create a ""signature"".

The Bojangles restaurant chain which specializes in biscuits and fried chicken is based in Charlotte along with Salsarita's which is a fast casual Mexican chain. In addition both Cook Out and Krispy Kreme are based in nearby Winston-Salem, and are widely available in Charlotte.

The dominant local grocery chains are Harris Teeter, Publix, Food Lion, Aldi, and Lidl. Publix and Harris Teeter are relatively expensive but more upscale. Food Lion is a middle-class favorite, and usually has an extensive ethnic section. The city is also dotted with dozens of ethnic groceries, especially Hispanic, Indian and Vietnamese. Check out Compare Foods stores dotted around the city.

The specialty grocery store scene is also growing, as Charlotte has three Trader Joe's stores, a Whole Foods Market, two Earth Fare stores and two Fresh Markets. These stores specialize in natural and organic foods. For something a little bit more local, try the Home Economist or the quaint Berrybrook Farms.

One spot particularly popular with locals is Amelie's French Bakery on North Davidson Street in NoDa. Amelie's is open 24/7 and has a wide selection of French pastries and baked goods, coffees and teas.",False
Q906,Chelyabinsk,"==Eat==
* 
*",False
Q30002,Chengdu,"==Eat==
thumb|Banquet dish in Chengdu
thumb|Snacks
thumb|Chengdu-style double hotpot, with sour suancai pickled cabbage broth (left) and spicy mala broth (right)

You will find no shortage of delicious Sichuan food in Chengdu. Most of the food is spicy, but not necessarily as hot as you expect. If you are obviously foreign and don't specify whenever you order (i.e. non-spicy (不要辣 búyàolà), a little spicy (微辣 wēilà) or 'old' (very) spicy (老辣 lǎolà)), the staff will assume that you can't take the heat. At best they will ask you whether you want chili (你想要辣椒?; Nǐ xiǎng yào làjiāo?), at worst they give you a severely toned down version of the food! If you want it how the locals have it, reassure the staff with ""I like chili"" (我喜欢辣椒 wǒ xǐhuan làjiāo), followed with ""I like all the chili"" (我都喜欢辣椒 Wǒ dū xǐhuan làjiāo) to really reassure the staff that it's OK.

If you are not accustomed to it yet, a bottle of sweetened soy, almond, peanut, or cow milk, or something else sweet will work much better than water to quell the fire. If you are used to the hottest of authentic Indian or Thai food, the level of spiciness in Sichuan food should be no problem at all.

Sichuan food also makes heavy use of Sichuan peppercorn (花椒 huājiāo), which looks like but is not a true peppercorn, and causes your mouth to water and to be somewhat numb (málà)––the effects are unique and very dissimilar to capsaicin. Sichuan peppercorn is added in most spicy dishes. If you can eat spicy food but do not like Sichuan pepper, you need to order so (不要花椒 bú yào huājiāo). However, Sichuan peppercorn (in addition to causing numbing) has an important citrus taste that it adds to foods. Sichuan cuisine banks on the interplay between the flavours of both Sichuan peppercorn and chili peppers, and it is strongly recommend you try the authentic versions with the Sichuan peppercorn.

The spiciest food in Chengdu is hotpot (also called steampot or steamboat), although the tradition originated in Chongqing, so it is not really Chengdu food. Sichuan hotpots are basically a big pot of soup and spices simmering in a hole in the middle of your table. Patrons choose from a large selection of meats, vegetables and other add-ins. Most popular include: lamb, mushrooms, beef, tofu, quail eggs, potatoes and various others (pork, green vegetables, fish balls, carrots, and even pig's brain!) You can choose spicy pot or non spicy pot. With spicy hot pots, unlike eastern hot pots, the soup is NOT for drinking; instead, fish out your cooked items with chopsticks (do not fish the liquid out with a spoon, it is too spicy even for locals to drink; the fished out vegetables will be spicy enough), dip them in the small bowl of oil provided to each person, and enjoy.

You may also find the local food too oily or too salty for your taste, and may want to advise your server accordingly.

There are also a lot of weird local snack type of food, such as spicy dragon prawns (look like very small crayfish; 麻辣龙虾), spicy sna",False
Q39042,Cheyenne,"==Eat==
* 
* 
* 
*
*",False
Q1297,Chicago,"thumb|A [[Chicago-style pizza|Chicago-style deep-dish pizza]]
Chicago lays claim to a large number of regional specialties that reflect the city's ethnic and working-class roots. Included among these are its nationally renowned deep-dish pizza; this style is said to have originated at Pizzeria Uno. The Chicago-style thin crust is also popular in the city. Certain Chicago pizza favorites include Lou Malnati's and Giordano's.

The Chicago-style hot dog, typically an all-beef hot dog, is loaded with an array of toppings that often includes pickle relish, yellow mustard, pickled sport peppers, tomato wedges, dill pickle spear and topped off with celery salt on a poppy seed bun. Enthusiasts of the Chicago-style hot dog frown upon the use of ketchup as a garnish, but may prefer to add giardiniera.

thumb|A [[Poles in Chicago|Polish market in Chicago]]
A distinctly Chicago sandwich, the Italian beef sandwich is thinly sliced beef simmered in au jus and served on an Italian roll with sweet peppers or spicy giardiniera. A popular modification is the Combo—an Italian beef sandwich with the addition of an Italian sausage. The Maxwell Street Polish is a grilled or deep-fried kielbasa—on a hot dog roll, topped with grilled onions, yellow mustard, and hot sport peppers.

Chicken Vesuvio is roasted bone-in chicken cooked in oil and garlic next to garlicky oven-roasted potato wedges and a sprinkling of green peas. The Puerto Rican-influenced jibarito is a sandwich made with flattened, fried green plantains instead of bread. The mother-in-law is a tamale topped with chili and served on a hot dog bun. The tradition of serving the Greek dish saganaki while aflame has its origins in Chicago's Greek community. The appetizer, which consists of a square of fried cheese, is doused with Metaxa and flambéed table-side. Chicago-style barbecue features hardwood smoked rib tips and hot links which were traditionally cooked in an aquarium smoker, a Chicago invention. Annual festivals feature various Chicago signature dishes, such as Taste of Chicago and the Chicago Food Truck Festival.

One of the world's most decorated restaurants and a recipient of three Michelin stars, Alinea is located in Chicago. Well-known chefs who have had restaurants in Chicago include: Charlie Trotter, Rick Tramonto, Grant Achatz, and Rick Bayless. In 2003, Robb Report named Chicago the country's ""most exceptional dining destination"".",False
Q298,Chile,"==Eat==
Chilean cuisine has a wide variety of dishes that emerged from the amalgamation of indigenous tradition and Spanish colonial contribution, combining their food, customs and culinary habits. Influences from German, Italian and French cuisines are thanks to immigrants who arrived during the nineteenth and twentieth centuries.

Chilean food in general is presented as a mixture of the meat and agricultural products of each area. In the north and south fishing is a major economic activity and this is reflected in the variety of dishes: the desert area's ceviche (fish seasoned with lemon and onions) and curanto (cooked seafood, meat, sausages and potatoes made in a hole in the ground) are the ultimate expression of chilota kitchen. The potato is also key in other chilota preparations as milcao and chapaleles. The central area uses corn (maize) and beef for foods such as tamales. Pie pine casserole and charquicán are some of the most recognized within the region. The roast, meanwhile, stands as the main preparation for informal gatherings and family; take this opportunity to learn more about Chilean society. Desserts include alfajores and Curicó cakes, while German immigrants introduced the kuchen and strudel pastry.

Chile's extensive geography allows development on its shores of several varieties of seafood: the top highlights are the croaker, pomfret, conger eel and salmon, which is produced industrially in the south of the country. For shellfish: oysters, as well as certain crustaceans such as crab and lobster. Beef, chicken and pork are the main meats, although in the Patagonian area one can easily find lamb. Chile is a major exporter of fruit, so you can find a variety of apples, oranges, peaches, strawberries, raspberries and custard, in good quality and much cheaper than in Europe or North America.

Despite this wide variety of dishes and products, normal food in a Chilean home is not very different from any other Western country; during your stay you will certainly see more dishes with rice, meat, potatoes or pasta than corn pies or cakes.

In Santiago and major cities, you can find a wide range of restaurants serving both local and international food. Although optional, it is customary to add a gratuity of 10%, delivered directly to the waiter. He or she will always welcome more. Not giving a tip is considered quite rude, performed only when there has been very bad service.

The major fast food chains in the world have several branches in the country. If you resort to fast food, it is better to have one of the wide variety of sandwiches that exist in the country: the Barros Luco (meat and cheese) and Italian full (hot dog with tomato, avocado and mayonnaise) are the most traditional. If you are in Valparaíso and have good cholesterol levels, do not waste the opportunity to try a chorrillana. On the streets you can find many stalls selling buns (fried pumpkin masses) and the refreshing mote with ossicles. Food prepared in stalls will ge",False
Q21197,Chișinău,"==Eat==
Chișinău is a good place for food lovers. There are plenty of good places to eat all over the city. The cheap, tasty food that is very popular with the locals is served in most places. For better service and a more diverse food selection, there are a lot of small restaurants and cafes. Some restaurants have prices comparable to Western Europe, although if you eat only in those you may find yourself being ripped off. For a quick lunch, try fast food stores and pizzerias, which can be found on nearly every corner. Beef is often listed under the veal part of the menu.

For groceries, there are small shops all over. Some are in front of the apartment blocks just a few steps away from their entrances. For harder-to-find items, go to a supermarket. You will frequently also see markets or even one or two people selling fruit and vegetables, and sometimes other products such as honey or ""brînza"" (type of cheese). The majority of these are fresh and perfectly safe to eat and frequently better than what is found in a supermarket.

For fresh fruits and vegetables, open-air markets are the best option. 'Piața Centrală' (Central Market) is in the city centre and runs more than two city blocks. Other districts, such as Ciocana, also have large markets. Most of the items for sale are locally produced, but there are a lot of sellers who sell imports; mostly oranges, bananas and other tropical fruits and vegetables. It is best to buy fungible products (meat, dairy, etc.) from supermarkets or shops because they are much safer for nearly the same price.

The vendors at the open market will let you taste the cheese prior to your purchase so you can decide if it is something that you want to eat. When you first walk into the 'cheese halls', it may look like all of the vendors standing next to each other are selling the same product. For hard cheese which tends to be re-sold from larger distributors, it may be the same. However, for locally-made cheese, there are variations that arise from even slight differences in technique, variations in the level of salt for curing, and differences in feed. 'Oaie' means sheep, so this will have a slightly different flavour than cow 'vaca' or goat 'capra' cheeses. 'Caș' is a softer cheese, that is not aged like some of the other 'brînza' which tends to be harder and saltier and is recommended for Mamaliga (corn polenta). If you are uncertain about how to communicate the quantity you want, you can start by giving the vendor 20 lei or 40 lei depending on if you want a smaller or larger piece. Or, when they suggest a certain piece that might look too large, you can say 'jumatate' which means 'half', and then they will weigh it and tell you the price. You can ask them to write it down by showing a pen and paper.

A classic 'fast-food' is the 'langos' which are fried dough with either 'cartofi' (potatoes), 'brînza' (cheese), 'varza' (cabbage) or 'ficat' (liver). These are all made in the bakery in the second storey of one of the",False
Q376749,Chittagong,"==Eat==
thumb|Shangri-La, Agrabad

The people of Chittagong love oily and spicy food. This can be a problem for foreigners and lead to upset stomachs. If you are a foreigner you should consider sticking with better restaurants and eating in large hotels. Never eat green salad which comes with your meal as you will not know if it has been washed in sanitized water. Just a handful of restaurants in town use sanitized water to wash salad and this is a recipe for explosive diarrhea.

One oddity in Bangladesh is that restaurants advertise themselves as, for example, ""Zaman Hotel and Restaurant"" but do not operate a hotel. Where you eat at one of these establishments you can tease them by demanding a room. One-room stores also have signboards advertising themselves as 'department stores'.

*
*
*
*
*
*
*
*
*
* 
* 
* 
* 
*
*
*
* 
*
* 
*
*",False
Q11725,Chongqing,"==Eat==
thumbnail|Patrons standing in line at a snack shop in Chongqing

Chongqing is a harbor city and with this comes what is called dockside culture (matou wenhua). This culture is blamed for a lot of things from cursing profusely to... Hot Pot. While many great restaurants abound in the city, memorable dining is best along Nanbin Lu with incredible night views back across the Yangtze River with the Jeifangbei city skyline lit-up. Here are some examples of the city's many offerings.

Hot Pot (火锅 huǒguō, lit.: firepot) is one of Chongqing's claims to fame. In cities across China, one can find hot pot restaurants, but only Chongqing people can really stand a real hot pot, so if you want authenticity, get it while you can in Chongqing.

When ordering hot pot you have a choice between three kinds. First, the spicy version called red soup (hong tang). Then there is one without any spices. This is basically a bone soup, and it is tasty. To get this, simply ask for ""yuán wèi"" or tell them ""wǒ bú yào là"" which means ""I don't want the spicy stuff!"" Finally there is a compromise with Yuan Yang Hot Pot (Yuan Yang Huo Guo), which is basically a pot split down the middle with the spicy stuff on one side and the mild on the other.

For those who like spicy but do not like it too spicy, it is possible to order red soup without the jolt (wei la hong tang). It is a nice mild experience.

For those who can not speak Chinese, it would be best to grab a Chinese friend to take you, though be warned, if your friend is a man you'll have to put up with a lot of drinking, if you're a man too you'll be expected to smoke more than you normally would, and some of the things they go slipping into the pot might not be your cup of tea. You will also have to be aware that you will be fed with a lot of dishes from your Chinese friends because they like to see your bowl is full of food. You might feel a little uncomfortable being fed like a child, but that is the way Chinese people show concern and enthusiasm towards their friends, especially when eating hot pot.

Choose reputable hot pot restaurants. In October 2023 and January 2025, some restaurants were found illegally reusing leftover hot pot oil from previous diners, nicknamed ""saliva oil"". Local social media comments suggest it may still occur.

* Twice cooked spicy pork slices 回锅肉 (huiguorou)
* Fish slices in sour and spicy pickled vegetable soup 酸菜鱼 (suancaiyu)
* Fried pork fillet slices in sweet and sour sauce 糖醋里脊 (tangculiji)
* Steamed fatty pork with preserved vegetables (shaobai)
* Fish flavoured aubergine 鱼香茄子 (yuxiangqiezi)
* Onions and parsleys in spicy mustard (laohucai)
* Fish with tofu (doufuyu)
* Fish flavoured pork shreads 鱼香肉丝 (yuxiangrousi)
* Chinese bouilli (hongshaorou)
* Gongpao Chicken (gongpaojiding)
* Black agaric and pork slice stir-fries (muerroupian)
* Pork/beef slices in hot and spicy soup 水煮肉片 (shuizhuroupian) (very spicy)
* Numbing and spicy tofu 麻婆豆腐 (mapodoufu) (spicy)

All dishes served in",False
Q79990,Christchurch,"==Eat==

Fruit and vegetable shops offer locally grown high quality fresh produce for prices often much cheaper than supermarkets.
;Supermarkets
* 
* 
* 
* 

;Other

*
* 
* 

Fish'n'chips is the cheapest meal out.

The Asian district is mainly in the Riccarton/Upper Riccarton area. Church Corner is often considered the unofficial 'Chinatown'. It has Chinese supermarkets, all kinds of Asian restaurants and more. There are many Korean restaurants there, and in the shopping precinct near Westfield Riccarton. KOSCO, a Korean supermarket, has several branches in Christchurch, including one in Riccarton.
* 
*
* 

* 
* 
*
* 
* 

* 
* 
* 
*
* 
*",False
Q43196,Cincinnati,"==Eat==

Cincinnati is famous for its unique chili, based on a Macedonian recipe. It contains finely-ground meat, no beans or onions, and usually contains spices such as cinnamon or cocoa powder, and not as much tomato as traditional recipes. It is served over spaghetti with finely-shredded Cheddar cheese on top, known as a ""three-way""; add diced white onions or kidney beans to make it a ""four-way""; and add both kidney beans and onions for a ""five-way"". It's also served over hot dogs with shredded Cheddar cheese on top, known as a ""cheese coney."" Cincinnati has more chili restaurants per capita than any city in the United States. The debate over where to find the best Cincinnati chili is almost a religious war. Two major chili-parlor chains (Skyline & Gold Star) are dominant, but individual parlors and other smaller chains have their fans as well.

Goetta (pronounced ""get-uh"") is another Cincinnati tradition, developed by German immigrants. It's a sausage made of pork and/or beef, mixed with oats and spices. It's usually sliced and then fried, and most often served as a breakfast food, although goetta sandwiches are also popular.",False
Q37320,Cleveland,"==Eat==

thumb|300px|W. 6th Street in the Historic Warehouse District

Cleveland is host to a wide variety of restaurants and is culinarily much more diverse than an outsider might suspect in the Midwest drawing on large enclaves of ethnic neighborhoods and immigration (Ohio City, Slavic Village, Parma, Hough, Little Italy, Chinatown and others). Certainly, Eastern European food and Soul food are big in a city where Hungarians, Slavs, Poles, Czechs, Bohemians and Southern African Americans were drawn to the steel and automotive industries in the late 19th and early 20th centuries; however, recent emigres have spiced up the mix, adding many more influences including Indian, Chinese, Southeast Asian, Puerto Rican and Central American, Middle Eastern and Mediterranean.

In the mid-1990s Cleveland was in step with the resurgence of the restaurant industry, and has many restaurants on-par with their larger-city counterparts, many of which are located in the Historic Warehouse District, the Flats, Ohio City, Tremont, the Gateway Neighborhood and along the Restaurant Row in the East Side suburbs. In fact, the area boasts of 6 AAA Four Diamond restaurants, the most between New York and Chicago.

Today's Cleveland goes beyond your grandfather's sausage and pierogi steel town.

Most restaurants in Cleveland are closed on Sunday and many have reduced hours or are closed on Monday.

Cleveland has two varieties of spicy mustard that are found at sports games and sports pubs, Stadium and Bertmans. Local fans are very opinionated about which one is best, similar to how Americans generally prefer either Coke or Pepsi.",False
Q365,Cologne,"==Eat==
Cologne has a wide variety of restaurants, German and otherwise, as a glance in the colored pages of the local telephone book will illustrate.
thumb|Restaurant at Fischmarkt/Frankenwerft: Ständige Vertretung.

One can eat pretty well in most traditional-style Kölsch restaurants, and in fact as a visitor, you should try some of the local food, which is quite rustic, but tasty, hearty fare.

The brewery taps (Früh, Sion, Pfaffen, Malzmühle, etc., in the old town south of the Dom) are worth taking note of to that respect, although they tend to be expensive for what you get.

Places out of the way such as Schreckenskammer and Max Stark (north of the train station, the former being within crawling distance of the Station Backpackers Hostel), Päffgen (Friesenstraße) and both of the Cologne independent brewpubs (Hellers Brauhaus on Roonstraße and Braustelle in Ehrenfeld) offer cheaper, better food than the old town tourist traps. Besides, most of these places have tons of atmosphere, which doesn't hurt!

You may also experience the deadly dry wit of the Köbes (traditional name of the blue-clad waiters) in most of those places. If it happens to you, don't get upset, just enter the game, send the Köbes packing with a dig and a smile and you'll be all right.

You'll mostly find typical Rheinland dishes in those traditional Kneipen. Classics include:
* Halve Hahn: nice big slab of Dutch gouda with a rye roll (Röggelchen)
* Himmel un Äd mit Flönz: fried black pudding with mashed potatoes (""earth""), apple sauce (""heaven"") and fried onions.
* Soorbrode/Sauerbraten: joint marinated in vinegar with raisins, usually served with red cabbage and a kloss (potato dumpling). The joint may be beef or horsemeat, so you may want to ask first.
* Dicke Bunne met Speck: boiled white beans with hefty boiled bacon slices on top.
* Schweinshaxe (grilled); Hämchen (cooked): pig's leg, usually a bit of a monster (ranges from 600 to 1400 g, including the bone)
* Rievkooche/Reibekuchen: flat fried potato cakes usually on offer once a week, and served with a variety of sweet or savoury toppings, which may include apple sauce, Rübenkraut (the beet-sourced equivalent to black treacle) or smoked salmon with horseradish cream.

If you are looking for a snack, you can either head for one of the Middle-Eastern or Asian places, or you can make use of the traditional fast food places like McDonald's and Burger King. Italian restaurants in Cologne seem to attempt to aim for a higher quality than in the UK, though it is debatable whether they achieve it, and whether their prices (often 150-200% of UK prices) are justified. There are several Indian restaurants across the city, which serve a fair fare, though the visiting Brit may be slightly disappointed to find that German 'curry culture' is rather akin to that of the UK in the 1960s: menus are neither large and varied, nor regionalised and specialist, and although ingredients are fresh, the food without exception appears to be tamed",False
Q739,Colombia,"==Eat==
Pre-Columbian civilizations cultivated about 200 varieties of potatoes, and they remain popular today. Try the local preparations like papas saladas (salted potatoes) or papas chorriadas (stewed potatoes). Most meals feature some kind of meat with rice, potatoes, and avocados. In the coastal areas, the rice is usually flavored with coconut.

Both restaurants and family meals often feature soup, and, in the mountain areas, you may even be served a milk-based soup called changua for breakfast.

Colombian food is not nearly as spicy as Mexican food. Some foods with the same name are quite different. For example, empanadas, made with potato and meat wrapped in a yellow crust, are delicious and entirely different from their Mexican and Argentinian counterparts.
thumb|Buñuelos
In many areas of Colombia, it is common to have buñuelos (deep fried corn flour balls with cheese in the dough) and arepas (rather thick corn tortillas, often made with cheese and served with butter) with scrambled eggs for breakfast. Bogotá and the central region have its own breakfast delicacy of tamales: maize and chopped pork or chicken with vegetables and eggs, steamed in plantain leaves, often served with homemade hot chocolate.

For lunch, especially on Sundays, you should try a sancocho de gallina (rich chicken soup, served with part of the chicken itself, rice and vegetables or salad). Sancocho is widespread throughout the country, with countless regional variants. On the coast it features fish, and is highly recommended. Another soup, served in Bogotá and the periphery, is Ajiaco (chicken soup made with three different kinds of potato, vegetables and herbs (guasca), served with rice, avocado, corn, milk cream and capers).

Bandeja paisa was almost the official national dish of Colombia. However, the tourism industry pushes it as such. The name translates roughly as ""the peasant's plate"". This filling dish includes rice, beans, fried plantain, arepa (corn bread), fried egg, chorizo sausage, chicharrón (pork crackling) with the meat still attached. It's a very fatty dish, but you can leave what you don't like, and if you're lucky enough, you could find a gourmet bandeja paisa in a good restaurant in Bogotá or Medellín. They are lighter and smaller.

In Colombia there are a great variety of tamales but they are very different from their most famous Mexican cousins. They differ from region to region, but all of them are delicious. Envueltos are the sweet tamales made of corn.
thumb|Seafood in Colombia
There are a few chain restaurants in the country. In addition to worldwide franchises (McDonald's, Subway, T.G.I.F.) which are specially focused on Bogotá and other big cities, Colombian chains are very strong and located in almost every city. Presto and especially El Corral serve outstanding burgers, Kokoriko makes broiled chicken, and Frisby specializes in roasted chicken. Gokela is the first choice among people wanting healthy options such as wraps, salads, super fo",False
Q35381,Colombo,"==Eat==
Sri Lankan food can be very spicy, so ask questions and order accordingly. That said, Colombo has a wide range of eateries, and there should be something for almost any combination of food preference and budget.

thumb|String hoppers for breakfast in Colombo
Available everywhere are small bakeries selling rotis (either flat or folded into triangles filled with egg, vegetable or fish), hoppers (bowl shaped pancakes made with coconut milk), and other ""short eats"" (bread-based snacks or fried foods). The price of individual items range from Rs 50-100.

Buy a ""lunch packet"" from street stands practically anywhere in the city. Typically, it will be a filling meal of rice and vegetables for about Rs 180.

* 

* 
* 
* 
* 
* 
* 
* 
* 

*
*
*
*
*
*
*",False
Q1748,Copenhagen,"==Eat==

thumb|250px|For a hearty and traditional Danish lunch, try out the delicious Smørrebrød open-faced sandwiches

If your budget doesn't allow for regular dining at expensive Michelin restaurants, don't despair — there are plenty of other options. The cheapest are the many shawarma and pizza joints that you find on almost every street in the city. You can get a shawarma for as little as kr 15-20 and pizzas start at around DKK 40. You can opt for take away or sit at the one or two tables that are usually available. The cheapest places can be found around Istedgade on Vesterbro and Nørrebrogade on Nørrebro. For affordable and delicious pita kebab, try Ahaaa on Blågårds Plads, or Boys Shawarma & Is for dürüm kebab on Nørrebrogade 216. For the best kebab in the city go to Shawarma Grill House Frederiksberggade 36.

If shawarma gets a little tiring, there are several Mediterranean-style all-you-can eat buffet restaurants dotted around the inner city. Riz Raz is popular, with three locations and a huge vegetarian buffet for kr 145 (lunch) or kr 185 (dinner). The branch on St. Kannikestræde has an infallible ability to seat and feed groups of all sizes. Nearby, Ankara on Krystalgade offers a Turkish-inspired buffet that includes meat as well as salads. Nyhavns Faergekro at Nyhavn has an original herring buffet where you can eat as much herring as you like prepared in twelve different ways (grilled and many different marinades).

For breakfast and lunch try one of Copenhagen's bakeries (Bager — look for a pretzel-like contraption out front). They are numerous and the quality is excellent. Many offer ready-made sandwiches (~kr 35) such as Denmark's famous open-faced rye bread sandwiches called smørrebrød. These sandwiches are small enough to take away and eat either with your hands or with a fork and knife and a wide range of ingredients are available including some elaborate combinations for the more adventurous. Most bakeries also offer coffee, bread rolls and cakes (expect to pay kr 8-10 for Danish pastry, here known as wienerbrød) and many bakeries offer at least some form of counter seating.

thumb|250px|Pølsevogn

For something quintessentially Danish, no visit to Copenhagen is complete without trying out a pølsevogn (see image on the right), literally ""sausage wagon"", where you can get your hands on several different forms of tasty hot dogs with a free selection of various toppings for next-to-nothing by local standards. It is also one of the few places where you are expected to socialize with the other guests. To blend in, remember to order a bottle of Cocio cocoa drink to wash down your hot dog. At night, when the wagons are put into storage, 7-Eleven stores (which are open 24/7) take over the business of satisfying your hot dog craving. They offer other eat-and-walk items like pizza slices or spring rolls.

Also, remember to look out for the term dagens ret on signs and menus — this means ""meal of the day"" and often translates to a filling",False
Q800,Costa Rica,"thumb|Costa Rican breakfast with [[gallo pinto]]
Costa Rican cuisine is a blend of Native American, Spanish, African, and many other cuisines. Dishes such as the very traditional tamale and many others made of corn are the most representative of its indigenous inhabitants, and similar to other neighboring Mesoamerican countries. Spaniards brought many new ingredients to the country from other lands, especially spices and domestic animals. Later in the 19th century, the African flavor lent its presence with influence from other Caribbean mixed flavors. This is how Costa Rican cuisine today is very varied, with every new ethnic group who had recently become part of the country's population influencing the country's cuisine.",False
Q224,Croatia,"==Eat==
thumb|Croatian cheese

Croatian cuisine is quite diverse so it is hard to say what meal is most typically Croatian. In the eastern continental regions (Slavonija and Baranja) spicy sausage such as kulen or kulenova seka is a must try. Čobanac (""shepherd's stew"") is a mixture of several kinds of meat with a lot of red spicy paprika. In Hrvatsko Zagorje and Central Croatia pasta filled with cheese called štrukli is a famous delicacy (it is said that the best štrukli in Croatia is served in the Esplanade Hotel restaurant in Zagreb), as is purica s mlincima, which is baked turkey cooked in a special kind of pastry. Sir i vrhnje (sour cream with cottage cheese) can be bought fresh on the Zagreb main market Dolac. Croats love a bit of oil and you will find plenty of it in piroška. In the mountainous regions of Lika and Gorski Kotar meals containing mushrooms, wild berries and game meat are very popular. One of typical dishes in Lika is police (oven-baked potatoes covered with bacon) and several kinds of cheese (smoked cheese and škripavac).

The coastal region is well known for its truffle delicacies and soup maneštra od bobić (Istria), Dalmatian pršut and paški sir (Pag-island cheese). Dishes made of fresh fish and other products of the sea (calamari, octopus, crabs, scampi) shouldn't be given a miss. Many places serve fish delivered from the local fisherman the night before – find out which ones!

thumb|Ćevapi

Croatian cuisine has yet to come up with a fast food representative. The market is dominated by globally ubiquitous hamburgers and pizzas but you will also find ""burek"" and ""ćevapčići"" imported from the Ottoman Empire, which stretched from the Middle East to neighbouring Bosnia. The latter two dishes are widely popular throughout Southeastern Europe. Burek is a type of meat or cheese pastry whereas ćevapčići are seasoned minced meat shaped in finger-size portions served in bread and often covered with onions. Although definitely not a fast meal (takes several hours to prepare), also foreign in origin is the so-called sarma or sauerkraut rolls filled with minced meat and rice. For those coming back from nightclubs at 04:00 or 05:00 as is common in Croatia, it is popular to go to the local bakery and get fresh bread, burek or krafne (Croatian chocolate filled donuts) straight out of the oven. As far as fast food goes, who needs it when you can buy delicious prsut during the day and warm bread at night to compliment it. Most Croatians generally look down at fast food.

Desserts: What it lacks in the fast food department Croatia makes up with a myriad of desserts. Probably the most famous is its delicious creamy cake called kremšnite but different kinds of gibanica, štrudla and pita (similar to strudel and pie) such as orehnjača (walnut), makovnjača (poppy) or bučnica (pumpkin and cheese) are also highly recommended. Dubrovačka torta od skorupa is delicious but hard to find. Paprenjaci (pepper cookies) are said to reflect Croatia's tumultu",False
Q241,Cuba,"==Eat==
thumb|A meal in Trinidad

Cuban cuisine has a partly deserved reputation for being bland, particularly compared with some neighbors like Jamaica. The national dish in Cuba is rice and beans (moros y cristianos), and the local spice repertoire rarely extends beyond salt and garlic. While the state-run restaurants many tourists ended up eating at had little incentive to improve flavor, the dining scene has improved considerably and the best food will generally be found in your casa particular or in privately owned and operated restaurants called paladares.

Black beans are a main staple in Cuban households. Cubans eat mainly pork and chicken for meat. Beef and lobster are controlled by the state, and therefore illegal to sell outside of state owned hotels and restaurants, however special lobster lunch/supper offers are plentiful for tourists. You may see turtle on menus in paladares, but they are endangered and eating them is illegal. That an item is listed on a menu does not, however, mean it is available.

Small street vendors typically sell
* sandwiches
* fruits (1 banana CUP1-2)
* small pizzas (CUP10-20) handed in whatever clean paper is around (usually approximately a 15-20 cm round piece with some tomato sauce and few flakes of cheese. They are OK.)
* refrescos (usually various juices)
* spaghetti in tomato sauce
* ice cream
* cream cakes

The quality varies from vendor to vendor.

thumb|[[Street food|Street vendor with barbecued pig]]
The tourist areas of Havana and other large cities have many dining options.

Paladares, locally owned restaurants in private homes, are plentiful, even in the smaller towns. Seating is often limited, so you may need to arrive when they open, usually around 17:00-18:00. If you are staying in a casa particular ask your host for recommendations, as the quality of the food can vary substantially between paladares. Only eat in ones that have a printed menu with prices, otherwise you are very likely to pay two to three times as much as you should. Several have taken to printing two different menus, one with local prices and one with foreigner prices. Eating in paladares is legal, but if you are taken there by a Cuban, you may be charged extra in order to cover commission of the person who brought you. A supper will cost around ~US$7-10 per person.

There are private restaurants that cater for Cubans and are only allowed to take CUP. You will recognise them by a board that states the daily offers and prices. A tasty serving of rice, vegetables, plantains, and pork or beef will cost around CUP30-50. Some places even sell it to you in a cajita [""little box"" in English].

Restaurants are owned by the government and run by employees, and the food ranges from bland to spicy. Eating in state owned hotels and restaurants is significantly more expensive and compares with prices in many first world countries. An average supper with soup, dessert and a glass or two of wine could easily cost ~US$20-30 per person. In the",True
Q25279,Curaçao,"Local food is called Krioyo (pronounced the same as criollo, the Spanish word for ""Creole"") and is similar in flavours and techniques to Caribbean cuisine and Latin American cuisine. Dishes common in Curaçao are found in Aruba and Bonaire as well. Popular dishes include stobá (a stew made with various ingredients such as papaya, beef or goat), guiambo (soup made from okra and seafood), kadushi (cactus soup), sopi mondongo (intestine soup), funchi (cornmeal paste similar to fufu, ugali and polenta) and fish and other seafood.

The ubiquitous breakfast dish is pastechi: fried pastry with fillings of cheese, tuna, chicken, or ground meat. Around the holiday season special dishes are consumed, such as the hallaca and pekelé, made out of salt cod. At weddings and other special occasions a variety of kos dushi are served: kokada (coconut sweets), ko'i lechi (condensed milk and sugar sweet) and tentalaria (peanut sweets). The Curaçao liqueur was developed here, when a local experimented with the rinds of the local citrus fruit known as laraha. Surinamese, Chinese, Indonesian, Indian and Dutch culinary influences also abound.",False
Q229,Cyprus,"thumb|left|Cypriot [[meze]]

During the medieval period, under the French Lusignan monarchs of Cyprus an elaborate form of courtly cuisine developed, fusing French, Byzantine and Middle Eastern forms. The Lusignan kings were known for importing Syrian cooks to Cyprus, and it has been suggested that one of the key routes for the importation of Middle Eastern recipes into France and other Western European countries, such as blancmange, was via the Lusignan Kingdom of Cyprus. These recipes became known in the West as vyands de Chypre, or foods of Cyprus, and the food historian William Woys Weaver has identified over one hundred of them in English, French, Italian and German recipe books of the Middle Ages. One that became particularly popular across Europe in the medieval and early modern periods was a stew made with chicken or fish called malmonia, which in English became mawmeny.William Woys Weaver, 'Poland in the Middle Ages' in Maria Dembinska (ed.) Food and Drink in Medieval Poland: Rediscovering a Cuisine of the Past (Philadelphia: University of University of Pennsylvania Press, 1999) pp.&nbsp;41–46

Another example of a Cypriot food ingredient entering the Western European canon is the cauliflower, still popular and used in a variety of ways on the island today, which was associated with Cyprus from the early Middle Ages. Writing in the 12th and 13th centuries the Arab botanists Ibn al-'Awwam and Ibn al-Baitar claimed the vegetable had its origins in Cyprus, and this association with the island was echoed in Western Europe, where cauliflowers were originally known as Cyprus cabbage or Cyprus colewart. There was also a long and extensive trade in cauliflower seeds from Cyprus, until well into the sixteenth century.Jon Gregerson, Good Earth (Portland: Graphic Arts Center Publishing Company, 1990) p.41

thumb|upright=0.75|Cypriot [[Halloumi]]
thumb|upright=0.75|Cypriot style café in an arcade in [[Nicosia]]

Although much of the Lusignan food culture was lost after the fall of Cyprus to the Ottomans in 1571, a number of dishes that would have been familiar to the Lusignans survive today, including various forms of tahini and houmous, zalatina, skordalia and pickled wild song birds called ambelopoulia. Ambelopoulia, which is today highly controversial, and illegal, was exported in vast quantities from Cyprus during the Lusignan and Venetian periods, particularly to Italy and France. In 1533 the English traveller to Cyprus, John Locke, claimed to have seen the pickled wild birds packed into large jars, of which 1200 jars were exported from Cyprus annually.David Bannerman and Mary Bannerman Birds of Cyprus (London: Oliver and Boyd, 1958) p.&nbsp;384

Also familiar to the Lusignans would have been Halloumi cheese, which some food writers today claim originated in Cyprus during the Byzantine period although the name of the cheese itself is thought by academics to be of Arabic origin.P. Papademas, ""Halloumi Cheese"" in A.Y. Tamime (ed.), Brined Cheeses",False
Q213,Czech Republic,"==Eat==
Like in most other touristy European countries, the main tourist areas are full of tourist trap restaurants serving overpriced and mediocre food. Therefore, it is important that you find pubs and restaurants patronised by Czechs themselves; ask local friends for their recommendations if possible, or try looking at online review sites beforehand. English proficiency can be a hit or miss, and is usually poor to non-existent in more traditional establishments with older waitstaff, so bring along your Czech phrasebook just in case. Also note that service is usually brusque by American standards in pubs and restaurants that primarily serve a local clientele.

In a vast majority of better restaurants located in major cities, you can pay by credit card (ElectronCard/Mastercard, Visa), but don't be surprised if a few will not accept them. Check the door for respective card logos when entering the restaurant or ask the waiter before ordering if you don't carry cash. Czechs sometimes use special meal tickets (stravenky) to pay in some restaurants — these are tax-preferred and subsidised by employers. You won't get these tickets unless you get a job in the Czech Republic; just don't be surprised when you see them.

Many local restaurants serve a ""daily menu"" (denní menu), which is essentially a two to three-course lunch special at a discounted price. The menus for these will usually be in Czech only, as they are primarily targeted at the local office workers, and are only available at lunchtime, ending at around 13:00–14:00. Nevertheless, where available, they are of good value, and you are welcome to order it as a visitor too. 

A good place to find traditional Czech food at affordable prices is a lidová jídelna, often translated as ""cafeteria"" or ""canteen"". A relic of the communist era when they were set up by the government to provide meals to the workers, these are typically self-service cafeteria-style, only have Czech menus on the wall, do not have English-speaking staff, and only open for lunch, but the prices can't be beaten.

Traditional Czech food is hearty and suitable after a hard day in the fields. It is heavy and quite fatty, and is excellent in the winter. There is now a trend towards lighter food with more vegetables, the traditional heavy and fatty Czech food is usually not eaten every day and some people avoid it entirely. However, nothing goes as well with the excellent Czech beer as some of the best examples of traditional Czech cuisine, like pork, duck, or goose with knedlíky (dumplings) and sauerkraut.

A traditional main meal of a day (usually lunch) consists of two or three dishes. The first dish is hot soup (polévka). The second dish is the most important part, very often based on some meat and side dish (both served on the same plate). The third, optional part is either something sweet (and coffee) or a small vegetable salad or something similar.

For something light, look for a small open-faced sandwich known as chlebíček.",False
Q16557,Dallas,"==Eat==

Areas with high concentrations of restaurants include the following:
* Beltline Road through Addison and North Dallas, just north of I-635, has perhaps the most restaurants per-capita in the U.S. If there is a type of food you like then you can probably find it there.
* Greenville Avenue running north to south in East Dallas, has many restaurants along its length, particularly in Lower Greenville.
* Knox and Henderson streets (the ""Knox/Henderson"" neighborhood), off US-75 Uptown have many laid-back, stylish restaurants.
* McKinney Avenue is the heart of Uptown, with a wide variety of quality establishments.
* The West End in the northwest part of Downtown has a good mix of original local restaurants and successful chain establishments.
* The Bishop Arts District of South Dallas, one of the city's more bohemian spots, is full of unusual and innovative restaurants.
Dallas has a good number of its own chain restaurants which have become quite successful in the area, offering unique local flavors.

* 
* 

Main Street in Downtown has seen major improvements over the last few months, with plenty of places to eat and to play. Highly Recommended. Don't forget to stop by the City Tavern for a longneck or two.

* West End - This is an attractive enough historic neighborhood with buildings in a turn-of-the-century redbrick vernacular—the notorious School Book Depository is one of them—in the northwest quadrant of downtown. The area is mostly popular with suburbanites and tourists out for dinner and a quick stroll around the neighborhood but has a number of bars as well.
* Deep Ellum is a district of bars, dance clubs, music venues and tattoo shops east of downtown on Main, Elm and Commerce streets. It is a hipster haven for young people and a weekend destination for music lovers of all ages, and is named for being on the far (""Deep"") end of Elm Street (""Ellum."")
* Uptown and McKinney Ave - This is where Dallas' beautiful people go to see and be seen. Trendy to the nth degree, this neighborhood contains very upscale, fashionable clubs.
* Lower Greenville has many older drinking establishments.
* Downtown is home to a burgeoning nightlife district and upscale restaurants.
* Addison has some famous drinking spots tucked in among its many restaurants, notably The Flying Saucer.",False
Q3766,Damascus,"==Eat==

thumb|Delicious pistachio ice cream served at Bakdash.

The famous vegetarian falafel sandwich, chicken shawarma, and manakeesh, bread filled with zatar, spinach, meat, pizza-style tomato and cheese or other fillings are widely available and cheap. Less common but still widely spread are places which sell foul (boiled fava beans with sauce) and hummus.

A typical Damascene dish is fatteh, made up of soaked bread, chickpeas and yogurt. Delicious and extremely filling, it is excellent on a cold winter's day. Try it with lamb or sheep's tongue, or plain with the typical garnish of a little pickle and nuts.

There is a foul restaurant on Souq Saroujah, the same street as hotel Al-Haramein and one at the bab touma square. Also in this ""backpacker district"" on Souq Sarouja is Mr Pizza serving good pizzas, sandwiches, burgers and fries.

Shawarma is, of course, popular in Damascus. It comes in different varieties, including chicken and beef. Station One (near the Noura Supermarket in Abu Rumaneh) is one of many restaurants that serve shawarma throughout the city.

In order to really experience local Syrian cuisine, be sure to visit a section of Damascus called Midan. It lies south of the old city and can easily be reached by walking south from the western entrance to Souq al-Hamadiyya or from Bab Saghir. There is a main street there called Jazmatiya which offers an unlimited amount of shawerma & falafel stands, butcher shops/restaurants and plenty of Syrian pastry shops which are clearly marked by 2.5-metre-high towers of sweets stacked on top of each other. Be sure to try Shawarma from ""Anas,"" which makes some of the best sandwiches in Damascus. This main street is best to visit at night and doesn't close till around 03:00. The street is very safe and is always very busy.

Another unusual treat is a camel kebab, available tasty and fresh from the camel butchers outside Bab Saghir. As they typically advertise their wares by hanging a camel head and neck outside the premises, you're unlikely to miss them.

Fresh juice stalls are available all over the city. Orange juice (aasir beerdan) and other fruits are available. Many fruit stalls also have a range of dishes like hot dog, sojouq (Armenian sausage), liver (soda) and meat (kebab etc.). These may not always be the safest to eat.

Fruits and vegetables which are not peeled might cause infections, but are still very good. Select places that have a steady stream of customers.

The area around Martyr's square is polluted with pastry shops selling sweet, tasty and cheap baklava.

Do not try to eat in empty places, only crowded restaurants and food places are safe otherwise you may get food poisoning from Shawerma sandwiches or any other product (especially in summer) so beware!

* 

*
*
*Pizza Pasta, sharia medhat pasha, at the turn to Bab Kisan. This place serves descent pasta and good pizza, and also antipasto and alcohol. The service is often less than good, but it's worth for the food. No menu,",False
Q25282,Da Nang,"==Eat==
thumb|Mi quang, a regional specialty, at Mi Quang 1A

Although not a culinary capital like the ancient imperial capital Hue, Da Nang still has more than enough variety to keep you well fed throughout your stay. Seafood (hải sản) is popular, so you shouldn't be surprised to see plenty of fish (cá), shrimp (tôm), squid (mực), clams (nghêu), snails (ốc), the list goes on. There are many vegetarian restaurants which are listed as ""Quán chay"" (""vegetarian"") or less frequently ""Quán ăn chay"" (""vegetarian restaurant""), and most are vegan. The vegetarian restaurants have a wide selection of dishes and are generally cleaner than places that are not vegetarian.

Then there are regional specialities like mì Quảng, or Quang Nam-style noodles, featuring chicken, shrimp, quail eggs, peanuts and rice crackers in a turmeric-spiced broth; bún chả cá, or rice vermicelli with fish sausage; and bún mắm, or rice vermicelli served with a strong fish sauce that's not for the weak of palate. Central Vietnamese love their food to be spicy, so be warned that the chili peppers (ớt) can be strong even if small.

thumb|right|Bún bò Huế ở Đà Nẵng. The local version of the classic dish from Quán Thảo.

The night markets (see Buy) are also a great place to feast on local food cheaply.

* 
* 
* 
* 
* 
* 

* 
* 
* 
* 
* 
* 
* 

thumb|right|Mỳ quảng cá lóc ở Đà Nẵng at Quán Dung Mỳ Quảng, Tp. Đà Nẵng. Quảng Province style noodles with snakehead fish.
* 
* 
* 

* 
thumb|right|Bún mắm thịt heo luộc ở Đà Nẵng from Bún Mắm Vân, Đà Nẵng. Rice noodles served with boiled pork and a strong, fermented shrimp paste, Đà Nẵng style.

* 
* 
* 
* 
* 
* 

thumb|Tanks of live seafood at Ngoc Huong

Da Nang's favorite splurge is live seafood (hải sản) restaurants, dozens of which can be found around the My Khe seafront. They all follow basically the same formula: pick your victims from the tanks (or simple plastic buckets in cheaper backstreet joints), say how you'd like to have them cooked (the staff is happy to make recommendations), and before you can say ""and some Larue beer please"" the dishes will start piling up on your table. Use caution when ordering though: you'll be guided to the most expensive items like lobster, crab and exotic fish, which can easily rack up a bill of hundreds of dollars. If the menu says ""market price"", or the labelling of the tanks is not clear, double-check the price before ordering.

* 
* 
* 
*",False
Q1960,Dar es Salaam,"==Eat==

Due in part to the growth of the expatriate community and the increasing importance of tourism, the number of international restaurants has risen very rapidly. The city now offers a rich and internationalized diversity of cuisine, ranging from traditional Tanzanian Barbecue style options such as Nyama Choma (Roasted meat&nbsp;– served with rice or ugali) and Mishkaki (Shish kebab&nbsp;– usually barbecued and served with salt, hot peppers, chapati, fries, and rice on the side), and the long-established traditional Indian and Zanzibari cuisine, to options from all corners of the globe including Chinese, Thai, Turkish, Italian, and Japanese food. Restaurants like City Garden, Addis in Dar, and Best Bite are only a few of the most popular restaurants in Dar es Salaam. Even fast food restaurants like Steers and Subway now have prominent places in the restaurant sector of Dar es Salaam. People who prefer neither fast food or traditional restaurants buy their food from street vendors, who usually sell good food for very affordable prices. Samosas are common street food items within the city. Primary and secondary school students are usually more likely to buy food from street vendors than other age demographics.

:$ = Cheap (TSh 1,000–5,000 for a meal for one)
:$$ = Average (TSh 5,000–10,000)
:$$$ = Moderate (TSh 10,000–20,000)
:$$$$ = Expensive (TSh 20,000+)

Traditional Tanzanian food can be had on almost any street. From grilled meats (mishikaki) to BBQ corn on the cob, and chips and eggs (chips mayai). If you're looking for something a little more sanitary, there are a number of small hotels and restaurants that serve a buffet style meal at lunch time which offers a variety of Tanzanian stews, deep fried fish and chicken, and vegetables. Some good choices:

* 
* 
* 
* Local ""hotelis"" or restaurants can be found on just about every major street. Most serve ugali, rice or chapati with beans, meat or fish stews, and mishitaki (grilled kebabs).

For something even more upscale, try the Sunday brunch at the Kilimanjaro Hotel. The restaurant on the ground floor offers a wide variety of Western dishes but also includes several local favourites taken up a notch. It's not cheap, about TSh 30,000 per person, but if you're interested in trying Tanzanian cuisine without risking gastrointestinal complications, it's your best bet. The buffet contains all you can eat smoked salmon of the highest quality, among other delicacies.

thumb|280px|A street market in Buguruni

* Bimbis @ The Badminton Institute (Maratha Club) ($) multi-cuisine budget restaurant, near Elia complex, Zanaki Street, Kisutu, The restaurant is in central Dar, most nights it's busy with both ex-pats and Indians.
* Upanga Club ($) on Ali Hassan Mwinyi Road near Alliance Française (Upanga), is similar in style and cuisine to the Badminton Institute, and you also have to pay TSh 1,000 entrance as a non-member.
* A Tea Shop ($) just off of Libya Street, has great kebabs other Indian snacks.",True
Q11568,Darwin,"==Eat==

Darwin’s downtown dining hub encompasses Mitchell and Knuckey Streets and is brimming with restaurants, cafes and pubs. Dinner in Darwin can be classy or casual, but always relaxed. For breakfast, Café Uno serves a tasty toasted avocado, tomato and cheese croissant, and coffee lovers should head to Café 21 in the mall. For something a little different, try the coconut loaf with lemon curd at Roma Bar or French toast with maple syrup and bacon at Ducks Nuts Bar and Grill.

thumb|Asian Restaurant on Smith St Mall

Lunch options in the Central Business District are endless. Jump on the sushi train at Go Sushi, people-watch over a Caesar salad at Wisdom Bar & Café or try the crispy roast duck at Roast and Noodle. Enjoy Yum Cha at Tasty House, sample the variety of Tapas at Moorish Café or create your own stir-fry at Magic Wok. There is an array of pubs that serve up fish and chips, burgers and parmas, try Kitty O’Shea’s, Shennanigans or the Fox Ale House. For a juicy steak and fine wine visit Char Restaurant @ Admiralty, head to Hanuman for consistently great curry, get your Italian from Giuseppe’s or try mod oz fare matched with a colourful cocktail at Monsoons.

* 

* 
* 
* 
* 
* 

*
*
* 

* 
*
*
*

Stokes Hill Wharf Watch the barges, sail boats and tinnies out on the harbour or peer over the edge to see moon fish getting their feed from chips dropped by diners. Most of the food served here is picnic style take away. Stir-fried noodles, beer battered barramundi, crumbed calamari and other choices are presented on plastic plates. Make sure you visit the ice cream shop and refresh your palate with a scoop of butterscotch or mint choc chip. There is also a more upmarket seafood restaurant on site.

Well known for its markets, but also has a diversity of lesser-known restaurants. Try sizzling Mongolian beef at The Happy Garden Chinese Restaurant or steaming hot tamales from Prickles then move on to coffee and cake at The Cyclone Café or Paraparazzi. If you want to stock up on gourmet goodies, head to Parap Fine Foods, they’ve got a great deli and stock French home-style bread.

*

*

Best known for its views and pricey real estate, the assortment of dining in Fannie Bay is considerably less expensive than the housing. You can drink a glass of sparkling with breakfast at Cornucopia Museum Café, but be sure to book, as it is always busy. Across the road is the Darwin Ski Club, where the food is pub-style with harbour views. Try The Cool Spot Cafe, a trendy hangout that offers great light meals and snacks. The seafood dishes are a highlight at Pee Wee’s at The Point, especially the soft shell mud crab.

*

*

Offers an abundance of seafood choices and expansive harbour views, but you’ll also find Italian, Thai, Greek and French cuisine. Freshly shucked oysters are a specialty at Yots Greek Taverna, try the barramundi at La Beach, succulent battered bug tails from the takeaway fish and chip shop or settle with a glass of sparkling at Buzz Café. Th",False
Q1353,Delhi,"thumb|left|Kitchen, [[Karim's, Old Delhi, a historic restaurant, established 1913]]
As India's national capital and centuries old Mughal capital, Delhi influenced the food habits of its residents and is where Mughlai cuisine originated. Along with Indian cuisine, a variety of international cuisines are popular among the residents. This variety of cuisines created a unique style of cooking which became popular throughout the world, with dishes such as Kebab, biryani, tandoori. The city's classic dishes include butter chicken, dal makhani, shahi paneer, aloo chaat, chaat, dahi bhalla, kachori, gol gappe, samosa, chole bhature, chole kulche, gulab jamun, jalebi and lassi.

The fast living habits of Delhi's people has motivated the growth of street food outlets. A trend of dining at local dhabas is popular among the residents. High-profile restaurants have gained popularity in recent years, among the popular restaurants are the Karim Hotel, the Punjab Grill and Bukhara. The Gali Paranthe Wali (the street of fried bread) is a street in Chandni Chowk particularly for food eateries since the 1870s. Almost the entire street is occupied by fast food stalls or street vendors. Other Indian cuisines are also available in this area even though the street specialises in north Indian food.",True
Q35,Denmark,"==Eat==

Apart from the ubiquitous kebab shops and pizza stands, dining in Denmark can be fairly expensive, but a worthwhile cost. As a family with kids, you can dine at nearly any restaurant in Denmark, as long as your kids are able to behave themselves. Many restaurants have a special child's menu option (børnemenu in Danish) at a cheaper price.

Most Danish cafes and restaurants are very children friendly. Dogs are generally not allowed inside, but there are places that welcome dogs.

In the new millennium, Copenhagen has emerged on the world scene as a very happening place for food enthusiasts and gastronomic travellers, the highlight being the world-renowned restaurant Noma serving and evolving the New Nordic Cuisine, but many restaurants with an international gourmet cuisine has also been celebrated and are attracting attention internationally. Copenhagen is not the only place with high end restaurants worth a visit and international gastronomic guides have broadened their discerning gaze to include several places outside the capital in the last few years. Three restaurants in Aarhus has received Michelin stars since 2015 and many places in the province are featured in food guides. If you are looking for gastronomic experiences out of the ordinary in Denmark, it could be a good idea to study The White Guide a bit. It is not a complete guide, but it claims to be the only authoritative restaurant guide for the Nordic region and started out in Sweden.

Restaurants and eateries serving traditional Danish meals have also been on the rise throughout the country and they are popular with both Danes and tourists alike.

In most major cities, restaurants offering an international cuisine are common, as are restaurants of other cultural flavours, especially Mediterranean and Asian. Speciality places such as Japanese, Indian, Caribbean or Mexican restaurants can be found too. The food quality is generally high, with a strictly enforced nationwide quality control system. Every employee that prepares food needs a hygiene certificate and the competition is usually too sharp for most low-quality businesses to survive. If these facts doesn't make you feel safe, popularity among locals is usually an indicator of quality as in most other countries.

Organic produce and environmental awareness is very high on the agenda in Denmark and everywhere you go, restaurants and eateries advertise with organic food. There is a nationwide system with bronze, silver and gold signs, signalling how large a percentage of the food is organic. Organic is called ""Økologisk"" in Danish and the letter ""Ø"" (often in red) marks organic produce in general.

thumb|Flæskesteg (pork roast with cracklings) with potatoes, brown potatoes, brown gravy and pickled red cabbage. Traditional Danish food are often hearty meals and pairs well with beer.
thumb|Stegt flæsk med persillesovs (Roast pork with parsley sauce) with potatoes or bearnaise sauceTraditional Danish fare has similarities with",False
Q16554,Denver,"==Eat==
thumb|Evening thunderstorms are common in late spring and fall

Mexican food is abundant and satisfying and takes a local Denver flavor. Green chili is the order of the day: a brown, chunky and spicy sauce made from pork and Pueblo or Hatch green chilies that works well on everything from chorizo and eggs to tamales. Denver is also known for ""western"" food using ingredients such as angus beef, buffalo, rattlesnake, cutthroat trout and Rocky Mountain oysters. The city also embraces its cultural diversity with a wide range of ethnic restaurants. Southeast Asian restaurants are especially abundant with a multitude of Thai and Vietnamese restaurants in every style and price range. Like other large cities, Denver has most types of cuisine, and several restaurants have been noted in top food publications. Smoking inside bars and restaurants is prohibited statewide; however, some places with outdoor patios still allow smoking there.

The restaurant section of the weekly independent newspaper Westword (available for free every Thursday at newsstands and locations across the city) is a good place to find the food you are interested in for your price-range and location. Below is a sampling of some consistently good choices.

* 

* 

* 
* 
* 

* 
* 
* 
* 
* 
* 

* 
* 
* 

* 

* 

* 

* 

* 

* 

* 

* 

thumb|With over 2000 restaurants, Chipotle Mexican Grill started in Denver, and their first restaurant is near the University of Denver campus

* 
* 
* 
* 
* 
* 
* 

* 
* 
* 
* 
*",False
Q39709,Des Moines,"==Eat==
What to eat in Des Moines? Iowa is a meat-and-potatoes kind of place, with generous servings, and the possibility of a piece of pie afterwards. But when you're in Des Moines, keep an eye out for the locally invented steak de burgo, a beef tenderloin featuring garlic, butter, and sometimes a bit of cream.

* 
* 
** 
** 
** 
** 
** 
** 
* 
* 
* 
* 
** 
** 
** 
** 
** 
* 
* 

* 
* 
* 
* 
** 
** 
* 
* 
* 
* 

* 
* 
* 
* 
* 
* 
* 
* 
* 
* 

*",False
Q1354,Dhaka,"thumb|Dhaka has a renowned style of mutton (goat meat) and potato [[biryani, known as the Kacchi Biryani.]]
thumb|[[Bakarkhani is a snack item mostly eaten in old Dhaka]]
Historically, Dhaka has been the culinary capital of Bengal for Muslim cuisine, particularly Mughlai cuisine. Restaurants in the city serve several types of biryani, including Kacchi Biryani (goat meat), Tehari (beef), Murag Pulao (chicken), and Ilish Pulao (ilish fish). Khichuri rice is a popular comfort food. A distinct variant of Bengali-Mughlai cuisine evolved in the city. Like other Mughal cities, a special tradition exists to eat nihari beef stew during breakfast. In Dhaka, the nihari stew can be eaten with Bengali breads. Chefs from Dhaka, the former Mughal provincial capital, served in the kitchens of the Nawabs of Dhaka and Murshidabad. They invented the Kacchi Biryani, which is a variant of biryani with mutton steaks and potatoes. One of the longest surviving outlets serving authentic Kacchi Biryani is Fakhruddin's. Kacchi Biryani is highly popular in Bangladeshi cuisine, with food critic and former MasterChef Australia judge Matt Preston praising its use of potatoes. Borhani is served as a drink alongside biryani. The Nawabi cuisine of Dhaka was notable for its patishapta dessert and the Kubali pulao. The korma recipe of the Nawab family was included by Madhur Jaffrey in her cookbook ""Madhur Jaffrey's Ultimate Curry Bible"". Bakarkhani breads from Dhaka were served in the courts of Mughal rulers.

Since 1939, Haji biryani has been a leading biryani restaurant in the city. Dhaka also has a style of Murag Pulao (chicken biryani) which uses turmeric and malai (cream of milk) together. Local kebabs are widely eaten when dining out. The seekh kebab and chicken tikka are the most popular dishes in kebab restaurants, which are eaten with either naan or paratha. Liver is often eaten with breads, as a stuffing, or as a curry. Star Kabab is the most popular kebab chain in the city, alongside other chains and gourmet restaurants. Different kinds of bhurta, which refers to mashed vegetables, are widely eaten. Various types of Bengali fish curry are found in the city. Along with South Asian cuisine, a large variety of Western and Chinese cuisine is served at numerous restaurants and food courts. Upmarket areas include many Thai, Japanese and Korean restaurants. Italian food is also very popular in Dhaka, especially in upmarket areas.

During Ramadan, Chowkbazar becomes a busy marketplace for iftar items. The jilapi of Dhaka are much thicker than counterparts in India and Pakistan. The Shahi jilapi (king's jilapi) is one of the thickest jilapi produced. The phuchka and jhalmuri are popular street food. Dhaka hosts an array of Bengali dessert chains that sell a wide variety of sweets. Samosas and shingaras are also widely eaten traditional snacks. In recent years, the number of Bangladeshi-owned burger outlets has increased across the city. Notable bakeries include the Prince of Wale",True
Q7003,Dijon,"==Eat==
Many of the dishes that Americans think of as traditionally French originated in Burgundy, for example 'coq au vin'. One great strategy is to order the fixed-price (prix fixe) menu, usually three courses including dessert. It provides a good sense of what the restaurant is like.

Jambon persillé (terrine/meatloaf of parsleyed ham) and pain d'epices (gingerbread) are local delicacies of the region.

There are 23 Michelin-starred restaurants in the area.

* 
* 
* 
* 
* 
* 
* 
* You also find the chain restaurants of New School Tacos and Chamas Tacos.

* 
* 
* 
* 
* 

* 
*",False
Q9310,Dili,"==Eat==
There are plenty of restaurants in Dili, from local, Italian, Portuguese to Australian. Most popular in the evenings are the seafood BBQ places east of Dili on the beach.

Timorese and Indonesian warungs, where you pick your food from the window, are everywhere and cost $1.50-3.00 for a typical meal.

* 
* 
* 

To self-cater, start at the Timor-Leste Government Building, Palacio Do Governo. Head east, away from the airport. If you walk up the left hand road, about halfway up on your right is Dili Cold Store supermarket.

If you head out on the road towards the airport you will find the Comoro market, which is one of the two big markets in Dili. It is a little bit hard to find as it is set back from the road. If you are travelling from the UN building it is about a 20-minute walk – if you reach the Leader supermarket on the right you have gone too far. The markets are amazing. When you first arrive they look grimy and the place is covered in dust in the dry season and very muddy in the wet, but if you go inside you will find fruit, veggies and coffee all piled in little piles (this is the measurement for purchases – around 10c for leafy veggies and 50c for everything else). If you live with a Timorese family it is wonderful to go there and bring home little treats such as eggs and condensed milk, bananas and potatoes as they are usually beyond the everyday budget (rice and green vegetables are the staple diet of Timor-Leste).

The Leader supermarket has lots of western treats, including chocolate and toilet paper.
* 

The legendary R 'n' R café has sadly closed, as did several other longstanding restaurants after the UN mission left; however, growing prosperity and an influx of Europeans have led to a proliferation of restaurants:
* 
* 
* 
* 
* 
* 
* 
* 
* 
* 
* 
* 
* 
* 

* 
*",False
Q3604,Djibouti,"==Eat==
The city of Djibouti has many places to eat, including tourist traps. Western food is often expensive cuisine, with local cuisine being much cheaper. For example, the Ethiopian Community Center offers a wide variety of local, tasty and reasonably priced dishes. Average price per meal outside tourist areas is US$4 including drink.",False
Q977,Djibouti,"thumb|right|A plate of [[samosa|sambusas, a popular traditional snack]]

Djiboutian cuisine is a mixture of Somali, Afar, Yemeni, and French cuisine, with some additional South Asian (especially Indian) culinary influences. Local dishes are commonly prepared using a lot of Middle Eastern spices, ranging from saffron to cinnamon. Grilled Yemeni fish, opened in half and often cooked in tandoori style ovens, are a local delicacy. Spicy dishes come in many variations, from the traditional Fah-fah or ""Soupe Djiboutienne"" (spicy boiled beef soup), to the (spicy mixed vegetable stew). (pronounced ""halwo"") or halva is a popular confection eaten during festive occasions, such as Eid celebrations or wedding receptions. Halva is made from sugar, corn starch, cardamom powder, nutmeg powder and ghee. Peanuts are sometimes added to enhance texture and flavor.Ali, Barlin (2007) Somali Cuisine. AuthorHouse. p. 79. After meals, homes are traditionally perfumed using incense () or frankincense (), which is prepared inside an incense burner referred to as a dabqaad.",False
Q48256,Dnipro,"==Eat==
Borscht, cutlet po Kyiv, and cutlet po domashnyomu, olivier (mayonnaise salad) and plove for a good rice dish.

For a quick meal get a schwarma, there is a great place in the city center.
*
*
*
*
*
*
*",False
Q784,Dominica,"Dominica's cuisine is similar to that of other Caribbean islands, particularly Jamaica, Saint Lucia, and Trinidad and Tobago. Like other Commonwealth Caribbean islands, Dominicans have developed a distinct twist to their cuisine. Breakfast is an important daily meal, typically including saltfish, dried and salted codfish, and ""bakes"" (fried dough). Saltfish and bakes are combined for a fast food snack that can be eaten throughout the day; vendors on Dominica's streets sell these snacks to passersby, together with fried chicken, fish and fruit and yogurt ""smoothies"". Other breakfast meals include cornmeal porridge, which is made with fine cornmeal or polenta, milk or condensed milk, and sugar to sweeten. Traditional British-influenced dishes, such as eggs and toast, are also popular, as are fried fish and plantains.

Common vegetables include plantains, tannias (a root vegetable), sweet potatoes, potatoes, rice and peas. Meat and poultry typically eaten include chicken, beef and fish. These are often prepared in stews with onions, carrots, garlic, ginger and herbs. The vegetables and meat are browned to create a rich dark sauce. Popular meals include rice and peas, brown stew chicken, stew beef, fried and stewed fish, and many different types of hearty fish broths and soups. These are filled with dumplings, carrots and ground provisions.",False
Q786,Dominican Republic,"thumb|Chicharrón mixto, a common dish in the country derived from Andalusia in southern Spain

Dominican cuisine is predominantly Spanish, Taíno, and African in origin. The typical cuisine is similar to what can be found in other Latin American countries. One breakfast dish consists of eggs and mangú (mashed, boiled plantain). Heartier versions of mangú are accompanied by deep-fried meat (Dominican salami, typically), cheese, or both. Lunch, generally the largest and most important meal of the day, usually consists of rice, meat, beans, and salad. ""La Bandera"" (literally ""The Flag"") is the most popular lunch dish; it consists of meat and red beans on white rice. Sancocho is a stew often made with seven varieties of meat. 

Meals tend to favor meats and starches over dairy products and vegetables. Many dishes are made with sofrito, which is a mix of local herbs used as a wet rub for meats and sautéed to bring out all of a dish's flavors. Throughout the south-central coast, bulgur, or whole wheat, is a main ingredient in quipes or tipili (bulgur salad). Other favorite Dominican foods include chicharrón, yuca, casabe, pastelitos (empanadas), batata, ñame, pasteles en hoja, chimichurris, and tostones.

Some treats Dominicans enjoy are arroz con leche (or arroz con dulce), bizcocho dominicano (), habichuelas con dulce, flan, frío frío (snow cones), dulce de leche, and caña (sugarcane). The beverages Dominicans enjoy are Morir Soñando, rum, beer, Mama Juana,""Bebidas típicas de República Dominicana"" . RepublicaDominicana.net (in Spanish). batidas (smoothie), jugos naturales (freshly squeezed fruit juices), mabí, coffee, and chaca (also called maiz caqueao/casqueado, maiz con dulce and maiz con leche), the last item being found only in the southern provinces of the country such as San Juan.

In 2018 and 2019, Santo Domingo was named a Culinary Capital of the Caribbean by the Ibero-American Academy of Gastronomy.",False
Q43070,Donetsk,"==Eat==
* 
* 
There are various restaurants in or around the centre of the city:

*
* 
* 
*Legenda - Russian cuisine
*Tequila Boom - A Mexican restaurant
*Shato - Russian cuisine
*Marakesh - A Moroccan restaurant
*Netske - A Chinese restaurant
*Tri Tolstjaka - Western style restaurant
*Yakitoriya - Sushi bar
*Latin Quarter - Western style restaurant",False
Q1295,Dortmund,"==Eat==
thumb|200px|Dortmunder Saltcake and Export beer
Traditional meals in the region are Pfefferpotthast (kind of Goulash with a lot of beef), Balkenbrij, Heaven and Earth (Himmel und Äd; black pudding with stewed apples mixed with mashed potatoes), Currywurst and Pumpernickel with Griebenschmalz (German lard with crispy pieces of pork skin). In summer the people like to eat a Dortmunder Salzkuchen (Bread buns with caraway fruits, salt, meat and onions). Also a special meal in the winter is Reibekuchen (fried potato pancake served with apple sauce).

All these are in the city centre:
* 
* 
* 
* 
* 
* 

A wide range of different kind of fast food can be found along the street Brückstraße, a lot of vegetarian food, döner kebab, burgers, pizza and so on. On the weekends your best bet for a late night snack.

Another place for various restaurants is the upper floor of the shopping centre Thier-Galerie.

All these are in the city centre:
* 
* 
* 
* 
* 
* 

* 

* 
** 
** 

* 
* 

* 
* 
* 
* 

* 

* 
*",False
Q612,Dubai,"thumb|Traditional Middle Eastern spices at the [[Dubai Spice Souk in Deira, Old Dubai]]

Arabic cuisine is very popular and is available everywhere in the city, from the small shawarma diners in Deira and Al Karama to the restaurants in Dubai's hotels. Fast food, South Asian, and Chinese cuisines are also very popular and are widely available. The sale and consumption of pork is regulated and is legally permitted to be sold only to non-Muslims, in designated areas of supermarkets and airports.Food and Agricultural Import Regulations and Standards . GAIN Report. United States Department of Agriculture Similarly, the sale of alcoholic beverages is also regulated. A liquor permit is required to purchase alcohol, but it is available at hotel bars and restaurants. dubai-livethedream.com Shisha and qahwa boutiques are also popular in Dubai. Biryani is also popular in Dubai.

The inaugural Dubai Food Festival was held between 21 February and 15 March 2014. According to Vision magazine, the event was aimed at enhancing and celebrating Dubai's position as the gastronomic capital of the region. The festival was designed to showcase the variety of flavours and cuisines on offer in Dubai, featuring dishes from over 200 nationalities. The next food festival was held between 23 February 2017 and 11 March 2017.",False
Q1761,Dublin,"As of the 2024 Michelin Guide, seven Dublin restaurants shared ten Michelin stars – including Restaurant Patrick Guilbaud, Liath and Chapter One with two. Irish-born Kevin Thornton was awarded two Michelin stars in 2001 – though his restaurant, Thornton's, closed in 2016. The Dublin Institute of Technology commenced a bachelor's degree in culinary skills in 1999.

Historically, Irish coffee houses and cafes were associated with media professionals. Since the beginning of the 21st century, with the growth of apartment living in the city, Dublin's cafés attracted younger patrons looking for an informal gathering place and an ad hoc office. Cafés became more popular in the city, and Irish-owned coffee chains like Java Republic, Insomnia, and O'Brien's Sandwich Bars now compete internationally. In 2008, Irish barista Stephen Morrissey won the title of World Barista Champion.

Immigrant groups, such as Chinese, Japanese and Italian émigrés, have also opened restaurants around Dublin. A number of South-East Asians immigrated from places such as Hong Kong, Malaysia and Mainland China to Dublin during the 1960s and opened restaurants featuring their cuisines. Modern Irish adaptations of Chinese cuisine include the Spice bag, a takeaway dish consisting mainly of chicken, chips, and vegetables. In 2020, it was voted 'Ireland's Favourite Takeaway Dish' in the Just Eat National Takeaway Awards.",False
Q1722,Dubrovnik,"==Eat==
* 
*
*
*
* 
*",False
Q2100,Duisburg,"==Eat==
* 
* 
* The Innenhafen (inner harbour) also hosts Spanish, Italian, Asian and German restaurants overlooking the river.
*",False
Q5468,Durban,"==Eat==
As Durban has one of the largest Indian populations outside of India, a Durban curry is a popular dish and can range from mild to very hot. There is also the bunny chow which is unique to the city, a quarter loaf of bread hollowed out and filled with a curry of your choice. Check out restaurants at the Workshop shopping center for some of the best bunny chow in the city. Or head over to the Indian neighborhood near Victoria Market for more authentic Durban Indian food.

Good Indian dining is at Vintage Restaurant next to Bean Bag Bohemia - Windemere Road

Try the Roma Revolving Restaurant at the top of John Ross House on the Esplanade for Italian food and the best view of Durban.

Wilson's Wharf is a long pier built into the harbour. It hosts a wide selection of international restaurants and watch the busiest harbor in Africa's activity. Take in a show afterwards at the upstairs Catalina theater.

Try Morningside restaurants, along Florida Road, for trendy cafe sidewalk eateries including one Italian style, Spiga d'Oro, frequented so often by South Africa's notorious businessman, Schabir Shaik, that a dish is named in his honor 'Pasta a la Shaik'. Bill Clinton and Bill Gates ate at ""Spice"" set off the busy street in a quiet upstairs courtyard. And nearby, be nearly guaranteed to rub shoulders with the up-and-coming in-crowd at the Bean Bag Bohemia, Windermere Road, a restaurant that makes great dining an artistic event.

Definitely try some 'biltong' when you're in South Africa. It's South African-style jerky available in a whole range of flavors and textures.
* 
*",False
Q83285,Durrës,"==Eat==

* 
* 
* 

* 
* 

* 

* 
* 
* 
* 
* 
* 

*",False
Q9365,Dushanbe,"==Eat==
* 
* 
* 
* 
* 
* 
*",False
Q1718,Düsseldorf,"thumb|[[Himmel und Erde|Himmel un Äd, ""Heaven and Earth""]]
Traditional meals in the region are Rheinischer Sauerbraten (a beef roast and sometimes horse marinated for a few days in vinegar and spices served with gravy and raisins) and Heaven and Earth (Himmel und Äd; black pudding with stewed apples mixed with mashed potatoes). In winter the people like to eat Muscheln Rheinischer Art (Rhenish-style mussels) as well as Reibekuchen which is a fried potato pancake served with apple sauce.

Düsseldorf is known for its strong Dijon-like mustard served in a traditional pot called ""Mostertpöttche"", which was immortalised in a still life by Vincent van Gogh in 1884. Therefore, also among the local dishes is the Düsseldorfer Senfrostbraten, including medium rare steaks roasted with Düsseldorf mustard and onion crust. Sides may include roast potatoes and a small salad in a restaurant, making this local dish a menu staple where upscale cuisine is served. Düsseldorf's Old Town has over 250 pubs and bars, often serving Altbier in a 0.25-liter glass. Düsseldorf Altbier is top-fermented beer of spicy aroma.

Düsseldorf is noted for its diverse culinary scene. It hosts a large Japanese community, which has contributed to a strong presence of authentic Asian cuisine. Düsseldorf’s gastronomy has been recognised by the travel guide Lonely Planet for its quality and variety. In addition to a wide range of international dining options, the city is home to several Michelin-starred restaurants.

Local specialties include:

Halve Hahn – this dish is made from a half a double rye roll, which is another of the specialties of Düsseldorf, buttered, with a thick slice of aged Gouda cheese, onions, mustard, ground paprika and sour pickles.

Himmel un Aad – a dish of mashed potatoes and apples along with slices of blutwurst. Caramelized onions are usually served with this meal.

Reibekuchen is another famous dish from Düsseldorf; this dish is usually drizzled with Rübensyrup (beet syrup) and is served on pumpernickel slices along with applesauce.",False
Q736,Ecuador,"Ecuadorian cuisine is diverse, varying with the altitude, associated agricultural and environmental conditions, and ethnic/racial communities. Most regions in Ecuador follow the traditional three-course meal of soup: a course that includes rice and a protein, and then dessert and coffee to finish. Agricultural products from the plantations of the Costa, Sierra, and Oriente regions are bananas, cocoa beans, coffee, sugar, potatoes, corn, barley, rice, wheat, and tropical fruits.

In the coastal region, seafood is prevalent, with prepared fish, shrimps, and ceviche being an integral part of the diet. Beef is also notably consumed in the coastal region; traditional dishes are churrasco and arroz con menestra y carne asada (rice with beans and grilled beef) served with fried plantain. The latter is an emblematic dish of the city of Guayaquil. Meat-based dishes have their origins in the cattle ranching culture of the Montubio people.

Ceviche is a staple coastal dish with pre-Incan origins. It is often served with fried plantain (chifle or patacones), popcorn, or tostado. Plantain- and peanut-based dishes are quite frequent in the coastal region, reflecting the West African roots of many of its citizens. Encocados (dishes that contain a coconut sauce) are also very popular in the northern coast, centering around the city of Esmeraldas. The coast is also a leading producer of bananas, cocoa beans, prepared fish, shrimps, tilapia, mango, and passion fruit, among other tropical fruits.

Pan de yuca, analogous with the Brazilian pão de queijo, is served with yogur persa and is often eaten as a snack in many coastal cities. Its origin comes from the Persian and Arab populations that settled on the coastal regions of Ecuador and Argentina. In the Amazon region, a dietary staple is the yuca, elsewhere called cassava. Many fruits are available in this region, including bananas, tree grapes, and peach palms.

In the highland region, various dishes of pork, chicken, and cuy (guinea pig)(Perez, M. (2019) Eat Like a Local – Ecuador, CZYK Publishing, p. 24, ) are popular, and are usually served with a variety of grains (especially rice, mote, and potatoes). The consumption of cuy is prevalent among the Indigenous peoples of Ecuador, and reflects the predominantly native character of the highlands.",False
Q23436,Edinburgh,"== Eat ==

Edinburgh has a great selection in all price ranges, cosmopolitan cuisines, and caters for diets such as vegan, halal and GF. Good areas for value food are Elm Row at the top of Leith Walk, Rose and Thistle streets flanking George St, along South Bridge including the ""Little Cairo"" around the Central Mosque, Forrest Rd by Greyfriars Bobby, Tollcross and Lothian Rd, and west end from Queensferry St to Haymarket station. Overpriced areas to be cautious are the Royal Mile from castle to Tron Kirk, Princes St and the Grassmarket.

 thumb | 300px | Edinburgh Rock
The Scots are well known for having a penchant for fried food which has resulted in such gastronomic delights as deep fried pizza, deep fried hamburgers, deep fried Black Pudding (a type of blood sausage), deep fried haggis and deep fried Mars bars, which are not just a myth. If you're up to it, be sure to drop by a chippy (fish and chip shop) and experience these Scottish delights. Edinburgh chippys are unique in the UK for offering salt'n'sauce as standard in place of the salt'n'vinegar usually provided elsewhere in the country. The sauce is a kind of runny, vinegary version of HP or Daddys style brown sauce. Most chippys will provide vinegar on request if you prefer, but you really should try salt'n'sauce at least once!

Edinburgh Rock is a soft confectionery, made from sugar and cream of tartar with various flavourings and colours, including peppermint and ginger. It can often be seen in tourist shops in tartan boxes.",False
Q43387,Edirne,"==Eat==
thumb|220px|Lots of cafes on Saraçlar Cd
* Liver (ciğer) is the local delicacy, prepared in a distinct Edirne style: whole pieces are dusted with flour, deep fried in vegetable oil, and served with a ferociously hot dried and crunchy pepper. If you don’t care for the smell of liver, you won't notice it in Edirne liver. Eat it with bread and ayran, a salty yogurt drink - these blunt the fire of the pepper. Small eateries that specialise in liver are called ciğerci; there's a cluster in the park by the Old Mosque. If one of your party doesn't like liver, they can fetch something different from another nearby restaurant.
* Balkan Piliç Lokantasi on Darüleytam Sk is open daily 09:00-21:00. Good food but pricey for the small portions. 
* 
* 
* 
* Ciğerci Niyazi Usta at Ortakapı Cd 9 is open for fried liver daily 09:30-20:30.
* Cafes that you mainly choose for their location are:
: - along Saraçlar Cd, the pedestrian mall a block east of the old quarter.
: - south end of Maritsa Bridge, especially when sunset bathes the old town in lemon and olive oil.
: - Sera Cafe at Mimar Sinar Cd 8 behind Selimiye Mosque.
* Almond paste (badem ezmesi) is a local, soft cookie-like dessert of bitter almond. Keçecizade is a chain store selling this and other desserts. Their main outlet is at Hükümet Cd 5 opposite Üç Şerefeli.",False
Q2096,Edmonton,"==Eat==
See the district articles for specific listings of different restaurants and fast food joints.

There are three major dining centres:

*Downtown and Wîhkwêntôwin- many restaurants both chains and independents, with a side range in pricing. 103 St., 102nd Avenue, 100 St. and Jasper Avenue have the highest concentration. Some of the most popular include: Lux Steakhouse, Sorrentino's, Famoso Neapolitan, Japanese Village, La Ronde, Sabor Divino, Corso 32 and La Tapa.
*Whyte Ave. - a trendy area that has some good restaurants and many that are average, and the greatest concentration of bars and pubs in the city.
*West Edmonton - whether in West Edmonton Mall or nearby, there are many restaurants, but few that will provide an above-average meal.

Edmonton is the birthplace of two major Canadian restaurant chains: Boston Pizza (Italian), and Earl's (Canadiana). These two have major locations across Canada. The city is also home to a lot of good quality fast food chains like Burger Baron and Fatburger.

Italian food is very high quality in Edmonton. Chianti's, Sicilian Kitchen, Sorrentino's, Fiore Cantina, and Tony's Pizza offer hearty and filling pasta. The best are Whyte Ave, Downtown, or in Little Italy.

Edmonton has some excellent ethnic restaurants. ""Langano Skies"" is a fabulous Ethiopian restaurant on Whyte Ave, ""Syphay"" offers spicy Thai cuisine on Calgary Trail and 62 Ave and ""Padmanadi's"" is a delicious Indonesian vegan restaurant in downtown.

Edmonton has its fair share of cheap Chinese food, most of which is concentrated in Chinatown. WokBox is another Edmonton-based chain, offering fair priced Chinese food in a fast food environment.",False
Q79,Egypt,"thumb|[[Koshary, one of Egypt's national dishes]]

Egyptian cuisine is deeply rooted in the agricultural traditions of the Nile Valley and Delta, making heavy use of poultry, legumes, vegetables, and fruits. Staple dishes include mahshi, rice-stuffed vegetables and grape leaves, falafel, mainly known locally as ta'ameya, shawarma, kabab, and kofta. Traditional Egyptian specialties include ful medames, mashed fava beans; feteer, flaky, layered pie with various fillings; hawawshi, spiced minced meat baked inside bread; molokhiya, a jute leaf stew; and koshary, a mix of lentils, rice, and pasta. Many Egyptian dishes are traditionally prepared hands on at home, often slow-cooked, based on the culinary practices of rural kitchens passed down through generations, including stews such as bamia, okra stew; qolqas, taro root stew; and baked dishes, such as rozz me'ammar, a baked rice dish made with milk, butter, and eshta; as well as macarona bil-bechamel, a pasta bake with penne, spiced meat sauce, and béchamel.

Bread holds a central place in Egyptian cuisine and dining traditions, with more than 60 different types found across the country. Eish baladi, a round, whole-wheat flatbread, is a staple of nearly every meal and is commonly used as an edible utensil for dipping and scooping rather than simply accompanying dishes. Cheesemaking in Egypt dates back to the First Dynasty, with Domiati cheese being the most widely consumed today. Meat plays an important role in Egyptian cuisine, with poultry such as squab, chicken, duck, quail, and goose being common, alongside lamb and beef for grilling and stews. Cured meats such as bastirma and sogoq are traditionally consumed. Egyptian bastirma is made from salted, spiced, and air-dried beef or water buffalo, and sogoq, a spicy sausage of ground beef stuffed into thin casings and left to dry and ferment. Fish, especially tilapia and mullet, are widely consumed, with seafood in general being particularly prevalent in coastal cities like Alexandria, Suez, and Port Said. A large portion of Egyptian cuisine is vegetarian due to limited grazing land, historical agricultural practices, and the religious customs of Coptic Christians, who periodically observe a vegan diet.

The cuisine commonly features an assortment of spices and aromatics such as cumin, coriander, cardamom, chilli, aniseed, bay leaves, dill, parsley, garlic, ginger, cinnamon, mint, and cloves, with cumin being the most commonly used.
 Popular desserts include baqlawa, basbousa, kunafa, and qatayef, often featuring dates, honey, syrup, nuts and semolina. Tea is the national drink, while coffee is also common and is traditionally prepared in the Turkish style. Other popular beverages in Egypt include karkadeh, hibiscus tea; asir asab, sugarcane juice; erq sous, liquorice juice; kharob, carob juice; amar eddin, apricot drink; and sobia, sweet coconut milk drink. Beer is the most popular alcoholic beverage, including traditional types like bouza, made from",False
Q16562,El Paso,"==Eat==
The following foods are popular in El Paso:

* Menudo Travelers will see signs referring to Menudo everywhere. It is a type of soup made with hominy, chile and tripe. It is a Mexican specialty.
* Burritos A border favorite. Burritos are a humble but delicious food and should not be expensive. Do not try them in an upscale restaurant. True burritos are done with home made flour tortilla and your choice of filling. Try ""chile con queso"", chile relleno, barbacoa (meat) or ""deshebrada con chile colorado"" (shredded meat with red chile) for the local traditional El Paso/Juarez flavor. Green chile fillings are great too. All other flavors are more likely not from the region.
* Gut Trucks These are large white vans that sometimes sell ice cream, but usually always sell burritos and gorditas. They are often best described as restaurants on wheels. They can be found parked anywhere there is construction work, or in parking lots of large Do-It-Yourself stores. Do not pass them by. The food is very inexpensive and is absolutely terrific. They are usually only seen around lunch time. You'll know the food is good if you see a line or group of people waiting for food.
*
* 
** 
** 
** 
* 
* 
** 
** 
** 
* 
* 
* 
*",False
Q792,El Salvador,"One of El Salvador's notable dishes is the pupusa. Pupusas are handmade maize tortillas (made of masa de maíz or masa de arroz, a maize or rice flour dough used in Latin American cuisine) stuffed with one or more of the following: cheese (usually a soft Salvadoran cheese such as quesillo, similar to mozzarella), chicharrón, or refried beans. Sometimes the filling is queso con loroco (cheese combined with loroco, a vine flower bud native to Central America). Pupusas revueltas are pupusas filled with beans, cheese and pork. There are also vegetarian options. Some adventurous restaurants even offer pupusas stuffed with shrimp or spinach. The name pupusa comes from the Pipil-Nahuatl word, pupushahua. The origins of the pupusa are debated, although its presence in El Salvador is known to predate the arrival of the Spaniards.

In El Salvador, the pupusa is considered a Mesoamerican ancestral legacy and the most popular dish nationally. It has been designated as the ""National Dish of El Salvador"" via the Legislative Decree no. 655 in the Salvadoran Constitution. The decree also indicates that every second Sunday in November, the country will celebrate the ""National Day of the Pupusas"".""Decrecto Legislativo No. 655 de la Republica de El Salvador"" Asamblea Legislativa-Republica de El Salvador, 11 April 2005, www.asamblea.gob.sv.

Two other typical Salvadoran dishes are yuca frita and panes con pollo. Yuca frita is deep fried cassava root served with curtido (a pickled cabbage, onion and carrot topping) and pork rinds with pescaditas (fried baby sardines). Yuca is sometimes served boiled instead of fried. Pan con pollo/pavo (bread with chicken/turkey) are warm turkey or chicken-filled submarine sandwiches. The bird is marinated and then roasted with spices and hand-pulled. This sandwich is traditionally served with tomato and watercress along with cucumber, onion, lettuce, mayonnaise, and mustard.thumb|Pupusas, the national and most famous dish of El Salvador

One of El Salvador's typical breakfasts is fried plantain, usually served with cream. It is common in Salvadoran restaurants and homes, including those of immigrants to the United States. Alguashte, a condiment made from dried, ground pepitas, is commonly incorporated into savoury and sweet Salvadoran dishes. ""Maria Luisa"" is a dessert commonly found in El Salvador. It is a layered cake that is soaked in orange marmalade and sprinkled with powdered sugar. One of the most popular desserts is the cake Pastel de tres leches (Cake of three milks), consisting of three types of milk: evaporated milk, condensed milk, and cream.

A popular drink that Salvadorans enjoy is horchata. Horchata is most commonly made of the morro seed ground into a powder and added to milk or water, and sugar. Horchata is drunk year-round, and can be drunk at any time of day. It mostly is accompanied by a plate of pupusas or fried yuca. Horchata from El Salvador has a very distinct taste and is not to be confused with Mexican horc",False
Q1729,Erfurt,"==Eat==
The Thüringer Bratwurst (famous grilled sausage) comes from Erfurt, and the city has numerous stalls selling this world-famous delicacy. Don't miss out on trying one or more or sampling the differences.

* 
* 
* 
* 
* 
* 
* 

* 
* 
* 
* 
* 
* 

* 

*",False
Q986,Eritrea,"thumb|Eritrean [[injera with various stews]]
A typical traditional Eritrean dish consists of injera accompanied by a spicy stew, which frequently includes beef, chicken, lamb, or fish. Overall, Eritrean cuisine strongly resembles that of neighboring Ethiopia, though Eritrean cooking tends to feature more seafood than Ethiopian cuisine on account of their coastal location. Eritrean dishes are also frequently ""lighter"" in texture than Ethiopian meals, using less seasoned butter and spices and more tomatoes, as in the tsebhi dorho delicacy.

Additionally, due to its colonial history, Eritrean cuisine features more Italian influences than Ethiopian cooking, including more pasta and use of curry powders and cumin. Italian Eritrean cuisine originated in the colonial Kingdom of Italy, when a large number of Italians moved to Eritrea. They brought pasta to Italian Eritrea, which is now one of the main foods eaten in Asmara. Common dishes are ""pasta al sugo e berbere"" (pasta with tomato sauce and berbere spice), lasagna, and ""cotoletta alla Milanese"" (veal Milanese).

In addition to coffee, local alcoholic beverages are enjoyed. These include sowa, a bitter drink made from fermented barley, and mies, a fermented honey wine.",False
Q2066,Essen,"==Eat==

All these are in the city centre:

*
* 
* 
* 
* 
* 
* 

*
*
*
*
*
*
*
*
*
*
*
*
*
*
*
*
*
*
*
*
* 

* 
*",False
Q191,Estonia,"==Eat==
thumbnail|300px|right|Typical Baltic dark bread at a farmer's market
Estonian food draws heavily from German, Russian and Nordic cuisine: traditional dishes are heavy meat-cabbage-and-potatoes fare, with lashings of dairy and fish.

The closest thing to a national dish is verivorst pig's blood sausage, similar to English black pudding and Finnish mustamakkara, a common winter dish particularly popular around Christmas. It's always accompanied by lingonberry jam and often served with mulgikapsad, which is basically sauerkraut stew.

Many types of food are similar to Russian dishes and have their equivalents almost exclusively in the former USSR, such as hapukoor, (lit. ""sour cream"", smetana in Russian), a sour 20%-fat milk dressing for salads, especially 
kartulisalat potato salad.

As Estonia used to be a food mass-production powerhouse in the times of the USSR, some of its foods, unknown to Westerners, are still well-recognized in the former Soviet Union. This is also true the other way around; in Estonian grocery stores products from countries of the former Soviet Union like Georgian mineral water are widely available.

Among other everyday food, some game products are offered in food stores in Estonia, mostly wild boar, elk sausages and deer. Some restaurants also offer bear meat.

For those with a sweet tooth, the national chocolate manufacturer is Kalev, with many specialist stores around the country as well as supermarkets retailing the product. The more adventurous may want to try kohuke, a flavoured milk-curd sweet covered with chocolate, available at every supermarket.",False
Q115,Ethiopia,"==Eat==

thumb|Injera with various kinds of stews

Injera is ubiquitous in Ethiopia. It is a spongy, tangy-tasting bread made from the grain teff, which grows in the highlands of Ethiopia. It looks and feels akin to a crepe or pancake. It's eaten with wot (or wat), traditional stews made with spices and meat or legumes. Popular wats are doro (chicken) wat, yebeg (lamb) wat and asa (fish) wat. Pork is rare in Ethiopia as both the Ethiopian Church and Islam prohibit the consumption of pork by their followers.

The injera sits directly on a large round plate or tray and is covered with wat placed symmetrically around a central item. The various wats are eaten with other pieces of injera, which are served on a side plate. Injera is eaten with the right hand - rip a large piece of injera from the side plate and use it to scoop up one of the flavours of wat on the main platter. Eating with the left hand is considered disrespectful, as it is the hand traditionally used for personal hygiene and is thus considered unclean. Another popular injera dish is firfir: fried, shredded injera. It can be served with or without meat or with all sorts of veggies.

If you prefer vegetarian food, try the shiro wat, which is an oily bean stew served with injera. Shiro is common on Ethiopian ""fasting days"", in which devout Ethiopians eat an essentially vegetarian diet.

One of Ethiopia's most famous dishes is tibbs or tibs, spicy beef or lamb fried in butter (nitre kibbeh). Tibs comes in several styles, most commonly ""chikina tibs"", fried in a sauce with berbere spice, onions, bell peppers, and tomato; and zil-zil tibs, a more deep fried breaded version served with tangy sauces. Equally as famous is kitfo, minced meat spiced with chilli. You can have it raw (the locally preferred way, but there's a risk of getting parasites), leb-leb (lightly cooked) or fully cooked. It comes with a local cheese, ayeb, and spinach. In the Harar region, you can find kitfo derivatives including camel meat. Many restaurants that serve kitfo include it in their name (e.g. Sami Kitfo, Mesob Kitfo) but typically serve a wider selection than just raw meat.

For the pickier visitor, almost every place in Ethiopia also serves spaghetti, thanks to its short lived Italian occupation, but not as Italians would know it. Italian restaurants are common, as are so-called ""American style pizza and burger"" places that have little in common with American pizzas and burgers. There is continued demand for more American-style dining in Ethiopia, not only from expats but from Ethiopians as well. You will find westerners or western-raised Ethiopians everywhere in the capital and can be very helpful.

Common spices include berbere, Ethiopia's national spice which includes fenugreek; mittmitta, another piquant spice; and rosemary, which is used with almost all meat in the country. Most local meats are of poor quality and are stringy and tough even when cooked perfectly. Luxury hotels and restaurants will often im",False
Q80985,Fez,"==Eat==

The markets near the 'main' gate of Bab Boujeloud (near to Hotel Cascades) are full of yummy food. It is worth just wandering through them, buying random bits of food. Street food is very cheap and is often safe. Restaurants, even cheap ones, will often be up to twice the cost of street food, and the quality can be the same. In the medina it is difficult to find cheap food other than in the Bab Boujeloud area. There are only a very few tourist restaurants where you will get ripped off and some food stalls down in the food market near the R'cif place.

* 
* 
* 
* 

*
* 
* 
* 
* 
* 

*
*",True
Q33,Finland,"==Eat==

thumb|A typical Finnish meal. Clockwise from bottom: warm smoked salmon, boiled potatoes, cream sauce with chantarelles, lightly pickled cucumbers with dill

Finnish cuisine is heavily influenced by its neighbours (see Nordic cuisine and Russian cuisine), the main staples being potatoes and bread with various fish and meat dishes on the side. Dairy products are also important, with a wide variety of cheeses, and milk a common beverage even for adults. There was a culinary revolution in the 1990s, with a boom in classy restaurants experimenting with local ingredients, often with excellent results. Contemporary Finnish cuisine includes tastes and influences from all over the world, and the dining scene in larger cities has become quite cosmopolitan.

The agricultural products might suffer of the cold climate, but in summer many products benefit from the nearly eternal sunlight. The fish, while small in size, are tasty.

In working days locals typically eat a substantial breakfast, lunch (at a workplace cafeteria, a nearby restaurant, or packed), dinner after work, and a light evening meal before going to bed. If eating the dinner out, it is eaten later and the evening meal skipped. In weekends lunch and dinner are often combined. Full board lodging may include the evening meal, sometimes as a basket to eat at your room or in communal areas.

In proper hotels the included breakfast is extensive. In other lodgings, if breakfast is included, it is usually sufficient to keep you going until a late lunch. It at least includes bread with toppings and coffee or tea, often also other fare. In some ""B&B""s breakfast isn't included, but must be ordered separately and might be self-service.

thumb|Fried vendace with mashed potatoes

With tens of thousands of lakes and a long coastline, fish is a Finnish staple, and there's a lot more on that menu than just salmon (lohi/lax). However, most fish found in shops is nowadays imported; most salmon is farmed in Norway. Domestic fish is found at some markets, in shops with a dedicated fish counter, at some lodgings and in some restaurants.

Seize the chance when there is freshly caught and prepared fish from the archipelagos or one of the thousand lakes. Local fish include zander (kuha/gös), pike (hauki/gädda), flounder (kampela/flundra) and perch (ahven/abborre).

Also sample Baltic herring (silakka/strömming) served in many varieties, warm-smoked salmon and vendace (muikku), a sardine-like staple at festivals and markets. Savonia's kalakukko, a bread-like rye pie filled with small whole fish (often vendace), is available at markets around the country, and any time in Savonia.

If you're in Finland around September–October, keep an eye out for the Herring Fair (silakkamarkkinat/strömmingsmarknad), celebrated in most larger coastal cities. Other than just fish products there are plenty of other delicacies, handicraft and general market fare for sale in such markets.

Pork is the most common meat, especially a",False
Q2044,Florence,"==Eat==
thumb|Santa Maria Novella, a wonderful church right near the train station
Restaurants have separate prices for food that is taken away or is eaten standing up versus sit down; don't try to sit at a table after paying for food or coffee from the restaurant's take away booth. Also ask always beforehand for the price if you want to sit at a table. Otherwise you might be uncomfortably surprised. Cappuccino al banco i.e. standing up might cost €1-3, but at a table €4.

Florence's food can be as much of a treat to the palate as the art is a treat to the eye. There is good food for any price range, from fine restaurants to take out food from window stands. You will find the best price/quality ratio outside the historical centre, where locals go to eat. The worst ratio is probably in the neighbourhood of Mercato di San Lorenzo or immediately south of the Duomo where there are a lot of tourist restaurants. Conversely many of the best restaurants in the city are found in the Santa Croce district or across the river in the Oltrarno. In many trattorias requests for pizza may be met with a rebuff as not every trattoria will have a pizza oven. For local pizza look for smaller establishments in the Sant'Ambrogio district.

The best lunch places don't always turn out to be the best dinner places. Dinner in Florence really starts some time between 19:00 and 21:00. If a place looks like they're preparing to close before 20:00, it might not be the best option for an evening meal.

Typical Tuscan courses include bistecca alla fiorentina which is huge t-bone steak weighing from 500g to 1,500g. It has always price given per 100g, e.g. €3.5 etto (an etto is a ""hectogram"" or 100 gram-ettogrammo). crostini toscani are crostini with Tuscan liver pâté.

There is also a uniquely Florentine fast food with a 1,000-year history - lampredotto, a kind of tripe (cow stomach, or calf for preference, but a different part than the more familiar white ""honeycomb"" kind, dark brown in color; the name comes from its wrinkled appearance, which apparently reminds locals of a lamprey fish). The trippaio set their carts in the public squares in the centre, dishing out the delicacy straight from the cauldron in which it is being boiled with herbs and tomatoes, chopping it and slapping the portions between halves of a Tuscan roll; the top is dipped in the broth. A mild green parsley- or basil-based sauce or a hot red one goes with it.

There are many gelato (Italian ice cream) stands; some connoisseurs consider the better Florentine gelato the finest in the world. Often gelato is made in the bar where you buy it. Because of this there are many exotic flavors of ice cream like watermelon, spumante or garlic. It's hard to find a gelato place open very late, so after dinner might not be an option. Near the Duomo, though, there are a few places open after 22:00.

Tuscany is also the wellspring of cantuccini, also called biscotti di Prato. (In Italian, the singular of biscotti is un bisco",False
Q43463,Fortaleza,"==Eat==
thumbnail|Sorbet, anyone?
A popular vacation destination, there is a wide variety of restaurants from steak houses (churrascarias) to pizzerias and fast food restaurants. The best concentration of restaurants in town is found in the Varjota neighbourhood, especially along Rua Frederico Borges and its side streets, starting some five blocks inland from Beira Mar.

Fortaleza is a fishing port, so fresh seafood is readily available in the restaurants. If you are a bit more courageous, buy your shrimp/lobster/squid/whatever, straight from the fish market stalls, and hit one of the nearby shacks to fry it for you. One kilo of mid-sized shrimps is about R$ 15; R$ 3 for frying; then plenty of beers! Thursday is crab day in Fortaleza, especially in the many shacks at Praia do Futuro. If you prefer beef, there are options for a rodízio (grilled meats en masse with a big buffet of salads and side dishes; but watch out for expensive drinks and desserts in these establishments).

Northeast (Brazil)#Eat and Brazil#Eat present some regional and national specialties worth trying. In addition to this, as you're in the topics it's easy to find:
* Fresh fruits: the variety is indescribable and the prices are low. Every self respecting grocer will have at least four different types of bananas for sale. Dozens of tropical delicacies (jabuticaba, sapoti, siriguela, murici, umbu, cajarana, carambola etc. etc. etc.) are unavailable anywhere else. Go to a supermarket and check them out.
* Suco: juice made of fresh fruits or frozen pulps. Check the stalls to have a notion of what's best in the season.

If your accommodation has bad or no breakfast, most large hotels let you take part in theirs for about R$ 10–12.

* 

* 
* 
* 
* 
* 

* 
* 
* 

thumbnail|Praça do Ferreira

* 
* 
* 
*
* 

* 
*

There is bad, watery, plastic flavoured ice cream galore in Fortaleza, as elsewhere in Brazil. Try these for some good sorbet — sorvete in Portuguese:

*
*
*",False
Q16558,Fort Worth,"==Eat==
Fort Worth is similar to many Texas cities in that there are two main food groups, BBQ and Tex-Mex. While tastes are changing and multiple options are available, these will still be your best two bets in the city. A growing food truck scene is starting to make a presence in the city, and some of the local breweries are making drinks worth recommending to friends.

*
*
*
*
** 
** 
* 
* 

*
*
*
*
*
*
*
*
*

*
*
*
*

*",False
Q142,France,"thumb|[[French wines are usually made to accompany French cuisine.]]

Different regions have different styles. In the north, butter and cream are common ingredients, whereas olive oil is more commonly used in the south. Each region of France has traditional specialties: cassoulet in the southwest, choucroute in Alsace, quiche in the Lorraine region, beef bourguignon in Burgundy, Provençal tapenade, etc. France is most famous for its wines and cheeses, which are often named for the territory where they are produced (AOC). A meal typically consists of three courses, entrée ('starter'), plat principal ('main course'), and fromage ('cheese') or dessert, sometimes with a salad served before the cheese or dessert.

French cuisine is also regarded as a key element of the quality of life and the attractiveness of France. A French publication, the Michelin Guide, awards Michelin stars for excellence to a select few establishments. The acquisition or loss of a star can have dramatic effects on the success of a restaurant. By 2006, the Michelin Guide had awarded 620 stars to French restaurants.

In addition to its wine tradition, France is also a major producer of beer and rum. The three main French brewing regions are Alsace (60% of national production), Nord-Pas-de-Calais, and Lorraine. French rum is made in distilleries on islands in the Atlantic and Indian oceans.",False
Q1794,Frankfurt,"Frankfurt is home to the German headquarters of Nestlé, the world's largest food company, located in Niederrad. Other important food companies are Ferrero SpA (German headquarters) and Radeberger Gruppe KG, the largest private brewery group in Germany.",False
Q1000,Gabon,"Gabonese cuisine is influenced by French cuisine, and staple foods are available.Foster, Dean (2002). The Global Etiquette Guide to Africa and the Middle East: Everything You Need to Know for Business and Travel Success . John Wiley & Sons. p. 177.",False
Q47492,Gaza City,"Gaza's cuisine is characterized by its generous use of spices and chillies. Other major flavors and ingredients include dill, chard, garlic, cumin, lentils, chickpeas, pomegranates, sour plums and tamarind. Many of the traditional dishes rely on clay pot cooking, which preserves the flavor and texture of the vegetables and results in fork-tender meat. Traditionally, most Gazan dishes are seasonal and rely on ingredients indigenous to the area and its surrounding villages. Poverty has also played a role in many of the city's simple meatless dishes and stews, such as saliq wa adas (""chard and lentils"") and bisara (fava beans mashed with dried mulukhiya leaves and chilies).El-Haddad, Laila. The Foods of Gaza This Week in Palestine. June 2006.

Seafood is a key aspect of Gaza life and a local staple,Farsakh, Mai M. The rich flavors of Palestine Institute for Middle East Understanding. 11 June 2006. Some well-known seafood dishes include zibdiyit gambari, literally, ""shrimps in a clay pot"", and shatta which are crabs stuffed with red hot chili pepper dip, then baked in the oven. Fish is either fried or grilled after being stuffed with cilantro, garlic, chillies and cumin, and marinated with various spices. It is also a key ingredient in sayyadiya, rice cooked with caramelized onions, a generous amount of whole garlic cloves, large chunks of well-marinated fried fish, and spices such as turmeric, cinnamon, and cumin. Many of the 1948-era refugees were fellahin (""peasants"") who ate seasonal foods. Sumaghiyyeh, popular in Gaza not just on Ramadan but all year round, is a mixture of sumac, tahina and water combined with chard, chunks of beef and chickpeas. The dish is topped with crushed dill seeds, chillies and fried garlic and served in bowls. Maftool is a wheat-based dish flavored with dried sour plums that is served like couscous or shaped into little balls and steamed over stew or soup.

Most Gaza restaurants are located in the Rimal district. Al-Andalus, which specializes in fish and seafood, is popular with tourists, as are al-Sammak and the upscale Roots Club. Atfaluna is a stylish restaurant near Gaza port run and staffed by deaf people with the goal of building a society that is more accepting of people with disabilities.

Throughout the Old City there are street stalls that sell cooked beans, hummus, roasted sweet potatoes, falafel, and kebabs. Coffee houses (qahwa) serve Arabic coffee and tea. Gaza's well-known sweet shops, Saqqala and Arafat, sell common Arab sweet products and are located off Wehda Street. Alcohol is a rarity, found only in the United Nations Beach Club.Jacobs, 1994, p.456",False
Q1449,Genoa,"==Eat==

The vast majority of places charge service for a fixed amount per person (called coperto), as is customary in Italy. A trattoria, cafe or bar will not charge this fee for lunch, and this is often a good place to get pasta or a sandwich in the afternoon. Restaurants are open from approximately 12:30 - 15:00 for lunch and 19:30 - 22:00 for dinner.

Pesto sauce originates from the city of Genova. It is used in many dishes, including pastas and pizzas.

Another must try from the Genovese or Ligurian cuisine is focaccia, which is a flat oven-baked Italian bread that may be topped with onions, herbs, or other foodstuffs. Focaccie are quite tasty and often cheaper than pizzas. There are many 'focaccerie' scattered throughout Genova and its surroundings. These are basically take away places, and easy on the wallet, too. In many of the focaccerie, you will find improvised varieties of focaccie, but usually, the best tasting ones come with only tomatoes or onions and a bit of olive oil. The original ""focaccia"" is simply topped with olive oil, salt and a little bit of white wine

Don't miss a chance to try farinata, a thin crusty pie made with chickpea flour, water, salt, and olive oil.

* 
* 
* 
* 

* 
* 
* 
* 
* 

* 
* 
* 

* 
* 
* 
* 

* 
*
*

*",False
Q230,Georgia,"==Eat==

thumb|Guests partaking in a supra, a Georgian banquet
Georgian traditional cuisine is delicious, cheap, and universal. It is also justly famous throughout the former Soviet Union (visitors to Moscow will have noticed the large number of Georgian restaurants). Georgia fills a list of wonderful, often meat, dishes, usually flavored with garlic, coriander, walnuts, and dill. A traditional Georgian feast (supra) is a sight to behold, with a spread that no group could finish, accompanied by at least 20 toasts set to wine or brandy.

Just wandering into the likeliest looking local joint in any neighborhood whatsoever, even just a block or two from the main tourist streets, will inevitably provide an excellent dining experience at bargain prices, and quite possibly any amount of proud attention and invitations to drink wine from staff and regulars delighted that a foreigner has discovered their haunt. Simply pick by random off the menu and let the unique tastes of Georgia surprise you. Italian- and American-style dishes (pizzas, hamburgers, etc.) are usually a pale copy of the originals. It is much better to try local food.

Alternatively, try finding one of the cantine style cafés. There they cover a great variety of Georgian food, and at least Phkali, Khachapuri and Kuchmachi if you are lucky. Try Tartan in Tbilisi.

If you can, try to get yourself invited to dinner at someone's home (this is not too difficult in Georgia, owing to their hospitality and general desire to stuff foreign visitors full of all the food they can afford). The food in restaurants is an odd set piece of the same dishes over and over. But Georgian cuisine is far richer, and has an untold number of dishes to try, prepared from scratch with fresh, locally grown products (although supermarkets are now spreading throughout Georgia).

One special kind of meal in Georgia is the supra, which means a banquet to celebrate something like a wedding or a birthday. These events, led by a tamada (master of ceremonies), include an abundance of food and drink (wine especially) and go on for hours.

thumb|Khinkali and lobiani
One of the most famous dishes of the Georgian cuisine is . These are dumplings with different fillings: minced spiced meat, mushrooms, cheese, or vegetables, served in enormous quantities. But not like what you are used to doing with dumplings. Georgian men will easily eat 15 huge dumplings, and begin by seasoning the dumplings with pepper. Then grab the dumpling however you like, from the top ""handle"" if it pleases you (locals often stick a fork in the side of the knot so as not to puncture the dumpling), and take a small bite out of the side to slurp up the juice. Do not let any juice fall on your plate, or you will get your chin messy. Then, still holding the khinkali, eat around the top, finishing the dumpling and then placing the twisted top on your plate—traditionally the top is not eaten. It is also nice to look with pride upon all your tops once, with pract",False
Q183,Germany,"thumb|Bavarian [[Bratwurst with mustard, a pretzel, and German beer]]
Bread is a significant part of German cuisine, with German bakeries producing about 600 main types of bread and 1,200 types of pastries and rolls (). German cheeses account for about 22% of all cheese produced in Europe. Germans produce their ubiquitous sausages in almost 1,500 varieties, including Bratwurst and Weißwurst.

The national alcoholic drink is beer. Germany's beer consumption per capita stood at in 2013 and remains among the highest in the world. German beer purity regulations date back to the 16th century. Wine has become popular in many parts of the country, especially near the German wine regions. In 2019, Germany was the ninth-largest wine producer in the world.

The 2018 Michelin Guide awarded eleven restaurants in Germany three stars, giving the country a cumulative total of 300 stars.",False
Q117,Ghana,"Ghanaian cuisine includes an assortment of soups and stews with varied seafoods; most Ghanaian soups are prepared with vegetables, meat, poultry or fish. Fish is important in the diet with tilapia, roasted and fried whitebait, smoked fish and crayfish, all being common components of Ghanaian dishes. Banku (akple) is a common starchy food made from ground corn (maize), and cornmeal based staples kɔmi (kenkey) and banku (akple) are usually accompanied by some form of fried fish (chinam) or grilled tilapia and a very spicy condiment made from raw red and green chillies, onions and tomatoes (pepper sauce). Banku and tilapia is a combo served in most restaurants. Fufu is the most common exported Ghanaian dish and is a delicacy across the African diaspora. Rice is an established staple meal across the country, with various rice-based dishes serving as breakfast, lunch and dinner, the main variants are waakye, plain rice and stew (either kontomire or tomato gravy), fried rice and jollof rice.",False
Q1296,Ghent,"==Eat==

Ghent provides an excellent and affordable sample of Flemish cuisine, which in the eyes of the locals is one of Europe's finest as it combines French delicacy with northern European sturdiness. Try some local specialties like mussels, spare ribs or 'stoverij' (a kind of tender meat cooked for three hours in dark beer with a brown gravy) with Belgian fries.

Another dish from Ghent is the ""Gentse waterzooi"" (litt. ""boiled water from Ghent""), which was the food for the poor originally, a stew of cheap fish (usually turbot) and vegetables. Now it is often made with chicken as well.

Belgian waffles are available from a number of street stalls around the town.

The restaurants on Korenmarkt and Vrijdagmarkt are a good deal, reasonably priced; the menus and 'menus of the day' at the Brasserie Borluut provide terrific value and this includes Gentse waterzooi.

The real upmarket restaurants are to be found in the 14th-century quarter called 'Patershol', near the Castle. There is also a big Turkish community in Ghent, centred around Sleepstraat a bit further north, which is home to numerous Turkish restaurants.

* 
* 
* 
* 
* 
* 

* 
* 
* 
* 
* 
* 

* 
* 
* 
* 
* 

There are many high-class restaurants in town.

* 
* 

Information on vegetarian restaurants and shops is available from the campaign group ProVeg (previously EVA). Paper copies of their Guide to Veggie Ghent map is stocked by the Tourist Information Office on Veerle Plein.

* 
* 
* 
* 
*",False
Q1410,Gibraltar,"== Eat ==

If you like to sit outside and watch the world go by, go to Casemates Square where a number of pubs and restaurants serve fairly similar meals.

There are a number of kosher restaurants, bakeries and minimarkets in Gibraltar.

*
*
*
*

Irish town, the road which runs parallel to Main Street, has a number of pubs.
* 
* 
thumb|Queensway Quay Marina
Queensway Quay is home to The Waterfront, which serves a good quality, if somewhat eclectic menu which ranges from steak to high quality local fish and Indian food. Casa Pepe's, on the other side of the marina is worth a splurge.

* 

Marina Bay is home to several restaurants. Bianca's and Charlie's Tavern at Marina Bay are worth a visit, the former being very well known for its busy ambience. Gibraltar's first Mexican restaurant has opened in Marina Bay.

* 
* 

Ocean Village, Gibraltar's newest marina, is an extension to Marina Bay. It is home to several pubs and restaurants, including a Chinese and an Indian.

* 
* 
*",False
Q4093,Glasgow,"== Eat ==
 thumb | 300px | Mobile chippie on Glasgow Green 
:: Tis beautiful to see the ships passing to and fro, Laden with goods for the high and the low;
:: So let the beautiful city of Glasgow flourish, And may the inhabitants always find food their bodies to nourish.
::: - William McGonagall, who else 

Fish & chips: There are dozens and dozens of mostly takeaways with only a few sit-in cafes. Along with ""fish suppers"" they offer burgers, haggis, pakoras, pizzas and kebabs, and some daunting combinations that would be called ""fusion"" if they were ten times more expensive. A Munchy Box is a bit of everything and is woozy post-pub fare. The deep-fried Mars Bar is also available: see Stonehaven#Eat for its oily social history. 

* 
* 
* 
* 
* 
* Purrple Cat at 2 Trongate (foot of Gallowgate) rescues cat and the cafe is swarming with them. It's open daily 9:30AM-8PM.

* Palm Tree Kitchen is a Yemeni cafe at 22 Bridge St just south of the Clyde and Central Station, open Su-W 9:30AM-9:30PM, Th-Sa 9:30AM-10:30PM. 
* 
* 
* Grain and Grind is a good coffee shop at 45 Old Dumbarton Rd opposite Kelvingrove, open daily 8AM-5PM.
* Gusto & Relish is a great cafe at 729 Pollockshaws Rd just north of Queen's Park, open daily 9AM-5PM. 
* Sunny Acre at No 745 likewise gets good reviews. There's also another branch of Grain and Grind here, but not as well-regarded.
* McMonagles is a fish & chips restaurant on a boat moored in the canal next to Clyde Shopping Centre, open daily 11AM-9PM.
* Smokey Trotters is a burger cafe but with Chinese flavours. It's just south of the Barras at 233 London Rd, open daily 11AM-9PM.

 thumb | 300px | Winter Gardens in People's Palace 

* 
* 
* Di Maggio's has three outlets east flank of Central Station (at 87 St Vincent St, 21 Royal Exchange St and 55 St Enoch Square) with another near the bus station at 163 West Nile St.
* 
* 
* 
* 
* Nonna Said is a pizzeria at 26 Candleriggs. It's open daily noon-10PM.

 thumb | 300px | Tchai Ovna teahouse 
*
* Rose & Grants is a mostly vegan cafe at 27 Trongate next to the theatre, open M-Sa 8AM-5PM, Su 9AM-4:30PM.
* 
* 
* 
* 
* 
* Suissi (Subway: Partick) is an excellent Asian vegan restaurant at 494 Dumbarton Rd, open Tu-F 5PM-10PM, Sa 1PM-10:30PM, Su 1PM-9PM.

: Lots and lots and lots, mostly in the Charing Cross area at the west end of Sauchiehall Street. 
* 
* 

* 
* 
* 
* 
* 
* And see Splurge for Mother India and Killermont Polo Club.

 
 thumb | 300px | Kelvingrove has lots of eating places 
* 
* 
* Umami is a sushi place at 523 Sauchiehall St, open M-Th noon-3PM, 5-10PM, F-Su noon-10PM. 
* 
* 
* 
* 
* 
* 
* 
* 
* 
* 
* 
* Zique's is a lively European restaurant at 66 Hyndland St (100 yards north of Partick Duck Club) open Su-W 9AM-4PM, Th-Sa 9AM-10PM. 
* 
* 
* 
* 
* Tropical Cafe serves Caribbean cuisine, mostly Trinidad. It's at 51 Bell St near Tolbooth, open daily noon-midnight. 
* Outlier has remarkably good food for such a homespun cafe. It's at 38 London Rd, 50 yards south of",False
Q13298,Graz,"==Eat==
Restaurants have cheap lunch deals (""Mittagsmenü"") (12:00-15:00) or a dish of the day (""Tagesempfehlung"") that are usually very good, fresh and have the best value.

The Spar supermarket in the Hauptbahnhof is the only major one open on Sunday. There are various Turkish markets around town, but their selection is limited.

If you don't like a boring hotel breakfast, go out for breakfast or brunch. 
* 
* 
* 
* 
* 
* 
* 

* 
* 
* 
* 
* 
* 

All these are in the city centre:

* 
* 
* 

* 
* 
* 
* 
* 
* 
* 

* 
* 
* 
* 

* 
* 
* 
* 
* 
* 
* 
* 
* 
* 
* 
* 
* 

* 
* 
*",False
Q41,Greece,"alt=|thumb|A [[Greek salad, with feta and olives]]
Greek cuisine is characteristic of the Mediterranean diet, which is epitomised by dishes of Crete. Greek cuisine incorporates fresh ingredients into local dishes such as moussaka, pastitsio, classic Greek salad, fasolada, spanakopita and souvlaki. Some dishes can be traced back to ancient Greece like skordalia (a thick purée of walnuts, almonds, crushed garlic and olive oil), lentil soup, retsina (white or rosé wine sealed with pine resin) and pasteli (candy bar with sesame seeds baked with honey). People often enjoy eating from small dishes such as meze with dips such as tzatziki, grilled octopus and small fish, feta cheese, dolmades (rice, currants and pine kernels wrapped in vine leaves), various pulses, olives and cheese. Olive oil is a widespread addition.

Sweet desserts include melomakarona, diples and galaktoboureko, and drinks such as ouzo, metaxa and wines including retsina. Greek cuisine differs from different parts of the mainland and island to island. It uses some flavourings more often than other Mediterranean cuisines: oregano, mint, garlic, onion, dill and bay laurel leaves. Other common herbs and spices include basil, thyme and fennel seed. Many recipes, especially in the northern parts of the country, use ""sweet"" spices in combination with meat, for example cinnamon and cloves in stews. Koutoukia are an underground restaurant common in Greece.",False
Q223,Greenland,"The national dish of Greenland is suaasat, a soup made from seal meat. Meat from marine mammals, game, birds, and fish have a large role in the diet. Due to the glacial landscape, most ingredients come from the ocean. Spices are seldom used besides salt and pepper. Greenlandic coffee is a ""flaming"" dessert coffee (set alight before serving) made with coffee, whiskey, Kahlúa, Grand Marnier, and whipped cream. It is stronger than the familiar Irish dessert coffee.",False
Q1289,Grenoble,"==Eat==
If you'd like to have an extensive eatery guide with you on your travels, The Guide du Dahu is probably the best restaurant guide to Grenoble. The work of 20 students of Grenoble business school, it includes 300 pages covering restaurants, bars, culture, sport and nightlife. €2.50 from tabacs and bookshops in the city. The Petit Futé series also offers a Grenoble guide, which has an extensive list of restaurants and other businesses.

You can find many good restaurants in the city centre, roughly between the Train Station, Place Saint-André and Place Notre Dame. The St-Laurent neighborhood (on the northern side of the Isère river) has a number of Italian restaurants and pizzerias. There are also a number of restaurants that line the Rue Brocherie and the area surrounding Place aux Herbes. In the winter, try typical Alpine dishes such as fondue, raclette and the legendary tartiflette. La Ferme à Dédé, at 24, rue Barnave, has a menu with many local and regional specialties. A good traditional option for vegetarians is Ravioles du Dauphiné (cheese dumplings baked in gratin), although it is not unheard of for them to contain meat and you should always ask the waiter first.

Grenoble is also well-known for being the place of origin of the French taco (although a resident of Lyon will beg to differ and will claim the French taco as their own). These have absolutely nothing in common with Mexican or Tex-Mex tacos and are more closely related to kebabs, and if you try to order tacos at your average kebab shop in Grenoble you are far more likely to get the French variety than the Mexican variety. While worth a try for the novelty experience, and certainly better than the ones you get in O'Tacos that are available elsewhere in France, they are rather bad for you and should be consumed in moderation.

Boulangeries and Patisseries: These little bread and pastry bakeries not only have wonderful tarts and cakes, but they also sell small quiches, panini (grilled Italian sandwiches), and cold sandwiches. Grenoble is the walnut capital of France so look for small cakes (gateaux) with walnut cream, especially during the winter. Other specialties include Chartreuse (a herbal liquor traditionally made by the monks of Grande Chartreuse, a monastery high in the mountains about an hour from Grenoble).

* 
* 
* 
* 
* 
* 
* 
* 

* 
* 
* 
* 
* 
* 
* 

* 
*",False
Q5196,Grozny,"==Eat==

*Café Oasis is a reasonable place to eat in central Grozny, although it may be difficult to find so a guide may be needed.
*Zhizhig & Galnash is a nice place serving Chechen cuisine right in the centre, at Putin Ave 5A",False
Q9022,Guadalajara,"thumb|right|Cafe on Avenida Vallarta
As in the rest of Mexico, food in Guadalajara is a mix of pre-Hispanic and Spanish influences. Typical Mexican dishes, such as pozole, tamales, sopes, enchiladas, tacos, menudo (soup), carne en su jugo and frijoles charros are popular.

One dish specific to Guadalajara is the ""torta ahogada."" It consists of a salted bun or roll (typically birote) smeared with refried beans, with fried pork cut into pieces — also known as ""carnitas"" — all in tomato sauce seasoned with spices. It is eaten with onions reduced in lemon and hot sauce. Accompanying drinks can include tejuino, which is made with a base of sourdough corn accompanied by lemon ice cream, or tepache, which is made from the bark of fermented pineapple.

Another typical meal of Guadalajara and the entire state of Jalisco is the ""birria"", which is usually made with either pork, beef, or goat. Handcrafted birria is made in a special oven, which can be underground and covered with maguey leaves; the meat can be mixed with a tomato broth and spices, or consumed separately. The traditional way of preparing birria is to pit roast the meat and spices wrapped in maguey leaves. It is served in bowls with minced onion, limes and tortillas.

thumb|right|Most [[Tequila is produced in Jalisco in the regions north of Guadalajara around Santiago de Tequila and Los Altos de Jalisco.]]
Another typical dish of the tapatía kitchen is the This dish consists of a beef broth with beans from the pot and is accompanied by bacon, coriander, onion, and radish (sliced or whole). The dessert that is considered as a typical tapatío is the jericalla.

When the Spanish conquistadors arrived in the Aztec empire, a few religious ceremonies included eating pozole made with hominy and human flesh. This was the first type of pozole mentioned in Spanish writing, as a ritual dish eaten only by select priests and noblemen. The meat from the thighs of slain enemy warriors was used. The Franciscan missionaries ended this custom when they banned Aztec religious ceremonies. The pozole in the local common cuisine was related to the ritual dish, but prepared with turkey meat, and later pork, not with human flesh.
thumb|[[Torta ahogada, a typical dish.]]
Other dishes that are popular here include pozole, a soup prepared with hominy, pork or chicken, topped with cabbage, radishes, minced onions, and other condiments; pipián, which is a sauce prepared with peanuts, squash and sesame seed, and biónico, a local dessert.

Jericallas are a typical Guadalajara dessert that is similar to flan, that was created to give children proper nutrients while being delicious. It is made with eggs, milk, sugar, vanilla, and cinnamon, and baked in the oven where it is broiled to the point that a burnt layer is produced. The burnt layer at the surface is what makes this dessert special and delicious.

One of the drinks that is popular in Guadalajara is Tejuino, a refreshing drink that contains a corn fermented base with s",False
Q774,Guatemala,"thumb|Black and red tamales in Guatemala
Many traditional foods in Guatemalan cuisine are based on Mayan cuisine and prominently feature maize, chilies and black beans as key ingredients. Traditional dishes also include a variety of stews including Kak'ik (Kak-ik), which is a tomato-based stew with turkey, pepian, and cocido. Guatemala is also known for its antojitos, which include small tamales called ""chuchitos"", fried plantains, and tostadas with tomato sauce, guacamole or black beans. Certain foods are also commonly eaten on certain days of the week; for example, a popular custom is to eat paches (a kind of tamale made from potatoes) on Thursday. Certain dishes are also associated with special occasions, such as fiambre for All Saints' Day on 1 November, or tamales and ponche (fruit punch), which are both very common around Christmas.",False
Q1555,Guatemala City,"==Eat==

You can find quite an array of American fast food restaurants (McDonald's, KFC, Burger King, Wendy's, etc.) as well as Pollo Campero which is the most popular Guatemalan fast food chain. Fast food restaurants in Guatemala are very clean and accessible only to the middle class.

Though a little risky, there are great street vendors that offer a variety of good local foods. Just remember to scope out the one with the best hygiene. This is the most more local.

*Shucos can be found in carts that are usually parked in between ""Estadio del Ejercito"" and ""Campo Marte"" zona 5. They are comparable to a super charged hot dog with guacamole, meats such as ""longaniza"", ""chorizo"", and bacon. Just make sure you get the one with everything (Con todo).
*Mangoes or cucumbers with salt, pepitoria & limón - you can also get sliced fruit such as mangoes with ""pepitoria"" (roasted, crushed pumpkin seeds), salt, and lemon in a small clear bag. Or sliced oranges from carts all over the city.
*Gauchitos are also good cart foods. They are basically a pattie with scrambled egg, ""chimichurri"" and some dressings on a bun. You can find them in various places throughout the city. One favorite is on the ""Mirador"" on Carretera an El Salvador. It sits adjacent to Cafesa, diner like restaurant, on an outlook overlooking the city. You can order a ""Súper Gauchito"", a soda, and sit and admire the hustle and bustle of the city below.
*Atol de Elote is a very local and custom drink made from a corn (maize) base. It's somewhat sweet and a drink you must try. It's very rich so if you're not too hungry you can substitute it for a meal. The best place to try it is on the outlook on the other side of the city leaving towards Antigua. Just before you get to San Lucas. It's also another place where you can sit and admire the city from atop a mountain.

*Restaurante La Abuelita, the best homemade food in San Lucas.

Zona Viva, between Avenida La Reforma, 6 Avenida, 16 Calle and 10 Calle in Zona 10 is the best place to find restaurants, bars and nightclubs.

*
*
*
*
*Donde Mikel, 6A Avenida 13-32. Great place for steak and shrimps. Often full, so book in advance, or show up early. +502 2363 3308 
*
*Pizzeria Vesuvio, Blvd. los Proceres 3-35, close to Los Proceres shopping mall. Great pizza made over open fire. +502 2323 2323
*Saint Honore, Hotel Intercontinental, 2 Avenida, Zona 10. Maybe the best coffee in Guatemala City. Serves cakes and small dishes. Expensive.
*Zürich, 6 Avenida 12-52, Zona 10. Swiss bakery with cakes and chocolate. Also serves breakfast and lunch.
*
*Friday's, 12 Calle 1-25 Zona 10, Edificio Géminis 10 and 8 Calle 26-55 Zona 11, Parque Comercial Las Majadas and at Pradera Concepción shopping mall; the same as the ones in the USA.
*JalapeñoHabanero, 16 Calle 432. Serves excellent tacos for Q20-28 per set of three. Try the spicy pulled pork tacos. The crowd is a mix of hip locals and foreigners.
*Chili's, 14 Calle 4-69, Zona 10. Big burgers and Tex-Mex style food.",False
Q1006,Guinea,"Guinean cuisine varies by region with rice as a staple. Cassava is consumed. Part of West African cuisine, the foods of Guinea include yétissé, peanut sauce, okra sauce and tapalapa bread. In rural areas, food is eaten from a ""large serving dish"" and eaten by hand outside of homes.",False
Q1007,Guinea-Bissau,"Common dishes include soups and stews. Common ingredients include yams, sweet potato, cassava, onion, tomato, and plantain. Spices, peppers, and chilis are used in cooking, including Aframomum melegueta seeds (Guinea pepper).",False
Q41621,Haifa,"==Eat==
Haifa is not a gourmet center like greater Tel Aviv, but it still has plenty to offer.

Falafel and other street food.
Some good falafel can be found in: Falafel Michel and Falafel HaZkenim, both in the Wadi Nisnas area; Falafel HaNasi (locations in the Carmel Center and Horev Center); and at Paris Square, the lowest Carmelit station. Wadi Nisnas has many restaurants and food stalls for shawarma, falafel, and Middle Eastern sweets like baklava and knafe.

There is a huge concentration of falafel and shawarma stands downtown on Yafo Street, near the old Bat Galim Central Bus Terminal building (about 400 m from it). The food is cheap and authentic (about ₪10-15 for a falafel, and around ₪20-22 for a shawarma in a pita).

Another cheap street food is the Bureka—a Turkish phyllo dough, filled pastry—which is almost as common as falafel. Price is also cheap, and it usually comes filled with cheese, potatoes, spinach and feta, or meat.

Further up the food chain are the Middle Eastern/Arabic restaurants. Most are located downtown: Abu-Yousef (there are two with no relation), Hummus Faraj, Hummus Abu-Shaker (on HaMeginim St.), Abu Maroun (in the flea market), Matza (a good place 10 minutes walking distance from the shopping mall ""Grand Canyon""). They are all famous for their high quality hummus (which is regarded as the ""best of the best"" in Israel). Expect to pay ₪50-80 per person for a complete meal.

There are several Romanian-style restaurants; in actuality this is a hybrid of Middle Eastern and Romanian cuisine. Most are located downtown: Ma'ayan HaBira (beer fountain), Cafe (coffee) Glida (icecream) Younek. Expect to pay ₪50-100 per person for a meal.

thumbnail|Horev center, at the edge of Moriah avenue
Moriah Avenue, along the length of this street from the Carmel Center in the north, to the Horev center (shopping mall) in the south. Some good places alongside this 3&nbsp;km stretch include:
* Charliebar (meat, seafood, hamburgers)
* 
* 
* 
* Sinta-bar (meat)
* El Gaucho (steaks, kosher)
* Meat In and Out (steaks)
* Canibar (hamburgers)
* Agadir (hamburgers)
* Lechem Erez
* Giraffe (Asian fusion)
* HaBank (cafe with good food)
* Pasta Carolla
* Isabella Bar
* Shipudei HaTikvah (traditional meats and salads, kosher)
* Pomodoro (pizza and pasta, kosher)
* Jacko - one of the best fish and seafood restaurants (on Moriah Street and downtown near Natanson Street). It was a working-class restaurant until it became famous, and increased its prices a bit (₪80-120 per person).
* Japanika (reasonably-priced sushi, Fridays: reservations advised)
* Greg (cafe restaurant)
* Mandarin (cafe)
* Voila (Swiss-French)
You can find good food in the local bars around Moriah Avenue, for example: the Duke, Brown, Barbarosa.
Good traditional restaurant is Ma'ayan Habira, where home style dishes are served.

thumbnail|Ben Gurion Avenue and the Bahai Gardens
Ben-Gurion Avenue, below the Bahai Gardens, connecting the gardens to the port area. This is a trendy area,",True
Q1055,Hamburg,"thumb|Fried [[plaice, Finkenwerder style]]

Original Hamburg dishes include Birnen, Bohnen und Speck (green beans cooked with pears and bacon). Aalsuppe (Hamburgisch Oolsupp) is often mistaken to be German for ""eel soup"" (Aal/Ool translated 'eel'), but the name probably comes from the Low Saxon allns , meaning ""all"", ""everything and the kitchen sink"", not necessarily eel. Today eel is often included to meet the expectations of unsuspecting diners. There is Bratkartoffeln (pan-fried potato slices), Finkenwerder Scholle (Low Saxon Finkwarder Scholl, pan-fried plaice), Pannfisch (pan-fried fish with mustard sauce), Rote Grütze (Low Saxon Rode Grütt, related to Danish rødgrød, a type of summer pudding made mostly from berries and usually served with cream, like Danish rødgrød med fløde), and Labskaus (a mixture of corned beef, mashed potatoes, and beetroot, a cousin of the Norwegian lapskaus and Liverpool's lobscouse, all offshoots off an old-time one-pot meal that used to be the main component of the common sailor's humdrum diet on the high seas).

Alsterwasser (in reference to the city's river, the Alster) is the local name for a type of shandy, a concoction of equal parts of beer and carbonated lemonade (Zitronenlimonade), the lemonade being added to the beer.

A regional dessert pastry called ""Franzbrötchen"" is similar in preparation to a croissant, but includes a cinnamon and sugar filling, often with raisins or brown sugar streusel. Ordinary bread rolls tend to be oval-shaped and of the French bread variety. The local name is Schrippe (scored lengthways) for the oval kind and, for the round kind, Rundstück (""round piece"" rather than mainstream German Brötchen, diminutive form of Brot ""bread""), a relative of Denmark's rundstykke. The cuisines of Hamburg and Denmark, especially of Copenhagen, have a lot in common. This also includes a predilection for open-faced sandwiches of all sorts, especially topped with cold-smoked or pickled fish.

The American hamburger may have developed from Hamburg's Frikadeller: a pan-fried patty (usually larger and thicker than its American counterpart) made from a mixture of ground beef, soaked stale bread, egg, chopped onion, salt, and pepper, usually served with potatoes and vegetables like any other piece of meat, not usually on a bun. The Oxford Dictionary defined a Hamburger steak in 1802: a sometimes-smoked and -salted piece of meat, that, according to some sources, came from Hamburg to America. The name and food, ""hamburger"", has entered all English-speaking countries, and derivative words in non-English speaking countries.

There are restaurants which offer most of these dishes, especially in the HafenCity.",False
Q1715,Hanover,"==Eat==

In most cafés and small restaurants, paying individually is accepted, as Germans like this system. Tips are not compulsory but most people do. In smaller cafés, if paying separately, rounding up to the next full euro is common; in bigger restaurants, 10% is best.

thumb|315px|German Sausages and more

* 

At a nearby butcher shop you can get German sausages.

* 
* 
* 
* 

* 
* 
* 
* 
* 
* 

*

* 
*
* 
* 
* 
* 
* 

* 
*",False
Q42956,Harbin,"==Eat==

If there is one thing special about Harbin, it has to be the food. Taking influences from Russia, Mongolia, Korea and of course China, the food in Harbin is much ""heartier"" than you can find anywhere in China, and stews and other duncai are popular dishes. Because the winters are long here you'll find fewer exotic ingredients and heavy use of vegetables like cabbage, potatoes, cucumber and corn. Chinese BBQ or shaokao and Hot Pot is also equally popular in Harbin and is a must eat once you get into town.

One thing you will notice is that Dongbei people love to eat, and it's not just for the food, but for getting all their friends together at one table and drinking/eating the night away. Thus this city is dominated by restaurants with large tables that seat groups of people. Besides small food stalls, only near the Universities and busy shopping areas will you find cozy little restaurants. In Harbin, liveliness (renao) attracts customers as much as the food; some restaurants are so loud you may need earplugs!

Harbin is also known among the Chinese for its Russian food, though it is often significantly localised and may not be the same as what Russian visitors would be used to back home.

thumb|Haws, for those with a sweet tooth
thumb|Chunbing pancakes, a northern specialty
thumb|Harbin smoked sausages
* 
*
*
*
*
*
*
*

*
*
*

*

*
*
*
*
*
*
* 
** 
** 
*
*

*
*

*
*
*

*
*
*

*
*

*

*
*",False
Q25280,Harrisburg,"==Eat==
thumb|upright=1.3|Breeze Hill Mansion at 21st and Bellevue Sts.
During the week, you should have no problem finding a place to eat without much wait, but the weekends (especially in the summer) may require a bit of a wait at the popular restaurants during their prime time dinner crowd.

* 
* 

*
*
*
*",False
Q33486,Hartford,"==Eat==
Over the years, Hartford came to be known for its Italian cuisine. South End of Hartford used to be called Little Italy, and even though most Italian-Americans have migrated to the southern suburbs of the city, their restaurants and shops remain. Today, however, Hartford is not limited to Italian cuisine. Waves of immigrants from South America, the Caribbean Islands (mainly Puerto Rico and Jamaica) and southeast Asians have added a richer cuisine to Hartford. South End and West End is filled with Peruvian and Brazilian cuisines. West End and parts of East Hartford have seen a surge in Vietnamese and Thai cuisine, North End and parts of West End are known for their Jamaican and Caribbean/West Indies cuisines, and Park Street for the Puerto Rican cuisine.

To the locals and those in the surrounding areas, Hartford is known for its giant grinders (sandwiches). Most of these giant grinder shops are in the South End neighborhood, on or near Franklin Avenue, which include Corner Grinder, Franklin Giant Grinder, La Rosa's, and Wethersfield Pizza House.

* 
* 
*
* 

* 
* 
* 
*
*
*

* 
* 
* 
* 

* 
* 
* 
*",False
Q2966,Heidelberg,"==Eat==
BBQ & Beer — On sunny summer days the Neckarwiese ('Neckar meadow', northern bank of Neckar river, just west of Bismarckplatz) is full of people relaxing in the sun, having a barbecue or a beer... This place also offers a nice view of the castle. You will have to bring your own grill, beer and steaks. Cheap grills to use once are available at the ""Bauhaus"" do-it-yourself store at Kurfürsten-Anlage 11, 200 m south of Bismarckplatz. Nice way to mix with locals. Grilling is only allowed in two zones marked with cobblestones. Do not put one-way-grills onto the grass, it will leave a hole in the grass.

Snacks — Along the Hauptstraße, which runs through the center of town, you will find several bakeries that serve local specialities including “Brezeln” (pretzels). Department stores have a nice selection of delicatessen stalls called “Markthallen” where you can eat everything on the spot.

Cafes — Many of the cafes in Heidelberg set up outside tables when the weather is fair, and these are enjoyed by locals and tourists alike. A popular destination for summer cafe beer sipping and lounging is the Marktplatz, which is adjacent to the Heiliggeistkirche.

Meals — The Haupstraße is plentiful with an amazing variety of restaurants. Dishes tend to be served in large portions, relatively inexpensive and of good quality. You can find something for almost every taste including Japanese, Indian, Italian, Chinese, German and Bavarian. American fast food and ""Döner"" restaurants cater to the budget conscious and late-night crowds.

All these are in the Old Town:

* 
* 
* 
* 
* 
* 

* 
*
*

*",False
Q1757,Helsinki,"thumb|[[Café Ekberg, the oldest coffeehouse of Helsinki, along the Bulevardi in the Kamppi district]]
Helsinki was already known in the 18th century for its abundant number of inns and pubs, where both locals and those who landed in the harbor were offered plenty of alcoholic beverages. At that time, taxes on the sale of alcohol were a very significant source of income for Helsinki, and one of the most important sellers of alcohol was Johan Sederholm (1722–1805), a trade councilor who attracted rural merchants with alcohol and made good deals. Gradually, a new kind of beverage culture began to grow in the next century, and as early as 1852, the first café of Finland, Café Ekberg, was established by confectioner Fredrik Ekberg (1825–1891) after attending his studies in St. Petersburg. Ekberg has also been said to have created Finland's ""national pastry tradition"". At first, café culture was only a prerogative of sophisticated elite, when it recently began to take shape as the right of every man. Today, there are several hundred cafés in Helsinki, the most notable of which is Cafe Regatta, which is very popular with foreign tourists.

thumb|left|Fish for sale in the [[Old Market Hall, Helsinki|Old Market Hall (Vanha kauppahalli)]]
As an important port city on the Baltic Sea, Helsinki has long been known for its fish food, and it has recently started to become one of the leading fish food capitals in Northern Europe. Helsinki's Market Square is especially known for its traditional herring market, which has been organized since 1743. Salmon is also a typical Helsinki fish dish, both fried and souped. The most prestigious restaurants specializing in seafood include Restaurant Fisken på Disken.

thumb|A terrace of the Restaurant Roslund at the [[Teurastamo area]]
Helsinki is currently experiencing a period of booming food culture, and it has developed into an internationally acclaimed food city, receiving recognition for promoting food culture; the city's gastronomy is considered unique, because many restaurants offers, in addition to fish dishes, reindeer, elk, and even bear meat. The local food culture is made up of cuisines from around the world and the fusions they form. Various Asian restaurants such as Chinese, Thai, Indian and Nepalese are particularly prominent in Helsinki's cityscape, but over the past couple of years, restaurants serving Vietnamese food have been very popular. Sushi restaurant buffets have also made their way into the city's restaurant offerings in one fell swoop. The third prominent trend is restaurants serving pure local food, many of which specialize primarily in serving pure Nordic flavors. In past years Middle Eastern food culture rose in its popularity. Especially Helsinki's eastern part offers many different options for Middle Eastern cuisine lovers. There is also some touches of Russian cuisine, one of which is the Finnish version of blinis, thick pancakes that are usually fried in a cast-iron pan. One of the most sig",False
Q40191,Hobart,"==Eat==
thumb|Tasmanian salmon on a pea and corn fritter
Hobart has a profusion of eating establishments ranging from the cheap to the luxuriously expensive. Freshly caught seafood is a specialty of the region, and there are several excellent seafood restaurants. Deep-sea Trevalla is unique to Tasmania and must be tried. Tasmanian lobster is also excellent. Scallop pie is also unique to Tasmania and can be easily purchased from the Salamanca Market food stalls. Restaurants are concentrated in the Salamanca and North Hobart areas.

*
* 
*
*
* 

Many of the establishments listed in the Drink section below also serve food.

* 

* 
*",False
Q1854,Ho Chi Minh City,"Ho Chi Minh City has roadside restaurants, coffee shops, and food stalls where locals and tourists can use local cuisine and beverages. It is ranked in the top five best cities in the world for street food.",True
Q783,Honduras,"Honduran cuisine is a fusion of indigenous Lenca cuisine, Spanish cuisine, Caribbean cuisine and African cuisine. There are also dishes from the Garifuna people. Coconut and coconut milk are featured in both sweet and savory dishes. Regional specialties include fried fish, tamales, carne asada and baleadas.

Other popular dishes include: meat roasted with chismol and carne asada, chicken with rice and corn, and fried fish with pickled onions and jalapeños. Some of the ways seafood and some meats are prepared in coastal areas and in the Bay Islands involve coconut milk.

The soups Hondurans enjoy include bean soup, mondongo soup (tripe soup), seafood soups and beef soups. Generally these soups are served mixed with plantains, yuca, and cabbage, and served with corn tortillas.

Other typical dishes are the montucas or corn tamales, stuffed tortillas, and tamales wrapped in plantain leaves. Honduran typical dishes also include an abundant selection of tropical fruits such as papaya, pineapple, plum, sapote, passion fruit and bananas which are prepared in many ways while they are still green.",False
Q8646,Hong Kong,"Food in Hong Kong is primarily based on Cantonese cuisine, despite the territory's exposure to foreign influences and its residents' varied origins. Rice is the staple food, and is usually served plain with other dishes.. Freshness of ingredients is emphasised. Poultry and seafood are commonly sold live at wet markets, and ingredients are used as quickly as possible when still fresh.. There are up to five daily meals: breakfast, lunch, afternoon tea, dinner, and siu yeh.. Dim sum, as part of yum cha (brunch), is a dining-out tradition with family and friends. Dishes include congee, cha siu bao, siu yuk, egg tarts, and mango pudding. Local versions of Western food are served at cha chaan teng (Hong Kong-style cafes). Common cha chaan teng menu items include macaroni in soup, deep-fried French toast, and Hong Kong-style milk tea.

As of 2025, the Michelin Guide listed 76 starred restaurants in total. It awarded 7 restaurants 3 Michelin Stars, 11 restaurants with 2 Michelin Stars, and 58 restaurants with 1 Michelin Star. It also gave 4 Green Stars for sustainability, Amber, Feuille, Mora, and Roganic. Alongside the starred list, 65 restaurants received Bib Gourmand status for good quality food at good value.",False
Q16555,Houston,"==Eat==

Houston has outstanding dining options, and is widely considered the most restaurant-oriented city in the United States, with a thriving community of ethnic restaurants, superb Tex-Mex, classic Texas steakhouses and Gulf Coast seafood, as well as chain restaurants. Houston's fine dining scene has exploded, with Downtown, Montrose, Midtown, and the Heights (including the Washington Corridor) as the epicenter of what's hot-and-happening now.

Although high-quality, authentic Mexican food can be found just about anywhere in the city (for some of the best surprises, stop by any nondescript taqueria and order nearly anything at random), the best ethnic dining is generally found in West Houston - in particular the area west of Highway 59 and south of I-10, with everything from Middle Eastern to Ethiopian to Bosnian. The bustling Mahatma Gandhi District around Hillcroft St. is the place to go for top-notch Indian and Pakistani cuisine. In years past, you'd go east of Downtown or to Midtown for your Chinese or Vietnamese fix (respectively); nowadays the new Chinatown (or sometimes ""Asiatown"") located between Westpark Drive to the North and Beechnut Street to the south, South Gessner Rd to the East and Eldridge Parkway South to the west; is the new one-stop shop for your cravings. Lying just north of I-10, Long Point Drive and between Blalock and North Gessner sport crowded Korean joints, fantastic taco trucks, and hidden Thai gems. 

With hometown stars such as Monica Pope (T'afia) and Bryan Caswell (Reef, Little Big's, El Real) making their debut on TV shows such as Top Chef and on the Food Network, and more and more chefs and restaurants getting name-checked in media (such as the GQ magazine, Best Of lists, or the declaration by Bon Appetit of Houston as the best food city in Texas) and earning award nominations (Randy Rucker's Bootsie's Heritage Cafe was up for the James Beard Award for Best New Restaurant - the ""Oscars of the restaurant world""), Houston's dining scene seems slowly but surely to be staking out room on the national stage.

Like any city with a respectable, trendy food scene, Houston's top restaurants seem to be all about what's seasonal and local these days (oh, and Houston is just now getting into gourmet food trucks), as well as becoming increasingly prominent in stores as well. Fresh produce to seek out include tomatoes, sweet ""1015"" onions (not as sweet as the Hawaiian variety, but pretty impressive), watermelon, strawberries, peaches, corn, carrots, and squash blossoms. Look for local cheese from the Houston Dairymaids - who make just about any variety you can think of - and bread baked daily and shipped to restaurants from the Slow Dough Bakery. Houstonians are just as crazy for crawfish (no ""crayfish"" down here, Yankee) as Louisianans are, as well as catfish and Gulf seafood such as red snapper, blue crab, and shrimp; gaining in popularity are local species that were previously overlooked, such as blackfin tuna, tilefis",False
Q28,Hungary,"==Eat==
Main courses in menu are normally 3000–5000&nbsp;Ft in touristy places in Budapest, 2000–3000&nbsp;Ft outside it, or in towns like Eger and Szentendre. A two-course lunch with a soft drink in Budapest typically costs 3000–10000&nbsp;Ft per person, and half or third of that outside Budapest. A Chinese fast food menu is around 1500&nbsp;Ft. (updated Jan 2023)

In restaurants, a service charge is frequently included into bill, 10% or even 12%, but this has to be clearly pointed out on the menu. If it's not mentioned, the place has no right to include a service charge in the bill.

Even if there's no service charge, unless the service was preposterous most Hungarians tend to leave a tip of 10% minimum. Unlike in most western countries, tip is usually not left on the table but rather the amount is specified to the waiting staff when you pay.

There were some places, mainly in the centre of Pest, that try to rip off drunk tourists at night by charging ridiculously high prices for drinks. Most of these places are closed now, but it's still a good idea to always check the prices before ordering.

Common in major cities and next to the highways are branches of major international chains such as KFC, McDonald's, Burger King, Subway, Pizza Hutand TGI Friday's last two just in Budapest.

thumb|A fancy serving of gulyás soup
thumb|Pörkölt (is a meat stew which originates from Hungary) and Nokedli (a pasta, used as side dish)

Hungarians are quite proud of their cuisine (Magyar konyha), and most of the time not without reason. Food is usually spicy, but not hot by general standards, and it's tasty rather than healthy: many dishes are prepared with lard or deep-fried. The national spice is paprika, made from ground sweet bell peppers. 
* 

Meat is popular, especially pork (sertés), beef (marha) and venison (őz). Less common are lamb and mutton. Chicken (csirke) and turkey (pulyka) are common, and you will also find game birds excellent in smarter restaurants and country areas: pheasant (fácán), partridge (fogoly) and duck (kacsa). Goose is also quite popular in Hungary. While tourists gorge on goose liver (libamáj), still cheap by Western standards, probably the most common dish is sült libacomb, roast goose leg. The best fish in Hungary are river fish: carp (ponty), zander (fogas/süllő) and catfish (harcsa), though many restaurants will serve fish from far away. Another typical Hungarian fish meal is roasted hake (sült hekk). Less well known in the rest of the world are csirke paprikás, chicken stew in paprika sauce, and halászlé, paprika fish soup often made from carp.

Stuffed (töltött) vegetables of all kinds are also popular, and Hungarian pancakes (palacsinta), both savoury and sweet, are a treat. Common snacks include kolbász, a Hungarianised version of the Polish kielbasa sausage, and lángos, deep-fried dough with a variety of toppings (mostly sour cream, cheese, or garlic).

A typical Hungarian meal will involve soup, often like a consommé (erő",False
Q1361,Hyderabad,"==Eat==

No visit to Hyderabad would be complete without sampling its unique cuisine, a rich blend of royal Mughlai flavours, Nizams special, and spice-up culinary traditions of South India such as: Hyderabadi biryani, pathar-ka-ghosht, nahari, haleem, double-ka-meetha, khubani-ka-meetha, seviyon-ka-meetha and kheer.

A popular dish of Hyderabad is biryani. It is prepared with a blending of Mughal kitchen and the style of cooking practised by the Nizams. Hyderabadi biryani has a distinct aroma. Garnished with pudina, fried onion & boiled eggs. Mostly it is served with dahi-ki-chutney and mirchi-ka-salan. Biryani was traditionally made with goat meat, but in modern times it has many variants like lamb biryani, chicken biryani, biryani khaam, biryani zard or zafrani or the most exotic of all joban malti biryani in which mutton, partridges and quails were cooked with rice.
thumb|right|260px|Hyderabadi Biryani (left) and other dishes (right)
thumb|right|Osmania biscuits from Hyderabad

There are many stories about biryani. One of them says, in 1398 legend Turk-Mongol conqueror Timur brought a pot full of rice to feed this army.

Culinary delicacies of Hyderabad include:

* 
* 
* 
* 
* 
* 
* Kachchi gosht ki biriyani, of Hyderabad, where raw meat is stir-fried with spices (masala) for a couple of minutes and then covered with rice and put on dum. Today, biryani is also made using vegetables, chicken, seafood and beef. The beef biryani is known as Kalyani Biryani, available at many small eateries in the city. Although any Irani cafe might serve this delectable dish, there are a few places better known for tasteful food than their hygiene.
* 
* 
* 

Street food in Hyderabad is better than most other cities in India and it is cheap.

There has been an explosion in the number of restaurants in Hyderabad, fuelled by demand from young professionals with money to spend. Quality and variety of food, however, have not kept pace. There is a disproportionately large number of restaurants that aspire to be called ""fine-dining"" restaurants, but the food they serve is usually indifferent. In general, keep away from restaurants that call themselves ""multi-cuisine"" or if you see multiple cuisines on the menu, as the chances are that they are attempting to serve every kind of palate and will not satisfy any.

The older areas of Hyderabad are better places to find good and cheap food. Places close to Hi-tech city, such as Madhapur and Kondapur, tend to have expensive and bad food, while in Banjara Hills and Jubilee Hills you will find restaurants that are expensive, but which sometimes serve good food. Those misled by the fact that Hyderabad is in South India and expecting South Indian food may be disappointed. While there are excellent South Indian restaurants in some of the older areas like Koti and Abids, the average South Indian food served here is quite bad.

Two of the biggest names in Hyderabad's restaurant business are Ohri's and the BJN Group. It will seem as",True
Q189,Iceland,"==Eat==
thumb|Harðfiskur

Traditional Icelandic cuisine tends to be bland and simple due to the limited range of available ingredients as a result of the harsh climate. It is based on staples that use lamb or fish in some form or other. However, technological advances and imports have led to a rather cosmopolitan modern Icelandic cuisine. Modern Scandinavian or New Nordic cuisine has found its way to Iceland, and Reykjavík is home to a number of well-regarded fine dining restaurants. A vegetarian diet is tricky to maintain in Iceland, but there are several vegetarian restaurants in Reykjavík, and vegetarian dishes are widely available at other restaurants.

Distinctively Icelandic foods include:
* harðfiskur, dried fish pieces eaten as a snack with butter (also good with coleslaw)
* skyr, a yoghurt-like cheese available in flavoured and unflavoured varieties all over the country. Low in fat and high in protein.
* hangikjöt, smoked lamb
* smoked lamb sausage
* svið, singed sheep's head
* Slátur, consists of lifrarpylsa, a sausage made from the offal of sheep, and blóðmör which is similar to lifrapylsa but also has sheep's blood mixed into it.
* Rúgbrauð, translated into English as ""thunder bread"", this is a type of rye bread that is baked underground making use of geothermal heat. Sweeter than regular rye breads.

Iceland is famous for its whale meat, and is one of the few places in the world where it is possible to eat minke whale. Whaling has long been a tradition in Iceland, though it has become a controversial issue. However, most restaurants that cater to tourists sell whale meat, and if you are feeling a little more adventurous some places will serve grated puffin with it if you ask.

During the Þorri season (late January-Early February), many Icelanders enjoy Þorramatur, a selection of traditional Icelandic cuisine which usually contains the following: hákarl (putrefied shark cubes), Sviðasulta (brawn [head cheese] made from svið), lundabaggi (sheep's fat) and hrútspungar (pickled ram's testicles). Þorramatur is usually served at gatherings known as Þorrablót. If you are invited to a Þorrablót, do not be afraid to (politely) refuse some of the more unpalatable delicacies, as many Icelanders choose to do so as well. Don't worry about going hungry, though, as many of the more ""normal"" foods mentioned above are almost always available too. If you're uncertain which is which, do not be afraid to ask the caterers for assistance.

A similar event to Þorrablót is Þorláksmessa, celebrated on 23 December each year. During this day you might find yourself invited to skötuveislur, where cured skate is served. As with Þorrablót, you can politely refuse to partake in the skate (another type of fish is usually served alongside it for the less adventurous). A word of warning, though: the pungent smell that accompanies the cooking of cured skate is very strong and sticks to hair and clothing very easily. Do not wear formal (expensive) clothing at these gat",False
Q668,India,"The foundation of a typical Indian meal is a cereal cooked plainly and complemented with savoury dishes. The cooked cereal could be steamed rice; chapati, a thin unleavened bread; idli, a steamed breakfast cake; or dosa, a griddled pancake. The savoury dishes might include lentils, pulses, vegetables, meat, poultry and fish commonly spiced with ginger and garlic, but also coriander, cumin, turmeric, cinnamon, cardamom and others. In some instances, the ingredients may be mixed during the cooking process. India has distinctive vegetarian cuisines, each a feature of the geographical and cultural histories of its adherents. About 20% to 39% of India's population consists of vegetarians. Although meat is eaten widely, the proportional consumption of meat is low.

The most significant import of cooking techniques into India during the last millennium occurred during the Mughal Empire, spreading into northern India from regions to its northwest, along with dishes such as pilaf. Onions, garlic, almonds, and spices were added to the simple yogurt marinade of Persia. Rice was partially cooked and layered alternately with sauteed meat, the pot sealed tightly, and slow cooked according to another Persian cooking technique, to produce biryani, a feature of festive dining in many parts of India.

The diversity of Indian food served worldwide has been partially concealed by the dominance of Punjabi cuisine. The popularity of tandoori chicken—cooked in a tandoor oven, which had traditionally been used for baking bread in the rural Punjab and the Delhi region, especially among Muslims, but which is originally from Central Asia—dates to the 1950s, and was caused in large part by an entrepreneurial response among people from the Punjab who had been displaced by the 1947 partition.

File:Making Khameeri Roti in Tandoor in Turkman Gate Old Delhi.webm|A tandoor chef in the Turkman Gate, Old Delhi, makes Khameeri roti, a Muslim-influenced style of leavened bread.
File:South Indian Thali Cropped.jpg|South Indian vegetarian thali, or platter
File:Pabda Jhaal - Home- Kolkata - West Bengal.jpg|Machher jhol, a spicy fish curry eaten in eastern India, Nepal, and Bangladesh
File:Khairdeen, alias Pritam, relishing a mango at the dusk of his life 05.jpg|Mango, the national fruit of India, is eaten widely in the summer months.",False
Q6346,Indianapolis,"thumb|[[Indianapolis City Market, founded in 1821]]
Indianapolis has an emerging food scene as well as established eateries. Founded in 1821 as the city's public market, the Indianapolis City Market has served the community from its current building since 1886. Before World War II, the City Market was home to meat and vegetable vendors. As consumer habits evolved and residents moved from the central city, City Market transitioned from a traditional marketplace to a food hall. The AMP and The Garage food halls opened in 2021.

Situated in the Corn Belt, Indianapolis has maintained close ties to farming and food production. Urban agriculture in the city dates to the 1930s, when Flanner House began teaching Black arrivals how to farm on vacant lots during the Great Migration. Within a few years, more than 200 families were tending 600 garden plots on nearly of land on the city's near north side. Urban agriculture has made a comeback in recent years in an effort to alleviate food deserts. According to the city's Office of Sustainability, there were 129 community farms and gardens in 2020. , several farmers' markets have been established throughout Indianapolis.

Distinctive local dishes include pork tenderloin sandwiches, sugar cream pie, and beef Manhattan, invented in Indianapolis.Stuttgen, J.R. (2007). Cafe Indiana: A Guide to Indiana's Down-Home Cafes. University of Wisconsin Press. p. 178. . Retrieved November 7, 2015. Wonder Bread and Choc-Ola also originate in the city. Longstanding local eateries include Long's Bakery, Mug-n-Bun, Shapiro's Deli, The Workingman's Friend, and St. Elmo Steak House. St. Elmo was recognized with the America's Classics award by the James Beard Foundation in 2012. In 2008, the Indianapolis metropolitan area had the highest concentration of chain restaurants per capita in the U.S. Locally based chains include MCL Restaurant & Bakery, Noble Roman's, and Steak 'n Shake. The city's growing immigrant population has contributed to a rise in global cuisine, with some 800 ethnic restaurants opening in recent years.

In 2016, Condé Nast Traveler named Indianapolis the ""most underrated food city in the U.S."", while ranking Milktooth as one of the best restaurants in the world. Food & Wine called Indianapolis the ""rising star of the Midwest"". Several Indianapolis chefs and restaurateurs have been semifinalists in the James Beard Foundation Awards in recent years. Microbreweries have become a staple in the city, increasing fivefold since 2009. There are now about 50 craft brewers in Indianapolis, with Sun King Brewing being the largest.",False
Q252,Indonesia,"==Eat==
300px|thumb|Spiced nasi kuning (rice coloured yellow with turmeric) shaped into the ceremonial tumpeng (cone) and topped with dried beef abon

With 17,000 islands to choose from, Indonesian food is an umbrella term covering a vast variety of regional cuisines found across the nation. But, if used without further qualifiers, the term tends to mean the food originally from the central and eastern parts of the main island Java. Now widely available throughout the archipelago, Javanese cuisine features an array of simply seasoned dishes, the predominant flavorings the Javanese favor being peanuts, chillies, sugar (especially Javanese coconut sugar) and various aromatic spices.

All too often, many backpackers seem to fall into a rut of eating nothing but nasi goreng (fried rice), and perhaps commonly available Javanese dishes, but there are much more interesting options lurking about if you're adventurous enough to seek them out. In West Java, Sundanese dishes composed of many fresh vegetables and herbs are commonly eaten raw. Padang is famous for the spicy and richly-seasoned Minangkabau cuisine, which shares some similarities to cooking in parts of neighboring Malaysia, and eateries specializing in the buffet-style nasi padang are now ubiquitous across the nation. The Christian Batak people and the Hindu Balinese are great fans of pork, while the Minahasa of North Sulawesi are well known for eating almost everything, including dog and fruit bat, and a very liberal usage of chillies even by Indonesian standards. Tamed Muslim-friendly versions of all three can be found in the malls and food courts of many Indonesian cities, but it's worth it to seek out the real thing especially if you happen to be in these regions. And by the time you get to Papua in the extreme east of the country, you're looking at a Melanesian diet of boar, taro and sago.

Chillies (cabai/cabe, CHA-beh) are used widely in Indonesian cuisine, most commonly as sambal sauces. Watch out for the small but extra spicy bird's eye chilli (cabe rawit). Terasi (tuh-RAH-see), dried shrimp paste, is used much like fish sauce and while it blends into the background in cooked dishes, on its own or in large quantities it has a powerful fishy taste. Petai/pete (puh-TAY), known as the ""stink bean"" in English for a reason, is an occasional seasonal ingredient in stir-fries. A Sundanese favorite is oncom (OHN-chohm) and is composed of peanuts that have been fermented in a block until they are colourfully covered with certain types of fungus; this food doesn't just look moldy but also tastes moldy and is an acquired taste.

In Jakarta, Bali and some other big cities, franchises of Asian, European and American restaurant chains are common, with Kentucky Fried Chicken as the pioneer, following by McDonald's. You can also find modest to expensive restaurants with specialties of Thai, Korean, Middle Eastern, African, Spanish, Russian foods and so on.

The vast majority of Indonesian restaurants",False
Q1735,Innsbruck,"==Eat==

All these are in the city centre:

*
*
* 
* 
* 
* 

*
*
*
*
* 

* 
*",False
Q794,Iran,"== Eat ==
Meal times in Iran vary considerably from those in Europe and the US. Lunch can be served from 12:00-15:00. and dinner is often eaten after 20:00. These and other social occasions in Iran are often long, drawn-out affairs conducted in a relatively relaxed tempo, often involving pastries, fruit and possibly nuts. As it is considered rude to refuse what is served, visitors should accept the items offered, even if they do not intend to consume them.

As in most Muslim-majority countries, pork and pig meat products are illegal, though shops serving the Christian community are allowed to sell pork.

The good news for travellers is that Iranian cuisine is superb. A wide range of influences from Central Asia, the Caucasus, Russia, Europe and the Middle East have created a diverse, relatively healthy range of dishes that focus on fresh produce and aromatic herbs. The bad news, however, is that Iranians prefer to eat at home, rather than in restaurants, so decent eateries are scarce and stick to a repetitive selection of dishes (mainly kebabs). An invitation to an Iranian home for dinner will be a definite highlight of your stay. When visiting an Iranian household for the first time or on a special occasion it is customary for Iranians to bring a small gift. Flowers, sweets or pastries are popular gift choices.

Iranian cuisine is related to the cuisines of neighbouring Middle Eastern and South Asian countries but is in important ways highly distinctive.

Fragrant rice (برنج, berenj) is the staple of Iranian food. Boiled and then steamed, it is often coloured with saffron or flavoured with a variety of spices. When served plain as an accompaniment it is known as chelo (چلو). The two most common meat and chelo combinations are kebab variations (chelo kabāb, چلو کباب) or rotisserie chicken (chelo morgh, چلو مرغ). Flavoured rice, known as polo, is often served as a main course or as an accompaniment to a meat dish. Examples include shirin polo flavoured with orange zest, young cherries and honey glazed carrots, the broad-bean and herb heavy bāghli polo and sabzi polo laced with parsley, dill and mint.

right|thumb|The ubiquitous Persian Kabab is often served with plain rice and sometimes with special (yellow cake) rice called tah-chin.
The rice and kebab dish chelo kabāb (چلو کباب) and its half-dozen variations are the most common (and often the only) items on Iranian restaurant menus. A grilled skewer of meat is served on a bed of fluffy rice, and accompanied by an array of condiments. You can add butter, grilled tomatoes and a sour spice known as somāgh to your rice, while some restaurants also provide a raw egg yolk. Raw onion and fresh basil are used to clear your palate between mouthfuls. Variations in kabāb dishes come from the meats they are served with. You will commonly see:

* Kabāb koobideh (كباب كوبيده) - a kebab of minced beef, shredded onion and spices.
* Kabāb barg (كباب برگ) - pieces of lamb sometimes marinated in lemon juice and sh",False
Q796,Iraq,"==Eat==

thumb|Tepsi Baytinijan

Iraqi cuisine is centred on grilled meats, slow-cooked stews, rice, and fresh bread. Meals are social events — portions are generous, tea follows every dish, and refusing food is considered impolite. Street food is abundant and inexpensive throughout the country, while sit-down restaurants range from simple local grills to upmarket riverside establishments in Baghdad.

Masgouf is considered the national dish of Iraq. It is an open-cut carp (a freshwater fish) roasted for hours after being marinated with olive oil, salt, curcuma and tamarind while keeping the skin on. Traditional garnishes include lime, chopped onions, and tomatoes. It is often served with flatbread. The best masgouf is found along the Tigris in Baghdad, particularly on Abu Nawas Street, where restaurants prepare the fish over open wood fires.

Tepsi Baytinijan is another very popular dish: a baked casserole typically consisting of meatballs, aubergine, tomatoes, garlic, onions, and potatoes.

Quzi (or ghoozi) is slow-roasted lamb served over fragrant rice with almonds and raisins. It is the centrepiece of celebrations, weddings, and large family gatherings throughout Iraq.

Kubba (كبة) are fried or boiled bulgur wheat shells stuffed with spiced minced meat. Varieties differ by region — Mosul is known for its kubba mosuliya, while Baghdad's version is typically deep-fried and served with lime.

Tashreeb is a hearty stew poured over torn pieces of flatbread, allowing the bread to soak up the broth. Tashreeb dijaj (chicken) and tashreeb baamia (okra) are common varieties, often eaten for breakfast or lunch.

Samoon is Iraq's ubiquitous diamond-shaped bread, baked in wood-fired ovens and served with virtually every meal. Freshly baked samoon from a neighbourhood bakery is a staple of Iraqi daily life.

Iraqi tea (chai) is served strong and sweet in small glasses called istikans, often accompanied by cardamom. It is offered everywhere — in shops, at checkpoints, and in homes — and is central to Iraqi hospitality.",True
Q27,Ireland,"==Eat==
Food is expensive in Ireland, although quality has improved enormously in the last ten years. Most small towns will have a supermarket and many have a weekly farmers' market. The cheapest option for eating out is either fast food or pubs. Many pubs offer a carvery lunch consisting of roasted meat, vegetables and the ubiquitous potatoes, which is usually good value. Selection for vegetarians is limited outside the main cities. The small town of Kinsale near Cork has become internationally famous for its many excellent restaurants, especially fish restaurants. In the northwest of the country Donegal Town is fast becoming the seafood capital of Ireland.

thumb|Irish stew and a pint of Guinness

Traditional Irish cuisine could charitably be described as hearty: many traditional meals involved meat (beef, lamb, and pork), potatoes, and cabbage. Long cooking times were the norm in the past, and spices were limited to salt and pepper. The Irish diet has broadened remarkably in the past fifty years and dining is now very cosmopolitan.

Seafood chowder, Guinness Bread, Oysters, and Boxty vary regionally, and are not common throughout the entire country.

However the days when potatoes were the only thing on the menu are long gone, and modern Irish cuisine emphasizes fresh local ingredients, simply prepared and presented (sometimes with some Mediterranean-style twists). Meat (especially lamb), seafood and dairy produce is mostly of an extremely high quality.

Try some gorgeous brown soda bread, made with buttermilk and leavened with bicarbonate of soda rather than yeast. It is heavy, tasty and almost a meal in itself.

Only basic table manners are considered necessary when eating out, unless you're with company that has a more specific definition of what is appropriate. As a general rule, so long as you don't make a show of yourself by disturbing other diners there's little else to worry about. It's common to see other customers using their mobile phones &mdash; this sometimes attracts the odd frown or two but goes largely ignored. If you do need to take a call, keep it short and try not to raise your voice. The only other issue to be concerned about is noise &mdash; a baby crying might be forgivable if it's resolved fairly quickly, a contingent of adults laughing very loudly every couple of minutes or continuously talking out loud may attract negative attention. However, these rules are largely ignored in fast-food restaurants, pubs and some more informal restaurants.

At restaurants with table service, some diners might expect the bill to be presented automatically after the last course, but in Ireland you may need to ask for it to be delivered. Usually coffee and tea are offered at the end of the meal when removing dishes, and if you don't want any, the best response would be ""No thank you, just the bill, please."" Otherwise the staff will assume you wish to linger until you specifically ask for the bill.",False
Q6576,Irkutsk,"==Eat==

For a local speciality, Omul, Sig and Kharius are local fishes found in the lake Baikal (available in many restaurants). Cold smoked kharius is good with beer. Hot smoked kharius you can find in Listvyanka or Kultuk villages near Baikal lake. Price depends on fish size and is usually about for one. In the Central or New market (Noviy Rinok) you can buy kharius and sig caviar - tasty.

National Buryat big dumplings (boozy, pozy) can be found in Amrita cafés. It's a special Buryat fast food chain with some cafés in the middle of town. Cheap, tasty. Pozy is a steamed meat (beef with pork) big dumplings that must be eaten using only hands.

* Cafe Shokolad at Ul. Dekyabrskikh Sobytii 102 behind the wedding palace, is a clean, modern cafe with good salads, reasonably-priced main courses, and, as their name suggests, sumptuous desserts. A bit outside the historical center (near the TANK bus stop), it is a good place to relax after an excursion to the Sukachev Estate down the street.
* Pizza Domino with no relation to the US chain, is at Lenina 13A across from the Lenin Statue. They do pizzas, soups, and other quick meals. Very cheap, and open 24 hours.
* Pizza Pinocchio near the Angara Hotel on Kirov Square and other locations; quick and inexpensive pizzas that are sometimes reheated in a microwave.

* 
* 

*",False
Q42053,Isfahan,"==Eat==
In some parks, you can simply obtain a carpet and tea from the park warden, and have a picnic on the grass! You will find families gather in these parks, and bring barbecues and cook freshly made kebabs, which smell (and taste) delicious.

Na'an is Persian for bread and the word is used in various Indian languages for their version of Persian-style bread. That can be excellent, but some prefer the Persian original. Arguably the best of the lot is found in Isfahan's Armenian quarter, Jolfa.

*Chelo kebab (kebab with rice) is a must; there are regional variations in Isfahan.
*Beryani is a popular lunch dish in Isfahan. It is made with sheep meat and lung. Although Iranians love this meal, it is very fatty. Therefore, some westerners may dislike Beryani.
*Fereni (a concoction of rice flour, water and milk) at Fereni Hafez, which is along Hafez Street near Imam Square. It costs 3,000 rials for a small bowl or 5,000 rials for a bigger one.
*Safran ice cream

* 
* 
*",False
Q801,Israel,"==Eat==
While many popular dishes in Israel are typical of Middle Eastern cuisine, its cuisine is as diverse as the population. Food is generally of a very high standard, and immigrants from around the world brought almost every genre and type of food to Israel. Kosher food is widely available. Even restaurants without Kosher certificates follow some guidelines of Kashrut to some extent. Tipping is very common in sit-in places that have waiters – not tipping in sit-in restaurants is frowned upon, but is accepted for signaling atrocious service. It is standard to give 10%–15% (or more for exceptional service). A 20% tip is considered generous. Including a service charge in the bill is no longer legal in Israel and should not be paid. Restaurants may charge a ""security fee"" – roughly ₪1–2 per person. However, this fee is not mandatory, and it is common to ask for the fee to be removed from the bill, as well you should. Most restaurants accept credit cards, but do not accept personal checks. If you wish to include the tip in your credit card charge, state this before paying. Restaurants are required to allow this.

Perhaps surprisingly, most culinary items that are typically associated with Jewish cuisine in much of the English-speaking world, such as bagels and pastrami, are not widespread in Israel, though they can still be found in eateries operated by American or Canadian immigrants. 

Israelis tend to consider falafel and hummus as national dishes, although these dishes do not originate in Israel and are eaten throughout the Levant region. A serving of Falafel includes falafel balls, which are small fried balls of mashed chickpeas and/or fava beans, usually served inside a pita bread (or its larger cousin, the lafa bread) with hummus-chips-salat (hummus, French fries and vegetable salad) and tahini. A selection of more salads is usually available, and you can fill your pita with as much as it can take. This is usually the cheapest lunch available (₪10–15), and it's vegetarian (and often vegan). You can also order half a serving (""hatzi mana""). If you don't know which falafel joint to go to, pick one with a good flow of customers, because falafel balls are tastiest when extremely fresh. Hummus is a popular dip made of chickpea granules and various additions (such as olive oil, fresh garlic, lemon juice and tahini) and usually eaten with pieces of pita. At places that specialize in Hummus (commonly referred to as ""hummusiot""), you can find the dish topped with chopped lamb, fried chicken breast, and many other different toppings, such as cooked masabacha grains, shakshuka, ground beef, pine nuts, fried onions, mushrooms, etc.

Another popular option is shawarma – sliced turkey or lamb meat, also served inside a pita/lafa with hummus-chips-salat toppings. Many other things can fit your pita: for example, Me'orav Yerushalemi (Jerusalemite mix), which contain several types of offal meat, or perhaps even schnitzel, a batter fried chicken breast which",False
Q38,Italy,"thumb|[[Italian wine and salumi]]

Italian cuisine is heavily influenced by Etruscan, ancient Greek, ancient Roman, Byzantine, Arabic, and Jewish cuisines.; Significant changes occurred with the discovery of the New World, with items such as potatoes, tomatoes, and maize becoming main ingredients from the 18th century.; Del Conte, 11–21. The Mediterranean diet forms the basis of Italian cuisine, which is rich in pasta, fish, fruits, and vegetables and characterised by its simplicity and variety, with many dishes having only four to eight ingredients.The Silver Spoon , 1997 ed. Italian cuisine is noted for its regional diversity,; ; abundance of difference in taste, and as one of the most popular in the world, wielding strong influence abroad.

Italian cuisine relies heavily on traditional products; the country has a large number of traditional specialties protected under EU law. Italy is home to 395 Michelin star-rated restaurants. Cheese, cold cuts, and wine are central to Italian cuisine, with regional declinations and protected designation of origin or protected geographical indication labels, along with pizza and coffee forming part of gastronomic culture. Desserts have a long tradition of merging local flavours, such as citrus fruits, pistachio, and almonds, with sweet cheeses such as mascarpone and ricotta or exotic tastes such as cocoa, vanilla, and cinnamon. Gelato, tiramisu, and cassata are among the most famous examples of Italian desserts.

The Italian meal structure is typical of the Mediterranean region and differs from North, Central, and East European meal structures, although it still often consists of breakfast (colazione), lunch (pranzo), and dinner (cena). However, much less emphasis is placed on breakfast, which is often skipped or involves lighter portions than are seen in non-Mediterranean Western countries. Late-morning and mid-afternoon snacks, called merenda (: merende), are often included.",False
Q1008,Ivory Coast,"thumb|[[Yassa (food)|Yassa is a popular dish throughout West Africa prepared with chicken or fish. Chicken yassa is pictured.]]

Traditional cuisine is very similar to that of neighbouring countries in West Africa in its reliance on grains and tubers. Cassava and plantains are significant parts of Ivorian cuisine. A type of corn paste called aitiu is used to prepare corn balls, and peanuts are widely used in many dishes. Attiéké is a popular side dish made with grated cassava, a vegetable-based couscous. Common street food is alloco, plantain fried in palm oil, spiced with steamed onions and chili, and eaten along with grilled fish or boiled eggs. Chicken is commonly consumed and has a unique flavour because of its lean, low-fat mass in this region. Seafood includes tuna, sardines, shrimp, and bonito, which is similar to tuna. Mafé is a common dish consisting of meat in peanut sauce.

Slow-simmered stews with various ingredients are another common food staple. Kedjenou is a dish consisting of chicken and vegetables slow-cooked in a sealed pot with little or no added liquid, which concentrates the flavours of the chicken and vegetables and tenderises the chicken. It is usually cooked in a pottery jar called a canary, over a slow fire, or cooked in an oven. Bangui is a local palm wine.

Ivorians have a particular kind of small, open-air restaurant called a maquis, which is unique to the region. A maquis normally features braised chicken, and fish covered in onions and tomatoes served with acheke or kedjenou.",True
Q35997,İzmir,"İzmir's cuisine has largely been affected by its multicultural history, hence the large variety of food originating from the Aegean and Mediterranean regions. Population movement from Eastern and South East Anatolia regions has enriched the local cuisine. Another factor is the large and fertile area of land surrounding the region which grows a rich selection of vegetables. There is considerable culinary usage of green leaf vegetables and wild plants amongst the residents, especially those with insular heritage, such as the immigrants from Crete. Some of the common dishes found here are the tarhana soup (made from dried yoghurt and tomatoes), ""İzmir"" köfte, sulu köfte, keşkek (boiled wheat with meat), zerde (sweetened rice with saffron) and mücver (made from zucchine and eggs). A Sephardic contribution to the Turkish cuisine, boyoz and lokma are pastries associated with İzmir. Kumru is a special kind of sandwich that is associated particularly with the Çeşme district and features cheese and tomato in its basics, with sucuk also added sometimes.",False
Q16568,Jacksonville,"==Eat==

* 
* 
* 
* 
* 
* 
* 
* 

* 
** 
** 
** 
** 
** 
* 

* 
* 

* 
* 
* 
* 

* 
* 

* 
* 

* 
*",False
Q66485,Jaipur,"==Eat==
thumbnail|Pakoras, snacks of fried chickpea batter

* 
* 
* 

* 
*
* 
* 
* 
* 

thumbnail|Laal-maans, red mutton curry, is a spicy specialty of Rajasthan

* 
* 
* 
* 
*
* 
* 
* 
* 
* 

thumbnail|A Rajasthani thali (serving)
* 
* 
* 
* 

In addition to these listings, see the ""Do"" listing for Chokhi Dhani.",False
Q3630,Jakarta,"thumb|[[Soto Betawi, a popular variant of soto in the Jakarta area.]]
Jakarta's culinary culture is shaped by its long history as a trading port and a meeting point for diverse communities. Its traditional local cuisine is Betawi cuisine, which developed through cultural mixing in Batavia/Jakarta and incorporates influences commonly identified in the literature as Chinese, Arab, Indian, Portuguese, Dutch/European, as well as other Indonesian traditions. One of the best-known Betawi dishes is soto betawi, a soup of beef and offal cooked in a spiced broth made with coconut milk or cow's milk. Other traditional dishes include ketoprak, rujak, and Betawi-style gado-gado.

Jakarta's culinary scene is associated with street food and informal food vending. Travelling food vendors and small roadside eateries (warung) serve a wide range of dishes, while culinary traditions from other Indonesian regions are also present, including Padang restaurants serving Minangkabau cuisine and warteg (warung tegal) stalls offering inexpensive home-style meals. Several parts of the city are known for their concentrations of culinary activity, notably Sabang Street and Blok M. Chinese culinary traditions are especially prominent in parts of West Jakarta, particularly around Glodok.

Jakarta's dining scene ranges from street vendors to upscale restaurants and international chains. Local restaurant brands such as Bakmi GM and Sederhana operate alongside global fast-food outlets in shopping centres across the city. Restaurants serving a wide range of international cuisines can also be found across the city, reflecting Jakarta's cosmopolitan population.",True
Q17,Japan,"thumb|A plate of 
Japanese cuisine offers a vast array of regional specialties that use traditional recipes and local ingredients. Seafood and Japanese rice or noodles are traditional staples. Japanese curry, since its introduction to Japan from British India, is so widely consumed that it can be termed a national dish, alongside ramen and sushi. Traditional Japanese sweets are known as . Ingredients such as red bean paste and mochi are used. More modern-day tastes include green tea ice cream.

Popular Japanese beverages include sake, a brewed rice beverage that typically contains 14–17% alcohol and is made by multiple fermentation of rice. Beer has been brewed in Japan since the late 17th century. Green tea is produced in Japan and prepared in forms such as matcha, used in the Japanese tea ceremony.",False
Q374365,Jeddah,"==Eat==
Jeddah is full of restaurants with almost every cuisine imaginable and eating out is part of the city's culture. Some of the restaurants have separate sections for single men and for families. Dating is theoretically forbidden but widely practiced, and most restaurants will allow a couple into the family section without question. All businesses close for prayer for about half an hour at noon and at sunset. They close again an hour after sunset for about 45 minutes. If you like to eat early, you can often stay in a restaurant during prayer time. Saudis tend to eat late, well after the evening prayer.

The standard cheap meal is the shawarma - giant layers of beef or chicken turning on a vertical spit. Thin slices are cut off and served with vegetables, garlic, and sauce in pita bread. You can also find a few falafel shops or eat at boofias (cornershops). Another thing that is very cheap is Homus, which is the paste of white chickpeas mixed with olive oil, and is very tasty. Try the Filipino Souk near Saudia City. Ask for the Pakistani area Kababish. There's a group of shops and restaurants with very low prices. Most of the American Fast Food franchises can be found in Jeddah, including McDonald's, Applebee's, Subway, and numerous others.

* 
* 

*

* 
* 
* 
* 
* 
* 
* 
*",False
Q28180,Jefferson City,"==Eat==
*
*
*
*
*
*
*
*
*
*
*
*
*",False
Q34647,Johannesburg,"==Eat==

Johannesburg has a wide variety of places to eat and you'll be sure to find something to suit your taste buds, be it local delicacies or international cuisines. In addition to standard South African shopping mall restaurants Johannesburg is one of the few cities with various 'restaurant streets' scattered around the suburbs offering a more European dining experience.

Restaurant streets

*7th Street, Melville - Traditionally Melville has been where most people head to for an evening meal - however, it now caters to students more than the moneyed middle classes. Melville offers a small pocket of culture, with street vendors often selling their own artworks, and charity shops abound.
*Gleneagles Road, Greenside makes a good destination (north of Melville - head to where the M71 crosses the M20, Green Way) and there is a good collection of cafes and restaurants which won't be full of tourists.
*Grant Avenue, Norwood is becoming more popular since Melville started catering more to students. A collection of uncomplicated restaurants, including numerous sushi places and simple pizza and pasta Italian restaurants. Pick of the crop is probably Sharwarma, with serves South African flavored Lebanese food, and also serves good steak and fish.
*Tyrone Avenue, Parkview has a collection of coffee shops and restaurants
*4th Avenue, Parkhurst boosts a handful of restaurants and shops along the street. The area is very safe so you can walk the street without any problems.
*Queen's Street, Kensington to the east of the CBD has a handful of restaurants near the crossing with Northumberland.
*Derrick Avenue, Cyrildene near Eastgate is a local Chinatown, and has numerous excellent Asian restaurants.

Don't ignore the CBD either, there are a handful of nice restaurants near the Market Theatre, and they are cheaper than their northern suburb cousins. Of course the northern suburb shopping malls are brimming with South African chain restaurants, of which the more expensive ones are also quite good, if a little soulless. South African cuisine features many varieties of sauces, and your food may be drowned in said sauce if you don't ask for it on the side

*Melville is neighbourhood where you can find many bars and mediocre restaurants. It is close to the national broadcaster (SABC) headquarters, all the universities and many artists, academics and students live in this community.
*Fordsburg has many Indian restaurants with authentic Indian cuisine as well as conventional franchise stores (Wimpy, Nandos, Fishmonger, Nescafe, etc.). Fordsburg is close to the Oriental Plaza and can be combined with your shopping expedition. Fordsburg is one of the few (if any) areas of Johannesburg that has a thriving outdoor street market and pedestrian traffic at night, in a relative sense. It's a small area and pedestrian traffic is light, but at least present. The area is more busy on Friday, Saturday and Sunday nights.",False
Q810,Jordan,"thumb|right|[[Mansaf, the traditional dish of Jordan, originates from Bedouin life and is a symbol of Jordanian hospitality.]]
As the eighth-largest producer of olives in the world, olive oil is the main cooking oil in Jordan. A common appetiser is hummus, which is a puree of chickpeas blended with tahini, lemon, and garlic. Ful medames is another well-known appetiser. A typical worker's meal, it has since made its way to the tables of the upper class. A typical meze often contains koubba maqliya, labaneh, baba ghanoush, tabbouleh, olives and pickles. Meze is generally accompanied by the Levantine alcoholic drink arak, which is made from grapes and aniseed and is similar to ouzo, rakı and pastis. Jordanian wine and beer are also sometimes used. The same dishes, served without alcoholic drinks, can also be termed ""muqabbilat"" (starters) in Arabic.

The most distinctive dish is mansaf, the national dish of Jordan. The dish is a symbol for hospitality and is influenced by the Bedouin culture. Mansaf is eaten on different occasions such as funerals, weddings and on religious holidays. It consists of a plate of rice with meat that was boiled in thick yogurt, sprinkled with pine nuts and sometimes herbs. As an old tradition, the dish is eaten using one's hands, but the tradition is not always used. Simple fresh fruit is often served towards the end of a meal, but there is also dessert, such as baklava, hareeseh, knafeh, halva and qatayef, a dish made specially for Ramadan. Drinking coffee and tea flavoured with na'na or meramiyyeh is commonplace.",False
Q1947,Juba,"==Eat==
The Village and Da Vinci camp are battling over who cooks the best pizza in town. Home and Away has some average food at western prices in western-ish surroundings. Numerous tent camps line the Nile, and all look the same, buffets tend to be the norm. Prices vary widely. Worth seeking out Rock City for the views over Juba.

* 
*",False
Q29445,Juneau,"==Eat==

* 
*
*
*
*
*
* 

* 
* 
* 
* 
* 
* 
* 
* 
* 
*
*
*
*
* 
* 
*",False
Q3894,Kampala,"thumb|220x124px |right |alt= Foods in Kampala |Kampala's cuisine

For those who prefer dining in a more formal setting, Kampala has numerous restaurants that offer a variety of cuisines. 

Cafe javas is a popular chain that offers a blend of local and international dishes for both a casual meal and a business meeting. 

One dish is called TV Chicken, named because the chicken is roasted in a rotisserie oven with a glass window that customers can watch the chicken through.

Nsenene vendors (nsenene are grasshoppers) set up shop in May and November, during grasshopper season.

Gaba Fish Market, located on Lake Victoria, is the biggest fish market in the city.

 thumb|220x124px | right | Luwombo a special dish in Kampala",False
Q1040,Karlsruhe,"==Eat==
What to eat (if you want to try something typical):
* Flammkuchen: A thin pizza-like dish. The base is very thin and crispy and usually rectangular rather than circular. The traditional topping is cream cheese, onions, and bacon, but there are many variants.
* Käsespätzle: A short German pasta in a heavy cheese sauce. Unlike in Swabia, Käsespätzle here is by default vegetarian.
* Gebratene Maultaschen: similar to a large meat filled Ravioli.
* Wurstsalat: A side dish of shredded sausages often made with mayonnaise and onions.
* Hackepeter: Raw minced meat with fresh onions and bread. You don't get this very often (but for example at Vogelbräu).
* Yufka Döner: A kind of döner but a wrap is used instead of proper bread. Sold in dozens of places it is probably the cheapest way to get a complete meal.

All these are in the city centre:

*
* 
* 
* 
* 
* 
* 

* 
* 
* 
*

*",False
Q4115712,Kaunas,"== Eat ==
 Lithuanian food isn't easy to find elsewhere in the world so this is a good place to try it. Plenty of other cuisines are available. 

* Hesburger is a Finnish burger chain, with outlets at Vilniaus g 43, Laisvės al 48 (within Monk's Bunk), Karaliaus Mindaugo pr 49 (within Akropolis Centre), Savanorių pr 222B, Mega shopping mall, Pramones al 6A, and more further out. They're mostly open M-Sa 10:00-22:00, Su 12:00-22:00. 
* Sushi Express is a Japanese fast food chain with half-a-dozen outlets. The most central is within Akropolis shopping centre near the bus station, open daily 10:00-21:00.
* 
* 
* 
* Pizza Express have a dozen outlets in Kaunas, mostly in the suburbs.

* 
* 
* Alkava is a confectionery chain serving patisserie and coffee. Outlets are at Mickevičiaus 40, Mindaugo 49, Savanorių 346 and Varnių 24.
* Mtevani is a Georgian restaurant at Laisvės al 56, open Su-Th 11:00-22:00, F Sa 11:00-00:00. 
* 
* 
* 
 thumb | 300px | The 9th Fort 
* 
* 
* 
* 

* 
* 
* 
* 
* 
* Senieji rūsiai (Old Cellars) next to Avilys is now an events venue rather than a walk-in restaurant.",False
Q114,Kenya,"==Eat==
The cuisine of Kenya is influenced by the country's geography, climate, and diverse cultural heritage. Here are some key features of Kenyan cuisine:

* Staple foods: Ugali, a maize-based porridge, is the most common staple food in Kenya. It is often served with stews or sauces made from meat, vegetables, or beans. Other popular staples include rice, chapati (a type of flatbread), and sukuma wiki (a leafy green vegetable).
* Meat dishes: Beef, chicken, and goat are the most commonly consumed meats in Kenya. Popular meat dishes include nyama choma (grilled meat), samosas (deep-fried pastry filled with meat or vegetables), and biryani (a spiced rice dish with meat or vegetables).
* Seafood: Kenya's long coastline means that seafood is also an important part of the cuisine. Popular seafood dishes include grilled fish, prawn curry, and seafood stew.
* Vegetables: Kenya's fertile soil means that vegetables are plentiful and varied. Common vegetables used in Kenyan cuisine include kale, cabbage, spinach, tomatoes, and onions.
* Spices: Kenyan cuisine is known for its use of spices, including cinnamon, cardamom, ginger, and turmeric. These spices are often used to flavor meat dishes and stews.
* Tea and coffee: Kenya is a major producer of tea and coffee, and both beverages are an important part of Kenyan culture. Kenyan tea is typically strong and sweet, while Kenyan coffee is known for its rich, fruity flavor.

Ugali with beef and sauce.JPG|Ugali served with beef and sauce
Menu of a typical Kenyan restaurant.jpg|Menu of a typical Kenyan restaurant

thumb|Drinking Tusker",False
Q1963,Khartoum,"==Eat==
Khartoum has a good sprinkling of restaurants, with new ones popping up every couple of months – other than restaurants attached to hotels there is little quality eating to be had in Khartoum’s city centre. Amarat hosts the majority of the better eateries, although Ridyah and Khartoum 2 also have some places. Omdurman and Barhi have a light sprinkling of simple restaurants. All restaurants have about 15% government tax and 3-14% service charge.

* 
* 
* 
* 
* 
* 

* 
* 
* 

* 
* 

* 

* 

*",False
Q1707,Kiel,"==Eat==
There are food courts in Kieler Hauptbahnhof (train station) and the shopping mall across from the train station (Sophienhof).

Local specialties to try include Fischbrötchen (fish buns), which are available with a variety of fresh or processed fish and other seafood (notably shrimp). There is a local ice cream manufacturer, Packeis, whose wares are sold at many kiosks, beaches and so on in the summer; be sure to sample their wares. There is also an old local brewery, the aptly-named Kieler Brauerei (Kiel Brewery), which also has its own restaurant, and at least one new one, Czernys Küstenbrauerei, which produces not just a variety of beers but also spirits.

* 
* 
* 

* 
* 
* 
* 
* 

* 

* 
* 
* 

* 
*",False
Q3859,Kigali,"Kigali's cuisine is similar to that of the rest of the country. For those reliant on subsistence agriculture, local staple foods include bananas, plantains (known as ibitoke), pulses, sweet potatoes, beans, and cassava (manioc). These staple foods are also served in restaurants across the city, often as part of a mélange, a self-service buffet meal which can also include meat, chips or fish. Cassava leaves are often combined with onions and other ingredients to make a stew dish known as isombe. Brochettes are the most popular food when eating out in the evening, usually made from goat but sometimes tripe, beef or fish. The city has restaurants serving dishes from outside the country, including Chinese, French, Indian, and Italian. Popular drinks include ikivuguto, a fermented milk, and urwagwa banana beer.",False
Q3838,Kinshasa,"==Eat==
There are lots of restaurants for expatriates, where you can pay in dollars but they are very expensive. Don't be surprised to pay up to US$20 for a pizza (and $40 at the hotel for one).

* Al Dar, near the hotel Memling. A Lebanese restaurant in the city centre. A shwarma sandwich runs about US$3, and they have taboule, hummus and desserts as well.

There are many cheap roadside stalls, primarily outside Gombe.

* La Bloque, Bandalungwa. One of the better known roadside stalls.
* Mama Colonel, Bandal. An excellent restaurant. The menu has only 4 items - chicken, fish, fries and plantain - but they are barbecued to perfection.

The freshwater prawns from the Congo River are incredible - called Cossa Cossa on menus (as distinct from imported saltwater prawns which are Gambas) - generally served with a garlic and chili (pili-pili) butter sauce. A plate of these costs around US$25-40, depending where you eat.
* Marie Kabuang – A bit difficult to find on the first floor of the Sultani Hotel (Avenue de la Justice), but totally renewed restaurant. Very stylish and modern. Breakfast and lunch (international food) for only US$15, guarantee for a fast service, excellent taste.
* Cercle Elaeis/La Paillotte. Traditional and international food. Outdoor dining with view on the pool. Expensive but great country-club type setting. Packed with visiting expats and Lebanese families hanging by the pool on weekends.
* La Piscine. Outdoor tables arranged around a swimming pool-great settings and mediocre food for US$40-50 if you restrained yourself. Greek items and pizza as well as the usual dishes.
* Pizerria Opoeta and Greg's bar: on the road towards the golf course: closest thing to an international pub. Good pizzas. Excellent seafood thanks to the Portuguese proprietors.
* Mangoustan restaurant at the Memling Hotel: M-F it serves lunch buffet for US$40 with a large variety of Belgian and international dishes, and on Wednesday evening offers a lavish cheese and charcuterie buffet for $40 with a varying wine-by-the glass selection. Good value. Safe parking facilities. Reservations advisable.

The more expensive restaurants are in Gombe.

* 
* 
* 
* Chez Gaby. Portuguese-style. Frequented by the upper class - the food is varied and excellent and if you want to splash out, there are imported items such as foie gras and European wines.",False
Q710,Kiribati,"Traditionally, the staple diet of the I-Kiribati was the abundance of seafood and coconuts. Starch-based carbohydrate sources were not plentiful due to the hostile climate of the atolls, with only the northernmost atolls being viable for constant agriculture. The national crop, bwabwai, was only eaten during special celebrations along with pork.
thumb|Bwabwai cultivation in [[Butaritari]]
To complement the rather low consumption of carbohydrates in their diets, the I-Kiribati processed the sap and fruit of the abundant pandanus and coconut trees into different beverages and foods such as te karewe (fresh daily sap of the coconut tree) or te tuae (dried pandanus cake) and te kabubu (dried pandanus flour) from pandanus fruit pulp and te kamaimai (coconut sap syrup) from coconut sap.

After World War II, rice became a daily staple in most households; this is still the case today. The majority of seafood—in particular, fish—is eaten sashimi-style with either coconut sap, soy sauce, or vinegar-based dressings, often combined with chillies and onions.

Coconut crabs and mud crabs are traditionally given to breastfeeding mothers, with the belief that the meat stimulates the production of high-quality breast milk.",False
Q776965,Klaipėda,"== Eat ==

* Cheap lunch: restaurants and bars usually serve an inexpensive two-course menu-of-the-day from 11:30 to 14:00. 
* Local specialty is cheese fingers - lots of places serve these as a snack or starter.
* Hap's Kebabs within the bus station is open daily 10:00-21:45. 
* 
* 

 thumb | 300px | Outdoor dining along Friedrich's Passage 
* Friedrich's Passage is an Old Town alley lined with eating places. Its south end opens onto Tiltų, its north onto Šaltkalvių by the Blacksmith's Museum.
* 
* 
* 
* 
* 
*",False
Q48320,Kobe,"==Eat==
thumb|The famed Kobe beef: finger-licking good, budget-busting expensive

Kobe has many restaurants offering international cuisine.

Kōbe is known worldwide for its Kobe beef, exquisitely marbled, very fatty and very expensive beef. Recommended for a splurge, but expect to pay close to ¥10,000 per 100 grams. At the opposite end of the culinary spectrum is sobameshi (そば飯), a concoction of fried rice and noodles mixed together, which is cheap, filling and pretty much unique to Kobe. For dessert lovers, Kobe is also famous among the Japanese for its cheesecakes.

Cheap eats can be found in Kōbe's Chinatown (Nankinmachi in Japanese), walking distance from Sannomiya station.

* 
* 
* 
* 

* 
* 

* 
* 
* 
* 
* 
* 
*",False
Q1348,Kolkata,"==Eat==

thumb|""Rosogolla"", sweet dumplings made out of ""chhena"" (Indian cottage cheese) and semolina dough.
Kolkata has old traditions about eating out. Wilson's Hotel (which later became the Great Eastern Hotel) is credited to have been the first western-style hotel/restaurant in Kolkata, serving what was then forbidden food for Indians, particularly Hindus. One could be treated as an out-caste if caught eating there, but the idea caught on and others followed. Many of the restaurants that line the streets in the Esplanade area have been around for more than a hundred years.

The joy of food in Kolkata is in its Indian foods. Nizam's (23/24, Hogg St), close to New Market, is credited with the invention of the famous ""kathi kebab roll"" and still serves up the best of the best. For Mughlai dishes, there are several places to eat in the Park Circus area and there are others all over the city.

In terms of sweet, Kolkata is best known for its ""rosogollas"" (রসগোল্লা rasagollā), consisting of balls of ""chhena"" (a moist, softer cheese than paneer) cooked and permeated in a light rose-scented syrup. Although the origin of rôsogolla is disputed between Odisha and Bengal, the first canned rosogollas were sold in this city in 1930, after which they took off in popularity across South Asia. A variant of the dish is ""rosomalai"" (রসমালাই rasamālāi) where the chhena balls are immersed in sweet thickened milk instead of syrup, providing a creamier feel to the sweet.

Besides Bengali foods, Kolkata is also the home of Indian Chinese food. Chinese restaurants are everywhere so try the Indian variant of hot and sour soup and the famous Indian Chinese dish of chilli chicken. The best place to have Chinese is to visit Chinatown near Tangra, East Kolkata. It serves the best of the Chinese dishes and you will find plenty of large, small & medium restaurants. There are some restaurants serving Thai, Mediterranean or Italian food.

Kolkata also has many excellent vegetarian restaurants ranging from budget to expensive ones. There are two types: those serving North Indian and those serving South Indian food. For those looking for vegetarian street foods, one can find ubiquitous jhālmuṛi (ঝালমুড়ি) (somewhat similar to ""bhel puri"" of Mumbai), a concoction of puffed rice mixed with various spices, vegetables & other ingredients available at street vendors all over Kolkata.

Street vendors selling egg rolls/chicken rolls abound and their freshly prepared kati rolls are safe to eat. Mughlai Paratha (earlier it was a paratha stuffed with minced meat, but now the minced meat has been replaced by cheaper but tasty alternatives) is a Kolkata speciality. Fuchka, the Kolkata version of paani-puri, but very different from the ones found in Delhi, is available on the streets but be wary of the tamarind water. It never troubles the local people and outsiders can safely taste this delicacy as long as they don't take too much.

Earlier, the restaurants were standalone entities. A clus",False
Q1246,Kosovo,"==Eat==
thumb|Traditional dishes at a restaurant in Prishtina
Best restaurants to eat at are those that are located in the villages near by big cities; they tend to have the best meat dishes and the best sea food. Trout, seabass and salmon fish are very common and popular and are kept fresh in their pools and are nearly always fried when you order. Prices are pretty average and, for some countries' nationals, cheap.

Lots of great burek (baked pastry stuffed with cheese, meat or spinach). Try the drinkable yogurt (Ayran) — it's superb. Lots of kebabs and other Ottoman Turkish style food.

As far as you are in an Albanian territory, you could try Albanian food as well. Fli, a very good pastry, can be found in different traditional restaurants.

At the bakery, you can buy a fantastic loaf of bread for under €1.

The grocery stores have a plentiful supply of Western food.

For a taste of authentic local cuisine, consider dining at one of the region's agrotourism restaurants, where fresh, farm-to-table ingredients and traditional recipes come together to offer a truly memorable culinary experience.",False
Q162279,Kuopio,"==Eat==
*Kalakukko fish pie, The best-known speciality in the province of Savo is probably the ‘kalakukko’ fish pie, a type of rye bread pie stuffed with fish (the name literally means ""fish rooster""). Once you have tasted warm ‘kalakukko’, it is hard to resist. The best places for shopping for a genuine ‘kalakukko’, consisting vendace or perch and bacon baked inside a rye crust, are the Market Hall and the Marketplace.
* You should also try fried vendace (muikku, a fresh-water fish) at local kiosks and restaurants.

* 
* 
* 
*
*
*
*
* 
* 
* 
* 
* 

* 
* 
* 
* 
*",False
Q817,Kuwait,"Kuwaiti cuisine is a fusion of Arabian, Iranian, and Mesopotamian cuisines. Kuwaiti cuisine is part of the Eastern Arabian cuisine. A prominent dish in Kuwaiti cuisine is machboos, a rice-based dish usually prepared with basmati rice seasoned with spices, and chicken or mutton.

Seafood is a significant part of the Kuwaiti diet, especially fish. Mutabbaq samak is a national dish in Kuwait. Other local favourites are hamour (grouper), which is typically served grilled, fried, or with biryani rice because of its texture and taste; safi (rabbitfish); maid (mulletfish); and sobaity (sea bream).

Kuwait's traditional flatbread is called Iranian khubz. It is a large flatbread baked in a special oven and it is often topped with sesame seeds. Numerous local bakeries dot the country; the bakers are mainly Iranians (hence the name of the bread, ""Iranian khubuz"").",False
Q813,Kyrgyzstan,"==Eat==
thumb|The flat naan, bread, a staple food in the region
thumb|300px|A local dish in [[Karakol]]
Kyrgyz food is the product of a long history of pastoral nomadism and is overwhelmingly meat-based, which means that virtually all of the traditional dishes contain meat. If you are vegetarian you can, however, ask for vegetarian food and in many cases will receive a tasty vegetarian meal without much hassle, or you can purchase your own fresh fruit, vegetables and fresh bread from one of the many small stands or food bazaars that are ubiquitous in every city. While some people from the West think of large vegetables as desirable, small and flavourful is the rule. The same approach is valid for pistachios and almonds as well. Washing vegetables before consumption is recommended.

Besh barmak (literally: five fingers, because the dish is eaten with one's hands) is the national soupy dish of Kyrgyzstan (Kazakhs would probably disagree). For preparation, a sheep or horse is slaughtered and boiled in a large pot. The resulting broth is served as a first course. The meat is then divided up between those at the table. Each person in attendance receives the piece of meat appropriate to their social status. The head and eyes are reserved for guests of honour. The remaining meat is mixed in with noodles and, sometimes with onions, and is traditionally eaten from a large common dish with the hands, although nowadays more often with a fork or spoon. If you can land an invitation to a wedding, you'll most likely get a chance to eat besh barmak, although you can also find it in traditional restaurants. Kyrgyz people like soupy food in general, those foods that are served as a kind of pasta in Russia such as pelmene, they prefer as soup.

Most other dishes encountered in Kyrgyzstan are common to the other countries of Central Asia as well. Plov or osh is a pilaf dish that at a minimum includes julienne carrots, onion, beef or mutton, and plenty of oil, sometimes raisins. Manti are steamed dumplings that normally contain either mutton or beef, but occasionally pumpkin. Samsa are meat (although sometimes vegetable or cheese) pies that come in two varieties: flaky and tandoori. Flaky somsa are made with a phyllo dough while tandoori somsa have a tougher crust, the bottom of which is meant to be cut off and discarded, not eaten. Lagman is a noodle dish associated with Uyghur cuisine, but you can find everywhere from Crimea to Ujgurs. Most of the time it is served as soup, sometimes as pasta. The basic ingredients of lagman (plain noodles and spiced vegetables mixed with mutton or beef) can be fried together, served one on top of the other, or served separately. Shashlik (shish kebabs) can be made of beef, mutton, or pork and are normally served with fresh onions, vinegar and bread

Almost all Kyrgyz meals are accompanied by tea (either green or black) and a circular loaf of bread known as a lepeshka. The bread is traditionally torn apart for everyone by one pers",False
Q8673,Lagos,"thumb|Arewa Traditional Kitchen
Some of the famous dishes in Lagos include Indigenous delicacies such as eba and egusi; amala and ewedu; jollof (the go-to party dish); ofada rice; plantains (locally called dodo); beans; suya (spicy shish kebab or spiced roasted beef), which is consumed in local clubs and bars with a bottle of cold beer; and eba, made from cassava and eaten with soups prepared with vegetables and mixture of spices and herbs. Other dishes range from local ones like Iyan (pounded yam) made from yam flour, amala; asaro, which is usually eaten with various kinds of vegetables; and Egusi (melon soup) to European, Middle-Eastern, and Asian cuisine.",False
Q11739,Lahore,"==Eat==

Lahoris are famed for their food and for their consumption thereof. This is reflected in the array of restaurants in Lahore.
thumb|Food street near Shahi Qila.

*For nihari, go to Haji Nihari on Jail Road or inside Lohari Gate; for chicken paratha rolls go to Karachi Silver Spoon in Liberty Market, and so on lastly go to Muhammadi Nihari in Mozang.
*The 'Food Street' of Gowal Mandi is a must-visit for dinner - you'll find a street full of shops selling fine Lahori fare, and the setting, amidst traditional jharoka architecture, is lovely. If you make it to Food Street, go by auto rickshaw (Rs 30) or walk to Mochi Gate and try Rasheeds kebabs or Saiyns kebabs. Mochi Gate is also home to Fazal Sweets and Rafique Sweet House. Bhaiya kabab in Model Town is foremost name in Kabab Street, where you will enjoy bar-b-que with fresh soda. A 200/300-m long street with historically preserved 2/3 storey old houses on both sides which are lightened up in a very special way giving a very historical and magnificent look. The environment is a real creation of culture of Lahore, the mughal era. You will find around a hundred restaurants in this street which mouth watering menus. Do try Chappal Kababas, Saag with Makai ki roti, Golas of Ice, Sardar ki Machli and anything you like because a lot of variety is present.
*Phajjay Ke Paye at Red Light Area - Heera Mandi Lahore, is very famous and highly energetic. Those having physical weakness must try this dish.
thumb|Plain rice and Lahori lamb kebab.
* 
thumb|Pakistani Food Karahi Beef
* Basheer-dar-ul-Mahi at Mazang Chok Lahore - fried fish is served in 2/3 forms. You will see people queued up in lines to get their order here. Don't go if you don't have much time. But this fish is worth waiting this much. Parathas and Lassi at Mazang Lahore - Near the Baheer-dal-ul-Mahi is this very cheap and small scale restaurant. Serves paraths of potatoes, minced chicken, egg and others with Tea or delicious Lassi. Don't miss this at breakfast or anytime you want to have something energetic.
* Gourmet foods is very famous and it has over 100 outlets in Lahore.
*Student Biryani. Fortress Stadium. Popular Pakistani food chain that is best known for selling its biryani dish. Has branches all over the city as well in Karachi, Dubai and Sharjah.
* Cakes and bakes is a very good bakery. On the same range: Kashmir bakery, Bon vivant cafe, Massoms cafe.
* Jalal Sons: 12 E main market, Gulberg.
* Kitchen Cuisine: in Allama Iqbal town, DHA, Defence, Gulberg, Johar Town, Model Town.
* Rinnas Kitchenette: Xblock, DHA, Lahore.
* Iceberg Parlour, Aziz Bhatti Rd, Saddar Town. Ice cream.
* Iceland, MM Alam Rd, Block B3 Block B 3 Gulberg III. Frozen fruit parfait, ice cream, etc.
* Gelato affair: Fortress Stadium Rd. Another ice cream 
* Khan jee dry fruit and home made ice cream: Commercial area phase 1, DHA.
* The Hot spot: Defence: 19 T block, DHA Phase 2.
thumb|Lassi from Punjab

Lahore has several mid-range cafes, notably Masoom's f",False
Q28237,Lansing,"==Eat==
The Lansing area lacks the dining options of the State's other major college town, Ann Arbor. But there are a number of excellent hidden gems. But no matter the appetite, the Lansing-area offers at least one gem for everyone. Michigan State University has a large number of South Korean students, and also many Korean dining options.

* 
* 
* 
* 
* 
* 
*",False
Q211,Latvia,"==Eat==
Latvian cuisine is typical of the Baltic region and, in general, of northern countries, and especially similar to Finnish cuisine (see Nordic cuisine). It's high in butter and fat while staying low on spices except for black pepper, dill or grains/seeds, such as caraway seeds. If you are from the Mediterranean, you might find the food rather bland, but if you come from England or the Midwestern U.S., you will probably not have any trouble getting used to most of the dishes.

Latvian cuisine originated from the peasant culture and is strongly based on crops that grow in Latvian maritime, temperate climate. Latvian cuisine offers plenty of varieties of bread and milk products, which are staples. Pork products, potatoes, rye or wheat, oats, peas, beets, cabbage are the staples. Meat, especially pork, features in most main meal dishes. Sometimes even some meatless dishes can be cooked using bacon fat. But fish also is commonly consumed due to Latvia's location on the east coast of the Baltic Sea and Livonian heritage: smoked and raw fish are quite common.

Contemporary Latvians usually eat three meals a day. Breakfast is normally light and usually consists of sandwiches or an omelette, with a drink, often milk. Lunch is eaten from 11:00 to 15:00, and tends to be the main meal of the day; as such it can include a variety of foods, and sometimes also soup as a starter and a dessert. Supper is the last meal of the day, with some choosing to eat another large meal. Consumption of ready-made or frozen meals is now common.

It is important to keep in mind that in Latvia the whole concept and meaning of words cafeteria (kafejnīca), canteen (ēdnīca) and restaurant (restorāns) is different compared to that in other countries. A kafejnīca (cafeteria) is not just a coffee shop and usually serves all kinds of meals that would be expected from a restaurant with the difference being that in a kafejnīca is a lower class food place where you will usually have no table service and have less service in general. An ēdnīca (canteen) will refer to a canteen for schools, universities, factories and the likes. They are usually very cheap but can sometimes have limited access. A restorāns (restaurant) is generally considered a highbrow facility, while it is similar to a kafejnīca, the standards of service and culture for a restorāns are much higher. The line between being a kafejnīca and a restorāns can be very thin in some instances.

In the open air markets of Rīga and other cities and towns, local fruits, vegetables and mushrooms can be purchased. Examples are freshly picked wild strawberries and blueberries from local forests, big strawberries, apples and rhubarb pies. Keep in mind that, of course, these are mainly available during the summer and autumn seasons.

Karbonāde (pork schnitzel), karbonāde ar kaulu (grilled pork chops) and cūkas stilbs (pork knuckle) are all-time favourites.

Kartupeļi (potatoes) are served with everything and they're usually either b",False
Q807,Lausanne,"==Eat==

The usual tricks for budget travel dining work in Lausanne as well. There are three grocery stores inside the train station which are open every day until midnight (a bit expensive), Aldi is in the back of the station below track 9, and it represents a good alternative. There are plenty of great places to take your picnic: for instance, you might try the Crêt de Montriond. To get there go below the railways, take the stairs and go to the main avenue, then turn to the left. After the turn you should see a green hill around the size of a five-storey building directly in front of you. If you are closer to the port of Ouchy, there are two groceries open every day: ""Migros"" which is near the Mövenpick Hotel and another ""Coop Pronto"", which is just uphill from the Chateâu d'Ouchy.

If you have a valid student ID, many budget and even some mid-range restaurants offer a student menu for a reduced price.

* 
* 
* 
* 
* 
* 
* 

*
* 
*
*
*
* 
*
*
*

*
*
*
*
*
*",False
Q822,Lebanon,"==Eat==

thumb|Lebanese meze (small dishes)

Lebanon fosters exquisite cuisine ranging from a mezza of vegetarian dishes such as tabouleh, fattoush, and waraq ainab to delicious dips like hommos and moutabal.

Must haves include Lebanese barbeque such as shish tawouq (barbequed chicken) – usually consumed with garlic, lahm mashwiye (barbequed meat), and kafta (barbequed seasoned minced meat).

Lebanese ""fast food"" is also available as sandwiches offered in roadside shops, such as shawarma sandwiches (known in other countries as doner - or gyros in Greece). Shawarma is rolled in Lebanese thin bread. Various barbequed meat sandwiches are also available, and even things such as lamb or chicken spleen, brains, lamb bone marrow or lamb testicles can be served as sandwiches.

Breakfast usually consists of manaeesh which look like folded pizza, the most common toppings being zaatar (a mixture of thyme, olive oil, sesame seeds), jebneh (cheese), or minced meat (this version is more properly referred to as lahm bi ajin).

Another traditional breakfast food is knefeh, a special kind of breaded cheese that is served with a dense syrup in a sesame seed bread. It is also served as dessert.

Lebanon is also very famous for its Arabic sweets which can be found at leading restaurants. The city of Tripoli, however, is considered to be ""the"" city for Lebanese sweets, and is sometimes even referred to as the ""Sweet Capital"" of Lebanon.

International food chains are widely spread across the country. Italian, French, Chinese, and Japanese cuisines, as well as café chains (such as Starbucks, Dunkin' Donuts, etc.), are particularly popular across the country, with a higher concentration in Beirut and the urban sprawl north of the capital.",False
Q39121,Leeds,"==Eat==
There are many restaurants in central Leeds that everyone can find something to their taste and budget. There are all the usual chains (many of which have several branches in the city) and a huge variety of one-off places, including many award-winners. Headingley, Chapel Allerton, Roundhay and various other districts outside the centre also have a range of quality eateries (whilst a few places in these areas are mentioned below, fuller selections can be found on their respective guides).

Café culture is thriving in Leeds, with a great number of places for a lunch or lighter meal, and there are also many fine curry houses in the city, due to the large South Asian population.

Leeds has a successful annual food and drink festival, held at the end of August, with many free events bookable in advance.",False
Q2079,Leipzig,"*An all-season local dish is Leipziger Allerlei, a stew consisting of seasonal vegetables and crayfish.
*Leipziger Lerche is a shortcrust pastry dish filled with crushed almonds, nuts, and strawberry jam; the name (""Leipzig lark"") comes from a lark pâté which was a Leipzig specialty until the banning of songbird hunting in Saxony in 1876.
*Gose is a locally brewed top-fermenting sour beer that originated in the Goslar region and became popular in 18th-century Leipzig.

File:Leipziger Lerchen.jpg|Leipziger Lerchen
File:Goseflasche Pressglas.jpg|Historical Gose bottle ()",False
Q5869,Lhasa,"==Eat==
See Tibet#Eat for descriptions of typical Tibetan food.

A lot of nice and comfortable restaurants are located near the Jokhang Temple along Beijing Zhong Lu (or called Beijing Road Middle) and its tributary road Zang Yiyuan Lu (or called Tibetan Hospital Road). Some of them serve Western food, Nepali and Indian food. Meals can be as cheap as ¥20 per person, including drinks. The smaller Tibetan restaurants, especially the teahouses, may not be decorated as nicely, but are much cheaper than the tourist restaurants and serve more tasty food. Most of the Chinese restaurants serve Sichuan's spicy cuisine. Although Tibetan restaurants are more traditional and full of history, to the western traveler the Chinese food might seem more diverse and more appealing than the greasy boiled yak meat typically served in the Tibetan ones. Westerners also might want to avoid the traditional Tibetan tea which is in fact black tea with yak butter in it and is typically being kept warm in heat insulating containers for quite some time.

Apart from eating at restaurants, you can buy food or snacks in the main supermarkets, all around Beijing Zhong Lu.

Be prepared with at least a few basic food describing words as in many of the restaurants they only speak Chinese!

Be prepared to learn to use chop sticks as some restaurants do not have forks, spoons or knives.

*Mayke Ame, (Maji A'mi) on the corner of the Barkhor Street, is a popular enchanting bar/restaurant popular with backpackers. It also features a convenient internet bar. The name means 'beautiful woman'. Sitting at this second-floor restaurant gives you an amazing view, especially at sunset, of the part of the Barkhor Street which is full of pilgrams moving in clockwise direction. The location of Makye Ame is unbeatable, but the food is nothing to write home about.
* Lhasa Kitchen is popular among tourists due to its extensive menu and central location
* Naga French Restaurant
* Tashi Restaurant
* Snowland Restaurant Tenjieling Road #4, near Jokhang Square, phone +86 891-6337323 Large menu features a mix of Western, Napali, Indian and Tibetan food. Good service, good food, very popular.
* New Mandala Restaurant with roof top Garden, located in front of Jokhang Temple, phone +86 891-6342235. Indian, Nepali, Tibetan and some Western dishes. Roof top has good views of the city. Try the yak sizzler.
* Tengyelink Cafe has great yak steak, the best food in Lhasa, and a great atmosphere. Cheap breakfast options are available.
* Oxygen in the Four Points Sheraton on Lin Kuo East is a good choice for those homesick after weeks of Chinese food. Good steak.
*",False
Q1014,Liberia,"thumb|A beachside barbecue at [[Sinkor, Monrovia, Liberia]]
Liberian cuisine heavily incorporates rice, the country's staple food. Other ingredients include cassava, fish, bananas, citrus fruit, plantains, coconut, okra and sweet potatoes. Heavy stews spiced with habanero and scotch bonnet chilies are popular and eaten with fufu. Liberia also has a tradition of baking imported from the United States that is unique in West Africa.",False
Q3825,Libreville,"==Eat==
Eating at any good restaurant ends up costing from US$24 for the meal and drinks. Not cheap but it is usually worth it! There are some high end restaurants that can be compared to the best restaurants in Western metropolises. The standard of quality in cheaper restaurants is high. Try one of the three Papa Union restaurants. The main road leading up into the Louis area (from the seafront near Jeanne Eboli Hospital) has a good range of restaurants and clubs. 

The good thing about Libreville is that you can eat salad in the restaurants, and there is no need to be afraid of the ice cubes in your drink. The tap water is absolutely ok. Do not try that in any other African city. L'Emir has very good Lebanese food and the owners are friendly.
* 
* 
*",False
Q1016,Libya,"==Eat==

thumb|Couscous with fish
thumb|right|Shakshuka (Libyan omelette)

In Tripoli, it is surprisingly hard to find a traditional Libyan restaurant. Most serve western-style cuisine, with a few Moroccan and Lebanese restaurants thrown in. There are also good Turkish restaurants, and some of the best coffee and gelato outside of Italy. There are some wonderful Libyan dishes you should taste in case you are fortunate enough to be invited to a Libyan dinner party or wedding (be prepared to be overfed!)

A favourite café for the local expatriate community is the fish restaurant in the souq. For the equivalent of a few US dollars, you can enjoy a great seafood couscous. A local speciality is the stuffed calamari.

Also recommend Al-Saraya: Food OK, but its attraction is its position, right in Martyr's Square (Gaddafi name: Green Square). Another good seafood restaurant is Al-Morgan, next to the Algiers Mosque, near 1st of September Street.

There are flashy looking big fast-food outlets in Tripoli. These are not quite the multinationals, but a close copy of them. They are springing up in the Gargaresh Road area, a big shopping area in the western suburbs of Tripoli.

Try one of the best local catch fish named ""werata"" grilled or baked with local herbs and spices.",False
Q347,Liechtenstein,"==Eat==
You will find a few restaurants in the larger cities of Liechtenstein. There is also a McDonald's restaurant (opened in 1996; serves wine), which is very popular and is widely publicised by road signs throughout the country.

The many small bakeries are a great place to get a warm, fresh roll or pastry.",False
Q3992,Liège,"==Eat==
thumbnail|right|La tarte au riz, or rice tart, a provincial specialty
In addition to the local foods mentioned above, regional specialities include:
* boulets sauce-lapin, meatballs in a sauce made from Sirop de Liège, onions, vinegar and prunes, accompanied of course by frites - french fries. The boulet even has its own critics and reviews.
* la potée liégeoise, a country dish made from beans, potatoes, and bacon bits cooked together and drenched in vinegar.
* les boûkètes, dark crêpes served at New Year's Eve or other festive occasions
* le matoufèt, a cross between a crêpe and an omelette, made from flour, eggs, milk and bacon bits, and served either salty or sweet.
* la tarte au riz, originally from the neighboring city of Verviers or the area of Tancrémont
thumbnail|right|It is hard to resist freshly baked Liège waffles, or gaufres de Liège

Prices are fairly high, as in most other Belgian cities. Budget restaurants will cost about €12-15 per person, drinks included, mid-range restaurants between €25 and €50, and splurge restaurants well over that!

For budget solutions, snack shops like any of the sandwicheries or kebab shops offer cheap yet tasty food. A Döner kebab typically costs €3-5, and a sandwich is around €2-4. In Liège all snack shops charge 50 cents for sauce, and usually another 50 cents for vegetables. For example you can see a meatball sandwich for €2 on the price list; however, after the sauce and the vegetables it will be €3 in total. It is recommended to look for convenient stores for soft drinks as they're over-priced in snack bars.

Obtaining meals outside of conventional times can be a challenge: Many restaurants do not serve between 14:00 and 18:00, those that do tend to be full and you can expect to wait some time for service.

thumbnail|right|Even if you are after fast (and cheap) food, steer clear of chain outlets and head for one of the friteries for a mitraillette, a bun filled with Belgium's famous fries with a wide selection of sauces

* 
* 
* 
* 
* 
* 

thumbnail|right|In the warmer months, you can enjoy Parisian-style outdoor dining under colourful marquees

* 
* 
* 
* 
* 
* 

* 
*",False
Q2868,Lima,"thumb|[[Causa limeña]]
Lima is known as the Gastronomical Capital of the Americas. As a center of immigration and the center of the Spanish Viceroyalty, chefs incorporated dishes brought by the conquistadors and waves of immigrants: African, European, Chinese and Japanese. Since the second half of the 20th century, international immigrants were joined by internal migrants from rural areas. Lima cuisines include Creole food, Chifas, Cebicherias and Pollerias.

In the 21st century, its restaurants became recognized internationally.

In 2007, the Peruvian Society for Gastronomy was born with the objective of organizing activities to promote Peruvian food and reinforce the Peruvian national identity. The society, called APEGA, gathered chefs, nutritionists, institutes for gastronomical training, restaurant owners, chefs and cooks, researchers and journalists. They worked with universities, food producers, artisanal fishermen and vendors in food markets. One of their first projects (2008) was to create the largest food festival in Latin America, called Mistura (""mixture"" in Portuguese). The fair takes place in September every year. The number of attendees has grown from 30,000 to 600,000 in 2014. The fair congregates restaurants, food producers, bakers, chefs, street vendors and cooking institutes from for ten days to celebrate excellent food.

Since 2011, several Lima restaurants have been recognized as among The World's 50 Best Restaurants. In 2023, Central was named the Best Restaurant in the World. In 2025, Maido was named the Best Restaurant in the World.

{| class=""wikitable""
|-
!Year
!Astrid y Gaston
!Central
!Maido
|-
|2011
|42
| –
| –
|-
|2012
|35
| –
| –
|-
|2013
|14
|50
| –
|-
|2014
|18
|15
| –
|-
|2015
|14
|4
|44
|-
|2016
|30
|4
|13
|-
|2017
|33
|5
|8
|-
|2018
|39
|6
|7
|-
|2019
|–
|6
|10
|-
|2021
| -
|4
|7
|-
|2022
| -
|2
|11
|-
|2023
| -
|1
|6
|-
|2025
| -
| -
|1
|}thumb|[[Ceviche]]

In 2016, Central was awarded No. 4 (chefs Virgilio Martinez and Pia Leon), Maido was awarded No. 13 (chef Mitsuharu Tsumura) and Astrid & Gaston was awarded No. 30 (chef Diego Muñoz and owned by chef Gaston Acurio). In addition, Central was named No. 1 restaurant in the list of Latin America's 50 Best Restaurants 2015. Out of the 50 best restaurants in Latin America, we find: Central #1, Astrid & Gaston #3, Maido #5, La Mar #12, Malabar #20, Fiesta #31, Osso Carnicería y Salumería #34, La Picanteria #36 and Rafael #50. These restaurants fuse ideas from across the country and the world.

Peruvian coffee and chocolate have also won international awards. Lima is the Peruvian city with the greatest variety and where different dishes representing South American cuisine can be found.

Ceviche is Peru's national dish. It is made with salt, garlic, onions, hot Peruvian peppers, and raw fish that is marinated in lime. In northern Peru, one can find black-oyster ceviche, mixed seafood ceviche, crab and lobster ceviche. In the Andes one can also find trout ceviche and",False
Q41329,Linz,"==Eat==
thumb|Linzer Torte
A well-known specialty from Linz is the Linzer Torte, a torte covered with a latticework of dough and filled with fruit.

Eating in Linz depends on your budget, and taste. Be prepared to search far and wide for open restaurants on Sundays. The entire Altstadt seems to close down Sunday nights leaving tourists restaurant choices only in adjoining districts.

There are many luncheonettes in the city, offering a variety of food, such as Chinese food, kebab, pizza and typical Austrian snacks such as Bratwürstel (fried sausage) with Sauerkraut, Leberkäse, Bosner or Bosna (a special hot-dog with fried sausage and a special curry-ketchup-onion sauce), Käsekrainer (a sausage interlaid with cheese).

All these are in the city centre:

*
*
* 
* 
* 
* 
* 

* 
* 
* 
*
* 

*",False
Q37,Lithuania,"== Eat ==
 thumb | 300px | Cepelinai or ""Zeppelins"" 
Lithuanians like their meat, and eagerly consume all parts of the pig - partly this symbolises escape from repressive impoverished times. Vegetarians and vegans should do okay in Vilnius and Kaunas but may struggle elsewhere, and there's not much in the way of international cuisine, since Lithuania never drew in the overseas workforce, cultures and cuisines that you encounter in the west.

If you're given a menu in English or German, take a glance at the Lithuanian version in case it offers lower prices. 

Appetisers: Piršteliai prie alaus are thin, rolled-up puff pastries served with beer. Soups include Šaltibarščiai a summer soup based on beets and soured milk, Juka (blood soup), or Cabbage soup flavoured with carrots, ham, onions. Ruginė duona - dark rye bread - goes well with soup. 

Cepelinai (Zeppelins) are potato dumplings with meat. Vėdarai is sausage, a potato-stuffed pig intestine. Skilandis is pig's stomach stuffed with ground meat and garlic, cold-smoked. Plokštainis is a serving of potatoes. Bulviniai blynai are grated potato pancakes with different sauces. Virtinukai are curd patties. Kastinys is soft sour cream butter. Šaltnosiukai are dumplings filled with lingon berry.

Fish (pike or perch) may be baked whole or stuffed, or made into gefilte fish. Silkė is herring, marinated, baked, fried or served in aspic.

Wild berries, mushrooms and cheese are common ingredients, and honey and poppy seeds are commonly used as filling in pastries. For desserts, try Žagarėliai - twisted, thin deep-fried pastries dusted with powdered sugar - or Spurgos, doughnuts often filled with preserves.",False
Q33405,Little Rock,"==Eat==

* 
* 
* 

* 
* 
* 
* 
* 
* 
* 
* 

*
* 
* 
* 
* 
** 
** 

* 
* 
* 
* 
* 
* 
* 
*",False
Q437,Ljubljana,"==Eat==

thumb|300px|Hot Horse chain serves horse-burgers
* 

* 
* 
* 
* 
* 
* 
* 
* 

* 
* 
* 
* 
* 
* 
* 
* 
* 
* 
* 
* 
* 
* 
* 
* 

* 
* 
* 
* 
* 
* 
*",False
Q580,Łódź,"==Eat==
Łódź has culinary influence from all over the world and it is actually quite difficult to find explicitly Polish cuisine if you do not dine in the most expensive places. For the cheapest food, it is best to go to one of the numerous kebab or Yem joints. For something a bit healthier, you can easily get a tasty sandwich for around 6-8 zł. Polish cuisine does not have any cheap 'fast food' meals, so if you want to try something definitely Polish, it is wise to invest a bit more money and go to a splurge restaurant. They are costly only by Polish standards.

The cheaper option would be to look for a 'Pierogarnia' (or ask someone about it). There are many of such places in Łódź and they sell Polish dumplings. The price is usually very competitive.

Food delivery services are represented by such popular apps like Pyszne.pl, Pizzaportal.pl, Glovo and UberEats.

The most popular hypermarkets are Carrefour, Kaufland, Auchan and E.Leclerc. If you are on budget, you can go to Biedronka or Lidl. If you are willing to spend some more money and buy better produce, go to Piotr i Paweł.

*
*
*
*
*

*

*
*
*
*",False
Q65,Los Angeles,"Los Angeles's food culture is a fusion of global cuisine brought on by the city's rich immigrant history and population. As of 2025, the Michelin Guide recognized 20 starred restaurants including 2 restaurants Providence and Somni which earned 3 Michelin stars.

Latin American immigrants, particularly Mexican immigrants, brought tacos, burritos, quesadillas, tortas, tamales, and enchiladas served from food trucks and stands, taquerias, and cafés. Asian restaurants, many immigrant-owned, exist throughout the city with hotspots in Chinatown, Koreatown, and Little Tokyo. Los Angeles also carries an outsized offering of vegan, vegetarian, and plant-based options.",False
Q3897,Luanda,"==Eat==
The majority of restaurants are on The Marginal or on Ilha de Luanda, where Luanda's elite go to dine and have fun. Be careful: when eating out, do not drink the tap water.

The Belas Shopping mall has a food court with a variety of options from local foods to pizza and burgers.

* 

* 
* 
* 
* 

* 
* 
*",False
Q2843,Lübeck,"==Eat==
thumbnail|right|Lübecker MarzipantorteThere are several restaurants within the city centre which will satisfy most tastes. At the pinnacle is the Michelin starred Wullenwever. Other good options include Markgraf and Schabbelhaus while the most popular spot for tourists is the Schiffergesellschaft. If you're in for locally brewed beer, check out the slightly Bavarian-themed Brauberger in Alfstraße. Lübeck is well known for its high density of cafés and ""Kneipen"" (pubs), so peep into some of the smaller streets as well and see if you can find something that fits your taste.

All these are in the Old Town:

* 
* 
* 
* 
* 
* 
* 

* 
* 
* 
* 
* 
* 
* 

*
*
* 
*",False
Q37333,Lublin,"==Eat==
Most restaurants are found in Old Town and in the city centre: Krakowskie Przedmieście St. (pedestrian zone called Deptak), Narutowicza St., Okopowa St. and Chopina St. You can choose among regional, Polish, Jewish, international, Spanish, Czech and Italian restaurants (the last one are especially common). There are also a lot of kebab bars with Turkish and Arabic fast food. Nadbystrzycka St., near Technical University is a centre of this type of bars. Also in every shopping centre you can find many restaurants, bars and fast food.

thumb|288x288px|Cebularz lubelski

The most known local food speciality is cebularz, a small, oven-baked flat bread topped with onion mixed with poppy seeds. The tradition of preparing it has existed since Middle Ages and is connected with Jewish cuisine. Cebularz probably originates from wheat flatbreads known in the Middle East which were brought to this part of Poland by Jewish immigration and modified afterwards. It is a very popular snack: One can buy it in every bakery or grocery in Lublin (it is uncommon to taste it in a restaurant or bar). Since 2014 cebularz has been registered within the European Union as a product with Protected Geographical Indication. The Lublin region is also famous for various kinds of pierogi. The local type is known as pierogi po lubelsku (or pierogi wiejskie). It is stuffed with a mix of cottage cheese, buckwheat groats (kasha) and mint. Look for restaurants with regional cuisine to taste them (Sielsko Anielsko, Rynek 17, Old Town). If you want to try Lublin regional alcoholic beverages (or buy Lublin-related souvenirs), you can choose among vodka, mead and beer. The most famous vodka produced here is Żołądkowa Gorzka, vodka with ""bitter"" (gorzka) in the name, but sweet in taste. Just like Żubrówka, it's a unique Polish product and definitely a must-try. The APIS company in Lublin is the oldest Polish mead-making factory in Poland. Among more than ten varieties of mead which are produced there, one (Staropolski Tradycyjny trójniak) is marked with an EU Traditional Speciality Guaranteed sign. Lublin also has a longstanding brewery tradition. The local beer called Perła Chmielowa (Hop Pearl) is a very tasty pilsner-type lager. You can also try beers in a micro-brewery situated in Old Town (Grodzka 15 Restaurant).

* 
* 
* 

*
* 
* 
* 

*",False
Q47916,Lucknow,"thumb|left|Tunday's Gelawati Kababs, Lucknow's speciality
thumb|left|Malai Makkhan, a winter delicacy of Lucknow
The Awadh region has its own distinct Nawabi-style cuisine. Since ages, the Bawarchis (chefs) and Rakabdars (royal chefs) have developed great finesse in cooking and presentation of food, under royal patronage. This gave rise to the art of cooking over a slow fire (or Dum style cooking), which has become synonymous with ""Awadhi"" cuisine. These Bawarchis added elaborately prepared dishes like kababs, kormas, kaliya, nahari-kulchas, zarda, sheermal, roomali rotis and warqi parathas to the traditional ""Awadhi"" dastarkhwaan (feast of dishes). The best-known dishes of this area consist of biryanis, kebabs and breads. Kebabs are served in a variety of styles; kakori, galawati, shami, boti, patili-ke, ghutwa and seekh are among the available varieties. Tunde ke kabab restaurants are popular for a type of soft kebab developed by a one-armed chef (hence the name Tunday) for a Nawab who had lost his teeth. The reputation of Lucknow's kebabs is not limited to the local population and the dish attracts people from other cities as well as other countries.

thumb|Breads of Lucknow- Kulcha, Sheermal, Naan etc.
thumb|Kachori Sabzi, traditional Lucknow breakfast
Lucknow is also known for its chaats, street food, kulfi, paan and sweets. Nahari kulche, a dish prepared using goat mutton, is popular among non-vegetarians. Sheermal is a type of sweet bread dish (paratha) prepared in Lucknow. Some restaurants in the city are around a century old; there are also many high-end restaurants, bakeries, lounges and pubs which cater to the affluent class and foreign travellers.",True
Q134279,Luhansk,"==Eat==

*",False
Q32,Luxembourg,"==Eat==
thumb|Judd mat gaardebounen, served with potatoes and washed down with a Diekirch beer

Traditional dishes are largely based on pork and potatoes and the influence of German cooking is undeniable. The unofficial national dish is judd mat gaardebounen, or smoked neck of pork served with boiled broad beans. A must to try if you do get the opportunity are gromperekichelchen (literally, potato biscuits) which are a type of fried shredded potato cake containing onions, shallots and parsley. Typically found served at outdoor events such as markets or funfairs they are absolutely delicious and a particularly nice snack on a cold winter's day.

In most restaurants, however, the typical local food would be French cuisine coming in bigger portions. Italian food has been popular since the 1960s. Home cooking has been greatly influenced by the recipes of Ketty Thull, apparently the best-selling cooking and baking book in Luxembourg since WWII.

You can also taste the ""Bamkuch"" (literally tree cake), which is eaten mainly during celebrations such as weddings and baptisms. This cake is traditionally made on a spit and presented as a tree trunk composed of several layers, visible when it is cut, and that represent the tree rings.",False
Q36036,Lviv,"==Eat==

Life in Lviv is very cheap. It's not difficult to find a place where you can have a full meal for 200 UAH. The challenge is rather ordering if you don't speak Ukrainian.
* 
* 
* 
* 
* 
* 
* 
* 

* 
*
* 
* 
* 
* 
* 
* Boykivska Hostynya, Mytropolyta Andreya St, 8: Located a bit outside of downtown near the St. Yuriy Cathedral complex and Lviv Polytechnic University, this restaurant is a tribute to the cuisine and culture of the Boyko people, a sub-ethnicity native to the nearby Carpathian Mountains. The owner, Andriy, runs a local non-profit for the promotion and preservation of Boyko culture. 
* 

* 
* 
*Veronica, on the Shevchenko Prospect is both a French style cafe (upstairs) and stylish restaurant downstairs.",False
Q1309,Maastricht,"==Eat==
There are many excellent places to eat in the town. Key areas to peruse are around Onze Lieve Vrouweplein, Vrijthof, Maaspromenade and Wycker Brugstraat. Also around Tongersestraat, close to the Economics and Law faculties of the Universiteit Maastricht.

Eating out in Maastricht is not always cheap, with most restaurants catering more to a posh older crowd rather than the student population. On weekdays there are a number of good and relatively low-priced sandwich outlets, as well as the usual fries based take-aways.

* 
* 
* 
* 

* 

* 
* 
* 
*
* 
* 
* 
* 
* 

* 
*",False
Q14773,Macau,"thumb|Minchee
thumb|Coconut milk
Food in Macau is mainly based on both Cantonese and Portuguese cuisine, drawing influences from Indian and Malay dishes as well, reflecting a unique cultural and culinary blend after centuries of colonial rule.. Portuguese recipes were adapted to use local ingredients, such as fresh seafood, turmeric, coconut milk, and adzuki beans. These adaptations produced Macanese variations of traditional Portuguese dishes including caldo verde, minchee, and cozido à portuguesa. While many restaurants claim to serve traditional Portuguese or Macanese dishes, most serve a mix of Cantonese-Portuguese fusion cuisine. Galinha à portuguesa is an example of a Chinese dish that draws from Macanese influences, but is not part of Macanese cuisine.. Cha chaan teng, a type of fast casual diner originating in Hong Kong that serves that region's interpretation of Western food, are also prevalent in Macau.. Pastel de nata, pork chop buns, and almond biscuits are popular street food items.",True
Q1019,Madagascar,"==Eat==
thumb|Hotely malagasy
The cheapest way to get a meal is to eat at a ""hotely"". A plate of rice, laoka (malagasy for a side dish accompanying rice) like chicken, beans or pork, and rice water costs about 3000 Ar (2020). For 1000 Ar extra you can get a small glass of homemade yoghurt.

Bananas (hundreds of varieties) and rice cakes (Malagasy 'bread') are staple 'street food' and available everywhere. Coffee is very good, usually hand-made by the cup and served very sweet with condensed milk.

Steak-frites is available in restaurants in the larger towns.

There are supermarkets all over Madagascar. The four biggest supermarkets chains are Super U, Score, Leader Price and Supermaki. All four Western style supermarket chains are well stocked. There are many Leader Price & Super U-branded goods but also some more local produce (veg, spices, etc.) Super U is slightly cheaper and has many stores in Antananarivo, Mahajanga, Toamasina and Antsirabe.",True
Q43788,Madison,"==Eat==

Madison is said to have the highest number of restaurants per capita in the entire United States. The sheer diversity of and intense competition among Madison's restaurants is enough to put any city of similar size to shame (as well as many larger cities!), making Madison one of the best cities in the country to be a foodie. Take your time to make a selection; you could spend years in Madison without seeing half of what the restaurant scene has to offer.

As Madison is in Wisconsin, don't miss the frozen custard, with local chain Michael's being a firm favorite among locals for this sweet treat.

* Food carts, Library Mall (at the end of State St, away from the Capitol). Look out for food carts, some of Madison's best sources for a quick bite, clustered at the end of State Street near Memorial Library and on/near Capitol Square.
* 
* 
* 
* 

* 
* 
* 
* 
* 
* 
*
*

* 
* 
* 
* 
*",False
Q2807,Madrid,"The Madrilenian cuisine has received plenty of influences from other regions of Spain and its own identity actually relies in its ability to assimilate elements from the immigration.

The cocido madrileño, a chickpea-based stew, is one of the most emblematic dishes of the Madrilenian cuisine. The is another traditional winter specialty, usually made of cattle tripes. Other offal dishes typical in the city include the or grilled pig's ear. Fried squid has become a culinary specialty in Madrid, often consumed in sandwich as bocata de calamares.

Other generic dishes commonly accepted as part of the Madrilenian cuisine include the potaje, the sopa de ajo (Garlic soup), the Spanish omelette, the (bream), (snails, sp. Cornu aspersum) or the soldaditos de Pavía, the patatas bravas (consumed as snack in bars) or the gallina en (hen or chicken cooked with the yolk of hard-boiled eggs and almonds) to name a few.

Traditional desserts include torrijas (a variant of French toast consumed during Easter) and .",False
Q1733,Magdeburg,"==Eat==

* 
* 
* 
* 
* 
* 
* 

*

* 
* 
* 
* 
* 

* 
* 
* 
*",False
Q1720,Mainz,"==Eat==
Mainz has two culinary specialities, both types of cheese. Spundekäse is local cream cheese whipped with cream into a soft paste, served with chopped raw onion and pretzels &mdash; the taste is mild and it goes great with beer.
Handkäse is a sour milk cheese with a pungent aroma, most often served mit Musik, or marinated in vinegar and oil, then sprinkled with caraway seeds, resulting in a bizarre, firm, gelatinous mass that most people find to be a bit of an acquired taste &mdash; and the ""music"" refers to the flatulence it tends to cause!

* 

* 
* 
* 
* 
* 
* 
* 

* 
* 
* 
* 

* 

thumb|Heiliggeist Hospital
thumb|Portal of Frankfurter Hof in the old town and Restaurant Gusto
thumb|Timber framing house in Laichhofstr. with Restaurant Zum Spiegel
* 
* 
*
* 
* 
*
* 
* 

* 
* 
* 
* 
* 
* 
* 

*
*
* 
* 
* 

*",False
Q1020,Malawi,"Malawian cuisine is diverse, with tea and fish being popular features of the country's cuisine. Sugar, coffee, corn, potatoes, sorghum, cattle, and goats are also important components of the cuisine and economy. Lake Malawi is a source of fish, including chambo (similar to bream), usipa (similar to sardines), and mpasa (similar to salmon and kampango). Nsima is a food staple made from ground corn and typically served with side dishes of meat and vegetables. It is commonly eaten for lunch and dinner.",False
Q833,Malaysia,"Malaysia's cuisine reflects the multi-ethnic makeup of its population. Many cultures from within the country and from surrounding regions have greatly influenced the cuisine. Much of the influence comes from the Malay, Chinese, Indian, Thai, Javanese, and Sumatran cultures, largely due to the country being part of the ancient spice route. The cuisine is similar to those of Singapore and Brunei, and also bears resemblance to Filipino cuisine. The different states have varied dishes, and often the food in Malaysia is different from the original dishes.

Sometimes food not found in its original culture is assimilated into another; for example, Chinese restaurants in Malaysia often serve Malay dishes. Food from one culture is sometimes also cooked using styles taken from another culture, For example, sambal belacan (shrimp paste) are commonly used as ingredients by Chinese restaurants to create the stir fried water spinach (kangkung belacan). This means that although much of Malaysian food can be traced back to a certain culture, they have their own identity. Rice is a staple food and an important constituent of the country's culture. Chili is commonly found in local cuisine, although this does not necessarily make them spicy.",False
Q826,Maldives,"==Eat==
All the resorts are self-contained so they have at least one restaurant, which generally serves the type of cuisine expected by their guests (i.e. modern European or generic Asian). Breakfast is almost always included, and most resorts offer the option of half-board, which means you get a dinner buffet, and full board, which means you get a lunch and dinner buffet. These can limit the damage compared to ordering à la carte, but your options are typically very limited and drinks are often not covered, not necessarily even water. If you're planning on drinking a lot, it may be worthwhile to go all inclusive, but even this typically restricts you to house drinks.

The only other place to find food is Malé City. This comes in two forms. Either small restaurants aimed at the tourists (of which there are a couple of nice Thai restaurants), which are often expensive, or small cafes called hotaa, selling local Maldivian food at prices as low as Rf20 (US$6) for a complete meal.

thumb|A typical Maldivian meal: masroshi pastries, mas riha fish curry, paaparu, grilled fish, rice and sweet black tea.

Maldivian food revolves largely around fish (mas), in particular tuna (kandu mas), and draws heavily from South Indian tradition, especially Kerala. Dishes are often hot, spicy and flavoured with coconut, but use very few vegetables. A traditional meal consists of rice, a clear fish broth called garudhiya and side dishes of lime, chilli and onions. Curries known as riha are also popular and the rice is often supplemented with roshi, unleavened bread akin to Indian roti, and paaparu, the Maldivian version of crispy Indian poppadums. Some other common dishes include:

* mas huni &mdash; shredded smoked fish with grated coconuts and onions, the most common Maldivian breakfast (eat it as is or wrap it in roshi)
* fihunu mas &mdash; barbequed fish basted with chili
* bambukeylu hiti &mdash; breadfruit curry

Snacks called hedhikaa, almost invariably fish-based and deep-fried, can be found in any Maldivian restaurant.

* bajiya &mdash; pastry stuffed with fish, coconut and onions
* gulha &mdash; pastry balls stuffed with smoked fish
* keemia &mdash; deep-fried fish rolls
* kulhi borkibaa &mdash; spicy fish cake
* masroshi &mdash; mas huni wrapped in roshi bread and baked
* theluli mas &mdash; fried fish with chilli and garlic",False
Q912,Mali,"thumb|Malian tea

Rice and millet are the staples of Malian cuisine, which is heavily based on cereal grains.Velton, p. 30.Milet, p. 146. Grains are generally prepared with sauces made from edible leaves, such as spinach or baobab, with tomato peanut sauce, and may be accompanied by pieces of grilled meat (typically chicken, mutton, beef, or goat). Malian cuisine varies regionally. Other popular dishes include fufu, jollof rice, and maafe.",False
Q2211,Malmö,"==Eat==

*
* 
* 
* 

* 
* 
* 
* 

Many kitchen venues here cater to the budget option. Get a falafel (30-45 kr), Indian, Thai, Middle Eastern or Chinese meal from 60 kr. Plenty to choose from. 
* 
* 
* 
* 

* 
*

There are a lot of restaurants in the Little Square with outdoor seating (with heating year-round).
* 
* 
* 
* 

There are also lots of mid-range restaurants in other parts of town.
*
* 
*
*
*
*
*
*
* 
*Restaurang Tryck Krusegatan 19. Great daily lunch M–F 95 kr.
* 

*

* 
* 
* 

Around Christmas time, look out for 'pepparkakor' (literally pepper-cakes), spicy crispy cookies flavoured with cinnamon, ginger, molasses and cloves. Traditional accompaniment to 'glögg' (mulled wine).",False
Q233,Malta,"==Eat==
thumb|Pastizzi
thumb|Qargħa Bagħli Mimli (Stuffed marrows)
Distinctly Maltese cuisine is hard to find but does exist. The food eaten draws its influences from Italian cuisine. Most restaurants in resort areas like Sliema cater largely to British tourists, offering pub grub like meat and three veg or bangers and mash, and you have to go a little out of the way to find 'real' Maltese food. One of the island's specialities is rabbit (fenek), and small savoury pastries known as pastizzi are also ubiquitous.

The Maltese celebratory meal is fenkata, a feast of rabbit, marinated overnight in wine and bay leaves. The first course is usually spaghetti in rabbit sauce, followed by the rabbit meat stewed or fried (with or without gravy). Look out for specialist fenkata restaurants, such as Ta L'Ingliz in Mgarr.

True Maltese food is quite humble in nature, and rather fish and vegetable based – the kind of food that would have been available to a poor farmer, fisherman, or mason. Thus one would find staples like soppa ta' l-armla (widow's soup) which is basically a coarse mash of whatever vegetables are in season, cooked in a thick tomato stock. Then there's arjoli which is a julienne of vegetables, spiced up and oiled, and to which are added butter beans, a puree made from broadbeans and herbs called bigilla, and whatever other delicacies are available, like Maltese sausage (a confection of spicy minced pork, coriander seeds and parsley, wrapped in stomach lining) or ġbejniet (simple cheeselets made from goats' or sheep milk and rennet, served either fresh, dried or peppered).

Maltese sausage is incredibly versatile and delicious. It can be eaten raw (the pork is salted despite appearances), dried, or roasted. A good plan is to try it as part of a Maltese platter, increasingly available in tourist restaurants. Sun dried tomatoes and bigilla with water biscuits are also excellent. Towards the end of summer one can have one's fill of fried lampuki (dolphin fish) in tomato and caper sauce.

thumb|Ftira bread
Try to have a bite of ħobż biż-żejt, which is leavened Maltese bread, cut into thick chunks, or else baked unleavened ftira, and served drenched in oil. The bread is then spread with a thick layer of strong tomato paste, and topped (or filled) with olives tuna, sun-dried tomatoes, capers, and the optional arjoli (which in its simpler form is called ġardiniera).

For other suggestions, see ""Eat"" listings in city articles.",False
Q40236,Manaus,"==Eat==

Local cuisine is rich and varied and can be found in many restaurants and stalls. You may try:

*tapioquinha, a glutinous pancake made from manioc starch, usually buttered and filled with tucumã palm fruit and farmer’s cheese.
*tacacá, an Amazon local soup.
*x-caboquinho, a sandwich made with fried banana, cheese and tucumã, a regional fruit.
*pamonha, made from green corn and coconut milk boiled in corn husks.
*bolo de macaxeira, a tasty glutinous translucent cake made from manioc.
*sugar cane juice, a favorite drink among locals.

The region is also known for its exotic fruits like:
*creamy white cupuaçú.
*iron-rich açaí.

The area between Av. Floriano Peixoto and the port has many small restaurants that offer food for decent prices. Directly at the port at the big market (2 blocks downstream from Mercado Municipal) food stalls offer even cheaper alternatives.
* 

* 
* 
* 

*
* 
*
* 
* 
* 
* 

*",False
Q18125,Manchester,"==Eat==
thumb|Manchester is home to many pubs
As you would expect from such a cosmopolitan city, Manchester has a huge selection of restaurants and eateries that serve a vast array of cuisines. Look hard enough and you will be able to find any type of international and British food. It is also worth exploring some of the suburbs for superb, small independent bistros and restaurants. West Didsbury and Chorlton are noted for their large number of great eateries. If you can get there, the quaintly named and somewhat trendy village of Ramsbottom, just north of Bury, directly north of Manchester, is said to be ""the new Chorlton"", in regards to restaurants, and the place to eat. The usual, well-established UK chains like Café Rouge, Pizza Express, and Nando's are all to be found in Manchester city centre and out of town too.

There are hundreds of kebab and pizza shops on Oxford Road and in Fallowfield and Rusholme. In Rusholme, in particular, locals speak of the £10 curry, where if you bring your own drinks into the curry house, you should leave with change from a ten-pound note.Some of the cheapest, long-established curry cafés, though, are still to be found in the back streets of the Northern Quarter and Central Deansgate offering a novel twist on the traditional British café.

There are plenty of all-you-can-eat buffets in Chinatown for less than £10. Prices tend to change with the time of day and likely demand. If you eat earlier in the day, you can have a full all-you-can-eat meal, including soup, starter, and dessert for around £5. Salford is also a good option to look for Chinese food, as a particularly high concentration Hongkongers have settled there.

Sam's Chop House on Chapel Walks is popular with visitors looking for a British dining experience (not an easy feat in the UK's big cities), as well as Sinclair's Oyster Bar at Cathedral Gates. Many hotels offer menus that tend towards national dishes.

Amongst the enormous range of Cantonese restaurants in Chinatown, the Great Wall at 52 Faulkner St offers authentic, reasonably priced food, including many one bowl/plate dishes (Roast pork and roast duck in soup noodle is particularly popular). The only downside is that the service charge increases the bill.

Rusholme's Curry Mile is, as the name suggests, home to a lot of Indian restaurants! Due to the high concentration of curry houses, and all the competition, you should be able to get a really good curry in just about any restaurant.

Also upmarket is a new venture by the side of the Museum of Science and Industry. This is Akbar's on Liverpool Road and they claim, on the side of buses, to be ""probably the best Indian restaurant in the North of England"". Also popular in town are the two EastZEast; the original is under the Ibis Hotel, behind the former site of the BBC building (now a car park), and the new, very luxurious one is on Bridge Street, opposite the Manchester Central Travelodge, off Deansgate. Look out for the doorman at the river",False
Q11299,Manhattan,"== Eat ==
thumb|upright=1.3|Hot dog cart
See the Districts articles for more listings.

Almost any type of food you can imagine and any cuisine you can name is available in Manhattan. With thousands of restaurants, delis, grocery stores, and street vendors throughout the borough, you can find an excellent meal at virtually any price point. Even Manhattan, with its high rents and reputation for expensive restaurants, offers plenty of opportunities for a good, cheap meal; it's just a matter of knowing where to look.

Manhattan has many great street food vendors, from the ubiquitous hot dog carts on many street corners to more specialized fare. Just be wary of food stands close to major tourist attractions; carts in Times Square and its immediate vicinity often aren't very upfront about their prices and will charge a lot more than their fellows further away. Just walking a few blocks away is often all it takes to find something more affordable. Most carts serve lunch from about 11AM to 5 or 6PM in the evening and disappear after dark, so look for a cart near you, smell what's cooking, and enjoy a hot and often tasty lunch for a few dollars (a meal costs anywhere from about $2 to $8). Mornings, from about 6AM to 10AM, the streets are dotted with coffee carts that sell coffee, croissants, bagels, and Danish pastries and are good for a cheap breakfast: small coffee and bagel for a dollar or so. From 10AM to 7PM, many vendors sell lunch and dinner choices, including hot dogs, hamburgers, gyros, and halal food like chicken kabobs. Washington Square Park, Union Square, and Madison Square Park are frequent congregation points for food trucks and more notably excellent stands.

There are many street festivals more or less centered around food, such as the Big Apple Barbecue Block Party in Madison Square Park; the celebration of Bastille Day, which occurs the weekend after July 14, on 60 St. between 5th and Lexington Avs.; the Taste of Chinatown festival; and the Ninth Avenue International Food Festival, which takes place on the first weekend after Mother's Day each year, and many run-of-the-mill street fairs. If you come across a street fair by chance, beware of the food vendors who make all their money at street festivals, because with a few exceptions, they are usually bad, and look for booths of food establishments from the area. If no sign is up with the location of the booth's store, you can ask the people at each booth where their store is; if it's far away or they don't know where it is, be wary.

Pizza-by-the-slice joints dot Manhattan and vary in quality, but usually offer a good on-the-go meal for cheap. A pricier but still quintessential New York meal is the deli sandwich, available from the many delis throughout the borough. A wide variety of Chinese options can be found in Chinatown and various other neighborhoods, there's the small Koreatown with some very good (but not necessarily cheap) restaurants, Washington Heights is the center for Domin",True
Q1461,Manila,"==Eat==

thumb|Street food vendors like this are a common sight in the city.
thumb|Fishballs sold by a vendor on his cart.
Street food is often described as ""pantawid gutom"" or food to tide over, something to temporarily hush a stomach growl, sold at small food stalls, food stands, or food carts set up in places with high amount of pedestrian traffic. Cheap and rushed, it could be something commuters can chew and swallow, or gulp in seconds while transferring from one route to another, or from station-to-station, with a quick standing stop at a sushi, siomai, barbecue, or hotdog stall.

The variety of street food available is tremendous and may reward the truly adventurous traveler. Some notable examples are balut (boiled duck embryo), fish ball, kwek-kwek (boiled duck, chicken or quail egg covered in an orangy batter and deep fried in hot oil), isaw (grilled chicken intestines), and banana cue (Philippine plantain fried in hot oil coated with caramelized brown sugar).

Low-income workers and students patronize them the most as they commute to their homes, often taking two-hour trips. These are noted in the open streets where they are the cheapest and these are what most bloggers and media immediately see. But there are ones that are as even cleaner as those found in Bangkok or at par with those in hawker centers in Taiwan, Singapore and Malaysia, or Japan and Korea. Mall walkways and Food Courts also offer a wide selection of Street Food menu and that is some notches less in worrying about hygiene. Expect the cost to be a little bit higher, although that would just come up to be in cents difference. For a taste of street food without the accompanying risk, try out Balut Eggspress, which serves balut, kwek kwek and one day old chicks, which are quite literally day old chicks marinated and fried in hot oil; and Nanay Q which serves special pork and chicken BBQ, liempo, grilled fish and shrimps

Carinderias sound like Spanish style cooking but there is no relation to it. It's simply a collective term for a working class type of eating stall, now with table and seats for sit-in meals, more as a hole-in-the-wall or a makeshift school canteen (some may have wheels) for the lowly construction worker, the jeepney driver, or the student low and tight on budget. The style of presenting the food (no menus but some have posted menus) is laid out on a glass-covered or open counter in pots or deep square aluminum platters (for the more classy ones) and where the customer can just scan his eyes and choose what he wants. Panaderias are bakeries dispensing bread and pastries. But the line is not clear if they are a separate class of their own or as Street Food. Goldilock's Bakeshop operate as a full-time restaurant but they can have some presence in malls as food stand types. Dunkin' Donuts or Mister Donut also establish their presence as either a shop with dining tables or as a stand-alone stalls.

This is a special class of street food distinguished from the s",True
Q2119,Mannheim,"==Eat==
thumb|Spaghettieis
* Spaghettieis was invented in Mannheim in 1969. Vanilla ice cream is pressed through a spaetzle press, creating the spaghetti-like shape, over which comes strawberry sauce as tomato sauce and grated white chocolate as grated cheese.
* Mannheim is known for its many pretzel stands. Little pretzel baguettes with mozzarella and tomato are quite yum.
* The Döner is a kind of Turkish kebab found throughout Germany and is definitely worth trying! One of the most popular Döner stalls is located right across the train station, called City Döner (see below). It is very common to have a Döner there after partying.
* Mannheim is famous for its big Turkish community, so these restaurants offer a variety of different and traditional Turkish dishes, not limited to Döner Kebab. Definitely a part of Mannheim's food culture. There are many more Turkish restaurants and shops in the area west of Marktplatz. Therefore some refer to the area as ""Little Istanbul"".
* Sunday morning buns. Get fresh buns for breakfast even on Sunday morning at G1 (Marktplatz). Backfactory and another bakery on the other side of the tram tracks are open on Sundays.

* 
* 
* 
* 
* 
* 
* 
* 

* 

* 
* 
* 
* 
* 

* 
*",False
Q37133,Mariupol,"==Eat==
A local feature is the so-called ""Greek cuisine."" But this concept often includes not only and not so much the dishes come from Greece. The local Greek food has a very strong influence from the cuisine of the Crimean Tatar (Turkish).

* 
* 
* 
* 
* 

* 
* 
* 
* 
* 
* 
* 
* 
* 

* 
*",False
Q101625,Marrakesh,"Surrounded by lemon, orange, and olive groves, the city's culinary characteristics are rich and heavily spiced but not hot, using various preparations of Ras el hanout (which means ""Head of the shop""), a blend of dozens of spices which include ash berries, chilli, cinnamon, grains of paradise, monk's pepper, nutmeg, and turmeric. A specialty of the city and the symbol of its cuisine is tanjia marrakshia, affectionately referred to as bint ar-rimad ( ""daughter of the ash""), a local meal prepared with beef meat, spices, and smen and slow-cooked in a ceramic pot in traditional oven in hot ashes. Tajines can be prepared with chicken, lamb, beef or fish, adding fruit, olives and preserved lemon, vegetables and spices, including cumin, peppers, saffron, turmeric, and ras el hanout. The meal is prepared in a tajine pot and slow-cooked with steam. Another version of tajine includes vegetables and chickpeas seasoned with flower petals. Tajines may also be basted with ""smen"" Moroccan ghee that has a flavour similar to blue cheese.

Shrimp, chicken and lemon-filled briouats are another traditional specialty of Marrakesh. Rice is cooked with saffron, raisins, spices, and almonds, while couscous may have added vegetables. A pastilla is a filo-wrapped pie stuffed with minced chicken or pigeon that has been prepared with almonds, cinnamon, spices and sugar. Harira soup in Marrakesh typically includes lamb with a blend of chickpeas, lentils, vermicelli, and tomato paste, seasoned with coriander, spices and parsley. Kefta (mince meat), liver in crépinette, merguez and tripe stew are commonly sold at the stalls of Jemaa el-Fnaa.

thumb|A massive [[Chebakia|shebakia in Marrakesh.]]
The desserts of Marrakesh include chebakia (sesame spice cookies usually prepared and served during Ramadan), tartlets of filo dough with dried fruit, or cheesecake with dates.

The Moroccan tea culture is practiced in Marrakesh; green tea with mint is served with sugar from a curved teapot spout into small glasses. Another popular non-alcoholic drink is orange juice. Under the Almoravids, alcohol consumption was common; historically, hundreds of Jews produced and sold alcohol in the city. In the present day, alcohol is sold in some hotel bars and restaurants.",False
Q23482,Marseille,"upright|thumb|Traditional Marseille [[bouillabaisse]]
thumb|upright|[[Swordfish in olive oil with ratatouille and saffron rice]]
thumb|upright|[[Pieds paquets]]
*Bouillabaisse is the most famous seafood dish of Marseille. It is a fish stew containing at least three varieties of very fresh local fish: typically red rascasse (Scorpaena scrofa); sea robin (fr: grondin); and European conger (fr: congre).""La bouillabaisse classique doit comporter les 'trois poissons': rascasse, grondin, congre."" Michelin Guide Vert -Côte dAzur, 1990, page 31 It can include gilt-head bream (fr: dorade); turbot; monkfish (fr: lotte or baudroie); mullet; or silver hake (fr: merlan), and it usually includes shellfish and other seafood such as sea urchins (fr: oursins), mussels (fr: moules); velvet crabs (fr: étrilles); spider crab (fr: araignées de mer), plus potatoes and vegetables. In the traditional version, the fish is served on a platter separate from the broth.|History and traditional recipe of bouillabaisse on the site of the Marseille Tourism Office The broth is served with rouille, a mayonnaise made with egg yolk, olive oil, red bell pepper, saffron, and garlic, spread on pieces of toasted bread, or croûtons. In Marseille, bouillabaisse is rarely made for fewer than ten people.Jean-Louis André, Cuisines des pays de France, Éditions du Chêne, 2001
*Aïoli is a sauce made from raw garlic, lemon juice, eggs and olive oil, served with boiled fish, hard boiled eggs and cooked vegetables.
*Anchoïade is a paste made from anchovies, garlic, and olive oil, spread on bread or served with raw vegetables.
*Bourride is a soup made with white fish (monkfish, European sea bass, whiting, etc.) and aïoli.
*Fougasse is a flat Provençal bread, similar to the Italian focaccia. It is traditionally baked in a wood oven and sometimes filled with olives, cheese or anchovies.
* are, in the words of food writer M. F. K. Fisher, ""little boat-shaped cookies, tough dough tasting vaguely of orange peel, smelling better than they are."" They are sold in one specific shop, dedicated to its fabrication since 1781 called ""le four des navettes"". 
*Cade is chickpea flour boiled into a thick mush, allowed to firm up, then cut into blocks and fried.
*Pastis is an alcoholic beverage made with aniseed and spice. It is extremely popular in the region.
*Pieds paquets is a dish prepared from sheep's feet and offal.
*Pistou is a combination of crushed fresh basil and garlic with olive oil, similar to the Italian pesto. The ""soupe au pistou"" combines pistou in a broth with pasta and vegetables.
*Tapenade is a paste made from chopped olives, capers, and olive oil (sometimes anchovies may be added).",False
Q3909,Maseru,"==Eat==

*White Box Food, not a restaurant, but a good budget eating option - on Kingsway at lunchtime lots of food vendors are cooking up chicken, pork, rice and papa and serving it to the office workers in town for around M12-15 a box - very tasty and very filling.
*Peace Restaurant, Moeshoeshoe Rd (just down from Nando's) - at the back of a Chinese grocery shop the Peace Restaurant offers an authentic Chinese eating experience - good food, plastic chairs, Chinese karaoke on Friday and Saturday nights! You can almost believe you are in China.
*Good Times Cafe, LNDC Centre, Kingsway (above the Vodacom shop) - the only nightspot in Maseru also serves up adequate South African fare - OK for lunch if you have 1.5 hours or more. Tends to be empty in the evenings except for a few expats. Big screen for live football.
* 

*Lancer's Inn, Kingsway - good food but slow service.
*Mohokare Restaurant, at Avani Maseru Hotel, has regional fare and is open for breakfast, lunch, and dinner.",False
Q1027,Mauritius,"thumb|Bol renversé
Mauritian cuisine is a combination of Indian, Creole, French and Chinese cuisines, with many dishes unique to the island. Local variants of Asian and European cuisines include vegetarian and non vegetarian curries, parathas locally known as farata or roti, the potato rich briani, wok prepared mines frires and diriz frires, a chop suey dish known as bol renversé (upside-down bowl), sausage and tomato based rougaille and Mughlai-origin alouda, a cold beverage, amongst others. Locally made French pastry and bread are sold in most localities with locally unique desserts like napolitaine, a local version of sablé coated with a pink icing, coconut based gâteau coco and macacha coco and iced kulfi.

Masala spices, dals, zassar from Indian-origin achar and leaf vegetables known as brèdes are commonly consumed in all households. Street food sold by hawkers include popular wraps dholl puri and roti, local versions of Indian pakoras like gâteau piment and chana puris.",True
Q3904,Mbabane,"==Eat==
Traditional Swazi foods such as bhatata sweet potatoes, and traditional emasi (sour milk) are enjoyable.",False
Q48278,Medellín,"==Eat==
thumb|right|Botero sculptures outside of Museo de Antioquia and Palacio de la Cultura
Colombian cuisine is varied and regional. The more typical dishes are referred to as comida criolla.

Some examples are: sancocho de gallina (chicken soup), carne molida (ground beef), arepas de choclo (fresh corn tortillas), empanadas (meat-filled fried turnovers), ají (hot sauce), ajiaco (Bogota's chicken and potato soup), bandeja paisa, natilla, buñuelos (fried cheese puffs), hojuelas (fried puff squares), rice with coconut, Antioquian beans, sobrebarriga (flank steak) mantecada (bun made with lard), papas chorreadas, pandeyuca (yucca bread) and carne desmechada (shredded meat).

A typical breakfast in Medellín consists of baked corn arepas (Flat unsweetened corn pancake) topped with butter and fresh white cheese, coffee or hot chocolate.

One treat that will leave anyone stuffed is the ""Tipico Antioqueño""; arepa con queso (small flatbreads with cheese on top), beans, chicken, rice, fried eggs, chicharron (salted and fried unsmoked bacon) and patacon (deep-fried plantain pancakes). Topping that off with a Colombian beer and a cup of ""chocolatte"" (pronounced the Spanish way - it's milky, sweet hot chocolate) makes for an excellent meal. An excellent place to eat typical food is Hatoviejo.

There is a large variety of restaurants all throughout Medellín, especially concentrated around the ‘Zona Rosa’ which is in Poblado between Parque Poblado and Parque Lleras. You can find a fine display of places with whatever food you desire, with good quality for comparatively cheap prices compared to the US, although there is a shortage of authentic Greek, Indian and Thai restaurants. Sushi is increasingly popular and may be found at the larger malls or supermarkets that are more ""international.""

Colombia also has an incredible variety of tasty fruits. A few of these are: guanábana, lulo, zapote, mamoncillo, uchuva, feijoa, granadilla, maracuyá, tomate de árbol, borojó, mamey and tamarindo. Ask for a ""Salpicón"": a mix of fruits marinaded on orange or watermelon juice. The most popular local drink is ""Michelada"", beer with lime juice in a salt-rimmed glass (very similar to the Mexican version except for the amount of lime juice used).

Colombia is well known for its coffee, and Medellín is no exception. As with any large city, there are the usual chain restaurants, however the American ""fast-food culture"" has not made a huge splash in the country. Mc Donald's, Burger King, Domino's Pizza and Hooters can be found there.

*
*
*
*
*
*

*
*

*
*
* 

*J y C Delicias offers typical arepas with a variety of toppings, good for lunch or dinner. A few locations: in Laureles neighborhood Carrera 76 # 33 A-62, . In El Poblado Calle 4 Sur # 43 A-8, , and El Tesoro Shopping mall.
*
*
*

*
*
*
*

*.",False
Q16563,Memphis,"==Eat==
Memphis is one of the cheapest places in the USA to live, and that includes going out to eat. Memphis is famous for two things: music and food. The local BBQ is well-known, and you can sample it ""wet"" (with spicy, tangy sauce) or ""dry"" (rubbed with spices before cooking), with rib tips being a well-known local specialty. Other options abound across the city, from Southern home cooking to international fare. You won't go wrong with famous names, but the adventurous will find real treasures in modest hole-in-the-wall joints that make up for their shabby appearance with fabulous flavor.

thumb|300px|Beef ribs at Interstate BBQ

* 
* 
* 
* 
* 
* 
* 
* 
* 
* 
* 
* 
** 
* 
* 

thumb|300px|An empty Beale Street after the bars have closed

* 
* 
* 
* 
* 
* 
* 
*Corky's - One of the most well known barbecue places in Memphis. 3 or 4 locations within the city; $6-$20 per person. You can purchase their barbeque sauce too and have ribs shipped.
* 
* 
* 

thumb|200px|Evolution on display at the Pink Palace Museum

* 
* 
* 
* 
** 
** 
* 

* 
* 
* 

thumb|270px|The Stax Museum of American Soul Music
* 
** 
** 
* 
*Exline's - A Memphis chain serving up some big ol' round pizzas cut into square pieces. The toppings are huge (as in large bits). The cheese on the cheese fries is nacho and it comes from a can; super fantastic. ~$10.
* 
* 
* 
* 
* 

Memphis has a tradition of hiding its best food at the back of convenience stores. For instance:
*",False
Q13666,Messina,"==Eat==

* 
*",False
Q22690,Metz,"==Eat==

All these are in the city centre:

* 
* 
*
* 
* 
*
* 

*
* 
* 
* 
* 

* 
* 
*",False
Q96,Mexico,"thumb|[[Mole sauce, which has dozens of varieties across the Republic, is seen as a symbol of Mexicanidad and is considered Mexico's national dish]]
The origin of the current Mexican cuisine was established during the Spanish colonial era, a mixture of the foods of Spain with native indigenous ingredients. Foods indigenous to Mexico include corn, pepper vegetables, calabazas, avocados, sweet potato, turkey, many beans, and other fruits and spices. Similarly, some cooking techniques used today are inherited from pre-Columbian peoples, such as the nixtamalization of corn, the cooking of food in ovens at ground level, grinding in molcajete and metate. With the Spaniards came the pork, beef and chicken meats; peppercorn, sugar, milk and all its derivatives, wheat and rice, citrus fruits and another constellation of ingredients that are part of the daily diet of Mexicans.

From this meeting of two millennia old culinary traditions, were born pozole, mole sauce, barbacoa and tamale in its current forms, chocolate, a large range of breads, tacos, and the broad repertoire of Mexican street foods. Beverages such as atole, champurrado, milk chocolate and aguas frescas were born; desserts such as acitrón and the full range of crystallized sweets, rompope, cajeta, jericaya and the wide repertoire of delights created in the convents of nuns in all parts of the country.

In 2005, Mexico presented the candidature of its gastronomy for World Heritage Site of UNESCO, the first time a country had presented its gastronomic tradition for this purpose. The result was negative, because the committee did not place the proper emphasis on the importance of corn in Mexican cuisine. In November 2010, Mexican gastronomy was recognized as Intangible cultural heritage by UNESCO. In April 2019, Daniela Soto-Innes was named the best female chef in the world by The World's Best 50 Restaurants and Elena Reygadas in 2023.",False
Q1489,Mexico City,"thumb|[[Street food|Street tacos in Mexico City]]

Once considered plebeian fare, by the 19th century tacos was a standard of Mexico City's cuisine. As authorities struggled to tax local taquerias, imposing licensing requirements and penalties, they recorded some details of the types of foods being served by these establishments. The most frequent reference was for tacos de barbacoa. Also mentioned were enchiladas, tacos de minero and gorditas, along with oyster shops and fried fish stands. There is evidence of some regional specialties being made available for recent migrants; at least two shops were known to serve pozole, a type of stew similar to hominy that is a staple of Guadalajara, Jalisco.

Mexico City is known for having some of the freshest fish and seafood in Mexico's interior. La Nueva Viga Market is the second largest seafood market in the world after the Tsukiji fish market in Japan.

Mexico City offers a variety of cuisines: restaurants specializing in the regional cuisines of Mexico's 31 states are available in the city, and the city also has several branches of internationally recognized restaurants. These include Paris' Au Pied de Cochon and Brasserie Lipp, Philippe (by Philippe Chow); Nobu, Quintonil, Morimoto; Pámpano, owned by Mexican-raised opera singer Plácido Domingo. There are branches of Japanese restaurant Suntory, Italian restaurant Alfredo, as well as New York steakhouses Morton's and The Palm, and Monte Carlo's BeefBar. Three of Lima's Haute restaurants, serving Peruvian cuisine, have locations in Mexico City: La Mar, Segundo Muelle and Astrid y Gastón.

For the 2023 list of World's 50 Best Restaurants as named by the British magazine Restaurant, Mexico City ranked 13th best with the Mexican avant-garde restaurant Pujol, owned by Mexican chef Enrique Olvera. Also notable is the Basque-Mexican fusion restaurant Biko, run and co-owned by Bruno Oteiza and Mikel Alonso, which placed outside the list at 59th, but in previous years has ranked within the top 50.Restaurant, The World's 50 Best Restaurant Awards: 2014 Other that has been placed on the list in 2019 is the restaurant Sud 777 at 58th place. In 2024, seven restaurants in the city received Michelin stars. At the other end of the scale are working class pulque bars known as pulquerías, a challenge for tourists to locate and experience.",True
Q8652,Miami,"==Eat==

Foodies and chefs alike herald Miami for its unique American cuisine. Created in the 1990s, the cuisine alternatively known as New World, Nuevo Latino or Florribean cuisine blends local produce, Latin American and Caribbean culinary tradition and the technical skills required in European cooking. Nuevo Latino is said to be the brainchild of four chefs: Allen Susser, Norman Van Aken, Mark Militello and Douglas Rodriguez. All of them still work in Miami and most of them work at the restaurants they created in the 1990s. New World is not restricted to these chefs’ menus. This cuisine influences several restaurants around the city to this day.

Miami may be known for its Latin American cuisine (especially its Cuban cuisine but also cuisines from South American countries such as Colombia), but there are other different kinds of restaurants to be found around the city. In addition to stand-alone Chinese, Japanese, Middle Eastern, and Italian (among others) restaurants, there are cafés, steakhouses and restaurants operating from boutique hotels, as well as chain restaurants such as TGI Fridays and Ben & Jerry’s.

Miami is known for having nightclubs double as restaurants throughout the city. Most of these restaurants, such as Tantra, BED and the Pearl Restaurant and Champagne Lounge (attached to Nikki Beach), are found throughout South Beach. However, some of these restaurants/nightclubs like Grass Lounge can be found in the Design District (north of downtown but south of North Miami).

If many of Miami’s premiere restaurants don’t fit into your daily budget, consider eating during Miami Restaurant Month (better known as Miami Spice) in August and September.

Miami’s dining scene reflects burgeoning diversity, mixing exotic newcomer restaurants with long-standing institutions, often seasoned by Latin influence and hot winds of the Caribbean. New World cuisine, a culinary counterpart to accompany Miami’s New World Symphony, provides a loose fusion of Latin, Asian, and Caribbean flavors utilizing fresh, area-grown ingredients. Innovative restaurateurs and chefs similarly reel in patrons with Floribbean-flavored seafood fare, while keeping true to down-home Florida favorites.

Don't be fooled by the plethora of super lean model types you're likely to see posing throughout Miami. Contrary to popular belief, dining in this city is as much a sport as the in-line skating on Ocean Drive. With over 6,000 restaurants to choose from, dining out in Miami has become a passionate pastime for locals and visitors alike. Its star chefs have fused Californian-Asian with Caribbean and Latin elements to create a world-class flavor all its own: Floribbean. Think mango chutney splashed over fresh swordfish or a spicy sushi sauce served alongside Peruvian ceviche.

Whatever you're craving, Miami's got it—with the exception of decent Chinese food and a New York-style slice of pizza. On the mainland—especially in Coral Gables, and, more recently, downtown and on Bricke",False
Q490,Milan,"thumb|The [[Antica trattoria Bagutto in Milan, the oldest restaurant in Italy and the second oldest in Europe.]]
Like most cities in Italy, Milan has developed its own local culinary tradition, which, as it is typical for North Italian cuisines, uses more frequently rice than pasta, butter than vegetable oil and features almost no tomato or fish. Milanese traditional dishes include cotoletta alla milanese, a breaded veal (pork and turkey can be used) cutlet pan-fried in butter (similar to Viennese Wiener Schnitzel). Other typical dishes are cassoeula (stewed pork rib chops and sausage with Savoy cabbage), ossobuco (braised veal shank served with a condiment called gremolata), risotto alla milanese (with saffron and beef marrow), busecca (stewed tripe with beans), mondeghili (meatballs made with leftover meat fried in butter) and brasato (stewed beef or pork with wine and potatoes).

Season-related pastries include chiacchiere (flat fritters dusted with sugar) and tortelli (fried spherical cookies) for Carnival, colomba (glazed cake shaped as a dove) for Easter, pane dei morti (""bread of the (Day of the) Dead"", cookies flavoured with cinnamon) for All Souls' Day and panettone for Christmas. The salame Milano, a salami with a very fine grain, is widespread throughout Italy. Renowned Milanese cheeses are gorgonzola (from the namesake village nearby), mascarpone, used in pastry-making, taleggio and quartirolo.

The comune of San Colombano al Lambro, located about south-east of Milan, is home to the Denominazione di origine controllata (DOC) wine which includes 100 hectares (250 acres) producing a single red wine. The finished wine must attain a minimum alcohol level of 11% to be labelled with the San Colombano DOC designation.P. Saunders Wine Label Language pg 198 Firefly Books 2004 

Milan is well known for its world-class restaurants and cafés, characterised by innovative cuisine and design. , Milan has 157 Michelin-selected places, including three 1-Michelin-starred restaurants; these include Cracco, Sadler and il Luogo di Aimo e Nadia. Many historical restaurants and bars are found in the historic centre, the Brera and Navigli districts. Milan is home to the oldest restaurant in Italy and the second in Europe, the Antica trattoria Bagutto, which has existed since at least 1284. One of the city's oldest surviving cafés, Caffè Cova, was established in 1817.La Pasticceria Cova di Milano: tradizione ed eleganza dal 1817 MilanoPocket.it In total, Milan has 15 cafés, bars and restaurants registered among the Historical Places of Italy, continuously operating for at least 70 years.",False
Q37836,Milwaukee,"==Eat==

With its immigrant heritage, Milwaukee is a major restaurant city. Good local restaurants serve almost every kind of food imaginable, usually quite cheaply. Different neighborhoods have different specialities when it comes to food.

*Old World Third St along (and just west of) the Milwaukee River provides a richer variety of restaurants and also many of the more upscale restaurants (and clubs) in town. Traditional Germanic and Mediterranean foods are the highlights.
*Milwaukee St, between Wisconsin and Wells Sts., offers many trendy and top rated restaurants in the city as well as an upscale nightlife for the after dinner drink.
*The east side also has many nice restaurants, bakeries, and cafes. Most places are clustered on Farwell, North, or Brady Streets.
*The Fifth Ward and South Side contain many different authentic and cheap Mexican and Latin American restaurants.
*Bay View has a variety of different kinds of places, especially with regards to ""hip"" comfort food.

*
*
*
*
** 
** 

The majority of mid-range, non-chain places in Downtown are on Milwaukee Street or near Cathedral Square east of the river.

On the East Side, you can head over to the intersection of North and Farwell Avenues, where you'll find local favorites like Beans & Barley (healthy/organic), Pizza Man (burned to the ground in early 2010), and Von Trier's (German).
A bit farther up Oakland Ave, near Locust Street (near the UW-Milwaukee Campus), you'll find an exciting variety of restaurants including the, Sharazad (Middle Eastern), Thai Kitchen, and Oakland Gyros (Greek).

The Third Ward has many places, some with river-side seating in the summer. Coquette Cafe, on Milwaukee Street, is the owned by the same chef as the critically acclaimed Sanford.

Kinnickinnic Avenue in Bay View is also lined with different places, including local favorite Lulu (at Howell), and Honeypie (Midwestern comfort food with locally sourced ingredients).

National Avenue around 6th Street has several Mexican restaurants, although they can also be found throughout the entire south side.

* 
*
* 
* 

*
*
*
*
*
*

Part of Milwaukee’s food culture is high expectations and hard-set habits when it comes to bread and sweets. Eat your way through Milwaukee immigrant history, without even having a meal.

*
*
*

thumb|250px|Leon's Custard Drive-In
Of course the largest city in America’s Dairyland has perfected its own style of turning milk into frozen enjoyment. Custard is not-your-daddy’s soft-serve. Its thick- made fresh with egg yolks and lots of cream so there are only a few flavor choices: vanilla, flavor of the day, and maybe chocolate. Oh, and don’t call it ice cream.

*
*
*

There are a handful of other places to get custard in and around the city. Most people have a favorite but will settle for anything, it's hard to go wrong.
*",False
Q36091,Minneapolis,"==Eat==
See the Districts articles for more listings.
350px|thumb|Jucy Lucy from Matt's Bar in South Minneapolis
* Don't miss Nicollet Avenue's Eat Street for a variety of ethnic fare; it is particularly heavy on Southeast Asian options. Options include Quang and Jasmine Deli for Vietnamese and the Black Forest Inn for German cuisine. The Vietnamese restaurants are incredibly cheap ($5-10 per person) and have received consistently exuberant reviews since their openings.
* The Dinkytown and Stadium Village areas near the University of Minnesota have great offerings mostly catering to the collegiate crowd. Plenty of Americanized Chinese and cheap burgers-and-fries joints.
* Midtown is home to the Midtown Global Market, operating on the first floor of what used to be a large Sears store. It is now home to a variety of cafes and restaurants from all around the world. Favorites like Holy Land Deli and Bakery, Andy's Garage, and several restaurants from around the city have opened satellite locations here. Mercado Central is another indoor market featuring several Mexican eateries. Outside of the markets, plenty of Mexican and other Latin restaurants dot the Lake Street strip.
* Northeast contains a wide variety of establishments. Old Saint Anthony is home to decades-old Eastern European mainstays like Kramarczuk's Deli. Closer to Central and Lowry you can find well-regarded Middle Eastern eateries like Holy Land and Crescent Moon and Mexican restaurants such as Taco Riendo and Adelita's.

Food trucks have also become very popular throughout the twin cities. On weekends during the summers (approx. May- Oct) they can be found at the variety of neighborhood farmer's markets, including Midtown, Kingsfield, Linden Hills, and Northeast.

Traditional foods associated with Minnesota, including hotdish (casserole) and lutefisk (a Norwegian fish delicacy) are rarely found in restaurants. However, one uniquely Minneapolitan item that can be easily located is the Juicy Lucy (sometimes spelled Jucy Lucy), a cheeseburger variation in which the cheese is cooked inside two molded-together meat patties rather than on top. The cheese inside the burger is gooey and piping hot. While the origin, and spelling, of the Juicy Lucy is disputed, popular places to order a Juicy Lucy include Matt's Bar and the 5-8 Club in South Minneapolis, and a short distance across the river in Saint Paul at the Nook, among others.",False
Q217,Moldova,"==Eat==
Chișinău is a good place for gourmands. There are a lot of good places to eat all over Chișinău.

Cheap, tasty food that is very popular with the locals is served in most places. For better service and more diverse food, there are a lot of small restaurants and cafés. Good restaurants have prices comparable to those elsewhere in Europe. For a quick lunch, fast food and pizza shops are recommended; these can be found at nearly every corner. For groceries, there are small shops all over. Some are even in front of apartment blocks just a few steps away from the entrances. For harder-to-find items, go to the supermarkets. For fresh fruits and vegetables, markets are a great place to shop. Most of the products are local, but there are a lot of sellers who to sell imported stuff, mostly oranges, bananas and other tropical fruits and vegetables. Meat and meat products are best purchased from supermarkets or shops. The quality is much better than from the market, and the prices aren't much higher.

While in Moldova, make sure you try at least some of the traditional dishes: Mămăligă, plăcintă and sarmale are essential for a complete experience during your visit to Moldova. For the full experience these should be accompanied by homemade wine.",False
Q235,Monaco,"thumb|right|Espresso at Café de Paris, Monte Carlo

The cuisine of Monaco is a Mediterranean cuisine shaped by the cooking style of Provence and the influences of nearby northern Italian and southern French cooking, in addition to Monaco's own culinary traditions.John J. B. Anderson and Marilyn C. Sparling, The Mediterranean Way of Eating: Evidence for Chronic Disease Prevention and Weight Management (Florida: CRC Press, 2015) 16.

Two famous restaurants in Monaco include the Le Louis XV, currently with three Michelin stars, and the Café de Paris. The Café de Paris is next to the Casino and first opened in 1868, though it has been renovated several times over its lifetime.",False
Q711,Mongolia,"==Eat==

thumb|The Mongolian trifecta: khuushuur fried dumplings on the left, buuz steamed dumplings on the right, and pieces of boiled mutton on top

Anywhere you find people in Mongolia, you will also smell the scent of boiled mutton, the principal dish of Mongolia. A typical herder in the countryside will eat little else, flavored only with a little salt. Vegetables and spices are very limited, and even flour may be in short supply, since the climate is poorly suited to agriculture.

Restaurants, canteens and tea shops in Mongolia also have a mutton-centric menu, revolving around three dishes:
* buuz (бууз) &mdash; Steamed dumplings stuffed with meat, often called the national dish of Mongolia. Derived from the Chinese baozi. A set of 6 usually costs 1,200-2,000&nbsp;₮.
* khuushuur (хуушууp) &mdash; Deep-fried stuffed flatbread with meat and onion, originally a festive dish but now ubiquitous. 3 or 4 will fill you up.
* tsuivan (цуйван) &mdash; Fried noodles with meat and a few token vegetables, often served with ketchup on the side. Around 2,000-4,000&nbsp;₮ a serve.

Horse, yak and beef are also eaten, and dairy products like byaslag (бяслаг), a mild, paneer-like fresh cheese, and öröm (өрөм), clotted cream, are also common. Aaruul (ааруул) dried curds are also a common snack: these are typically rock hard and have to be eaten by slowly dissolving them in your mouth, which eventually turns them into lumps of cheesy putty.

thumb|Preparing a marmot as boodog

For special occasions, boodog (боодог) or goat/marmot barbecue, is particularly worth experiencing. For about 15,000-20,000&nbsp;₮, a nomad will head out with his gun, shoot a marmot or a goat, and then cook it for you without a pot: the meat, vegetables, water and stones are cooked inside the skin of the animal. They skin it very carefully, and then tie off the holes at the legs and back side, put the food and hot stones inside, tie off the throat, and let it cook for about 30 minutes. Though rare, with only 692 cases of marmot plague recorded between 1928 to 2018, the Tarbagan marmot is known to carry the bubonic plague, but fatal cases tend to be those that partake in the consumption of raw marmot organs that are sometimes eatern separately from the boodog.

Along the same lines is khorkhog (xopxoг), made of mutton, which is prepared like so: build a fire; toss stones into fire until red hot; place water, hot stones, onions, potatoes, carrots, and, finally, mutton chops, into a large vacuum-sealed kettle; let the kettle simmer over a fire for 30-60 minutes; open kettle carefully, as the top will inevitably explode, sending hot juices flying everywhere; once the kettle is opened, and all injuries have been tended to, eat contents of kettle, including the salty broth. This cooking method makes mutton taste tender and juicy, like slow-roasted turkey. Ask your guide if he or she can arrange one (but only during summer).

Ulaanbaatar has a cosmopolitan scene with plenty of international op",False
Q6022566,Monte Águila,== Eat ==,False
Q236,Montenegro,"thumb|Foods from Montenegro

The first major influences to Montenegrin cuisine came from the Levant and Turkey: sarma, musaka, pilav, pita, gibanica, burek, ćevapi, kebab, đuveč, and Turkish sweets such as baklava and tulumba. Hungarian cuisine influences stews and sataraš. Central European cuisine is evident in the prevalence of crêpes, doughnuts, jams, many types of biscuits and cakes, and various kinds of breads. Montenegrin cuisine also varies geographically; with the cuisine in the coastal area differing from that of the northern highland region. The coastal area is traditionally a representative of Mediterranean cuisine, with seafood being a common dish. The traditional dishes of Montenegro's Adriatic coast, unlike its heartland, have been significantly influenced by Italian cuisine.Montenegro Food and Drink , Visit Montenegro",False
Q1335,Montevideo,"==Eat==
thumb|Chivito
thumbnail|Asado - South American barbecue
Potatoes, rice, salad and such is usually ordered separately. If you just order e.g. a steak as it is stated in the menu and you will literally only be served a steak. Portions are usually large. In areas frequented by tourist restaurants often offer menus with several courses.

Cover charges (cubierto) are frequent in Montevideo's restaurants. They are usually around U$50.

Typical food is:

* Meat &mdash; Uruguay is renowned for its meats, and Montevideo has many parrillas where they are grilled up to perfection. If you would like a large beef meal, you should head to Mercado del Puerto in the old town. In and around the Mercado there are several such restaurants. Good paella is also available there.
* Chivito &mdash; This is the local sandwich, made with meat and vegetables. It can be served al plato (on a plate), which means it is going to take a fork and knife to eat it. It is tastier, cheaper and much bigger than a hamburger. is one of the best places in Montevideo to get these tasty treats, as well as , and some ""Carritos"". An excellent choice is to try chivitos in .
*Milanesa &mdash; is a common meat dish mostly in South America, including Uruguay. It consists of a thin slice of veal, chicken or sometimes beef. Each slice is dipped into beaten eggs, seasoned with salt, and other condiments according to the cook's taste (like parsley and garlic). Each slice is then dipped in breadcrumbs (or occasionally flour) and shallow-fried in oil, one at a time. Some people prefer to use very little oil and then bake them in the oven as a healthier alternative. Sometimes it may include a fried egg on top.
* Fresh Pasta and Fresh Gnocchis &mdash; they are everywhere on the menus, with all types of vegetarian or meat sauces... usually a cheap, filling and delicious option!
* Desserts &mdash; In Uruguay, desserts are huge and plentiful. There is dulce de leche on almost everything and stores that sell nothing but caramels. Many places sell nothing but dessert, so pick the one with the best looking pastries and cakes and enjoy!
* Churros &mdash; Find them for sale at the ""Parque Rodó"". Try the sweet versions - they come with sugar on top, or filled with chocolate, dulce de leche or cream filling - or the cheese-filled ones.
* Pizza &mdash; There are ""pizzerías"" all around Montevideo. Most make square pizzas, a traditional form in Uruguay. ""Muzzas"" (mozzarella) are most popular.
* Fainá &mdash; made from chickpea flour and baked in the pizza oven. Quality varies among pizzerías, most delicious is the thin or ""de orillo"" part which is crunchier!

* 
* 

Sidewalk cafes are abound in the city center and along the pedestrian streets in the Ciudad Vieja.

All these are in the city center:

* 
* 
* 
* 
* 
* 

thumbnail|Mercado del Puerto

A good selection of medium level restaurants are to be found in Pocitos and Punta Carretas in the south of the city.

* 
* 
* 
*
*
* 

thumb|Bar Tabaré
* 
* 
* 
*",False
Q29364,Montgomery,"==Eat==
Montgomery's diners tend to be very basic eaters. Lunch times are often served as a ""meat and three plate"". That is where a restaurant, during the lunch hour, serves a meat course and three sides (vegetables or potatoes). It tends to be very filling (perhaps too filling) but reliable quantity and quality wise.

There seems to be a preference for corporate generic restaurants (Outback, Olive Garden, Red Lobster). If they have a franchise, Montgomery probably has one.

You need to understand a few southern cuisines when dining in Montgomery and these are applicable throughout the Alabama and Mississippi area.

Most restaurants serve ""sweet"" tea—sweetened with sugar, and may be too sweet for some. when ordering iced tea, ""unsweetened"" is also an option.

Bar-B-Que means that meat is slow cooked over a wood fire. Sauce is served seen the full range of sauces (mustard type, tomato based, Tex-Mex).

Montgomery is home for the Hyundai automobile plant. Look for several fine Korean and Pan Asian restaurants and interesting menu items.

Montgomery is in lower Alabama and you can expect, in some of the better restaurants, some Cajun influence.

* 
* 

* 
* 
* 

* 
* 
*",False
Q6441,Montpellier,"==Eat==
thumb|The righthand statue of the eastern entrance of the Place royale du Peyrou
Montpellier is very cosmopolitan for a city of its size and has a wide variety of ethnic cuisines available, in addition to traditional French food. The centre features a plethora of over-the-counter sandwich shops and similar places specializing in kebabs (nearly as many of these as there are hair salons and real estate agencies). If you're looking for the classic French cafe experience, try any one of the many bistros near La Place de la Comedie. For a good coffee in a more relaxed atmosphere, there's also a nice café near the Louis Blanc tramway stop.

Montpellier is dotted with eateries ranging from very touristy to truly authentic. Geography plays a large role here: the matrix of restaurants in the town square generally cater to visitors who are optimizing for convenience, but not for price or quality so much. Head away from the city centre—north, south, west, but generally not east—for a more genuine experience. Place St Roch, Place Jean Jaurès and a more sprawling area in the north-east of the city (near Basilique Notre Dame des Tables) seem to be areas with a high concentration of restaurants.

All these are in the city centre:

* 
* 
* 
* 
* 
* 
* 
* 
* 
* 

*
*
* 
* 

* 
* 
*",False
Q340,Montreal,"== Eat ==

thumb|240px|Wing's Chinese Noodles, Chinatown

Montreal is a culinary mecca and has a huge variety of food options, from diners and fast food to low-cost ethnic restaurants to haute cuisine. The city was ranked 2nd best dining city in North America after San Francisco and ahead of New York. The large local Jewish population has contributed local specialties including huge smoked meat sandwiches (beef brisket) (Schwartz's is the most authentic smoked meat restaurant, though this title has been challenged by a gradual slip in quality in the early 2020s) and small, crusty bagels (the undisputed classic bagel places are St-Viateur's and Fairmount Bagels). Other specialties are ""all-dressed"" pizza (pepperoni, mushrooms and green peppers), pizza and spaghetti with smoked meat, and Québécois favourites like split pea soup and poutine.

Many Montreal restaurants are ""apportez votre vin"" (bring your own wine). This may sound like a hassle, but you end up paying much less for wine with dinner if you bring it yourself. There's usually a SAQ (government liquor store) or a dépanneur (convenience store, with a limited selection of typically inexpensive wine) nearby; ask your waiter where it is. Your waiter will open your wine for you; corkage fees are rare, but don't forget to factor this service into your tip so make sure to ask. If you are driving from the United States, you may find Canadian liquor prices quite frightening. Even the duty-free shops along the border are rarely cheaper than an American liquor store (although these are still cheaper than the SAQ). Visitors can bring in 40oz of hard alcohol, 1.5L of wine, or a 24-pack of beer.

Separate bills (la facture in French) are common and you may be asked ensemble ou séparément? (together or separately?) The standard tip for acceptable restaurant service is 15% and is not included.

Never call a waiter ""garçon""! Use ""monsieur"" or ""madame"".

There are several foods that are specialties of the city: 
*The Montreal-style bagel, which is a little denser and sweeter than its New York City counterpart. Bagel worshippers flock to St-Viateur Bagel and Fairmount Bagel, and pontificate about which is better. Both are within blocks of each other in the Plateau Mont-Royal district, on Saint-Viateur and Fairmount streets, respectively. A fresh bagel hot from the oven of either establishment is one of the great joys in life. 
*Montreal-style smoked meat, a type of corned beef, distinct from other forms such as pastrami, is available at many restaurants, but by far the most highly esteemed is that available at Schwartz's on the Main (Boulevard Saint-Laurent) in the Plateau Mont-Royal district. Traditionally it's served as a sandwich, in heaping portions and slathered with mustard, but you'll also see it as a topping on pizza, poutine, hot dogs, or spaghetti, or even incorporated into Chinese-style egg rolls (a specialty of Chenoy's, a local chain of delis). Other well-known local smoked meat restaurants inc",False
Q1028,Morocco,"thumb|Moroccan [[Couscous]]
Moroccan cuisine is considered one of the world's most-diversified cuisines. This is a result of the centuries-long interaction of Morocco with the outside world. The cuisine of Morocco is mainly a fusion of Moorish, European, and Mediterranean cuisines. Spices are used extensively in Moroccan cuisine. While spices have been imported to Morocco for thousands of years, many ingredients such as saffron from Tétouan, mint and olives from Meknes, and oranges and lemons from Fez, are home-grown.

Chicken is the most widely-eaten meat in Morocco. The most commonly eaten red meat in Morocco is beef; lamb is preferred but is relatively expensive. Couscous, the national delicacy, is the main internationally-known Moroccan dish.""Moroccan Couscous Recipe"" . Maroccan Kitchen Recipes (Website). Retrieved 1 April 2014. Beef is the most commonly eaten red meat in Morocco, usually eaten in a tagine with vegetables or legumes. Chicken is also very commonly used in tagines; one of the most famous tagine is the tagine of chicken, potatoes and olives. Lamb is also consumed, but as Northwest African sheep breeds store most of their fat in their tails, Moroccan lamb does not have the pungent flavour that Western lamb and mutton have. Poultry is also very common, and the use of seafood is increasing in Moroccan food. In addition, there are dried salted meats and salted preserved meats such as kliia/khlia and ""g'did"" which are used to flavour tagines or used in ""el ghraif,"" a folded savory Moroccan pancake.

Among the most famous Moroccan dishes are Couscous, Pastilla (also spelled Bsteeya or Bestilla), Tajine, Tanjia and Harira. Although the latter is a soup, it is considered a dish in itself and is served as such or with dates especially during the month of Ramadan. Pork consumption is forbidden in accordance with Sharia, religious laws of Islam.

A part of the daily meal is bread. Bread in Morocco is principally from durum wheat semolina known as khobz. Bakeries are very common throughout Morocco and fresh bread is a staple in every city, town and village. The most common is whole grain coarse ground or white flour bread. There are also a number of flat breads and pulled unleavened pan-fried breads. The most popular drink is ""atay,"" – green tea with mint leaves and other ingredients.",False
Q649,Moscow,"==Eat==
thumb|255px|Russian borsch

Dining establishments in Moscow range from food stalls near metro stations to quick canteen-style 'Stolovaya' eateries to American-style fast food chains to overpriced restaurants catering to tourists to high-end restaurants where you can spend .

Restaurants and cafes promising ""European and Caucasus cuisine"" generally cater to tourists and are usually bad; seek a restaurant that specializes in a single region instead (Georgian, Russian, Italian, French, etc.).

Many small restaurants offer lunch specials costing . These deals are valid from 12:00 to 15:00 and include a cup of soup or an appetizer, a small portion of the main dish of the day, bread and a non-alcoholic beverage.

For information on tipping in restaurants, see Russia#Eat.

Authentic ethnic food from countries of the nearby Caucasus (Azerbaijan, Georgia, Armenia) is common in Moscow. Japanese food, including sushi, rolls, tempura, and steakhouses are very popular in Moscow. Other Asian cuisines including Vietnamese, Thai, and Chinese are becoming increasingly more common.

Free-standing kiosks serving sausages, meat pies, or kebobs are plentiful, although the origins of the meat served is questionable and the food has been known to occasionally make people sick.

Muscovites are also fond of their ice cream, consumed in any weather, even in the dead of winter, cheap and usually of superior quality; kiosks can be found all over the center and near all Metro stations.

* Burger King and Rostics have locations near almost every shopping mall. It is common to pay extra for condiments.
* Black Star Burger - Restaurant chain specializing in burgers with locations throughout Russia.
* Kroshka-Kartoshka – These green kiosks sell microwave-baked potatoes as well as toasted sandwiches and a few drinks. Hot and filling, but rather expensive for a potato.
* Riksha Ivan (""Ivan the Rickshaw"") – Quick Chinese-like cuisine; fried rice with meat to go.
* Teremok – This chain started as a fast-food specialized on blinchiki, Russian crepes that come with a variety of fillings, with somewhat national old-fashon touch towards style and cuisine. Teremok is one of the cheapest chains offering a proper quality 3-course meals, including a soup, a main dish with a salad and a dessert. The drinks are overpriced, but not unreasonably so.
* Kruzhka – Serves cheap food and mugs of beer. 20 locations around Moscow. The menu is relatively simple, consisting mainly of types of kebab and shawarma, with fries. Sports events are on often shown on televisions or a big screen.
* Prime Star – Specializing in natural food such as sandwiches and salads. for a cold soup, salad, and beverage.
* Dodo Pizza - Chain restaurant specializing in pizza and pasta with locations throughout Russia. They also offer delivery.

Known as столовая (stolovaya) in Russian, in these establishment, you take a tray, move along a counter with food (either taking the dishes yourself or asking the staff to give",False
Q1029,Mozambique,"thumb|[[Caril de amendoim, a Mozambican peanut curry]]

thumb|Photo of chicken piri piri
With a nearly 500-year presence in the country, the Portuguese have greatly influenced Mozambique's cuisine. Staples and crops such as cassava (a starchy root of Brazilian origin) and cashew nuts (also of Brazilian origin, though Mozambique was once the largest producer of these nuts), and pãozinho (pronounced , Portuguese-style buns), were brought in by the Portuguese. The use of spices and seasonings such as bay leaves, chili peppers, fresh coriander, garlic, onions, paprika, red sweet peppers, and wine were introduced by the Portuguese, as were maize, potatoes, rice, and sugarcane. espetada, the popular inteiro com piripiri (whole chicken in piri-piri sauce), prego (steak roll), pudim (pudding), and rissóis (battered shrimp) are all Portuguese dishes commonly eaten in present-day Mozambique.",False
Q1156,Mumbai,== Food ==,False
Q2742,Münster,"==Eat==
There is a huge choice of restaurants. The cuisine of almost every country in the world is represented.

* 
* 
* 
* 
* 
* 
* 
* 

* 
* 
* 

* 

* 
* 
* 
* 
* 
*",False
Q836,Myanmar,"Burmese cuisine is characterised by extensive use of fish products such as fish sauce, ngapi (fermented seafood), and dried prawns. Mohinga is the traditional breakfast dish and is Myanmar's national dish. Seafood is a common ingredient in coastal cities, while meat and poultry are more commonly used in landlocked cities like Mandalay. Freshwater fish and shrimp have been incorporated into inland cooking as a primary source of protein and are used in a variety of ways, fresh, salted whole or filleted, salted and dried, made into a salty paste, or fermented sour, and pressed. Burmese cuisine also includes a variety of salads (a thoke), centred on one major ingredient, ranging from starches like rice, wheat and rice noodles, glass noodles and vermicelli, to potato, ginger, tomato, kaffir lime, long bean, and lahpet (pickled tea leaves).",False
Q3870,Nairobi,"In Nairobi, there are a range of restaurants. Besides being home to nyama choma which is a local term used to refer to roasted meat, there are American fast food restaurants such as KFC, Subway, Domino's Pizza, Pizza Hut, Hardee's and Burger King, and the longer established South African chains, Galito's, Steers, PizzaMojo, and Spur Steak Ranches. 

Coffee houses, doubling up as restaurants and mostly frequented by the upper middle classes, such as Artcaffe Nairobi Java House and Dormans, have become increasingly popular in recent days. Traditional food joints such as the popular K'osewe's in the city centre and Amaica, which specialize in African delicacies, are widespread. 

The Kenchic franchise which specialized in old-school chicken and chips meals was popular, particularly among the lower classes and students, with restaurants all over the city and its suburbs. However, as of February 2016, Kenchic stopped operating its eatery business. Upscale restaurants often specialize in specific cuisines such as Italian, Lebanese, Ethiopian, and French, but are more likely to be found in five star hotels and the wealthier suburbs in the West and South of the city.

Nairobi has an annual restaurant week (NRW) at the beginning of the year, January–February. Nairobi's restaurants offer dining packages at reduced prices. NRW is managed by Eatout Kenya which is an online platform that lists and reviews restaurants in Nairobi, and provides a platform for Kenyan foodies to congregate and share.",False
Q1030,Namibia,"==Eat==

Namibians have a very high intake of meat, and a low intake of vegetables. This has to do with the semi-arid climate; agriculture almost exclusively is cattle, sheep, and goat farming while edible plants only grow when irrigated. As a result, meat is good, cheap, and plentiful, while fruits and vegetables tend to be expensive as a lot of produce is imported from neighbouring states.
A very popular way to eat and socialise is the braai, a mixed wood-fired barbecue with lots of alcoholic drinks. Every campsite, every lodge, and every domestic home has pre-installed braai facilities.

thumb|The Fork'n'Nice food lorry on the beach in [[Swakopmund. Try its fish and chips.]]
In the coastal towns seafood is fresh and inexpensive. Make sure you try the local specialities kingklip and sole. Hake is also available and cheap. Restaurants will often offer line fish or angel fish which is simply what the fishermen managed to haul out from the sea—do ask what kind of fish it is before ordering. Inland, fish is also served in restaurants but how fresh it is is a matter of luck. Of course it has been frozen during the transport across the Namib Desert; if you don't like that then order something else.

All towns have supermarkets with all standard products, although most fruits and vegetables are imported and therefore rather expensive. Shops in villages will have very little fresh produce. Even if they have cold storage it will mostly be used for drinks. Far away from bigger towns tomatoes, onions, potatoes and apples is all you can hope for, and mostly not at once. Also buying meat can be a challenge unless you are prepared to take the whole animal. Travellers usually take along mobile fridges, or at least several coolboxes, to complement the restricted offer. Cooler boxes are so ubiquitous that there is a local viral video about them.

Of the local food specialities these are the ones you should try. You get them on any open market and in some specialised restaurants:
* Kapana: Grilled beef strips as a snack. If you don't like it spicy, say so, otherwise it will be very hot.
* Biltong and droewors: spiced and marinated dried meat, in its original form or as sausage. Perfect snack for long overland drives.
* Goat meat: Stewed or grilled, very rich flavour, you pay per piece. So before you have picked your pieces you will not be told a price.
* Matangara: Beef (sometimes goat) tripes in a tangy sauce, can be hot. Matangara is so popular that you can buy it pre-cooked in the supermarket.
* Maize or Mahangu (pearl millet) pap: Types of porridge, the national staple food. Only suitable for meals with sauce; On its own it doesn't go down well.
* Junkies or vetkoek: Dough dumplings fried in oil, as a staple for meat, or sweet
* Rosterbrood: dough rolls baked on the braai, very rich and slightly sweet. The perfect side for grilled meat
* Wild spinach (omboga): Flavourful spinach that grows as a weed in mahangu fields. As all food from the North it is invaria",False
Q16666,Nanjing,"==Eat==
250px|thumb|Xiaolongbao (left) and Duck blood and vermicelli soup (right)
Local specialties include xiaolongbao (小笼包), thin skinned dumplings filled with soup and meat, that are served steaming hot in baskets and tangbao (汤包), which are similar, but much larger and filled with crab meat and soup. The soup in these is drank with a straw. Another local specialty is salted duck (盐水鸭 yán shuǐ yā), which is a whole duck that is pickled, boiled and then served cold. Restaurants serving these can be found all over Nanjing usually in small hole in the wall restaurants or dining halls (餐厅) for cheap. You'll usually be able to find them served alongside yaxue fensi duck blood noodles (鸭血粉丝) another local specialty.

*Nanjing has dozens of small noodle (miantiao), wonton (hundun), and pot sticker (jiaozi) shops on many of its streets. Qingdao Lu, a secondary street running northbound before the intersection of Shanghai Lu and Guangzhou Lu has a few excellent miantiao shops, including a Hui restaurant (Hui are a Chinese ethnic group that practices Islam), which serves only mutton and beef. Here, a massive bowl of hot soup and noodles will only cost you about ¥8. The area closer to Nanjing University has plenty of good, cheap eats, including a series of jiaozi vendors. At most Jiaozi shops you order and pay at the cashier desk by the entrance and you'll be given a ticket which you must take to the serving window. There are so many of these shops that it's not worth mentioning specific ones; just walk around and go into anywhere that looks good.
*If it's late-night munchies you're after, just head down any small backstreet and follow your nose and you're sure to find a small BBQ joint. These smokey little restaurants offer spicy meat kebabs (usually beef or lamb) along with BBQ'd vegetables, bread, fish and even sticky-rice balls and also serve beer starting at about ¥4 per bottle. Look for 真火烧烤 on baidu maps for a cheap and authentic Chinese BBQ experience, or 丽哲韩式烧烤 in the alley across from the gas station near the east gate of Nanjing Normal University for a more upscale Korean version.
*Street food is safe, cheap, and tasty. Just walk around the streets after 22:00 and you'll inevitably find some barbecue, wonton, fried noodles, or fried rice. In the Nanjing University Gulou Campus area, three great spots are on the intersection of Ninghai Road and Hankou Xi Road (宁海路和汉口西路) near the east gate of Nanjing Normal University, at the south gate of Nanjing University on Guangzhou Road (南京大学鼓楼校区广州路校门), and on Hankou road (汉口路) between the two gates of Nanjing University. Anywhere with more than 4-5 carts should have some tables to sit at and some bottled beer.
*If you can't read Chinese and you're a bit picky on what you eat, there's an excellent restaurant called A Simple Diet, located just off Hunan Road (next to McDonald's). Here they have taken the Japanese innovation of recreating the menu items in plastic so that you can simply point and order. You'",True
Q12191,Nantes,"== Eat ==
 thumb | 300px | Stylish dining at La Cigale 

: Some cafés and crêperies offer affordable prix-fixe menus for lunch. Try the local galettes de sarrasin, buckwheat crêpes.
* 
* 
* 
* 
* 
* 
* 

* 
* 
* 
* 
* 

* 
* 
*",False
Q2634,Naples,"thumb|[[Neapolitan pizza. Pizza was invented in Naples.]]
thumb|[[Sfogliatella, a popular Neapolitan pastry dish]]

Naples is internationally famous for its cuisine and wine; it draws culinary influences from the numerous cultures which have inhabited it throughout its history, including the Greeks, Spanish and French. Neapolitan cuisine emerged as a distinct form in the 18th century. The ingredients are typically rich in taste while remaining affordable to the general populace.

Naples is traditionally credited as the home of pizza. This originated as a meal of the poor, but under Ferdinand IV it became popular among the upper classes: famously, the Margherita pizza was named after Queen Margherita of Savoy after her visit to the city. Cooked traditionally in a wood-burning oven, the ingredients of Neapolitan pizza have been strictly regulated by law since 2004, and must include wheat flour type ""00"" with the addition of flour type ""0"" yeast, natural mineral water, peeled tomatoes or fresh cherry tomatoes, mozzarella, sea salt and extra virgin olive oil.""Proposal of recognition of the Specialita' Traditionale Garantita 'Pizza Napoletana'"" . Forno Bravo. 24 May 2004. Retrieved 27 November 2011.

Spaghetti is also associated with the city, and is commonly eaten with clams vongole or lupini di mare. A popular Neapolitan folkloric symbol is the comic figure Pulcinella eating a plate of spaghetti. Other dishes popular in Naples include Parmigiana di melanzane, spaghetti alle vongole and casatiello. As a coastal city, Naples is furthermore known for numerous seafood dishes, including impepata di cozze (peppered mussels), purpetiello affogato (octopus poached in broth), alici marinate (marinated anchovies), baccalà alla napoletana (salt cod) and baccalà fritto (fried cod), a dish commonly eaten during the Christmas period.

Naples is well known for its sweet dishes, including colourful , which is similar to ice cream, though more fruit-based. Popular Neapolitan pastry dishes include , , and , the latter of which is prepared specially for Easter celebrations. Another seasonal sweet is struffoli, a sweet-tasting honey dough decorated and eaten around Christmas. Neapolitan coffee is also widely acclaimed. The traditional Neapolitan flip coffee pot, known as the cuccuma or cuccumella, was the basis for the invention of the espresso machine, and also inspired the Moka pot.

Wineries in the Vesuvius area produce wines such as the Lacryma Christi (""tears of Christ"") and Terzigno. Naples is also the home of limoncello, a popular lemon liqueur.

In May 2024, Time Out has named Naples the best city for food.",False
Q23197,Nashville,"==Eat==
The dominant local grocery chains in Nashville are Kroger, Publix, and Aldi. The city is also dotted with dozens of ethnic groceries, especially Hispanic, Kurdish, Indian and Vietnamese, around Nolensville Pike. For organic and/or specialty grocery stores, Whole Foods Market, Trader Joe's, and Fresh Market also have locations throughout the city.

:Downtown
* 
* 
* 

:Midtown

* 

:* 
:* 
* 

:Eastern

* 

:Southeastern
* 
:Western
thumb|Loveless Cafe
* 
* 
* 

:* 
:* 

* 
* 

thumb|B.B. King’s Blues Club

* 
* 

* 
* 
* 

* 

* 

*",False
Q2467,Nassau,"==Eat==
Get out of the hotel and try real Bahamian fare. You can get greasy fish, sides and desserts at one of the holes-in-the-wall in downtown Nassau for around $8. On the upscale side, there's no shortage of waterside seafood restaurants where it would be easy to part with $50 for an excellent piece of lobster. Sbarro, McDonald's and Chinese restaurants are mixed in to satisfy the budget diner or someone who has had enough conch.

* 

*",False
Q697,Nauru,"thumb|Fishing in Buada Lagoon, Nauru (1938)
For Nauru residents today, all food must also be imported because of the loss of 90% of arable land due to phosphate mining, leaving people with a diet of mainly processed foods, such as rice and sugar. Though residents are trying to salvage the soil that they can, some researchers speculate that there will be no regeneration of soils even after the mining ceases. The country's dependence on processed and imported foods along with ""cultural, historical, and social factors"" have greatly affected the health of its citizens. Despite having all food imported, the Household and Income Expenditure Survey (HIES) conducted for the year of 2012–2013 found that Nauruans have a food poverty incidence rate of 0, based on the Food Poverty Line (FPL) which ""includes a daily intake of 2,100 calories per adult per day"".",False
Q37400,Naypyidaw,"== Eat ==
*",False
Q430776,Nazareth,"==Eat==
The city’s many restaurants provide a full gastronomic experience in all types of Arab cuisine. Any visit to Nazareth must allow time to enjoy to the full the renowned and delicious local tradition of welcoming diners. Note, Nazareth's kenafeh is by far not as good as in Nablus.

* 
*",False
Q837,Nepal,"==Eat==

thumb|Dal bhat tarkari
The Nepali national meal is daal-bhaat-tarkaari. It is spiced lentils poured over boiled rice, and served with tarkari: vegetables cooked with spices. This is served in most Nepalese homes and teahouses, two meals a day at about 10:00 and 19:00 or 20:00 If rice is scarce the grain part may be cornmeal mush called aata, barley, or sukkha roti (whole wheat 'tortillas'). The meal may be accompanied by dahi (yogurt) and a small helping of ultra-spicy fresh chutney or achaar (pickle). Traditionally this meal is eaten with the right hand. Curried meat, goat or chicken, is an occasional luxury, and freshwater fish is often available near lakes and rivers. Because Hindus hold cattle to be sacred, beef is not part of traditional Nepali cuisine, but can still be obtained for a high price in some expensive restaurants. Buffalo and yak are eaten by some but considered too cow-like by others. Pork is eaten by some tribes, but not by upper-caste Hindus. As in India, there are some communities and tribes that are vegetarian.

Outside the main morning and evening meals, a variety of snacks may be available. Tea, made with milk and sugar is certainly a pick-me-up. Corn may be heated and partially popped, although it really isn't popcorn. This is called ""kha-jaa"", meaning ""eat and run"". Rice may be heated and crushed into ""chiura"" resembling uncooked oatmeal that can be eaten with yogurt, hot milk and sugar, or other flavourings. Fritters called 'pakora' and turnovers called ""samosa"" can sometimes be found, as can sweets made from sugar, milk, fried batter, sugar cane juice, etc. Be sure such delicacies are either freshly cooked or have been protected from flies. Otherwise flies land in the human waste that is everywhere in the streets, then on your food, and so you become a walking medical textbook of gastrological conditions.

Because of the multi-ethnic nature of Nepali society, differing degrees of adherence to Hindu dietary norms, and the extreme range of climates and micro-climates throughout the country, different ethnic communities often have their own specialties.

Newars, an ethnic group originally living in the Kathmandu Valley, are food-lovers who lament that feasting is their downfall, whereas sexual indulgence is said to be the downfall of Pahari Chhetri. In the fertile Kathmandu and Pokhara valleys there is more variety in ingredients, particularly vegetables, than what is available in most of the hills. As such, Newari cuisine is quite distinct and diverse relatively compared to the other indigenous regional cuisines of Nepal, so watch for Newari restaurants. Some of them even come with cultural shows: a good way to enjoy good food while having a crash-course in Nepalese culture.
thumb|Momo
The cuisine of the Terai lowlands is almost the same as in adjacent parts of India. Locally-grown tropical fruits are sold alongside subtropical and temperate temperate crops from the hills. In addition to bananas ('kera') and pap",False
Q55,Netherlands,"==Eat==

thumb|right|A fancy serving of herring at a restaurant

The Netherlands is not known for its cuisine, as it is simple and straightforward. A conventional Dutch meal consists of meat, potatoes and some type of vegetable on the side. The country's food culture is best described as rustic. High in carbohydrates and fat, the country's food culture reflects the dietary need of farm laborers, but as society moved on to work in the services sector, its food culture has remained largely the same. The Dutch national dish is stamppot, potatoes mashed with one or several vegetables. The variety with endive and bacon is considered the most traditional. Hutspot is a variety with carrots and onions.

Dutch cuisine differs strongly by region. Western cuisine is known for its many dairy products, including prominent cheeses such as Gouda, Edam, Leerdammer and Beemster. Being a coastal region, it has a seafood culture best represented by soused herring (haring), usually served with chopped onion and occasionally plopped into a bun (broodje haring). Northeastern cuisine is oriented towards meat due to the relative lack of agriculture in this region. Metworst, a dried sausage, is particularly prized for its strong taste, and Gelderse rookworst, a traditional smoked sausage, became an institution for the country as a whole and is often served together with stamppot. In the province of Zeeland, you can find the best mussels.

Southern cuisine is historically influenced by the Dukes of Burgundy, who ruled the Low Countries in the Middle Ages and were renowned for their splendour and great feasts. As such, it is renowned for its many rich pastries, soups, stews and vegetable dishes. It is the only Dutch region that developed an haute cuisine that forms the base of most traditional Dutch restaurants. Typical main courses are biefstuk, varkenshaas, and ossenhaas, premium cuts of pork or beef.

Dutch people are generally not proud of their cuisine, but highly praise their sweet treats. Dutch pancakes (pannenkoeken), which are either sweet (zoet) or savoury (hartig) come in a variety of tastes, like apple, syrup, cheese, and bacon. Poffertjes are small, slightly leavened pancakes with butter and powdered sugar. Both are served in restaurants specifically dedicated to them. Syrup waffles (stroopwafels), two thin layers with syrup in between, are made fresh in most street markets and specialist stalls.

Sandwiches are consumed for breakfast and lunch. Those made in bakeries with aged Gouda cheese with or without butter are delicious. Chocolate sprinkles (hagelslag) on top of buttered slices of bread are a popular Dutch start of the day. Although food habits are changing, a simple bread roll with butter and a slice of cheese or ham is still the daily lunch for the majority of Dutch people. Dutch peanut butter is considerably different from the U.S. variety. As it's less common to have hot dishes for lunch, many restaurants offer a limited menu around lunch time. In s",False
Q34404,New Orleans,"thumb|Steamship Bienville on-board restaurant menu (April 7, 1861)

New Orleans is world-famous for its cuisine. The indigenous cuisine is distinctive and influential. New Orleans food combined local Creole, haute Creole and New Orleans French cuisines. Local ingredients, French, Spanish, Italian, African, Native American, Cajun, Chinese, and a hint of Cuban traditions combine to produce a truly unique and easily recognizable New Orleans flavor.

New Orleans is known for specialties including beignets (locally pronounced like ""ben-yays""), square-shaped fried dough that could be called ""French doughnuts"" (served with café au lait made with a blend of coffee and chicory rather than only coffee); and po' boy and Italian muffuletta sandwiches; Gulf oysters on the half-shell, fried oysters, boiled crawfish and other seafood; étouffée, jambalaya, gumbo and other Creole dishes; and the Monday favorite of red beans and rice (Louis Armstrong often signed his letters, ""Red beans and ricely yours""). Another New Orleans specialty is the praline , a candy made with brown sugar, granulated sugar, cream, butter, and pecans. The city offers notable street food including the Asian inspired beef Yaka mein.",True
Q664,New Zealand,"==Eat==
thumb|Maori boil up, a soup of vegetables and pork bones
Modern New Zealand cuisine has been influenced mainly by the country's British heritage, although immigration since the 1950s has put Mediterranean and Asia-Pacific twists to it. Māori have their own distinctive traditional cuisine.

The evening meal, called dinner or tea, is considered the main meal of the day. Snack breaks between meals are referred to as morning/afternoon tea.

New Zealanders typically only go out for dinner at a restaurant on special occasions such as birthdays or on romantic dates; most don't eat out on a highly frequent basis, although it is becoming more common. New Zealanders typically don't ask for the restaurant bill at the table, but rather vacate the table and ask for the bill at the front counter or bar.

New Zealand has a distinctive café culture, with arguably some of the best espresso on the planet. Cafés often have excellent food, serving anything from a muffin to a full meal.

In smaller towns food is always available at the local pub/hotel/bistro, although the quality tends to be of the burger-and-chips variety.

Fast food and convenience food outlets are plentiful. Major international fast food chains with a presence in New Zealand include Burger King, Carl's Jr., Domino's, KFC, McDonald's, Pita Pit, Pizza Hut, Subway and Wendy's. There are a number of local fast food chains; Burger Fuel and Burger Wisconsin are both worth trying, while the American pizza chains face competition from satanic-themed local chain Hell Pizza. Chinese food in New Zealand is mostly of the Westernised takeaway variety, which is similar to that found in Australia or the United Kingdom, and can be found in many neighbourhoods and small towns. That being said, good, authentic Chinese food can be found in major cities such as Auckland, Wellington and Christchurch.

Most cafés and restaurants in New Zealand regularly cater for vegetarians, gluten-free and most single allergies. Cafés and restaurants catering for vegans and religious dietary requirements (e.g. halal, kosher) are hard to find outside the major cities.

If preparing food yourself, there are major supermarket chains: Woolworths (rebranded to Countdown), New World and Pak'nSave. If you are looking for the lowest prices, Pak'nSave is probably your best bet, but they carry a limited range of brands. Woolworths and New World both carry a full range, but keep an eye on the prices if you are on a budget. Smaller towns may have a Four Square, Fresh Choice or Super Value grocery store. There are dairies and other convenience stores throughout the populated areas.

If you want something to bring home, manuka honey is one of New Zealand's most prized exports, which is widely available in local supermarkets. There are also numerous honey farms around the country you can visit for this product.

Generally speaking, table manners in New Zealand are in line with standard European norms.

One of the most definitive guides to t",False
Q19491,Nha Trang,"==Eat==
thumb|A night market in Nha Trang, a place to sample [[street food]]
The local speciality seems to be Bánh Căn, special rice cakes mixed with egg, meat, or seafood — 6 of them go for 25–40,000 dong. But also Bánh Hỏi and Bánh Xèo can be found here and more consistently throughout the day than in Quy Nhon.

Check out nearby the Central Market — this street is spotted with many authentic local and inexpensive eateries with every one offering something different; Bánh Hỏi, snail soup, spring rolls, Cơm Tấm, Pho, drinks and more. Be careful walking this sideroad since many motorbikes take it as a speedy shortcut.

Otherwise many inexpensive places can be found around the Central Market:
* 
* 
* 
* 
* 
* 
* 

* 
* 
* 
* 

* 
*",True
Q33959,Nice,"The cuisine of Nice is especially close to those of Provence but also Liguria and Piedmont and uses local ingredients (olive oil, anchovies, fruit and vegetables) but also those from more remote regions, in particular from Northern Europe, because ships which came to pick up olive oil arrived full of food products, such as dried haddock.

The local cuisine is rich in around 200 recipes. Most famous include the local tart made with onions and anchovies (or anchovy paste), named ""Pissaladière"" and derived from the ligurian pissalandrea, a sort of pizza. Socca is a type of pancake made from chickpea flour. Farcis niçois is a dish made from vegetables stuffed with a mixture of breadcrumbs, meat (generally sausage and ground beef), and herbs; and salade niçoise is a tomato salad with baked eggs, tuna or anchovies, olives and often lettuce. Green peppers, vinaigrette, and other raw green vegetables may be included. Potatoes and green beans are not traditional components.

Local meat comes from neighbouring valleys, such as the sheep of Sisteron. Local fish, such as mullets, bream, sea urchins, anchovies and poutine/gianchetti are used to a great extent, so much so that it has given birth to a proverb: ""fish are born in the sea and die in oil"".

Examples of Niçois specialties include:
thumb|[[Salade niçoise]]
*Salade niçoise
*Pan-bagnat
*Ratatouille
*Daube
*Pissaladière
*Socca
*Barbajuan
*Tapenade
*Fougasse

thumb|Flower parade",False
Q3856,Nicosia,"==Eat==
thumb|Halloumi, one of the most famous dishes of the Cypriot cuisine
Traditional Cypriot cuisine is a melting pot of south European, Balkan and Middle Eastern influences. You will find most Greek, Turkish and Arabic dishes, often with a local name or twist. It is now decades since Cyprus has established itself as a tourist hotspot and as a consequence many of the local chefs have trained in Europe and elsewhere, bringing their experiences back home with them. As such most international cuisines are well represented (but unfortunately so are McDonald's & gang). In summary good food is not difficult to come by and most westerners will find dining quite affordable.

The shopping district is dotted with local tavernas and the likes of KFC and Pizza Hut. Virtually all restaurants allow smoking, (and unfortunately some don't even have a non-smoking area, and most restaurants with the non-smoking area don't enforce it). Al fresco dining is a luxury that can be enjoyed for over half the year. It would be a crime not to try (at least once) a mixed pork kebab with a chilled local KEO or Carlsberg (which is brewed locally and tastes different to the same brand overseas) beer. Carnivores are spoilt for choice, whilst vegetarians might find it a tad difficult.

The food is high quality and somewhat cheaper than in the most Western capitals. Snacks should be available from €2-4, kebabs from €7 and whole meals from €15-20. Local KEO beer costs around €4 a pint in bars, local wines starting from €10 a bottle. Hygienic standards are followed and even foods that usually are not recommended in the Mediterranean destinations, such as mayonnaise and salad-based foods, can be safely eaten.

*Kebab houses. The epitome of Cyprus fast food. There is no neighbourhood without its local (99% of these are family-run businesses) so follow the BBQ smoke or smell. Try a traditional mixed kebab (aka souvlakia/sheftalia) with a cold KEO beer. That should set you back €12 at the most.
*Sandwich kiosks. Several line Regina Str in central Nicosia close to Eleftheria Square. Some also offer doner kebab (gyros). You might have to stand whilst eating.

* 
** 
* 
* 
* 
* 
* 

thumb|Pastries at a Nicosia bakery
* 
* 
* 
* 
* 
thumb|Streetside cafés at Faneromeni Square
* 
* 

* 
*",False
Q1033,Nigeria,"==Eat==
thumb|Afang soup

There are many types of traditional cuisine to enjoy. For example: afang soup, okra soup, owo soup and starch in the Niger Delta, plantain (fried, boiled, roasted), pepper soup, amala, eba, efo, pounded yam (iyan - Yoruba for ""pounded yam"", pronounced "" ee-yarn"" ), jollof rice, ground nut soup, ogbono soup, isi ewu (goat's head stew), egusi soup, suya (kebab), moin moin, ewedu, gbegiri soup (beans soup), edikangikong, ground-rice, puff-puff, chin chin, ikokore, owerri soup (ofe owerri), which is the most expensive African soup in Nigeria. Not to forget 404 pepper soup - it will make you act like ""Oliver Twist."" You must realise that 404 means ""dog meat."" And yes, it can only be found in certain parts of the country because in the west it is seen as barbaric.

For the less adventurous traveller, there are loads of ""foreign"" restaurants in Lagos, e.g. Sky Bar and the grill at Eco Hotel, Churasco's, Lagoon and Fusion all three next to each other (all-you-can-eat Brazilian grill, Indian and Sushi respectively) with a nice view of the lagoon, Piccolo Mondo, Manuella's Residence (great Italian Pizza from Manuella the Italian lady), Bungalow (close to Coschari's BMW in VI) - good sports bar, grill and Sushi, great Sunday buffet at Radisson Blu. Chocolate Royal is a nice family restaurant with excellent ice cream selection (including ice cream cakes) and pastries in VI. Inside Chocolate Royal is an Oriental restaurant called Métisse. Bottles in VI is a grill and Mexican restaurant. And there are loads more flavours from every corner of the world. Just Google and ask taxi to take you there. Outside Lagos and to a lesser extent Abuja, Western food will tend to disappear, with ""Jollof Rice and fried chicken"" being a ""safe"" option if you are not adventurous. Fried plantains, shawarma and chicken suya are some of the best options if you are craving some street food. These are often sold by locals at the roadside.

Foreign restaurants are expensive and you can prepare for a bill of at least $50 to $75 or even $100 per head for main course. If this is too much, try the Syrian Club in Ikoyi (turn North - away from the water) at the Mobil filling station in Awolowo Road (the night club street) in Ikoyi, continue a few blocks and on your left you will see the Syrian mosque, turn in the gate just after the mosque and the Syrian Club will be on your right on the inside of the premises with nice Lebanese/Syrian flair at very affordable (for Lagos) prices in an outdoor setting.

If you are a new expat living in Lagos, do yourself a favour and acquaint yourself early on with the following more expensive, foreign-owned, but well worth it, smaller specialist shops in VI selling all the delicacies and nice imported red meats that foreigners long for in and that Shoprite, Park and Shop, Next, and Goodie's (the main supermarkets) may not stock: 1. Deli's on Akin Adesola (the main road leading to Bar Beach), 2. L'Epicérie across the road from Mega P",True
Q34020,Niue,"Due to the island's location and the fact that the Niue produce a significant array of fruits and vegetables, natural local produce, especially coconut, features in many of the dishes of the islands, as does fresh seafood. Takihi, the national dish, is made from coconut cream and thinly sliced taro and papaya layered on top of each other until it forms a cake like structure. Traditionally and popularly it is wrapped in taro leaves and is cooked in an Umu (earth oven), but nowadays people cook their takihi in their ovens at home.",False
Q891,Nizhny Novgorod,"==Eat==

In the city stalls with shawarma are very popular. They can be found everywhere, even on the outskirts of the city.

* 

McDonald's and KFC have locations near almost every shopping mall and central streets and squares. It is common to pay extra for condiments.

* 
* 

* 

* 
*",False
Q23681,Northern Cyprus,"Northern Cyprus is also well known for several dishes; among them are kebabs made of skewered lamb (şiş kebab) or ground with herbs and spices and made into a kofte or şeftali kebab. Other dishes are based on meat wrapped in flat bread such as lahmacun. Vegetarian cuisine includes stuffed vegetable based dishes ""yalancı dolma"" or many other dishes made with a bean or pulse such as börülce which consists of Swiss chard cooked with black-eyed peas. There are also plant based foods such as molohiya or root based stews such as kolokas.",False
Q423,North Korea,"==Eat==
thumb|The Hibachi restaurant in the Haedanghwa Health Complex in Pyongyang

As with most other aspects of visiting North Korea, catering is usually organized in advance as part of your tour. Vegetarians and people with food allergies or dislikes of common foods such as seafood or eggs will need to make arrangements in advance. A visit to a ""real"" local restaurant may be possible; inquire with your guide. Shortages of supplies, combined with the typical use of Korean cooking styles, mean that there is a relatively limited variety of food — and this can get wearying on tours of more than a few days.

There are a few Western food options now in Pyongyang and these restaurants can usually be visited if arranged with the guides in advance. They will usually require additional payment though, unless you have discussed this already with your tour operator, as the costs are not included in the per diem fee charged by the Korean Travel Company. There are two Italian restaurants (one on Kwangbok Street which is near the Korean circus where the pizza is great, and they have imported a pizza oven and all the ingredients so the quality is very high; and one near the USS Pueblo) and two burger restaurants (the more accessible is in the Youth Hotel). Both are inexpensive and do inject some flavor onto a generally lackluster eating scene, especially on long tours. Visit the Vienna coffee house, which is on the river side of Kim Jong Il square, for a good coffee similar to those common in Europe.",False
Q221,North Macedonia,"==Eat==
thumb|Fish plate, Ohrid
If you are on a tight budget, try one of the Skara (grill) places.
There are quite a few up-market restaurants serving better quality food on the waterfront, but these cater to tourists, so don't be surprised by a rather sizeable bill at the end of your meal.

Service at the restaurants and cafés nationwide tend to be slow-ish, either because these businesses are chronically understaffed, or because of the general laid-back culture. Consider yourself lucky if your food is served within half an hour after you get seated.

thumb|Potatoes with ham
Typical Macedonian food resembles the food of the southern Balkans, meaning loads of grilled meat (known as skara). Side dishes usually have to be ordered separately. North Macedonia is also famous for its shopska salata, a mixed salad of cucumbers, tomatoes and grated sirenje. Sirenje is a white cheese similar to feta cheese. Usually Macedonians will translate the English cheese to sirenje. Another local speciality is ajvar, a red paste made from roasted peppers and tomatoes, which is either used as an appetizer or side dish. Another typical local dish is tarator which is comparable to the Greek tzatziki. It is made of yoghurt, cucumbers, and garlic and it is served as a cold soup.
thumb|Christmas Eve (Badnik) Dinner Table: Fish, Beans, Paprika salads, Sarma, Dates, Figs, Chestnuts and the Bread loaf
The most popular street food is either burek (бурек) which is a flaky phyllo-like pastry filled with melted cheese and/or ham, or pressed, panini style sandwiches, called toast (тост).

Stobi Flips are a ubiquitous snack food found in supermarkets and corner stores, with the shape and texture of a cheese doodle, but a salty peanut flavour.

thumb|Kazandibi, dessert speciality
Tavče gravče (тавче гравче) is the national dish and unique to North Macedonia. It basically consists of beans, paprika and is traditionally served with cut sausage mixed in.

North Macedonia, being landlocked, does not offer a great variety of fresh fish. A notable exception is Ohrid, where fresh fish from the local lake can be enjoyed. If you have no objections to eating endangered species, the Ohrid trout is a local delicacy.

If you've got reservations about consuming pork, look for the Albanian or Turkish-run restaurants, which are denoted by the Latin alphabet in their signage (as opposed to the Cyrillic more commonly used by ethnic Macedonians).",True
Q20,Norway,"==Eat==

thumb|Cod drying in the wind, a common (and smelly) sight along the coast
thumb|Fit for a Viking: fiskeboller (fish balls) in cream sauce with potatoes, grated carrots and a smattering of bacon
Norway is one of the worlds most expensive countries for eating, especially in restaurants, and also for retail food. Many visitors choose to bring camping food from another country.

While Norwegian eating habits have become more cosmopolitan in the last decades, traditional Norwegian ""farm"" food is still widely eaten, made by whatever can grow in the northern climate, be stored for a year until new crops come out, and contain enough energy for you to do hard work. Regional variants in traditional food are huge and hence, and what is thought to be ""typical traditional"" for one Norwegian might be totally unknown to another. Typical examples are variations of yeasted and unyeasted bread and other forms of bakery, porridges, soups, inventive uses of potato, salted and smoked meat, and fresh, salted or smoked fish. Dried cod (tørrfisk) and salted cod (klippfisk) are staples of coastal communities in the west and north and can be seen drying on outside racks in spring and summer. The national dish of Norway is fårikål, a stewed casserole of lamb's meat and cabbage. Other specialities include lutefisk (lyefish) made from dry/salted fish processed in lye, and potato dumplings served with salt meat (raspeball) or mixed with fish (blandeball). Sheep's head (smalahove) and dried mutton ribs (pinnekjøtt) are traditionally served before or during Christmas in Western Norway.

Finer traditional food is usually based on game or fresh fish. Steak, medallions and meat balls from game, deer, reindeer and elk are highly appreciated foods with international reputation, so are fresh, smoked and fermented salmon varieties as well as a host of other fish products. Traditional pastries like lukket valnøtt (marzipan-covered whipped cream cake) are other original contributions to international cuisine. Cheese of various types is common, but one particularly Norwegian favourite is brun geitost (brown goat-cheese), a mild sweet cheese which bears a remarkable similarity to smooth peanut butter in colour, texture and taste.

Today, Norwegians use plenty of sliced bread for almost any meal except dinner, whereas recipes for hot meals will be taken from almost anywhere in the world, including of course the traditional kitchen, but seldom the most extreme examples. Lunch usually consists of some bread and snacks instead of a warm dish but this is then compensated by eating well at dinner time. Most Norwegians don't go out for lunch, instead have a quick meal in the workplace.

Norway maintains high import tariffs for food; especially meat, dairy products, and alcoholic beverages. Norwegians who live near Sweden or Finland usually cross the border to buy these products.

Norwegians are also known for buying a lot of frozen pizzas at modest prices in any grocery store.

Fast foo",False
Q41262,Nottingham,"==Eat==

Nottingham also has the usual range of chain restaurants and bars that you can find in many cities across the UK. For a budget meal (and drink), JD Wetherspoons is always worth trying. There are also some budget restaurants along Mansfield Road not far from the Victoria Shopping Centre

There is a pedestrianised street full of eateries of varying quality next to the Cornerhouse. These restaurants range from a Pizza Hut and a Subway, to a brassiere (Punchinellos) with an excellent pre-theatre menu. There is also a wide variety of takeaways in Nottingham, catering for many different tastes.

* 
* 
* 
* 
* 
* 
* 
* 

* 
* 
* 
* 

* 
* 
* 
* 

* 
*",False
Q226,Nuuk,"==Eat==
* 
* 
* 
*",False
Q17042,Oakland,"==Eat==
The third great passion after art and music that is shared by residents and visitors to Oakland alike is food. Oakland is foodie country. No matter what your budget is - if you want to find something to eat from classic burgers to elaborate, innovative cuisine, you're going to find both and just about everything in between. Vegan and vegetarian options are widespread, and Oakland's exceptional ethnic diversity means you can find food from almost any corner of the globe.

* 

* 
* 

* 
* 
* 
* 

* 
* 

* 
* 
* 

* 
* 

* 
* 
* 
* 

* 
* 

* 
* 
* 
* 

* 
* 

* 

* 

* 

* 
* 

* 

* 
* 
* 
* 
* 
* 
* 

* 
* 

* 
* 
* 
* 
* 
* 
* 

thumb|Ethiopian and Eritrean restaurants are one of Temescal's specialties.

* 
* 
* 
* 
* 
* 

* 
* 
* 
* 
* 
* 
* 

* 

* 

* 

* 
* 
* 
* 
*",False
Q34863,Oklahoma City,"==Eat==
Oklahoma City can hold its own with any other cosmopolitan city with its availability of diverse and quality eateries, but what is true Oklahoma City fare is probably its bar-b-que and steakhouse options. Some, like Cattleman's, are iconic, and guaranteed to add that special touch to your Oklahoma City trip. For eating on the fly, there are several franchises like Rib Crib and Freddy's Frozen Custard around the city that will take care of bbq and dessert cravings in a pinch.",False
Q43199,Omaha,"==Eat==
It's said that Omaha has more restaurants per capita than almost anywhere else in the world. Omaha and much of Nebraska are known for high quality corn-fed beef. Smoking is illegal inside all restaurants in Nebraska. Smoking on outdoor patios is legal, but is rare and usually prohibited. Below are a selection of locations to eat in Omaha.

* 
* 
* 
* 
* 
** 
** 
* 
* 
* 
* 
* 
* 
** 
** 
* 
** 
** 
* 
* 

* 
* 
* 
* 
* 
* 
* 

* 
* 
* 
* 
* 
* 
*",False
Q842,Oman,"==Eat==
Omani food tends to be simple but rewarding and filling. Rice is the main staple and so is bread. The national dish is called "" Qabuli"", consisting of; spiced rice, lamb or chicken, split peas and caramelized onions. It can be found in many restaurants across the country. Another popular dish is ""shuwa"" which consists of a whole roasted lamb wrapped around banana or palm leaves and marinated in a plethora of different spices, before being buried underground and cooked for an overnight. Shuwa is often served with plain rice but in some upscale restaurants it can be served as a sandwich with fries and ketchup. You have to try harees whenever possible, which is a porridge-like dish of cracked wheat, ghee, chicken or beef and some spices. With a long coastline, Oman has a rich seafood culture and freshly caught fish served with a salad and rice is not unheard of for lunch.

Street food is now becoming a trend. Make sure to try shawarma- strips of chicken or lamb grilled on a rotating spit, shaved and served in a wrap with an abundance of pickles, vegetables, tahini sauce (if lamb) or garlic sauce (if chicken) and French fries or deep fried chickpeas and beans balls called ""falafel"". They can be found in many street corner cafeterias for a very cheap price. For an authentic delicacy try barbecued meat marinated in tamarind and chili called ""mishakeek"". It can be bought from the stalls along just about any beach in Oman.

Omani sweets are well known throughout the region, with the most popular being ""halwa"". This is a hot, semi-solid substance which behaves a little like honey and is eaten with a spoon. The taste is similar to Turkish Delight. Omani dates are among the best in the world and can be found at every social place and at offices.

Luckily, you can find just about any cuisine in Oman. Be it Japanese, Chinese, Thai, Lebanese, Persian, Turkish, Tex-Mex or Indian; it's all there! American franchises like McDonald's, Burger King, KFC, Pizza Hut and Papa John's are extremely popular, especially among the younger generations",True
Q898,Omsk,"==Eat==
American chains including McDonald’s, KFC, Subway, Friday's, and Sbarro have locations in Omsk.

* 
* 
* 
* 
* 
* 
* 
*",False
Q49233,Orlando,"==Eat==

A wide variety of restaurants can be found in CityWalk at Universal Orlando, including Margaritaville and Hard Rock Cafe. Parking is $20 during the day and free after 6PM (except during holidays or special events, such as Halloween Horror Nights). Much choice can also be found in Disney Springs, including Rainforest Cafe, Planet Hollywood, and Wolfgang Puck Cafe. Texas de Brazil, is a Brazilian steakhouse in the heart of downtown, serving beef, chicken, lamb and pork in many preparations.

* 
* 
* 
* 
* 
* 
* 
* 
* 
* 

* 

* 

* 

* 

* 

* 

* 
* 
* 
* 

* 

* 

* 

* 
* 
* 

Visit Orlando partners with many restaurants in the Orlando area to offer a promotional Magical Dining month. During the promotion, partner restaurants offer three-course, prix fixe dinners for $35 per person (plus tax and gratuity). Typically the event is held in late August through September, which tends to be a slow season for the local attractions and restaurants are looking to bring in additional guests.",False
Q35765,Osaka,"==Eat==

The widest selection of restaurants is in Osaka's main entertainment districts, with the highest concentration of all in the Umeda and Dotombori areas.

Even in a nation of obsessive gourmands Osaka is known as an excellent place to eat, exemplified by the Osakan maxim kuidaore, ""eat yourself into ruin"". The best place for trying out kuidaore is probably Dōtonbori (道頓堀) and neighboring Hōzenji-yokochō (法善寺横町) or Soemon-cho (宗右衛門町), the whole area containing nearly nothing but one restaurant after another.

Some typically Osakan foods worth trying include:

* Battera (バッテラ), is a block type sushi, with mackerel put on rice and squeezed very hard in a wooden box, cut into pieces when served. Battera sushi is a variant and direct descendant of primitive sushi, this one from Osaka is unique for its squarelike shape. Available not only in sushi restaurants but also as take-away in department stores and train stations.
* Okonomiyaki (お好み焼き), fried cabbage cakes that resemble a cross between a pancake, pizza, and omelette.
* Takoyaki (たこ焼き), bits of octopus inside fried eggy dumplings. The quintessential Osakan street food snack.
* Kushikatsu (串かつ), battered and deep-fried skewers of various sorts of food (meat, vegetables, cheese, etc), dipped in a runny black sauce and washed down with beer. Osaka's working class answer to fancy tempura.
* Doteyaki (どて焼き), bits of beef tendon stewed in miso broth until they fall apart. Fatty, gelatinous and a common accompaniment to kushikatsu.

File:Mackerel_sushi_(sabazushi).jpg|Battera sushi
File:Takoyaki @ LaFesta 2013.JPG|A serving of takoyaki
File:KushikatsuDaruma01.jpg|Kushikatsu
File:Doteyaki 001.jpg|Doteyaki

Okonomiyaki is best eaten in hole-in-the-wall restaurants, while takoyaki is best eaten from street vendors' carts, which can be found all over the major districts around nightfall. The best place to find kushikatsu (串カツ) is in Shinsekai, between Dobutsuen-mae and Ebisucho stations on the Sakaisuji subway line.",True
Q585,Oslo,"thumb|Karl Johans gate, 2017
Grønland, the central areas around Youngstorget and Torggata, Karl Johans gate (the main pedestrian thoroughfare), Aker Brygge and Tjuvholmen, Sørenga, and the boroughs of Frogner, Majorstuen, St. Hanshaugen / Bislett, and Grünerløkka all have a high concentration of cafes and restaurants. There are several food markets, the largest being Mathallen Food Hall at Vulkan with more than 30 specialty shops, cafés, and eateries.

As of March 2018, six Oslo restaurants were mentioned in the Michelin Guide. Maaemo is the only Norwegian restaurant ever to have been awarded three Michelin stars. Statholdergaarden, Kontrast, and Galt each have one star. Only two restaurants in Oslo have a BIB gourmand mention: Restaurant Eik and Smalhans.

Due to its proximity to the North Sea, fish and seafood are a staple component of cuisine in Oslo. Many restaurants also serve game meat year round.",False
Q1930,Ottawa,"Ottawa is home to several regional dishes. As a city with traditional French-Canadian roots, staples such as poutine are served throughout the city. However, many consider shawarma Ottawa's official dish; the city contains more shawarma restaurants than anywhere else in Canada. In 2024, Ottawa City Council declared Ottawa as the ""Shawarma Capital of Canada"" in a unanimous motion Beaver tails, a fried dough pastry, were first created in Ottawa in the 1970s. Le Cordon Bleu has a long-established culinary arts institute in the central Ottawa neighbourhood of Sandy Hill, the only Le Cordon Bleu campus in North America. Ottawa also has its own style of pizza (also known as Lebanese-style), influenced by the city's Lebanese immigrant population. It is known for being greasy, having sweeter sauce, crispy, thick cheese, thick crust, and toppings under the cheese.thumb|[[Winterlude is an annual winter festival held in Ottawa.]]",False
Q34217,Oxford,"==Eat==
thumb|Pembroke College

* 
*
*
* 
*

* 
** 
** 
* 

* 

* 
* 
*
* 

*
*
*

*
* 

* 
* 
**
**

* 

* 
*
*
*",False
Q617,Padua,"==Eat==

* 
* 
* 
* 
* .

*
*
*
* 
*

* For a light lunch, stop into any cafe for tramezzini - small sandwiches that come with a variety of fillings, and are usually cheap.
*",False
Q843,Pakistan,"==Eat==
thumb|Chapli Kababs is one of the popular barbecue meals in Pakistan
thumb|Chicken Tikka is a popular dish

Pakistani cuisine is a refined blend of various regional cooking traditions of South Asia. Pakistani cuisine is known for its richness, having aromatic and sometimes spicy flavors, and some dishes often contain liberal amounts of oil which contributes to a richer, fuller mouthfeel and flavour. Food in Pakistan is a blend of Mughal, Afghan, Central Asian and Persian influences. There is a good chance that you'd have tasted it in your country, as Indian food and Pakistan food often served together in a restaurant. Cuisine in Pakistan varies greatly from region to region. The ""Pakistani food"" served by many so-called Pakistani or Indian restaurants in the Western hemisphere is inspired by specifically Mughlai cuisine, a style developed by the royal kitchens of the historical Mughal Empire, and the regional cuisine of the Punjab, although degree of authenticity in relation to actual Mughlai or Punjabi cooking is sometimes variable at best and dubious at worst. Within Pakistan, cuisine varies greatly from region to region, reflecting the country's ethnic and cultural diversity. Food from the eastern provinces of Punjab and Sindh and Mughlai cuisine are similar to the cuisines of Northern India and can be highly seasoned and spicy with vegetarian options, which is characteristic of the flavours of the South Asian region. Food in other parts of Pakistan, particularly Balochistan, Azad Kashmir, Gilgit-Baltistan, Khyber Pakhtunkhwa, and the Federally Administered Tribal Areas, involves the use of mild aromatic spices with more meat and more oil, similar to the cuisines of neighbouring Afghanistan, Iran, and Central Asia. Due to Muslim beliefs, pork is a banned item in Pakistan and is neither consumed nor sold.

Pakistani main course foods which mostly consist of curry dishes are eaten with either flatbread – also called wheat bread – or rice. Salad is generally taken as a side dish with the main course, rather than as an appetizer beforehand. Assorted fresh fruit or sometimes desserts are consumed at the end of a meal. Meat plays a much more dominant role in Pakistani food compared to other South Asian cuisines. According to a 2003 report, an average Pakistani consumed three times more meat than an average Indian. Of all the meats, the most popular are goat or mutton, beef and chicken, particularly for kebab dishes or the classic beef shank dish nihari. Seafood is generally not consumed in large amounts. Food tends range from mild to spicy depending on where you are and who your cook is. So state your preference before beginning to eat. In general, most of the food that you find in the high end hotels is also available in the markets (but European-style food is generally reserved for the former).

Pakistani food has a well-deserved reputation for being hot, owing to the Pakistani penchant for the liberal use of a variety of spices, and poten",False
Q695,Palau,"The cuisine includes local foods such as cassava, taro, yam, potato, fish and pork. It is also heavily influenced by Japanese, American, and Filipino cuisine, because of the significant presence of Filipino migrant workers. Fruit bat soup is a Palauan delicacy. Some local drinks include an alcoholic drink made from a coconut on the tree; a drink made from the roots of the kava; and the chewing of betel nuts. A dessert called tama was developed in Palau.",False
Q2656,Palermo,"==Eat==
Try specialties of Palermo like panino con la milza or panelle, in one of the many sandwich stands in the old city centre.

* 
* 
* 
* 
* 
* 
* 

* 
* 
* 
* 
* 

* 
* 

* 

* 
* 
*",False
Q733,Paraguay,"==Eat==
thumb|Sopa Paraguaya
thumb|Chipa

Paraguayan food is one of the most diverse in South America. Paraguayans usually enjoy typical food several times a week all year round. You'll find much of the standard South American cuisine here with some Brazilian influence as well. Paraguayan food isn't particularly spicy, so those who can't tolerate spices won't have problems here.

Paraguay has a tradition for beef which is normally good quality and cheap. Grilled meat (asado) is the thing to eat. Pasta is also popular as are the street stalls selling panchos (hot-dogs), hamburgers, empanadas and similar fast-food. Vegetables, salad and other types of meat are not that common but available. In restaurants you normally get manioc as a side dish for free (similar to bread in other countries).

You must try the Paraguayan traditional food, which includes dishes like the following:

* Chipa-a bread baked in an outdoor oven or ""tatacua"", usually made out of mandioca (manioc) flour. Mandioca is often substituted for potatoes. Mandioca, or Mandi´o in Guarani is similar to a potato, and is normally eaten boiled but can be fried. It is eaten almost everyday by Paraguayans, and many have it growing on their land.
* Mbeju is a mandioca starch and Paraguayan cheese based flatbread.
* Pastel madi'o is a manioc pastry stuffed with ""So'o ku'í"" or minced meat.
* Sopa Paraguaya is a form of corn bread are two of the most well known. Sopa means soup, so it is an unusual experience to be actually eating a solid soup, probably the only one in the world.
* Tortillas in Paraguay are different than in other places in Latin America. It is more like a fried dough (made with Paraguayan cheese).
* Payagua mascada (Guarani for chewing gum for dogs but has nothing to do with that) is a tortilla also made with manioc and beef (high in proteins and calories).
* Try Sopa So'o if you get the chance, which is Paraguayan cornbread with bits of pieces of meat often marinated with garlic and lime.
* Pira caldo is a soup consisting of catfish, tomatoes, fat and spices
* Asado (BBQ) is great, and prices are quite reasonable - ₲20,000 will get you an all-you-can-eat buffet at many nice places. ₲5,000 is enough to pay for a hamburger.
* Also highly popular are empanadas (meat/egg stuffed in a pastry and baked) and milanesa (breaded and fried chicken/beef/fish): these are considered fast food, and are also found in other countries in the region. If you order a hamburger at a restaurant, expect it to come topped with a fried egg.",False
Q3001,Paramaribo,"==Eat==
thumb|As Suriname gained independence, the bronze 1923 statue of Dutch Queen Wilhelmina was moved from what's now the Independence Square to this place next to Fort Zeelandia, where she now looks out over the river.
Paramaribo's many restaurants reflect its diverse culture and strong Chinese, Javanese and Hindustan influences. Small food stalls serve inexpensive traditional snacks at the markets and along the Waterkant. If you're looking for Javanese style food, consider driving out to the Blauwgrond area of town. This Javanese part of the city is known for its many small restaurants, typically unpolished places with simple plastic outdoor furniture but great food.

However, for the travel weary visitor there's a Kentucky Fried Chicken around and a few places that cater to the much less spiced Dutch taste. Food is typically cheap by western standards, with full 3 course meals anywhere between SRD25 and SRD60 and simple mains around SRD20. If you follow the locals to smaller places you'll be able to eat for SRD10. Most of the small restaurants are quite casual in style. For a somewhat more formal experience, the upmarket hotels in town usually have their own restaurants, serving both traditional and international cuisine for obviously higher prices.

*
*
*
*
*
*
* 
*
*
*
*
*
* 
* 
* 
*",False
Q90,Paris,"==Eat==

Paris is one of Europe's culinary centres, where the haute cuisine has flourished since at least the French revolution. It may however come as a surprise that Paris isn't considered the culinary capital of French cuisine; many people prefer the French cooking found in small rural restaurants, outside of the city, closer to the farms and with their focus on freshness and regional specialities. Even among French cities, Paris has long been considered by the French as second to Lyon for fine dining.

There have been other challenges in the last 20 years or so as restaurateurs in places like San Francisco and Sydney briefly surpassed their Parisian fore bearers, again with an emphasis on freshness of ingredients but also borrowings from other cuisines. Parisian cooks didn't just rest on their laurels during this time, rather they travelled, taught, and studied, and together with Paris's own immigrant communities, have revitalized the restaurant trade. Today you can find hundreds of beautiful restaurants with thoughtful (or just trendy) interior design and well-planned and executed cartes and menus offering a creative mélange of French and exotic foreign cuisines. It's safe to say that Paris is once again catching up with or edging ahead of its Anglophone rivals.

Of course there are also some traditional offerings, and for the budget conscious there are hundreds of traditional bistros, with their sidewalk terraces offering a choice of fairly simple (usually meat centred) meals for reasonable prices.

It is unfortunately possible to have a uniformly poor dining experience during a stay in Paris, probably because mass tourism attracts price gougers. It is frequent to hear people complaining of very high Parisian prices for very poor food and service. Since so many of the restaurants are sub-par, the best approach is to rely on a restaurant guide and personal recommendations. Do your research in advance if possible and be prepared to travel some distance. Don't just walk down the street expecting to find good food; you probably won't.

Many restaurants are tiny and have tables close together - square metres are at a premium and understandably restaurateurs need to make the most of limited space. In some cases when the restaurant is crowded, you may have to sit beside strangers at the same table. If that does not appeal to you, go to a more upscale place where you will pay for the extra space.

Trendy restaurants often require reservations weeks, if not months in advance. If you haven't planned far enough ahead, try to get a reservation for lunch which is generally easier and less expensive.

For an easy-to-manage eating budget while in Paris, consider: breakfast or ""petit déjeuner"" at a restaurant, possibly in your hotel, consisting of some croissants, coffee, and maybe a piece of fruit. Get a 'walking lunch' from one of Paris' many food stands—a panino in the centre of the city, a crepe from a crepe stand, a felafel pita or take-out Chinese in",False
Q2683,Parma,"==Eat==
thumb|Prosciutto di Parma, one of the foods that made Parma famous
If you are in Parma, your trip is not complete until you try a hunk of its eponymous cheese, Parmigiano-Reggiano. Known the world over, Parmigiano-Reggiano cheese owes its quality to its source. The cows that produce the milk graze only on grass and hay in fields around the city. The cheese is made and aged from 18 months to over 30.

Another food you must try in Parma is the local cured ham, Prosciutto di Parma. Parma's Prosciutto is the gold standard for salumi. The hams are cured and aged in temperature and humidity controlled rooms for at least 10 months. The result is a salty, sweet, piece of meat that is sliced razor thin and can be eaten all by its self, or as a part of many regional dishes. It is delicious served simply over a plate of summer melon. As far as salumi goes though, Culatello is king. Unfortunately government regulation on the production of Culatello has driven it nearly to extinction, but there are still rogue producers who cure the meat in cellars. Culatello differs from Prosciutto in that it is made from the fillet cut of the ham as opposed to the whole ham. 

Parma is also known for its delicate stuffed pastas and outdoor markets. Be sure to take advantage of the fresh seasonal vegetables that Parma has to offer.

All these are in the city centre:

* 
* 
* 
* 
* 
* 
* 

* 
* 
* 
* 

* 
* 

*",False
Q148,People's Republic of China,"==Eat==

thumb|A fish dish in a [[Yangzhou restaurant]]
Food in China varies widely between regions, so the term ""Chinese food"" is a blanket term, about as descriptive as ""Western food."" Still, there are some broad characteristics. Gastronomy has a long history in China, and dishes subtly balance many flavors, aromas, and colors. Each region developed cuisine and techniques based on the ingredients at hand, so you'll find spicy meat-filled dishes in cooler inland regions, slowly simmered seafood stews in coastal regions, quickly stir-fried fresh vegetables in busy southern ports like Guangzhou, and simple and hearty meat dishes in the Northeast with its notoriously harsh winters. Even many native Chinese find food from outside their home region to be ""foreign"".

In southern China, rice (米饭 mǐfàn) is a staple food served with many meals, so much so that its root word 饭 (fàn) means ""meal"" as well as ""cooked grain"". It may be served plain (eaten by itself as a side, or used as a bed to soak up sauce from the main dish), stir-fried with a variety of ingredients to make fried rice, a quick tasty street meal and a common way to use up leftovers at home, or made into congee (粥 zhōu), rice porridge that's a common breakfast. Noodles (面 miàn) are another important staple, made from either rice or wheat, and served in a variety of methods. Soybeans are used to make soy sauce, a quintessential seasoning in Chinese cooking. They're also used to make tofu (豆腐 dòufu), which comes in many forms besides tasteless white blocks: some can be as flavorful and crispy as meat, others quite pungent like a blue cheese.

Chinese gourmands place emphasis on freshness so your meal will most likely be cooked as soon as you order it. Searing hot woks over coal or gas fires make even street food usually safe to eat. Indeed freshly prepared street food is often safer than food sitting on the buffet lines of 5-star hotels. Still, use common sense: if it's a searing hot summer day and the kebab vendor has their raw meat sitting unrefrigerated on the counter, you might want to head elsewhere.

Various types of Chinese food provide quick, cheap, tasty, light meals. Street food and snacks sold from portable vendors can be found throughout China's cities, good for breakfast or a snack. Western-style fast food is also popular. 24-hour convenience stores are commonplace in most urban areas. You can typically purchase filled rolls, sandwiches, meat buns, and some ready-made meals, all of which can be heated in the microwave provided in-store.

Yelp and TripAdvisor are virtually unknown in China, while the Michelin Guide only covers Shanghai and Guangzhou, and is not taken seriously by most Chinese people. Most Chinese people rely on Dazhong Dianping (大众点评) for restaurant ratings, but it is only available in Chinese.

China is the birthplace of chopsticks (筷子 kuàizi), which are used for most Chinese food. Chinese cuisine evolved to be eaten using chopsticks, with almost all food prepare",True
Q915,Perm,"==Eat==

There is plenty of Russian, Georgian, Azeri, and Uzbek food in Perm.

* 
* 

* 

*",False
Q3437,Perugia,"==Eat==
thumb|Fresco by Perugino and his student, Rafaello Sanzio (Raphael) of the Trinity and Six Saints, San Severo Chapel
For most tourists, the center, or downtown, of Perugia will be the most rewarding place to eat either lunch or dinner. The main street 'walk' begins at the Piazza Duomo at the Fontana Maggiore and ends with a dramatic view that showcases the city's churches and the Umbrian countryside. There are many dining options along this street. The last hotel on the right hand side () before reaching the viewpoint offers five-star accommodation and regional dishes, specializing in legumes and fantastic olive oils. At the other end of Corso Vannucci, just to the right of the cathedral, is a charming pizzeria, La Mediterranea.

All these are in the city centre:

* 
* 
* 
* 
* 
* 

* 
* 
* 
* 

* 
* 
*",False
Q1345,Philadelphia,"==Eat==
See the Districts articles for specific listings.

thumb|upright=1.3|A sign on how to order a cheesesteak at Pat's King of Steaks at 1237 E. Passyunk Ave.
thumb|upright=1.3|Cheesesteak with Provolone cheese and onions from Jim's Steak at 400 South St.

No trip to Philadelphia is complete without trying the cheesesteak, Philly's most famous homegrown food, a sandwich made of a fresh roll filled with grilled shaved beef and cheese (as well as onions, mushrooms, and other optional sides). The spiritual homes of the cheesesteak are Pat's King of Steaks, where the cheesesteak was invented, and Geno's Steaks, where they claim to have improved on Pat's version. They are across from each other in South Philly at the intersection of 9th Street and Passyunk Avenue.

There are many ways to order a cheesesteak. Some cheesesteaks are made with chopped steak (Pat's and Geno's), while others are made with sliced top-round (Steve's). While Cheez-Wiz is a local favorite, many people also enjoy American or Provolone cheese on their cheesesteaks. The way the cheese is served makes a huge difference. Some cheesesteak joints simply place the cheese on top to melt (Pat's and Geno's), while others, such as Steve's, ladle hot melted cheese on top, adding to the delicious grease from the meat. Any local will tell you as well that the most important part of the cheesesteak (or hoagie, for that matter) is the roll, which is why many have found it difficult to replicate the cheesesteak outside of the Philadelphia region. Many displaced Philadelphians who have started their own restaurants elsewhere have encountered trouble making authentic cheesesteaks, and import their rolls from the Philly area.

Although Pat's and Geno's are the most famous cheesesteak joints, they are far from the best. There are many others to choose from, particularly in South Philadelphia—John's Roast Pork at Snyder and alley-street Weccacoe is considered by many locals to offer a standout. John's offers what sports radio 610 WIP's Cheesesteak Challenge called the best cheesesteak in the city, and an outstanding roast pork sandwich. It is common for people visiting John's to bring a friend and split a cheesesteak and a roast pork sandwich. Placing at #2 on the 610 cheesesteak list is Steve's Prince of Steaks in Northeast Philadelphia, which has 2 great locations. They also serve a delicious side of cheese fries, which can be had with wiz, American, or provolone. Many enjoy Jim's Steaks or Tony Luke's. 'The Great Northeast' is also home to Joe's Steaks + Soda Shop, a delightful drug-store throwback on Torresdale Avenue near the Delaware River. No cheesesteak aficionado can call himself such without a visit to Dalessandro's Steaks or Chubby's on Henry Avenue in the Roxborough section of Northwest Philadelphia (north of Manayunk and East Falls). One of this region's better steaks is found at takeout-only Sorrentino's on Cresson in Manayunk. Sonny's in Old City, on Market St between 3rd and 4th,",False
Q928,Philippines,"==Eat==

Filipino cuisine is diverse, and varies by region and ethnic group. Local food varies as you travel between regions, provinces and islands, and ingredients vary by the local culture and economy, but there are broad characteristics that define Filipino food.
thumbnail|Filipino cuisine|380px
Filipino cuisine has developed from the different cultures that shaped its history; it is Southeast Asian cuisine but with influences from both Asia and the West. Though its cuisine is not as renowned as many of its neighbors, such as that of Thailand and Vietnam, Filipino cooking is nonetheless distinct in that it is possibly the least spicy of all Southeast Asian cuisines. Don't make the mistake of thinking that Filipino food is bland, though. It is just that instead of spices, Filipino food depends more on garlic, onions, ginger and vinegar to add flavor to dishes, and is mostly sweet, sour, and salty. Painstaking preparation and prolonged cooking time is also a characteristic of most Filipino dishes, and when done properly is often what brings out the flavor of the food, as opposed to a healthy dose of spices. As with the rest of Southeast Asia, rice is the staple food of the Philippines, but parts of the country rather have corn instead. Nonetheless, non-Filipinos may be caught off-guard by the tendency for all meat to be cooked well-done. 

To experience how the Filipinos eat in a budget way, carinderias (eateries) and turo-turo (literally ""point-point"", buffet-style restaurants where you choose the food to be served to you) are some of the options. Mains cost less than . Carinderias serve food cooked earlier and it may not always be the safest of options. As of 2025 however, this reputation has somewhat lessened and several carinderias especially around Manila have received Michelin stars.

You'll be hard pressed to find a mall without the requisite American fast food chains, which have their menus adapted to local tastes, but national chains such as Jollibee (hamburgers, fried chicken and spaghetti), Greenwich (pizza), and Mang Inasal (chicken barbecue) also capture the Filipino taste buds and are competitive. If you want even cheaper fast food, go to roadside burger shacks or the numerous food kiosks or stands in malls and public transportation terminals.

Other foreign cuisines that are popular in the Philippines include Chinese, Japanese (ramen, takoyaki and sushi), Indian and Middle Eastern (curry and shawarma), and Korean (samgyeopsal buffets are a communal affair, so are kimchi, tteokboki and kimbap). Nearly every town in the provinces has a food stall or restaurant serving one of these foods, although the end product may not necessarily be the same as home.

thumb|Isaw (chicken intestine) and kwek-kwek (deep-fried, boiled duck egg battered in flour), popular street foods for many Filipinos
Filipino street food is one of the best. However, it may not be as clean as the ones you find in Singapore. Street food vendors have been criticized b",True
Q1850,Phnom Penh,"== Eat ==

Phnom Penh offers some interesting culinary treats not found elsewhere in the country. These include French-influenced dining and Thai, Vietnamese, and Indonesian dishes. Pizzas, banana pancakes, and fried rice are always easy to find. The recent influx of Chinese capital in Phnom Penh has brought with it an influx of Chinese cuisine as well, including a significant number of regionally focused restaurants. 

Exotic treats:
* Duck embryo eggs are sold at the southwest corner of Sokun Mean Bun St (St 178) and Norodum Blvd (in front of the green SSN Bldg) inside a big high school compound, together with days old hatched chicks to frogs (everything is eaten, not just the legs) dipped in batter and deep fried.
* Skewered and grilled pigs ears, chicken claws, and gizzards are sold in the Central Market at touristy prices. Pig intestines are sold at US$1 per 100 g, cut into pieces and splattered with sauce. Grilled small crabs, lobsters, prawns are also sold in the market.
* Chicken feet are sold in the open-air restaurants as you turn to the right at St 154 as you go northbound from Monivong Blvd.
* Bugs and other insects, especially the grasshopper, spider/crab, and grubs and pupae stage are sold along Sothearos Blvd from 184 St to 178 St.

* 
* 
* 

The river front hosts everything from stand-up stalls to fine French bistros.

* 
* 
* 
* 
* 
* 
* 
*",False
Q16556,Phoenix,"==Eat==

*For cheap eats, look out for many 24-hour Mexican food places such as Filiberto's and other restaurants offer a burrito the size of your forearm for less than $4.
*
* 
* 
*
*
* 
*
* 
* 
*Salad And Go, several locations Bethany Home & 7th St, Dunlap & 7th St. Inexpensive fresh salads and wraps, highly recommended (excellent caprese salad).
* 

* Phoenix has experienced an explosion of eateries since 2018. Uptown on 7th St between Missouri and Glendale Ave. Camelback between 24th St and 44th St. Tatum Blvd between Shea and Greenway. Some notables: Buck and Rider, 4225 E Camelback; Chelseas Kitchen, 5040 N 40th St; Hillstone, 2650 E Camelback; North Italia, 4925 N 40th St; The Yard, 5640 N 7th St; Luci's 7100 N 12th St (breakfast/lunch); Snooze, 2045 E Camelback (Town and Country; breakfast/lunch); Pizzeria Bianco, 4743 N 20th St (Town and Country); Sicilian Butcher, 15530 N Tatum Blvd. 
*
* 
*
* 
*
*
* 
*
*
*
*Multiple locations (7th St & Missouri, Tatum & Deer Valley Rd). Ask for the tapas menu 4-6PM daily. 
*
*
*
* 
* 

* 
* 
* 
* 
*
* 
* 

* True Foods, Biltmore shopping center (24th/Camelback) and The Quarter (Hayden/Greenway & Scottsdale Rd - N Scottsdale). Good variety of vegetarian options (as well as meat)
* Flower Child, Uptown (Camelback/Central), Desert Ridge (Tatum/101), Arcadia (44th St/Camelback). Similar menu to True Foods, counter service.
* Original Chop Shop, Arcadia (32nd St/Campbell), Scottsdale (Old Town), N Scottsdale (101/Scottsdale Rd), Tempe (Rural/University), Chandler . Fast casual, counter service, good vegetarian options, along with traditional meat protein.

* Terminal 4, great eating options both in pre-security and next to boarding gates.
** Deluxe, A22, very good burgers
** Chelsea's kitchen, before security, fresh menu
** La Grande Orange, D1
** Matts Big Breakfast,
** Four Peaks Brewery
** Barrio Cafe
** Cowboy Ciao, B22
** Sir Vezas Taco Garage, C13
** Los Taquitos, C3
** Zinc Brasserie,",False
Q40747,Pierre,"==Eat==
* 
* 
* 
*",False
Q1342,Pittsburgh,"==Eat==
thumb|upright=1.3|Phipps Conservatory's Broderie Room during the winter flower show of 2015
See the Districts articles for individual listings.

The Pittsburgh restaurant scene is a little different than most cities. In many neighborhoods, they can be difficult to find and are often patronized mainly by locals. The hills and rivers make the roads tricky. So, if you're from out of town your best bet is to pick up a local copy of the Pittsburgh magazine and do a quick search of the ""Best Restaurants"" section.

Each district has its unique restaurants, but the main districts for eating are the Strip District, South Side and, of course Downtown. Mt Washington, Lawrenceville, Shadyside, Oakland, Bloomfield, and Squirrel Hill also contain a wide variety of restaurants. If you're willing to go a little off the beaten path, you'll find gems tucked away just slightly further out which are still accessible by PAT bus.

* 
* The Strip District has tons of ethnic groceries, eateries, and vendors, with plenty of free samples.
* Squirrel Hill has a variety of more ethnic restaurants: Mediterranean, kosher, Italian, etc.
* Bloomfield, known as Pittsburgh's Little Italy, is home to many small Italian restaurants. Don't expect the Olive Garden!

Typical Pittsburgh dishes to try include halushky, pierogies, kolbasi, stuffed cabbage, city chicken, and chipped ham.

If you're in town for a wedding, then one distinctive regional tradition is offering hundreds, if not thousands, of homemade cookies for guests to eat at the reception.",False
Q23564,Podgorica,"==Eat==
Almost all fine restaurants in Podgorica are located either in the traditional city center, the new business district around the Roman Square, or along the Sv. Petra Cetinjskog boulevard that connects the two.

There are dozens of pizzerias through city, and most of the cafes serve pizza, pancakes, etc.

Most popular fast food in Podgorica is the regional hamburger variant pleskavica. You can eat great hamburgers, as well as anything made on the barbecue (roštilj) in places all across town, but best known and most visited are ""Voda u kršu"", ""Gurman"", ""Calimero"", ""Kruna""... There are no international fast food chains such as McDonalds, Burger King or KFC in Podgorica.

All of these restaurants are around the Independence Square:

* 
* 
* 
* 
* 
* 

* 
* 
* 
*",False
Q36,Poland,"==Eat==

Poles take their meals following the standard continental schedule: a light breakfast in the morning (usually some sandwiches with tea/coffee), then a larger lunch (or traditionally a ""dinner"") at around 13:00-14:00, then a supper at around 19:00.

It is not difficult to avoid meat, with many restaurants offering at least one vegetarian dish. Most major cities have some exclusively vegetarian restaurants, especially near the city centre. Vegan options remain extremely limited, however.

thumbnail|right|Pierogi

thumbnail|right|Bigos
Traditional Polish cuisine tends to be hearty, rich in meats, sauces, and vegetables; sides of pickled vegetables are a favourite accompaniment. It is often described as a cross between German and Russian cuisines, though it also has unique dishes not found in any other cuisines. Modern Polish cuisine, however, tends towards greater variety, and focuses on healthy choices. In general, the quality of ""store-bought"" food is very high, especially in dairy products, baked goods, vegetables and meat products.

thumbnail|Tomato soup (pomidorowa) is so popular in Poland that it even has its own fan clubs
A dinner commonly includes the first course of soup, followed by the main course. Among soups, barszcz czerwony (red beet soup, also known as borscht) is perhaps the most recognizable: a spicy and slightly sour soup, served hot. It's commonly poured over dumplings (barszcz z uszkami or barszcz z pierogami), or served with a fried pâté roll (barszcz z pasztecikiem). Other uncommon soups include zupa ogórkowa, a cucumber soup made of a mix of fresh and pickled cucumbers; zupa grzybowa, typically made with wild mushrooms; also, flaki or flaczki - well-seasoned tripe. The most common in restaurants is the żurek, a sour-rye soup served with traditional Polish sausage and a hard-boiled egg.
thumb|Chlodnik (cold borsht), as served in [[Poznań]]
Pierogi are, of course, an immediately recognizable Polish dish. They are often served alongside another dish (for example, with barszcz), rather than as the main course. There are several types of them, stuffed with a mix of cottage cheese and onion, or with meat or even wild forest fruits. Gołąbki are also widely known: they are large cabbage rolls stuffed with a mix of grains and meats, steamed or boiled and served hot with a white sauce or tomato sauce.

Kotlet schabowy, or breaded pork chop, is another immediately recognizable dish, similar to German and Austrian schnitzels.

Bigos is another unique, if less well-known, Polish dish: a ""hunter's stew"" that includes various meats and vegetables, on a base of pickled cabbage. Bigos tends to be very thick and hearty. Similar ingredients can also be thinned out and served in the form of a cabbage soup, called kapuśniak. Some Austro-Hungarian imports have also become popular over the years, and adopted by the Polish cuisine. These include gulasz, a local version of goulash that's less spicy than the original, and sznycel po wiedeńsku",False
Q34261,Port-au-Prince,"==Eat==
Eating out in Port-au-Prince is surprisingly expensive. Even at modest restaurants a full plate of food will usually cost around G200. A good amount of food from street vendors will even cost up to G100. 

*Foodies (near the National Palace) A clean fast food joint serving hamburgers and fries. Expect to spend about G120 for a cheeseburger, fries, and drink. Ask for the owner, a Haitian of Lebanese ancestry, who will answer your questions in Brooklyn English.

* 

There are grocery stores all over town among which: the in the Champ-de-Mars area.",False
Q3929,Port Louis,"==Eat==
alt=Caudan Waterfront, shopping mall with restaurants and cinema.|thumb|A large choice of restaurants and a food court is available at Caudan waterfront.
Mauritian food is a mouthwatering menagerie of international flavours, with delicious Creole curries, cuisines from all over Africa, Southeast Asia and India, and an abundance of fresh seafood that has never been frozen or shipped on an airplane. Popular snacks include samosas and gâteaux piments (""pepper cakes""). China Town where you will find Chinese shops and restaurants, though this is mostly an option for lunch as most places there close in the evening.

* There are fruit and snacks stalls at the market (see Buy above).

* 

* 

* 

* 

* 

* 

* 

* 

*",False
Q36526,Port Moresby,"==Eat==
*
* 
* 
* 
* 
* 
* 
*
* 
* 
* 
* 
* 
* 
*",False
Q36433,Porto,"==Eat==
Porto has some of the finest restaurants in Portugal.

It is said that if you like to eat, you should go to Porto because it's a place where you eat well in terms of quality and amount (even Lisbon citizens say that in Porto is where they eat the best food).

The best restaurants of the city are mainly in Matosinhos near the beach, and the Porto de Leixões seaport but watch out for pricing, more than a few ok establishments deem themselves worthy of high pricing just because of the decor or the ""in crowd"" is seen going there or a combination of both, they charge ridiculous prices for food not much better prepared or presented than elsewhere and many times, the dose is very small, so don't be shy to look around to get a sense of what is what. You can take the blue metro line A to get there which takes about 30 min. In the Ribeirinha part of Porto, overlooking the Douro River and Vila Nova de Gaia, there's many well run very affordable small family run restaurants with a great vibe, friendly staff, great food and drink and sometimes, due to limited space, having to share tables with complete strangers, sometimes local people and sometimes not, making the whole experience very cosmopolitan and entertaining. Within the old city centre, inexpensive to reasonable priced eating houses catering mostly for residents are also easily found for both lunch and dinner, these places welcome foreigners and many take special pride in hosting you. At these places, to enjoy a hearty well prepared meal, it's best practice to just follow the waiter suggestions as the menus are three course set Pratos do dia (Today's menu), normally a choice of two or three soups, main dishes including bread, wine of the house, dessert and a bica (espresso) in the end, all this for €7-10 per person. If you are hungry, a good strategy is to say how much you enjoyed the soup and politely ask if you can have a little more. That's why local patrons tend to have the soup last. If you truly enjoyed the meal, show your appreciation to the chef and staff, it always makes the people proud for being of service.

Expect hearty meals, and if you can, try ""Tripas à moda do Porto"", a tripe dish. Citizens of Porto are called tripeiros (tripe-eaters) on account of this dish. Traditional set menu restaurants, tend to serve the soup last but these days most waiters will ask what you want first and so on, but don't be surprised to see someone starting with desert and finish with the couvert! It's known to happen. Also try bacalhau - in any way it is cooked - there are hundreds of different dishes with salted codfish!

Don't forget the traditional grilled cheese sandwich called ""Francesinha"", which literally translated means little French lady. This city is just about the only place in the world where you can find it. However, in many other northern Portuguese cities you can find a low quality version of it. Essentially it is a toast with layers of meat inside (beef, pork meat, ham....) It is cov",False
Q40269,Porto Alegre,"The traditional beverage is chimarrao, a South-American caffeine-rich infused drink. The Chalet of the XV de Novembro Plaza is located along the Glênio Peres Square, it is one of the most traditional bar-draught beer-restaurants in the city, where the last ""lambe-lambe"" photographs of the region work. ""Lambe-lambes"" are photographers who develop pictures outdoor using the oldest method known. In the Bavarian style, with art nouveau traits, the centenary Chalet was built up on a demountable steel structure, keeping its original chandeliers and tiles even nowadays.",False
Q45,Portugal,"==Eat==

Portuguese cuisine evolved from hearty peasant food drawn from the land and abundant seafood found in the country's lengthy coast with the cows, pigs and goats raised on the limited grazing land of its interior. From these humble origins, spices and condiments brought back to the country during the exploration and colonisation of South America, Africa, the East Indies and the Far East, contributed to the development of what become regarded as 'typical' Portuguese cuisine which inherently, also helped shape the cuisine in the regions under Portuguese influence, from Brazil and Cape Verde to Thailand and Japan. Today, traditional Portuguese cuisine is served alongside the latest trendy and fusion cuisine styles. Several establishments have been awarded Michelin stars.

thumb|Caldo verde: the green broth is a very popular soup in Portuguese cuisine.
Soup is an essential first course of a Portuguese meal. The most popular is the Minho speciality, caldo verde, made from kale, potatoes and spiced smoked sausage.

thumb|Bacalhau à Brás: salt cod with onions, scrambled eggs and fried potatoes.
You will see another Portuguese staple bacalhau (salt cod) everywhere. Locals will tell you that there are as many ways to cook this revered dish as there are days in the year, or even more.

thumb|Sardinhas assadas: grilled sardines with potatoes and salad.
The most common of Portugal's delicious fish (peixe) dishes revolve around sole (linguado) and sardines (sardinha) although salmon (salmão) and trout (truta) are also featured heavily, not mentioning the more traditional mackerel (carapau), whiting (pescada), rock bass (robalo), tuna (atum), frog fish (tamboril) and a variety of turbot (cherne).

In most places you will easily find fresh seafood: lobster (lagosta), crab (caranguejo), lavagante, mussels (mexilhões), cockles (vieiras), oysters (ostras), clam (amêijoas), goose barnacles (perceves).

A peculiarity of Portuguese cuisine is the love of rice and rice-based dishes and desserts, a fondness perhaps grown from the Portuguese travels to the East. Among the most popular rice dishes are ""Arroz à Bulhão Pato"", essentially a juicy rice and clam dish. Another famous rice dish, ""Arroz de Cabidela"" consisting of a saucy dish made with rice, chicken and its blood. Besides those already mentioned, there are many varieties of rice-based specialities, such as frog fish rice, octopus rice, duck rice and seafood rice.

thumb|Cozido à portuguesa is prepared with a multitude of vegetables, meat, smoked sausages, among others. Is one of the national dishes of Portugal.
Depending on how touristy the area you are in, you'll see grills, thick with the smoke of charring meat, in front of many restaurants during your stay. Other than traditional sardines, Portuguese grilled chicken -- marinated in chilli, garlic and olive oil -- is world famous, although people tired of tasteless industrial poultry farm produce might opt for a tasty veal cutlet (costeleta de novilho)",False
Q37806,Port Vila,"==Eat==

Budget options for eating out are thin on the ground. Look for local Vanuatu dishes like laplap or tuluk at the markets, or self-cater at a supermarket.

thumb|No, it's not a country village, it's the Regenerative Vanua compound

* 
* 
* 

* 
*",False
Q1711,Potsdam,"==Eat==

All these are in the city centre:

* 
* 
* 
* 
* 
* 
* 

* 
* 
* 
* 
* 

* 
*",False
Q268,Poznań,"==Eat==
thumb|Outside serving at old square
thumb|Traditional St. Martin's croissants

Poznań has two culinary locations, one in Old Town, close to and around the Town Hall and consists mostly of restaurants serving typical Polish fares often catering to tourists. Here you will find the usual pierogis, pyzy, goose, bigos etc.. Another fancier spot is located in Jeżyce district around Jeżyce Market, Dąbrowskiego and Szamarzewskiego streets, which is focused more on world cuisine with some fine dining additions. In other districts you will usually find inexpensive bistro and kebab places.

If you are looking for budget options then search for places named ""Bistro"", ""Kebab"" or the critically endangered ""Bar mleczny"". These places will allow you to eat well at low, usually 30 zł price.
* 

* 
* 
* 

* 
* 
* 
* 
* 
* 
* 

* 
* 
* 
* 
*",False
Q1085,Prague,"thumb|[[U Medvídků (A.D. 1466), one of the oldest pubs in Europe]]
In 2008, the Allegro restaurant received the first Michelin star in the whole of the post-Communist part of Central Europe. It retained its star until 2011. , there were just two Michelin-starred restaurants in Prague: La Degustation Bohême Bourgeoise and Field. Another six have been awarded Michelin's Bib Gourmand: Bistrøt 104, Divinis, Eska, Maso a Kobliha, Na Kopci, and Sansho.

Czech beer has a long history, with brewing taking place in Břevnov Monastery in 993. In Old Town, Žižkov and Vinohrady there are hundreds of restaurants, bars and pubs, especially with Czech beer. Prague also hosts several microbrewery festivals throughout the year. The city is home to historical breweries Staropramen (Praha 5), U Fleků, U Medvídků, U Tří růží, Strahov Monastery Brewery (Praha 1) and Břevnov Monastery Brewery (Praha 6). Among many microbreweries are: Novoměstský, Pražský most u Valšů, Národní, Boršov, Loď pivovar, U Dobřenských, U Dvou koček, U Supa (Praha 1), Pivovarský dům (Praha 2), Sousedský pivovar Bašta (Praha 4), Suchdolský Jeník, Libocký pivovar (Praha 6), Marina (Praha 7), U Bulovky (Praha 8), Beznoska, Kolčavka (Praha 9), Vinohradský pivovar, Zubatý pes, Malešický mikropivovar (Praha 10), Jihoměstský pivovar (Praha 11), Lužiny (Praha 13), Počernický pivovar (Praha 14) and Hostivar (Praha 15).

Prague ham and Prague cake are dishes typical for Prague. Trdelník, also called ""chimney cakes"", is a popular dessert in Prague, although it is not a traditional Czech food.

In an October 2024 article, Prague was ranked 7th on ""Europe's 10 most beautiful cities to visit in autumn"". The ranking was done by Travelbag and based on analysing Google search and Instagram hashtags.",False
Q3926,Pretoria,"==Eat==

The renowned restaurants include Cynthia's, the Hillside Tavern and Pachas. There are also many franchised diners throughout the city.

* 
* 

* Toni's Pizza Toni's is a great place to get the best pizza in town.
* Panarotti's Panarotti's is a national chain with several Pretoria branches.
* 

* 
*",False
Q18383,Providence,"==Eat==
Providence has an abundance of ethnic cuisines, from Spanish to Moroccan to down home New England chowder.

* 
* 
* 
*",False
Q1538,Pune,"==Eat==

thumbnail|Chapati with crunchy fried fish

Pune is undoubtedly a great place to eat. Fergusson College Road and JM Road which runs parallel, are full of budget eateries serving delicious hot food at nominal charges. Almost all restaurants open and close at similar hours. 10AM - 11PM is usual. Of course, restaurant bars stay open till at least midnight. Misals are a Pune favourite, if you can stomach the spice in them. They are a tasty meal and a visit to Bedekar Misal or Shree Uphar Gruha is a must. They are in the Peth areas and are famous. Shree Uphar Gruha is at Tulsi Baug. It is a small joint but dishes out tasty Misal and fritters.

For more exotic variety, head out to Koregaon Park. North Main Road is a lane with more than 50 restaurants. It offers a choice of cuisine including Italian, French, Mexican, Thai, Japanese and a variety of local Indian food; there is a restaurant to fit every taste and mood. ABC Farms in Koregaon Park has many restaurants in one place - ideal when you cannot decide before leaving for dinner. Koregaon Park is known as the Restaurant Suburb, and holds a similar status to Pune that Bandra holds to Mumbai.",False
Q18808,Pyongyang,"thumb|250px|[[Naengmyeon|Pyongyang raengmyŏn (), cold buckwheat noodle soup originating in Pyongyang]]

Pyongyang served as the provincial capital of South Pyongan Province until 1946, and Pyongyang cuisine is part of the general culinary tradition of the Pyongan province. The most famous local food is Pyongyang raengmyŏn, or also called mul raengmyŏn or just simply raengmyŏn. Raengmyŏn literally means ""cold noodles"", while the affix mul refers to water because the dish is served in a cold broth. Raengmyŏn consists of thin and chewy buckwheat noodles in a cold meat-broth with dongchimi (watery kimchi) and topped with a slice of sweet Korean pear.

Pyongyang raengmyŏn was originally eaten in homes built with ondol (traditional underfloor heating) during the cold winter, so it is also called ""Pyongyang deoldeori"" (shivering in Pyongyang). Pyongyang locals sometimes enjoy it as a haejangguk, which is any type of food eaten as a hangover cure, usually a warm soup.

Another representative Pyongyang dish, Taedonggang sungeoguk, translates as ""flathead grey mullet soup from the Taedong River"". The soup features flathead grey mullet (abundant in the Taedong River) along with black peppercorns and salt. Traditionally, it has been served to guests visiting Pyongyang. Therefore, there is a common saying, ""How good was the trout soup?"", which is used to greet people returning from Pyongyang. Another local specialty, Pyongyang onban (literally ""warm rice of Pyongyang"") comprises freshly cooked rice topped with sliced mushrooms, chicken, and a couple of bindaetteok (pancakes made from ground mung beans and vegetables).",False
Q41087,Raleigh,"==Eat==
Due to the large influx of residents from around the USA and the world as well as the large student population, there is a fairly large variety of cuisine available at a wide range of prices. And, being a Southern city, there are still plenty of options for traditional Southern food and a few modern interpretations of those traditional foods. Of course, no visit to North Carolina would be complete without trying some NC-style barbecue pork. There are actually two major styles in the state: Lexington-style (named after Lexington, NC) which uses only the pork shoulder and is served with a tomato and vinegar sauce and Eastern-style which uses the ""whole hog"" and is served with a vinegar-based sauce. Both styles are available around Raleigh and some restaurants include both types of sauce on the table.

* 
*
* 
** 
** 
* 
*
* 
* 
* 
* 

thumb|Carolina style chopped pork barbecue

* 
*
* 
* 
*
* 
* 
* 
* 

* 
* 

Thanks to relaxed regulations first in Durham and later in Raleigh, the Triangle area has a lively food truck scene with a wide variety of cuisines available in street food form from burgers and pizza to Chinese dumplings and Belgian waffles, and of course, barbecue. Many have since expanded to brick and mortar locations as well and a few popular restaurants have launched their own trucks. At lunchtime, trucks can usually be found near office parks with few restaurants nearby or on college campuses (there is almost always at least one truck serving weekday lunch on NC State's Centennial Campus). In the evening they often serve dinner at local breweries (see Drink below). Downtown Raleigh hosts occasional food truck ""rodeos"" featuring over 50 trucks from as far as Charlotte. See their website for upcoming dates and links to truck websites. A partial list of trucks that occasionally serve Raleigh is given below.
* 
* 
* 
* 
*",True
Q158119,Ramallah,"==Eat==
Eating should be no problem in Ramallah, regardless of the budget of visitors.

The bakery on Al-Quds street where the buses emerge from the bus station is one of the best in town. The staple is 'kmaaj' or pitta bread. A bakery in the Old City (Ramallah Tahta) produces brown kmaaj and sliced bread.

Also the Arabic variety of ice cream in many places in Ramallah is worth trying - a very different and more gooey and sticky version of what is available in the west. Regular ice cream can be found everywhere also. Try Rukab's and Baladna ice cream shops on the main street.

There are a huge number of falafel and shawarma places on all of the main streets. A filling falafel or hummous pita sandwich with a drink should run you around ₪4-6 from any of the common downtown restaurants. At nicer restaurants, such a combination will run you a bit more.

A large shawerma, kebab, or chicken sandwich goes for around ₪10-15 in most restaurants. A hamburger, fries, and a drink go for around ₪15-25 depending on the restaurant. Abu Alabed is an excellent shawerma place located in the old city next to fish and chips restaurant. Big Bite located at the end of the main street offers a wide range of hot and cold sandwiches.

* 
* 
* 
* 
* 
* 
* 
* 
* 

The city has a number of upscale restaurants. A nice steak or seafood dish will cost around ₪80. ""Darna"", ""Angelo's"", ""Azure"" are all nice options for upscale dining.

* 
*",False
Q48344,Recife,"==Eat==

thumb|Bolo de rolo with sorbet
Pernambuco has a multicultural gastronomy with African and indigenous influences, among others. The national dish Feijoada (a stew of beans, pork and beef, served with rice and Farofa) is not very popular in Recife.
On the other hand some ingredients which are widely used in Recife are hardly found in the South of Brazil, as manioc flour (which is the main ingredient of tapioca), cuscuz (corn flour), pumpkin, jerked beef, goat or lamb. Seafood is exotic and delicious. The regional food has some peculiarities like Carne de Sol and buchada, a dish prepared with the stomach of billy goat.
* Recife is the birthplace of two traditional and delicious cakes Bolo de Rolo and Bolo Sousa Leão.
* Do try the snacks on offer from beach vendors---little chicken and beef kebabs, oysters, prawns, and grilled cheese. Just be aware that some of the vendors may have been carrying them around for hours--if it doesn't look fresh, it probably isn't.
* A must try is Caldinho: a soup served all over the place (restaurants, dedicated carts and people with flasks selling it on the beach). Comes in a variety of flavors from black bean to shrimp. The person selling it will say ""completa"" when you order it. This simply means ""complete"", and if you say yes at this point you get a few added extras, such as a small boiled egg put into the cup of hot soup.

Recife is the gastronomic capital of the Northeast. There are more high-quality restaurants here than in any other city in Brazil north of Rio de Janeiro.

* 
* 

* 

* 

* 

thumb|Restaurants at Centro de Artesanato de Pernambuco

*
* 
*: 
*: 
* 
* 
* 

* 

* 

*
* 
* 
* 

thumb|Boa Viagem beach; beachgoers and a (ice cream?) vendor
Fancy sitting around all day on the beach under a beach umbrella? Well, you can! The chairs and the guy that moves the umbrella are free. All they ask in return is that you buy your food and drink from them.

They all carry a menu and the food arrives quickly and freshly made on the beach. Try the seafood. The fish is usually caught locally and earlier that same day.

Apart from your own vendor, there will be a variety of vendors walking up and down the beach, selling a variety of things. Learning the language for these items is useful but unnecessary as the vendor will take the time to show you what he/she has on offer.
* Prawns (camarão) - Be careful of the prawns-- smell them before purchase. A free sample is available with the word provar. They might have been walked up and down the beach for hours in the hot sun. A quick sniff is enough to tell you if they are fresh or not. If you decide to eat them, here is a quick tip: hold the tail of the prawn, tear off and discard the head and leg sections, hold the very tip of the tail, pop the rest in your mouth and bite off the tip leaving it in your fingers. Yes, you can eat the shell; peel it if you wish, but you will not see the locals doing this.
* Oysters (Ostra) - Vendors will be carrying a bucket full of",False
Q647,Rennes,"== Eat ==
: Galette-saucisse je t'aime, J'en mangerai des kilos! Dans toute l'Ille-et-Vilaine, Avec du lait ribot ! - sung by the fans of Stade Rennais FC

* Galettes are Breton salted crêpes made with buckwheat flour, and galettes-saucisses are roasted pork sausage wrapped in a galette. Lait ribot is half-fermented milk, sometimes served with boiled chestnuts.
 thumb | 300px | Galettes-saucisse 

 
* is a large fresh-food market hall, north side of Blvd de la Liberté. It's open M-Th 09:00-14:00, 15:30-19:00, F Sa 09:00-19:00, Su 09:00-13:00. There are places within to sit down and eat. Le Marché à Manger is a street food market there on the first Sunday of each month 11:00-17:00; various restaurants have stalls to demonstrate their cuisine.
* 
* Rue de Saint-Malo just north of Basilica Notre-Dame and the Tourist Office is a ""Little Asia"" of cheap eating places.
* Rue Saint-Georges in town centre has wall-to-wall cheap eating places at its east end off Rue Gambetta. Bistro Volnay (see ""Mid-range"" below) is the pricier pick of the bunch. 
* 
* 
* 
* 
* 
* 
* 

* 
* 
* 
* 
* 

 thumb | 300px | Racines gets rave reviews 
* 
* 
* 
* 
*",True
Q43421,Richmond,"==Eat==
Many of Richmond's fine restaurants may be found in the historic district downtown called Shockoe Bottom, in the Downtown area.",False
Q1773,Riga,"As a modern European capital, Riga offers a diverse selection of restaurants, from traditional Latvian cuisine to various international influences. Its fine dining establishments also include two Michelin-starred restaurants. Additionally, the city organizes Riga Restaurant Weeks in both spring and autumn, during which participating restaurants offer specially curated menus.",False
Q3692,Riyadh,"==Eat==
Eating out is one of the few pleasures of Riyadh &mdash; there's a pretty good selection of restaurants for various cuisines, ranging from cheap and hearty to fancy and expensive.

thumb|Applebee's restaurant in Riyadh
Your best bet for cheap, filling meals are Riyadh's countless small Pakistani/Indian restaurants, which can fill you up with curry and rice for about SR11.

Fast food places abound in Riyadh's shopping malls, with a full meal with drink averaging around SR20. If you want something other than the usual hamburgers and kebabs, Pizza Hut offers a pretty good salad buffet.

* 
* 
* 
* 
* 
* 
* 

* 
* 
* 
* 
* 
* 
* 
* 
* 

* 
*",False
Q218,Romania,"==Eat==
thumb|Colivă dishes are used for a church ritual.
thumb|Saramura is one of Romania's traditional dishes.
Romanian food is distinct yet familiar to most people, being a mixture of Balkan cuisine and Central European cuisine, but it has some unique elements. The local dishes are the delicious sarmale, ardei umpluți (stuffed peppers), mămăligă (pr. muhmuhliguh, polenta), bulz (traditional roasted polenta, filled with at least two kinds of cheeses, bacon and sour cream), friptură (steak), salată de boeuf (finely chopped cooked veggies and meat salad, usually topped with mayo and decorated with tomatoes and parsley), zacuscă (a yummy, rich salsa-like dip produced in the fall) as well as tocană (a kind of stew), tochitură (pr. tokituruh, an assortment of fried meats, and traditional sausages, in a special sauce, served with polenta and fried eggs), mici (pr. michi, with a ch sound like in the word ""chat""; a kind of spicy sausage, but only the meat, without the casings, almost always cooked on a barbecue, but may also be cooked with hot water vapours; often served with beer during picnics - mici și bere), roe salad, various mashed beans varieties like iahnie (the h is loud).

Other dishes include a burger bun with a slice of ham, a slice of cheese and a layer of French fries, ciorbă de burtă (white sour tripe soup), ciorbă rădăuțeană (very similar to ciorbă de burtă, but with chicken instead of tripe), ciorbă țărănească (a red sour soup, akin to borș but with the beet root being replaced by fermented wheat bran, with lots of vegetables), Dobrogean or Bulgarian salads (a mix of onions, lettuce, tomatoes, cheese, white sauce and ham), onion salad - diced onion served in a dish, tomato salad - diced tomato with cheese, șorici (pig skin - boiled and sometimes in stew), and drob (haggies) - a casserole made from lamb or pork liver and kidneys. Local eclectic dishes include cow tongue, sheep brain (Easter), caviar, chicken and pork liver, pickled green tomatoes and pickled watermelon.

Traditional desserts include pască (a chocolate or cheese pie produced only after Easter), sărățele (salty sticks), pandișpan (literally means Spanish bread; a cake filled with sour cherries), and cozonac (a special cake bread baked for Christmas or Easter). Bread (without butter) comes with almost every meal and dill is quite common as a flavoring. Garlic is omnipresent, both raw, and in special sauces (mujdei is the traditional sauce, made of garlic, olive oil and spices), as are onions.

Generally, there is good street food, including covrigi (hot pretzels), langoși (hot dough filled with cheese and various other optional seasonings like garlic), gogoși (donut-like dough, coated with fine sugar), mici (spicy meat patties in the shape of sausages), and excellent pastries (many with names such as merdenele, dobrogene, poale-n brâu, ardelenești), thin pancakes filled with anything from chocolate and jam to bananas and ice cream. Very popular are kebab and shawarma (șaor",True
Q220,Rome,"thumb|Spaghetti [[Carbonara|alla carbonara, a typical Roman dish]]
thumb|, a typical Roman dish

Rome's cuisine has evolved through centuries and periods of social, cultural, and political changes. Rome became a major gastronomical centre during the ancient age. Ancient Roman cuisine was highly influenced by Ancient Greek culture, and after, the empire's enormous expansion exposed Romans to many new, provincial culinary habits and cooking techniques.

Later, during the Renaissance, Rome became well known as a centre of high-cuisine, since some of the best chefs of the time worked for the popes. An example of this was Bartolomeo Scappi, who was a chef working for Pius IV; he acquired fame in 1570 when his cookbook Opera dell'arte del cucinare was published. In the book he lists approximately 1,000 recipes of the Renaissance cuisine and describes cooking techniques and tools, giving the first known picture of a fork.

The Testaccio, Rome's trade and slaughterhouse area, was often known as the ""belly"" or ""slaughterhouse"" of Rome, and was inhabited by butchers, or vaccinari.Eyewitness Travel (2006), pg. 312 – 313 The most common or ancient Roman cuisine included the ""fifth quarter"". The old-fashioned coda alla vaccinara (oxtail cooked in the way of butchers) is still one of the city's most popular meals and is part of most of Rome's restaurants' menus. Lamb is also a very popular part of Roman cuisine, and is often roasted with spices and herbs.

In the modern age, the city developed its own peculiar cuisine, based on products of the nearby Campagna, globe artichokes are common. In parallel, Roman Jews – present in the city since the 1st century BC – developed their own cuisine, the cucina giudaico-romanesca. The Roman cuisine widely use offal, resulting in dishes such as the entrail-based rigatoni with sauce. is a meat dish based on lamb from the Roman cuisine.

Examples of Roman dishes include saltimbocca alla romana – a veal cutlet, Roman-style, topped with raw ham and sage and simmered with white wine and butter; carciofi alla romana – artichokes Roman-style, outer leaves removed, stuffed with mint, garlic, breadcrumbs and braised; carciofi alla giudia – artichokes fried in olive oil, typical of Roman Jewish cooking, outer leaves removed, stuffed with mint, garlic, breadcrumbs and braised; spaghetti alla carbonara – spaghetti with bacon, eggs and ; spaghetti cacio e pepe – spaghetti with and black pepper; and gnocchi di semolino alla romana – semolina dumpling, Roman-style.",False
Q908,Rostov-on-Don,"==Eat==
* 
*",False
Q30974,Rouen,"==Eat==
thumb|A view of the Seine in Rouen from La Corniche.
Most of the tourist restaurants are located near the Eglise Sainte Jenne D'Arc. They are likely to be open Sunday when most other restaurants are closed. There are also shops, markets, and patisseries in that square and scattered throughout Rouen to purchase food. Many are open Sunday as well.

* 
* 
* 
* 
* 
* 
* 

* 
* 
* 

* 
* 
* 
* 
* 
* 

* 
* 
*",False
Q159,Russia,"==Eat==
thumb|280px|Bliny buckwheat pancakes with salmon roe (ikra), sour cream (smetana) and chopped onion

The foundations of the Russian cuisine was laid by the peasant food in an often harsh climate, with a combination of fish, poultry, game, mushrooms, berries, and honey. Crops of rye, wheat, buckwheat, barley, and millet provided the ingredients for a plethora of breads, pancakes, cereals, kvass, beer, and vodka. Flavourful soups and stews centred on seasonal or storable produce, fish, and meats. Russia's renowned caviar is easily obtained, however prices can exceed the expenses of your entire trip. Dishes such as beef Stroganov and chicken kiev, from the pre-revolutionary era are available but mainly aimed at tourists as they lost their status and visibility during Soviet times.

Russia has for many decades suffered a negative reputation for its food, and Russian cuisine was known for being bland and overly stodgy. However, the food scene has improved in the past years and Russia has also been known and famous for delicacies like caviar.

Russian specialities include:

*Ikra (sturgeon or salmon caviar)
*Pelmeni (meat-filled dumplings, similar to pot-stickers, especially popular in Ural and Siberian regions)
*Bliny (white flour or buckwheat pancakes, may be thin, or thick and airy baked), blinchiki (thin white flour pancakes, similar to French crêpes)
*Black bread (rye bread, somewhat similar to one used by North American delis and not as dense as German variety)
*Pirozhki (small pies or buns with sweet, vegetable, or meat filling, baked or fried)
*Belyashi (small fried buns filled with ground beef)
*Golubtsy (cabbage rolls)
*Ikra Baklazhanaya (aubergine spread)
*Okroshka (Cold soups based on kvass or sour milk)
*Schi (cabbage soup) and Green schi (sorrel soup, may be served cold)
*Borscht (beet and cabbage soup that originated in Ukraine but is also very popular in Russia and has regional varieties)
*Vinegret (salad of boiled beets, eggs, potato, carrots, pickles and other vegetables with vinegar, mustard, vegetable oil and/or mayonnaise)
*Olivier (Russian version of potato salad with peas, meat, eggs, carrots, and pickles)
*Shashlyk (various kebabs from the Caucasus republics of the former Soviet Union)
*Seledka pod shuboy (fresh salted herring with ""vinegret"")
*Kholodets (aka Studen - meat, garlic and carrots in meat aspic)
*Kvass (fermented thirst-quenching beverage made from rye bread, sugar and yeast, similar to young low-alcohol beer)
*Limonad (various soft drinks, usually carbonated)

thumb|280px|Pelmeni meat dumplings with three dipping sauces

Both Saint Petersburg and Moscow offer sophisticated, world class dining and a wide variety of cuisines including Japanese, Chinese, and Italian. They are also excellent cities to sample some of the best cuisines of the former Soviet Union, with Georgian and Uzbek restaurants being particularly popular among Russians. Russians have their own versions of fast food restaurants which range from",False
Q1037,Rwanda,"thumb|Brochettes, meat on a stick
Rwanda's cuisine consists of staple foods produced by subsistence agriculture (plantains, pulses, sweet potatoes, beans, cassava) and reflects other East African foods (mandazi, chapati). For those who live near lakes and have access to fish, tilapia is popular. The potato, thought to have been introduced to Rwanda by German and Belgian colonialists, is very popular. Ugali, locally known as Ubugari (or umutsima) is common, a paste made from cassava or maize and water to form a porridge-like consistency that is eaten throughout East Africa and across sub-Saharan Africa. Isombe is made from mashed cassava leaves and can be served with dried fish, rice, ugali, potatoes etc. Lunch is usually a buffet known as mélange, consisting of the above staples and sometimes meat. Brochettes are the most popular food when eating out in the evening, usually made from goat but sometimes tripe, beef, or fish. It's important to note however that many children in Rwanda are malnourished (1/3rd for children under five).
thumb|230x230px|Shortcake Mandazi (originated in neighbouring [[Tanzania)]]
In rural areas, many bars have a brochette seller responsible for tending and slaughtering the goats, skewering and barbecuing the meat, and serving it with grilled bananas. Milk, particularly in a fermented yoghurt form called ikivuguto, is a common drink throughout the country. Other drinks include a traditional beer called Ikigage made from sorghum and urwagwa, made from bananas, and a soft drink called Umutobe which is banana juice; these popular drinks feature in traditional rituals and ceremonies. The major drinks manufacturer in Rwanda is Bralirwa, which was established in the 1950s, a Heineken partner, and is now listed on the Rwandan Stock Exchange. Bralirwa manufactures soft drink products from The Coca-Cola Company, under licence, including Coca-Cola, Fanta, and Sprite, and a range of beers including Primus, Mützig, Amstel, and Turbo King. In 2009 a new brewery, Brasseries des Mille Collines (BMC) opened, manufacturing Skol beer and a local version known as Skol Gatanu; BMC is now owned by Belgian company Unibra. East African Breweries also operate in the country, importing Guinness, Tusker, and Bell, as well as whisky and spirits.",False
Q1724,Saarbrücken,"==Eat==

A Saarlandish specialty is Schwenker, a steak prepared on a special grill where the grilling rack is swung by the cook over a fire. It is often served at festivals and Biergärten.

All these are in the city centre:

* 
* 
* 
* 
* 
* 
* 

* 
* 
* 
*
* 
* 

* 
* 
* 
* 

thumbnail|right|Modern architecture in the Hafenstraße",False
Q18013,Sacramento,"==Eat==

The diversity of Sacramento is not only reflected in its various neighborhoods but also in the food choices you can find here. The places in the central district tend to be more trendy and hip while food establishments in their respective neighborhoods reflect the tastes of their residents. Finding unique fare in suburban Sacramento, northeast of the city limits, can be difficult as many of the establishments are dominated by national or large regional chains.

*
* 
* 
* 
* 
* 
* 

* 
* 
* 
* 
* 
* 
* 
*

* 
* 
*",False
Q760,Saint Lucia,"Saint Lucian cuisine is a mix of African, European, Indian and Caribbean dishes. Some common dishes include macaroni pie, stewed chicken, rice and peas, roti (Indian flatbreads) and soups made with fresh locally produced vegetables. All mainstream meat and poultry are eaten in St. Lucia; meat and seafood are normally stewed and browned to create a rich gravy sometimes served over ""ground provisions"" (vegetables) or rice. Johnny cakes (known as bakes) are also common, and are served with different side dishes, such as saltfish. The national dish of Saint Lucia is green figs and saltfish.",False
Q28848,Saint Paul,"==Eat==
* 
* 
* 
* 
* 
* 
* 
* 
* 
* 
* 
*",False
Q36947,Salvador,"==Eat==
Bahian restaurants are considered to be among the best in Brazil. The majority of Bahia restaurants offer South American cuisine but there a few that offer other specialties. For example, the Maria Mato Mouro located at Rua 3A Ordem de São Francisco, Pelourinho serves a wide range of seafood dishes from all over the world although most are from South America. One of the most popular dishes is the grilled bahia fish badejo. This restaurant is open daily from noon until 1AM and offers main courses from $15 to $25. The Terreiro de Jesus is a great place to sample the local cuisine from street stalls, served by Afro-Brazilian baianas in their traditional white dresses. A must try dish is the Abara. This is a wrap with bean paste, dende oil and onions all cooked in a banana leaf with spices for flavour. if you prefer western food then you will find many fast-food places like Burger King, McDonald's, Subway or Pizza Hut. You also will find casual dinner chains like Outback Steakhouse.

Be sure to try acarajé, small fritters made from black-eyed peas and onions fried in palm oil slathered with spicy vatapá (shrimp paste). These are sold by Baianas on the street.

*Acarajé da Cira, Largo de Itapuã, 3249-4170. Fresh acarajé daily from 10:00-23:00. There is also another location on the Largo da Mariquita in Rio Vermelho.
*Acarajé da Dica, Rua J, Castro Rabelo, Pelourinho. Open Tu-Sa 15:00-23:00, Su 10:00-01:00.
* Health Valley Brasil, Rua Direita da Piedade (in the city center). Vegetarian restaurant run by an African couple. Serving typical dishes based around ginger. Very popular with the local alternative crowd. Buffet including fruit juice and dessert costs R$12.
*Quiosque de Amaralina, Ave Otávio Mangabeira, Amaralina. Serving acarajé near the beach from 4PM to midnight.

* 
* 
* 
* 
* 
* 
* 
* 
*
*

* Amado, Ave Contorno. Contemporary cuisine.
* Barbacoa, Ave Tancredo Neves. Fine meat dishes and some of Salvador's best feijoada in a refined atmosphere.
* Boi Preto, Boca do Rio (in front of Aeroclube Plaza Show near the Convention Center). One of the best churrascarias in town. Full buffet and salad bar plus unlimited fine cuts of meat.
* 
* Marc Le Dantec, Pier Sul Apartment Service, Ondina. The best French restaurant in the city.
* Mistura, Itapoã. Specializing in fish and international cuisine.
* Trapiche Adelaide, Comércia. Voted among the best fine dining in the city, with a fine view of the Bay of All-Saints.
* Yemanjá, Ave Otávio Mangabeira 9292, Pitubá, 231-5570. Long held nationally and internationally as the standard in typical Bahian cuisine.
No trip to a Salvador restaurant is complete without dessert. The Bahia region is famed for its sweet tooth. A Cubana at Rua Alfredo de Brito 12 is open daily from 08:00 until 22:00. It is an old-fashioned ice cream parlor or sorvetoria with 28 homemade flavors.",False
Q34713,Salzburg,"==Eat==
thumb|200px|Salzburg Nockerl
A typical dessert from Salzburg is the Salzburg Nockerl, a tasty baked soufflé best served with ice cream, berries and whipped cream. Good places make it to order, which takes at least 30 minutes, and the serving size is huge: one Nockerl is easily enough for four!

* 
* 
* 
* 

* 

thumb|200px|Saran Essbar

* 
* 
* 
* 
* 
* 
* 

Many of the beer halls listed under Drink are also great mid-range options.

* 
* 
* 
* 
* 
* 

* 
* 
* 
* 

*",False
Q894,Samara,"==Eat==
* 
*",False
Q5753,Samarkand,"== Eat ==
 thumb | 300px | Samarkand Non is almost a cake 
: Plov is the staple dish, rice stewed with meat and veg. The local version uses more oil and yellow carrots than elsewhere, sometimes enlivened by an otherwise useless horse.
: Samarkand Non, the local bread, is almost a bowl or cake.

* 
* 
* 

* 
* 
*",False
Q975,San Antonio,"==Eat==

*

* 
* 
* 
*
*
* 
* 

* 
* 
* 
* 
* 
* 
*

* 
* 
*
*",False
Q3070,San José,"==Cuisine==

Costa Rican cuisine, called (""traditional food""), is generally not spicy. Throughout San José, the most popular food is the national dish of (""painted chicken""), which is black beans served with white rice. Gallo pinto is usually served for breakfast with tortillas and , a thin sour cream. Costa Rican restaurants serving traditional food at an affordable price are called sodas and usually offer substantial for lunch and dinner. A casado (meaning ""married"" or ""married man"" in Spanish) consists of rice, beans, and meat, with cabbage-and-tomato salad, fried plantains, and tortillas. San José Central Market, in downtown San José, has numerous food markets and sodas.",False
Q238,San Marino,"thumb|upright=0.9|A [[piadina, a dish characteristic of the Italian region of Romagna and of San Marino]]
The cuisine of San Marino is extremely similar to central Italian cuisine, especially that of the adjoining Emilia-Romagna and Marche regions, but it has a number of its own unique dishes and products. Its best known is probably the Torta Tre Monti (""Cake of the Three Mountains"" or ""Cake of the Three Towers""), a wafer layered cake covered in chocolate depicting the Three Towers of San Marino. The country also has a small wine industry.",False
Q1848,San Marino,"==Eat==
Italian dishes, like pasta, pizza, gelato (Italian ice-cream), and whatever you eat in Italy. Restaurants are easy to find, and some offer tables with great views.

Supermarkets in San Marino are few and far-between, although the following can help in this area:
* 
* 

* 
* 

* 
* 
* 
* 
* 
* 
* 
* 

* 
* 

* Righi, the one and only Michelin star restaurant in San Marino, has closed permanently.",False
Q3110,San Salvador,"==Eat==
The restaurant scene in San Salvador is influenced by many different cultures. Food options include Italian, Korean, Japanese, Thai, French, Chilean, American, Peruvian, Mexican, Spanish, Middle Eastern, German, Chinese, Argentinian and others. Local food options include Tipicos Margot where one can purchase the famous Salvadoran Pupusas. Perhaps the biggest indictment against the quality of the San Salvador restaurant scene however is the sheer number of chain restaurants referenced in this article.

When you are in El Salvador you won't have to worry about finding a place to eat, there is food everywhere you go.

* 
*Punto Literario. In El Museo de Arte Marte col. San Benito. Zona Rosa.
* 
* 
* 
* 
* 
* 

* 
* 
*Royal, 87 Avenida Sur. Chinese food. +503 2264 0051
* 
*San Martín Multiplaza and El Paseo. Bakery.
*Benihana inside El Paseo - International Japanese steak house
*Bennigans inside La Gran Via - International - Irish
* 

* 
* 
*Los Ranchos, Calle La Mascota #232 Interseccion Pje. A y Pje #3 Col.La Mascota, Zona Rosa.
* 
*El Mirador Plaza, Col. Escalón. Buffet and à la carte.
*Hunan, Upmarket Chinese restaurant specializing in Szechuan and Shanghai in elegant surroundings - Paseo General Escalón y 99 Avenida Norte. Plaza Villavicencio
* 
* 

If you need to buy something, there are a lot of supermarkets in this city. Some are international, which come from Guatemala, the USA and other countries that are interested in bringing supermarkets to San Salvador.",False
Q34820,Santo Domingo,"==Eat==

Santo Domingo offers a variety of cuisines from around the world from Chinese, Italian and Mediterranean to Brazilian. You can also find the main fast food franchises like McDonald's, Burger King, Pizza Hut, Wendy’s, and Taco Bell.

Mid-grade and high-end restaurants can be quite costly for Third World standards, a dinner with an entrée, main course, drink and dessert can range from US$15-75 per person, plus 10% mandatory tip plus 16% ITBIS tax. Be careful and ask around as price doesn't always equal quality, especially in tourist areas.

Unless the contrary is specified menu prices don’t include the 10% service charge and 16% sales tax, so real prices are 26% higher than indicated in the menu.

If you want to spend less than US$8 on a decent meal and drink:

*Visit a “comedor” or cafeteria: Comedores offer a “Plato del Día” or predetermined meal of the day (usually rice, beans, salad and meat or chicken, and a soda) for US$3–8. Cafeterias and Comedores can be found everywhere around the city but specially around business areas and universities, this is where locals eat so is a great way of getting in touch with the culture. “Mimosa”, located on Padre Billini street in the Colonial Zone, offers a great variety of tasty local food during lunch hours. Another great option is Cafeteria ""El Parque"" which is in front of Eugenio Maria de Hostos Park attached to the ""Clinica Abreu"" one of the country's best and most prestigious clinic, close to the Colonial Zone and the Malecon, great place for breakfast, lunch and an early dinner.

*Best sandwiches, juice and shakes in the Caribbean: ""Barra Payán"", 30 de marzo street (five minutes from the Colonial Zone), is open seven days a week, 24 hours a day. A sandwich cafeteria, the place has been a traditional eatery for more than a half century. Buy a sandwich and a delicious squeezed-to-order fruit juice or milkshake for less than US$5.

*Chinese and ""Pica Pollo"":At some point in history Dominicans became quite fond of fried chicken and Chinese food, combining both cuisines into fast food establishments known as ""pica pollos"". These are usually take-out joints run by first or second generation Chinese immigrants, serving up heaping portions of fried rice, plantain slices and tasty (and greasy) fried chicken, along with the usual variety of Chinese comfort food. Very inexpensive. Visit Santo Domingo's China Town, near the Mercado Modelo and not far from the Colonial Zone (Duarte Avenue), a very busy zone where working-class people do a lot of their shopping. If you feel adventurous enough to enter this usually chaotic but very picturesque part of the town it would an experience to remember. Keep in mind, pick-pockets love the crowded streets, watch your belongings closely.

*Fast food: A McDonald's combo costs around US$5, Taco Bell, Wendy's and Pizza Hut around US$6. There are also several very good local franchises like Pizzarelli where you can have pasta, pizza or a salad, and others like Pollos Vi",False
Q3932,São Tomé,"==Eat==
* 
* 
* 
*",False
Q1039,São Tomé and Príncipe,"Staple foods include fish, seafood, beans, maize, bread fruit, and cooked banana. Tropical fruits, such as pineapple, avocado, and bananas, are significant components of the cuisine. The use of hot spices is prominent in São Tomése cuisine. Coffee is used in various dishes as a spice or seasoning. Breakfast dishes are often reheated leftovers from the previous evening's meal, and omelettes are popular.",False
Q5332,Saratov,"==Eat==
thumb|Saratov Orthodox Theological Seminary
Cafe Fortuna, above an internet cafe on Prospekt Kirova, is reliable for good Russian food like blini, borshch and solyanka, as well as omelettes and chips and the like.

Papa's Irish Bar, also on the Prospekt, serves a decent menu including a fry and Irish stew, as well as other slightly Russified Western pub food. 

There is a Tinkoff Restaurant and Bar in Saratov. Tinkoff hosts live groups, as it does in its other locations in Russia. Decor inside is clean and swanky, with dimmed lights and lounge-style tables. The food is overpriced and uninspiring. Expect to go through security by stocky bouncers if you arrive to see a concert.

There are a number of passable sushi restaurants around, while street food like shwarma and hot pirogi are readily available.

There is also an ice-cream parlour called Pingvin on the Prospekt and a Baskin Robbins by the multi-coloured church off the end of the Prospekt.

Near the circus there is perhaps Russia's only branch of Papa John's Pizza. Like many American fast-food imports, Russian Papa John's appears to be a decent, sit-down restaurant. The restaurant provides free wireless to its guests.

Saratov is also home to a locally-owned chain of overpriced coffee shops called Vostok-Zapad ('East-West'), where no two cappuccinos are ever the same (or, indeed, ever much like a cappuccino). They are, however, a pleasant place to hang out and the coffee is decent enough, if not exactly what you may have in mind but the quality is consistently better than the used dishwater served in most US and UK branded coffee chains. Another café is Café et Chocolat which, as the name suggests, is a French-style establishment, serving crepes and pastries. They have several branches.

The withdrawal of Western companies from the Russian market following Russia's invasion of Ukraine is especially noticeable in fast food joints. Where Saratov used to have a whole lot of McDonald's, KFC, Subway, and Starbucks places, these are now all replaced by Russian versions that are almost, but not quite, entirely like the American original. The menu, taste, prices, and even corporate design remains nearly the same, only the names have been changed (but will be immediately obvious what it was originally). The was a McDonald's located right at the main pedestrian street, and is also still now a popular fast food place, especially with school kids. Further on the same street is a (formerly KFC).

On Prospekt Stolypina is , a covered indoor yard where you can order food from the surrounding restaurants. It's somewhat like a food court, but more upscale, often featuring live music. You cannot reserve tables. You can order directly at the restaurant (mention your table number, they will bring it then), or you can use their website to call a waiter from the restaurant(s) of your choice. Gastrodvor has a variety of restaurants, including Vietnamese, Georgian, Israeli, etc.",True
Q851,Saudi Arabia,"==Eat==
Like in other Middle Eastern countries, food is traditionally eaten by hand in Saudi Arabia. The most important thing to remember is to use only your right hand (see Home etiquette below).

Unlike other businesses that kick out their customers at prayer time, most restaurants let diners hang around and eat behind closed doors through the prayer period. New customers are generally not allowed to enter until after prayer is over.

thumb|245px|Kabsa is the national dish of Saudi Arabia

The Middle Eastern staple of shawarma (doner kebab) is widely available in dedicated little joints, with being the standard price for a sandwich. The Egyptian mashed fava bean stew foul is another cheap staple, and these shops usually also offer felafel (chickpea balls) and a range of salads and dips like hummus (chickpea paste) and tabbouleh (parsley salad).

Finding restaurants that serve Saudi cuisine is surprisingly difficult, although many larger hotels have Arabic restaurants. Your local Saudi or expatriate host may be able to show you some places or, if you're really lucky, an invitation to dinner at home.

* Mandi — Chicken or mutton cooked with rice in a pot suspended above a fire. Most popular in the south near the Yemeni border.
* Kabsa — the national dish of Saudi Arabia, made with basmati rice, meat, vegetables and spices. It is usually topped with meat 

Like other Middle Easterners, Saudis love their desserts, with the baklava being an essential part of iftar meals during Ramadan. Like in the other countries of the Arabian peninsula, dates are traditionally grown in Saudi Arabia, and often served to guests at a majlis (traditional Arab gathering).

Although meat is traditionally used in many dishes, it is usually not used as a primary ingredient. Many restaurants will do at least one of three things:

* serve at least one dish that is vegetarian by default
* remove meat from a dish if asked
* allow you to replace any meat with a vegetarian ingredient

Fast food is a huge business in Saudi Arabia, with all the usual suspects (McDonald's, Burger King, Pizza Hut, Subway) and not a few chains that rarely venture outside America elsewhere (e.g. Hardee's, Little Caesars). Meals invariably served with fries and Coke cost SR10-20. Some local imitators worth checking out include:

thumb|Al Baik roast chicken meal

* Al-Baik — fried chicken, in Jeddah, Mecca, Medina, Taif and Riyadh.
* Baak — Pizza (thin crust and quite good), fried chicken, lasagna, sandwiches
* 
* 
* Hamburgini. Popular Saudi-owned Burger chain.
* House of Donuts — ""The Finest American Pastries"", a chain started by Saudi students who studied in America
* Taza
* Abo Zaed — Saudi traditional food
* Jan Burger

Cheaper yet are the countless curry shops run by and for Saudi Arabia's large Indian, Pakistani, and Bangladeshi community, which serve up large thali platters of subcontinental fare for under SR10. Just don't expect frills like air-conditioning.",False
Q1709,Schwerin,"==Eat==

*
* 
* 
* 
* 
* 
* 

*
* 
* 
* 
* 

* 
*",False
Q5083,Seattle,"==Eat==

Typical of a big city, Seattle has a diverse range of fare representative of cuisines from around the world. Local chains and hole-in-the-wall restaurants dominate the city's dining atmosphere, and hearty, inexpensive meals can be found all over the city.

Seattle's proximity to Alaska and the waters of the Pacific Ocean make it an excellent place to enjoy seafood. Look for salmon during the late summer months as options are abundant and the prices are among the cheapest on the West Coast, especially the red (sockeye) salmon. Shellfish are a prized resource of the Puget Sound, where the cool, clean waters provide an optimal habitat. Clams, mussels and oysters can be found easily, but other specialties like geoducks (pronounced GOO-ey-ducks) are sometimes available for the more adventurous. The Dungeness crab, named for a nearby town on the Sound, is a popular seafood prized for its sweet, tender flesh and high ratio of meat. The Dungeness is a commercially important crab in Washington's waters but other crab species are also common. The Alaskan king crab, caught from the deep cold waters of the Pacific Ocean near Alaska, has a more frequent presence here than the rest of the lower 48.

The mild climate also supports many types of fresh produce. Farmers' markets are a normal occurrence on the weekends, especially in residential areas, and they usually have better quality produce than what you can get at supermarkets. They're an excellent opportunity to taste local delicacies and experience the local culture. Apples, which are exported from Washington and shipped all over the world, are in season around September or October. Delicious Rainier cherries are in season June through early August.

Seattle boasts a wide variety of Asian cuisine, from East Asia to the South. For several decades the ubiquitous comfort food of choice was the Japanese-inspired teriyaki, a generous portion of grilled chicken in a sweet-savory sauce served over white rice. The family-run hole-in-the-wall shops offering this cheap and filling fast food are increasingly being displaced by more upmarket fare, giving way to the poke and ramen shops popping up across the city. Sushi is widely available, in quality (and price) ranging from pedestrian to exquisite. Thai cuisine is ubiquitous, Chinese restaurants are present in most neighborhoods, and more recent waves of immigrants have added Vietnamese pho and Korean influence to the landscape. 

The Cuban pork sandwich, a non-traditional heap of roasted pork, grilled onions, and aioli dressing in an undersized crusty roll, is offered by several casual restaurants throughout the city. There are also a fair number of Ethiopian restaurants, with a large concentration in the Central District and South Seattle.

Donut shops and bakeries are virtually everywhere, with some offering warm in-house brewed coffee, making them an excellent delight in the cold weather or as a snack.

Downtown and Pioneer Square feature high end restau",False
Q1041,Senegal,"==Eat==
thumb|Ceebu jen
Be careful with food prepared by the road, as it could be cooked in unsanitary conditions. Western-style meals are available and can be found at restaurants in various parts of Dakar, Thies, Saint Louis and other towns and near the big hotels in the Petite Côte and in some other tourist regions of the country.

If you want to try genuine Senegalese food, you can buy it at many restaurants; or alternatively, you can make it yourself with the food gathered fresh from the markets or supermarkets.

The official dish of Senegal is ceebu jen (or thebou diene), which is rice and fish. It comes in two varieties (red and white, named after the respective sauces). The Senegalese love ceebu jen and will often ask if you've ever tried it, and it is definitely part of the experience. Even better if you get the chance to eat with your hands around the bowl with a Senegalese family. Keep your eyes out for the delicious, but elusive ceebu jen ""diagga"", which is served with extra sauce and fish balls.

Other common dishes are maafe, which is a rich, oily peanut-based sauce with meat that is served over white rice. Yassa is a delicious onion sauce that is often served over rice and chicken, yassa poulet or with deep fried fish yassa jen.",False
Q403,Serbia,"==Eat==

Serbian food is a typical Balkan mix of Central European, Mediterranean, and Middle Eastern dishes. Serbs are very proud of their food, which is heavy on grilled meats and sausages, local cheeses and bread. Serbia is predominantly a meat-loving nation. In all major cities, there are many international restaurants, such as Italian, Chinese, Mexican, Thai, Lebanese. In Belgrade you can even find sushi or kosher food.

There are international fast-food franchises such as McDonald's and KFC. On the whole, prices are cheap compared to Western Europe with main dishes ranging from RSD 600 to 2400 per person.

thumb|Rostilj
thumb|Pljeskavica
Most Serbian restaurants offer roštilj, a large plate of various grilled meats, or any possible variety of grilled chicken wrapped in bacon and stuffed with cheese. It is possible to order fresh salads, plates of grilled vegetables, crepes, or omelettes if you are not carnivorous. Serbian cuisine is famous for its heavy use of varied vegetables, fresh or cooked.

Bakeries – called pekara – are ubiquitous in the city centre, and you will find a wide assortment of breads, sweet and savoury pastries, sandwiches, and pizza. Some are open 24 hours per day. A snack or light meal of pastry and drinkable yoghurt (similar to kefir but milder) will give you an added healthy boost when walking about the city centre.

Turkish delicacies such as baklava, tulumba, and other sweet treats are also commonly found.

Foods that vegetarians and meat eaters alike should try include kajmak (something between cream cheese and butter) and ajvar, a savoury spread made out of roasted red peppers. It is also worth visiting a pijaca (green market) to buy some fresh fruit, vegetables and other grocery items.

Pljeskavica (pronounced approximately: PLYES-ka-vitsa) is the Serbian version of a hamburger which can be purchased from fast food restaurants.

The most famous dish in Serbia is ćevapčići (pronounced: chay-VAH-pee, chay-VAP-chitchee). Also called Ćevapi, they are a traditional food eaten throughout the Balkans. It consists of different types of minced meat (pork and beef) mixed together, shaped like small sausages, and then put on the grill. It is usually eaten with diced onion, and is very tasty. Depending on size, a portion of ćevapčići in a somun (pita bread), possibly with onion, ajvar or kajmak, is between RSD 180 and RSD 480.

Do not forget to taste the Karađorđeva Šnicla. It is meat that is filled with kajmak and bacon, and then pan-fried. It is another traditional Serbian dish that honors the leader of the first Serbian uprising against the Ottomans.

Try other traditional Serbian dishes, such as pečenje (roast pork or lamb), veal soup, and fish soup.

Burek (pronounced BOO-rek) is considered a national dish. It is made with a range of fillings including meat, cheese, spinach, apple or cherry. Due to the high fat content it is not for dieters. it is often eaten in the morning and can be sold out by the evening.

thumb|Ćeva",False
Q7525,Sevastopol,"==Eat==

* You should try original and real ""Baklava"", which is different than the Greek or Turkish versions. European soldiers fighting in the Crimean War coined the term ""Baklava"" while fighting in Sevastopol and neighbouring Balaklava from the local fried bread coated in honey popular in the region. Hence, the name, Baklava, was imported to the West. It's a thin unleavened fried flour bread covered in honey and sold in small stores and on beaches by vendors.
* 
* 

* 

* 
*",False
Q1042,Seychelles,"thumb|Cutting open young coconuts for drinking, Seychelles
Staple foods of Seychelles include fish, seafood and shellfish dishes, often accompanied with rice. Fish dishes are cooked several ways, such as steamed, grilled, wrapped in banana leaves, baked, salted and smoked. Curry dishes with rice are also a significant part of the country's cuisine.

Other staples include coconut, breadfruit, mangoes and kordonnyen fish. Dishes are often garnished with fresh flowers.

* Chicken dishes, such as chicken curry and coconut milk.
* Coconut curry
*Dal (lentils)
* Fish curry
*Saffron rice
* Fresh tropical fruits
*Ladob, eaten either as a savoury dish or as a dessert. The dessert version usually consists of ripe plantain and sweet potatoes (but may also include cassava, breadfruit or even corossol), boiled with coconut milk, sugar, nutmeg and vanilla in the form of a pod until the fruit is soft and the sauce is creamy. The savoury dish usually includes salted fish, cooked in a similar fashion to the dessert version, with plantain, cassava and breadfruit, but with salt used in place of sugar (and omitting vanilla).
*Shark chutney typically consists of boiled skinned shark, finely mashed and cooked with squeezed bilimbi juice and lime. It is mixed with onion and spices, with the onion fried and cooked in oil.Sarah Carpin (1998) Seychelles, Odyssey Guides, The Guidebook Company Limited. p. 77
* Vegetables",False
Q8686,Shanghai,"thumb|[[Xiaolongbao in Shanghai]]
Benbang cuisine () is cooking style that originated in the 1600s, with influences from surrounding provinces. It emphasizes the use of condiments while retaining the original flavors of the raw ingredients. Sugar is an important ingredient in Benbang cuisine, especially in combination with soy sauce. Signature dishes of Benbang cuisine include Xiaolongbao, Red braised pork belly, and Shanghai hairy crab. 

Haipai cuisine is a Western-influenced cooking style that originated in Shanghai. It uses elements from French, British, Russian, German, and Italian cuisines and adapted them for local taste preferences and to incorporate local ingredients. Haipai cuisine dishes include Shanghai-style borscht (, ""Russian soup""), crispy pork cutlets, and Shanghai salad, derived from Olivier salad. Both Benbang and Haipai cuisine use various seafoods including freshwater fish, shrimp, and crab.",False
Q15174,Shenzhen,"==Eat==

thumb|Màocài, a tingly-spicy Sichuan dish, at a restaurant in Shenzhen
thumb|Vegetarian food at the [[Shenzhen/West|Fenghuang Mountain temple]]
Because Shenzhen is a migrant city, all of China's regional cuisines are represented here, with Guangdong, Hunan, and Sichuan food particularly common. Restaurants range from hole-in-the-wall establishments for homesick working class arrivals to opulent food palaces for businessmen and politicians entertaining clients. Spending ¥100 on a fantastic meal is no problem (though, you can spend ¥40 or less on a fantastic meal in Shenzhen). Treat yourself, and enjoy the wonderful food and variety of Shenzhen!

Some outer neighborhoods in Shenzhen are known for a local specialty. Probably the most famous are oysters ( shēngháo) in Shajing in the far northwest of the city (Bao'an district)—they're said to be the ""milk of the ocean floor"", and the local ones are delicious and high in protein.

International chains such as McDonald's, KFC, Pizza Hut, and Starbucks are easy to find, especially in malls and Eat Streets (see below), and expensive foreign restaurants catering to expats are scattered throughout the city too. The biggest concentration by far is in Shekou.

As well as casual restaurants and fine dining, Shenzhen is famous for its ""Eat Streets"". These are agglomerations of cheap and cheerful restaurants serving food from all over China. Despite the name, they're not limited to a single street; they may be spread over a small area of streets and alleys. They are not elaborate but they are friendly and fun and some of the food is to die for. Different Eat Streets often specialise in food from different parts of China. See district articles for individual listings.

Mom-and-pop restaurants and hole-in-the-wall shops are plentiful, serving authentic, inexpensive (¥10–25), and filling meals. Often these are geared towards local workers, so you may be able to find them around the corner, in the back, or in some out of the way spot near popular attractions. You can also find them at the Eat Streets and other places that get a lot of foot traffic. At some, you can choose two or three dishes, cafeteria-style, to have with rice—selecting these is easy even if you don't speak any Chinese.

Street food carts are here too, including authentic snacks as well as light meals.

For breakfast, try the steamed buns, cheung fun, congee, egg pancakes, noodles, and soymilk sold from carts and hole-in-the-wall shops anywhere that gets a good amount of foot traffic.

Thousands all over the city. Many popular, delicious options are in shopping malls, so if you're at a loss for where to eat, just pick a mall and wander around inside until you see something that looks good. Others are on ordinary street corners, the ground floor of high-rises, or the Eat Streets mentioned above. Visiting outside of peak mealtimes or on less popular days will help you get a table without a wait. For better prices, avoid the very center of Fut",True
Q2751,Siena,"==Eat==
thumb|Panforte tipo margherita
* Excellent gelato can be found just off the Campo at gelateria ""Il Gelato"". Ask for Romaney.
* For something more substantial, ""La Chiacchiera"" next to the House of St Catherine is an excellent source of typical Tuscan cuisine; the pici (thick, homemade noodles) are superb.
* 
* 
* 
* 
* 
* 

Sienese specialties include:

* Panforte - a unique kind of dense cake, made of honey, flour, almonds, candied fruits, a secret blend of spices, etc. Tipo Margherita is the classic, but several other types are made. Panforte is commercially manufactured only in Siena and neighboring Monteriggioni, its loyal ally in Medieval wars with Florence. The most famous brand of panforte is Sapori. You can buy panforte most cheaply in local supermarkets, but don't miss a trip to Nannini on Banchi di Sopra (see above), a pleasant caffé where you can buy not only their panforte by weight but also many other types of unusual pastries and so forth.
* Ricciarelli - small almond paste cakes.",False
Q19566,Simferopol,"==Eat==

The number one must-eat food in Simferopol is plov. This Turkic rice-based dish with sauteed meats and vegetables is very oily, so those on dietary restrictions may want to check twice before eating. One plate of plov cost approximately USD3 at the Central Market.

Number two must eat food is meat on skewer, cooked over charcoal. It's called shashlik by the locals. Goes very well with raw onion with vinegar and with lepeoshka (round bread)

Number three on the list is lagman, a local version of noodle soup.

In fourth place is the locals' favourite borsh. It's a vegetable soup, generally eaten with bread. Solenka is also a local soup that is worth trying.",False
Q334,Singapore,"==Eat==

Singapore is a melting pot of cuisines from around the world, and many Singaporeans are obsessive gourmands who love to makan (""eat"" in Malay). You will find quality Chinese, Malay, Indian, Japanese, Korean, Thai, Italian, French, British, American and other food in this city-state.

Eating habits run the gamut, but most foods are eaten by fork and spoon: push and cut with the fork in the left hand, and eat with the spoon in the right. Noodles and Chinese dishes typically come with chopsticks, while Malay and Indian food can be eaten by hand, but nobody will blink an eye if you ask for a fork and spoon instead. If eating by hand, use only your right hand to handle your food, as Malays and Indians traditionally use their left hand to handle dirty things. Take note of the usual traditional Chinese etiquette when using chopsticks, and most importantly, do not stick your chopsticks vertically into a bowl of rice. If eating in a group, serving dishes are always shared, but you'll get your own bowl of rice and soup. It's common to use your own chopsticks to pick up food from communal plates, but serving spoons can be provided on request. When eating at Western restaurants, traditional European dining etiquette generally applies.

Keep an eye out for the Singapore Food Festival, held every year in July.

Singapore is justly famous for its food, a unique mix of Malay, Chinese, Indian and Western elements. The following is only a brief sampler of the most popular dishes.

The most identifiable cuisine in the region is Peranakan or Nonya cuisine, born from the mixed Malay and Chinese communities of what were once the British colonies of the Straits Settlements (modern-day Singapore, Penang and Malacca).

* Ayam buah keluak is a dish made by cooking pieces of chicken in a rich and spicy sauce made with the black seeds of the Pangium edule or kepayang tree. The seeds contain cyanide and are deadly to humans if not prepared correctly, making it a very labour intensive dish to prepare.
* Babi pongteh is pork belly stewed in a salty fermented bean sauce.
* Chilli crab is a whole crab ladled with oodles of sticky, tangy chilli sauce. It's spicy at first, but the more you eat, the better it gets. Notoriously difficult to eat, so don't wear a white shirt: just dig in with your hands and ignore the mess. The seafood restaurants of the East Coast are famous for this. For a less messy but equally tasty alternative, ask for black pepper crab.
* Kaya is a jam-like spread made from egg and coconut, an odd-sounding but tasty combination. Served on toast for breakfast, canonically accompanied by runny eggs and strong, sweet coffee (kopi). Exists in two distinctive styles; the greenish Nonya version, coloured with pandan leaf, and the brownish Hainanese version.
* Laksa, in particular the Katong laksa or laksa lemak style, is probably the best-known Singaporean dish: slippery rice noodles in a creamy, immensely rich coconut-based curry broth, topped with cockles o",False
Q214,Slovakia,"==Eat==
Slovak cuisine focuses mostly on simple and hearty recipes. Historically, what is now considered genuinely Slovak has been the traditional food in the northern villages where people lived off sheep grazing and limited agriculture - in the harsh conditions many crops don't grow, and herbs are more accessible than true spices. Therefore, the staple foods mostly involve (smoked) meat, cheese, potatoes and flour. This does not make the food bland, however, and much of it is quite filling and flavoursome, though can be a bit heavy. As no strong spices or truly exotic ingredients are used, sampling local wares is a safe and rewarding experience.

Some dishes are authentically Slovak, many others are variations on a regional theme. A lot of cheese is typically consumed, out of meats pork and poultry products are the most common, with some beef and game dishes, most common accompaniments being potatoes and various types of dumplings. However, a lot of Slovak dishes that use meat don't use it as a primary ingredient. Since Slovakia is a land-locked country, fish and seafood options are limited (carp is served at Christmas, trout is the most common fish). Soups are quite common both as an appetiser and, as some are quite filling, as a main dish.

If you are a vegetarian, the variety of food in the cities should be decent. However, when venturing out into the countryside, the offer may be limited as vegetables are mostly considered a side and/or eaten mostly raw or in salads. Also, be aware that even though some dishes will be in the vegetarian section of the menu, this merely means that they're not predominantly meat-based and still might be prepared using animal fats or even contain small pieces of meat, so make your requirements clear. Fried cheese with ham or Cesar salad(!) are good examples. Still, almost every restaurant in the country will serve at least the staple choice of fried cheese (the normal, non-ham variety) with fries, which is universally popular. There should be a good selection of sweet dishes as well, with pancakes, dumplings filled with fruits, jams or chocolate and sweet noodles with nuts/poppy seeds/sweet cottage cheese most common. Seeking out the nearest pizzeria is also a good and accessible option mostly everywhere.

The main meal of the day is traditionally lunch, though this is changing especially in cities due to work schedules, and dinner is increasingly becoming the main meal there.

In all but the most exclusive restaurants it is not customary to be shown to your table by the staff. So when you enter, simply pick a table of your choice and enjoy. Once they see that you are comfortably seated, waitstaff will come over to give you the menu and let you order drinks.

Again with the possible exception of the most exclusive establishments, there is mostly no dress code enforced in restaurants and informal clothing is fine. Hauling yourself into a restaurant for a well-deserved meal after a day of hiking/skiing in your sp",False
Q215,Slovenia,"==Eat==
People from Slovenia's northern neighbour Austria come to Slovenia just for the food; with a mixture of Subalpine, Italian, Austrian, Hungarian and Balkan cuisine, most people will find something to their liking, unless they're strict vegetarians. Many claim that the pizza here is as good as or even better than in neighboring Italy.

Generally speaking, Slovenian food is heavy, meaty and plain. A typical three-course meal starts with a soup (juha), often just beef (goveja) or chicken (piščančja) broth with egg noodles (rezanci), and then a meat dish served with potatoes (krompir) and a vinegary fresh salad (solata). Fresh bread (kruh) is often served on the side and is uniformly delicious.

Common mains include cutlets (zrezek), sausage (klobasa) and goulash (golaž), all usually prepared from pork (svinjina), lamb (jagnjetina) and game (divjačina), but there is a large choice of fish (ribe) and seafood even further away from the coast. Popular Italian imports include all sorts of pasta (testenine), pizza (pica), ravioli (ravioli) and risotto (rižota). A major event in the countryside still today is the slaughtering of a pig from which many various products are made: blood sausage (krvavica), roasts (pečenka), stuffed tripe (polnjeni vampi), smoked sausage (prekajena salama), salami (salama), ham (šunka) and bacon (slanina). Recipes for the preparation of poultry (perutnina), especially turkey (puran), goose (gos), duck (raca) and capon (kopun), have been preserved for many centuries. Chicken (piščanec) is also common. Squid is fairly common and reasonably priced.

Uniquely Slovenian dishes are available, but you won't find them on every menu, so here are some to look out for:

* Kraški pršut – Air-dried ham, similar to but not the same as Italian prosciutto
* štruklji – Dumplings which Slovenians prepare in 70 different ways stuffed with sweet fillings, meat or vegetables
* žganci – a type of porridge, usually from buckwheat, served with milk and pig cracklings
* žlikrofi – Potato dumplings similar to gnocchi, specialty of the Idrija region
* jota – A type of soup made of beans, sauerkraut, potatoes, bacon, spare ribs, and the main seasoning is garlic.

Some Slovenian desserts can also be found:
* potica – A type of nut roll for holiday occasions also prepared with the widest variety of fillings.
* prekmurska gibanica – A very heavy cakelike pastry of poppy seeds, walnuts, apples, raisins, cheese etc.

thumb|240px|A typical gostilna, [[Kamnik]]
At the top of the food chain is the restavracija (restaurant), which could be a fancy restaurant with waiters and tablecloths or just a typical Chinese restaurant. More common in the countryside are the gostilna and gostišče, rustic inns serving hearty Slovene fare. Lunch sets (dnevno kosilo) cost around €7 for three courses (soup, salad and main) and the large portions are usually well worth the paltry cost.

Fast food is, invariably, cheap, greasy and (more often than not) terrible. It's best to",False
Q1045,Somalia,"thumb|Assortment of various popular Somali dishes
Somali cuisine is a mixture of various culinary influences that is derived from Arab, Indian, and Italian flavours as a direct result of Somalia's extensive history of trade and commerce. Examples of Somali dishes include staples like rice and pasta, along with meats such as lamb, beef, and chicken. Aromatic spices such as cumin, cardamom, and coriander are often used to give distinct flavours to dishes.

Alongside stews, traditional flatbreads, and pastries, another Somali dish is the ""Canjeero/Lahooh"", a variation of fermented pancake-like flatbread that is savoured in Somalia and in neighbouring countries like Ethiopia, Eritrea, and Yemen. Additionally, camel meat and milk are considered a delicacy.

Somali rice, the usual staple for dinner or lunch, is typically seasoned and mixed with various ingredients such as meat, vegetables, and, in a somewhat unique manner, raisins. It is not uncommon for this dish to be presented in a visually appealing manner by incorporating multiple colours, as certain portions may be artificially tinted with shades of yellow or orange using saffron and other spices to enhance its aesthetic appeal.

thumb|Somali rice (bariis) and fish (kalluun), Liver (beer) with vegetable also (Sabaayad) pancakes

The period of Italian colonial rule saw the widespread adoption of pasta and lasagne, especially in the south.

Tea and coffee are also really popular. Somalis were among the early adopters of coffee consumption, and Somali merchants were some of the first traders to export coffee beans. Somali coffee, known locally as 'Qahwo' and tea 'Shah', stand out due to their preparation method, which involves selecting various spices to enhance their flavour profile.

'Xalwo', which is closely associated with Omani 'Halwa', is a smooth jelly-like treat that is made with spices, seeds, nuts, and caramelised sugar. This confection is commonly served together with Somali 'Qahwo'. After meals, homes are traditionally perfumed using frankincense or incense (), which is prepared inside an incense burner referred to as a dabqaad.",False
Q258,South Africa,"==Eat==
thumb|Braaivleis

South African cuisine is just as diverse as its cultures, with influences from British, Dutch, German, Indian, Malay, Portuguese, Greek, Italian and of course the native African influences.

* Braaivleis, meat roasted over an open wood or charcoal fire, is very popular and generally done at weekend social events. The act of roasting the meat as well as the social event is referred to as a braai.
* Pap, a porridge made with corn meal. Slappap (runny porridge), is smooth and often eaten as a breakfast porridge, Stywepap (stiff porridge) has a doughy and more lumpy consistency and is often used as a replacement for rice or other starches. ""Krummel"" pap also called umphokoqo (crumby porridge) is drier, resembles couscous and is often served at a braai covered in a saucy tomato and onion relish called sous.
* Potjiekos, a meat and vegetable stew made in a cast iron pot over an open fire. A favorite at braais.
* Boerewors, a spicy sausage. Boerewors Rolls are hotdog buns with boerewors rather than hotdogs, traditionally garnished with an onion and tomato relish.
* Biltong and Droëwors, seasoned meat or sausage that has been dried. Beef, game and ostrich meat is often used. A favourite at sports events and while travelling.
* Bunny chows, half a loaf of bread with the inside replaced by lamb or beef curry, a speciality of the Indian community in Durban.
* Bobotie, meatloaf with a Cape Malay influence, seasoned with curry and spices, topped with a savoury custard.
* Morogo, a wild spinach on its own or with potato. Sometimes served with pap.
* Waterblommetjiebredie, mutton and indigenous water lily stew.
* Masonja, for the culinary adventurer, fried Mopanie worms.
* Melktert, ""milk tart"", a milk-based dessert.
* Koeksisters, a deep-fried sticky dessert.
* Vetkoek, deep fried dough ball made from flour, served with curry mince or apricot jam.
* Umvubo, sour milk mixed with umphokoqo, commonly eaten by the Xhosa people. 

You will find the usual array of international fast food outlets. McDonald's, KFC, Domino's Pizza and Wimpy are found throughout the country.

Local franchises worth mentioning are Black Steer, Spur and Steers for the best burgers and Nando's peri-peri chicken. Chicken Licken is also a very popular choice for the locals, especially for their hot wings.

Pizza delivery is available in most urban areas whereby food can be ordered online with places such as Domino's Pizza and Debonairs.

If you want to keep to a budget and not bother with cooking, everywhere all supermarket chains have a deli, bakery and kitchen sections providing a wide range of ready to eat meals and sandwiches or you can choose yourself from the hot buffet or salad bar. These items are sold by weight at reasonable prices.

*Seafood franchises like Ocean Basket and Fishaways specialise in seafood, either to eat in or take away. Inland, due to the distances from the coast, fresh fish dishes are not easily found. However near rivers, some establishm",False
Q884,South Korea,"thumb|[[Bibimbap]]
Korean cuisine, hanguk yori, or hansik, has evolved through centuries of social and political change. Ingredients and dishes vary by province. There are many significant regional dishes that have proliferated in different variations across the country in the present day. The Korean royal court cuisine once brought all of the unique regional specialties together for the royal family. Meals consumed both by the royal family and ordinary citizens have been regulated by a unique culture of etiquette.

Korean cuisine is largely based on rice, noodles, tofu, vegetables, fish and meats. Traditional meals are noted for the number of side dishes, banchan, which accompany steam-cooked short-grain rice. Every meal is accompanied by numerous banchan. Kimchi, a fermented, usually spicy vegetable dish, is commonly served at every meal and is one of the best-known dishes. Korean cuisine usually involves heavy seasoning with sesame oil, doenjang (a type of fermented soybean paste), soy sauce, salt, garlic, ginger, and gochujang (a hot pepper paste). Other well-known dishes are bulgogi, grilled marinated beef; gimbap; and tteokbokki, a spicy snack consisting of rice cake seasoned with gochujang or a spicy chili paste.

Soups are also a common part of a meal and are served as part of the main course rather than at the beginning or the end of the meal. Soups known as guk are often made with meats, shellfish and vegetables. Similar to guk, tang has less water and is more often served in restaurants. Another type is jjigae, a stew that is typically heavily seasoned with chili pepper and served boiling hot.

Popular Korean alcoholic drinks include Soju, Makgeolli and Bokbunja ju. Korea is unique among East Asian countries in its use of metal chopsticks. Metal chopsticks have been discovered in Goguryeo archaeological sites.재미있는 동양3국의 젓가락 문화비교 . Article.joins.com (May 19, 2012). Retrieved October 5, 2016.",False
Q29,Spain,"thumbnail|left|[[Paella mixta]]

Spanish cuisine consists of a great variety of dishes which stem from differences in geography, culture and climate. It is heavily influenced by seafood available from the waters that surround the country, and reflects the country's deep Mediterranean roots. Spain's extensive history with many cultural influences has led to a unique cuisine. In particular, three main divisions are easily identified:

Mediterranean Spain – coastal regions, from Catalonia to Andalusia – heavy use of seafood, such as pescaíto frito (fried fish); cold soups like gazpacho; and many rice-based dishes like paella from Valencia and arròs negre (black rice) from Catalonia.

Inner Spain – Castile – hot, thick soups such as the bread and garlic-based Castilian soup, along with substantial stews such as cocido madrileño. Food is traditionally preserved by salting, such as Spanish ham, or immersed in olive oil, such as Manchego cheese.

Atlantic Spain – the Northern coast, including Asturian, Basque, Cantabrian and Galician cuisine – vegetable and fish-based stews like caldo gallego and marmitako. Also, the lightly cured lacón ham. The best known cuisine of the northern countries often rely on ocean seafood, as in the Basque-style cod, albacore or anchovy or the Galician octopus-based polbo á feira and shellfish dishes.",False
Q854,Sri Lanka,"==Eat==
thumb|Kiribath, rice cooked in coconut milk
thumb|Kottu Roti with chicken
thumb|Hoppers

Sri Lanka and South Indian food share a lot in common, and many local restaurants describe their menus as Sri Lankan & South Indian. There are several uniquely Sri Lankan dishes, though, such as the different types of hopper, devilled meat and/or fish, cuttlefish, etc., and the common fiery addition to any curry, pol sambol made of grated coconut, red chilli powder and lime juice.

The variety of Sri Lankan food is not very wide. Most places sell the same stuff, fried snacks, the same baked goods, kottu, roti, curry, and from time to time you will find a dosa place. Otherwise, there are Chinese and Western restaurants.

Sri Lankan food is generally spicy; you can always ask for less spicy options if you prefer, but it will still be spicy. Sri Lankans eat with their right hands; every eatery can provide cutlery if you can't eat otherwise. But try the Sri Lankan way (tips of fingers only); it's harder than it looks but strangely liberating.

Food is generally very cheap, with a cheap meal costing about US$1. The most expensive tourist-orientated places seldom charge more than US$10. The staple food of Sri Lankans is rice and curry (Rs 300–500), which is a massive mound of rice surrounded by various curries and delicacies. If you want to eat a cheap lunch you can follow the locals and try crowds at any of the numerous small restaurants, confusingly called 'Hotels'. These normally sell a rice and curry packet, as well as 'short eats', a collection of spicy rolls and samosas filled with potato, fish or chicken. This is ideal for backpackers and those who want to get past the touristy hotels selling burnt chicken and chips; you're charged by how much you eat, and unless you're absolutely ravenous it probably won't cost over a US dollar.

If you are taking road trips outside Colombo, there are endless options for places to stop on the road for lunch. Rest houses and hotels along major roads throughout the country have good restaurants that offer both Sri Lankan and Western menus. If you are less adventurous, you can easily get good sandwiches and soups at these restaurants. These places have excellent rice and curry dishes, and you will be served many different types of curries over an extremely generous portion of rice. 

Kottu (Kothu) Roti (a medley of chopped roti, vegetables and your choice of meat) is a must-have (approx Rs. 1000 as of 2025). It is uniquely Sri Lankan and tastes best when made fresh by street vendors. However, several kottu roti restaurants have been closed down due to their use of stale and old roti, which made some patrons sick. Use caution, and even better, talk with the locals to determine which are the best kottu roti restaurants.

Other foods that you should try include String Hoppers, Hoppers, Pittu and Kiribath.

As of 2025, indicative prices for various edibles are:

* Sri Lankan breakfast (hoppers, tea/coffee): Rs. 1200
* West",False
Q41547,St. George's,"== Eat ==
 thumb | 300px | Don't attempt ""carenage"" on modern ships 
* 
* 
* Victory is on the wharf 200 m north of Patrick's. Nice views of the marina, pity about the food.
*",False
Q36262,St. John's,"==Eat==
St. John's is the hometown of Canadian fried chicken chain Mary Brown's Chicken. The first location opened in 1969 in St. John's at the Avalon Mall, where there is still a branch. Many of their locations are available in Newfoundland and Labrador.

*

Newfoundlanders will tell you that you can't leave St. John's without having fish and chips at either Ches's or the Big R (known to locals as ""the Big Arse""). Local favourite dishes include ""chips, dressing and gravy"" (french fries and stuffing covered in thick gravy), ""fish-and-brewis"" (a sort of hard bread), and ""cod cheeks"" (the cheeks of cod fish, really).

* 
* 
* 
* 
* 
* 
* 

* 
* 
* 

* 
* 
* 
* 
*",False
Q38022,St. Louis,"==Eat==
St. Louis has its very own magazine and accompanying website, Sauce, which is the definitive guide to dining in St. Louis. Visit for a searchable restaurant directory, news, and reviews.

*Barbequed pork steaks, St. Louis-style &mdash; Boston Butt sliced into steaks, basted with Maull's Barbecue sauce
*Gooey butter cake &mdash; a type of coffee cake with a bottom layer of buttery yellow cake and a top layer of either egg and cream cheese, or butter and sugar
*Toasted ravioli &mdash; breaded, then deep fried, these small meat, cheese, or veggie stuffed pasta pockets reflect local Italian influence; a favorite bar food in St. Louis
*Slinger &mdash; a large plate full of hash browns piled over with two eggs and a hamburger patty (or other meat) and then covered with chili and cheese (onions optional); a popular ultra-heavy diner food
*St. Louis-style pizza &mdash; made with Provel cheese on a super thin crust.
*St. Paul sandwiches &mdash; a fried egg and vegetable patty on white bread with lettuce, tomato, and mayonnaise; unique to the Chinese-American restaurants in St. Louis
* 
*Maull's Barbecue Sauce &mdash; a spicy, semi-sweet tomato-based sauce unusual for containing pepper pulp and anchovies; available in eight varieties.
*Red Hot Riplets &mdash; a somewhat-spicy variety of potato chips made by local firm Old Vienna with St. Louis-style barbecue sauce.
* 

St. Louis' German heritage is evidenced in its vintage bakeries throughout the metro area:

* 

If you are a fan of Italian, head over to a neighborhood known as the Hill. Home of Yogi Berra, the Hill has more Italian restaurants than any other area in the city.

* 
* 
* 
* 
* 
* 

* 

The Loop features award-winning dining, and has everything from sidewalk cafés to upscale restaurants. This is a great street to walk and find something that appeals to your palate. Many ethnic restaurants, including Lebanese and Thai, are on the Loop.

* 
* 

* 
* 
* 
* 
* 
* 
* 
* 

* 
* 
* 
* 

* 
*",False
Q1754,Stockholm,"Dating back to at least the 1350s, Storkällaren or Rådhuskällaren is Stockholm's oldest known place of business.Bolin, Gunnar (1940). Samfundet S:t Eriks årsbok 1940, kapitel ""Vinkällare, krogar och gårkök i Stockholm år 1671"". Stockholm: Gösta Selling (utgivare). sid. 133 Swedish 1700s composer and entertainer Carl Michael Bellman was a frequent visitor to the city's taverns, inns and wine cellars. In his poems, Bellman mentioned 113 taverns and inns in and around Stockholm, 30 of which were located in the Gamla Stan.

In 2016, there were 3,315 pubs, cafes and restaurants in the municipality of Stockholm. Among the most famous and acclaimed is the restaurant Operakällaren.

In Stockholm and its surroundings, only two historic eateries remain operating in unbroken succession and in the same location: Stallmästaregården in Solna, dating back to the mid-17th century, and Den Gyldene Freden in Gamla Stan, located at the same address since 1722. ""Freden"" may thus be the world's oldest continuously existing city pub in the same location.",False
Q1022,Stuttgart,"==Eat==
There are restaurants all over Stuttgart. The traditional Swabian cuisine with onion-topped roast pork, think noodles called ""Spätzle"" or Maultaschen (stuffed noodles) is very tasty. Of course there are also restaurants serving styles from many other parts of the world.

Stuttgart publishes a book annually entitled Stuttgart geht aus (Stuttgart goes out). This is available at most book stores on Königstraße (e.g. Wittwer). This book, published in German, is a great guide to restaurants in the city.

Food courts with various types of (fast) food can be found in the malls Milaneo, Gerber and Königsbaupassagen.

All these are in the city center:
* 
* 
* 
* 
* 

* 
* 
* 
* 
* 
* 
* 
* 
* 
* 
* 
* 

* 
* 
* 

In the morning, locals definitely want to get some fresh bread (and brezels and broetchen [bread rolls/buns]) from the baker's shop and serve them with butter, cheese, ham, honey, jam and eggs from the fridge. Many locals and visitors will enjoy breakfast at the bakery itself, in the ""Stehcafe"" - literally, ""standing cafe"". These are usually a corner of the shop with tall tables which you stand at rather than sit at. Orange juice together with coffee or tea or hot chocolate will fit nicely. The breakfast in hotels will also look more or less that way.

You can also order this breakfast setup in some or the other cafe or pub, but you'd have to know the good places at first, if you don't want to end up with a poor dish. There are 3 Starbucks coffee shops along Königstraße (a 4th in the high-end district on Calwer Straße). But don't look for low-fat muffin or cream cheese options.",False
Q2907,Sucre,"==Eat==
Sucre offers a wide range of eateries from street vendors and stalls in the markets to elegant restaurants. The large numbers of students mean there are many interesting but inexpensive places to get a filling meal. Probably the cheapest lunches are had upstairs in the market (from Bs. 8). Salteñas, a type of large empanada, usually filled with meat, that's popular in Bolivia, can be found easily. Several small salteña eateries are at the lower end of Calle San Alberto.

Sucre is also famous for its chocolates. Chocolates Para Ti and Chocolates Taboada, both with shops just off the central plaza, are the best known, and there are several shops selling artisanal chocolates (aka confectionery) between the plaza and the central market. Para Ti also have shops at the airport and bus terminal, although the latter is usually closed. However, the incredible amount of sugar they put into the confectionery leaves doubts whether it will be of everyone’s taste. But no wonder one of the many chains selling confectionery is simply called Sucre.

* 

* 

thumb|Chicken salteñas in Sucre
* 
*
*
* 
*
*

*

*

*

*",False
Q1049,Sudan,"==Eat==

thumb|Local lunch.
Sudanese cuisine has various influences, but none of them dominates the regional culinary cultures. Among the influences are from Egyptian, Ethiopian, Yemeni and Turkish cuisines (meatballs, pastries and spices), but there are also numerous dishes that are common to all Arabian nations.

*Foul, made from fava beans, is a common dish. It is eaten daily in breakfast by many Sudanese and can be considered the national dish.
*Local Sudanese breads are Kissra, a bread made from durra or corn; and Gurassa, a thick bread from wheat flour similar to pancake, but thicker. Sudanese also class Aseeda, a porridge made from wheat, millet or corn, as a bread.
*One local Northern Sudanese dish is Gurassa Bil Damaa, which is a bread of unleavened wheat similar to a pancake but thicker, topped up with meat stew or chicken.
*Some Eastern Sudanese dishes are Mukhbaza, which is made of shredded wheat bread mixed with mashed bananas and honey; Selaat, which is lamb cooked over heated stones; and Gurar, which is a kind of local sausage cooked in a similar way to Selaat.
*One of the popular dishes from western Sudan is Agashe, meat seasoned with ground peanuts and spices (mainly hot chilli), and cooked on a grill or an open flame.
*Fresh fruits and vegetables are very common.

There are many modern restaurants/cafes such as Mexican, Korean, Italian, Turkish, Pakistani, Indian and Chinese in Khartoum and in Kharto North.

One of the main attractions is Sug al Naga (the camel market) north of Omdurman, where you can select your meat of choice and then hand it over to one of the ladies to cook it for you in the way which you prefer.",False
Q40811,Sukhumi,"==Eat==
There is a fair share of restaurants in Sukhum, which cater mostly Russian or Caucasian style dining. Many of them are at the coast next to Hotel Ritsa; they are designed to cater Russian tourists, and while they are not exactly cheap on local standards (a diner with two courses and wine can cost up to €15-20), most of them are decent and reliable. Walk along the seaside and choose what you like most (and where you find a free table, which can be tricky during the summer). Some new openings are visible around the town, especially around the tourist-invaded botanical garden.

* 
* 
* 
* 
* There is also an authentic cafe on the parallel street to pr. Mira, next to a bookstore. Authentic (Mokka type) coffee, great for breakfast.
* 
*",False
Q3492,Sumatra,"==Eat==
Sumatra's most famous contribution to Indonesian cuisine is nasi padang white steamed rice served with numerous curries and other toppings. It was created in Padang, but has been assimilated throughout Indonesia.

As well as being a popular and delicious option in nasi padang, rendang is a dry beef curry-type dish. It is prepared by slowly cooking the beef in coconut milk and spices for several hours until almost all the liquid is gone, allowing the meat to absorb the spicy condiments. It is typically served with steamed white rice.",False
Q11462,Surabaya,"==Eat==
thumb|Rujak cingur: Surabaya's local, saucy, cow nose salad
thumb|Tahu telor: tofu and vegetables
thumb|Lapis legit Surabaya: Surabayan layer cake
thumb|Lontong balap: rice cake with tofu, bean sprouts in a petis sauce
Surabaya is famous for rujak cingur, a local salad with sauce, and cingur (slices of cooked cow nose). Try also the sate klopo, satay with coconut rasp which you can find in Jalan Walikota Mustajab.

Surabaya is home to a huge number of restaurants - this is an eating culture.

Don't forget to try rawon, pecel, gado-gado Surabaya, semanggi, es campur, es teler, and es kacang ijo (mung bean dessert).

Lapis legit Surabaya is the local variety of a cake that's made throughout large parts of Indonesia and Malaysia.

* 
* 
* 
* 
* 
* 
* 
* 

* 
*
* 

* 
*
* 
*",False
Q38807,Suva,"==Eat==

The Indian influence from the significant population in Suva is evident in the food. The Indian food in town is authentic, tasty, and good value.

For something upscale, try a restaurant inside one of the fancier Suva hotels, such as the Tanoa Plaza, the Southern Cross, or the Holiday Inn. For a quick economical meal in pleasant surroundings, go to the food court upstairs at the Harbour Centre and choose from a great variety of local and Chinese dishes (and you get to look before you buy) and sit and enjoy the view, or get a sack of fish and chips and sit by the waterfront or at the botanical garden.

Many international fast food outlets are found in the city including McDonald's and Nando's.

*
*
*
*
* 
*",False
Q34,Sweden,"==Eat==

: See Nordic cuisine for an in-depth description of Swedish food.
Swedish food is typical of Nordic cuisine, based on meat (notably pork and game), fish, dairy products, potatoes and bread, together with berries and wild mushrooms. Fresh fruit and vegetables are rather recent additions to the menu.

thumbnail|Meatballs with mashed potatoes and a glass of milk
Traditional everyday dishes are called husmanskost (pronounced whos-mans-cost). Some of them are:
*Pickled herring (sill) is eaten with bread or potatoes for summer lunch or as a starter on the smörgåsbord, at traditional holidays.
*Many forms of salmon (lax), especially cured salmon (gravlax).
*Meatballs (köttbullar), the internationally most famous Swedish dish. Served with potatoes, brown sauce and lingonberry jam.
*Hash (pytt i panna) consisting of meat, onions and potatoes, all diced and fried. Sliced beetroots and a fried or boiled whole egg are mandatory accessories.
*Pea soup (ärtsoppa) with diced pork, followed by thin pancakes, is traditionally eaten on Thursdays.
*Blodpudding, a black sausage made by pig's blood and flour, eaten with lingonberry jam.
thumbnail|Falukorv in a supermarket fridge
*Falukorv, a big baloney from Falun.
*Sweden has many varieties of bread (bröd). Many of them are whole-grain or mixed grain, containing wheat, barley, oats, compact and rich in fiber. Some notable examples are tunnbröd (thin wrap bread), knäckebröd (hard bread - might has a bland taste, but is nearly always available), and different kinds of seasoned loaves. Bread is mostly eaten as simple sandwiches, with thin slices of cheese or cold cuts. Some spreads typical to Sweden are messmör (whey butter) and leverpastej (liver pâté).
* Reindeer, ren, traditionally herded by the Sami people. Renskav is sliced, sautéed reindeer meat, preferably eaten with wild mushrooms, lingonberries and potatoes.
*Tunnbrödrulle, a fast food dish, consisting of a bread wrap with mashed potatoes, a hot dog and some vegetables.
*Kroppkakor Potato dumpling stuffed with diced pork, reminiscent of the German Klöße. Originally from Småland, there is also a variant from Piteå up north, known as pitepalt.
*Hard cheese (ost): In an ordinary food market you can often find 10 to 20 different types of cheese. The most famous Swedish hard cheese would be Västerbotten, named after a region in Sweden.
* Milk (mjölk) is commonly drunk during meals. Filmjölk is a Nordic yoghurt, eaten with breakfast cereal.
* Rose hip soup (nyponsoppa) and bilberry soup (blåbärssoppa), for recovery of heat and energy during winter sports.

Other Swedish favorites:
thumbnail|Messmör - available in tubes or boxes
* Raggmunk, wheat flour, milk, egg, and shredded potatoes fried like thin pancakes served with fried pork (bacon) and lingonberries.
*Soft whey butter (messmör), breadspread with a sweetish, hard-to-describe taste.
*Caviar, not the expensive Russian or Iranian kind but a cheaper version made from cod roe, sold in tubes and used on sa",False
Q39,Switzerland,"==Eat==
thumbnail|A pot of Fondue, pieces of bread and fondue forks

While Switzerland has had long culinary exchange with the cuisine of its neighbours, it has several iconic dishes of its own.

Switzerland is famous for many kinds of cheese like Gruyère, Emmentaler (known simply as ""Swiss cheese"" in the U.S.), and Appenzeller, just to name a very few of the about 450 kinds of cheese of Swiss origin. Two of the best known Swiss dishes, fondue and raclette, are cheese based. Fondue is a pot of melted cheese that you dip pieces of bread into using long forks. Usually fondue is not made of one single type of cheese, but instead two or three different cheeses are blended together with white wine, garlic and kirsch liqueur with regional variations. The most popular blend of cheese varieties is called moitié-moitié and consists of equal parts Gruyère AOP and Vacherin Fribourgeois AOP. Traditionally fondue is eaten during cold periods at altitude with one pot for the whole table, served with hot black tea and hardly any additional side dishes - not surprising, since it used to be a cheap and often the only dish for a herdsman high up in the mountains far away from civilization with only basic equipment. However you can now get fondue for one person during the summer time in tourist-oriented restaurants. Another cheese dish, raclette, is made by heating a large piece of cheese and scraping off the melted cheese, which is then eaten together with boiled potatoes and pickled vegetables. Cheese-lovers should also try Älplermakkaronen, Alpine herdsmen's macaroni with melted cheese and potato served with apple compote which is another very simple but very tasty dish originally from central Switzerland.

Another typically Swiss dish is Rösti, a potato dish quite similar to hash browns, but usually with some Emmentaler cheese added into the mix. Originally from the German-speaking part of Switzerland, it gives its name to the colloquial political term Röstigraben (lit.: Rösti ditch), which refers to the quite different political preferences and voting habits of the German-speaking and the French-speaking parts of Switzerland.

thumb|Three very Swiss sausages: milky white St. Galler bratwurst, smoked Schüblig, and Cervelat

Probably the best known meat dishes are the incredibly common sausage known as Cervelat, usually grilled on a stick over an open camp fire, and the speciality of region around Zürich, Zürcher Geschnetzeltes (or in the local dialect: Züri Gschnätzlets), sliced veal in a mushroom sauce usually accompanied by Rösti. Very typical for Lucerne is the Luzerner Kugelpasteten (or in the local dialect: Lozärner Chügelipastete), is Brät (less expensive meat, minced, mixed with water and egg) formed as small balls, served in puff-pastry baskets, and poured with a ragout made of meat, agaricus mushrooms and raisins. In French-speaking Switzerland you will find the saucisse aux choux and saucisson vaudois and around Basel the liver dish Basler Leber(li) (",False
Q3130,Sydney,"==Eat==

Prices in Sydney's restaurants vary. Breakfast at a standard cafe (food plus a coffee or juice) can cost anywhere up to $20 for a full English breakfast or other substantial meal. A main meal in a mid-range restaurant is around $25 - $35. Upper mid-range averages around $35 - $45. At the real top-end places a dinner for two with wine can run up to $400-500 and beyond.

For the more budget-conscious, Sydney's multicultural demography means plenty of quality ethnic cuisine for cheap eats, particularly Asian restaurants in Chinatown where rock bottom priced food (but no less tasty) can be found. Plonk down at a laminate table shoulder to shoulder with hungry locals for some bubble tea and a sizzling plate of delicious Asian food. Many restaurants in the city will also offer ""lunch specials"". For example, a good Korean ""set lunch"" can be found for less than $15. A bowl of noodles in Chinatown will run you $8 or $9. Some Thai curry with rice at any of the many restaurants all over Sydney will cost about $10.

Newtown in Sydney's inner-west (approx 4km from the CBD) is renowned for its inexpensive cafes and restaurants on King St, in particular Thai food. It is highly popular among students from the nearby University of Sydney.

Sydney is also home to some of the world's best restaurants and their chefs. But if you want to try Sydney's finest rated restaurants during your visit, a booking must usually be made well in advance. There's Est in the City Centre, Marque in the City East and Flying Fish Restaurant & Bar in Pyrmont. Another famous Sydney celebrity chef is Neil Perry, who runs Rockpool at The Rocks, as well as the Rockpool Bar and Grill in the city, not far from Circular Quay, with Spice Temple downstairs.

If you want to splurge on the location, try Quay in The Rocks or Matt Moran's Aria, both of which have harbour and bridge views.

For fine dining away from central Sydney, try Jonah's in the far Northern Beaches - go for lunch, the view is stunning.

Takeaway (takeout) food in Sydney can be as cheap as buying the ingredients and making it yourself, and many stores specialise in take-away food. There will usually be a picnic table, park or beach nearby to eat whatever you can select. Quintessential Aussie takeaways include the meat pie (minced beef with gravy sauce in a crusty pastry shell), sausage roll (sausage mince in a puff pastry casing), usually topped generously with tomato sauce/ketchup, and fish and chips (inherited from the British to be sure but loved by all Australians).

Most restaurants will do take-away food as well, but almost certainly at a premium to the cost of buying food from a take-away. Outside of the city an occasional restaurant may offer a 10% discount for take-away. There are a few online services like Menulog that allow users to order food online from the variety of restaurants and take away in a particular area.

Just about every suburb in Sydney has a restaurant or two, a cafe or coffee shop, and a plac",False
Q858,Syria,"==Eat==
thumb|Fatoush
Falafel, deep-fried chickpea patties, are available. Another popular vegetarian meal is Foul. Don't let the name put you off. It's pronounced ""fool,"" and this fava bean paste – topped with cumin, paprika, and olive oil and served with flatbread, fresh mint, and onion – is tasty, satisfying, and filling.

You may also order a salad of Fatoush with your soup. Chopped tomatoes, onions, cucumbers, and herbs are mixed in a dressing and finished with a sprinkling of fried bread resembling croutons. Cheese may also be grated on top.

Syrians also have a well-honed sweet tooth, with its desserts being largely similar to that of Lebanon, Jordan and the Palestinians. Syria is particularly known for its local style of ice cream, with Damascus ice cream shop Bakdash having been continuously in business for over a century. Other Syrian desserts to try include baklava, a pastry made of filo dough, nuts and syrup, and knafeh, made of kataifi and cheese.",False
Q393,Szczecin,"==Eat==
You will easily find fast food such as hamburgers, hot dogs, kebabs, pizza, etc., but for unique Szczecin snack try paszteciki (plural, singular is pasztecik), which are type of deep fried cake with meat or cheese and mushrooms filling. They taste best hot and combined with a cup of barszcz czerwony (red beetroot soup).

* 
* 
* 

* 
* 
* 

* 
* 
* 
* 
*",False
Q865,Taiwan,"== Eat ==

thumb|Taiwanese beef noodle soup
thumb|Lemon aiyu jelly

Taiwan is a food lover's paradise, and a popular culinary tourism destination for East and Southeast Asian tourists. While not as highly regarded as the food from Hong Kong due to the traditionally high status Cantonese cuisine holds in Chinese culture, Taiwanese food has become more respected.

Generally speaking, the foods of Taiwan are derived from mainland Chinese cuisines. Because most Taiwanese trace their ancestry to Fujian, it comes as no surprise that much of Taiwanese cuisine was derived from the cuisine of Fujian. It is also possible to find Sichuan () food, Hunan () food, Dongbei () food, Guangdong () food and almost every other Chinese cuisine on the island, because many famous chefs from the mainland fled to Taiwan after the communist victory in 1949, and many of the Nationalists brought their family recipes with them when retreating from the mainland. That being said, the mainland Chinese cuisines found on Taiwan are not necessarily ""authentic"" as Taiwanese cuisine has absorbed substantial local influences, and significant Japanese influences because of 50 years of Japanese colonial rule, giving it a unique character that distinguishes it from its mainland Chinese counterparts. The Taiwanese are also passionately in love with eggs and seafood. Fruits are another famous part of Taiwanese food. A wide range of fruits can be found at local fruit shops and stations. The subtropical climate allows different fruits to grow nicely.

Taiwan also has many of its own local specialties. A few found island wide include:
* Beef Noodles ( niúròu miàn) – Noodle soup with chunks of meltingly soft stewed beef and a dash of pickles, which traces its origins to the Kuomintang refugees from mainland China who retreated to Taiwan, and comes primarily in two distinct styles; Red-Braised Beef Noodle Soup () comes in a dark brown and slightly spicy broth and traces its origins to the refugees from Sichuan, while Clear Broth Beef Noodle Soup (), as the name suggests, comes in a lightly-coloured but flavorful broth, and traces its origin to the refugees from Shandong.
* Oyster omelette ( ó āh jiān – This is the Taiwanese name, as its Chinese name only exists in characters, but not in oral Mandarin), a dish made from eggs, oysters, sweet potato flour and the leaves of a local chrysanthemum, topped with sweet red sauce. The local version in Kinmen differs quite considerably from the version on the main island, and is closer to the versions served in mainland China's Fujian province.
* Aiyu jelly ( àiyù) – Made from the seeds of a local fig and usually served on ice &mdash; sweet, cool and refreshing on a hot day
* Taiwan Sausage ( xiāngcháng) – Usually made from pork, it is a modified version of the Cantonese laap cheong () which has been emulsified and is much sweeter in taste. Unlike laap cheong, which is almost always eaten with rice, Taiwanese xiangchang is usually eaten on its own with s",False
Q37043,Tallahassee,"==Eat==

* 
* 
* 
* 
* 
* 
* 
* 
* 
* 
* 
* 
* 
* 
* 
* 
* 
* 
* 
* 
* 
* 
*",False
Q1770,Tallinn,"The traditional cuisine of Tallinn reflects culinary traditions of north Estonia, the role of the city as a fishing port, and historical German influences. Numerous cafés have played a major role in a social life of the city since the 19th century, as have bars, especially in the Kesklinn district.

The martsipan industry in Tallinn has a very long history. The production of martsipan started in the Middle Ages, almost simultaneously in Tallinn (Reval) and Lübeck, both member cities of the Hanseatic League. In 1695, marzipan was mentioned as a medicine, under the designation of Panis Martius, in the price lists of the Tallinn Town Hall Pharmacy. The modern era of martsipan in Tallinn began in 1806, when the Swiss confectioner Lorenz Caviezel set up his confectionery on Pikk Street. In 1864, it was bought and expanded by Georg Stude and now is known as the Maiasmokk café. In the late 19th century martsipan figurines made by Tallinn's confectioners were supplied to the Russian imperial family.

Arguably, the most symbolic seafood dish of Tallinn is vürtsikilu (""spicy sprat"") – salted sprats pickled with a distinctive set of spices including black pepper, allspice and cloves. The making of traditional vürtsikilu is thought to have originated from the city's outskirts. In 1826, the merchants of Tallinn exported 40,000 cans of vürtsikilu to Saint Petersburg. A closely associated dish is kiluvõileib (""sprat-butter-bread"") – a traditional rye bread open sandwich covered with a layer of butter and vürtsikilu as the topping. Boiled egg slices and culinary herbs are optional extra toppings. Alcoholic beverages produced in the city include beer, vodka, and liqueurs (such as the eponymous Vana Tallinn). The number of craft beer breweries has expanded sharply in Tallinn over the last decade, entering local and regional markets.",False
Q49255,Tampa,"==Eat==

* 
* 
* 
* 
* 
* 
* 
* 
* 

* 
* 

* 
* 
*",False
Q40840,Tampere,"alt=|thumb|[[Mustamakkara (""black sausage""), a speciality food from Tampere, is typically consumed with lingonberry jam.]]

thumb|right|Tampere claims to be the ""wings capital of Finland"", consuming almost half of the [[hot wings in Finland. The restaurant chain Siipiweikot originates from Tampere. Almost half of the chicken wings sold in Finland are eaten exclusively in Pirkanmaa.]]

A local food speciality is mustamakkara, which resembles the black pudding of northern England and blood sausages around Europe. It is a black sausage made by mixing pork, pig's blood and crushed rye and flour and is stuffed into the intestines of an animal. It is commonly eaten with lingonberry sauce. Especially Tammelantori square in the district of Tammela is known for its mustamakkara kiosks, as well as Laukontori in center.

A newer Tampere tradition are munkki, fresh sugary doughnuts that are sold in several cafés around Tampere, but most traditionally in Pyynikki observation tower.

One of the specialties of Tampere's local barbecue dishes include the peremech (pärämäts in Finnish), based on traditional Tatar food. It is a pie reminiscent of Karelian pasty with seasoned ground meat inside.

In the 1980s, in addition to mustamakkara and barley bread, the old parish dish of Tampere was also called a potato soup, home-made small beer (kotikalja), a sweetened lingonberry porridge and a sweetened potato casserole (Imelletty perunalaatikko).

Since 1991, the two-day fish market event (Tampereen kalamarkkinat) in Laukontori attracts as many as 80,000–100,000 visitors in year, and is held both in the spring on vappu and in the autumn on Tampere Day.",False
Q13498,Taranto,"== Cuisine ==
Taranto's cuisine is characterised by local products, especially vegetables and fish like artichokes, eggplants, tomatoes, olives, onions, shrimps, octopus, sardines, squid and, above all, mussels. A very important role is also played by the olive oil and bread produced in the city and in all the villages of its province. Some PDO, PGI and PAT are made in the countryside of Taranto and in the villages around the city: among them we can find some extra-virgin olive oil like Terre Tarentine PDO and Terra d'Otranto PDO, fruits like Uva di Puglia PGI and Clementine del Golfo di Taranto PGI, vegetables like the Barattiere PAT, Pomodorino di Manduria, types of cheese like Burrata di Andria PGI and Ricotta Forte PAT, a type of bread called Pane di Laterza PAT and the Capocollo di Martina Franca PAT, a type of capocollo.
Other appreciated street foods are the tarallini, the panzerotti, the pucce.

thumb|Tarantinian mussels cooked in a pan
A very important ingredient of the cuisine of Taranto is mussels. They are grown in the Big Sea and, above all, in the Little Sea (see above). They have been inserted in the list of Traditional Food Products by the Italian Ministry of Agricultural, Food and Forestry Policies. The peculiar flavour of Tarantine mussels is given by the special conditions of salinity of the Little Sea which is crossed by the citri, submarine freshwater springs which manage to oxygenate the water, helping the development of the plankton and by the freshwater come from the Galeso river. The piles for the mussels were anciently made with wood from Sila Mountains in Calabria. During the Ancient Greek and Roman times, several authors described the richness and the goodness of the mussels of Taranto. After the tests about the pollution that is present in the first side of the Little Sea, the legal production of mussels has been moved to the second side. The tests and the classifications of the water are made by producers giving the possibility to certify the safety of the product. Some of the most traditional dishes of Taranto are mussels alla puppitegna (with garlic, extra-virgin olive oil and parsley) or the impepata (""full of pepper"" in Italian) or spaghetti with mussels, or Tubettini with mussels.",False
Q13972,Tartu,"==Eat==

* 
* 
* 
* 
* 
* 
* 
* 
* 

thumb|300px|right|Püssirohukelder, a former 18th-century gunpowder cellar and current beer restaurant
* 
* 
* 
* 
* 

*",False
Q269,Tashkent,"== Eat ==

* 
* 
* 

 thumb | 300px | Chimes Restaurant on Amir Temur Square 
* 
* 
* 
* Zaytoon is a good Afghan restaurant 100 m further up the street, at Rakatboshi 85. 
* 
* 
* 
*",False
Q3616,Tehran,"There are many restaurants and cafes in Tehran, both modern and classic, serving both Iranian and cosmopolitan cuisine. Pizzerias, sandwich bars, and kebab shops make up the majority of food shops in Tehran.",False
Q33935,Tel Aviv,"Tel Aviv is famous for its wide variety of world-class restaurants, offering traditional Israeli dishes as well as international fare. More than 100&nbsp;sushi restaurants, the third highest concentration in the world, do business in the city.
In Tel Aviv there are some dessert specialties, the most known is the Halvah ice cream traditionally topped with date syrup and pistachios.",False
Q869,Thailand,"== Eat ==
thumb|A platter of miang kham (leaf wrap) ingredients
thumb|Green curry (kaeng khiao wan) with chicken, served with roti
thumb|A classic [[Isaan meal: som tam papaya salad, larb meat salad and sticky rice]]

The food alone is really reason enough for a trip to Thailand. Curries, fruit shakes, stir fries, noodles, fresh fish made a zillion ways - and that's just the beginning. Food in Thailand can be as cheap and easy as 25 baht pad Thai (ผัดไทย, Thai fried noodles) cooked at a street stall or as expensive and complicated as a USD100 ten-course meal by a royal chef served in one of Bangkok's luxury hotels.

Since most backpackers will be sticking closer to the first than the second, one of the great things about Thailand is that food from stalls and tiny sidewalk restaurants is usually quite safe. Unlike some Asian countries, travellers should worry more about overeating or too much curry spice than about unclean kitchens and bad food. In fact, street restaurants, where you can see what you'll get and everything is cooked on the spot can be a safe option.

Yelp or Tripadvisor are generally not popular in Thailand, and reviews there are usually posted by tourists, not locals. Instead, Wongnai is the go-to directory for restaurant reviews among Thais. While the interface is available in English, the downside is that almost all reviews are in Thai.

Thai food is most commonly eaten with fork and spoon. Hold the spoon in your right hand and use it to eat, and reserve the fork for piling food onto your spoon. Chopsticks are only employed for noodle soups and East Asian-style dishes. Sticky rice, common in the northeastern Isaan region, is eaten with your right hand, but regular jasmine rice is not.

Thai food is meant for sharing. Everybody gets their own plate of rice and tiny soup bowl, but all the other dishes are laid out in the centre of the table and you're free to eat what you wish. Though some people believe that taking the last piece from a shared plate is considered slightly unlucky, and you may hear people make wishes for others to compensate for their own misfortune. A popular wish is that ""may my girlfriend/boyfriend be good-looking!""

Food is also generally brought out a dish at a time as it is prepared. It is not expected of diners to wait until all meals are brought out before they start eating as is polite in Western culture. Instead they should tuck into the nearest dish as it arrives.

Thai cuisine is characterized by balance and strong flavours, especially lime juice, lemon grass and fresh coriander, the combination of which gives Thai food its distinctive taste. In addition, Thai food has a deserved reputation for being spicy, with hot little torpedo-shaped chillies called phrik khii nuu (พริกขี้หนู, lit. ""mouse shit chillies"") making their way into many a dish. Thais are well aware that these can be more than Westerners can handle and will often ask if you like it hot (เผ็ด phet). Answer ""yes"" at your own risk! Another c",False
Q1005,The Gambia,"The cuisine of the Gambia is heavily influenced by the culinary traditions of neighbouring Senegal, reflecting a mix of local ingredients and historical influences, including French colonial cuisine. A popular dish in particular is the Senegalese domoda, a savoury peanut stew made with meat, peanut paste, and vegetables, representative of Gambian comfort food. Another dish is Gambian okra stew (superkanja) which in addition to okra, has palm oil, meat and smoked fish. Senegalese yassa is also enjoyed widely; it features marinated fish or chicken seasoned with lemon, onions, and mustard, providing a sharp flavour that contrasts with the earthiness of many other dishes. Gambian cuisine usually includes peanuts, rice, fish, meat, onions, tomatoes, cassava, sweet potatoes, egg plant, cabbage, chili peppers and oysters from the River Gambia.",False
Q9427,Timbuktu,"==Eat==

There are bars and restaurants around, including one on top of the Grand Marché. There is also a patisserie opposite the post office.
* Cat (see above)",False
Q19689,Tirana,"As in other parts of Albania, agricultural traditions are of great significance to the Albanians in Tirana, substantially appreciated for the production of food such as cheese, olives and wine. In 2016, Albania surpassed Spain by becoming the country with the most coffee houses per capita in the world with 654 coffee houses per 100,000 inhabitants. This is due to coffee houses closing down in Spain due to the economic crisis, and the fact that as many cafes open as they close in Albania. In addition, the fact that it was one of the easiest ways to make a living after the fall of communism in Albania, together with the country's Ottoman legacy further reinforce its strong dominance in Albania.

The Tirana region is known for the Fergesa traditional dish made with either peppers or liver, and is found at a number of traditional restaurants in the city and agri-tourism sites on the outskirts of Tirana.",False
Q1490,Tokyo,"In November 2007, Michelin released their first guide for fine dining in Tokyo, awarding 191 stars in total, or about twice as many as Tokyo's nearest competitor, Paris. As of 2017, 227 restaurants in Tokyo have been awarded (92 in Paris). Twelve establishments were awarded the maximum of three stars (Paris has 10), 54 received two stars, and 161 earned one star.",False
Q41057,Topeka,"==Eat==
Topeka has the variety of chain restaurants like most modern American cities. Locally owned restaurants are scattered through town. Most small shopping centers will have one or two small, locally owned restaurants. Wanamaker is the popular street for most chain restaurants.

Recommended locally owned or small chain restaurants:
*
* 
* 
* 
* 
* 
*
*
*",False
Q45301,Trabzon,"==Cuisine==

Trabzon's regional cuisine is traditionally reliant on fish, especially hamsi (fresh European Anchovy similar to the British Sprat or American Smelt). Trabzon meets 20% of the total fish production in Turkey. Regional dishes include the Akçaabat köfte (spicy lamb meatball from the Akçaabat district), Karadeniz pidesi (canoe shaped pita bread, often filled with ground beef, cheese and eggs), kuymak (a Turkish fondue made with cornmeal, fresh butter and cheese), Vakfıkebir ekmeği (large country-style bread), Tonya tereyağı (Tonya butter), tava mısır ekmeği (deep-dish corn bread) and kara lahana çorbası (bean and cabbage soup). Taflan kavurması is a cherry laurel dish served with onions and olive oil. Trabzon is also famous for its hazelnuts. The Black Sea region of Turkey is the world's largest producer of cherry and hazelnut; and a large production area of tea; all of which play an important role in the local cuisine.",False
Q25330,Trenton,"==Eat==
One special place in Trenton is Chambersburg. This was once an Italian American area, but now there are countless new Mexican and Central American restaurants, along with some old staples. However, there are notable restaurants throughout the city; here are some of them:

* 
* 
* 
* 
* 
* 
* 
* 
*",False
Q3138,Trier,"==Eat==

There are many kebab stores all over the city.

All these are in the city centre:

* 
* 
* 
* 
* 
* 
* 

* 
* 
* 

* 
* 
*",False
Q546,Trieste,"==Eat==

The cuisine of Trieste reflects the living traditions of the many populations that have passed through the city over the centuries. In the city's restaurants, called ""buffets"", you can find delicious examples of the local Austrian and Slavic tradition.

*Caldaia Traditional dish of boiled pork.
*Jota a soup prepared with pork, potatoes, cabbage, and finely-ground beans
*Gnocchi in the style of Austrian dumplings, made with everything from ham to stuffed with plums.
*Brodetto Fish soup
*Risotto Creamy rice dish
*Sardoni in savor flavored pilchards
*Salads common favorites here include chicory and rocket (arugula)
*Bruscandoli
*Farmers of the plateau who had been allowed by an imperial decree to sell their own products during a period of 8 days, organized the so-called osmizze, where it is possible to taste local wines and products, such as Monrupino's tabor cheese and honey from San Dorligo.
*The pastry shops in Trieste offer delicious local varieties of the most famous Austrian cakes: Sacher torte, krapfen, strucolo cotto and strucolo de pomi (local varieties of strudel), chiffeletti (cookies made with flour, eggs and potatoes and fried in oil)
*During Easter you can taste the pinza, a sweet leavened bread that many women still prepare at home and take to the bakery to be cooked. Richer variants of this are the titola, decorated with a hard-boiled egg, putizza and presnitz. Fritole, pancakes stuffed and fried in oil and fave, small round cookies made with almonds and aromas are typical during Carnival.

* 
* 
* 
* 
* 

* 
* 

* 
* 
* 

* 
* 
* 
* In the first little alley to the left of the Piazza Unità d'Italia, leading towards the hill, there are several small pasta restaurants and bistros.

* 
*",False
Q754,Trinidad and Tobago,"thumb|right|[[Doubles (food)|Doubles]]
thumb|Aloo pie
Diversity is also reflected the culinary culture, which bears witness to a variety of influences, including African, Indian, Chinese, Creole, European, Amerindian, Latin American, and North American. Street food is popular, and some examples are doubles, aloo pie, saheena, phoulourie, kachorie, baiganee, pies, accra, bake and shark, barbecue, souse, chow, black pudding, arepas, shawarma, and others. Some main and/or side dishes are curry crab and dumpling, pelau, oil down, pastelles, buljol, cou-cou, callaloo, ground provisions, fried plantain, red beans and rice, fried chicken, stewed chicken, barbecue chicken, fried fish, macaroni pie, fry bake, dhal bhat (dhal and rice), kurhee, dhalpuri, paratha, sada roti, dosti roti, curry chicken, curry goat, geera pork, curry fish, curry shrimp, curry channa and aloo, curry baigan, bhajee, mango tarkari, curry chataigne, bodi, seim, pumpkin (kohra), baigan chokha, damadol (tomatoes) chokha, aloo choka, kitchrie, tarkaris, pepper shrimp, fried rice, chow mein, and many others. Some noted soups are chicken, cow heel, fish broth, and corn soup. Some desserts and sweets include cassava pone, sweet bread, coconut drops, currants roll, sponge cake, black cake, kurma, gulab jamun, jalebi, laddoo, halwa, mohanbhog (parsad), pera, gujiya, maleeda, laapsi, sweet rice, barfi, rasgulla, sawine, sugar cake, toolum, and coconut, mango, or soursop ice cream.

Of these one of the most famous is doubles, which is two bara (fried flatbread) with channa (curried chickpeas) with various condiments like chutneys, kuchela, and pepper sauce. This is the most popular street food in the country. Doubles are popular late-night snack or breakfast, are thought to have been invented in 1936 on Trinidad.

Types of food that are popular are street food, celebration foods, deserts, and condiments like various chutneys. Fresh coconut water, rum, Mauby, are some examples. Having a fresh coconut water with ""jelly"", bitters, various mixed drinks, sorrel, are among noted beverages of the islands. Trinidadian gyros and shawarma are other noted food item, which was popularised by Lebanese and Syrian migrants to the islands.",True
Q3579,Tripoli,"==Eat==

The quality of food in Tripoli is good and generally inexpensive by western standards. Do not expect a huge variety, the cuisine is mostly Arabic. The chances of getting food poisoning are slim but beware of the fish, if you do feel inclined to sample the seafood, just take one look at the cleanliness of the harbour and the beaches.

There is an Oriental restaurant in the Corinthea hotel and another one in Gargash. Brush up on your Arabic; waiting staff speak little English and getting one of them to serve you at your table can be challenging.

There are several cafes and bistros in Tripoli, mostly located in the Gergaresh strip all the way to Seyaheya. A few of the most popular venues are 02, W Cafe, Veranda, Caracalla, Cacao, Halaweyat Sharkiya and Caffe Casa.

Most of these cafes are also restaurants and serve a variety of dishes both Western and Middle Eastern. All are popular among the foreigners of the city of Tripoli.",False
Q18575,Tucson,"Tucson is well known for its Sonoran-style Mexican food.Alpers, Jackie. ""Welcome to Tucson: 10 Must-Try Mexican-Inspired Dishes"" , Food Network. Retrieved April 10, 2016.Arellano, Gustavo (March 6, 2018). ""Why Doesn't Tucson's Mexican Food Scene Get More National Attention?"" WAMU. Retrieved March 28, 2018. Since the turn of the century, other ethnic restaurants and fine dining choices have proliferated.Downing, Renée (July 27, 2006). ""The Birth of Tucson Cuisine"" , Tucson Weekly. Retrieved April 10, 2016.Tersigni, Jennifer (October 16, 2014). ""Must Try: 12 Amazing Ethnic Dishes from All Over Tucson"" , Tucson Foodie. Retrieved April 10, 2016. Tucson cuisine is influenced by a diverse group of peoples, from Native Americans to Spanish settlers, Anglo-American ranchers and rail workers from China.

In 2015, the United Nations Educational, Scientific and Cultural Organization (UNESCO) designated Tucson a ""world city of gastronomy"" under the Creative Cities Network program, becoming thus the first city of gastronomy in the United States.Berlin, Andi (December 11, 2015). ""UNESCO Designates Tucson as World City of Gastronomy"" , Arizona Daily Star. Retrieved August 27, 2016.Severson, Kim (August 23, 2016). ""Tucson Becomes an Unlikely Food Star"" , The New York Times. Retrieved August 27, 2016. The city's focus on food includes Mission Garden, a living agricultural museum that showcases the crops and trees that have been grown in the area for over 4,000 years.

The Sonoran hot dog is very popular in Tucson. A hot dog is wrapped in bacon and grilled, served on a bolillo-style hot dog bun, and topped with pinto beans, onions, tomatoes, and a variety of additional condiments, often including mayonnaise, mustard, and jalapeño salsa.Nevarez, Griselda (August 15, 2015). ""Tucson's Savory Invention: The Sonoran Hot Dog"" , NBC News. Retrieved April 10, 2016.Robbins, Ted (August 6, 2009). ""The Sonoran Hotdog Crosses the Border"" , NPR. Retrieved April 10, 2016.Edge, John T. (August 25, 2009). ""In Praise of the All-American Mexican Hot Dog"" , The New York Times. Retrieved April 10, 2016. Tucson also has a strong, though contested, claim to being the place of origin of the chimichanga.

Tucson is also the birthplace of Chinese Chorizo, a Sino-Mexican fusion dish consisting of pork sausage seasoned with soy sauce, rice wine and chili. This version of chorizo originated from local Chinese grocery stores, which existed from the 1880s to 1970s. Since 2022, the Chinese Chorizo Festival has been held every October, and participants invent new dishes involving the sausage.",False
Q3572,Tunis,"==Eat==
thumb|Typical low-end eatery
Most hotels include breakfast, and some include dinner. There are countless coffee shops with bitter coffee, other drinks and French-style pastries to enjoy, as well as sandwich shops. Count yourself lucky if you find a dish that does not include canned tuna! Know that during Ramadan it's difficult to find an open restaurant during daytime.

If you want alcohol when eating go to a hotel as most serve beer/wine, as do some upmarket restaurants in the Berges du Lac area of Tunis.

* 
* 

thumb|Couscous is a dish common all over North Africa, in Tunisia too
* 
* 
* 
* 
* 

* 
*",False
Q948,Tunisia,"==Eat==

Tunisian cuisine has similarities with Middle Eastern cuisine, and mainly builds on the Northern African Maghreb tradition, with couscous and marqa stews (similar to the Moroccan tajine) forming the backbone of most meals. Distinguishing characteristics are the fiery harissa chili sauce, the heavy use of tiny olives which are abundant in the country, and the Tunisian tajine which, unlike the Moroccan dish of the same name, refers to a type of omelette-like pie prepared with a ragout of meat and/or vegetables mixed with herbs, legumes and even offal, enriched with eggs and cheese and baked in a deep pie dish until the eggs are just set, somewhat like an Italian frittata. Lamb forms the basis of most meat dishes and local seafood is plentiful. Pork and pork products are not widely available but can be found in some supermarkets and in some hotels in tourist areas.

thumb|A fiery plate of Harissa

* Harissa: very hot spicy chili paste (sometimes made more mild with carrots or yogurt), served with bread and olive oil as a starter at almost any meal.
*Shorba Frik: lamb soup
*Coucha: shoulder of lamb cooked with turmeric and cayenne pepper
*Khobz Tabouna (pronounce Khobz Taboona): traditional oven baked bread
* Brik (pronounce Breek): very crispy thin pastry with a whole egg (Brik à l'œuf), parsley and onions and sometimes meat like minced lamb or tuna (Brik au thon). Very tasty as an inexpensive starter. Eat it very carefully with your fingers.
* Berber Lamb: Lamb cooked with potatoes, carrots in a clay pot.
* Merguez: small spicy sausages.
* Salade tunisienne: lettuce, green pepper, tomato, onions, olives, radishes mixed with tuna.
* Salade méchouia: puréed grilled vegetable salad seasoned (often with harissa) and served with olive oil and sometimes tuna.
* Fricassé: small fried sandwich with tuna, harissa, olives and olive oil.
* Tunisian cakes: sweets related to Baklava.
* Bambaloni: fried sweet donut-like cake served with sugar.
* Tunisian ""fast food"": sandwiches, makloubs (folded pizzas), ""libanais""...

Regrettably, Tunisia has a very underdeveloped restaurant culture, and most food prepared in restaurants, outside of Tunisian homes or souks is disappointingly bland and carelessly presented. These characteristics tend to apply across the price scale, though one can occasionally eat tasty couscous or ""coucha"" stew in some low-priced restaurants. One's best hope for good eating in Tunisia is to be invited as a guest in someone's home or eat at a food stall in a souk.",True
Q495,Turin,"== Eat ==
 thumb | 300px | Casa Scaccabarozzi, the slice of polenta 
Turin has good public water, surging out of the nearby mountains. You'll see public drinking fountains everywhere, usually in the shape of a green bull, locally called Turet. Restaurants will happily serve you a carafe of tap water and not hassle you to buy bottled.

Many restaurants serve Piedmontese dishes, obviously, but the other regional Italian cuisines are also well represented.

Turin and the region of Piedmont has a very distinct regional cuisine that you will not often find easily around Italy. 

Traditional dishes that you should look out for include vitello tonnato, tajarin, agnolotti, and bagna cauda.

In addition, there are a number of traditional products from Turin such as torrone, bicerin, grissini, and gianduiotto. 

* La Piadineria is a chain with about 20 city locations, serving wraps; they have 3 outlets in or by Porto Nuova station. 
* 
* 
* 
* 
* 
* 
* 

 thumb | 300px | Caffè Mulassano on Piazza Castello 
* 
* 
* 
* 
* 
* 
* 
* 
* 
* Tre Gallini is a similar place at the southwest corner of the piazza. Gallini are chickens, galli are roosters. 
* 
 thumb | 300px | Galleria Subalpina 
* 
* 
* 
* 
* 
* 
* 
* 
* 
* 
* 
* 
* Eataly on Via Nizza by Lingotto metro station: see ""Buy"".
 thumb | 300px | Piano35: you're paying for the rooftop view 
* 
* 
* 
* 

* 
* 
*",False
Q43,Turkey,"thumb|[[Turkish coffee with Turkish delight. Turkish coffee is a UNESCO-listed intangible cultural heritage of Turks.]]

Turkey has a diverse and rich cuisine, varying geographically. Turkish cuisine has been influenced by Anatolian, Mediterranean, Iranian, Central Asian, and East Asian cuisines. Turkish and Ottoman cuisine have also influenced others. Dīwān Lughāt al-Turk, from the 11th century, documents ""the ancient lineage of much of present-day Turkish cuisine"". Güveç, Bulgur, and Börek are some of the earliest recorded examples of Turkish cuisine. Even though kebab as a word comes from Persian, Turkic people had been familiar with using skewers to cook meat. Turkish cuisine can be distinguished by its various kinds of kebabs. Similarly, pilaf dishes were influenced by Turkish cuisine. Further information about cuisine during the Seljuk and Ottoman periods comes from the works of Rumi and Evliya Çelebi. The latter describes ""food-related guilds of Istanbul"".

Food staples in Turkey include bread and yogurt. Some of bread varieties are lavash and (a type of pita bread). Ayran is a drink made of yoghurt. In western parts of Turkey, olive oil is used. Grains include wheat, maize, barley, oats, and millet. Beans, chickpeas, nuts, aubergines, and lamb are some of the commonly used ingredients. Doner kebab, originally from Turkey, is marinated lamb slices cooked vertically. Seafood includes anchovy and others. Dolma varieties and are made by stuffing vegetables or pasta. Sarma is made by rolling edible leaf over the filling. Yahni dishes are vegetable stews. Turkey is one of the countries with the meze tradition. Honey, pekmez, dried fruit, or fruit are used for sweetening. Filo is an originally Turkish dough that is used to make baklava.: ""Although known to Europeans and N. Americans by a Greek name, the dough is clearly of Turkish origin."" Turkish delight is a ""delicate but gummy jelly"".",False
Q38511,Turku,"==Eat==

Turku and other parts of Finland Proper are home to the more western influenced Finnish cuisine, which has features especially from Sweden, Denmark and Germany. The long traditions of farming and fishing in the area have contributed to the local food culture. Fish, especially herring – the regional fish of Finland Proper – has been at the heart of the region's culinary traditions for centuries. It is eaten all year round salted, fried, grilled and smoked. In addition, perch, whitefish and pike are often used. You must also remember to try the famous raisin sausage, a regional speciality which you can buy for example from the Market Hall. Another regional speciality is the sweet malt bread from the archipelago: skärgårdslimpa. As a dessert enjoy a good cup of coffee together with pulla (cinnamon roll) or Piispanmunkki (""Bishops Doughnut""), as people here call the traditional North German pastry Berliner.

Lunch offers, meals at kebab-pizzerias and fast food meals (including drinks and chips) usually cost €9–15. Simpler proper restaurant meals of some simple pasta, a soup or a salad, with water or a soft drink, are usually around €10–20. For meals with a high-grade steak and good wine, expect to pay at least €30–60. Proper restaurants are often open until 22:00, with the kitchen closing at 21:00. Some restaurants keep the bar open until later in the night. Fast food chains and some kebab-pizzerias, grills and other such places are open later at night, some as late as 03:00–05:00.

thumb|Summer terrace at the Aboa Vetus & Ars Nova courtyard.
thumb|The student cafeteria Kåren

Most restaurants have offers of €9–15 at lunch time, mostly at least in weekdays 11:00–14:00. There are also lunch restaurants or cafés serving meals only at lunch time, including student cafés and lunch restaurants for big workplaces, often having a very affordable price also for outsiders (Finnish students are state-sponsored and eat for €3!). For the student cafeterias some timing may be needed to avoid long queues (avoid 11:30–12:30). A few student restaurants serve cheap lunch also later or in the weekend. The department stores Wiklund and Stockman have family friendly cafés that can come handy.

* 
* 
* 
* 
* 
* 
* 
** 
* 
** 
** 
** 

thumb|Hesburger originates in Turku, and is the largest hamburger restaurant chain in Finland.
thumb|right|Beef Kung Po at Kiinanmuuri

: For lunch, see Lunch and brunch above.

Pizzerias are frequently cheap kebab-pizzerias, offering kebab, falafel and pizza. There are a lot of these in the centre, and eateries in the suburbs are often this kind. Unfortunately, the restaurants offering the finest kebabs are in the suburbs. Prices are comparable to the lunch offers of other restaurants; their own lunch offers are usually limited to including coffee or offering more options at their lower prices. Kotipizza is a slightly more expensive non-immigrant chain, primarily for take-away. There are also pizza restaurants in the mid-range or",False
Q672,Tuvalu,"The cuisine of Tuvalu is based on the staple of coconut and the many species of fish found in the ocean and lagoons of the atolls. Desserts made on the islands include coconut and coconut milk, rather than animal milk. The traditional foods eaten in Tuvalu are pulaka, taro, bananas, breadfruitMorris, Rachel, ""To the Lifeboats,"" in Mother Jones, November/December 2009 and coconut.Hedley, pp. 60–63 Tuvaluans also eat seafood, including coconut crab and fish from the lagoon and ocean. Another traditional food source is seabirds (taketake or black noddy and akiaki or white tern), with pork being eaten mostly at fateles (or parties with dancing to celebrate events).

Pulaka is the main source for carbohydrates. Seafood provides protein. Bananas and breadfruit are supplemental crops. Coconut is used for its juice, to make other beverages (such as toddy) and to improve the taste of some dishes.

A 1560-square-metre pond was built in 1996 on Vaitupu to sustain aquaculture in Tuvalu.

Flying fish are also caught as a source of food; and as an exciting activity, using a boat, a butterfly net and a spotlight to attract the flying fish.",False
Q911,Ufa,"==Eat==

* 
* 
* 

In the summer, there are good places for shashlik everywhere, usually in squares or outside of malls. ~ per person.

* 
* 
* 
* 
* 

* 
* 
* 
* 
*",False
Q212,Ukraine,"==Eat==
Traditional Ukrainian cuisine is quite tasty, with some similarities to Polish and other Eastern European and Central European cuisines. It uses a lot of fat ingredients, especially in festive dishes. Traditional dishes include ""salo"" (salted lard) and soups like ""solianka"" (солянка in Ukrainian, meat soup) or ""borshch"" (борщ in Ukrainian) a soup made of red beets and typically garnished with some sour cream. Western Ukraine also has a green version of borshch, with greens and boiled eggs. The first, salo, is perhaps something you might not make yourself try - however is a delicious side dish, as for the soups being a must-have dish.

If you are outside a big city or in doubt about food, exercise caution and common sense about where you buy food. Try to buy groceries only in supermarkets or large grocery stores, check the expiration date if buying of a Mom and Pop shop, and never buy meat or dairy products on the street (you can buy them at the market but not near the market).

thumb|Holubtsi

You may also find nice places to eat not by maps, but just by the smoke of traditional wood fires. These are often places where they serve traditional Ukrainian food, including very tasty shashlyky (шашлики in Ukrainian). Restaurateurs are very friendly, and, more often than not, you will be one of their first foreign visitors. Next to the ""borshch"", you might also ask for ""varenyky"" (вареники in Ukrainian, dumplings filled with berries, vegetables, fruits or mushrooms), ""deruny"" (деруни, potato pancakes), kholodets (холодець), holubtsi (голубці), kotleta po-kyivsky (котлета по-київськи). You have to try varenyky with potatoes and cottage cheese in a sautéed onion and sour cream sauce, a fantastic dish. These are just starters, but ones that might fill you up quickly.

thumb|Medovyk

Ukrainian desserts include medovyk (медовик), napoleon (наполеон) cakes and mlyntsi (млинці).

If you are vegetarian, the variety of food in the inland areas should be decent. However, be careful in coastal areas, where fish are more common.",False
Q23430,Ulaanbaatar,"==Eat==

Ulaanbaatar has a good range of options serving Mongolian, Asian (particularly Korean and Chinese), and Western cuisine — and at decent prices. For instance, you can get perfectly good pizza for 5000₮, and even a night out at a fancy French cafe shouldn't pass 30,000₮. Consider splurging on a couple of good meals here, especially if you're headed for a long trek into the country where fresh vegetables and the like are often hard to come by and prohibitively expensive. Best of all, UB's rapidly growing wealth has meant a steady procession of ever newer, ever higher-quality restaurants, as well as the appearance of international chains like KFC, Round Table Pizza, and Cinnabon.

Mongolia's Buddhist history means that vegan and vegetarian restaurants are plentiful, and quality is high. Traditional Mongolian foods like buuz (steamed dumplings) and khushuur (fried dumplings) have vegan versions available at vegan restaurants; if you have dietary restrictions, you won't have to miss out on traditional food.
In the city centre around the Sukhbaatar Square
* 
* 
* 
* 
* 

thumb|Mongolian street food
Throughout Ulaanbaatar are many small canteens (Гуанз) and coffeeshops (Цайны Газар). Try one of these for cheap Mongolian food. Buuz usually costs 400-600₮. As well, most universities (particularly the Mongolian National University and the Mongolian University of Science and Technology) have good cheap cafeterias with meals from 1800₮ to about 2500₮.

Khaan Buuz (Хаан Бууз) serves up set meals of Mongolian favorites (buuz is a Mongolian meat dumpling) from 5000₮, just look for the lime green facades.

CU and GS25 are ubiquitous Korean-style convenience stores that offer good cheap fast food and eating space at their stores; prices range from 2000-8500₮. Be circumspect of frozen foods, check for freezer burn, and products tainted from power failures and spoilage.

* 

*
* 
*
*
* 
* 
* 
* 
* 
* 

It's hard to spend outrageous sums of money eating out in Ulaanbaatar: the most expensive meals in the city will be around 60,000₮ a person. That is, unless you're drinking: whiskey or any other non-vodka liquors can be a bit pricey.
* Caucasia: Just behind ASA Arena. Serving Armenian and Georgian cuisine. Excellent quality.
* Chojin: In front of the Chojin Lama Museum on the ground floor of an office building. Serves a small but excellent selection of Mediterranean dishes. Very popular business dinner location for the locals. Reservation recommended.
* Hana Japanese Restaurant. On Chinggis Avenue next to the National Library, on the first floor of an office building. Impossible to spot from the outside, just go in and ask at the reception. You get advised to follow a fire security stairway up. Despite the non-glamorous arrival, the Hana is a high-end Japanese restaurant. Elegant atmosphere. Excellent Japanese dishes including udon soups, sushi and barbecue. Meals up to 30.000 T. Including starters and drinks, be prepared to spend 50.000-60.000 T.
* 
* 
* 
*",True
Q3012,Ulm,"==Eat==
There are plenty of places to eat in the nice and quiet Fischerviertel, where you can get some genuine German food and beer.

* 
* 
* 
* 
* 
* 
* 

* 
* 
* 

* 
*",False
Q878,United Arab Emirates,"thumb|190px|[[Arabic coffee with lugaimat, a traditional Emirati sweet]]

The traditional food of the Emirates has always been rice, fish, and meat. The people of the United Arab Emirates have adopted most of their foods from other West and South Asian countries including Iran, Saudi Arabia, Oman, Pakistan, and India. Seafood has been the mainstay of the Emirati diet for centuries. Meat and rice are other staple foods, with lamb and mutton preferred to goat and beef. Popular beverages are coffee and tea, which can be complemented with cardamom or saffron to give them a distinctive flavour.

Popular cultural Emirati dishes include threed, machboos, khubisa, khameer, and chabab bread among others while lugaimat is a famous Emirati dessert.

With the influence of western culture, fast food has become very popular among young people, to the extent that campaigns have been held to highlight the dangers of fast food excesses.The UAE's big fat problem . Gulf News. (19 July 2012). Retrieved 26 January 2014. Alcohol is allowed to be served only in hotel restaurants and bars. All nightclubs are permitted to sell alcohol. Specific supermarkets may sell alcohol, but these products are sold in separate sections. Likewise, pork, which is haram (not permitted for Muslims), is sold in separate sections in all major supermarkets. Although alcohol may be consumed, it is illegal to be intoxicated in public or drive a motor vehicle with any trace of alcohol in the blood.",False
Q145,United Kingdom,"thumb|[[Fish and chips, a traditional British dish, served with lemon, tartar sauce and mushy peas]]

British cuisine developed from influences reflective of its land, settlements, arrivals of new settlers and immigrants, trade and colonialism. The food of England has historically been characterised by simplicity of approach and a reliance on the high quality of natural produce. The traditional Sunday roast is one example, featuring a roast joint (usually of beef), lamb, chicken, or pork, often free range (and generally grass-fed, in the case of beef). Roasts are served with either roasted or boiled vegetables, Yorkshire pudding and gravy. Other traditional meals include meat pies and stews. A poll by YouGov in 2019 rated classic British food, with more than 80 per cent liking the Sunday roast, Yorkshire pudding, fish and chips, crumpets and the full English breakfast.

The UK is home to a large selection of fine dining. The nation hosts multiple restaurant guides such as The Good Food Guide and Harden's. In 2025 there were 197 restaurants with a Michelin Star; ten of which have received a three-star rating. Sweet foods are common within British cuisine, and there is a long list of British desserts. Afternoon tea is a light afternoon meal served with tea in tea rooms and hotels around the United Kingdom, with the tradition dating back to around 1840. A poll from July 2024 revealed that 3 per cent of the UK population follow a vegan diet, 6 per cent are vegetarian, and 13 per cent identify as flexitarian (following a mainly vegetarian diet). The British Empire facilitated knowledge of Indian cuisine with its ""strong, penetrating spices and herbs"". British cuisine has absorbed the cultural influence of those who have settled in Britain, producing hybrid dishes, such as chicken tikka masala.; The British have embraced world cuisine and regularly eat recipes or fast food from other European countries, the Caribbean and Asia.

The UK has many gastropubs and is the birthplace of many alcoholic drinks including several beer styles such as pale ale, India pale ale, bitter, brown ale, porter, and stout. The number of craft beers and microbreweries has expanded rapidly in the last two decades. Other popular alcoholic drinks produced in the UK include Scotch whisky, English wine, gin, perry and cider.",False
Q30,United States,"thumb|A [[Thanksgiving dinner with roast turkey, mashed potatoes, pickles, corn, candied yams, cranberry jelly, shrimps, stuffing, green peas, deviled eggs, green salad, and apple sauce]]

Early settlers were introduced by Native Americans to foods such as turkey, sweet potatoes, corn, squash, and maple syrup. Of the most enduring and pervasive examples are variations of the native dish called succotash. Early settlers and later immigrants combined these with foods they were familiar with, such as wheat flour, beef, and milk, to create a distinctive American cuisine. New World crops, especially pumpkin, corn, potatoes, and turkey as the main course are part of a shared national menu on Thanksgiving, when many Americans prepare or purchase traditional dishes to celebrate the occasion.

Characteristic American dishes such as apple pie, fried chicken, doughnuts, french fries, macaroni and cheese, ice cream, hamburgers, hot dogs, and American pizza derive from the recipes of various immigrant groups. Mexican dishes such as burritos and tacos preexisted the United States in areas later annexed from Mexico, and adaptations of Chinese cuisine as well as pasta dishes freely adapted from Italian sources are all widely consumed.

American chefs have had a significant impact on society both domestically and internationally. In 1946, the Culinary Institute of America was founded by Katharine Angell and Frances Roth. This would become the United States' most prestigious culinary school, where many of the most talented American chefs would study prior to successful careers. The United States restaurant industry was projected at $899 billion in sales for 2020, and employed more than 15 million people, representing 10% of the nation's workforce directly. It is the country's second-largest private employer and the third-largest employer overall. The United States is home to over 220 Michelin-starred restaurants, 14 of which were awarded three stars.

Wine has been produced in what is now the United States since the 1500s, with the first widespread production beginning in what is now New Mexico in 1628. In the modern U.S., wine production is undertaken in all fifty states, with California producing 84 percent of all U.S. wine. With more than under vine, the United States is the fourth-largest wine-producing country in the world, after Italy, Spain, and France.T. Stevenson, The Sotheby's Wine Encyclopedia Fourth Edition, p. 462, Dorling Kindersly, 2005, .J. Robinson, ed. The Oxford Companion to Wine, Third Edition, p. 719; Oxford University Press, 2006, .

The classic American diner, a casual restaurant type originally intended for the working class, emerged during the 19th century from converted railroad dining cars made stationary. The diner soon evolved into purpose-built structures whose number expanded greatly in the 20th century. The American fast-food industry developed alongside the nation's car culture. American restaurants developed the drive-in format in",False
Q25286,Uppsala,"==Eat==

Uppsala, being a university town, is not a city that is big on fine dining. There are a number of good restaurants to be found, however, and most of them are not far from the main landmarks in town. Lunch options are generally cheaper than dining options.

If you are interested in something lighter, most cafés mentioned below offer dishes like sandwiches, quiche, lasagna or salad. Likewise, most pubs at least offer simple pub food like burgers, and some of them, like Bierhuis and Bryggeriet Ångkvarn, are full-fledged gastropubs. Many hotels have good restaurants of their own, including the Manhattan-themed Kitchen & Table at Clarion Hotel Gillet, the Asian-Scandinavian restaurant and rooftop bar Miss Voon at Elite Hotel Academia, and the Nordic fine dining restaurant Villa Anna in the hotel with the same name. If you plan to cook for yourself, the market hall (S:t Eriks Torg 8, M&ndash;Th 10:00&ndash;18:00; F 10:00&ndash;19:00; Sa 10:00&ndash;16:00) offers various types of expensive, quality ingredients like seafood and cheese.

Most days, at least one of the 13 Nations (see infobox under section Drink) serve simple, yet well-cooked meals. Unbeknownst to most locals, lunches are also open for non-students. If you have a nation guest card, you can also dine at the Nations. To know which nations are open any given day, check the calendar at Nationsguiden. Prices range around 50&nbsp;kr for lunch and 70&nbsp;kr for dinner.

Virtually all restaurants in Uppsala have at least one ovo-lacto vegetarian dish on the menu. Uppsala is also a rather vegan-friendly city. Many restaurants have some vegan dish on the menu, and even those which do not can usually serve something vegan if you ask the waiter. Especially good places for plant based food would be the vegetarian restaurant (Drottninggatan 12, +46 18-12 01 60, M&ndash;W 11:00&ndash;14:00, Th&ndash;F 11:00&ndash;14:00 & 17:00&ndash;21:00, Sa 16:00&ndash;22:00).

thumb|Aaltos on the ground floor of Västmanlands-Dala nation is named after its architect, Alvar Aalto.
Budget-priced food trucks selling fast food like hot dogs and falafel can be found on the main shopping street Svartbäcksgatan, the square Vaksala torg and at Sankt Eriks square just north of the Cathedral. One falafel goes for about 50&nbsp;kr. Typically they open around 11:00 and stay open until 20:00 on weekdays and significantly later on weekends (around 04:00 &mdash; late enough to serve drunk students on their way home from the bars).
* 
* 
* 
* 
* 
* 
* 
* 

* 
* 
* 
* 
* 
* 
* 
* 

thumb|The restaurant Domtrappskällaren dates back to the 13th century and used as a student prison!
* 
* 
* 
* 
* 
* 
*",False
Q77,Uruguay,"Uruguayan cuisine culture comes mostly from the European cuisine culture. Most of the Uruguayan dishes are from Spain, France, Italy, and Brazil, the result of immigration caused by past wars in Europe. Daily meals vary between meats, pasta of all types, rice, sweet desserts and others, with meat being the principal dish due to Uruguay being one of the world's largest producers of meat in quality.

Typical dishes include: ""asado uruguayo"" (big grill or barbecue of all types of meat), roasted lamb, chivito (sandwich containing thin grilled beef, lettuce, tomatoes, fried egg, ham, olives and others, and served with French fries), milanesa (a kind of fried breaded beef), tortellini, spaghetti, gnocchi, ravioli, rice and vegetables.

One of the most consumed spreads in Uruguay is dulce de leche (a caramel confection from Latin America prepared by slowly heating sugar and milk). The most typical sweet is alfajor, which is a small cake, filled with dulce de leche and covered with chocolate or meringue. Other typical desserts include the pastafrola (a type of cake filled with quince jelly) and chajá (meringue, sponge cake, whipped cream and fruits, typically peaches and strawberries are added). Mate, an herbal drink, is the most typical beverage in Uruguay.",False
Q803,Utrecht,"==Eat==

Many restaurants can be found in the city center. Especially near the canals there is a huge choice of places to eat, each with their own style of kitchen, like Italian, Thai, and American. Ask the locals for which places are recommended as not every restaurant offers the same quality.

* 
* 
* 
* 
* 
* 
* 
* 
* There are several Flemish snack bars outside of Hoog Catharijne that sell wonderful thick fries with mayonnaise. Try it; it’s not as bad as John Travolta’s character seems to think in Pulp Fiction.
* To try something Dutch visit one of the snackbars and order a Kroket.
* For a more multi-ethnic view of Utrecht, walk away from the old city from the bus station/central station, walk under the train tracks, and follow the bus route (straight ahead) about 200 m. Try some affordable rotisserie style chicken on the left side of the Kanaalstraat, get a Moroccan style bagel across the street at one of the many Middle Eastern bakeries, and stock up on way-affordable (the cheapest in Utrecht) fruit and veggies at one of the many produce markets.

* 
* 
* 
* 
* 
* 
* 
*
* 
* 

*
*",False
Q265,Uzbekistan,"thumb|right|[[Pilaf|Palov]]
thumb|right|Uzbek [[Manti (food)|manti]]
Uzbek cuisine is influenced by local agriculture; since there is a great deal of grain farming in Uzbekistan, bread and noodles are of importance and Uzbek cuisine has been characterised as ""noodle-rich"". Mutton is a popular variety of meat due to the abundance of sheep in the country and it is part of various Uzbek dishes.

Uzbekistan's signature dish is palov (or plov), a main course typically made with rice, meat, carrots, and onions, though it was not available to ordinary people until the 1930s. There are many regional variations of the dish. Often the fat found near the sheep tail, qurdiuq, is used. In the past, the cooking of palov was reserved for men, but the Soviets allowed women to cook it as well. Since then, it seems, the old gender roles have been restored.

Other notable national dishes include shurpa, a soup made of large pieces of fatty meat (usually mutton), and fresh vegetables; norin and laghman, noodle-based dishes that may be served as a soup or a main course; manti, chuchvara, and somsa, stuffed pockets of dough served as an appetiser or a main course; dimlama, a meat and vegetable stew; and various kebabs, usually served as a main course.

Green tea is the national hot beverage consumed throughout the day; teahouses (chaikhanas) are of cultural importance. Black tea is preferred in Tashkent, but both green and black teas are consumed daily, without milk or sugar. Tea always accompanies a meal, but it is also a drink of hospitality that is automatically offered: green or black to every guest. Ayran, a chilled yogurt drink, is popular in summer.

The use of alcohol is less widespread than in the West, but wine is comparatively popular for a Muslim nation as Uzbekistan is largely secular. Uzbekistan has 14 wineries, the oldest and most famous being the Khovrenko Winery in Samarkand (established in 1927). A number of vineyards in and around Tashkent are also growing in popularity, including Chateau Hamkor.",False
Q23800,Valletta,"==Eat==
thumb|St. Paul's Pro-Cathedral
Valletta has a good selection of decent restaurants, especially along the waterfront. Since most tourists stay in Sliema or on the north coast of the island there are fewer of the trashy variety, although it does have the usual fast-food chains. Look out for traditional bakeries, with steaming fresh bread for mere cents.

At almost every corner you can find pastizzerie selling pies stuffed with cheese or peas, for just 30-50 cents each and are a popular late-night snack.
* 
* 
* 
* 
* 
* 

*
* 
* 
* 
* 
* 
* 
* 

Often upscale Asian restaurants don't live up to the expectations, at least when it comes to the food. Many such disappointing restaurants are in big upscale hotels.
* 
*",False
Q686,Vanuatu,"thumb|[[Laplap, Vanuatu's national dish, before being cooked]]
The cuisine of Vanuatu (aelan kakae) incorporates fish, root vegetables such as taro and yams, fruits, and vegetables. Most island families grow food in their gardens, and food shortages are rare. Papayas, pineapples, mangoes, plantains, and sweet potatoes are abundant through much of the year. Coconut milk and coconut cream are used to flavour many dishes. Most food is cooked using hot stones or through boiling and steaming; very little food is fried.

The national dish of Vanuatu is laplap.",False
Q79980,Varanasi,"==Eat==
thumbnail|Potatoes and Puri, the Indian fried bread

Banarasi Khana, or local delicacies, are known for their flavours. Many dishes here are flavoured with asafoetida, ginger, bay leaves, cloves, cardamom, cinnamon, and/or dried fenugreek leaves.

Benares Dum Aloo is different from the dum aloo cooked elsewhere in India because the potatoes are stuffed with and cooked in gravy that includes jaggery, fennel, and chilli paste.

Varanasi is also known for its street food and chaat vendors. Aloo chaat is very common.

Varanasi Paan is famous all over India. Paan is an assortment of flavours wrapped in a betel leaf. There are two versions: One that includes tobacco, and one that includes only sweet flavours. The exact ingredients depend on how much you offer, which can be as little as ₹10 or as much as ₹300. To eat the sweet version, shove the entire leaf in your mouth at once and chew until you swallow!

Lassi from Pahalwan Lassi at Ravidas Gate in Lanka. Age-old shop for delicacies like Lassi, Malaiyyo and Rabri.

Rabri Malai Balai is a popular dessert in Varanasi that includes milk, sugar, almonds, and pistachio nuts. You can find it served in hole-in-the-wall or sweet shops.

There are plenty of food outlets with a very dynamic range in quality. The restaurants closer to the ghats cater more to foreign tourists, with variable success.

* Kashi Chat Center: (near Godowlia Crossing) Good assortment of exotic chats. Try out the Aloo Tikia Chat.
* Lotus lounge: (at mansoravor ghat) through the alleys, great food a must for every visitors.
*Madhur Jalpan: The best place for laddoos and other famous sweet delicacies is 'Madhur Jalpan', a shop that has been frequented by more than two prime ministers of India! Madhur Jalpan is on Baradev - next to the Kainiya Chitra Mandir. Again, on a small alleyway, but the sweets are to die for.
* Shiv Lassi Bhandar: (near the main gate of RamNagar Fort) Lassi with layers of Malai and Rabri. Superb Stuff.

* A C Shahi Restaurant & Kesari Restaurant near Dasashwmedh ghat in Godaulia and Shahi Restaurant near Rathyatra crossing serve very good vegetarian north and south Indian dishes.
* Cozy Corner Restaurant (CCR) Homely, healthy and hygienic is the motto of CCR. They specialise in Indian, South Indian and Chinese and serve fantastic dosas and chole bhature. It's a nice cozy place to hang out and the service is superb. Located just down the street from Assi Ghat. Turn left on Dumrao Bagh (first street when walking from the ghat) and walk about 50 m, just past Open Hand. Phone +91 9369305877.
*Diamond Hotel and Jaika Restaurant near Vijaya Talkies Crossing in Bhelupur serve very good north Indian dishes.
* Dosa Cafe, (in the main alley behind the ghats, north of the main ghat) serves delicious South Indian dishes for a good price.
* Leela Paying Guest House, (in the center of the city 1.5 KM from River Ganges) +91-7080881639. A very nice place to eat ,right in the middle of the city, very close to river Ganges a",True
Q641,Venice,"Venetian cuisine is characterized by seafood, but also includes garden products from Sant'Erasmo island, rice from the mainland, game, and polenta. Venice is not known for a particular cuisine of its own: it combines local traditions with influences stemming from age-old contacts with distant countries. These include sarde in saór (sardines marinated to preserve them for long voyages); bacalà mantecato (a recipe based on Norwegian stockfish and extra-virgin olive oil); bisàto (marinated eel); risi e bisi – rice, peas and (unsmoked) bacon;Ranieri da Mosto, Il Veneto in cucina, Firenze, Aldo Martello-Giunti, 1974, p. 57; Mariù Salvatori de Zuliani, A tola co i nostri veci. La cucina veneziana, Milano, Franco Angeli, 2008, p. 63 fegato alla veneziana, Venetian-style veal liver; risi e bisi (rice and beans); risòto col néro de sépe (risotto with cuttlefish, blackened by their own ink); cichéti, refined and delicious tidbits (akin to tapas); antipasti (appetizers); and prosecco, sparkling light -body white wine.

In addition, Venice is known for the golden, oval-shaped cookies called baìcoli, and for other types of sweets, such as: pan del pescaór (bread of the fisherman); cookies with almonds and pistachio nuts; cookies with fried Venetian cream, or the bussolài (butter biscuits and shortbread made in the shape of a ring or an ""S"") from the island of Burano; the galàni or cróstoli (angel wings); the frìtole (fried spherical doughnuts); the fregolòtta (a crumbly cake with almonds); a milk pudding called rosàda; and cookies called zaléti, whose ingredients include yellow maize flour.Mariù Salvatori de Zuliani, A tola co i nostri veci. La cucina veneziana, Milano, Franco Angeli, 2008, pp. 449–450

The dessert tiramisù is generally thought to have been invented in Treviso in the 1970s, and is popular in the Veneto area.",False
Q2028,Verona,"==Eat==
thumb|Scaliger Tombs (Arche scaligere): Tomb of Cansignorio in the foreground, the Santa Maria Antica church and the tomb of Cangrande I della Scala, and on the right, the tomb of Mastino II

The Veronese are keen eaters of horse-meat (cavallo), a local speciality. Pastisada de caval, is a dish of braised horse meat, as is Picula de Caval.

Pizza is not traditionally eaten locally, but pasta dishes feature widely on restaurant menus. Try Pizzocheri (buckwheat pasta with cheese and sage), casoncelli (a type of ravioli) or bigoli (thick spaghetti).

Casoela is a pork casserole, and a bollito misto is a mixture of boiled meats, usually served with mostarda, a traditional accompaniment of fruit and vegetables in mustard.

All these are in the city centre:

* 
* 
* 
* 
* 
* 
* 

* 
* 
* 
* 

* 
* 

*",False
Q1741,Vienna,"== Cuisine==

alt=A Wiener schnitzel at a restaurant|thumb|[[Wiener schnitzel]]
Vienna is well known for Wiener schnitzel, a cutlet of veal (Kalbsschnitzel), sometimes also made with pork (Schweinsschnitzel) or chicken (Hühnerschnitzel), that is pounded flat, coated in flour, egg, and breadcrumbs, and fried in clarified butter. It is available in almost every restaurant that serves Viennese cuisine and can be eaten hot or cold. Other examples of Viennese cuisine include Tafelspitz (very lean boiled beef), which is traditionally served with Geröstete Erdäpfel (boiled potatoes that are sliced and pan-fried) and horseradish sauce, Apfelkren (a mixture of horseradish, cream and apple) and Schnittlauchsauce (a chives sauce made with mayonnaise and stale bread).

Vienna has a long tradition of producing cakes and desserts. These include Apfelstrudel (hot apple strudel), Milchrahmstrudel (milk-cream strudel), Palatschinken (sweet pancakes), and Knödel (dumplings) often filled with fruit such as apricots (Marillenknödel). Sachertorte, a delicately moist chocolate cake with a layer of apricot jam and a chocolate glaze, created by the Sacher Hotel, is world-famous.
thumb|A [[Sachertorte at the Hotel Sacher]]
In winter, small street stands sell traditional Maroni (hot chestnuts) and potato fritters.

Sausages are popular and available from street vendors (Würstelstand) throughout the day and into the night. The sausage known as Wiener (German for Viennese) in the U.S. and in Germany is called a Frankfurter in Vienna. Other popular sausages are Burenwurst (a coarse beef and pork sausage, generally boiled), Käsekrainer (spicy pork with small chunks of cheese), and Bratwurst (a white pork sausage). These sausages either come with sliced bread or as a hot dog. Mustard is the traditional condiment and usually offered in two varieties: ""süß"" (sweet) or ""scharf"" (spicy).

Vienna ranked 10th in vegan-friendly European cities in a study by Alternative Traveler in 2020.

The Naschmarkt is a permanent market for fruit, vegetables, spices, fish, and meat, as well as a popular spot for international cuisine, with numerous small restaurants and food stalls offering dishes from around the world.

alt=A yellow can of Ottakringer Helles|thumb|Ottakringer Helles
Vienna is one of the few remaining world capitals with its own vineyards. The wine is served in small Viennese pubs known as Heuriger. The wine is often enjoyed as a Spritzer (""G'spritzter"") with sparkling water. The Grüner Veltliner, a dry white wine, is the most widely cultivated wine in Austria. Another wine typical of the region is ""Gemischter Satz"", which is usually a blend of different grape varieties harvested from the same vineyard.

Beer is second in importance to wine. Vienna has a single large brewery, Ottakringer, and more than ten microbreweries. Ottakringer's most popular product is the Ottakringer Helles, a beer with an alcohol content of 5.2%. Vienna is home to many Beisln, small traditional Austrian",False
Q881,Vietnam,"Traditionally, Vietnamese cuisine is based around five fundamental taste ""elements"" (): spicy (metal), sour (wood), salty (water), bitter (fire), and sweet (earth). Common ingredients include fish sauce, shrimp paste, soy sauce, rice, fresh herbs, fruits, and vegetables. Vietnamese recipes use lemongrass, ginger, mint, rau răm, long coriander, Saigon cinnamon, bird's eye chilli, lime and basil leaves. Traditional Vietnamese cooking is known for its fresh ingredients, minimal use of oil, and reliance on herbs and vegetables; it is considered one of the healthiest cuisines worldwide. The use of meats such as pork, beef, and chicken was relatively limited in the past. Instead freshwater fish, crustaceans (particularly crabs), and molluscs became widely used. Fish sauce, soy sauce, prawn sauce, and limes are among the main flavouring ingredients. Vietnam has a strong street food culture, with 40 popular dishes commonly found throughout the country. Many notable Vietnamese dishes such as (salad roll), (rice noodle roll), (rice vermicelli soup) and noodles originated in the north and were introduced to central and southern Vietnam by northern migrants. Local foods in the north are often less spicy than southern dishes, as the colder northern climate limits the production and availability of spices. Black pepper is frequently used in place of chillis to produce spicy flavours. Vietnamese drinks in the south are also usually served cold with ice cubes, especially during the annual hot seasons; in contrast, in the north, hot drinks are more preferable in a colder climate. Some examples of basic Vietnamese drinks include (Vietnamese iced coffee), (egg coffee), (salted pickled lime juice), (glutinous rice wine), (sugarcane juice) and (Vietnamese lotus tea).",True
Q159610,Vlorë,"==Eat==
Vlore's sea products are some of the best in Albania. The Paradise Beach Restaurant offers great seafood and is 5-10 minutes (depending on traffic) with a car from the center of Vlore. Ask for the right direction. Another great restaurant is ""Makareshi"", which is less than 5 minutes from the center of the city (with a car). But the most important thing to eat there is the Vlora traditional food. Vlore (together with Kurvelesh) is the center of Laberia—the most famous and patriotic region of Albania. ""Lab"" people tend to be very proud of themselves, but also of their food. Try kukurec, qumeshtor and harapash. ""Mish ne hell"", which is rotisserie lamb, is well-known. Try this around Karaburuni. Another perfect eating destination for the seafood lovers would be BAR Restaurant Vangjeli, with quite reasonable prices affordable for everyone's pockets.

Vlore area cuisine is typical of coastal and mountainous areas. The products are taken from dairy animals which are raised in the mountains by the sea.

Here are some examples of traditional Albanian dishes:

* Byrek is a flaky pastry that is preferred by the people of Vlore to be filled with either field greens or just as a milky pie. The most important ingredients are fresh milk, flour, and field greens.
* Grilled meat is characteristic of Vlore, and is found in every restaurant. The nearness of the sea and the quality of pastures give the meat in this area an incomparable taste. Lamb from Karaburun cooked over an open fire is particularly delicious.
* Yogurt in Vlore is produced traditionally and is different than the yogurt produced in most of Europe.
* Harapash is similar to porridge and is cooked with corn flour, the intestines of lamb, cheese and butter.
* Raki is the traditional alcoholic drink of Albania. The drink is typically grape-based, but you can also find raki made from blackberries and plums. You can try different tastes of raki at Komiteti Bar Vlore.
* Another typical dish for Vlore cuisine are plates with seafood, fish, mussels, shrimp, and lobster.

* 
* 
* 

* 
* 
* 
* 
*",False
Q21194,Vũng Tàu,"==Eat==
thumb|right|300px|Banh Khot

* Bánh Khọt – Vung Tau's signature meal. It is a breakfast meal with rice cakes filled with seafood (squid, shrimp) or egg and lots of greens into which you roll the rice cakes and then dip them into a sweet and salty sauce. Bánh Khọt starts at 45,000 dong, but often goes for 60,000 dong — a little steep when you compare it to the 5 pieces of Bánh Căn for 25–40,000 in Nha Trang, which is pretty much the same.
* Hủ Tiếu Mực – Squid noodles, around 50,000 dong.
* Bánh Cánh Ghe – Crab noodles, around 50,000 dong.
* Lẩu – Meaning hot pot, is very popular in Vung Tau, but often only makes sense in a larger group due to the price and amount. Hot pot is a must at every Vietnamese party. 

You will also be able to find Bò Kho, Bánh Xèo, or just Phở.

Meals in Vung Tau are generally more expensive than in the rest of the country — you won't find many meals below 40,000 dong (as of 2023). This is also due to the city being a petroleum center and due to focus on seafood dishes.

Inexpensive, local and authentic eateries can be found along going north for not more than a kilometer, along going west, and along going north.

Many busy hot pot (Lẩu) restaurants can be found all along heading south and then turning left into and heading southeast. Come here to enjoy the Vietnamese hot pot in different styles. Beer is encouraged.

* 
* 
* 
* 
* 
* 
* 

* 
* 
* 
*",False
Q1223,Washington,"==Eat==

The Pacific Northwest is best known for its salmon. This fish lives most of its life in the Pacific Ocean, but returns to freshwater rivers and streams in the Pacific Northwest to spawn. It is one of the most important foods to native cultures, and part of the cultural identity of northwesterners of all backgrounds. The various subspecies of salmon each have their own seasons throughout the year, and preserved smoked salmon is available year-round as a locally-common charcuterie item.

The cool, clean waters provide some of the finest shellfish habitat in the world. Washington is the nation's leading producer of farmed bivalve shellfish (clams, mussels and oysters) but other specialties like geoducks are sometimes available for the more adventurous.

Dungeness crab is prized for its sweet and tender flesh and high ratio of meat. Its common name comes from the port of Dungeness, where the crab was first commercially harvested. The Dungeness crab is the most commercially important crab in Washington's territorial waters, but other species are also common.

Oftentimes seafood comes in short bursts with seasonal migrations, available for only short windows of time. Watch closely for seasonal specials in restaurants and markets.

The area's mild climate, rich soil and abundant water resources lead to a bountiful harvest for many varieties of fresh produce. Farmers' markets are common in both urban and rural areas, and produce stands line rural highways during the summer and autumn.

Apples are one of Washington's biggest exports with over 100 million boxes of apples picked every year and shipped around the globe. Wenatchee proclaims itself as ""The Apple Capital of the World"".

Rainier cherries, brightly colored in yellow and red, are available at supermarkets and farmer's markets every July. If you're visiting in the summertime, pick up a big bag while they're available.

A wide variety of other crops are grown, from wheat to potatoes to asparagus to onions to nuts.",False
Q3955,Weimar,"==Eat==
The market square is the home of the centuries-old and extremely tasty Thueringer Bratwurst, which can be bought at one of the many sausage stands during the day. It is widely considered a delicacy. The area is also famous for its cakes, such as the Zupfkuchen, all widely available generally costing around €1.

There are many good restaurants in the city catering to the tourist market selling all manner of cuisine, and with the compact nature of the city you can never be far away from the food you are wanting.

All these are in the city centre:

* 
* 
* 
* 
* 
* 

*
* 
* 
* 
* 
* 
* 

* 
*",False
Q23661,Wellington,"==Cuisine==
Wellington is characterised by small dining establishments, and its café culture is internationally recognised, being known for its large number of coffeehouses. Wellington restaurants offer cuisines including from Europe, Asia and Polynesia; for dishes that have a distinctly New Zealand style, there are lamb, beef, pork and venison, salmon, crayfish (lobster), Bluff oysters, pāua (abalone), mussels, scallops, pipis and tuatua (both New Zealand shellfish); kūmara (sweet potato); kiwifruit and tamarillo; and pavlova, the national dessert.",False
Q2135,Winnipeg,"==Eat==
Winnipeg residents love food. There is an amazing array of restaurants catering to every taste and budget. Tipping is customary in Winnipeg and is not included in the price of the food. Some restaurants may automatically add a gratuity charge for large groups. Tips typically range from 10–20%
thumb|Kielbasa is part of the Polish cuisine, and outside Poland it can be found in places with a history of Polish immigration, like the Canadian Prairie provinces
Local cuisine includes:
* Winnipeg goldeye, a smoked fish available at most grocery stores and fish markets.
* Winnipeg-style rye bread, best bought unsliced directly from the bakery.
* Winnipeg-style cream cheese is a good accompaniment for Gunn's bagels.
* Fresh pickerel filets and cheeks.
* Russian mints
* Manitoba maple syrup
* Kubasa or kielbasa, a ready-to-eat Eastern European pork garlic sausage smoked daily.
* Mennonite farmer's sausage (for frying or barbecuing).
* Chili Burgers
* Tourtière, a Québécois meat pie.
* Québécois desserts like sucre à la crême (similar to fudge) and tarte à sucre (like pecan pie, minus pecans).
* Indigenous foods like elk, bison, and bannock.
*Honey dill dipping sauce for things like chicken fingers and fries. Can be ordered at almost any restaurant in Winnipeg or bought in some stores.

* 
* 
* 
* 
* 
* 
* 

thumb|Restaurants and shops in the Winnipeg Square mall
* 
* 
* 
* 
* 
* 
* 
* 

* 
* 
* 
* 
* 
*",False
Q11746,Wuhan,"==Eat==

Wuhan is famous for its morning xiaochi - a variety of breakfast foods. Hubuxiang in Wuchang is Wuhan's famous breakfast alley where you will find all of Wuhan's famous breakfast dishes. Reganmian (热干面) (literally, ""hot dry noodle"") is the epitome of Wuhan's breakfast food. It is noodles with peanut sauce, tossed in sesame paste and other seasonings. You will find these noodles for around ¥10 from street vendors. They are perfect. Other Wuhan breakfast specialties include mianwo, a type of savory donut; tangbao (汤包), small dumpling-buns filled with pork and soup; mibaba, a lightly sweetened pancake made with rice flour; and mijiu tangyuan (米酒汤圆), a sweet soup of rice wine (fermented from glutinous rice) with rice flour dumplings sometimes stuffed with sesame paste.

Adventurous eaters find their fuel on the streets between the hours of 12:00-05:00. On these streets there are generous and well-meaning folk selling dumplings, noodles, wok food, and foies gras. On the odd occasion that the lounge is closed, one is able to sit outside and enjoy the night air, the delightful local dialect, and any foods you order. If you are in the mood for a more romantic night on the town, there are countless 3-wall restaurants with candle lights upon the tables, live music flowing from the muses' mouths, and 4-star restaurants' finest fair at a reasonable and sanitary locale.

Since Wuchang is an education center with many universities hosting so many international students, therefore, a number of South Asian and Arabic cuisine restaurants have opened in the city. These restaurants are equally popular among Chinese and the foreigners, especially the international students.",False
Q5826,Xi'an,"==Eat==
Xi'an used to have only a few restaurants known by the locals to serve delicious food. Now the restaurants are everywhere, especially ones like KFC and McDonald. The younger generations don't seem to appreciate the traditional cuisines and rather choose to eat fast food. Therefore, some of good old restaurants are forced to close down, being taken over by the newer ones.

Xi'an specialties include:
thumb|The local speciality, Biang Biang Mian

* Yángròu Pàomó (羊肉泡馍) is one of the signature dishes of the area, it consists of a piece of thick, chewy bread and a kettle of lamb soup. The diner shreds the bread with his hands and places the shreds in a bowl, the soup is then poured over the shreds (along with meat, maybe some noodles or scallion, etc.) The trick is to shred the bread into pieces that are ""as small as possible"", like the size of your pinky fingernail. Most first-timers will shred their bread in pieces that are too large. In some restaurants, they have already shredded the bread for you. It is normally also served with pickled garlic and chili. If you don't like lamb, some restaurants also offer a beef version. The best, and the most authentically made of this dish can be found in the Hui Muslim Quarter.
* Biáng biáng miàn (𰻝𰻝面) is a local provincial specialty noodle dish that is extremely good. The wide noodles are spiced, have a broth, and include toppings such as eggs, tomatoes, beef, etc. The character for ""biang"" is very complex (58 strokes) and distinctive. Although this kind of noodles has created a brand of the same name (trademarked), under which several such restaurants are run across the whole city, not every one serves the noodles that taste like the original. It's advised to go to the one restaurant that has lasted for the longest time, which is located in Fen Alley, within the City Walls. It is known by the locals as the most ""authentic"" (正宗) Biáng biáng miàn.
* Ròu jiā mó (肉夹馍) is the closest thing to a hamburger. This is a local tradition and should be very easy to locate. Sandwich-like, with pork, beef or lamb, this is a must-try item for anyone who is in this area. Still, as a dish that is derived from Hui people's cuisine, the best Ròu jiā mó restaurant is to be found usually within the City Walls, specifically in the Hui Muslim Quarters. Not every Ròu jiā mó restaurant in the city serves the food just like the original. A recommendation of such an ""authentic"" restaurant would be Yú Lǎo Dà (literally translated as ""Mr.Yu's"") located in the Wuxing Street, just across the Roman Catholic church. It mostly serves food for breakfast, so get in there in the morning just in case it closes at noon.
* Liangpi (凉皮) is a noodle dish made from wheat or rice flour, dressed with soy sauce, chili oil, and vinegar, and garnished with cucumber, bean sprouts, and cilantro.
* Xiǎo lóng bāozi (小笼包子) are basket-steamed dumplings (one basket ¥3), common as a midnight snack. Look for its big brother ""Da baozi"" only available first t",False
Q6610,Yakutsk,"==Eat==

Most Yakutians do not often eat out in restaurants. When they do, it is most often for special occasions such as for weddings, birthday celebrations, and so on. Most of the local restaurant customers will tend to be the younger generation who were born after 1970.

Traditional Yakutian food is simple and extremely bland. Soups are probably the most common items, and most Yakutians will have soup at least once during the day. Salads are very common, and almost always made with mayonnaise. Mayonnaise, as everywhere in Russia, is used everywhere and on everything. Yakutian delicacies include fish, reindeer, and young horse. Pork is the most common meat, but sausages and kolbasa are very common. Fish is often served frozen or pan fried. Meat is often boiled or fried and is generally overcooked, or ""cooked until death"", making it tough.

There are a lot of places where hamburgers are offered in Yakutsk, but there are no places offering a good one. Most are made from pork, not beef. Most have been precooked and then reheated to serve. Don't be fooled by the fact that many places are using McDonald's trade-marked product names. What you get will not resemble the McDonald's product.

Mexican sounding dishes have been introduced in Yakutsk, but so far these have been local interpretations by local chefs who have no clue about Mexican food. There was a so-called Mexican restaurant which seems to have closed. Don't be fooled into ordering the local buritos or tacos unless you just want to have a laugh. There is no Mexican food in Yakutsk.

Eight years ago there were no sushi bars in Yakutsk. Today, sushi is available seemingly everywhere. It is popular with the young people who are the most frequent visitors to restaurants. All of the fish is brought in frozen, and a number of cases of food poisoning in sushi restaurants in Yakutsk are attributed to sushi fish being kept at room temperature for too long. Most of the sushi chefs have been locally trained by other locally trained sushi chefs, and this also shows in the quality of the sushi. Makisushi is the most popular and most of the local chefs have mastered this art. Nigiri sushi is also pretty common, but the kinds of toppings available will be limited. Many Japanese restaurants also offer other Japanese dishes, but the chefs generally have no real idea what the real Japanese dish should be, so you will find many interesting local interpretations. Many restaurants offer interesting combinations of Japanese and other ethnic foods.

Pizza restaurants have also become popular, and there are more and more places offering pizza. Pizza in Yakutsk is the ubiquitous Russian thin crust pizza. Tomato sauce is often absent or sparingly applied. Various types of cheese may be used. Mayonnaise is often used instead of tomato sauce or sometimes in addition to it. Real pepperoni is a rarity in Yakutsk, but the pizzeria in the Polar Star hotel usually has it, and it is occasionally available elsewhere.

There a",False
Q37995,Yangon,"==Eat==
Yangon has seen an explosion of restaurants in the last ten years and a wide selection of international cuisines is available: French, Italian, Japanese, Thai and Korean. Local cuisine reflects the multi-ethnic nature of the city and the country. Along with Bamar food, there are a large number of Indian and Chinese restaurants as well as a few places specializing in ethnic Shan food. Fast food restaurants (usually with table service) serving burgers and pizza, and a few cafes complete the scene.

The cost of food ranges considerably. Restaurants and cafes in hotels and the airport charge prices that are normal in Western countries, yet at a streetside stall a whole meal costs 500–2,000 kyat.

Biryani, a rice and meat dish with roots in the Mughal Empire, is a speciality and there are many biryani restaurants (dan-PAO-sain in Burmese) in the city centre, especially along Anawratha Rd. The three main competing restaurant chains (all halal, but vegetarian biryani is usually available) are Yuzana, KSS (Kyet Shar Soon), and Nilar.

thumb|Street food stall in Yangon
Street Food: Anawratha Rd and Mahabandoola Rd are dotted with food stalls, but Yangon street ambiance is not conducive to al fresco eating. Betel-nut spitting pedestrians do not add to the ambience either. Myanmar street food is mostly deep fried, and often served in a puddle of oil. Dishes are washed at the roadside ""dunk"" style, without soap and without running water. The green tea is free but before drinking from the cups pour some tea, swill it, empty it on the street and then pour yourself the cup of tea. Alternatively, use the provided tissue at the table as the locals do. There are many buffet-style street stalls where you point at the food to order.

Street vendors sell samosas, onion balls, and other Indian snacks around Anawratha St between Sule Paya Rd and Shwe Bontha St in central Yangon for under 200 kyat. Many restaurants and food stalls close as early as 20:00 or 21:00. It is best go around 19:00.

* 
* 
* 
* 
* 
* 
* 
* 
* 
* 
* 
* 
* 

* 
*Kaisu kitchen, (on Mahabandula Road, between 11th Street and Hledan Street, diagonally across from Lotteria) serving western style fried chicken, burgers and Singapore style food- 2500Kyat. better than Lotteria, cheaper than KFC, has Wifi.
* 
* 
* 

* 
* 
* 
* 
*",True
Q887,Yekaterinburg,"==Eat==
Many cafés and restaurants provide the usual mix of Russian, Japanese and Italian food, but the level of international cuisine is not that high.

* 
* 

* 

* 
* 
*",False
Q1953,Yerevan,"==Eat==
thumb|Armenian Candied fruits

Stands selling Armenian-style ""pizzas"" called ""lamehjun"" or ""lahmajoun"" are prevalent throughout Yerevan. This cheap snack consists of a thin layer of dough topped with an herb and meat paste.

* 
* 
* 
* 
* 
* 
* 
*
* 

* 

thumb|Outdoor cafe with a colour-changing fountain.
* 
* 
* 
* 
* 
* 
* 
* 
* Also see Soviet Club under ""Museums"" which has good classic Soviet restaurant fare, in a very authentic Soviet setting. Dinner only.
* 

* 
* 
* 
* 
*",False
Q42462,York,"== Eat ==

thumb|300px|A breaded York ham

As capital of Yorkshire, the county's cuisine is front and centre on many of York's menus. This is honest and rustic fare, in which generous portions are the norm, and large tasting platters are common. Yorkshire puddings, pies, local game, lamb and beef are all prized by restaurateurs, as are the local cheeses: wensleydale from the Dales, shepherd's purse blues from north of Thirsk and St Helen's Farm hard goat's cheese, produced in the Vale of York. The fish and crab in restaurants is often landed at East Coast ports such as Grimsby and Whitby, while the county's Norse connections are maintained by the serving of Yorkshire-made gravadlax.

The city itself has two famous products: ham and chocolate.

York ham has been produced within the city walls for hundreds of years, and far-fetched local legend states that the first hams were smoked with sawdust generated by the building of the Minster. Made with the meat of the large white pig, in taste the ham is mild, salty, smoky and often breaded, and in appearance a delicate pink. When served hot, it is traditionally accompanied by Madeira sauce. Disaster struck in the mid-2000s, when the last curer in town went out of business, and for 10 years there was no ham produced in York. Appleton's Butchers had a shop on Lendal from 2016, marking the return of York-cured hams, but closed down in 2020 as a result of the COVID-19 pandemic. As a result, traditional York ham is no longer regularly produced in the city, though specialist butchers around Yorkshire do cure large white hams to a similar or identical recipe.

While other northern towns busied themselves manufacturing useful but boring things like steel and cotton, 19th-century York took a sweeter path. Rowntree's created Aero bars, Fruit Pastilles, Kit-Kat, Smarties and Yorkie bars, among other internationally-known sweets. Although bought out by Nestlé in the 1980s with most products rebranded, the original factory has been maintained and expanded, and the Rowntree's brand lives on with Fruit Pastilles and newer products brought out since the acquisition such as Rowntree's Randoms. The other large York company, Terry's (of Chocolate Orange fame) has had a less rosy time: upon acquisition by Modelez, production was moved overseas. But alongside Nestlé's investment, a number of small independent chocolatiers have appeared in York: Choc Affair, Guppy's, Monk Bar and the York Cocoa House.

As diverse as York's restaurant scene is, there are some generalities that apply to many of the city's addresses. No matter the cuisine on offer, they have a sense of place and like working with local ingredients; even if you never eat a Yorkshire pudding, you'll be hard pressed to find a good café or restaurant not cooking food produced in the county. In addition to the aforementioned platters, many restaurants seem to be gripped by an obsession with ""tasting menus"": multi-course extravaganzas of small dishes, often with sugg",False
Q30340,Zhengzhou,"==Eat==
Zhengzhou has a diverse array of fine Chinese cuisine. Its location at China's center means you can find almost any type of Chinese food here. The city is big enough to have a scattering of cosmopolitan restaurants, and while there are a number of imitation Korean, Japanese, Indian, and Western options about, you will do best to stick with Chinese food.

One of the most representative delicacies in Zhengzhou, braised noodles.

Zhengzhou braised noodles are made from high-quality fresh lamb and lamb bones. After soaking, the bones and meat are boiled together over high heat to form a white soup, and then flour is mixed to form a soft noodle. After repeated kneading, the noodles are manually pulled into strips of varying widths and thicknesses and placed in the pot. The lamb is then paired with yellow cauliflower, black fungus, and vermicelli. When dining, small dishes such as coriander, chili oil, and sugar garlic are added to make the taste more fresh.

There is the usual assortment of dumpling shops and noodle joints on every street and back alley.

There is a good number of Sichuan restaurants, which makes sense considering the proximity to the Province of Spice.

You should not miss a special breakfast in Zhengzhou (hulatang), it is a special soup, a little spicy. You better go to Shunhelu where you will find the best hulatang in town.

Noodles, especially the mutton noodle (羊肉烩面 yangrouhuimian) and beef noodle (牛肉拉面 niuroulamian) are must-eat in Zhengzhou. There are three good yangrouhuimian restaurants with many locations, ask a taxi driver to take you the nearest one, and you will taste the best delicilous huimian in Zhengzhou:
* 

Other cheap eating places include:
* 

Some of the finest Chinese restaurants are located on Jingsan Road (经三路). To find these restaurants, ask a taxi driver to take you to Xiaonanguo Restaurant and just look around. You will find a number of options about:
* 

Korean:
* 

Muslim halal food is available all throughout Zhengzhou, with the banner on the entrance board saying Mata'am al muslimeen (Restaurant of the Muslims) in Arabic. The food tastes delicious. Once you go and eat at these restaurants you just feel like coming back again, especially those yangrou chuars (lamb kababs) taste yummy:
* 

* 
* 
* 
*",False
Q954,Zimbabwe,"thumb|A meal of sadza (right), greens, and goat [[offal. The goat's small intestines are wrapped around small pieces of large intestines before cooking.]]
Like in many African countries, the majority of Zimbabweans depend on a few staple foods. ""Mealie meal"", also known as cornmeal, is used to prepare sadza or isitshwala, as well as porridge known as bota or ilambazi. Sadza is made by mixing the cornmeal with water to produce a thick paste/porridge. After the paste has been cooking for several minutes, more cornmeal is added to thicken the paste. This is usually eaten as lunch or dinner, usually with sides such as gravy, vegetables (spinach, chomolia, or spring greens/collard greens), beans, and meat (stewed, grilled, roasted, or sundried). Sadza is also commonly eaten with curdled milk (sour milk), commonly known as ""lacto"" (mukaka wakakora), or dried Tanganyika sardine, known locally as kapenta or matemba. Bota is a thinner porridge, cooked without the additional cornmeal and usually flavoured with peanut butter, milk, butter, or jam. Bota is usually eaten for breakfast.

Graduations, weddings, and any other family gatherings will usually be celebrated with the killing of a goat or cow, which will be barbecued or roasted by the family.

thumb|Raw [[boerewors]]
Even though the Afrikaners are a small group (10%) within the white minority group, Afrikaner recipes are popular. Biltong, a type of jerky, is a popular snack, prepared by hanging bits of spiced raw meat to dry in the shade. Boerewors is served with sadza. It is a long sausage, often well-spiced, composed of beef and any other meat like pork, and barbecued.

As Zimbabwe was a British colony, some people there have adopted some colonial-era English eating habits. For example, most people will have porridge in the morning, as well as 10 o'clock tea (midday tea). They will have lunch, often leftovers from the night before, freshly cooked sadza, or sandwiches (which is more common in the cities). After lunch, there is usually 4 o'clock tea (afternoon tea), which is served before dinner. It is not uncommon for tea to be had after dinner.

Rice, pasta, and potato-based foods (French fries and mashed potato) also make up part of Zimbabwean cuisine. A local favourite is rice cooked with peanut butter, which is taken with thick gravy, mixed vegetables and meat. A potpourri of peanuts known as nzungu, boiled and sundried maize, black-eyed peas known as nyemba, and Bambara groundnuts known as nyimo makes a traditional dish called mutakura.",False
Q72,Zurich,"==Eat==
thumb|Zürcher Geschnetzeltes served with rösti

The quintessential Zürich dish is Zürcher Geschnetzeltes (Swiss-German: Zürigschnätzlets), sliced veal in a cream and wine sauce. Various kinds of grilled wurst (sausages) are also popular. These are most often accompanied by boiled potatoes, rösti, a Swiss potato pancake (grated potato, formed into a pancake then pan fried until crisp in butter or oil similar to hash browns) or chnöpfli, in German sometimes called Spätzle (small noodle dumplings).

Veal is still very popular, though the use of turkey and other meats as a substitute is growing.

While fondue (melted cheese in a central pot, dip bread into it) and Raclette (cheese melted in small portions, served with potatoes and pickles) are not really local to Zürich (they come from Western Switzerland) they are commonly available at restaurants aimed at tourists. Swiss people usually eat those dishes at home and only during winter.

The bread available in Zürich is generally delicious. There are many varieties, and your best bet is to go to a bakery or a supermarket in the morning or just after work hours, when most people are doing their shopping and bread is coming out fresh.

Try grilled bratwurst from street stands, served with a large crusty roll of sourdough bread and mustard, or sandwiches made with fresh baked bretzeln (large, soft pretzels). A typically Swiss bread is the zopf, a braided soft bread that is commonly served on Sundays (the other name for it is Sonntagszopf).

For breakfast, try a bowl of müesli, which was invented as a health food in Switzerland. The Sprüngli confectionery store tea rooms serve a deluxe version of this fiber-filled cereal with whole milk, crushed berries and cream.

There are a huge variety of cheeses available at the supermarkets, specialty stores and markets, as well as all kinds of hams and dried sausages. Dairy products are generally delicious, especially the butter. Do not miss the supermarkets! You should take a thorough look through Migros or Coop and maybe even assemble your own lunch or dinner some time. Even the cheap, budget prepackaged desserts in the supermarket exceed the quality of what you may be used to.

For those with a sweet tooth, there's a huge variety of chocolates to enjoy, from the cheapest chocolate bar to individually handmade truffles. (See the Shopping section above). The chocolate bar displays at the supermarkets will overwhelm you! Also enjoy pastries and cakes from the various Konditorei scattered around town. In pastry shops, you can also find special pastry from Zurich: The most famous of them is probably Tirggel, a rather hard pastry made of flour and honey. Although traditionally made and eaten during the Winter holidays, many pastry shops (including larger supermarkets) sell them throughout the year. Often, they've got sights of Zurich printed on the top, can be stored for months and thus make up a pretty good and cheap souvenir. Another famous type of pastry ar",False
