destination_id,destination_name,month_number,month_name,avg_temp_celsius,avg_rainfall_mm,avg_humidity
Q1017,Aachen,1,January,2.6,2.6,80.2
Q1017,Aachen,2,February,7.4,4.1,84.8
Q1017,Aachen,3,March,8.7,2.9,76.6
Q1017,Aachen,4,April,10.0,4.1,75.6
Q1017,Aachen,5,May,14.4,6.3,81.0
Q1017,Aachen,6,June,15.5,2.7,75.8
Q1017,Aachen,7,July,18.2,2.6,73.6
Q1017,Aachen,8,August,19.8,3.5,73.0
Q1017,Aachen,9,September,15.4,4.3,79.4
Q1017,Aachen,10,October,12.4,3.2,83.7
Q1017,Aachen,11,November,6.6,2.1,86.2
Q1017,Aachen,12,December,4.2,2.8,88.3
Q25319,Aarhus,1,January,0.8,2.4,86.8
Q25319,Aarhus,2,February,4.3,4.0,88.4
Q25319,Aarhus,3,March,5.0,1.4,85.6
Q25319,Aarhus,4,April,7.4,4.0,81.3
Q25319,Aarhus,5,May,14.1,1.7,76.2
Q25319,Aarhus,6,June,14.2,3.6,78.1
Q25319,Aarhus,7,July,16.0,4.3,79.1
Q25319,Aarhus,8,August,17.0,2.6,78.8
Q25319,Aarhus,9,September,14.5,2.5,82.4
Q25319,Aarhus,10,October,10.7,1.5,84.3
Q25319,Aarhus,11,November,5.9,1.2,86.7
Q25319,Aarhus,12,December,5.1,2.1,89.5
Q36405,Aberdeen,1,January,3.9,2.6,82.3
Q36405,Aberdeen,2,February,5.2,2.6,81.8
Q36405,Aberdeen,3,March,6.0,3.4,84.1
Q36405,Aberdeen,4,April,7.2,3.9,79.1
Q36405,Aberdeen,5,May,11.5,2.1,89.0
Q36405,Aberdeen,6,June,12.4,2.0,75.9
Q36405,Aberdeen,7,July,13.6,3.5,83.1
Q36405,Aberdeen,8,August,14.7,2.3,77.2
Q36405,Aberdeen,9,September,11.7,0.9,82.5
Q36405,Aberdeen,10,October,10.5,2.8,82.9
Q36405,Aberdeen,11,November,6.6,1.1,82.3
Q36405,Aberdeen,12,December,6.3,3.2,82.5
Q1515,Abidjan,1,January,27.1,2.7,86.2
Q1515,Abidjan,2,February,27.9,3.2,86.4
Q1515,Abidjan,3,March,27.7,3.6,87.2
Q1515,Abidjan,4,April,28.3,4.1,84.4
Q1515,Abidjan,5,May,27.5,5.9,86.0
Q1515,Abidjan,6,June,25.8,10.8,87.9
Q1515,Abidjan,7,July,25.0,3.3,87.6
Q1515,Abidjan,8,August,24.0,2.2,90.5
Q1515,Abidjan,9,September,24.7,2.4,88.1
Q1515,Abidjan,10,October,25.6,7.0,87.9
Q1515,Abidjan,11,November,26.7,3.8,84.8
Q1515,Abidjan,12,December,27.2,2.0,83.1
Q1519,Abu Dhabi,1,January,21.7,0.0,64.1
Q1519,Abu Dhabi,2,February,21.1,1.5,66.7
Q1519,Abu Dhabi,3,March,23.0,2.3,68.5
Q1519,Abu Dhabi,4,April,26.2,2.4,63.5
Q1519,Abu Dhabi,5,May,31.3,1.1,56.9
Q1519,Abu Dhabi,6,June,34.7,0.0,55.1
Q1519,Abu Dhabi,7,July,35.6,0.0,60.2
Q1519,Abu Dhabi,8,August,35.7,0.2,60.4
Q1519,Abu Dhabi,9,September,33.8,0.0,62.1
Q1519,Abu Dhabi,10,October,31.6,0.0,59.1
Q1519,Abu Dhabi,11,November,27.2,0.0,68.9
Q1519,Abu Dhabi,12,December,22.4,0.1,63.7
Q3787,Abuja,1,January,27.0,0.0,22.9
Q3787,Abuja,2,February,28.9,0.0,25.6
Q3787,Abuja,3,March,30.1,0.3,48.4
Q3787,Abuja,4,April,29.2,0.3,60.1
Q3787,Abuja,5,May,28.1,0.2,66.5
Q3787,Abuja,6,June,25.6,1.9,77.8
Q3787,Abuja,7,July,23.7,5.8,86.3
Q3787,Abuja,8,August,23.6,5.5,83.6
Q3787,Abuja,9,September,23.9,6.4,85.0
Q3787,Abuja,10,October,24.9,3.5,78.8
Q3787,Abuja,11,November,27.7,0.0,32.8
Q3787,Abuja,12,December,28.4,0.0,20.1
Q3761,Accra,1,January,27.8,0.8,79.2
Q3761,Accra,2,February,28.2,1.3,80.3
Q3761,Accra,3,March,28.5,1.9,80.5
Q3761,Accra,4,April,28.7,3.3,80.3
Q3761,Accra,5,May,27.8,4.2,83.3
Q3761,Accra,6,June,26.0,5.4,86.3
Q3761,Accra,7,July,25.1,1.9,85.9
Q3761,Accra,8,August,24.8,1.1,84.4
Q3761,Accra,9,September,25.4,1.7,82.2
Q3761,Accra,10,October,25.8,5.4,86.0
Q3761,Accra,11,November,27.3,2.1,81.1
Q3761,Accra,12,December,28.2,0.9,74.0
Q38545,Adana,1,January,11.2,5.8,73.2
Q38545,Adana,2,February,12.0,1.9,77.5
Q38545,Adana,3,March,14.0,3.8,70.5
Q38545,Adana,4,April,20.4,1.5,71.0
Q38545,Adana,5,May,20.9,6.2,75.9
Q38545,Adana,6,June,29.0,0.0,63.9
Q38545,Adana,7,July,30.3,0.9,66.7
Q38545,Adana,8,August,30.0,0.5,67.2
Q38545,Adana,9,September,26.4,2.2,68.6
Q38545,Adana,10,October,21.9,0.3,53.0
Q38545,Adana,11,November,15.5,4.3,61.4
Q38545,Adana,12,December,11.2,5.4,73.1
Q3624,Addis Ababa,1,January,15.3,0.1,57.5
Q3624,Addis Ababa,2,February,15.9,2.4,62.3
Q3624,Addis Ababa,3,March,16.4,2.8,63.9
Q3624,Addis Ababa,4,April,16.1,4.1,76.0
Q3624,Addis Ababa,5,May,17.0,1.6,65.1
Q3624,Addis Ababa,6,June,16.6,3.7,64.7
Q3624,Addis Ababa,7,July,14.5,9.3,83.8
Q3624,Addis Ababa,8,August,14.1,8.6,85.0
Q3624,Addis Ababa,9,September,13.9,6.2,80.8
Q3624,Addis Ababa,10,October,13.9,2.8,76.3
Q3624,Addis Ababa,11,November,14.0,0.3,61.2
Q3624,Addis Ababa,12,December,13.9,0.0,48.6
Q5112,Adelaide,1,January,21.4,2.8,62.8
Q5112,Adelaide,2,February,21.8,0.0,53.1
Q5112,Adelaide,3,March,21.9,0.0,53.3
Q5112,Adelaide,4,April,14.7,0.6,68.2
Q5112,Adelaide,5,May,13.4,0.5,66.6
Q5112,Adelaide,6,June,10.8,3.5,78.8
Q5112,Adelaide,7,July,10.8,2.4,75.7
Q5112,Adelaide,8,August,13.4,1.7,73.4
Q5112,Adelaide,9,September,13.3,1.5,69.0
Q5112,Adelaide,10,October,16.9,0.6,62.9
Q5112,Adelaide,11,November,19.5,1.0,59.0
Q5112,Adelaide,12,December,21.6,0.4,52.9
Q889,Afghanistan,1,January,3.2,1.9,53.0
Q889,Afghanistan,2,February,1.1,4.8,54.4
Q889,Afghanistan,3,March,2.5,4.0,69.0
Q889,Afghanistan,4,April,9.4,4.6,59.4
Q889,Afghanistan,5,May,17.0,1.1,40.4
Q889,Afghanistan,6,June,22.6,0.0,21.6
Q889,Afghanistan,7,July,26.1,0.0,18.1
Q889,Afghanistan,8,August,25.2,0.0,20.6
Q889,Afghanistan,9,September,21.2,0.1,19.5
Q889,Afghanistan,10,October,15.3,0.2,30.4
Q889,Afghanistan,11,November,9.6,1.1,43.8
Q889,Afghanistan,12,December,1.4,0.2,38.9
Q42941,Agra,1,January,11.7,0.3,87.3
Q42941,Agra,2,February,16.5,1.2,68.4
Q42941,Agra,3,March,22.5,0.3,51.2
Q42941,Agra,4,April,30.5,0.0,24.8
Q42941,Agra,5,May,35.0,0.0,25.5
Q42941,Agra,6,June,35.4,5.1,40.6
Q42941,Agra,7,July,30.0,7.7,80.8
Q42941,Agra,8,August,28.0,9.0,85.4
Q42941,Agra,9,September,27.6,12.9,82.9
Q42941,Agra,10,October,26.8,0.0,66.8
Q42941,Agra,11,November,22.1,0.0,63.5
Q42941,Agra,12,December,15.7,0.8,69.7
Q1070,Ahmedabad,1,January,20.1,0.0,58.5
Q1070,Ahmedabad,2,February,24.2,0.0,42.5
Q1070,Ahmedabad,3,March,27.6,0.1,31.6
Q1070,Ahmedabad,4,April,32.6,0.0,29.0
Q1070,Ahmedabad,5,May,35.6,0.0,34.7
Q1070,Ahmedabad,6,June,33.6,2.4,55.7
Q1070,Ahmedabad,7,July,28.5,13.9,84.3
Q1070,Ahmedabad,8,August,27.4,15.7,86.1
Q1070,Ahmedabad,9,September,27.6,9.2,82.9
Q1070,Ahmedabad,10,October,28.1,2.2,70.2
Q1070,Ahmedabad,11,November,26.3,0.0,42.5
Q1070,Ahmedabad,12,December,22.3,0.0,43.5
Q40104,Ajaccio,1,January,10.1,2.8,84.9
Q40104,Ajaccio,2,February,10.6,4.7,84.8
Q40104,Ajaccio,3,March,11.9,4.5,82.5
Q40104,Ajaccio,4,April,14.1,1.8,73.2
Q40104,Ajaccio,5,May,17.1,5.0,77.3
Q40104,Ajaccio,6,June,21.5,0.8,70.0
Q40104,Ajaccio,7,July,25.7,0.1,67.3
Q40104,Ajaccio,8,August,26.3,2.8,69.4
Q40104,Ajaccio,9,September,20.1,4.6,76.4
Q40104,Ajaccio,10,October,17.7,10.5,86.3
Q40104,Ajaccio,11,November,13.6,1.0,78.7
Q40104,Ajaccio,12,December,8.8,2.1,75.4
Q222,Albania,1,January,7.2,5.8,72.1
Q222,Albania,2,February,9.9,1.4,68.5
Q222,Albania,3,March,12.0,5.8,72.8
Q222,Albania,4,April,16.1,3.0,66.7
Q222,Albania,5,May,19.2,4.9,72.5
Q222,Albania,6,June,25.6,1.1,63.1
Q222,Albania,7,July,28.3,0.8,57.4
Q222,Albania,8,August,27.9,0.2,55.0
Q222,Albania,9,September,21.7,4.7,69.0
Q222,Albania,10,October,17.6,3.3,72.1
Q222,Albania,11,November,11.2,4.1,71.2
Q222,Albania,12,December,7.5,5.5,76.8
Q24861,Albany,1,January,-1.5,4.5,74.3
Q24861,Albany,2,February,0.5,1.0,63.1
Q24861,Albany,3,March,4.4,5.5,67.6
Q24861,Albany,4,April,8.9,4.8,68.5
Q24861,Albany,5,May,17.0,2.3,70.9
Q24861,Albany,6,June,21.6,3.6,68.3
Q24861,Albany,7,July,24.5,2.0,70.2
Q24861,Albany,8,August,21.3,3.7,76.9
Q24861,Albany,9,September,18.3,1.9,72.7
Q24861,Albany,10,October,12.0,1.8,72.6
Q24861,Albany,11,November,6.7,3.2,69.6
Q24861,Albany,12,December,-1.5,3.2,77.1
Q34804,Albuquerque,1,January,1.4,0.6,63.7
Q34804,Albuquerque,2,February,5.8,0.6,48.3
Q34804,Albuquerque,3,March,8.7,1.7,43.3
Q34804,Albuquerque,4,April,14.4,0.5,29.8
Q34804,Albuquerque,5,May,19.5,0.4,25.4
Q34804,Albuquerque,6,June,26.3,0.8,32.3
Q34804,Albuquerque,7,July,26.6,0.3,36.1
Q34804,Albuquerque,8,August,26.7,0.1,36.1
Q34804,Albuquerque,9,September,22.9,0.1,33.5
Q34804,Albuquerque,10,October,18.2,0.4,30.5
Q34804,Albuquerque,11,November,6.8,1.2,46.3
Q34804,Albuquerque,12,December,5.4,0.0,39.7
Q41183,Aleppo,1,January,8.8,3.6,83.2
Q41183,Aleppo,2,February,9.5,2.2,80.1
Q41183,Aleppo,3,March,12.4,1.7,67.6
Q41183,Aleppo,4,April,20.9,0.7,52.5
Q41183,Aleppo,5,May,22.1,0.5,53.0
Q41183,Aleppo,6,June,31.2,0.0,36.7
Q41183,Aleppo,7,July,30.6,0.0,48.5
Q41183,Aleppo,8,August,29.9,0.0,53.4
Q41183,Aleppo,9,September,26.2,0.6,55.8
Q41183,Aleppo,10,October,20.7,0.0,41.1
Q41183,Aleppo,11,November,13.0,1.0,69.0
Q41183,Aleppo,12,December,8.7,1.2,69.3
Q87,Alexandria,1,January,15.3,1.5,67.8
Q87,Alexandria,2,February,14.7,1.6,75.3
Q87,Alexandria,3,March,16.9,0.6,67.4
Q87,Alexandria,4,April,20.5,0.3,69.5
Q87,Alexandria,5,May,22.9,0.0,62.0
Q87,Alexandria,6,June,27.0,0.0,68.0
Q87,Alexandria,7,July,28.3,0.0,71.0
Q87,Alexandria,8,August,28.2,0.0,71.3
Q87,Alexandria,9,September,27.3,0.0,65.3
Q87,Alexandria,10,October,23.5,0.0,64.9
Q87,Alexandria,11,November,19.6,0.5,66.3
Q87,Alexandria,12,December,15.8,1.1,67.7
Q262,Algeria,1,January,16.0,0.0,29.8
Q262,Algeria,2,February,17.4,0.0,31.8
Q262,Algeria,3,March,22.4,0.0,18.8
Q262,Algeria,4,April,26.2,0.0,19.1
Q262,Algeria,5,May,31.9,0.0,12.0
Q262,Algeria,6,June,37.9,0.0,10.7
Q262,Algeria,7,July,39.7,0.0,9.8
Q262,Algeria,8,August,38.0,0.0,13.5
Q262,Algeria,9,September,32.8,0.1,30.6
Q262,Algeria,10,October,28.3,0.0,27.0
Q262,Algeria,11,November,22.5,0.0,29.0
Q262,Algeria,12,December,14.6,0.0,38.1
Q3561,Algiers,1,January,13.2,2.0,73.4
Q3561,Algiers,2,February,13.4,4.0,77.0
Q3561,Algiers,3,March,15.3,0.8,71.2
Q3561,Algiers,4,April,16.5,0.9,68.9
Q3561,Algiers,5,May,19.2,0.9,70.0
Q3561,Algiers,6,June,22.7,0.0,69.2
Q3561,Algiers,7,July,25.9,0.0,71.9
Q3561,Algiers,8,August,27.1,0.4,72.2
Q3561,Algiers,9,September,23.9,0.6,70.1
Q3561,Algiers,10,October,21.6,2.2,71.3
Q3561,Algiers,11,November,18.2,1.0,77.2
Q3561,Algiers,12,December,12.4,1.0,74.1
Q35493,Almaty,1,January,-1.9,1.0,74.3
Q35493,Almaty,2,February,-5.6,1.3,73.5
Q35493,Almaty,3,March,4.7,2.6,67.9
Q35493,Almaty,4,April,12.4,3.4,64.0
Q35493,Almaty,5,May,17.6,2.8,64.6
Q35493,Almaty,6,June,23.5,0.6,46.9
Q35493,Almaty,7,July,25.2,1.1,47.4
Q35493,Almaty,8,August,25.2,0.7,42.7
Q35493,Almaty,9,September,16.0,1.5,52.5
Q35493,Almaty,10,October,11.5,2.9,60.8
Q35493,Almaty,11,November,4.0,1.5,68.2
Q35493,Almaty,12,December,-5.0,1.2,76.5
Q3805,Amman,1,January,10.2,0.6,73.6
Q3805,Amman,2,February,9.7,0.7,71.9
Q3805,Amman,3,March,13.3,0.2,57.5
Q3805,Amman,4,April,19.9,0.2,46.1
Q3805,Amman,5,May,21.0,0.1,45.1
Q3805,Amman,6,June,29.2,0.0,28.8
Q3805,Amman,7,July,27.6,0.0,42.1
Q3805,Amman,8,August,26.8,0.0,46.0
Q3805,Amman,9,September,24.0,0.0,55.6
Q3805,Amman,10,October,19.9,0.0,49.7
Q3805,Amman,11,November,14.5,0.2,65.9
Q3805,Amman,12,December,10.8,0.2,54.3
Q727,Amsterdam,1,January,4.1,2.4,81.3
Q727,Amsterdam,2,February,7.8,4.4,87.9
Q727,Amsterdam,3,March,8.5,1.8,80.9
Q727,Amsterdam,4,April,10.2,3.4,77.2
Q727,Amsterdam,5,May,15.1,4.8,81.5
Q727,Amsterdam,6,June,15.2,2.7,78.4
Q727,Amsterdam,7,July,17.5,3.6,78.9
Q727,Amsterdam,8,August,19.1,1.8,76.4
Q727,Amsterdam,9,September,15.9,3.9,80.9
Q727,Amsterdam,10,October,12.3,1.8,86.6
Q727,Amsterdam,11,November,7.4,3.5,85.7
Q727,Amsterdam,12,December,6.5,2.7,87.4
Q39450,Anchorage,1,January,-11.0,1.4,78.1
Q39450,Anchorage,2,February,-6.8,1.6,77.2
Q39450,Anchorage,3,March,-3.0,1.3,79.3
Q39450,Anchorage,4,April,1.1,0.7,73.0
Q39450,Anchorage,5,May,7.4,1.5,76.4
Q39450,Anchorage,6,June,14.0,1.2,68.7
Q39450,Anchorage,7,July,14.5,3.5,75.0
Q39450,Anchorage,8,August,13.0,5.2,80.4
Q39450,Anchorage,9,September,9.3,4.8,87.1
Q39450,Anchorage,10,October,1.8,2.6,79.5
Q39450,Anchorage,11,November,-6.1,1.2,79.5
Q39450,Anchorage,12,December,-4.5,1.7,86.4
Q3415,Ancona,1,January,7.9,1.3,80.3
Q3415,Ancona,2,February,9.5,1.1,82.4
Q3415,Ancona,3,March,11.9,3.2,81.7
Q3415,Ancona,4,April,14.3,2.1,72.0
Q3415,Ancona,5,May,18.4,1.2,71.3
Q3415,Ancona,6,June,23.4,2.5,62.1
Q3415,Ancona,7,July,27.2,0.7,61.0
Q3415,Ancona,8,August,27.2,0.7,66.4
Q3415,Ancona,9,September,21.2,5.2,72.0
Q3415,Ancona,10,October,17.8,4.2,86.1
Q3415,Ancona,11,November,11.5,1.4,78.9
Q3415,Ancona,12,December,8.0,3.5,77.0
Q228,Andorra,1,January,2.2,1.5,65.4
Q228,Andorra,2,February,3.4,2.1,66.7
Q228,Andorra,3,March,2.8,5.4,77.8
Q228,Andorra,4,April,5.3,3.0,67.7
Q228,Andorra,5,May,8.3,2.7,75.0
Q228,Andorra,6,June,13.4,2.2,69.9
Q228,Andorra,7,July,18.1,0.9,59.2
Q228,Andorra,8,August,18.4,1.2,59.9
Q228,Andorra,9,September,10.5,2.9,74.0
Q228,Andorra,10,October,9.0,4.4,81.5
Q228,Andorra,11,November,5.3,1.1,75.0
Q228,Andorra,12,December,1.0,1.9,69.2
Q1863,Andorra la Vella,1,January,5.5,1.2,62.3
Q1863,Andorra la Vella,2,February,6.7,1.9,62.9
Q1863,Andorra la Vella,3,March,7.0,4.9,71.1
Q1863,Andorra la Vella,4,April,9.5,3.2,60.5
Q1863,Andorra la Vella,5,May,12.0,5.7,68.5
Q1863,Andorra la Vella,6,June,17.0,3.1,65.5
Q1863,Andorra la Vella,7,July,21.6,0.6,56.0
Q1863,Andorra la Vella,8,August,21.8,0.9,56.6
Q1863,Andorra la Vella,9,September,14.0,2.6,69.7
Q1863,Andorra la Vella,10,October,12.2,4.7,78.1
Q1863,Andorra la Vella,11,November,8.1,0.9,72.7
Q1863,Andorra la Vella,12,December,4.4,0.9,65.3
Q38380,Angers,1,January,5.6,2.5,85.5
Q38380,Angers,2,February,9.4,3.6,86.4
Q38380,Angers,3,March,9.1,2.8,82.9
Q38380,Angers,4,April,11.3,2.1,76.5
Q38380,Angers,5,May,14.1,4.1,80.0
Q38380,Angers,6,June,17.0,1.8,73.9
Q38380,Angers,7,July,19.2,2.7,75.7
Q38380,Angers,8,August,20.1,1.1,72.9
Q38380,Angers,9,September,15.5,2.4,78.9
Q38380,Angers,10,October,13.9,4.5,87.4
Q38380,Angers,11,November,9.6,2.3,88.2
Q38380,Angers,12,December,7.0,0.9,87.5
Q916,Angola,1,January,20.6,8.9,81.3
Q916,Angola,2,February,21.9,5.5,77.3
Q916,Angola,3,March,21.7,4.4,78.4
Q916,Angola,4,April,20.6,3.9,74.6
Q916,Angola,5,May,19.4,0.1,50.8
Q916,Angola,6,June,18.4,0.0,39.9
Q916,Angola,7,July,19.5,0.0,27.5
Q916,Angola,8,August,21.8,0.0,22.0
Q916,Angola,9,September,24.5,0.2,33.0
Q916,Angola,10,October,24.2,1.2,49.6
Q916,Angola,11,November,21.1,10.2,80.6
Q916,Angola,12,December,21.2,7.1,80.0
Q3640,Ankara,1,January,2.7,3.4,76.8
Q3640,Ankara,2,February,5.6,0.7,69.2
Q3640,Ankara,3,March,7.3,1.4,65.5
Q3640,Ankara,4,April,15.8,1.3,52.5
Q3640,Ankara,5,May,15.3,2.2,63.4
Q3640,Ankara,6,June,24.4,0.6,44.3
Q3640,Ankara,7,July,25.2,0.8,47.0
Q3640,Ankara,8,August,25.3,0.3,43.1
Q3640,Ankara,9,September,20.9,1.0,51.6
Q3640,Ankara,10,October,13.4,0.1,57.1
Q3640,Ankara,11,November,6.5,1.2,73.9
Q3640,Ankara,12,December,3.6,2.2,85.6
Q28271,Annapolis,1,January,3.1,4.4,74.8
Q28271,Annapolis,2,February,4.8,2.3,71.0
Q28271,Annapolis,3,March,9.0,6.2,66.9
Q28271,Annapolis,4,April,13.7,3.0,68.1
Q28271,Annapolis,5,May,18.9,4.4,78.6
Q28271,Annapolis,6,June,24.4,2.4,64.3
Q28271,Annapolis,7,July,26.1,4.4,73.5
Q28271,Annapolis,8,August,23.8,6.8,75.7
Q28271,Annapolis,9,September,20.9,2.4,77.7
Q28271,Annapolis,10,October,15.3,0.4,68.1
Q28271,Annapolis,11,November,11.1,1.9,68.8
Q28271,Annapolis,12,December,4.0,2.4,71.0
Q6487,Antalya,1,January,11.7,4.1,68.1
Q6487,Antalya,2,February,11.7,5.8,71.8
Q6487,Antalya,3,March,13.4,1.2,63.9
Q6487,Antalya,4,April,19.5,0.3,59.8
Q6487,Antalya,5,May,21.2,1.0,60.5
Q6487,Antalya,6,June,29.5,0.0,48.1
Q6487,Antalya,7,July,31.4,1.2,45.6
Q6487,Antalya,8,August,30.0,0.3,52.8
Q6487,Antalya,9,September,25.4,2.4,61.2
Q6487,Antalya,10,October,21.2,0.0,47.3
Q6487,Antalya,11,November,14.8,2.1,57.3
Q6487,Antalya,12,December,11.8,6.8,78.2
Q3915,Antananarivo,1,January,20.8,12.4,80.9
Q3915,Antananarivo,2,February,20.6,12.2,82.0
Q3915,Antananarivo,3,March,20.3,4.6,80.2
Q3915,Antananarivo,4,April,20.1,0.9,77.3
Q3915,Antananarivo,5,May,17.0,0.3,76.4
Q3915,Antananarivo,6,June,15.6,0.2,75.7
Q3915,Antananarivo,7,July,14.9,0.0,72.2
Q3915,Antananarivo,8,August,15.5,0.1,70.4
Q3915,Antananarivo,9,September,17.9,0.8,67.2
Q3915,Antananarivo,10,October,19.1,0.4,66.7
Q3915,Antananarivo,11,November,21.7,3.2,67.1
Q3915,Antananarivo,12,December,21.4,3.5,71.4
Q781,Antigua and Barbuda,1,January,26.1,1.5,70.4
Q781,Antigua and Barbuda,2,February,25.7,4.2,74.2
Q781,Antigua and Barbuda,3,March,26.4,1.7,69.4
Q781,Antigua and Barbuda,4,April,27.0,2.0,71.6
Q781,Antigua and Barbuda,5,May,28.4,2.3,72.3
Q781,Antigua and Barbuda,6,June,28.8,2.4,71.4
Q781,Antigua and Barbuda,7,July,28.7,2.9,72.3
Q781,Antigua and Barbuda,8,August,28.5,4.4,74.1
Q781,Antigua and Barbuda,9,September,28.4,3.0,75.9
Q781,Antigua and Barbuda,10,October,28.9,1.6,70.3
Q781,Antigua and Barbuda,11,November,27.3,4.3,78.2
Q781,Antigua and Barbuda,12,December,26.9,1.0,68.0
Q3612,Antofagasta,1,January,20.8,0.0,77.2
Q3612,Antofagasta,2,February,22.1,0.0,76.3
Q3612,Antofagasta,3,March,20.2,0.0,79.2
Q3612,Antofagasta,4,April,18.4,0.1,79.9
Q3612,Antofagasta,5,May,15.4,0.0,81.6
Q3612,Antofagasta,6,June,15.1,0.0,82.0
Q3612,Antofagasta,7,July,13.9,0.0,79.4
Q3612,Antofagasta,8,August,14.3,0.0,79.3
Q3612,Antofagasta,9,September,14.7,0.0,81.7
Q3612,Antofagasta,10,October,16.2,0.0,79.0
Q3612,Antofagasta,11,November,17.5,0.0,79.2
Q3612,Antofagasta,12,December,18.0,0.0,77.2
Q12892,Antwerp,1,January,3.5,2.6,81.6
Q12892,Antwerp,2,February,8.2,4.2,86.7
Q12892,Antwerp,3,March,8.8,3.0,80.5
Q12892,Antwerp,4,April,10.8,3.0,75.5
Q12892,Antwerp,5,May,15.0,5.6,81.3
Q12892,Antwerp,6,June,15.8,3.3,75.9
Q12892,Antwerp,7,July,18.4,3.0,75.1
Q12892,Antwerp,8,August,19.7,2.0,75.1
Q12892,Antwerp,9,September,15.9,3.6,81.4
Q12892,Antwerp,10,October,12.5,2.1,85.5
Q12892,Antwerp,11,November,7.5,2.6,86.7
Q12892,Antwerp,12,December,5.9,2.2,88.4
Q36260,Apia,1,January,26.8,11.2,88.1
Q36260,Apia,2,February,26.6,16.2,91.1
Q36260,Apia,3,March,27.2,4.5,84.9
Q36260,Apia,4,April,27.1,5.8,86.5
Q36260,Apia,5,May,26.7,7.6,87.7
Q36260,Apia,6,June,25.5,3.6,85.0
Q36260,Apia,7,July,25.0,6.2,83.1
Q36260,Apia,8,August,24.8,1.8,81.9
Q36260,Apia,9,September,25.4,5.2,85.9
Q36260,Apia,10,October,25.9,7.4,84.9
Q36260,Apia,11,November,25.5,9.3,90.5
Q36260,Apia,12,December,25.7,7.6,90.4
Q414,Argentina,1,January,24.3,3.2,66.1
Q414,Argentina,2,February,24.3,3.2,71.2
Q414,Argentina,3,March,22.7,2.4,71.9
Q414,Argentina,4,April,16.8,2.7,74.2
Q414,Argentina,5,May,9.8,0.3,73.2
Q414,Argentina,6,June,11.4,0.3,75.2
Q414,Argentina,7,July,8.0,0.0,64.3
Q414,Argentina,8,August,10.3,0.6,68.7
Q414,Argentina,9,September,16.6,0.0,50.6
Q414,Argentina,10,October,19.7,3.2,60.1
Q414,Argentina,11,November,21.8,4.7,60.6
Q414,Argentina,12,December,22.4,1.3,57.3
Q399,Armenia,1,January,-5.7,2.2,64.9
Q399,Armenia,2,February,-5.7,0.9,64.4
Q399,Armenia,3,March,-3.0,2.9,63.3
Q399,Armenia,4,April,5.1,1.9,67.5
Q399,Armenia,5,May,5.0,6.4,79.2
Q399,Armenia,6,June,11.0,5.3,78.4
Q399,Armenia,7,July,12.6,9.2,85.2
Q399,Armenia,8,August,13.3,4.7,84.5
Q399,Armenia,9,September,9.4,6.0,84.0
Q399,Armenia,10,October,3.2,1.7,68.6
Q399,Armenia,11,November,-1.7,1.4,68.1
Q399,Armenia,12,December,-5.4,0.7,62.3
Q21203,Aruba,1,January,27.5,1.1,73.5
Q21203,Aruba,2,February,27.4,1.2,74.4
Q21203,Aruba,3,March,27.8,0.6,72.7
Q21203,Aruba,4,April,28.6,0.5,72.7
Q21203,Aruba,5,May,29.1,1.5,77.3
Q21203,Aruba,6,June,29.4,0.3,74.4
Q21203,Aruba,7,July,29.2,0.9,74.6
Q21203,Aruba,8,August,29.7,0.8,73.2
Q21203,Aruba,9,September,30.1,1.1,74.4
Q21203,Aruba,10,October,30.1,0.4,69.5
Q21203,Aruba,11,November,28.0,4.0,79.5
Q21203,Aruba,12,December,28.2,1.6,71.6
Q23438,Ashgabat,1,January,6.6,0.5,68.8
Q23438,Ashgabat,2,February,6.0,1.3,63.6
Q23438,Ashgabat,3,March,12.0,1.3,62.0
Q23438,Ashgabat,4,April,19.2,0.4,42.5
Q23438,Ashgabat,5,May,22.4,1.0,50.0
Q23438,Ashgabat,6,June,31.5,0.0,24.2
Q23438,Ashgabat,7,July,32.7,0.0,24.9
Q23438,Ashgabat,8,August,31.9,0.1,24.6
Q23438,Ashgabat,9,September,24.4,0.2,24.1
Q23438,Ashgabat,10,October,17.2,0.9,57.8
Q23438,Ashgabat,11,November,11.3,0.7,69.6
Q23438,Ashgabat,12,December,4.0,0.5,75.3
Q3642,Asmara,1,January,14.4,0.7,68.5
Q3642,Asmara,2,February,16.7,0.2,46.2
Q3642,Asmara,3,March,17.8,1.6,49.6
Q3642,Asmara,4,April,18.5,2.4,51.4
Q3642,Asmara,5,May,19.9,0.6,46.1
Q3642,Asmara,6,June,20.7,0.6,45.8
Q3642,Asmara,7,July,17.2,4.9,78.6
Q3642,Asmara,8,August,15.9,7.9,86.1
Q3642,Asmara,9,September,17.5,0.3,61.5
Q3642,Asmara,10,October,16.9,1.1,58.1
Q3642,Asmara,11,November,14.0,1.9,81.6
Q3642,Asmara,12,December,13.2,0.3,72.9
Q1520,Astana,1,January,-12.4,1.4,82.2
Q1520,Astana,2,February,-13.9,1.2,79.1
Q1520,Astana,3,March,-4.7,0.6,85.5
Q1520,Astana,4,April,7.9,1.1,66.8
Q1520,Astana,5,May,11.6,3.6,68.3
Q1520,Astana,6,June,20.4,2.6,64.5
Q1520,Astana,7,July,20.6,2.2,68.8
Q1520,Astana,8,August,17.9,2.8,70.3
Q1520,Astana,9,September,10.7,1.0,69.6
Q1520,Astana,10,October,4.6,1.5,71.4
Q1520,Astana,11,November,-4.6,1.2,82.5
Q1520,Astana,12,December,-9.7,0.8,84.2
Q3927,Astrakhan,1,January,-2.4,0.8,79.9
Q3927,Astrakhan,2,February,-0.5,0.9,72.9
Q3927,Astrakhan,3,March,2.7,1.3,71.0
Q3927,Astrakhan,4,April,17.1,0.4,58.8
Q3927,Astrakhan,5,May,17.6,0.4,44.1
Q3927,Astrakhan,6,June,26.7,0.5,47.0
Q3927,Astrakhan,7,July,29.3,0.1,36.4
Q3927,Astrakhan,8,August,27.0,0.0,37.6
Q3927,Astrakhan,9,September,20.6,0.2,42.6
Q3927,Astrakhan,10,October,11.8,1.0,64.7
Q3927,Astrakhan,11,November,5.3,1.2,80.7
Q3927,Astrakhan,12,December,-0.4,1.2,82.1
Q2933,Asunción,1,January,28.3,2.4,68.4
Q2933,Asunción,2,February,29.1,2.7,66.2
Q2933,Asunción,3,March,29.3,2.1,65.3
Q2933,Asunción,4,April,25.9,7.2,79.3
Q2933,Asunción,5,May,18.7,5.1,80.0
Q2933,Asunción,6,June,21.5,4.3,71.9
Q2933,Asunción,7,July,16.8,2.5,76.8
Q2933,Asunción,8,August,19.4,1.9,68.4
Q2933,Asunción,9,September,23.1,1.4,69.6
Q2933,Asunción,10,October,24.9,3.4,71.1
Q2933,Asunción,11,November,27.5,4.8,66.8
Q2933,Asunción,12,December,26.0,6.9,68.9
Q1524,Athens,1,January,9.6,1.1,74.1
Q1524,Athens,2,February,11.6,1.7,74.4
Q1524,Athens,3,March,13.4,1.9,70.2
Q1524,Athens,4,April,18.6,0.6,50.4
Q1524,Athens,5,May,20.3,0.3,53.4
Q1524,Athens,6,June,29.1,0.1,37.1
Q1524,Athens,7,July,30.0,1.0,38.5
Q1524,Athens,8,August,29.2,1.0,43.1
Q1524,Athens,9,September,24.2,0.8,55.9
Q1524,Athens,10,October,19.6,0.2,59.5
Q1524,Athens,11,November,13.8,2.3,68.8
Q1524,Athens,12,December,11.3,4.9,76.9
Q23556,Atlanta,1,January,5.3,6.2,69.8
Q23556,Atlanta,2,February,9.7,3.8,65.6
Q23556,Atlanta,3,March,12.9,5.2,70.2
Q23556,Atlanta,4,April,16.8,3.5,66.7
Q23556,Atlanta,5,May,22.0,4.8,70.5
Q23556,Atlanta,6,June,26.5,1.5,57.7
Q23556,Atlanta,7,July,26.1,7.9,76.6
Q23556,Atlanta,8,August,26.2,1.1,64.2
Q23556,Atlanta,9,September,23.2,6.8,68.9
Q23556,Atlanta,10,October,17.7,0.1,67.8
Q23556,Atlanta,11,November,13.9,2.2,77.3
Q23556,Atlanta,12,December,7.4,2.2,73.0
Q37100,Auckland,1,January,20.5,2.8,77.1
Q37100,Auckland,2,February,19.8,2.1,72.8
Q37100,Auckland,3,March,17.4,2.4,75.2
Q37100,Auckland,4,April,16.5,3.0,79.5
Q37100,Auckland,5,May,13.1,2.1,79.7
Q37100,Auckland,6,June,13.4,3.0,84.5
Q37100,Auckland,7,July,11.4,4.4,85.9
Q37100,Auckland,8,August,12.0,2.6,83.2
Q37100,Auckland,9,September,13.3,2.3,77.9
Q37100,Auckland,10,October,14.5,3.6,78.5
Q37100,Auckland,11,November,16.6,3.0,74.7
Q37100,Auckland,12,December,19.2,3.0,73.5
Q2749,Augsburg,1,January,0.9,2.5,78.1
Q2749,Augsburg,2,February,6.4,1.9,79.7
Q2749,Augsburg,3,March,7.7,2.5,75.5
Q2749,Augsburg,4,April,9.7,2.1,70.0
Q2749,Augsburg,5,May,14.0,4.5,74.4
Q2749,Augsburg,6,June,17.5,6.1,77.4
Q2749,Augsburg,7,July,19.3,2.9,75.4
Q2749,Augsburg,8,August,20.1,2.5,76.0
Q2749,Augsburg,9,September,14.8,5.4,78.4
Q2749,Augsburg,10,October,11.2,2.0,86.5
Q2749,Augsburg,11,November,4.2,2.0,86.1
Q2749,Augsburg,12,December,1.6,1.7,83.0
Q16559,Austin,1,January,8.1,4.2,68.2
Q16559,Austin,2,February,14.8,2.6,68.0
Q16559,Austin,3,March,17.7,2.8,71.8
Q16559,Austin,4,April,21.0,6.0,72.4
Q16559,Austin,5,May,24.9,9.9,81.2
Q16559,Austin,6,June,27.7,4.8,75.1
Q16559,Austin,7,July,28.1,3.7,70.4
Q16559,Austin,8,August,30.1,1.2,61.3
Q16559,Austin,9,September,26.7,2.4,62.5
Q16559,Austin,10,October,25.1,0.2,51.4
Q16559,Austin,11,November,18.3,2.1,62.4
Q16559,Austin,12,December,14.4,2.7,71.0
Q408,Australia,1,January,33.0,0.9,30.9
Q408,Australia,2,February,31.8,0.1,25.2
Q408,Australia,3,March,26.7,2.7,49.8
Q408,Australia,4,April,19.5,0.0,34.8
Q408,Australia,5,May,16.5,0.3,45.6
Q408,Australia,6,June,14.2,0.2,54.2
Q408,Australia,7,July,11.8,0.0,53.3
Q408,Australia,8,August,19.9,0.1,34.4
Q408,Australia,9,September,20.4,1.4,36.1
Q408,Australia,10,October,27.6,0.1,21.4
Q408,Australia,11,November,27.3,1.9,39.3
Q408,Australia,12,December,30.6,1.6,33.5
Q40,Austria,1,January,0.1,2.9,76.5
Q40,Austria,2,February,6.2,2.6,76.9
Q40,Austria,3,March,7.7,2.2,73.3
Q40,Austria,4,April,10.4,3.2,68.9
Q40,Austria,5,May,14.7,3.4,71.7
Q40,Austria,6,June,18.2,4.9,74.0
Q40,Austria,7,July,20.4,3.5,73.3
Q40,Austria,8,August,21.4,2.5,73.9
Q40,Austria,9,September,14.7,9.0,75.5
Q40,Austria,10,October,11.3,2.4,86.1
Q40,Austria,11,November,3.2,1.4,86.6
Q40,Austria,12,December,0.9,2.1,82.3
Q227,Azerbaijan,1,January,4.4,1.2,76.6
Q227,Azerbaijan,2,February,6.7,0.5,67.8
Q227,Azerbaijan,3,March,9.5,2.3,76.5
Q227,Azerbaijan,4,April,17.8,1.0,63.8
Q227,Azerbaijan,5,May,19.2,2.7,68.1
Q227,Azerbaijan,6,June,27.9,2.3,52.2
Q227,Azerbaijan,7,July,27.9,3.8,56.0
Q227,Azerbaijan,8,August,28.1,0.6,55.9
Q227,Azerbaijan,9,September,23.9,0.8,54.0
Q227,Azerbaijan,10,October,16.3,2.2,72.8
Q227,Azerbaijan,11,November,10.2,0.9,75.7
Q227,Azerbaijan,12,December,5.7,0.5,79.4
Q5684,Babylon,1,January,14.7,0.0,54.9
Q5684,Babylon,2,February,14.0,2.0,65.5
Q5684,Babylon,3,March,18.8,1.7,45.3
Q5684,Babylon,4,April,27.8,0.3,28.2
Q5684,Babylon,5,May,30.5,0.3,30.1
Q5684,Babylon,6,June,39.1,0.0,12.0
Q5684,Babylon,7,July,39.5,0.0,16.3
Q5684,Babylon,8,August,39.2,0.0,16.5
Q5684,Babylon,9,September,34.7,0.0,21.9
Q5684,Babylon,10,October,26.5,0.0,22.9
Q5684,Babylon,11,November,18.6,1.1,57.5
Q5684,Babylon,12,December,12.8,0.1,51.4
Q1530,Baghdad,1,January,14.2,0.1,59.6
Q1530,Baghdad,2,February,13.9,1.8,64.0
Q1530,Baghdad,3,March,18.2,2.6,47.0
Q1530,Baghdad,4,April,27.0,0.9,32.3
Q1530,Baghdad,5,May,29.6,0.5,34.1
Q1530,Baghdad,6,June,38.7,0.0,13.7
Q1530,Baghdad,7,July,39.1,0.0,17.8
Q1530,Baghdad,8,August,38.8,0.0,18.5
Q1530,Baghdad,9,September,34.2,0.0,23.9
Q1530,Baghdad,10,October,26.1,0.0,24.1
Q1530,Baghdad,11,November,18.2,1.0,59.5
Q1530,Baghdad,12,December,13.2,0.2,50.1
Q398,Bahrain,1,January,19.5,0.0,65.0
Q398,Bahrain,2,February,18.8,0.9,66.8
Q398,Bahrain,3,March,21.8,0.4,58.2
Q398,Bahrain,4,April,26.6,0.6,52.4
Q398,Bahrain,5,May,31.9,1.4,44.6
Q398,Bahrain,6,June,36.3,0.0,41.6
Q398,Bahrain,7,July,37.4,0.0,38.5
Q398,Bahrain,8,August,36.5,0.0,51.6
Q398,Bahrain,9,September,33.9,0.0,55.3
Q398,Bahrain,10,October,29.8,0.1,60.5
Q398,Bahrain,11,November,25.1,0.2,66.0
Q398,Bahrain,12,December,18.2,0.0,66.5
Q9248,Baku,1,January,5.0,0.6,78.3
Q9248,Baku,2,February,5.7,0.6,74.7
Q9248,Baku,3,March,7.6,1.3,83.6
Q9248,Baku,4,April,15.6,1.1,70.8
Q9248,Baku,5,May,17.2,1.4,70.1
Q9248,Baku,6,June,25.7,1.2,62.6
Q9248,Baku,7,July,27.1,0.9,60.4
Q9248,Baku,8,August,27.2,0.5,60.4
Q9248,Baku,9,September,22.9,0.2,60.9
Q9248,Baku,10,October,16.3,3.0,76.3
Q9248,Baku,11,November,10.9,1.2,81.4
Q9248,Baku,12,December,7.0,1.2,84.7
Q5765,Balearic Islands,1,January,11.5,1.4,81.1
Q5765,Balearic Islands,2,February,12.0,1.0,77.1
Q5765,Balearic Islands,3,March,13.5,1.7,73.8
Q5765,Balearic Islands,4,April,15.0,2.5,69.1
Q5765,Balearic Islands,5,May,18.1,1.4,72.7
Q5765,Balearic Islands,6,June,22.0,1.2,70.1
Q5765,Balearic Islands,7,July,25.6,0.1,66.3
Q5765,Balearic Islands,8,August,25.8,1.0,72.9
Q5765,Balearic Islands,9,September,21.2,2.2,75.9
Q5765,Balearic Islands,10,October,19.6,1.7,78.5
Q5765,Balearic Islands,11,November,15.6,2.4,85.6
Q5765,Balearic Islands,12,December,10.1,0.7,82.8
Q5092,Baltimore,1,January,2.3,4.5,74.5
Q5092,Baltimore,2,February,4.3,2.5,69.2
Q5092,Baltimore,3,March,8.7,5.5,64.7
Q5092,Baltimore,4,April,13.4,3.9,67.1
Q5092,Baltimore,5,May,18.8,3.3,75.5
Q5092,Baltimore,6,June,24.6,2.6,60.3
Q5092,Baltimore,7,July,26.2,4.2,69.3
Q5092,Baltimore,8,August,23.6,6.0,74.4
Q5092,Baltimore,9,September,20.5,2.7,74.8
Q5092,Baltimore,10,October,14.8,0.6,66.7
Q5092,Baltimore,11,November,10.6,1.6,67.4
Q5092,Baltimore,12,December,3.4,3.0,69.9
Q3703,Bamako,1,January,26.5,0.0,16.7
Q3703,Bamako,2,February,28.1,0.0,13.6
Q3703,Bamako,3,March,32.3,0.0,19.2
Q3703,Bamako,4,April,33.9,0.1,27.2
Q3703,Bamako,5,May,33.3,0.1,39.3
Q3703,Bamako,6,June,29.9,2.4,60.7
Q3703,Bamako,7,July,26.0,9.7,80.8
Q3703,Bamako,8,August,25.2,9.6,84.4
Q3703,Bamako,9,September,25.4,5.3,85.0
Q3703,Bamako,10,October,26.7,2.8,75.0
Q3703,Bamako,11,November,27.2,0.0,36.8
Q3703,Bamako,12,December,25.9,0.0,24.5
Q9279,Bandar Seri Begawan,1,January,27.0,6.6,84.9
Q9279,Bandar Seri Begawan,2,February,27.3,2.9,82.1
Q9279,Bandar Seri Begawan,3,March,27.9,3.7,80.5
Q9279,Bandar Seri Begawan,4,April,27.9,7.7,83.9
Q9279,Bandar Seri Begawan,5,May,27.3,18.3,89.1
Q9279,Bandar Seri Begawan,6,June,27.0,9.6,85.2
Q9279,Bandar Seri Begawan,7,July,27.0,7.5,83.6
Q9279,Bandar Seri Begawan,8,August,26.5,12.1,85.9
Q9279,Bandar Seri Begawan,9,September,27.4,3.2,81.0
Q9279,Bandar Seri Begawan,10,October,26.7,5.7,84.5
Q9279,Bandar Seri Begawan,11,November,27.1,7.8,83.9
Q9279,Bandar Seri Begawan,12,December,26.6,11.0,86.7
Q1861,Bangkok,1,January,27.8,0.4,65.8
Q1861,Bangkok,2,February,29.0,0.7,72.2
Q1861,Bangkok,3,March,29.5,2.1,75.2
Q1861,Bangkok,4,April,31.8,0.2,69.9
Q1861,Bangkok,5,May,30.1,8.7,77.9
Q1861,Bangkok,6,June,29.0,6.0,78.5
Q1861,Bangkok,7,July,27.7,10.7,83.6
Q1861,Bangkok,8,August,28.5,5.2,80.7
Q1861,Bangkok,9,September,27.8,9.8,83.1
Q1861,Bangkok,10,October,27.6,7.1,82.7
Q1861,Bangkok,11,November,28.3,2.2,69.2
Q1861,Bangkok,12,December,28.4,0.3,52.9
Q902,Bangladesh,1,January,16.7,0.0,80.8
Q902,Bangladesh,2,February,20.6,0.6,70.4
Q902,Bangladesh,3,March,24.2,3.1,69.0
Q902,Bangladesh,4,April,30.1,0.2,64.7
Q902,Bangladesh,5,May,29.7,8.5,73.2
Q902,Bangladesh,6,June,30.0,6.7,80.7
Q902,Bangladesh,7,July,29.1,7.4,81.9
Q902,Bangladesh,8,August,27.7,12.7,85.7
Q902,Bangladesh,9,September,28.7,12.0,83.9
Q902,Bangladesh,10,October,26.7,8.1,85.8
Q902,Bangladesh,11,November,23.5,0.1,74.4
Q902,Bangladesh,12,December,18.8,0.0,78.9
Q3832,Bangui,1,January,26.3,0.0,46.8
Q3832,Bangui,2,February,28.7,0.0,50.9
Q3832,Bangui,3,March,28.3,1.7,68.9
Q3832,Bangui,4,April,27.5,3.2,75.4
Q3832,Bangui,5,May,27.4,5.1,77.4
Q3832,Bangui,6,June,26.0,4.5,81.7
Q3832,Bangui,7,July,24.9,5.7,85.9
Q3832,Bangui,8,August,24.5,7.8,87.0
Q3832,Bangui,9,September,24.9,8.6,85.7
Q3832,Bangui,10,October,25.0,5.2,84.4
Q3832,Bangui,11,November,26.0,1.4,72.2
Q3832,Bangui,12,December,27.7,0.0,46.2
Q3726,Banjul,1,January,25.7,0.0,47.6
Q3726,Banjul,2,February,27.1,0.0,40.4
Q3726,Banjul,3,March,24.8,0.0,54.9
Q3726,Banjul,4,April,25.6,0.0,60.2
Q3726,Banjul,5,May,26.1,0.2,70.4
Q3726,Banjul,6,June,26.2,1.0,79.4
Q3726,Banjul,7,July,27.2,7.6,81.5
Q3726,Banjul,8,August,27.0,8.0,83.7
Q3726,Banjul,9,September,26.7,9.4,84.6
Q3726,Banjul,10,October,27.7,3.4,80.8
Q3726,Banjul,11,November,28.0,0.0,65.3
Q3726,Banjul,12,December,25.2,0.2,51.0
Q244,Barbados,1,January,25.0,2.1,74.9
Q244,Barbados,2,February,25.7,0.9,70.2
Q244,Barbados,3,March,25.9,1.2,69.8
Q244,Barbados,4,April,26.6,0.9,68.7
Q244,Barbados,5,May,27.4,1.5,70.9
Q244,Barbados,6,June,26.8,3.6,76.1
Q244,Barbados,7,July,26.6,4.6,77.9
Q244,Barbados,8,August,26.5,4.5,79.0
Q244,Barbados,9,September,26.3,6.6,81.4
Q244,Barbados,10,October,26.8,2.0,76.7
Q244,Barbados,11,November,26.3,6.0,77.5
Q244,Barbados,12,December,25.8,2.0,69.8
Q1492,Barcelona,1,January,9.7,1.3,76.5
Q1492,Barcelona,2,February,11.7,0.7,73.5
Q1492,Barcelona,3,March,12.8,2.4,76.0
Q1492,Barcelona,4,April,14.2,4.8,72.9
Q1492,Barcelona,5,May,17.0,1.3,77.4
Q1492,Barcelona,6,June,21.2,2.3,74.2
Q1492,Barcelona,7,July,25.0,1.0,70.4
Q1492,Barcelona,8,August,25.9,1.2,72.6
Q1492,Barcelona,9,September,20.5,3.0,74.2
Q1492,Barcelona,10,October,18.3,4.8,81.8
Q1492,Barcelona,11,November,14.3,2.9,82.5
Q1492,Barcelona,12,December,9.5,1.0,76.6
Q3519,Bari,1,January,10.8,2.0,73.1
Q3519,Bari,2,February,11.8,1.8,75.2
Q3519,Bari,3,March,13.5,1.6,71.5
Q3519,Bari,4,April,16.3,1.3,63.8
Q3519,Bari,5,May,20.1,1.5,66.8
Q3519,Bari,6,June,25.5,0.6,58.0
Q3519,Bari,7,July,28.4,0.5,55.1
Q3519,Bari,8,August,28.0,1.0,61.7
Q3519,Bari,9,September,23.0,1.3,65.3
Q3519,Bari,10,October,19.8,0.7,74.4
Q3519,Bari,11,November,13.7,1.3,75.4
Q3519,Bari,12,December,10.7,3.1,78.5
Q78,Basel,1,January,2.8,3.2,80.9
Q78,Basel,2,February,7.4,2.6,80.8
Q78,Basel,3,March,8.5,3.0,78.0
Q78,Basel,4,April,10.1,3.6,74.4
Q78,Basel,5,May,14.4,4.6,77.7
Q78,Basel,6,June,17.9,4.6,78.9
Q78,Basel,7,July,20.3,3.2,75.9
Q78,Basel,8,August,21.7,1.9,72.0
Q78,Basel,9,September,15.3,4.8,79.9
Q78,Basel,10,October,12.5,3.0,87.1
Q78,Basel,11,November,6.1,3.5,85.3
Q78,Basel,12,December,2.8,2.9,84.1
Q41295,Basseterre,1,January,25.9,1.2,71.9
Q41295,Basseterre,2,February,25.4,5.2,75.1
Q41295,Basseterre,3,March,26.1,1.3,70.6
Q41295,Basseterre,4,April,26.5,2.4,74.2
Q41295,Basseterre,5,May,27.9,2.9,75.8
Q41295,Basseterre,6,June,28.4,2.2,74.1
Q41295,Basseterre,7,July,28.2,3.4,75.4
Q41295,Basseterre,8,August,28.1,4.4,76.7
Q41295,Basseterre,9,September,28.2,3.2,77.7
Q41295,Basseterre,10,October,28.8,1.5,71.1
Q41295,Basseterre,11,November,27.1,4.3,79.2
Q41295,Basseterre,12,December,26.5,1.2,70.6
Q28218,Baton Rouge,1,January,9.9,7.2,74.9
Q28218,Baton Rouge,2,February,14.3,3.4,74.5
Q28218,Baton Rouge,3,March,17.2,5.8,77.3
Q28218,Baton Rouge,4,April,21.0,2.9,73.5
Q28218,Baton Rouge,5,May,25.5,4.3,78.8
Q28218,Baton Rouge,6,June,27.6,2.4,75.2
Q28218,Baton Rouge,7,July,27.8,5.1,81.6
Q28218,Baton Rouge,8,August,29.1,1.9,69.7
Q28218,Baton Rouge,9,September,25.5,9.7,78.2
Q28218,Baton Rouge,10,October,22.3,0.8,66.3
Q28218,Baton Rouge,11,November,19.4,4.5,78.7
Q28218,Baton Rouge,12,December,13.8,4.9,78.8
Q25475,Batumi,1,January,6.1,10.1,76.7
Q25475,Batumi,2,February,8.6,4.9,71.6
Q25475,Batumi,3,March,10.1,5.1,77.4
Q25475,Batumi,4,April,16.0,1.1,77.9
Q25475,Batumi,5,May,15.9,4.2,86.2
Q25475,Batumi,6,June,22.4,4.4,81.8
Q25475,Batumi,7,July,24.2,8.2,87.7
Q25475,Batumi,8,August,23.8,2.7,85.6
Q25475,Batumi,9,September,22.3,6.9,86.7
Q25475,Batumi,10,October,15.7,15.1,84.3
Q25475,Batumi,11,November,10.2,11.1,77.3
Q25475,Batumi,12,December,7.9,7.0,71.2
Q956,Beijing,1,January,-3.0,0.0,44.3
Q956,Beijing,2,February,-0.2,0.2,43.3
Q956,Beijing,3,March,7.7,0.2,40.9
Q956,Beijing,4,April,16.4,1.1,47.9
Q956,Beijing,5,May,21.7,1.6,45.5
Q956,Beijing,6,June,27.5,0.9,44.9
Q956,Beijing,7,July,27.4,6.9,73.3
Q956,Beijing,8,August,25.9,9.7,81.1
Q956,Beijing,9,September,20.9,1.7,69.7
Q956,Beijing,10,October,12.8,0.7,68.3
Q956,Beijing,11,November,7.5,0.6,62.5
Q956,Beijing,12,December,0.0,0.0,32.1
Q3820,Beirut,1,January,14.5,7.6,73.3
Q3820,Beirut,2,February,13.9,2.2,70.7
Q3820,Beirut,3,March,15.9,2.9,68.5
Q3820,Beirut,4,April,20.3,0.9,68.3
Q3820,Beirut,5,May,21.6,2.1,67.9
Q3820,Beirut,6,June,27.5,0.1,62.5
Q3820,Beirut,7,July,29.3,0.1,58.9
Q3820,Beirut,8,August,28.7,0.0,62.1
Q3820,Beirut,9,September,26.8,0.4,63.7
Q3820,Beirut,10,October,23.0,0.3,54.1
Q3820,Beirut,11,November,18.2,2.5,64.5
Q3820,Beirut,12,December,15.5,2.0,58.8
Q184,Belarus,1,January,-5.3,1.8,86.5
Q184,Belarus,2,February,1.5,1.9,85.8
Q184,Belarus,3,March,3.9,0.7,75.0
Q184,Belarus,4,April,9.6,3.1,74.5
Q184,Belarus,5,May,14.3,1.1,66.8
Q184,Belarus,6,June,18.8,3.5,74.4
Q184,Belarus,7,July,21.0,3.5,73.9
Q184,Belarus,8,August,19.8,1.2,73.3
Q184,Belarus,9,September,17.7,1.6,65.5
Q184,Belarus,10,October,8.1,1.6,84.4
Q184,Belarus,11,November,2.8,1.2,82.3
Q184,Belarus,12,December,0.2,0.6,86.2
Q10686,Belfast,1,January,4.7,1.7,85.2
Q10686,Belfast,2,February,6.7,2.2,85.4
Q10686,Belfast,3,March,6.8,4.1,83.9
Q10686,Belfast,4,April,8.2,3.8,80.7
Q10686,Belfast,5,May,12.8,2.5,83.1
Q10686,Belfast,6,June,12.6,1.9,76.7
Q10686,Belfast,7,July,14.1,3.2,80.6
Q10686,Belfast,8,August,14.7,4.6,80.4
Q10686,Belfast,9,September,12.4,2.0,82.1
Q10686,Belfast,10,October,11.0,2.6,85.4
Q10686,Belfast,11,November,7.8,1.7,88.7
Q10686,Belfast,12,December,7.2,2.4,85.7
Q31,Belgium,1,January,2.6,2.1,82.1
Q31,Belgium,2,February,7.6,4.4,86.6
Q31,Belgium,3,March,8.5,2.6,80.1
Q31,Belgium,4,April,10.2,2.7,76.3
Q31,Belgium,5,May,14.1,3.8,81.9
Q31,Belgium,6,June,15.2,3.0,77.7
Q31,Belgium,7,July,17.9,3.1,75.9
Q31,Belgium,8,August,19.3,2.2,74.7
Q31,Belgium,9,September,15.1,3.7,81.4
Q31,Belgium,10,October,12.3,2.9,85.7
Q31,Belgium,11,November,6.9,1.6,86.9
Q31,Belgium,12,December,4.7,2.5,89.9
Q3711,Belgrade,1,January,2.7,1.5,80.2
Q3711,Belgrade,2,February,9.1,0.5,71.1
Q3711,Belgrade,3,March,11.1,1.0,67.0
Q3711,Belgrade,4,April,15.3,0.9,60.3
Q3711,Belgrade,5,May,18.0,3.9,70.9
Q3711,Belgrade,6,June,24.0,2.5,67.2
Q3711,Belgrade,7,July,26.0,2.1,61.6
Q3711,Belgrade,8,August,26.6,0.3,54.1
Q3711,Belgrade,9,September,19.5,3.2,65.1
Q3711,Belgrade,10,October,14.1,0.8,73.1
Q3711,Belgrade,11,November,5.8,2.5,81.7
Q3711,Belgrade,12,December,3.2,1.9,88.0
Q242,Belize,1,January,21.6,3.6,88.6
Q242,Belize,2,February,20.7,1.2,83.3
Q242,Belize,3,March,24.4,0.5,80.4
Q242,Belize,4,April,24.3,2.2,82.9
Q242,Belize,5,May,26.6,0.4,80.2
Q242,Belize,6,June,24.9,7.2,88.9
Q242,Belize,7,July,23.9,5.5,91.2
Q242,Belize,8,August,24.0,5.8,90.7
Q242,Belize,9,September,24.9,5.2,87.4
Q242,Belize,10,October,22.9,12.1,90.8
Q242,Belize,11,November,22.2,7.3,85.8
Q242,Belize,12,December,20.5,7.8,91.1
Q3043,Belmopan,1,January,24.1,3.8,86.1
Q3043,Belmopan,2,February,23.5,0.8,77.9
Q3043,Belmopan,3,March,27.5,0.5,74.5
Q3043,Belmopan,4,April,27.5,3.2,76.3
Q3043,Belmopan,5,May,30.1,0.4,72.8
Q3043,Belmopan,6,June,27.7,7.7,84.9
Q3043,Belmopan,7,July,26.4,7.9,88.4
Q3043,Belmopan,8,August,26.6,8.1,87.7
Q3043,Belmopan,9,September,27.7,4.9,83.8
Q3043,Belmopan,10,October,25.5,13.7,88.2
Q3043,Belmopan,11,November,24.7,9.5,84.8
Q3043,Belmopan,12,December,23.1,5.0,87.5
Q42800,Belo Horizonte,1,January,22.6,7.8,81.3
Q42800,Belo Horizonte,2,February,22.3,5.5,79.2
Q42800,Belo Horizonte,3,March,23.1,4.2,77.9
Q42800,Belo Horizonte,4,April,21.8,1.0,70.9
Q42800,Belo Horizonte,5,May,21.2,0.0,63.4
Q42800,Belo Horizonte,6,June,19.1,0.0,58.4
Q42800,Belo Horizonte,7,July,18.9,0.0,56.7
Q42800,Belo Horizonte,8,August,20.1,0.0,51.2
Q42800,Belo Horizonte,9,September,23.5,0.1,45.3
Q42800,Belo Horizonte,10,October,22.6,5.2,68.6
Q42800,Belo Horizonte,11,November,21.6,4.9,76.2
Q42800,Belo Horizonte,12,December,22.5,7.0,77.5
Q1355,Bengaluru,1,January,21.9,0.2,66.7
Q1355,Bengaluru,2,February,24.2,0.0,53.5
Q1355,Bengaluru,3,March,27.2,0.0,44.1
Q1355,Bengaluru,4,April,29.4,0.0,39.4
Q1355,Bengaluru,5,May,26.6,4.9,68.6
Q1355,Bengaluru,6,June,23.8,4.5,80.5
Q1355,Bengaluru,7,July,22.7,5.6,82.1
Q1355,Bengaluru,8,August,23.0,5.9,83.0
Q1355,Bengaluru,9,September,23.2,2.2,77.6
Q1355,Bengaluru,10,October,22.5,7.8,82.7
Q1355,Bengaluru,11,November,22.1,1.5,74.7
Q1355,Bengaluru,12,December,21.7,2.5,78.5
Q962,Benin,1,January,26.6,0.0,32.2
Q962,Benin,2,February,29.4,0.1,35.6
Q962,Benin,3,March,30.9,0.8,56.7
Q962,Benin,4,April,29.4,3.3,68.5
Q962,Benin,5,May,28.4,3.2,73.7
Q962,Benin,6,June,26.8,2.7,77.2
Q962,Benin,7,July,25.2,5.9,84.3
Q962,Benin,8,August,25.1,6.2,81.6
Q962,Benin,9,September,25.2,4.3,82.1
Q962,Benin,10,October,25.8,5.5,81.6
Q962,Benin,11,November,26.0,0.0,50.1
Q962,Benin,12,December,25.1,0.0,39.5
Q628,Bergamo,1,January,3.1,1.8,80.8
Q628,Bergamo,2,February,7.3,6.8,82.8
Q628,Bergamo,3,March,9.5,5.3,78.0
Q628,Bergamo,4,April,11.9,3.0,74.4
Q628,Bergamo,5,May,15.5,10.4,80.8
Q628,Bergamo,6,June,19.7,8.3,80.1
Q628,Bergamo,7,July,23.5,4.4,75.9
Q628,Bergamo,8,August,24.8,2.1,68.4
Q628,Bergamo,9,September,17.6,8.4,75.5
Q628,Bergamo,10,October,14.3,8.3,88.2
Q628,Bergamo,11,November,6.9,0.4,85.4
Q628,Bergamo,12,December,3.0,1.1,81.4
Q26793,Bergen,1,January,-1.2,7.8,77.4
Q26793,Bergen,2,February,0.7,11.1,86.6
Q26793,Bergen,3,March,3.5,6.0,82.1
Q26793,Bergen,4,April,5.5,4.8,78.1
Q26793,Bergen,5,May,14.6,2.2,67.7
Q26793,Bergen,6,June,11.9,6.8,79.9
Q26793,Bergen,7,July,14.2,5.6,83.2
Q26793,Bergen,8,August,13.5,15.9,86.6
Q26793,Bergen,9,September,11.7,6.0,85.7
Q26793,Bergen,10,October,8.4,10.7,88.3
Q26793,Bergen,11,November,4.3,7.0,88.4
Q26793,Bergen,12,December,3.2,12.9,88.5
Q64,Berlin,1,January,1.3,1.8,82.1
Q64,Berlin,2,February,6.7,2.9,84.0
Q64,Berlin,3,March,7.6,1.1,78.3
Q64,Berlin,4,April,11.0,1.3,72.6
Q64,Berlin,5,May,16.9,3.3,66.0
Q64,Berlin,6,June,18.1,2.2,69.0
Q64,Berlin,7,July,20.6,1.9,64.5
Q64,Berlin,8,August,21.8,0.8,61.3
Q64,Berlin,9,September,17.6,1.6,66.5
Q64,Berlin,10,October,11.6,1.5,83.2
Q64,Berlin,11,November,5.4,2.0,85.4
Q64,Berlin,12,December,3.7,1.2,88.4
Q70,Bern,1,January,1.5,3.3,79.1
Q70,Bern,2,February,5.3,2.0,80.7
Q70,Bern,3,March,6.7,3.5,77.9
Q70,Bern,4,April,8.5,3.4,74.0
Q70,Bern,5,May,12.7,5.2,78.8
Q70,Bern,6,June,16.6,5.3,79.1
Q70,Bern,7,July,19.4,3.9,76.5
Q70,Bern,8,August,20.0,2.1,75.8
Q70,Bern,9,September,13.4,5.2,81.1
Q70,Bern,10,October,10.7,4.1,88.5
Q70,Bern,11,November,4.2,3.0,86.1
Q70,Bern,12,December,0.8,3.3,79.4
Q37776,Besançon,1,January,3.5,4.0,80.1
Q37776,Besançon,2,February,7.4,2.9,81.4
Q37776,Besançon,3,March,9.1,3.4,75.4
Q37776,Besançon,4,April,10.4,4.6,72.6
Q37776,Besançon,5,May,14.1,6.1,78.6
Q37776,Besançon,6,June,17.8,5.4,76.8
Q37776,Besançon,7,July,20.3,3.4,74.6
Q37776,Besançon,8,August,21.5,2.8,70.7
Q37776,Besançon,9,September,15.3,4.0,77.8
Q37776,Besançon,10,October,13.4,5.6,82.7
Q37776,Besançon,11,November,6.8,3.0,84.5
Q37776,Besançon,12,December,2.5,3.5,84.1
Q5776,Bethlehem,1,January,10.4,1.8,77.7
Q5776,Bethlehem,2,February,10.1,1.7,75.3
Q5776,Bethlehem,3,March,13.3,1.1,64.1
Q5776,Bethlehem,4,April,18.9,1.1,56.0
Q5776,Bethlehem,5,May,20.1,0.3,54.3
Q5776,Bethlehem,6,June,27.1,0.1,39.0
Q5776,Bethlehem,7,July,26.5,0.0,50.3
Q5776,Bethlehem,8,August,25.5,0.0,56.8
Q5776,Bethlehem,9,September,23.2,0.1,64.7
Q5776,Bethlehem,10,October,19.4,0.1,59.2
Q5776,Bethlehem,11,November,14.8,0.7,71.0
Q5776,Bethlehem,12,December,11.4,0.5,62.0
Q917,Bhutan,1,January,0.0,13.5,78.5
Q917,Bhutan,2,February,0.8,18.6,79.7
Q917,Bhutan,3,March,4.5,7.8,81.5
Q917,Bhutan,4,April,9.5,8.8,84.3
Q917,Bhutan,5,May,12.1,6.2,83.5
Q917,Bhutan,6,June,15.0,9.3,89.2
Q917,Bhutan,7,July,16.2,12.7,90.4
Q917,Bhutan,8,August,15.0,7.9,87.0
Q917,Bhutan,9,September,14.6,3.6,85.4
Q917,Bhutan,10,October,11.4,5.9,87.4
Q917,Bhutan,11,November,7.1,4.5,79.0
Q917,Bhutan,12,December,3.9,5.3,73.0
Q2256,Birmingham,1,January,4.1,2.0,85.8
Q2256,Birmingham,2,February,7.1,3.6,88.8
Q2256,Birmingham,3,March,7.1,3.5,84.3
Q2256,Birmingham,4,April,8.6,2.7,78.5
Q2256,Birmingham,5,May,13.3,3.3,79.7
Q2256,Birmingham,6,June,13.9,1.3,71.9
Q2256,Birmingham,7,July,15.9,2.3,76.1
Q2256,Birmingham,8,August,16.5,1.1,74.1
Q2256,Birmingham,9,September,13.1,5.3,84.3
Q2256,Birmingham,10,October,10.8,2.5,86.5
Q2256,Birmingham,11,November,6.9,2.3,89.2
Q2256,Birmingham,12,December,6.7,2.0,88.6
Q9361,Bishkek,1,January,0.0,1.3,68.9
Q9361,Bishkek,2,February,-2.7,1.6,68.6
Q9361,Bishkek,3,March,4.8,2.9,64.2
Q9361,Bishkek,4,April,12.4,2.7,66.4
Q9361,Bishkek,5,May,16.6,2.7,64.9
Q9361,Bishkek,6,June,23.5,0.8,42.4
Q9361,Bishkek,7,July,24.8,1.1,44.5
Q9361,Bishkek,8,August,24.8,1.0,40.5
Q9361,Bishkek,9,September,16.7,1.2,46.5
Q9361,Bishkek,10,October,10.8,2.7,61.1
Q9361,Bishkek,11,November,4.2,2.1,66.3
Q9361,Bishkek,12,December,-4.1,1.6,65.1
Q37066,Bismarck,1,January,-9.4,0.2,75.8
Q37066,Bismarck,2,February,-1.5,0.4,70.0
Q37066,Bismarck,3,March,-1.9,0.6,59.2
Q37066,Bismarck,4,April,6.9,2.9,59.0
Q37066,Bismarck,5,May,12.6,2.3,66.2
Q37066,Bismarck,6,June,18.0,4.8,65.0
Q37066,Bismarck,7,July,22.5,1.2,70.6
Q37066,Bismarck,8,August,20.3,3.5,71.7
Q37066,Bismarck,9,September,19.5,0.6,61.1
Q37066,Bismarck,10,October,10.9,0.4,57.0
Q37066,Bismarck,11,November,-1.0,0.9,75.9
Q37066,Bismarck,12,December,-6.1,0.5,77.4
Q3739,Bissau,1,January,26.5,0.0,45.9
Q3739,Bissau,2,February,28.2,0.0,44.3
Q3739,Bissau,3,March,29.2,0.0,40.3
Q3739,Bissau,4,April,28.2,0.0,56.5
Q3739,Bissau,5,May,28.8,0.5,63.6
Q3739,Bissau,6,June,28.0,1.5,73.5
Q3739,Bissau,7,July,26.3,14.4,85.9
Q3739,Bissau,8,August,26.1,16.2,86.7
Q3739,Bissau,9,September,26.0,16.0,87.4
Q3739,Bissau,10,October,26.8,6.9,86.0
Q3739,Bissau,11,November,27.5,0.0,71.5
Q3739,Bissau,12,December,25.9,0.0,47.5
Q37701,Bloemfontein,1,January,22.6,1.0,54.9
Q37701,Bloemfontein,2,February,23.3,0.6,45.4
Q37701,Bloemfontein,3,March,22.7,0.3,42.4
Q37701,Bloemfontein,4,April,16.2,2.0,66.0
Q37701,Bloemfontein,5,May,15.0,0.0,50.4
Q37701,Bloemfontein,6,June,8.8,1.3,62.2
Q37701,Bloemfontein,7,July,7.4,0.0,43.7
Q37701,Bloemfontein,8,August,12.4,0.5,38.1
Q37701,Bloemfontein,9,September,15.1,1.6,43.2
Q37701,Bloemfontein,10,October,18.5,0.9,37.8
Q37701,Bloemfontein,11,November,21.4,1.2,43.9
Q37701,Bloemfontein,12,December,25.2,0.9,37.4
Q2841,Bogotá,1,January,14.4,0.6,72.8
Q2841,Bogotá,2,February,14.8,2.2,79.1
Q2841,Bogotá,3,March,15.0,2.2,77.3
Q2841,Bogotá,4,April,14.6,3.9,78.9
Q2841,Bogotá,5,May,14.6,3.2,82.2
Q2841,Bogotá,6,June,13.9,1.8,81.3
Q2841,Bogotá,7,July,13.3,0.8,79.3
Q2841,Bogotá,8,August,13.4,0.5,74.9
Q2841,Bogotá,9,September,14.3,0.9,73.0
Q2841,Bogotá,10,October,13.8,2.7,79.1
Q2841,Bogotá,11,November,13.4,7.7,84.8
Q2841,Bogotá,12,December,14.7,1.8,75.8
Q35775,Boise,1,January,-0.6,2.6,80.5
Q35775,Boise,2,February,4.0,2.6,69.4
Q35775,Boise,3,March,5.3,2.2,63.2
Q35775,Boise,4,April,9.9,1.7,53.3
Q35775,Boise,5,May,13.5,1.1,48.2
Q35775,Boise,6,June,21.3,0.4,36.3
Q35775,Boise,7,July,28.0,0.1,24.6
Q35775,Boise,8,August,24.9,0.0,27.5
Q35775,Boise,9,September,20.5,0.3,38.8
Q35775,Boise,10,October,13.0,0.6,47.1
Q35775,Boise,11,November,4.1,1.6,67.5
Q35775,Boise,12,December,1.6,2.4,80.7
Q750,Bolivia,1,January,26.8,8.9,86.4
Q750,Bolivia,2,February,25.8,13.4,89.6
Q750,Bolivia,3,March,25.9,12.2,88.8
Q750,Bolivia,4,April,25.1,11.9,91.3
Q750,Bolivia,5,May,20.8,6.8,87.9
Q750,Bolivia,6,June,22.5,6.8,87.9
Q750,Bolivia,7,July,19.0,5.4,84.7
Q750,Bolivia,8,August,21.4,3.7,84.7
Q750,Bolivia,9,September,25.0,2.0,81.1
Q750,Bolivia,10,October,26.0,7.4,84.7
Q750,Bolivia,11,November,25.8,8.2,86.0
Q750,Bolivia,12,December,25.7,15.2,84.2
Q1891,Bologna,1,January,3.7,2.5,86.0
Q1891,Bologna,2,February,9.0,3.0,82.5
Q1891,Bologna,3,March,11.3,2.3,78.8
Q1891,Bologna,4,April,13.6,2.2,71.9
Q1891,Bologna,5,May,17.2,3.1,74.5
Q1891,Bologna,6,June,22.3,4.2,66.6
Q1891,Bologna,7,July,26.6,1.8,59.0
Q1891,Bologna,8,August,26.5,1.2,64.5
Q1891,Bologna,9,September,19.6,5.6,72.8
Q1891,Bologna,10,October,16.3,5.7,87.3
Q1891,Bologna,11,November,8.1,0.4,83.0
Q1891,Bologna,12,December,4.3,3.1,81.2
Q586,Bonn,1,January,2.9,2.2,78.2
Q586,Bonn,2,February,8.1,3.3,81.2
Q586,Bonn,3,March,9.0,2.8,76.5
Q586,Bonn,4,April,10.8,2.8,74.1
Q586,Bonn,5,May,15.2,5.1,79.4
Q586,Bonn,6,June,16.6,2.3,73.8
Q586,Bonn,7,July,19.1,3.6,72.9
Q586,Bonn,8,August,20.8,1.7,71.6
Q586,Bonn,9,September,16.3,3.9,76.5
Q586,Bonn,10,October,12.6,2.9,84.1
Q586,Bonn,11,November,7.1,2.4,83.6
Q586,Bonn,12,December,4.5,2.1,84.7
Q1479,Bordeaux,1,January,7.2,1.6,86.5
Q1479,Bordeaux,2,February,9.6,4.7,84.0
Q1479,Bordeaux,3,March,10.9,5.7,81.0
Q1479,Bordeaux,4,April,13.0,1.9,72.1
Q1479,Bordeaux,5,May,14.7,5.1,79.7
Q1479,Bordeaux,6,June,18.8,4.4,76.1
Q1479,Bordeaux,7,July,21.0,1.6,74.7
Q1479,Bordeaux,8,August,21.4,1.1,72.6
Q1479,Bordeaux,9,September,16.6,4.3,79.2
Q1479,Bordeaux,10,October,15.5,3.9,85.7
Q1479,Bordeaux,11,November,11.3,2.1,86.8
Q1479,Bordeaux,12,December,7.5,2.3,87.6
Q188736,Bosnia,1,January,2.4,1.7,74.9
Q188736,Bosnia,2,February,7.1,1.9,75.6
Q188736,Bosnia,3,March,9.1,2.8,72.7
Q188736,Bosnia,4,April,12.5,1.8,68.5
Q188736,Bosnia,5,May,15.9,2.9,76.2
Q188736,Bosnia,6,June,20.9,3.1,75.0
Q188736,Bosnia,7,July,23.1,1.6,70.7
Q188736,Bosnia,8,August,23.9,0.5,65.3
Q188736,Bosnia,9,September,17.2,3.0,72.0
Q188736,Bosnia,10,October,13.5,1.5,80.7
Q188736,Bosnia,11,November,4.4,2.9,84.6
Q188736,Bosnia,12,December,2.1,2.6,83.5
Q225,Bosnia and Herzegovina,1,January,1.6,2.7,74.9
Q225,Bosnia and Herzegovina,2,February,6.6,2.9,72.9
Q225,Bosnia and Herzegovina,3,March,8.1,3.5,71.2
Q225,Bosnia and Herzegovina,4,April,11.6,2.2,65.4
Q225,Bosnia and Herzegovina,5,May,15.0,3.5,73.3
Q225,Bosnia and Herzegovina,6,June,20.2,4.3,71.1
Q225,Bosnia and Herzegovina,7,July,22.4,1.8,64.3
Q225,Bosnia and Herzegovina,8,August,23.6,0.6,57.3
Q225,Bosnia and Herzegovina,9,September,16.2,3.3,70.8
Q225,Bosnia and Herzegovina,10,October,13.3,2.3,77.2
Q225,Bosnia and Herzegovina,11,November,4.2,3.6,79.3
Q225,Bosnia and Herzegovina,12,December,1.7,2.7,82.0
Q100,Boston,1,January,-0.6,6.2,71.0
Q100,Boston,2,February,0.6,1.2,66.5
Q100,Boston,3,March,4.8,6.7,70.1
Q100,Boston,4,April,8.4,3.1,71.4
Q100,Boston,5,May,14.9,4.4,77.9
Q100,Boston,6,June,21.3,2.6,69.0
Q100,Boston,7,July,24.5,2.9,72.4
Q100,Boston,8,August,21.5,2.5,77.3
Q100,Boston,9,September,17.9,1.9,75.2
Q100,Boston,10,October,12.2,0.9,72.0
Q100,Boston,11,November,8.1,2.4,63.2
Q100,Boston,12,December,0.7,4.4,72.7
Q963,Botswana,1,January,26.8,0.5,51.2
Q963,Botswana,2,February,30.3,0.0,31.4
Q963,Botswana,3,March,29.4,0.0,31.6
Q963,Botswana,4,April,23.5,1.1,44.8
Q963,Botswana,5,May,20.8,0.0,33.2
Q963,Botswana,6,June,16.1,0.0,40.6
Q963,Botswana,7,July,16.6,0.0,19.0
Q963,Botswana,8,August,20.3,0.0,23.7
Q963,Botswana,9,September,24.5,0.0,24.7
Q963,Botswana,10,October,25.6,0.0,22.7
Q963,Botswana,11,November,27.6,0.3,36.1
Q963,Botswana,12,December,27.9,3.4,48.7
Q2844,Brasília,1,January,22.4,6.3,80.5
Q2844,Brasília,2,February,22.2,6.6,78.8
Q2844,Brasília,3,March,23.1,3.1,80.3
Q2844,Brasília,4,April,22.4,1.3,75.5
Q2844,Brasília,5,May,21.5,0.0,61.6
Q2844,Brasília,6,June,20.0,0.0,57.7
Q2844,Brasília,7,July,20.0,0.0,49.5
Q2844,Brasília,8,August,21.7,0.0,42.2
Q2844,Brasília,9,September,25.1,0.0,31.8
Q2844,Brasília,10,October,24.1,3.0,64.3
Q2844,Brasília,11,November,21.5,9.4,83.7
Q2844,Brasília,12,December,22.5,6.3,78.7
Q1780,Bratislava,1,January,1.1,1.7,75.7
Q1780,Bratislava,2,February,8.0,1.1,77.1
Q1780,Bratislava,3,March,9.1,1.7,73.0
Q1780,Bratislava,4,April,12.6,2.1,67.6
Q1780,Bratislava,5,May,16.9,2.9,69.4
Q1780,Bratislava,6,June,20.7,3.1,72.2
Q1780,Bratislava,7,July,23.9,1.2,60.3
Q1780,Bratislava,8,August,24.3,0.4,63.3
Q1780,Bratislava,9,September,17.5,6.4,69.0
Q1780,Bratislava,10,October,11.9,1.7,80.8
Q1780,Bratislava,11,November,4.6,0.7,83.1
Q1780,Bratislava,12,December,2.3,0.8,84.5
Q155,Brazil,1,January,25.9,6.2,81.5
Q155,Brazil,2,February,25.8,9.0,81.0
Q155,Brazil,3,March,26.1,9.8,83.6
Q155,Brazil,4,April,26.0,4.4,82.1
Q155,Brazil,5,May,25.4,0.0,65.9
Q155,Brazil,6,June,24.8,0.0,53.0
Q155,Brazil,7,July,25.1,0.0,45.3
Q155,Brazil,8,August,27.3,0.0,34.4
Q155,Brazil,9,September,30.3,0.1,29.6
Q155,Brazil,10,October,28.3,6.4,64.8
Q155,Brazil,11,November,25.3,10.2,83.2
Q155,Brazil,12,December,25.4,9.4,84.1
Q3844,Brazzaville,1,January,26.0,4.4,82.9
Q3844,Brazzaville,2,February,26.4,7.5,84.1
Q3844,Brazzaville,3,March,26.9,5.5,82.4
Q3844,Brazzaville,4,April,26.8,4.3,82.3
Q3844,Brazzaville,5,May,27.5,1.3,77.6
Q3844,Brazzaville,6,June,25.5,0.1,75.6
Q3844,Brazzaville,7,July,24.9,0.0,69.6
Q3844,Brazzaville,8,August,25.9,0.1,64.4
Q3844,Brazzaville,9,September,26.2,3.2,73.4
Q3844,Brazzaville,10,October,25.9,6.9,80.6
Q3844,Brazzaville,11,November,25.5,11.4,84.0
Q3844,Brazzaville,12,December,25.9,6.7,82.4
Q1209,Bremen,1,January,2.8,3.0,82.7
Q1209,Bremen,2,February,7.0,3.8,86.5
Q1209,Bremen,3,March,7.9,2.0,80.3
Q1209,Bremen,4,April,10.4,3.3,76.0
Q1209,Bremen,5,May,16.1,2.4,71.7
Q1209,Bremen,6,June,15.9,3.8,76.4
Q1209,Bremen,7,July,18.2,4.6,75.6
Q1209,Bremen,8,August,19.2,2.3,74.6
Q1209,Bremen,9,September,16.1,2.0,77.0
Q1209,Bremen,10,October,11.4,2.5,85.7
Q1209,Bremen,11,November,6.3,2.2,87.2
Q1209,Bremen,12,December,5.1,2.0,88.8
Q24879,Bremen,1,January,2.9,3.4,81.9
Q24879,Bremen,2,February,7.1,3.6,86.0
Q24879,Bremen,3,March,8.0,2.0,79.6
Q24879,Bremen,4,April,10.5,3.0,75.2
Q24879,Bremen,5,May,16.2,2.4,70.8
Q24879,Bremen,6,June,16.1,3.4,75.4
Q24879,Bremen,7,July,18.4,4.2,74.4
Q24879,Bremen,8,August,19.4,2.1,73.3
Q24879,Bremen,9,September,16.2,1.6,76.0
Q24879,Bremen,10,October,11.5,2.4,85.3
Q24879,Bremen,11,November,6.3,2.0,86.7
Q24879,Bremen,12,December,5.1,1.7,88.4
Q6221,Brescia,1,January,4.2,1.8,82.0
Q6221,Brescia,2,February,8.4,5.1,82.7
Q6221,Brescia,3,March,10.5,4.2,77.8
Q6221,Brescia,4,April,13.3,3.2,73.0
Q6221,Brescia,5,May,16.6,9.5,77.7
Q6221,Brescia,6,June,21.1,7.3,77.6
Q6221,Brescia,7,July,25.1,2.9,70.8
Q6221,Brescia,8,August,26.7,1.8,63.4
Q6221,Brescia,9,September,19.1,7.4,71.7
Q6221,Brescia,10,October,15.6,8.2,85.9
Q6221,Brescia,11,November,8.0,0.4,84.3
Q6221,Brescia,12,December,4.4,1.6,79.6
Q36168,Bridgetown,1,January,26.3,1.6,72.5
Q36168,Bridgetown,2,February,26.9,0.9,69.0
Q36168,Bridgetown,3,March,27.1,1.1,68.5
Q36168,Bridgetown,4,April,27.8,0.7,67.1
Q36168,Bridgetown,5,May,28.6,1.3,69.7
Q36168,Bridgetown,6,June,28.0,2.4,74.6
Q36168,Bridgetown,7,July,27.7,3.7,76.6
Q36168,Bridgetown,8,August,27.6,4.5,77.8
Q36168,Bridgetown,9,September,27.5,5.9,79.8
Q36168,Bridgetown,10,October,28.1,1.7,74.4
Q36168,Bridgetown,11,November,27.4,5.9,77.4
Q36168,Bridgetown,12,December,26.8,2.4,69.9
Q34932,Brisbane,1,January,25.1,8.6,82.8
Q34932,Brisbane,2,February,24.7,4.5,81.2
Q34932,Brisbane,3,March,22.8,5.6,80.5
Q34932,Brisbane,4,April,20.4,4.6,81.8
Q34932,Brisbane,5,May,17.2,1.1,82.5
Q34932,Brisbane,6,June,15.0,0.6,69.8
Q34932,Brisbane,7,July,14.4,1.0,71.5
Q34932,Brisbane,8,August,17.6,2.0,77.3
Q34932,Brisbane,9,September,18.7,2.7,73.6
Q34932,Brisbane,10,October,20.3,3.6,77.3
Q34932,Brisbane,11,November,23.0,9.7,81.3
Q34932,Brisbane,12,December,24.4,7.8,79.6
Q23154,Bristol,1,January,4.9,2.2,84.2
Q23154,Bristol,2,February,8.1,5.3,88.9
Q23154,Bristol,3,March,7.7,4.0,84.4
Q23154,Bristol,4,April,9.4,2.6,79.0
Q23154,Bristol,5,May,13.2,3.3,80.6
Q23154,Bristol,6,June,14.3,1.3,74.9
Q23154,Bristol,7,July,16.1,2.7,79.6
Q23154,Bristol,8,August,17.0,2.3,77.8
Q23154,Bristol,9,September,13.9,8.3,84.0
Q23154,Bristol,10,October,11.8,3.2,86.4
Q23154,Bristol,11,November,8.3,3.1,87.7
Q23154,Bristol,12,December,7.6,2.6,86.8
Q12130,Brittany,1,January,5.6,3.9,86.4
Q12130,Brittany,2,February,9.4,4.6,87.7
Q12130,Brittany,3,March,8.5,3.1,83.6
Q12130,Brittany,4,April,10.3,3.0,78.3
Q12130,Brittany,5,May,13.3,2.3,80.6
Q12130,Brittany,6,June,15.4,1.7,76.0
Q12130,Brittany,7,July,17.3,2.0,79.2
Q12130,Brittany,8,August,18.5,1.7,77.1
Q12130,Brittany,9,September,14.6,2.2,81.1
Q12130,Brittany,10,October,13.0,4.9,88.4
Q12130,Brittany,11,November,10.1,2.4,89.6
Q12130,Brittany,12,December,7.8,1.3,87.4
Q14960,Brno,1,January,0.2,1.8,76.6
Q14960,Brno,2,February,6.5,1.6,82.1
Q14960,Brno,3,March,8.1,1.7,74.1
Q14960,Brno,4,April,11.5,1.0,67.0
Q14960,Brno,5,May,16.1,3.0,68.4
Q14960,Brno,6,June,19.7,2.9,70.6
Q14960,Brno,7,July,22.8,0.8,59.5
Q14960,Brno,8,August,23.2,1.2,61.5
Q14960,Brno,9,September,17.3,6.9,68.3
Q14960,Brno,10,October,11.0,1.4,80.2
Q14960,Brno,11,November,3.8,0.6,83.3
Q14960,Brno,12,December,1.4,1.0,85.5
Q921,Brunei,1,January,26.1,10.8,89.6
Q921,Brunei,2,February,26.3,9.4,88.8
Q921,Brunei,3,March,26.5,12.2,89.4
Q921,Brunei,4,April,26.8,15.8,90.7
Q921,Brunei,5,May,26.5,16.7,92.5
Q921,Brunei,6,June,26.3,12.6,88.6
Q921,Brunei,7,July,26.5,5.7,86.5
Q921,Brunei,8,August,25.8,15.2,89.6
Q921,Brunei,9,September,26.8,4.0,83.4
Q921,Brunei,10,October,26.1,7.1,86.8
Q921,Brunei,11,November,26.1,11.3,89.5
Q921,Brunei,12,December,25.9,12.1,90.2
Q239,Brussels,1,January,3.1,2.0,81.7
Q239,Brussels,2,February,8.0,3.8,86.0
Q239,Brussels,3,March,8.7,3.1,80.3
Q239,Brussels,4,April,10.6,3.2,75.4
Q239,Brussels,5,May,14.5,3.5,81.7
Q239,Brussels,6,June,15.5,3.3,76.7
Q239,Brussels,7,July,18.2,3.1,75.4
Q239,Brussels,8,August,19.6,1.7,74.2
Q239,Brussels,9,September,15.6,3.3,80.9
Q239,Brussels,10,October,12.6,2.3,84.9
Q239,Brussels,11,November,7.4,2.3,86.7
Q239,Brussels,12,December,5.5,2.1,88.9
Q240,Brussels-Capital Region,1,January,3.1,2.0,81.7
Q240,Brussels-Capital Region,2,February,8.0,3.8,86.0
Q240,Brussels-Capital Region,3,March,8.7,3.1,80.3
Q240,Brussels-Capital Region,4,April,10.6,3.2,75.4
Q240,Brussels-Capital Region,5,May,14.5,3.5,81.7
Q240,Brussels-Capital Region,6,June,15.5,3.3,76.7
Q240,Brussels-Capital Region,7,July,18.2,3.1,75.4
Q240,Brussels-Capital Region,8,August,19.6,1.7,74.2
Q240,Brussels-Capital Region,9,September,15.6,3.3,80.9
Q240,Brussels-Capital Region,10,October,12.6,2.3,84.9
Q240,Brussels-Capital Region,11,November,7.4,2.3,86.7
Q240,Brussels-Capital Region,12,December,5.5,2.1,88.9
Q19660,Bucharest,1,January,0.7,1.3,80.1
Q19660,Bucharest,2,February,7.5,0.6,77.1
Q19660,Bucharest,3,March,8.2,2.1,76.1
Q19660,Bucharest,4,April,14.9,2.8,67.9
Q19660,Bucharest,5,May,16.3,1.1,67.2
Q19660,Bucharest,6,June,25.4,0.6,56.1
Q19660,Bucharest,7,July,27.6,1.0,49.3
Q19660,Bucharest,8,August,26.6,0.9,49.3
Q19660,Bucharest,9,September,20.2,2.8,60.8
Q19660,Bucharest,10,October,13.2,0.3,71.9
Q19660,Bucharest,11,November,4.8,2.1,77.8
Q19660,Bucharest,12,December,3.7,2.7,87.3
Q1781,Budapest,1,January,1.3,1.3,76.7
Q1781,Budapest,2,February,7.9,0.9,77.9
Q1781,Budapest,3,March,9.1,1.4,73.4
Q1781,Budapest,4,April,13.1,1.7,67.7
Q1781,Budapest,5,May,17.6,2.8,66.5
Q1781,Budapest,6,June,21.7,3.1,70.1
Q1781,Budapest,7,July,25.0,1.8,58.7
Q1781,Budapest,8,August,25.1,0.8,58.6
Q1781,Budapest,9,September,18.0,2.6,67.6
Q1781,Budapest,10,October,11.3,1.6,81.8
Q1781,Budapest,11,November,3.7,1.0,84.4
Q1781,Budapest,12,December,2.1,1.1,87.6
Q1486,Buenos Aires,1,January,24.7,1.4,66.2
Q1486,Buenos Aires,2,February,25.3,3.5,70.4
Q1486,Buenos Aires,3,March,22.1,8.9,76.0
Q1486,Buenos Aires,4,April,17.9,4.8,78.4
Q1486,Buenos Aires,5,May,11.6,0.7,78.4
Q1486,Buenos Aires,6,June,13.1,1.9,80.8
Q1486,Buenos Aires,7,July,8.7,0.5,75.7
Q1486,Buenos Aires,8,August,11.3,5.2,78.4
Q1486,Buenos Aires,9,September,15.5,0.7,72.0
Q1486,Buenos Aires,10,October,19.0,2.4,73.6
Q1486,Buenos Aires,11,November,21.4,4.7,68.4
Q1486,Buenos Aires,12,December,22.0,1.4,58.2
Q40435,Buffalo,1,January,-1.2,4.4,81.3
Q40435,Buffalo,2,February,0.9,2.0,70.1
Q40435,Buffalo,3,March,4.1,2.2,71.5
Q40435,Buffalo,4,April,8.9,6.2,74.2
Q40435,Buffalo,5,May,16.1,3.2,76.5
Q40435,Buffalo,6,June,20.2,4.4,75.5
Q40435,Buffalo,7,July,22.4,2.6,76.3
Q40435,Buffalo,8,August,20.9,5.6,79.6
Q40435,Buffalo,9,September,19.1,3.7,76.7
Q40435,Buffalo,10,October,12.5,1.6,74.2
Q40435,Buffalo,11,November,7.6,2.1,74.1
Q40435,Buffalo,12,December,0.2,3.4,79.7
Q3854,Bujumbura,1,January,23.6,6.3,80.1
Q3854,Bujumbura,2,February,24.3,2.4,76.1
Q3854,Bujumbura,3,March,24.3,2.2,76.2
Q3854,Bujumbura,4,April,23.3,5.0,81.1
Q3854,Bujumbura,5,May,23.7,1.1,78.3
Q3854,Bujumbura,6,June,23.1,0.3,71.0
Q3854,Bujumbura,7,July,23.9,0.0,64.7
Q3854,Bujumbura,8,August,24.0,0.1,61.0
Q3854,Bujumbura,9,September,25.0,0.9,57.9
Q3854,Bujumbura,10,October,24.2,2.3,70.7
Q3854,Bujumbura,11,November,23.4,3.1,75.6
Q3854,Bujumbura,12,December,23.5,2.0,76.3
Q5764,Bukhara,1,January,4.0,1.7,75.8
Q5764,Bukhara,2,February,4.1,1.1,66.2
Q5764,Bukhara,3,March,10.6,1.1,64.9
Q5764,Bukhara,4,April,18.6,0.9,44.6
Q5764,Bukhara,5,May,22.6,1.6,43.7
Q5764,Bukhara,6,June,31.7,0.0,19.6
Q5764,Bukhara,7,July,32.3,0.0,21.5
Q5764,Bukhara,8,August,31.2,0.0,20.4
Q5764,Bukhara,9,September,23.0,0.1,27.5
Q5764,Bukhara,10,October,14.9,1.3,56.8
Q5764,Bukhara,11,November,9.3,1.4,70.4
Q5764,Bukhara,12,December,1.7,0.5,74.9
Q219,Bulgaria,1,January,-2.9,2.0,75.9
Q219,Bulgaria,2,February,2.8,1.0,75.0
Q219,Bulgaria,3,March,3.4,1.9,78.0
Q219,Bulgaria,4,April,9.0,3.4,66.7
Q219,Bulgaria,5,May,9.3,4.2,76.8
Q219,Bulgaria,6,June,18.3,1.1,61.6
Q219,Bulgaria,7,July,19.9,1.9,53.5
Q219,Bulgaria,8,August,18.7,1.0,56.3
Q219,Bulgaria,9,September,13.6,2.0,67.0
Q219,Bulgaria,10,October,8.7,1.7,65.9
Q219,Bulgaria,11,November,0.7,1.3,73.5
Q219,Bulgaria,12,December,-1.4,4.7,87.9
Q965,Burkina Faso,1,January,25.4,0.0,16.7
Q965,Burkina Faso,2,February,27.9,0.0,13.4
Q965,Burkina Faso,3,March,32.5,0.1,18.3
Q965,Burkina Faso,4,April,34.0,0.1,28.8
Q965,Burkina Faso,5,May,32.4,0.9,49.4
Q965,Burkina Faso,6,June,29.7,3.2,62.7
Q965,Burkina Faso,7,July,26.3,7.4,79.7
Q965,Burkina Faso,8,August,25.4,8.8,83.0
Q965,Burkina Faso,9,September,25.6,6.2,83.9
Q965,Burkina Faso,10,October,27.6,1.4,65.8
Q965,Burkina Faso,11,November,25.9,0.0,30.9
Q965,Burkina Faso,12,December,23.5,0.0,27.1
Q40738,Bursa,1,January,6.7,4.8,75.6
Q40738,Bursa,2,February,9.2,1.8,74.6
Q40738,Bursa,3,March,10.3,2.7,73.9
Q40738,Bursa,4,April,16.5,2.4,65.8
Q40738,Bursa,5,May,16.5,2.6,72.6
Q40738,Bursa,6,June,26.0,0.0,55.3
Q40738,Bursa,7,July,26.9,0.9,59.6
Q40738,Bursa,8,August,26.0,0.6,57.8
Q40738,Bursa,9,September,22.1,2.2,68.1
Q40738,Bursa,10,October,16.2,0.8,70.1
Q40738,Bursa,11,November,10.5,2.9,75.8
Q40738,Bursa,12,December,8.6,5.1,82.4
Q967,Burundi,1,January,16.6,7.2,83.0
Q967,Burundi,2,February,17.3,5.9,80.2
Q967,Burundi,3,March,17.5,5.6,79.8
Q967,Burundi,4,April,16.8,6.9,84.6
Q967,Burundi,5,May,17.1,1.5,75.4
Q967,Burundi,6,June,16.1,0.1,64.6
Q967,Burundi,7,July,17.4,0.0,54.7
Q967,Burundi,8,August,17.9,0.4,51.8
Q967,Burundi,9,September,18.9,0.7,50.8
Q967,Burundi,10,October,17.2,5.7,74.4
Q967,Burundi,11,November,16.2,9.5,83.2
Q967,Burundi,12,December,16.2,7.3,84.0
Q16520,Busan,1,January,1.8,1.7,69.5
Q16520,Busan,2,February,5.5,4.1,77.7
Q16520,Busan,3,March,7.3,3.9,68.9
Q16520,Busan,4,April,14.2,4.3,76.9
Q16520,Busan,5,May,17.3,3.7,72.0
Q16520,Busan,6,June,22.3,7.9,75.5
Q16520,Busan,7,July,25.8,7.2,88.6
Q16520,Busan,8,August,27.5,4.3,82.5
Q16520,Busan,9,September,25.0,8.1,82.0
Q16520,Busan,10,October,17.8,8.3,78.3
Q16520,Busan,11,November,10.9,3.4,73.4
Q16520,Busan,12,December,2.1,0.0,61.9
Q85,Cairo,1,January,15.0,0.1,58.9
Q85,Cairo,2,February,15.8,0.2,58.4
Q85,Cairo,3,March,19.1,0.1,49.1
Q85,Cairo,4,April,24.1,0.0,45.5
Q85,Cairo,5,May,27.2,0.0,37.0
Q85,Cairo,6,June,32.5,0.0,36.2
Q85,Cairo,7,July,32.8,0.0,40.9
Q85,Cairo,8,August,32.1,0.0,43.8
Q85,Cairo,9,September,29.9,0.0,47.3
Q85,Cairo,10,October,24.9,0.0,52.6
Q85,Cairo,11,November,20.3,0.0,56.1
Q85,Cairo,12,December,16.5,0.0,57.5
Q36312,Calgary,1,January,-10.3,0.7,75.0
Q36312,Calgary,2,February,-4.9,0.9,74.5
Q36312,Calgary,3,March,-5.3,1.4,74.0
Q36312,Calgary,4,April,3.9,1.7,59.1
Q36312,Calgary,5,May,8.6,2.7,63.7
Q36312,Calgary,6,June,12.9,3.7,56.9
Q36312,Calgary,7,July,20.1,0.9,56.6
Q36312,Calgary,8,August,16.6,2.4,64.5
Q36312,Calgary,9,September,14.1,1.7,60.7
Q36312,Calgary,10,October,6.5,0.5,59.2
Q36312,Calgary,11,November,-4.8,1.2,75.4
Q36312,Calgary,12,December,-4.1,0.3,79.1
Q424,Cambodia,1,January,27.1,0.0,60.3
Q424,Cambodia,2,February,29.2,0.2,60.2
Q424,Cambodia,3,March,30.7,0.4,58.0
Q424,Cambodia,4,April,32.8,0.1,55.5
Q424,Cambodia,5,May,30.1,7.4,75.0
Q424,Cambodia,6,June,28.9,6.0,78.5
Q424,Cambodia,7,July,27.2,12.6,86.3
Q424,Cambodia,8,August,28.0,8.6,84.2
Q424,Cambodia,9,September,27.2,15.6,87.0
Q424,Cambodia,10,October,26.9,9.8,85.0
Q424,Cambodia,11,November,27.3,3.0,75.6
Q424,Cambodia,12,December,26.4,1.4,67.6
Q350,Cambridge,1,January,4.8,1.9,81.8
Q350,Cambridge,2,February,8.2,3.7,85.4
Q350,Cambridge,3,March,8.3,1.7,80.7
Q350,Cambridge,4,April,9.7,2.7,75.8
Q350,Cambridge,5,May,13.7,2.8,81.5
Q350,Cambridge,6,June,14.9,1.1,71.8
Q350,Cambridge,7,July,17.2,2.5,73.5
Q350,Cambridge,8,August,18.6,1.2,68.2
Q350,Cambridge,9,September,15.0,4.3,78.4
Q350,Cambridge,10,October,11.8,2.7,84.3
Q350,Cambridge,11,November,7.6,1.6,86.5
Q350,Cambridge,12,December,7.4,1.8,86.1
Q1009,Cameroon,1,January,23.3,0.0,49.7
Q1009,Cameroon,2,February,25.6,0.3,53.8
Q1009,Cameroon,3,March,26.1,1.5,72.5
Q1009,Cameroon,4,April,25.0,4.7,81.9
Q1009,Cameroon,5,May,25.2,2.7,82.2
Q1009,Cameroon,6,June,23.7,6.4,84.7
Q1009,Cameroon,7,July,23.4,5.2,83.4
Q1009,Cameroon,8,August,23.4,3.4,81.6
Q1009,Cameroon,9,September,22.8,9.1,88.5
Q1009,Cameroon,10,October,23.0,10.9,88.1
Q1009,Cameroon,11,November,24.1,0.4,68.1
Q1009,Cameroon,12,December,23.4,0.0,53.9
Q16,Canada,1,January,-16.2,0.3,75.7
Q16,Canada,2,February,-9.0,0.3,71.5
Q16,Canada,3,March,-9.1,1.0,67.7
Q16,Canada,4,April,3.6,0.8,64.0
Q16,Canada,5,May,8.3,3.2,71.5
Q16,Canada,6,June,11.9,3.4,72.9
Q16,Canada,7,July,21.0,1.2,68.5
Q16,Canada,8,August,17.5,0.8,71.2
Q16,Canada,9,September,13.9,1.6,74.3
Q16,Canada,10,October,3.8,1.4,75.6
Q16,Canada,11,November,-6.4,0.7,80.1
Q16,Canada,12,December,-12.4,0.8,81.0
Q3114,Canberra,1,January,19.7,3.4,74.5
Q3114,Canberra,2,February,19.8,1.8,72.7
Q3114,Canberra,3,March,18.0,0.7,69.3
Q3114,Canberra,4,April,12.2,1.8,77.4
Q3114,Canberra,5,May,9.2,1.5,81.4
Q3114,Canberra,6,June,5.5,1.7,84.4
Q3114,Canberra,7,July,5.5,1.4,84.2
Q3114,Canberra,8,August,8.3,0.8,81.3
Q3114,Canberra,9,September,10.1,0.9,67.6
Q3114,Canberra,10,October,13.4,0.8,67.5
Q3114,Canberra,11,November,18.8,2.9,63.3
Q3114,Canberra,12,December,20.5,1.9,60.1
Q39984,Cannes,1,January,9.6,2.2,69.6
Q39984,Cannes,2,February,11.0,7.1,75.2
Q39984,Cannes,3,March,12.1,9.3,73.7
Q39984,Cannes,4,April,14.7,1.9,66.8
Q39984,Cannes,5,May,17.4,2.3,72.6
Q39984,Cannes,6,June,21.1,2.3,74.1
Q39984,Cannes,7,July,25.9,0.2,64.1
Q39984,Cannes,8,August,27.2,0.3,62.0
Q39984,Cannes,9,September,20.6,4.9,64.1
Q39984,Cannes,10,October,18.1,8.9,78.5
Q39984,Cannes,11,November,13.3,1.1,70.3
Q39984,Cannes,12,December,9.5,0.3,61.9
Q5465,Cape Town,1,January,22.1,0.1,68.5
Q5465,Cape Town,2,February,21.3,0.4,66.7
Q5465,Cape Town,3,March,19.9,0.8,73.6
Q5465,Cape Town,4,April,17.1,1.3,78.2
Q5465,Cape Town,5,May,15.6,0.7,81.5
Q5465,Cape Town,6,June,14.5,2.5,79.8
Q5465,Cape Town,7,July,12.0,10.2,83.3
Q5465,Cape Town,8,August,12.2,4.5,78.1
Q5465,Cape Town,9,September,13.6,0.9,74.6
Q5465,Cape Town,10,October,17.7,0.4,68.9
Q5465,Cape Town,11,November,18.5,0.5,69.7
Q5465,Cape Town,12,December,19.7,0.9,71.1
Q1011,Cape Verde,1,January,23.4,0.1,73.5
Q1011,Cape Verde,2,February,23.5,0.1,72.5
Q1011,Cape Verde,3,March,22.4,0.0,70.7
Q1011,Cape Verde,4,April,23.2,0.1,73.6
Q1011,Cape Verde,5,May,23.4,0.0,76.3
Q1011,Cape Verde,6,June,23.7,0.1,75.4
Q1011,Cape Verde,7,July,24.6,1.0,81.7
Q1011,Cape Verde,8,August,26.0,2.5,81.3
Q1011,Cape Verde,9,September,26.1,4.9,82.2
Q1011,Cape Verde,10,October,26.3,0.8,79.6
Q1011,Cape Verde,11,November,25.3,0.1,77.2
Q1011,Cape Verde,12,December,24.1,0.0,69.3
Q1533,Caracas,1,January,21.6,1.2,77.2
Q1533,Caracas,2,February,21.8,2.5,78.0
Q1533,Caracas,3,March,22.5,1.6,74.3
Q1533,Caracas,4,April,22.9,5.2,80.0
Q1533,Caracas,5,May,23.8,3.0,78.5
Q1533,Caracas,6,June,23.4,3.0,79.3
Q1533,Caracas,7,July,23.0,2.3,78.7
Q1533,Caracas,8,August,23.2,2.9,76.5
Q1533,Caracas,9,September,23.9,2.8,75.7
Q1533,Caracas,10,October,22.6,4.0,83.8
Q1533,Caracas,11,November,21.8,5.2,87.8
Q1533,Caracas,12,December,21.0,1.7,86.6
Q10690,Cardiff,1,January,5.2,2.8,84.2
Q10690,Cardiff,2,February,8.3,7.3,89.6
Q10690,Cardiff,3,March,8.0,5.2,84.7
Q10690,Cardiff,4,April,9.7,5.0,79.8
Q10690,Cardiff,5,May,13.6,4.1,79.9
Q10690,Cardiff,6,June,14.5,1.6,75.2
Q10690,Cardiff,7,July,16.2,2.9,80.5
Q10690,Cardiff,8,August,16.9,2.6,80.1
Q10690,Cardiff,9,September,14.1,6.5,83.6
Q10690,Cardiff,10,October,12.1,5.2,86.7
Q10690,Cardiff,11,November,8.6,3.5,88.5
Q10690,Cardiff,12,December,7.9,3.3,87.1
Q40881,Carson City,1,January,2.6,1.7,73.9
Q40881,Carson City,2,February,1.3,2.7,75.7
Q40881,Carson City,3,March,3.5,3.8,68.6
Q40881,Carson City,4,April,9.3,0.5,57.7
Q40881,Carson City,5,May,14.9,0.5,39.7
Q40881,Carson City,6,June,22.5,0.1,34.0
Q40881,Carson City,7,July,26.7,0.0,29.0
Q40881,Carson City,8,August,22.4,0.1,35.9
Q40881,Carson City,9,September,19.7,0.5,39.1
Q40881,Carson City,10,October,14.1,0.5,46.5
Q40881,Carson City,11,November,4.3,1.6,61.2
Q40881,Carson City,12,December,3.2,1.6,67.8
Q7903,Casablanca,1,January,15.1,1.1,70.9
Q7903,Casablanca,2,February,15.6,1.3,79.0
Q7903,Casablanca,3,March,15.9,3.2,77.3
Q7903,Casablanca,4,April,18.0,0.5,70.7
Q7903,Casablanca,5,May,18.8,0.3,76.3
Q7903,Casablanca,6,June,21.0,0.6,76.0
Q7903,Casablanca,7,July,23.1,0.0,78.4
Q7903,Casablanca,8,August,23.8,0.2,79.9
Q7903,Casablanca,9,September,22.0,0.2,80.2
Q7903,Casablanca,10,October,20.6,2.0,80.8
Q7903,Casablanca,11,November,19.2,0.8,74.4
Q7903,Casablanca,12,December,15.1,0.5,74.6
Q41699,Castries,1,January,25.9,2.8,74.2
Q41699,Castries,2,February,26.4,1.4,72.1
Q41699,Castries,3,March,26.8,1.4,70.0
Q41699,Castries,4,April,27.6,1.0,68.2
Q41699,Castries,5,May,28.5,0.9,71.2
Q41699,Castries,6,June,28.1,3.4,74.5
Q41699,Castries,7,July,27.7,4.0,77.4
Q41699,Castries,8,August,27.6,3.8,77.7
Q41699,Castries,9,September,27.9,3.4,77.4
Q41699,Castries,10,October,28.6,1.4,71.1
Q41699,Castries,11,November,27.2,4.6,79.0
Q41699,Castries,12,December,26.2,1.8,74.3
Q1903,Catania,1,January,12.2,1.7,71.0
Q1903,Catania,2,February,12.6,2.2,69.8
Q1903,Catania,3,March,14.6,0.5,70.3
Q1903,Catania,4,April,16.7,0.7,63.2
Q1903,Catania,5,May,19.7,1.9,70.2
Q1903,Catania,6,June,25.2,0.0,59.5
Q1903,Catania,7,July,28.8,0.1,53.6
Q1903,Catania,8,August,29.1,0.2,55.8
Q1903,Catania,9,September,24.5,1.8,64.7
Q1903,Catania,10,October,21.4,2.8,70.9
Q1903,Catania,11,November,16.3,3.5,74.5
Q1903,Catania,12,December,12.0,1.0,73.5
Q44401,Cayenne,1,January,26.4,6.9,80.2
Q44401,Cayenne,2,February,26.8,4.3,77.5
Q44401,Cayenne,3,March,27.0,6.0,79.8
Q44401,Cayenne,4,April,26.6,13.9,85.1
Q44401,Cayenne,5,May,26.0,21.9,91.3
Q44401,Cayenne,6,June,25.8,16.2,90.1
Q44401,Cayenne,7,July,25.9,13.4,87.6
Q44401,Cayenne,8,August,26.5,5.4,84.3
Q44401,Cayenne,9,September,27.5,1.8,79.5
Q44401,Cayenne,10,October,27.6,3.9,79.1
Q44401,Cayenne,11,November,26.8,6.2,83.9
Q44401,Cayenne,12,December,25.8,13.9,86.0
Q929,Central African Republic,1,January,26.8,0.0,28.6
Q929,Central African Republic,2,February,30.0,0.0,26.2
Q929,Central African Republic,3,March,30.6,1.7,42.4
Q929,Central African Republic,4,April,28.8,1.6,58.8
Q929,Central African Republic,5,May,28.4,2.1,62.0
Q929,Central African Republic,6,June,25.1,7.1,79.7
Q929,Central African Republic,7,July,24.0,9.2,85.3
Q929,Central African Republic,8,August,23.9,6.6,85.2
Q929,Central African Republic,9,September,24.3,5.4,82.7
Q929,Central African Republic,10,October,24.7,5.3,77.2
Q929,Central African Republic,11,November,25.7,0.1,57.5
Q929,Central African Republic,12,December,26.6,0.0,35.2
Q5823,Ceuta,1,January,15.2,2.4,77.8
Q5823,Ceuta,2,February,15.4,2.8,78.6
Q5823,Ceuta,3,March,15.2,7.8,80.3
Q5823,Ceuta,4,April,17.0,0.8,75.9
Q5823,Ceuta,5,May,18.3,0.5,76.0
Q5823,Ceuta,6,June,20.8,0.9,76.2
Q5823,Ceuta,7,July,23.5,0.0,75.4
Q5823,Ceuta,8,August,24.6,0.3,80.2
Q5823,Ceuta,9,September,21.7,2.6,81.2
Q5823,Ceuta,10,October,19.5,3.3,84.7
Q5823,Ceuta,11,November,17.7,0.9,87.0
Q5823,Ceuta,12,December,15.0,0.5,76.5
Q657,Chad,1,January,21.2,0.0,18.1
Q657,Chad,2,February,24.0,0.0,16.5
Q657,Chad,3,March,30.9,0.0,9.8
Q657,Chad,4,April,33.5,0.0,9.3
Q657,Chad,5,May,35.8,0.0,12.5
Q657,Chad,6,June,35.5,0.0,25.1
Q657,Chad,7,July,31.9,1.1,46.8
Q657,Chad,8,August,26.3,5.4,82.1
Q657,Chad,9,September,29.0,1.5,62.1
Q657,Chad,10,October,30.6,0.0,21.7
Q657,Chad,11,November,23.5,0.0,25.2
Q657,Chad,12,December,21.3,0.0,24.6
Q16565,Charlotte,1,January,5.5,4.2,72.3
Q16565,Charlotte,2,February,8.2,2.1,67.6
Q16565,Charlotte,3,March,12.0,5.0,69.1
Q16565,Charlotte,4,April,16.9,1.9,61.6
Q16565,Charlotte,5,May,21.3,3.0,72.2
Q16565,Charlotte,6,June,25.6,1.0,62.0
Q16565,Charlotte,7,July,26.7,4.3,71.4
Q16565,Charlotte,8,August,24.8,5.4,70.8
Q16565,Charlotte,9,September,21.7,8.2,76.7
Q16565,Charlotte,10,October,16.5,0.1,68.8
Q16565,Charlotte,11,November,12.6,2.4,73.9
Q16565,Charlotte,12,December,6.5,3.2,70.3
Q906,Chelyabinsk,1,January,-16.0,0.8,77.2
Q906,Chelyabinsk,2,February,-12.8,0.8,74.7
Q906,Chelyabinsk,3,March,-3.9,0.5,77.0
Q906,Chelyabinsk,4,April,8.0,1.9,71.1
Q906,Chelyabinsk,5,May,8.8,1.8,59.6
Q906,Chelyabinsk,6,June,19.4,3.9,67.9
Q906,Chelyabinsk,7,July,19.3,6.3,74.0
Q906,Chelyabinsk,8,August,16.0,2.2,77.1
Q906,Chelyabinsk,9,September,12.2,0.8,70.7
Q906,Chelyabinsk,10,October,2.9,1.4,73.3
Q906,Chelyabinsk,11,November,-2.9,0.8,78.5
Q906,Chelyabinsk,12,December,-6.8,0.9,83.7
Q30002,Chengdu,1,January,7.7,0.7,78.0
Q30002,Chengdu,2,February,8.2,0.4,69.1
Q30002,Chengdu,3,March,14.5,1.8,68.4
Q30002,Chengdu,4,April,20.0,3.9,72.9
Q30002,Chengdu,5,May,23.4,2.3,66.6
Q30002,Chengdu,6,June,25.6,1.4,67.6
Q30002,Chengdu,7,July,26.5,9.0,82.8
Q30002,Chengdu,8,August,29.3,2.7,69.0
Q30002,Chengdu,9,September,26.4,7.6,74.3
Q30002,Chengdu,10,October,18.2,2.2,80.2
Q30002,Chengdu,11,November,13.6,0.6,80.8
Q30002,Chengdu,12,December,7.5,0.6,75.9
Q1352,Chennai,1,January,25.6,1.7,76.7
Q1352,Chennai,2,February,26.8,0.2,77.0
Q1352,Chennai,3,March,28.2,0.2,75.3
Q1352,Chennai,4,April,30.3,0.0,76.1
Q1352,Chennai,5,May,31.1,6.1,73.4
Q1352,Chennai,6,June,30.4,5.5,69.7
Q1352,Chennai,7,July,29.8,2.6,67.4
Q1352,Chennai,8,August,28.9,4.7,75.8
Q1352,Chennai,9,September,29.3,4.0,73.2
Q1352,Chennai,10,October,27.6,8.1,81.8
Q1352,Chennai,11,November,26.4,13.2,80.9
Q1352,Chennai,12,December,25.9,6.4,83.2
Q39042,Cheyenne,1,January,-4.6,0.6,61.9
Q39042,Cheyenne,2,February,0.1,0.9,56.2
Q39042,Cheyenne,3,March,2.0,1.3,54.9
Q39042,Cheyenne,4,April,7.2,1.4,47.8
Q39042,Cheyenne,5,May,10.9,1.9,48.0
Q39042,Cheyenne,6,June,20.2,1.6,44.8
Q39042,Cheyenne,7,July,22.2,1.0,34.7
Q39042,Cheyenne,8,August,21.2,1.5,46.3
Q39042,Cheyenne,9,September,18.5,0.5,34.4
Q39042,Cheyenne,10,October,12.2,0.2,39.7
Q39042,Cheyenne,11,November,2.4,0.7,48.8
Q39042,Cheyenne,12,December,2.5,0.1,43.6
Q1297,Chicago,1,January,-3.6,3.5,80.3
Q1297,Chicago,2,February,2.4,0.6,71.6
Q1297,Chicago,3,March,5.3,3.8,71.1
Q1297,Chicago,4,April,10.3,3.7,72.2
Q1297,Chicago,5,May,16.4,3.2,75.3
Q1297,Chicago,6,June,22.4,2.4,67.6
Q1297,Chicago,7,July,22.6,5.5,76.7
Q1297,Chicago,8,August,22.8,2.3,71.3
Q1297,Chicago,9,September,20.4,2.2,68.1
Q1297,Chicago,10,October,14.6,1.7,62.0
Q1297,Chicago,11,November,7.7,3.2,77.9
Q1297,Chicago,12,December,0.0,1.6,76.0
Q298,Chile,1,January,21.2,0.0,54.7
Q298,Chile,2,February,22.0,0.1,57.2
Q298,Chile,3,March,20.6,0.0,52.6
Q298,Chile,4,April,15.9,0.5,59.2
Q298,Chile,5,May,10.0,5.0,67.7
Q298,Chile,6,June,10.9,8.1,71.7
Q298,Chile,7,July,10.6,0.1,63.2
Q298,Chile,8,August,9.6,3.7,74.5
Q298,Chile,9,September,12.9,0.3,70.7
Q298,Chile,10,October,15.3,0.7,73.2
Q298,Chile,11,November,17.9,0.0,54.5
Q298,Chile,12,December,19.0,0.0,55.5
Q21197,Chișinău,1,January,-0.4,2.1,80.4
Q21197,Chișinău,2,February,6.1,0.5,77.9
Q21197,Chișinău,3,March,6.2,2.0,75.0
Q21197,Chișinău,4,April,14.4,1.7,62.6
Q21197,Chișinău,5,May,16.3,0.9,55.6
Q21197,Chișinău,6,June,22.9,2.4,64.0
Q21197,Chișinău,7,July,25.7,1.5,55.4
Q21197,Chișinău,8,August,24.7,0.6,51.8
Q21197,Chișinău,9,September,19.3,3.5,65.4
Q21197,Chișinău,10,October,11.6,1.7,78.5
Q21197,Chișinău,11,November,4.0,1.0,77.5
Q21197,Chișinău,12,December,2.3,1.2,83.8
Q376749,Chittagong,1,January,18.2,0.4,77.8
Q376749,Chittagong,2,February,21.9,0.1,67.3
Q376749,Chittagong,3,March,25.4,0.6,65.7
Q376749,Chittagong,4,April,30.1,1.1,70.5
Q376749,Chittagong,5,May,29.1,8.8,80.4
Q376749,Chittagong,6,June,28.2,10.6,86.0
Q376749,Chittagong,7,July,27.4,10.4,88.1
Q376749,Chittagong,8,August,26.4,27.4,90.9
Q376749,Chittagong,9,September,27.6,15.2,88.7
Q376749,Chittagong,10,October,27.4,3.7,84.9
Q376749,Chittagong,11,November,25.1,0.2,75.4
Q376749,Chittagong,12,December,21.2,0.0,73.0
Q11725,Chongqing,1,January,9.6,1.9,81.5
Q11725,Chongqing,2,February,9.7,0.5,74.9
Q11725,Chongqing,3,March,15.5,1.6,75.5
Q11725,Chongqing,4,April,20.5,10.0,82.1
Q11725,Chongqing,5,May,22.6,6.0,81.1
Q11725,Chongqing,6,June,24.8,5.7,83.3
Q11725,Chongqing,7,July,29.0,7.9,79.0
Q11725,Chongqing,8,August,31.7,1.9,62.0
Q11725,Chongqing,9,September,31.0,2.4,56.1
Q11725,Chongqing,10,October,19.1,4.8,80.4
Q11725,Chongqing,11,November,14.9,3.1,86.7
Q11725,Chongqing,12,December,8.8,1.1,81.2
Q79990,Christchurch,1,January,18.0,1.5,68.1
Q79990,Christchurch,2,February,16.9,1.0,67.9
Q79990,Christchurch,3,March,14.0,1.0,66.1
Q79990,Christchurch,4,April,12.7,0.6,75.1
Q79990,Christchurch,5,May,8.2,1.0,79.0
Q79990,Christchurch,6,June,8.9,1.9,83.4
Q79990,Christchurch,7,July,7.6,1.3,84.0
Q79990,Christchurch,8,August,8.3,2.1,78.8
Q79990,Christchurch,9,September,10.1,1.8,72.9
Q79990,Christchurch,10,October,12.0,2.6,73.3
Q79990,Christchurch,11,November,14.2,1.0,68.7
Q79990,Christchurch,12,December,16.9,2.4,69.5
Q43196,Cincinnati,1,January,-0.5,4.3,73.6
Q43196,Cincinnati,2,February,5.0,1.5,67.8
Q43196,Cincinnati,3,March,8.9,2.6,65.8
Q43196,Cincinnati,4,April,14.0,4.6,68.4
Q43196,Cincinnati,5,May,19.9,3.7,73.6
Q43196,Cincinnati,6,June,23.8,2.0,64.0
Q43196,Cincinnati,7,July,24.5,2.7,69.1
Q43196,Cincinnati,8,August,23.9,2.4,68.0
Q43196,Cincinnati,9,September,21.7,4.5,63.5
Q43196,Cincinnati,10,October,15.0,0.3,65.0
Q43196,Cincinnati,11,November,9.7,4.0,76.3
Q43196,Cincinnati,12,December,3.3,3.9,74.6
Q42168,Clermont-Ferrand,1,January,3.9,1.4,79.7
Q42168,Clermont-Ferrand,2,February,7.0,2.0,80.6
Q42168,Clermont-Ferrand,3,March,8.7,3.4,73.7
Q42168,Clermont-Ferrand,4,April,10.3,2.2,69.2
Q42168,Clermont-Ferrand,5,May,12.9,5.1,77.6
Q42168,Clermont-Ferrand,6,June,16.9,5.4,77.9
Q42168,Clermont-Ferrand,7,July,19.8,2.3,73.5
Q42168,Clermont-Ferrand,8,August,20.4,1.8,70.4
Q42168,Clermont-Ferrand,9,September,14.5,4.4,76.3
Q42168,Clermont-Ferrand,10,October,13.9,2.1,81.1
Q42168,Clermont-Ferrand,11,November,8.5,2.5,83.7
Q42168,Clermont-Ferrand,12,December,4.0,1.8,79.5
Q37320,Cleveland,1,January,-0.8,3.6,79.3
Q37320,Cleveland,2,February,1.5,1.0,76.5
Q37320,Cleveland,3,March,4.4,2.3,75.1
Q37320,Cleveland,4,April,9.6,4.3,75.8
Q37320,Cleveland,5,May,16.1,3.1,77.8
Q37320,Cleveland,6,June,21.0,3.8,75.2
Q37320,Cleveland,7,July,22.8,2.7,76.5
Q37320,Cleveland,8,August,22.2,4.9,78.2
Q37320,Cleveland,9,September,20.2,2.5,76.7
Q37320,Cleveland,10,October,14.6,2.7,70.2
Q37320,Cleveland,11,November,9.2,3.3,75.6
Q37320,Cleveland,12,December,1.8,4.3,81.1
Q100188,Cluj-Napoca,1,January,0.2,0.9,78.4
Q100188,Cluj-Napoca,2,February,6.1,0.8,77.3
Q100188,Cluj-Napoca,3,March,7.6,1.9,76.1
Q100188,Cluj-Napoca,4,April,12.3,1.8,69.3
Q100188,Cluj-Napoca,5,May,15.6,1.6,68.2
Q100188,Cluj-Napoca,6,June,21.2,3.4,72.7
Q100188,Cluj-Napoca,7,July,23.2,1.4,66.5
Q100188,Cluj-Napoca,8,August,23.5,1.7,58.8
Q100188,Cluj-Napoca,9,September,17.7,2.1,64.0
Q100188,Cluj-Napoca,10,October,9.8,0.9,78.0
Q100188,Cluj-Napoca,11,November,2.5,1.3,83.3
Q100188,Cluj-Napoca,12,December,1.2,0.8,87.5
Q365,Cologne,1,January,3.0,2.5,79.7
Q365,Cologne,2,February,8.0,3.7,82.9
Q365,Cologne,3,March,9.1,2.7,76.7
Q365,Cologne,4,April,10.8,3.2,75.2
Q365,Cologne,5,May,15.4,5.0,79.6
Q365,Cologne,6,June,16.6,4.1,75.2
Q365,Cologne,7,July,19.0,2.5,74.4
Q365,Cologne,8,August,20.7,2.3,73.2
Q365,Cologne,9,September,16.4,3.8,77.6
Q365,Cologne,10,October,12.5,3.0,84.7
Q365,Cologne,11,November,7.2,2.4,84.8
Q365,Cologne,12,December,4.7,2.4,86.0
Q739,Colombia,1,January,28.4,0.8,61.1
Q739,Colombia,2,February,27.7,4.7,71.1
Q739,Colombia,3,March,28.2,8.1,73.1
Q739,Colombia,4,April,27.1,11.0,78.8
Q739,Colombia,5,May,26.1,13.6,86.1
Q739,Colombia,6,June,25.6,10.2,84.7
Q739,Colombia,7,July,25.2,5.2,82.6
Q739,Colombia,8,August,25.9,3.4,79.3
Q739,Colombia,9,September,27.1,2.6,76.4
Q739,Colombia,10,October,27.1,5.3,79.1
Q739,Colombia,11,November,26.0,9.4,84.9
Q739,Colombia,12,December,26.3,4.8,79.2
Q35381,Colombo,1,January,26.0,4.5,83.5
Q35381,Colombo,2,February,27.5,1.3,77.1
Q35381,Colombo,3,March,28.0,2.6,77.3
Q35381,Colombo,4,April,28.1,5.9,82.9
Q35381,Colombo,5,May,27.7,21.2,86.3
Q35381,Colombo,6,June,27.0,11.9,85.8
Q35381,Colombo,7,July,27.1,10.2,85.6
Q35381,Colombo,8,August,26.7,10.8,85.1
Q35381,Colombo,9,September,27.0,10.3,84.3
Q35381,Colombo,10,October,26.2,13.2,87.3
Q35381,Colombo,11,November,25.7,11.8,87.8
Q35381,Colombo,12,December,26.6,4.2,80.8
Q38453,Columbia,1,January,7.9,3.4,70.2
Q38453,Columbia,2,February,10.1,2.1,64.6
Q38453,Columbia,3,March,14.5,4.8,67.3
Q38453,Columbia,4,April,18.4,1.2,62.4
Q38453,Columbia,5,May,22.6,2.8,72.9
Q38453,Columbia,6,June,26.5,0.7,64.6
Q38453,Columbia,7,July,27.6,7.1,73.7
Q38453,Columbia,8,August,25.3,6.2,78.7
Q38453,Columbia,9,September,23.3,3.1,76.4
Q38453,Columbia,10,October,18.0,0.0,69.2
Q38453,Columbia,11,November,15.0,3.7,74.7
Q38453,Columbia,12,December,8.8,2.5,70.5
Q16567,Columbus,1,January,-0.6,4.1,72.7
Q16567,Columbus,2,February,3.3,1.3,70.6
Q16567,Columbus,3,March,7.5,2.7,68.2
Q16567,Columbus,4,April,13.1,5.2,67.6
Q16567,Columbus,5,May,19.0,4.2,74.1
Q16567,Columbus,6,June,22.7,2.6,66.3
Q16567,Columbus,7,July,24.0,2.0,68.5
Q16567,Columbus,8,August,23.3,3.2,68.8
Q16567,Columbus,9,September,21.0,3.4,63.9
Q16567,Columbus,10,October,13.8,0.7,67.4
Q16567,Columbus,11,November,8.9,3.0,75.3
Q16567,Columbus,12,December,2.5,3.1,74.4
Q970,Comoros,1,January,23.3,12.9,83.4
Q970,Comoros,2,February,23.9,5.8,84.1
Q970,Comoros,3,March,24.3,4.6,81.3
Q970,Comoros,4,April,24.1,6.0,82.1
Q970,Comoros,5,May,23.4,2.9,74.1
Q970,Comoros,6,June,22.4,0.8,70.4
Q970,Comoros,7,July,21.6,0.3,68.5
Q970,Comoros,8,August,21.4,1.2,70.4
Q970,Comoros,9,September,21.5,1.8,75.5
Q970,Comoros,10,October,22.3,3.1,77.3
Q970,Comoros,11,November,23.3,2.9,78.5
Q970,Comoros,12,December,23.9,3.3,75.5
Q3733,Conakry,1,January,27.5,0.0,75.7
Q3733,Conakry,2,February,27.9,0.0,76.8
Q3733,Conakry,3,March,27.9,0.0,73.9
Q3733,Conakry,4,April,27.7,0.1,73.4
Q3733,Conakry,5,May,28.2,5.7,83.0
Q3733,Conakry,6,June,26.7,9.9,84.8
Q3733,Conakry,7,July,25.3,31.8,88.6
Q3733,Conakry,8,August,25.3,35.3,88.4
Q3733,Conakry,9,September,25.3,29.9,88.8
Q3733,Conakry,10,October,26.0,10.5,87.4
Q3733,Conakry,11,November,27.8,1.7,80.6
Q3733,Conakry,12,December,28.1,0.0,63.9
Q1880,Concepción,1,January,17.1,0.0,74.3
Q1880,Concepción,2,February,17.3,0.1,75.8
Q1880,Concepción,3,March,15.1,1.6,78.5
Q1880,Concepción,4,April,12.5,4.2,84.9
Q1880,Concepción,5,May,8.7,3.8,86.8
Q1880,Concepción,6,June,10.2,19.3,87.5
Q1880,Concepción,7,July,7.2,1.6,82.7
Q1880,Concepción,8,August,8.3,6.9,85.6
Q1880,Concepción,9,September,9.8,4.1,83.8
Q1880,Concepción,10,October,12.3,1.5,84.4
Q1880,Concepción,11,November,13.8,0.8,77.8
Q1880,Concepción,12,December,15.5,0.1,72.7
Q28249,Concord,1,January,-2.8,5.1,72.1
Q28249,Concord,2,February,-0.8,0.7,62.6
Q28249,Concord,3,March,2.7,6.5,68.7
Q28249,Concord,4,April,7.1,3.5,69.4
Q28249,Concord,5,May,15.1,2.2,73.0
Q28249,Concord,6,June,20.8,3.9,66.7
Q28249,Concord,7,July,24.0,2.1,68.4
Q28249,Concord,8,August,20.0,4.6,80.6
Q28249,Concord,9,September,16.8,1.2,75.8
Q28249,Concord,10,October,10.6,1.3,72.6
Q28249,Concord,11,November,5.8,2.5,67.6
Q28249,Concord,12,December,-2.6,3.0,74.3
Q16869,Constantinople,1,January,7.4,3.6,76.8
Q16869,Constantinople,2,February,9.3,1.0,79.4
Q16869,Constantinople,3,March,9.6,2.3,80.1
Q16869,Constantinople,4,April,15.3,2.2,72.9
Q16869,Constantinople,5,May,15.7,2.7,77.1
Q16869,Constantinople,6,June,24.5,0.3,65.2
Q16869,Constantinople,7,July,26.2,1.2,70.0
Q16869,Constantinople,8,August,25.1,0.5,68.2
Q16869,Constantinople,9,September,21.8,3.1,75.2
Q16869,Constantinople,10,October,16.4,0.3,74.4
Q16869,Constantinople,11,November,11.3,2.5,75.3
Q16869,Constantinople,12,December,9.2,4.7,82.4
Q26988,Cook Islands,1,January,24.1,2.4,81.0
Q26988,Cook Islands,2,February,24.8,12.3,81.1
Q26988,Cook Islands,3,March,25.4,4.1,78.6
Q26988,Cook Islands,4,April,24.6,7.2,78.2
Q26988,Cook Islands,5,May,24.0,2.7,79.5
Q26988,Cook Islands,6,June,21.9,1.2,69.9
Q26988,Cook Islands,7,July,21.5,4.0,72.1
Q26988,Cook Islands,8,August,20.7,1.4,70.5
Q26988,Cook Islands,9,September,21.4,4.0,79.1
Q26988,Cook Islands,10,October,21.1,1.8,73.8
Q26988,Cook Islands,11,November,21.6,3.8,74.6
Q26988,Cook Islands,12,December,23.4,6.3,83.9
Q1748,Copenhagen,1,January,0.8,2.4,85.5
Q1748,Copenhagen,2,February,4.0,3.1,88.3
Q1748,Copenhagen,3,March,4.8,1.0,85.8
Q1748,Copenhagen,4,April,7.2,2.7,81.5
Q1748,Copenhagen,5,May,13.8,0.8,77.3
Q1748,Copenhagen,6,June,15.4,1.9,75.9
Q1748,Copenhagen,7,July,17.2,2.7,77.9
Q1748,Copenhagen,8,August,18.1,1.9,75.3
Q1748,Copenhagen,9,September,16.0,2.3,77.8
Q1748,Copenhagen,10,October,11.4,1.6,82.3
Q1748,Copenhagen,11,November,6.8,1.3,84.1
Q1748,Copenhagen,12,December,5.3,1.4,87.6
Q800,Costa Rica,1,January,18.3,1.9,90.4
Q800,Costa Rica,2,February,18.0,4.6,88.7
Q800,Costa Rica,3,March,19.2,1.7,84.9
Q800,Costa Rica,4,April,19.0,6.6,84.5
Q800,Costa Rica,5,May,20.1,11.4,86.7
Q800,Costa Rica,6,June,19.3,16.3,92.4
Q800,Costa Rica,7,July,19.2,15.3,92.6
Q800,Costa Rica,8,August,19.0,13.6,90.9
Q800,Costa Rica,9,September,19.1,16.3,91.7
Q800,Costa Rica,10,October,18.7,18.4,93.2
Q800,Costa Rica,11,November,18.1,21.2,94.6
Q800,Costa Rica,12,December,18.0,11.5,91.9
Q224,Croatia,1,January,2.2,3.1,81.3
Q224,Croatia,2,February,7.5,1.4,78.7
Q224,Croatia,3,March,9.3,4.1,77.6
Q224,Croatia,4,April,12.3,1.4,71.8
Q224,Croatia,5,May,16.0,3.7,78.7
Q224,Croatia,6,June,20.7,3.4,73.4
Q224,Croatia,7,July,24.0,1.3,68.0
Q224,Croatia,8,August,24.2,3.2,68.7
Q224,Croatia,9,September,17.0,5.8,80.5
Q224,Croatia,10,October,13.1,4.1,86.5
Q224,Croatia,11,November,5.5,2.7,85.4
Q224,Croatia,12,December,2.1,2.9,82.6
Q241,Cuba,1,January,22.3,0.8,81.6
Q241,Cuba,2,February,20.7,1.0,76.0
Q241,Cuba,3,March,24.3,1.1,75.4
Q241,Cuba,4,April,24.4,1.1,71.6
Q241,Cuba,5,May,27.1,2.1,73.5
Q241,Cuba,6,June,26.3,7.4,84.5
Q241,Cuba,7,July,27.4,3.5,79.7
Q241,Cuba,8,August,26.9,6.1,83.1
Q241,Cuba,9,September,26.6,5.6,84.9
Q241,Cuba,10,October,25.3,5.1,85.4
Q241,Cuba,11,November,23.5,3.2,83.9
Q241,Cuba,12,December,22.3,1.2,82.5
Q25279,Curaçao,1,January,27.3,1.3,71.9
Q25279,Curaçao,2,February,27.4,1.1,72.4
Q25279,Curaçao,3,March,27.7,0.3,70.0
Q25279,Curaçao,4,April,28.4,0.6,70.7
Q25279,Curaçao,5,May,28.9,1.2,75.6
Q25279,Curaçao,6,June,29.1,0.8,73.1
Q25279,Curaçao,7,July,29.1,0.8,72.2
Q25279,Curaçao,8,August,29.5,1.0,71.1
Q25279,Curaçao,9,September,30.1,0.7,71.9
Q25279,Curaçao,10,October,29.9,0.7,68.7
Q25279,Curaçao,11,November,28.2,3.2,76.7
Q25279,Curaçao,12,December,27.9,1.2,70.6
Q4361,Curitiba,1,January,20.9,5.1,82.1
Q4361,Curitiba,2,February,21.4,4.3,85.0
Q4361,Curitiba,3,March,20.9,3.4,85.2
Q4361,Curitiba,4,April,19.6,2.9,84.4
Q4361,Curitiba,5,May,17.6,5.5,80.1
Q4361,Curitiba,6,June,16.3,1.4,76.4
Q4361,Curitiba,7,July,13.5,4.4,83.3
Q4361,Curitiba,8,August,14.6,2.0,74.7
Q4361,Curitiba,9,September,18.6,3.7,75.7
Q4361,Curitiba,10,October,18.0,3.9,84.3
Q4361,Curitiba,11,November,19.3,4.6,83.0
Q4361,Curitiba,12,December,19.6,9.4,83.9
Q229,Cyprus,1,January,10.1,3.0,77.5
Q229,Cyprus,2,February,10.1,1.0,69.9
Q229,Cyprus,3,March,12.7,0.2,59.3
Q229,Cyprus,4,April,18.5,1.5,51.8
Q229,Cyprus,5,May,19.9,0.6,52.8
Q229,Cyprus,6,June,27.9,0.1,42.2
Q229,Cyprus,7,July,28.2,0.3,44.8
Q229,Cyprus,8,August,27.1,0.1,48.0
Q229,Cyprus,9,September,23.1,0.9,58.3
Q229,Cyprus,10,October,18.6,0.1,58.3
Q229,Cyprus,11,November,13.8,1.0,65.7
Q229,Cyprus,12,December,10.6,1.5,76.3
Q213,Czech Republic,1,January,1.1,1.8,75.5
Q213,Czech Republic,2,February,6.9,2.3,81.1
Q213,Czech Republic,3,March,8.4,0.7,72.8
Q213,Czech Republic,4,April,11.7,1.3,65.0
Q213,Czech Republic,5,May,15.8,2.9,70.0
Q213,Czech Republic,6,June,19.6,2.0,66.1
Q213,Czech Republic,7,July,21.4,2.2,65.0
Q213,Czech Republic,8,August,22.0,3.7,67.6
Q213,Czech Republic,9,September,16.8,5.3,70.5
Q213,Czech Republic,10,October,11.2,1.4,81.6
Q213,Czech Republic,11,November,4.0,1.3,83.9
Q213,Czech Republic,12,December,1.9,1.3,83.5
Q3718,Dakar,1,January,24.8,0.0,61.6
Q3718,Dakar,2,February,24.6,0.0,60.0
Q3718,Dakar,3,March,21.2,0.0,75.2
Q3718,Dakar,4,April,22.4,0.0,73.5
Q3718,Dakar,5,May,23.9,0.0,77.4
Q3718,Dakar,6,June,24.8,0.2,82.4
Q3718,Dakar,7,July,26.9,0.8,81.4
Q3718,Dakar,8,August,27.4,3.7,81.6
Q3718,Dakar,9,September,27.3,4.7,80.8
Q3718,Dakar,10,October,28.1,0.8,78.8
Q3718,Dakar,11,November,27.8,0.0,68.5
Q3718,Dakar,12,December,25.4,0.3,59.1
Q16557,Dallas,1,January,5.3,3.1,65.6
Q16557,Dallas,2,February,13.4,2.4,65.3
Q16557,Dallas,3,March,16.1,4.4,70.3
Q16557,Dallas,4,April,19.7,6.5,71.2
Q16557,Dallas,5,May,24.1,8.5,77.3
Q16557,Dallas,6,June,28.0,2.8,68.6
Q16557,Dallas,7,July,28.9,2.9,64.1
Q16557,Dallas,8,August,31.2,0.6,52.7
Q16557,Dallas,9,September,25.9,2.1,61.1
Q16557,Dallas,10,October,24.0,0.2,46.9
Q16557,Dallas,11,November,15.7,4.5,69.8
Q16557,Dallas,12,December,11.7,4.4,74.5
Q3766,Damascus,1,January,9.9,1.4,73.0
Q3766,Damascus,2,February,9.9,0.7,66.3
Q3766,Damascus,3,March,13.6,0.1,52.5
Q3766,Damascus,4,April,20.7,0.6,41.1
Q3766,Damascus,5,May,22.1,0.0,40.3
Q3766,Damascus,6,June,31.2,0.0,23.3
Q3766,Damascus,7,July,30.2,0.0,32.9
Q3766,Damascus,8,August,29.1,0.0,38.2
Q3766,Damascus,9,September,25.7,0.0,45.5
Q3766,Damascus,10,October,21.0,0.0,36.9
Q3766,Damascus,11,November,14.7,0.3,57.0
Q3766,Damascus,12,December,10.8,0.4,53.2
Q25282,Da Nang,1,January,22.4,4.9,85.4
Q25282,Da Nang,2,February,23.6,1.1,87.1
Q25282,Da Nang,3,March,25.3,1.2,85.6
Q25282,Da Nang,4,April,28.9,0.1,79.1
Q25282,Da Nang,5,May,29.3,2.3,79.0
Q25282,Da Nang,6,June,30.5,4.6,74.7
Q25282,Da Nang,7,July,29.4,3.9,76.4
Q25282,Da Nang,8,August,30.8,1.1,70.7
Q25282,Da Nang,9,September,28.5,10.5,80.5
Q25282,Da Nang,10,October,25.8,17.0,84.8
Q25282,Da Nang,11,November,24.7,15.7,84.2
Q25282,Da Nang,12,December,22.5,9.8,85.5
Q1960,Dar es Salaam,1,January,27.6,6.5,83.0
Q1960,Dar es Salaam,2,February,28.4,2.8,79.4
Q1960,Dar es Salaam,3,March,27.5,5.7,82.5
Q1960,Dar es Salaam,4,April,25.6,16.6,86.8
Q1960,Dar es Salaam,5,May,26.0,5.6,78.3
Q1960,Dar es Salaam,6,June,25.4,1.7,73.0
Q1960,Dar es Salaam,7,July,25.0,0.6,74.3
Q1960,Dar es Salaam,8,August,25.4,0.7,71.8
Q1960,Dar es Salaam,9,September,25.5,0.8,75.0
Q1960,Dar es Salaam,10,October,26.4,2.2,76.5
Q1960,Dar es Salaam,11,November,27.6,2.6,75.8
Q1960,Dar es Salaam,12,December,27.4,3.6,78.6
Q2973,Darmstadt,1,January,1.9,2.6,80.5
Q2973,Darmstadt,2,February,7.7,3.2,82.4
Q2973,Darmstadt,3,March,8.6,2.1,78.3
Q2973,Darmstadt,4,April,10.8,2.7,72.4
Q2973,Darmstadt,5,May,15.5,4.0,76.1
Q2973,Darmstadt,6,June,17.8,2.9,71.8
Q2973,Darmstadt,7,July,20.0,3.6,71.5
Q2973,Darmstadt,8,August,21.5,1.5,69.5
Q2973,Darmstadt,9,September,16.6,2.9,75.0
Q2973,Darmstadt,10,October,12.1,2.9,85.1
Q2973,Darmstadt,11,November,6.0,2.1,85.9
Q2973,Darmstadt,12,December,3.1,1.3,86.7
Q11568,Darwin,1,January,28.1,24.2,82.0
Q11568,Darwin,2,February,28.5,9.5,81.2
Q11568,Darwin,3,March,28.1,11.5,83.2
Q11568,Darwin,4,April,28.5,1.3,65.0
Q11568,Darwin,5,May,28.2,0.1,59.1
Q11568,Darwin,6,June,25.2,0.0,57.4
Q11568,Darwin,7,July,25.1,0.1,55.9
Q11568,Darwin,8,August,26.4,0.1,65.1
Q11568,Darwin,9,September,28.1,1.2,67.2
Q11568,Darwin,10,October,29.2,3.1,71.1
Q11568,Darwin,11,November,28.8,4.9,76.1
Q11568,Darwin,12,December,29.0,8.1,79.7
Q79880,Debrecen,1,January,1.1,1.7,79.5
Q79880,Debrecen,2,February,7.8,0.6,76.1
Q79880,Debrecen,3,March,9.4,0.8,70.5
Q79880,Debrecen,4,April,13.8,1.4,64.6
Q79880,Debrecen,5,May,17.7,1.4,64.5
Q79880,Debrecen,6,June,21.7,2.8,71.7
Q79880,Debrecen,7,July,25.3,0.9,57.8
Q79880,Debrecen,8,August,25.0,0.6,55.9
Q79880,Debrecen,9,September,18.9,2.2,63.1
Q79880,Debrecen,10,October,11.6,1.8,78.4
Q79880,Debrecen,11,November,3.2,1.8,85.5
Q79880,Debrecen,12,December,2.2,0.6,87.2
Q1353,Delhi,1,January,10.8,0.2,86.9
Q1353,Delhi,2,February,15.9,1.3,65.8
Q1353,Delhi,3,March,21.9,0.5,51.8
Q1353,Delhi,4,April,29.5,0.1,27.9
Q1353,Delhi,5,May,34.7,0.1,25.6
Q1353,Delhi,6,June,35.0,2.1,39.6
Q1353,Delhi,7,July,30.3,7.6,78.8
Q1353,Delhi,8,August,28.3,9.3,84.5
Q1353,Delhi,9,September,27.5,11.2,82.7
Q1353,Delhi,10,October,27.0,0.0,62.8
Q1353,Delhi,11,November,22.4,0.0,59.3
Q1353,Delhi,12,December,15.4,1.2,64.4
Q974,Democratic Republic of the Congo,1,January,25.1,3.1,79.9
Q974,Democratic Republic of the Congo,2,February,25.9,2.0,73.3
Q974,Democratic Republic of the Congo,3,March,27.2,2.2,67.4
Q974,Democratic Republic of the Congo,4,April,26.8,1.6,71.4
Q974,Democratic Republic of the Congo,5,May,28.4,1.3,58.8
Q974,Democratic Republic of the Congo,6,June,27.4,0.3,52.4
Q974,Democratic Republic of the Congo,7,July,26.8,0.4,61.3
Q974,Democratic Republic of the Congo,8,August,26.3,0.5,68.2
Q974,Democratic Republic of the Congo,9,September,25.9,3.3,72.8
Q974,Democratic Republic of the Congo,10,October,25.1,2.6,76.5
Q974,Democratic Republic of the Congo,11,November,24.5,4.2,80.6
Q974,Democratic Republic of the Congo,12,December,24.8,2.3,77.4
Q35,Denmark,1,January,0.5,2.8,88.6
Q35,Denmark,2,February,4.3,4.0,89.4
Q35,Denmark,3,March,5.1,1.7,85.5
Q35,Denmark,4,April,7.3,4.1,81.4
Q35,Denmark,5,May,13.9,2.1,76.2
Q35,Denmark,6,June,14.0,4.0,78.9
Q35,Denmark,7,July,15.8,3.8,79.5
Q35,Denmark,8,August,16.8,2.5,79.4
Q35,Denmark,9,September,14.3,2.8,83.2
Q35,Denmark,10,October,10.4,1.7,85.5
Q35,Denmark,11,November,5.6,1.4,88.8
Q35,Denmark,12,December,4.8,2.1,90.9
Q16554,Denver,1,January,-4.9,0.6,65.2
Q16554,Denver,2,February,-1.2,1.9,66.1
Q16554,Denver,3,March,2.4,1.9,63.5
Q16554,Denver,4,April,9.2,2.0,51.8
Q16554,Denver,5,May,13.6,1.6,48.9
Q16554,Denver,6,June,23.0,0.2,40.7
Q16554,Denver,7,July,23.9,0.5,37.3
Q16554,Denver,8,August,23.6,0.8,45.2
Q16554,Denver,9,September,19.7,0.6,41.1
Q16554,Denver,10,October,13.9,0.6,41.5
Q16554,Denver,11,November,1.2,1.8,69.1
Q16554,Denver,12,December,1.8,0.2,60.7
Q39709,Des Moines,1,January,-6.6,1.6,81.5
Q39709,Des Moines,2,February,3.4,0.5,65.4
Q39709,Des Moines,3,March,6.4,2.0,60.2
Q39709,Des Moines,4,April,11.9,3.9,60.4
Q39709,Des Moines,5,May,17.8,4.9,67.5
Q39709,Des Moines,6,June,23.5,6.8,67.4
Q39709,Des Moines,7,July,23.4,5.8,76.1
Q39709,Des Moines,8,August,23.1,1.1,74.8
Q39709,Des Moines,9,September,20.2,1.9,67.7
Q39709,Des Moines,10,October,15.4,1.8,53.5
Q39709,Des Moines,11,November,6.2,3.4,76.0
Q39709,Des Moines,12,December,-0.6,1.3,74.9
Q12439,Detroit,1,January,-2.8,4.2,81.5
Q12439,Detroit,2,February,1.6,0.3,70.8
Q12439,Detroit,3,March,5.1,1.9,68.4
Q12439,Detroit,4,April,10.5,4.2,68.2
Q12439,Detroit,5,May,17.3,2.8,68.9
Q12439,Detroit,6,June,21.9,2.4,66.8
Q12439,Detroit,7,July,22.9,3.0,72.7
Q12439,Detroit,8,August,22.0,2.5,73.2
Q12439,Detroit,9,September,20.0,2.8,72.8
Q12439,Detroit,10,October,13.4,1.9,66.5
Q12439,Detroit,11,November,8.1,1.8,76.8
Q12439,Detroit,12,December,0.6,3.0,78.2
Q1354,Dhaka,1,January,16.7,0.1,81.4
Q1354,Dhaka,2,February,20.6,0.7,71.8
Q1354,Dhaka,3,March,24.6,2.1,68.1
Q1354,Dhaka,4,April,30.6,0.5,65.5
Q1354,Dhaka,5,May,29.9,9.8,74.0
Q1354,Dhaka,6,June,29.7,6.9,82.0
Q1354,Dhaka,7,July,28.8,6.5,83.1
Q1354,Dhaka,8,August,27.5,15.2,86.8
Q1354,Dhaka,9,September,28.6,8.8,84.6
Q1354,Dhaka,10,October,26.9,9.9,85.3
Q1354,Dhaka,11,November,24.3,0.1,71.4
Q1354,Dhaka,12,December,20.8,0.0,67.8
Q7003,Dijon,1,January,2.9,1.7,84.6
Q7003,Dijon,2,February,6.9,2.8,85.2
Q7003,Dijon,3,March,8.5,3.2,78.7
Q7003,Dijon,4,April,10.0,3.2,73.5
Q7003,Dijon,5,May,13.7,4.0,79.4
Q7003,Dijon,6,June,17.3,3.2,76.1
Q7003,Dijon,7,July,19.5,2.3,74.6
Q7003,Dijon,8,August,20.9,1.2,71.6
Q7003,Dijon,9,September,15.0,2.7,77.6
Q7003,Dijon,10,October,12.9,3.9,88.3
Q7003,Dijon,11,November,6.6,2.3,89.9
Q7003,Dijon,12,December,2.9,1.9,89.3
Q9310,Dili,1,January,28.3,3.8,84.1
Q9310,Dili,2,February,27.6,4.0,89.3
Q9310,Dili,3,March,27.6,8.5,87.8
Q9310,Dili,4,April,27.7,6.0,83.6
Q9310,Dili,5,May,28.0,4.4,74.0
Q9310,Dili,6,June,26.7,2.6,74.2
Q9310,Dili,7,July,26.5,1.4,66.5
Q9310,Dili,8,August,26.6,0.6,61.6
Q9310,Dili,9,September,27.8,0.9,64.9
Q9310,Dili,10,October,28.4,2.5,68.4
Q9310,Dili,11,November,28.2,5.7,78.1
Q9310,Dili,12,December,27.6,11.6,90.3
Q3604,Djibouti,1,January,25.8,0.3,69.1
Q3604,Djibouti,2,February,26.7,1.1,72.9
Q3604,Djibouti,3,March,27.8,1.4,75.7
Q3604,Djibouti,4,April,29.2,2.9,77.3
Q3604,Djibouti,5,May,32.1,0.3,63.9
Q3604,Djibouti,6,June,35.1,0.0,47.9
Q3604,Djibouti,7,July,37.8,0.1,31.2
Q3604,Djibouti,8,August,33.3,1.9,53.0
Q3604,Djibouti,9,September,34.3,0.0,49.0
Q3604,Djibouti,10,October,30.7,0.9,66.4
Q3604,Djibouti,11,November,27.9,0.9,66.6
Q3604,Djibouti,12,December,26.0,0.1,63.0
Q977,Djibouti,1,January,23.9,0.3,59.8
Q977,Djibouti,2,February,24.9,1.0,67.2
Q977,Djibouti,3,March,26.5,2.6,67.5
Q977,Djibouti,4,April,28.2,2.5,66.9
Q977,Djibouti,5,May,31.2,1.5,50.7
Q977,Djibouti,6,June,33.9,0.0,31.1
Q977,Djibouti,7,July,32.8,1.0,36.8
Q977,Djibouti,8,August,28.1,4.1,63.0
Q977,Djibouti,9,September,31.9,0.5,39.9
Q977,Djibouti,10,October,28.7,1.1,55.7
Q977,Djibouti,11,November,25.5,1.5,58.6
Q977,Djibouti,12,December,23.2,0.1,59.2
Q48256,Dnipro,1,January,-1.3,2.1,86.2
Q48256,Dnipro,2,February,2.6,1.5,79.4
Q48256,Dnipro,3,March,4.5,0.8,76.0
Q48256,Dnipro,4,April,14.9,1.1,67.5
Q48256,Dnipro,5,May,16.1,0.5,54.2
Q48256,Dnipro,6,June,23.1,1.4,65.0
Q48256,Dnipro,7,July,26.5,0.3,54.6
Q48256,Dnipro,8,August,24.3,0.1,53.6
Q48256,Dnipro,9,September,20.7,0.5,48.6
Q48256,Dnipro,10,October,12.3,0.7,72.8
Q48256,Dnipro,11,November,4.0,1.4,79.4
Q48256,Dnipro,12,December,1.6,1.5,87.0
Q3866,Dodoma,1,January,21.2,6.9,83.9
Q3866,Dodoma,2,February,22.8,2.8,77.3
Q3866,Dodoma,3,March,23.0,2.6,74.0
Q3866,Dodoma,4,April,21.6,2.8,78.4
Q3866,Dodoma,5,May,21.8,0.1,63.1
Q3866,Dodoma,6,June,20.6,0.0,55.7
Q3866,Dodoma,7,July,20.7,0.0,54.2
Q3866,Dodoma,8,August,20.9,0.0,54.6
Q3866,Dodoma,9,September,22.2,0.0,54.9
Q3866,Dodoma,10,October,23.5,0.4,57.7
Q3866,Dodoma,11,November,24.4,0.8,57.4
Q3866,Dodoma,12,December,22.4,5.5,72.5
Q3861,Doha,1,January,20.3,0.0,63.3
Q3861,Doha,2,February,19.5,0.5,63.1
Q3861,Doha,3,March,21.8,0.7,60.3
Q3861,Doha,4,April,26.5,0.9,53.7
Q3861,Doha,5,May,31.9,1.1,44.7
Q3861,Doha,6,June,35.6,0.0,42.6
Q3861,Doha,7,July,37.6,0.0,34.5
Q3861,Doha,8,August,35.9,0.0,55.4
Q3861,Doha,9,September,33.9,0.0,54.7
Q3861,Doha,10,October,30.4,0.4,59.7
Q3861,Doha,11,November,26.0,0.0,64.0
Q3861,Doha,12,December,19.8,0.0,63.3
Q784,Dominica,1,January,22.0,4.1,86.9
Q784,Dominica,2,February,22.3,2.3,86.9
Q784,Dominica,3,March,22.7,2.8,84.1
Q784,Dominica,4,April,23.5,2.6,84.5
Q784,Dominica,5,May,24.7,3.5,84.7
Q784,Dominica,6,June,24.7,4.6,86.0
Q784,Dominica,7,July,24.3,6.8,88.6
Q784,Dominica,8,August,24.3,6.3,88.9
Q784,Dominica,9,September,24.6,5.5,88.3
Q784,Dominica,10,October,24.6,3.6,86.4
Q784,Dominica,11,November,23.6,5.8,89.6
Q784,Dominica,12,December,22.0,3.3,87.9
Q786,Dominican Republic,1,January,22.6,2.6,83.7
Q786,Dominican Republic,2,February,22.1,1.7,79.0
Q786,Dominican Republic,3,March,23.2,2.5,79.6
Q786,Dominican Republic,4,April,23.1,8.3,85.1
Q786,Dominican Republic,5,May,24.4,8.6,85.4
Q786,Dominican Republic,6,June,25.2,5.5,84.5
Q786,Dominican Republic,7,July,24.7,7.4,86.9
Q786,Dominican Republic,8,August,25.3,4.7,84.5
Q786,Dominican Republic,9,September,25.3,4.6,84.5
Q786,Dominican Republic,10,October,25.2,5.6,83.8
Q786,Dominican Republic,11,November,23.1,7.0,89.2
Q786,Dominican Republic,12,December,22.4,6.1,88.2
Q43070,Donetsk,1,January,-2.5,2.1,86.4
Q43070,Donetsk,2,February,0.8,1.5,76.6
Q43070,Donetsk,3,March,3.6,0.5,72.4
Q43070,Donetsk,4,April,15.3,1.0,59.7
Q43070,Donetsk,5,May,15.4,0.5,47.5
Q43070,Donetsk,6,June,22.9,1.0,59.0
Q43070,Donetsk,7,July,26.4,0.8,44.7
Q43070,Donetsk,8,August,23.4,1.1,48.8
Q43070,Donetsk,9,September,20.3,0.3,39.2
Q43070,Donetsk,10,October,10.8,0.8,69.7
Q43070,Donetsk,11,November,3.2,1.1,80.5
Q43070,Donetsk,12,December,0.1,1.4,88.3
Q1877,Đồng Hới,1,January,20.5,4.1,85.9
Q1877,Đồng Hới,2,February,22.0,1.8,89.4
Q1877,Đồng Hới,3,March,23.5,1.5,87.9
Q1877,Đồng Hới,4,April,29.8,0.2,73.4
Q1877,Đồng Hới,5,May,29.1,4.3,78.9
Q1877,Đồng Hới,6,June,31.2,3.1,66.8
Q1877,Đồng Hới,7,July,29.3,4.7,74.6
Q1877,Đồng Hới,8,August,31.0,1.3,65.7
Q1877,Đồng Hới,9,September,27.8,12.0,82.4
Q1877,Đồng Hới,10,October,25.1,23.8,83.7
Q1877,Đồng Hới,11,November,23.8,11.9,84.0
Q1877,Đồng Hới,12,December,20.7,8.8,83.5
Q1295,Dortmund,1,January,2.8,2.6,79.8
Q1295,Dortmund,2,February,7.5,3.8,84.5
Q1295,Dortmund,3,March,8.7,2.1,77.4
Q1295,Dortmund,4,April,10.4,3.4,75.3
Q1295,Dortmund,5,May,15.3,4.5,77.9
Q1295,Dortmund,6,June,16.2,3.0,74.4
Q1295,Dortmund,7,July,18.6,2.9,73.3
Q1295,Dortmund,8,August,20.1,3.9,73.5
Q1295,Dortmund,9,September,15.9,3.0,79.5
Q1295,Dortmund,10,October,12.3,2.7,84.1
Q1295,Dortmund,11,November,6.4,2.7,85.8
Q1295,Dortmund,12,December,4.6,2.5,87.2
Q33518,Dover,1,January,3.3,4.5,72.9
Q33518,Dover,2,February,4.7,2.2,67.0
Q33518,Dover,3,March,8.9,6.4,65.2
Q33518,Dover,4,April,13.5,3.4,66.3
Q33518,Dover,5,May,18.6,3.0,75.1
Q33518,Dover,6,June,24.4,1.9,63.2
Q33518,Dover,7,July,26.2,3.0,71.9
Q33518,Dover,8,August,24.2,4.9,71.9
Q33518,Dover,9,September,21.0,1.2,74.2
Q33518,Dover,10,October,15.6,0.2,62.9
Q33518,Dover,11,November,11.0,1.5,66.0
Q33518,Dover,12,December,4.0,2.4,69.2
Q1731,Dresden,1,January,1.1,1.8,78.3
Q1731,Dresden,2,February,6.9,2.9,82.1
Q1731,Dresden,3,March,7.8,0.7,75.9
Q1731,Dresden,4,April,11.1,1.6,69.2
Q1731,Dresden,5,May,15.9,2.1,69.4
Q1731,Dresden,6,June,18.4,3.1,68.7
Q1731,Dresden,7,July,20.6,2.6,66.1
Q1731,Dresden,8,August,21.3,2.2,67.8
Q1731,Dresden,9,September,16.8,3.7,71.4
Q1731,Dresden,10,October,11.4,1.5,82.0
Q1731,Dresden,11,November,4.9,2.0,83.8
Q1731,Dresden,12,December,2.8,1.1,83.2
Q612,Dubai,1,January,21.3,0.0,63.2
Q612,Dubai,2,February,20.8,2.6,67.6
Q612,Dubai,3,March,22.5,1.1,68.7
Q612,Dubai,4,April,25.5,3.1,61.9
Q612,Dubai,5,May,30.4,0.5,57.2
Q612,Dubai,6,June,34.1,0.0,52.9
Q612,Dubai,7,July,35.5,0.0,57.6
Q612,Dubai,8,August,35.3,0.0,57.9
Q612,Dubai,9,September,32.9,0.0,61.7
Q612,Dubai,10,October,30.9,0.0,60.6
Q612,Dubai,11,November,26.9,0.0,64.6
Q612,Dubai,12,December,22.2,0.0,55.0
Q1761,Dublin,1,January,5.8,2.1,80.8
Q1761,Dublin,2,February,8.1,2.6,82.6
Q1761,Dublin,3,March,8.1,4.3,81.5
Q1761,Dublin,4,April,9.5,3.5,78.6
Q1761,Dublin,5,May,13.1,2.3,82.5
Q1761,Dublin,6,June,13.7,1.6,74.6
Q1761,Dublin,7,July,15.2,2.9,78.4
Q1761,Dublin,8,August,16.3,2.7,73.8
Q1761,Dublin,9,September,13.4,2.3,81.1
Q1761,Dublin,10,October,12.1,2.9,81.9
Q1761,Dublin,11,November,9.1,2.4,86.5
Q1761,Dublin,12,December,8.2,2.2,82.4
Q1722,Dubrovnik,1,January,8.0,5.6,68.1
Q1722,Dubrovnik,2,February,10.5,7.3,72.6
Q1722,Dubrovnik,3,March,12.2,5.9,72.5
Q1722,Dubrovnik,4,April,15.1,3.1,68.5
Q1722,Dubrovnik,5,May,18.5,4.8,74.2
Q1722,Dubrovnik,6,June,23.5,3.1,71.1
Q1722,Dubrovnik,7,July,27.2,0.9,58.1
Q1722,Dubrovnik,8,August,27.5,1.1,52.6
Q1722,Dubrovnik,9,September,21.2,5.1,66.7
Q1722,Dubrovnik,10,October,17.6,5.3,76.7
Q1722,Dubrovnik,11,November,10.9,4.3,66.1
Q1722,Dubrovnik,12,December,8.7,6.0,68.9
Q2100,Duisburg,1,January,2.9,2.6,80.8
Q2100,Duisburg,2,February,7.7,4.0,85.5
Q2100,Duisburg,3,March,9.0,2.3,77.4
Q2100,Duisburg,4,April,10.7,4.0,75.6
Q2100,Duisburg,5,May,15.5,4.8,78.9
Q2100,Duisburg,6,June,16.4,3.6,74.7
Q2100,Duisburg,7,July,18.8,3.1,73.5
Q2100,Duisburg,8,August,20.2,2.4,74.2
Q2100,Duisburg,9,September,16.2,3.9,79.4
Q2100,Duisburg,10,October,12.5,3.7,84.4
Q2100,Duisburg,11,November,6.8,2.6,86.4
Q2100,Duisburg,12,December,4.8,2.7,87.8
Q5468,Durban,1,January,23.6,4.3,80.5
Q5468,Durban,2,February,24.6,0.5,73.7
Q5468,Durban,3,March,24.3,2.9,77.2
Q5468,Durban,4,April,21.5,1.7,77.8
Q5468,Durban,5,May,21.0,0.2,72.1
Q5468,Durban,6,June,17.9,1.1,67.8
Q5468,Durban,7,July,17.5,0.2,55.5
Q5468,Durban,8,August,19.2,0.6,60.7
Q5468,Durban,9,September,18.3,4.5,78.6
Q5468,Durban,10,October,19.4,3.7,76.8
Q5468,Durban,11,November,22.1,2.6,76.8
Q5468,Durban,12,December,24.7,2.2,77.5
Q83285,Durrës,1,January,8.5,3.4,71.9
Q83285,Durrës,2,February,10.8,1.5,72.9
Q83285,Durrës,3,March,12.5,6.1,76.8
Q83285,Durrës,4,April,15.6,3.2,74.8
Q83285,Durrës,5,May,18.6,3.8,81.0
Q83285,Durrës,6,June,24.3,1.1,72.4
Q83285,Durrës,7,July,27.5,0.1,66.3
Q83285,Durrës,8,August,27.2,1.4,65.3
Q83285,Durrës,9,September,21.9,6.0,73.5
Q83285,Durrës,10,October,18.1,4.0,78.4
Q83285,Durrës,11,November,12.0,3.6,71.9
Q83285,Durrës,12,December,8.8,5.9,76.1
Q9365,Dushanbe,1,January,6.0,2.4,68.5
Q9365,Dushanbe,2,February,3.2,2.7,65.8
Q9365,Dushanbe,3,March,7.0,4.2,67.7
Q9365,Dushanbe,4,April,13.5,6.5,71.4
Q9365,Dushanbe,5,May,18.3,4.6,70.5
Q9365,Dushanbe,6,June,24.4,0.4,48.1
Q9365,Dushanbe,7,July,28.4,0.1,33.5
Q9365,Dushanbe,8,August,29.0,0.0,26.9
Q9365,Dushanbe,9,September,23.0,0.4,30.2
Q9365,Dushanbe,10,October,16.1,1.8,57.3
Q9365,Dushanbe,11,November,10.1,2.1,68.6
Q9365,Dushanbe,12,December,1.3,0.9,65.3
Q1718,Düsseldorf,1,January,2.9,2.5,81.4
Q1718,Düsseldorf,2,February,7.8,3.8,84.8
Q1718,Düsseldorf,3,March,9.1,2.4,76.9
Q1718,Düsseldorf,4,April,10.7,3.3,76.1
Q1718,Düsseldorf,5,May,15.6,5.7,79.1
Q1718,Düsseldorf,6,June,16.6,3.5,75.2
Q1718,Düsseldorf,7,July,18.8,3.7,74.5
Q1718,Düsseldorf,8,August,20.3,3.5,74.7
Q1718,Düsseldorf,9,September,16.3,3.3,79.1
Q1718,Düsseldorf,10,October,12.5,3.3,85.1
Q1718,Düsseldorf,11,November,7.1,2.3,86.0
Q1718,Düsseldorf,12,December,4.8,2.7,87.5
Q736,Ecuador,1,January,22.1,9.4,80.6
Q736,Ecuador,2,February,22.0,10.5,82.6
Q736,Ecuador,3,March,22.2,10.1,81.7
Q736,Ecuador,4,April,22.0,9.6,82.5
Q736,Ecuador,5,May,21.4,10.5,86.7
Q736,Ecuador,6,June,20.8,8.2,84.5
Q736,Ecuador,7,July,20.4,4.9,81.5
Q736,Ecuador,8,August,21.0,3.4,77.0
Q736,Ecuador,9,September,22.0,2.2,71.8
Q736,Ecuador,10,October,22.0,6.9,78.3
Q736,Ecuador,11,November,21.2,11.1,85.8
Q736,Ecuador,12,December,20.7,12.6,87.1
Q23436,Edinburgh,1,January,4.3,2.7,83.4
Q23436,Edinburgh,2,February,6.2,2.5,82.7
Q23436,Edinburgh,3,March,6.3,3.2,81.7
Q23436,Edinburgh,4,April,7.9,4.3,77.9
Q23436,Edinburgh,5,May,12.6,5.5,86.4
Q23436,Edinburgh,6,June,12.8,2.0,74.4
Q23436,Edinburgh,7,July,14.4,3.1,78.4
Q23436,Edinburgh,8,August,15.3,3.1,74.9
Q23436,Edinburgh,9,September,11.9,1.8,82.7
Q23436,Edinburgh,10,October,10.7,3.2,81.9
Q23436,Edinburgh,11,November,7.0,1.3,83.4
Q23436,Edinburgh,12,December,6.8,3.3,84.2
Q43387,Edirne,1,January,4.7,1.0,77.4
Q43387,Edirne,2,February,9.1,1.0,78.8
Q43387,Edirne,3,March,10.1,1.8,78.5
Q43387,Edirne,4,April,16.3,2.0,65.6
Q43387,Edirne,5,May,17.1,2.2,66.9
Q43387,Edirne,6,June,26.8,0.7,49.7
Q43387,Edirne,7,July,28.5,0.8,46.6
Q43387,Edirne,8,August,27.3,0.5,49.9
Q43387,Edirne,9,September,21.8,2.1,65.0
Q43387,Edirne,10,October,15.2,0.1,70.4
Q43387,Edirne,11,November,8.5,1.2,73.0
Q43387,Edirne,12,December,6.9,3.9,82.0
Q2096,Edmonton,1,January,-13.3,0.5,78.2
Q2096,Edmonton,2,February,-6.7,0.9,77.4
Q2096,Edmonton,3,March,-6.0,0.5,71.5
Q2096,Edmonton,4,April,5.0,1.1,53.3
Q2096,Edmonton,5,May,9.9,2.3,63.4
Q2096,Edmonton,6,June,13.6,2.9,62.3
Q2096,Edmonton,7,July,20.6,3.3,64.8
Q2096,Edmonton,8,August,17.4,3.2,69.5
Q2096,Edmonton,9,September,14.0,0.9,66.7
Q2096,Edmonton,10,October,5.2,0.7,72.8
Q2096,Edmonton,11,November,-5.4,0.9,79.5
Q2096,Edmonton,12,December,-8.2,1.2,83.4
Q79,Egypt,1,January,12.3,0.0,55.5
Q79,Egypt,2,February,13.6,0.0,50.1
Q79,Egypt,3,March,18.3,0.0,36.5
Q79,Egypt,4,April,23.8,0.0,28.3
Q79,Egypt,5,May,27.9,0.0,23.5
Q79,Egypt,6,June,32.2,0.0,21.6
Q79,Egypt,7,July,32.7,0.0,25.0
Q79,Egypt,8,August,32.9,0.0,25.1
Q79,Egypt,9,September,29.4,0.0,35.5
Q79,Egypt,10,October,23.2,0.0,45.4
Q79,Egypt,11,November,17.4,0.0,55.4
Q79,Egypt,12,December,12.9,0.0,59.6
Q114257,Elbasan,1,January,7.0,8.3,71.4
Q114257,Elbasan,2,February,10.0,1.3,68.3
Q114257,Elbasan,3,March,11.8,6.2,72.6
Q114257,Elbasan,4,April,16.1,3.8,65.3
Q114257,Elbasan,5,May,18.9,4.5,71.6
Q114257,Elbasan,6,June,25.6,0.7,61.3
Q114257,Elbasan,7,July,28.3,0.7,54.0
Q114257,Elbasan,8,August,28.0,0.3,51.8
Q114257,Elbasan,9,September,21.4,5.1,68.2
Q114257,Elbasan,10,October,17.4,4.2,70.9
Q114257,Elbasan,11,November,10.8,4.0,69.2
Q114257,Elbasan,12,December,7.4,4.9,76.0
Q16562,El Paso,1,January,8.0,0.5,44.6
Q16562,El Paso,2,February,11.4,0.5,39.3
Q16562,El Paso,3,March,14.3,0.1,35.0
Q16562,El Paso,4,April,18.8,0.1,24.4
Q16562,El Paso,5,May,25.1,0.0,13.8
Q16562,El Paso,6,June,30.9,0.3,23.6
Q16562,El Paso,7,July,29.9,0.4,35.1
Q16562,El Paso,8,August,30.4,0.2,32.6
Q16562,El Paso,9,September,26.1,0.1,34.5
Q16562,El Paso,10,October,22.6,0.1,28.7
Q16562,El Paso,11,November,13.2,0.6,40.4
Q16562,El Paso,12,December,10.9,0.0,34.8
Q792,El Salvador,1,January,24.9,0.1,60.1
Q792,El Salvador,2,February,24.3,0.0,55.8
Q792,El Salvador,3,March,26.2,0.4,60.7
Q792,El Salvador,4,April,25.6,2.2,70.6
Q792,El Salvador,5,May,25.3,3.3,81.2
Q792,El Salvador,6,June,22.8,16.6,92.3
Q792,El Salvador,7,July,23.9,6.4,84.6
Q792,El Salvador,8,August,23.8,7.7,85.7
Q792,El Salvador,9,September,23.1,9.5,90.2
Q792,El Salvador,10,October,23.3,6.0,84.1
Q792,El Salvador,11,November,22.2,7.2,85.8
Q792,El Salvador,12,December,23.8,1.2,66.2
Q983,Equatorial Guinea,1,January,24.2,2.9,88.3
Q983,Equatorial Guinea,2,February,24.7,12.7,88.9
Q983,Equatorial Guinea,3,March,24.9,12.4,88.0
Q983,Equatorial Guinea,4,April,24.8,14.2,88.7
Q983,Equatorial Guinea,5,May,24.5,14.6,90.2
Q983,Equatorial Guinea,6,June,23.5,9.7,89.4
Q983,Equatorial Guinea,7,July,22.8,2.4,87.9
Q983,Equatorial Guinea,8,August,22.7,2.2,87.6
Q983,Equatorial Guinea,9,September,22.8,11.7,92.2
Q983,Equatorial Guinea,10,October,22.9,15.1,92.0
Q983,Equatorial Guinea,11,November,22.9,20.5,92.1
Q983,Equatorial Guinea,12,December,23.5,7.9,90.5
Q1729,Erfurt,1,January,1.3,2.0,79.8
Q1729,Erfurt,2,February,7.0,2.3,81.4
Q1729,Erfurt,3,March,7.3,1.7,79.1
Q1729,Erfurt,4,April,10.7,1.9,71.0
Q1729,Erfurt,5,May,15.1,4.3,74.9
Q1729,Erfurt,6,June,17.0,3.2,72.5
Q1729,Erfurt,7,July,19.5,2.1,69.2
Q1729,Erfurt,8,August,20.6,2.4,70.2
Q1729,Erfurt,9,September,16.3,2.8,72.5
Q1729,Erfurt,10,October,11.5,2.0,84.3
Q1729,Erfurt,11,November,5.4,1.2,83.4
Q1729,Erfurt,12,December,2.8,1.3,85.3
Q986,Eritrea,1,January,24.4,0.0,51.0
Q986,Eritrea,2,February,25.4,0.0,39.9
Q986,Eritrea,3,March,28.8,0.0,35.9
Q986,Eritrea,4,April,30.5,0.0,31.3
Q986,Eritrea,5,May,32.3,0.0,30.1
Q986,Eritrea,6,June,31.9,0.1,33.2
Q986,Eritrea,7,July,27.3,3.8,62.0
Q986,Eritrea,8,August,23.8,8.4,81.3
Q986,Eritrea,9,September,25.7,1.3,68.6
Q986,Eritrea,10,October,27.7,0.1,45.7
Q986,Eritrea,11,November,26.6,0.2,51.8
Q986,Eritrea,12,December,24.9,0.0,49.2
Q2066,Essen,1,January,2.7,3.0,81.1
Q2066,Essen,2,February,7.5,4.1,85.8
Q2066,Essen,3,March,8.8,2.5,77.4
Q2066,Essen,4,April,10.4,3.7,76.0
Q2066,Essen,5,May,15.3,5.0,78.7
Q2066,Essen,6,June,16.2,3.6,74.9
Q2066,Essen,7,July,18.6,2.7,73.5
Q2066,Essen,8,August,20.0,2.5,74.0
Q2066,Essen,9,September,15.9,4.0,80.0
Q2066,Essen,10,October,12.4,3.7,84.2
Q2066,Essen,11,November,6.6,2.5,86.6
Q2066,Essen,12,December,4.6,2.7,88.1
Q191,Estonia,1,January,-7.5,1.5,86.6
Q191,Estonia,2,February,-2.1,1.9,86.3
Q191,Estonia,3,March,1.8,0.8,81.7
Q191,Estonia,4,April,5.1,2.4,80.0
Q191,Estonia,5,May,13.9,0.6,58.1
Q191,Estonia,6,June,17.0,2.0,69.1
Q191,Estonia,7,July,18.7,4.4,76.6
Q191,Estonia,8,August,17.1,3.2,81.4
Q191,Estonia,9,September,15.1,2.1,80.5
Q191,Estonia,10,October,7.5,1.4,85.3
Q191,Estonia,11,November,3.2,2.8,90.4
Q191,Estonia,12,December,0.2,2.2,91.5
Q1050,Eswatini,1,January,21.9,3.0,78.0
Q1050,Eswatini,2,February,22.9,1.9,74.7
Q1050,Eswatini,3,March,22.1,6.2,78.3
Q1050,Eswatini,4,April,19.0,3.1,79.7
Q1050,Eswatini,5,May,18.1,0.5,72.5
Q1050,Eswatini,6,June,15.1,0.4,62.5
Q1050,Eswatini,7,July,16.3,0.2,48.7
Q1050,Eswatini,8,August,17.5,0.8,57.9
Q1050,Eswatini,9,September,18.5,2.6,65.6
Q1050,Eswatini,10,October,19.7,1.8,65.0
Q1050,Eswatini,11,November,21.7,3.0,73.1
Q1050,Eswatini,12,December,23.3,4.4,78.2
Q115,Ethiopia,1,January,23.9,0.2,41.7
Q115,Ethiopia,2,February,25.0,1.0,51.4
Q115,Ethiopia,3,March,25.9,4.5,55.5
Q115,Ethiopia,4,April,24.7,3.6,71.0
Q115,Ethiopia,5,May,27.8,0.3,49.4
Q115,Ethiopia,6,June,28.5,0.7,40.6
Q115,Ethiopia,7,July,25.1,5.4,60.9
Q115,Ethiopia,8,August,23.4,6.5,70.0
Q115,Ethiopia,9,September,25.2,0.8,57.4
Q115,Ethiopia,10,October,24.1,2.4,61.7
Q115,Ethiopia,11,November,23.0,2.0,50.8
Q115,Ethiopia,12,December,22.9,0.0,36.7
Q4628,Faroe Islands,1,January,4.7,5.6,77.5
Q4628,Faroe Islands,2,February,4.2,4.9,78.0
Q4628,Faroe Islands,3,March,5.1,3.5,80.0
Q4628,Faroe Islands,4,April,5.3,2.9,79.4
Q4628,Faroe Islands,5,May,8.4,1.9,90.4
Q4628,Faroe Islands,6,June,8.4,2.3,85.2
Q4628,Faroe Islands,7,July,10.2,2.1,91.2
Q4628,Faroe Islands,8,August,10.8,5.0,89.7
Q4628,Faroe Islands,9,September,9.2,1.9,83.6
Q4628,Faroe Islands,10,October,8.1,6.2,82.0
Q4628,Faroe Islands,11,November,6.5,3.9,82.0
Q4628,Faroe Islands,12,December,5.3,5.6,77.6
Q702,Federated States of Micronesia,1,January,24.1,3.8,77.5
Q702,Federated States of Micronesia,2,February,23.7,7.4,82.0
Q702,Federated States of Micronesia,3,March,24.0,8.6,81.1
Q702,Federated States of Micronesia,4,April,23.7,17.4,85.7
Q702,Federated States of Micronesia,5,May,23.8,19.0,87.8
Q702,Federated States of Micronesia,6,June,23.5,18.9,87.8
Q702,Federated States of Micronesia,7,July,23.5,20.3,87.4
Q702,Federated States of Micronesia,8,August,23.8,18.1,85.7
Q702,Federated States of Micronesia,9,September,23.7,17.3,86.3
Q702,Federated States of Micronesia,10,October,23.6,16.6,87.1
Q702,Federated States of Micronesia,11,November,24.1,8.6,81.9
Q702,Federated States of Micronesia,12,December,24.2,11.5,81.0
Q80985,Fez,1,January,13.0,1.9,57.3
Q80985,Fez,2,February,13.2,3.3,66.0
Q80985,Fez,3,March,14.6,3.7,71.5
Q80985,Fez,4,April,17.5,1.2,59.8
Q80985,Fez,5,May,21.3,0.0,52.1
Q80985,Fez,6,June,23.9,0.4,53.6
Q80985,Fez,7,July,29.0,0.0,42.1
Q80985,Fez,8,August,29.0,0.0,47.4
Q80985,Fez,9,September,24.4,0.8,56.6
Q80985,Fez,10,October,19.5,2.4,69.4
Q80985,Fez,11,November,17.1,0.7,63.4
Q80985,Fez,12,December,12.1,0.3,62.2
Q712,Fiji,1,January,26.7,12.6,90.4
Q712,Fiji,2,February,27.0,14.0,90.5
Q712,Fiji,3,March,26.5,17.0,92.7
Q712,Fiji,4,April,26.8,2.8,88.5
Q712,Fiji,5,May,24.9,9.1,90.5
Q712,Fiji,6,June,23.7,1.9,87.0
Q712,Fiji,7,July,23.3,2.1,87.0
Q712,Fiji,8,August,22.4,3.3,85.6
Q712,Fiji,9,September,22.9,3.1,87.1
Q712,Fiji,10,October,24.8,5.7,87.5
Q712,Fiji,11,November,25.2,8.9,89.9
Q712,Fiji,12,December,26.3,14.0,88.4
Q33,Finland,1,January,-12.7,1.2,86.2
Q33,Finland,2,February,-7.6,1.7,86.0
Q33,Finland,3,March,-2.8,1.1,84.8
Q33,Finland,4,April,-1.2,2.8,78.7
Q33,Finland,5,May,9.6,0.4,62.7
Q33,Finland,6,June,15.9,3.4,71.3
Q33,Finland,7,July,17.3,3.7,78.5
Q33,Finland,8,August,16.2,4.0,79.6
Q33,Finland,9,September,12.4,4.1,85.0
Q33,Finland,10,October,3.6,2.4,92.5
Q33,Finland,11,November,-1.4,1.5,93.4
Q33,Finland,12,December,-6.2,1.3,87.7
Q2044,Florence,1,January,7.4,2.9,79.7
Q2044,Florence,2,February,9.7,4.0,81.9
Q2044,Florence,3,March,11.6,4.1,80.9
Q2044,Florence,4,April,13.9,2.8,73.3
Q2044,Florence,5,May,17.2,5.4,77.1
Q2044,Florence,6,June,21.4,1.6,72.3
Q2044,Florence,7,July,26.9,0.4,59.5
Q2044,Florence,8,August,27.7,0.4,60.1
Q2044,Florence,9,September,20.1,5.5,73.6
Q2044,Florence,10,October,16.9,7.0,85.9
Q2044,Florence,11,November,10.3,2.1,81.3
Q2044,Florence,12,December,5.8,2.9,81.5
Q43463,Fortaleza,1,January,28.3,1.8,73.6
Q43463,Fortaleza,2,February,27.1,11.7,82.7
Q43463,Fortaleza,3,March,26.8,11.6,85.7
Q43463,Fortaleza,4,April,26.8,8.4,86.2
Q43463,Fortaleza,5,May,27.0,6.5,82.0
Q43463,Fortaleza,6,June,26.5,3.3,79.5
Q43463,Fortaleza,7,July,26.6,0.5,71.3
Q43463,Fortaleza,8,August,27.0,0.1,66.9
Q43463,Fortaleza,9,September,27.0,0.1,67.8
Q43463,Fortaleza,10,October,27.3,0.3,69.8
Q43463,Fortaleza,11,November,27.9,0.3,68.5
Q43463,Fortaleza,12,December,28.1,1.5,72.6
Q16558,Fort Worth,1,January,5.4,2.1,63.8
Q16558,Fort Worth,2,February,13.7,1.9,61.0
Q16558,Fort Worth,3,March,16.1,3.9,69.1
Q16558,Fort Worth,4,April,20.3,4.1,66.1
Q16558,Fort Worth,5,May,24.2,5.7,75.2
Q16558,Fort Worth,6,June,28.5,1.4,65.6
Q16558,Fort Worth,7,July,29.4,2.1,59.4
Q16558,Fort Worth,8,August,31.7,0.5,50.2
Q16558,Fort Worth,9,September,26.0,3.2,60.5
Q16558,Fort Worth,10,October,24.3,0.6,45.2
Q16558,Fort Worth,11,November,15.9,3.2,65.5
Q16558,Fort Worth,12,December,12.0,3.0,70.4
Q142,France,1,January,4.6,1.4,84.8
Q142,France,2,February,8.5,2.6,84.4
Q142,France,3,March,9.3,3.9,80.8
Q142,France,4,April,11.3,2.2,75.5
Q142,France,5,May,13.9,4.9,82.3
Q142,France,6,June,17.6,4.1,75.6
Q142,France,7,July,20.3,2.1,71.6
Q142,France,8,August,21.2,0.5,67.5
Q142,France,9,September,15.5,3.8,78.7
Q142,France,10,October,14.2,4.0,86.4
Q142,France,11,November,9.0,2.3,86.2
Q142,France,12,December,5.3,1.5,88.6
Q28603,Frankfort,1,January,0.1,5.0,74.7
Q28603,Frankfort,2,February,6.1,2.3,67.0
Q28603,Frankfort,3,March,9.5,3.5,67.5
Q28603,Frankfort,4,April,14.4,5.0,70.1
Q28603,Frankfort,5,May,19.6,4.5,78.4
Q28603,Frankfort,6,June,23.2,1.8,71.4
Q28603,Frankfort,7,July,24.4,2.8,74.0
Q28603,Frankfort,8,August,23.6,1.5,71.3
Q28603,Frankfort,9,September,21.2,4.6,69.6
Q28603,Frankfort,10,October,15.0,0.3,67.9
Q28603,Frankfort,11,November,10.6,3.6,75.2
Q28603,Frankfort,12,December,4.2,3.9,73.8
Q1794,Frankfurt,1,January,1.9,2.4,80.4
Q1794,Frankfurt,2,February,7.4,2.8,83.4
Q1794,Frankfurt,3,March,8.2,1.7,80.2
Q1794,Frankfurt,4,April,10.6,2.2,73.6
Q1794,Frankfurt,5,May,15.6,4.1,76.6
Q1794,Frankfurt,6,June,17.9,2.5,70.4
Q1794,Frankfurt,7,July,20.2,2.7,69.9
Q1794,Frankfurt,8,August,21.7,1.1,68.2
Q1794,Frankfurt,9,September,16.9,3.0,73.4
Q1794,Frankfurt,10,October,11.9,2.5,86.0
Q1794,Frankfurt,11,November,5.9,1.6,86.1
Q1794,Frankfurt,12,December,3.0,1.3,87.6
Q3780,Freetown,1,January,27.6,0.2,78.7
Q3780,Freetown,2,February,27.9,0.2,77.8
Q3780,Freetown,3,March,27.6,0.1,75.4
Q3780,Freetown,4,April,27.5,0.6,76.9
Q3780,Freetown,5,May,27.5,5.8,83.8
Q3780,Freetown,6,June,25.9,14.5,87.3
Q3780,Freetown,7,July,24.5,32.6,91.4
Q3780,Freetown,8,August,24.5,25.9,91.3
Q3780,Freetown,9,September,24.6,22.9,91.5
Q3780,Freetown,10,October,25.4,10.6,88.5
Q3780,Freetown,11,November,26.9,2.4,82.7
Q3780,Freetown,12,December,28.0,0.1,67.8
Q2833,Freiburg im Breisgau,1,January,3.4,3.4,76.5
Q2833,Freiburg im Breisgau,2,February,8.0,3.2,78.1
Q2833,Freiburg im Breisgau,3,March,8.9,3.3,76.9
Q2833,Freiburg im Breisgau,4,April,10.6,4.1,71.1
Q2833,Freiburg im Breisgau,5,May,14.7,5.6,75.6
Q2833,Freiburg im Breisgau,6,June,18.0,4.5,76.3
Q2833,Freiburg im Breisgau,7,July,20.2,3.9,74.4
Q2833,Freiburg im Breisgau,8,August,21.3,2.1,73.0
Q2833,Freiburg im Breisgau,9,September,15.5,4.2,78.2
Q2833,Freiburg im Breisgau,10,October,12.9,3.4,84.4
Q2833,Freiburg im Breisgau,11,November,6.5,2.4,83.0
Q2833,Freiburg im Breisgau,12,December,3.5,3.3,79.8
Q43301,Fresno,1,January,8.9,2.2,81.9
Q43301,Fresno,2,February,10.3,3.7,79.8
Q43301,Fresno,3,March,12.3,3.8,72.3
Q43301,Fresno,4,April,15.3,1.3,66.0
Q43301,Fresno,5,May,21.2,0.3,44.0
Q43301,Fresno,6,June,28.2,0.0,29.0
Q43301,Fresno,7,July,33.1,0.0,23.8
Q43301,Fresno,8,August,29.6,0.0,26.7
Q43301,Fresno,9,September,26.6,0.0,34.4
Q43301,Fresno,10,October,21.6,0.4,39.5
Q43301,Fresno,11,November,11.6,1.8,64.8
Q43301,Fresno,12,December,9.5,1.5,86.0
Q26600,Fukuoka,1,January,6.6,2.5,73.9
Q26600,Fukuoka,2,February,8.4,6.9,78.0
Q26600,Fukuoka,3,March,10.0,5.3,72.2
Q26600,Fukuoka,4,April,16.2,6.3,82.6
Q26600,Fukuoka,5,May,18.5,5.6,73.4
Q26600,Fukuoka,6,June,22.1,9.5,83.2
Q26600,Fukuoka,7,July,27.8,6.6,81.0
Q26600,Fukuoka,8,August,29.1,7.0,75.5
Q26600,Fukuoka,9,September,27.1,3.5,76.0
Q26600,Fukuoka,10,October,20.2,5.2,81.6
Q26600,Fukuoka,11,November,14.3,9.0,76.0
Q26600,Fukuoka,12,December,8.0,1.0,63.9
Q34126,Funafuti,1,January,28.9,9.9,76.8
Q34126,Funafuti,2,February,28.5,17.4,80.7
Q34126,Funafuti,3,March,28.8,6.9,77.5
Q34126,Funafuti,4,April,28.5,9.2,79.1
Q34126,Funafuti,5,May,28.6,9.1,79.1
Q34126,Funafuti,6,June,28.1,12.5,79.8
Q34126,Funafuti,7,July,28.1,10.0,78.2
Q34126,Funafuti,8,August,27.7,11.9,79.9
Q34126,Funafuti,9,September,27.6,8.1,80.1
Q34126,Funafuti,10,October,27.9,7.9,76.7
Q34126,Funafuti,11,November,28.4,5.3,73.9
Q34126,Funafuti,12,December,28.4,7.8,76.1
Q1000,Gabon,1,January,24.7,4.3,82.5
Q1000,Gabon,2,February,25.2,7.7,84.0
Q1000,Gabon,3,March,25.3,6.5,84.7
Q1000,Gabon,4,April,24.8,7.8,87.2
Q1000,Gabon,5,May,25.1,6.2,86.3
Q1000,Gabon,6,June,24.2,2.4,82.1
Q1000,Gabon,7,July,23.6,0.5,77.8
Q1000,Gabon,8,August,23.8,0.4,75.1
Q1000,Gabon,9,September,23.8,9.1,85.1
Q1000,Gabon,10,October,23.4,19.0,89.1
Q1000,Gabon,11,November,23.3,15.5,89.2
Q1000,Gabon,12,December,24.2,5.0,83.4
Q3919,Gaborone,1,January,25.7,1.3,56.5
Q3919,Gaborone,2,February,27.5,0.2,45.8
Q3919,Gaborone,3,March,26.7,0.1,44.3
Q3919,Gaborone,4,April,20.0,2.1,62.7
Q3919,Gaborone,5,May,18.3,0.0,51.0
Q3919,Gaborone,6,June,13.8,0.2,51.1
Q3919,Gaborone,7,July,14.5,0.0,29.2
Q3919,Gaborone,8,August,18.4,0.0,32.6
Q3919,Gaborone,9,September,22.4,0.0,33.2
Q3919,Gaborone,10,October,23.7,0.6,30.2
Q3919,Gaborone,11,November,26.9,0.7,38.1
Q3919,Gaborone,12,December,27.2,2.0,51.0
Q47492,Gaza City,1,January,14.6,2.9,73.3
Q47492,Gaza City,2,February,14.4,1.9,74.3
Q47492,Gaza City,3,March,16.6,0.9,67.5
Q47492,Gaza City,4,April,20.3,0.4,73.0
Q47492,Gaza City,5,May,22.3,0.3,67.8
Q47492,Gaza City,6,June,25.9,0.0,77.0
Q47492,Gaza City,7,July,28.2,0.0,74.1
Q47492,Gaza City,8,August,28.1,0.0,72.6
Q47492,Gaza City,9,September,27.2,0.1,66.7
Q47492,Gaza City,10,October,23.6,0.0,62.0
Q47492,Gaza City,11,November,19.2,0.6,70.0
Q47492,Gaza City,12,December,15.8,2.0,61.2
Q1792,Gdańsk,1,January,0.4,2.3,84.1
Q1792,Gdańsk,2,February,4.3,3.3,87.2
Q1792,Gdańsk,3,March,5.8,1.3,81.1
Q1792,Gdańsk,4,April,9.3,1.7,76.3
Q1792,Gdańsk,5,May,15.3,1.0,71.2
Q1792,Gdańsk,6,June,17.4,2.4,72.7
Q1792,Gdańsk,7,July,19.3,5.3,75.4
Q1792,Gdańsk,8,August,19.6,1.3,72.7
Q1792,Gdańsk,9,September,17.6,1.3,73.0
Q1792,Gdańsk,10,October,10.7,1.2,78.8
Q1792,Gdańsk,11,November,5.3,1.5,81.9
Q1792,Gdańsk,12,December,4.3,2.0,86.6
Q71,Geneva,1,January,3.3,3.7,81.6
Q71,Geneva,2,February,6.0,2.7,82.5
Q71,Geneva,3,March,8.0,2.9,76.9
Q71,Geneva,4,April,10.0,3.1,72.5
Q71,Geneva,5,May,13.9,5.3,77.7
Q71,Geneva,6,June,18.1,4.9,77.2
Q71,Geneva,7,July,20.9,2.6,76.3
Q71,Geneva,8,August,22.2,1.7,74.9
Q71,Geneva,9,September,15.2,5.2,79.0
Q71,Geneva,10,October,13.1,4.3,86.5
Q71,Geneva,11,November,7.3,2.8,86.3
Q71,Geneva,12,December,2.5,3.6,84.2
Q1449,Genoa,1,January,8.0,3.1,75.1
Q1449,Genoa,2,February,10.6,10.7,80.4
Q1449,Genoa,3,March,11.4,9.1,80.5
Q1449,Genoa,4,April,13.9,3.5,70.4
Q1449,Genoa,5,May,16.7,3.5,79.1
Q1449,Genoa,6,June,20.2,5.0,80.9
Q1449,Genoa,7,July,24.8,0.9,75.1
Q1449,Genoa,8,August,26.4,0.6,67.5
Q1449,Genoa,9,September,19.8,6.2,72.4
Q1449,Genoa,10,October,17.2,11.0,87.3
Q1449,Genoa,11,November,11.4,1.8,77.8
Q1449,Genoa,12,December,8.1,2.0,67.1
Q10717,Georgetown,1,January,26.6,3.7,78.5
Q10717,Georgetown,2,February,27.0,1.8,77.3
Q10717,Georgetown,3,March,27.7,1.9,76.2
Q10717,Georgetown,4,April,27.8,4.1,76.9
Q10717,Georgetown,5,May,27.1,10.1,84.4
Q10717,Georgetown,6,June,26.5,12.4,86.7
Q10717,Georgetown,7,July,26.6,10.7,86.2
Q10717,Georgetown,8,August,27.5,5.2,83.7
Q10717,Georgetown,9,September,28.3,3.5,81.1
Q10717,Georgetown,10,October,28.0,4.6,80.8
Q10717,Georgetown,11,November,27.9,3.7,79.5
Q10717,Georgetown,12,December,26.8,5.5,80.1
Q230,Georgia,1,January,2.3,1.6,75.3
Q230,Georgia,2,February,4.5,2.7,72.7
Q230,Georgia,3,March,6.3,2.2,74.3
Q230,Georgia,4,April,15.3,0.2,64.4
Q230,Georgia,5,May,14.9,3.7,73.8
Q230,Georgia,6,June,21.6,3.7,70.8
Q230,Georgia,7,July,24.5,3.3,63.3
Q230,Georgia,8,August,23.8,2.5,65.4
Q230,Georgia,9,September,20.0,1.6,63.6
Q230,Georgia,10,October,12.2,2.1,76.2
Q230,Georgia,11,November,6.2,3.1,78.7
Q230,Georgia,12,December,1.5,2.9,81.3
Q183,Germany,1,January,0.7,2.2,82.8
Q183,Germany,2,February,6.2,2.6,84.4
Q183,Germany,3,March,6.8,2.0,80.3
Q183,Germany,4,April,9.5,2.8,74.0
Q183,Germany,5,May,14.5,4.0,76.4
Q183,Germany,6,June,16.0,3.3,74.4
Q183,Germany,7,July,18.3,2.6,73.1
Q183,Germany,8,August,19.7,1.4,72.8
Q183,Germany,9,September,15.4,2.3,75.9
Q183,Germany,10,October,10.9,2.2,86.2
Q183,Germany,11,November,4.8,1.7,86.3
Q183,Germany,12,December,2.2,1.4,88.5
Q117,Ghana,1,January,27.3,0.0,48.1
Q117,Ghana,2,February,29.1,0.1,48.7
Q117,Ghana,3,March,30.4,3.0,64.9
Q117,Ghana,4,April,29.9,1.8,69.2
Q117,Ghana,5,May,29.2,5.2,73.5
Q117,Ghana,6,June,27.0,5.0,80.7
Q117,Ghana,7,July,26.6,3.4,77.9
Q117,Ghana,8,August,26.7,3.0,74.8
Q117,Ghana,9,September,26.0,6.6,82.4
Q117,Ghana,10,October,26.2,6.0,83.2
Q117,Ghana,11,November,28.4,0.0,53.2
Q117,Ghana,12,December,28.0,0.0,36.4
Q1296,Ghent,1,January,3.8,2.5,81.1
Q1296,Ghent,2,February,8.4,3.6,86.2
Q1296,Ghent,3,March,8.7,2.8,80.8
Q1296,Ghent,4,April,10.7,3.5,75.5
Q1296,Ghent,5,May,14.7,4.2,81.3
Q1296,Ghent,6,June,15.5,2.2,75.6
Q1296,Ghent,7,July,18.3,2.9,74.8
Q1296,Ghent,8,August,19.8,2.0,72.8
Q1296,Ghent,9,September,15.9,3.1,80.4
Q1296,Ghent,10,October,12.5,2.3,85.2
Q1296,Ghent,11,November,7.6,2.3,86.6
Q1296,Ghent,12,December,6.1,2.7,88.0
Q1410,Gibraltar,1,January,13.4,2.5,79.0
Q1410,Gibraltar,2,February,14.2,2.4,77.4
Q1410,Gibraltar,3,March,14.3,6.6,76.9
Q1410,Gibraltar,4,April,16.5,0.5,70.8
Q1410,Gibraltar,5,May,18.7,0.3,65.2
Q1410,Gibraltar,6,June,21.4,0.9,66.2
Q1410,Gibraltar,7,July,24.9,0.0,62.5
Q1410,Gibraltar,8,August,25.9,0.4,70.0
Q1410,Gibraltar,9,September,22.4,1.1,71.5
Q1410,Gibraltar,10,October,19.1,5.7,79.7
Q1410,Gibraltar,11,November,16.5,5.6,86.6
Q1410,Gibraltar,12,December,13.3,0.6,76.1
Q4093,Glasgow,1,January,3.4,3.6,88.0
Q4093,Glasgow,2,February,5.6,4.4,86.7
Q4093,Glasgow,3,March,6.1,3.5,81.6
Q4093,Glasgow,4,April,7.8,4.5,78.2
Q4093,Glasgow,5,May,13.4,4.3,81.0
Q4093,Glasgow,6,June,12.4,2.2,76.3
Q4093,Glasgow,7,July,14.2,2.4,79.3
Q4093,Glasgow,8,August,14.3,7.6,80.9
Q4093,Glasgow,9,September,11.8,1.6,82.9
Q4093,Glasgow,10,October,10.4,2.8,84.6
Q4093,Glasgow,11,November,6.5,1.7,87.8
Q4093,Glasgow,12,December,6.1,4.2,88.0
Q25287,Gothenburg,1,January,-1.7,3.5,86.6
Q25287,Gothenburg,2,February,2.1,3.9,88.7
Q25287,Gothenburg,3,March,4.0,1.9,83.9
Q25287,Gothenburg,4,April,6.1,3.8,79.5
Q25287,Gothenburg,5,May,15.2,2.6,66.8
Q25287,Gothenburg,6,June,14.3,5.4,80.1
Q25287,Gothenburg,7,July,16.0,4.6,82.0
Q25287,Gothenburg,8,August,16.5,4.5,79.4
Q25287,Gothenburg,9,September,14.3,4.0,79.9
Q25287,Gothenburg,10,October,9.9,1.6,86.3
Q25287,Gothenburg,11,November,5.1,2.2,87.1
Q25287,Gothenburg,12,December,3.5,2.6,90.5
Q3033,Göttingen,1,January,1.3,2.3,81.5
Q3033,Göttingen,2,February,6.4,3.1,84.4
Q3033,Göttingen,3,March,7.1,2.3,79.8
Q3033,Göttingen,4,April,9.7,2.5,74.2
Q3033,Göttingen,5,May,14.9,3.3,73.8
Q3033,Göttingen,6,June,16.0,2.2,72.9
Q3033,Göttingen,7,July,18.2,2.8,72.6
Q3033,Göttingen,8,August,19.5,2.0,73.8
Q3033,Göttingen,9,September,15.5,2.8,76.1
Q3033,Göttingen,10,October,11.1,2.2,85.7
Q3033,Göttingen,11,November,5.1,2.0,86.4
Q3033,Göttingen,12,December,2.7,1.7,88.5
Q13298,Graz,1,January,0.1,1.3,72.3
Q13298,Graz,2,February,5.5,0.8,78.9
Q13298,Graz,3,March,8.0,2.0,75.5
Q13298,Graz,4,April,11.6,1.9,68.0
Q13298,Graz,5,May,15.1,4.7,76.1
Q13298,Graz,6,June,19.3,3.2,77.0
Q13298,Graz,7,July,22.1,2.8,72.0
Q13298,Graz,8,August,23.1,0.9,70.5
Q13298,Graz,9,September,15.6,8.9,75.7
Q13298,Graz,10,October,11.4,2.6,85.3
Q13298,Graz,11,November,3.2,0.4,82.7
Q13298,Graz,12,December,1.0,0.3,78.4
Q41,Greece,1,January,8.1,3.4,76.0
Q41,Greece,2,February,10.1,1.0,73.7
Q41,Greece,3,March,12.0,1.1,73.8
Q41,Greece,4,April,16.8,1.1,59.5
Q41,Greece,5,May,18.7,1.1,64.5
Q41,Greece,6,June,27.6,0.0,44.8
Q41,Greece,7,July,29.0,0.1,40.8
Q41,Greece,8,August,28.4,0.1,44.5
Q41,Greece,9,September,23.7,0.7,56.0
Q41,Greece,10,October,18.3,0.2,61.7
Q41,Greece,11,November,12.0,2.2,72.7
Q41,Greece,12,December,9.7,6.3,76.8
Q223,Greenland,1,January,-36.2,0.9,71.8
Q223,Greenland,2,February,-39.0,0.2,71.4
Q223,Greenland,3,March,-30.8,0.4,74.6
Q223,Greenland,4,April,-27.7,0.3,77.1
Q223,Greenland,5,May,-23.1,0.6,76.7
Q223,Greenland,6,June,-13.1,1.4,83.2
Q223,Greenland,7,July,-10.0,1.3,86.1
Q223,Greenland,8,August,-13.0,0.6,86.0
Q223,Greenland,9,September,-20.9,0.9,81.2
Q223,Greenland,10,October,-33.7,0.2,75.8
Q223,Greenland,11,November,-33.3,1.0,74.1
Q223,Greenland,12,December,-38.9,0.3,71.4
Q769,Grenada,1,January,22.8,3.2,76.8
Q769,Grenada,2,February,23.4,1.3,73.7
Q769,Grenada,3,March,23.5,1.8,73.9
Q769,Grenada,4,April,24.3,1.6,71.9
Q769,Grenada,5,May,25.1,1.7,73.5
Q769,Grenada,6,June,24.2,4.4,79.4
Q769,Grenada,7,July,23.9,6.3,82.4
Q769,Grenada,8,August,24.1,4.4,81.5
Q769,Grenada,9,September,24.8,1.8,78.6
Q769,Grenada,10,October,25.0,2.1,76.4
Q769,Grenada,11,November,24.1,3.4,79.8
Q769,Grenada,12,December,23.1,2.5,77.2
Q1289,Grenoble,1,January,5.5,5.0,79.0
Q1289,Grenoble,2,February,8.5,3.4,80.0
Q1289,Grenoble,3,March,10.3,5.1,73.1
Q1289,Grenoble,4,April,12.0,4.3,70.9
Q1289,Grenoble,5,May,15.6,6.9,77.7
Q1289,Grenoble,6,June,20.0,5.1,76.9
Q1289,Grenoble,7,July,23.0,3.3,73.9
Q1289,Grenoble,8,August,23.7,2.1,71.6
Q1289,Grenoble,9,September,16.6,8.8,79.0
Q1289,Grenoble,10,October,15.8,4.1,81.0
Q1289,Grenoble,11,November,9.4,1.9,81.4
Q1289,Grenoble,12,December,3.7,5.0,78.7
Q5196,Grozny,1,January,-1.4,0.7,79.6
Q5196,Grozny,2,February,2.9,0.9,78.9
Q5196,Grozny,3,March,5.5,1.3,82.5
Q5196,Grozny,4,April,16.8,0.8,62.6
Q5196,Grozny,5,May,15.7,2.3,69.6
Q5196,Grozny,6,June,25.0,2.5,56.8
Q5196,Grozny,7,July,26.9,1.2,50.8
Q5196,Grozny,8,August,25.6,2.0,57.6
Q5196,Grozny,9,September,20.1,1.6,72.3
Q5196,Grozny,10,October,12.5,1.9,76.5
Q5196,Grozny,11,November,6.1,1.2,80.1
Q5196,Grozny,12,December,1.7,1.2,86.7
Q9022,Guadalajara,1,January,17.4,0.1,46.4
Q9022,Guadalajara,2,February,18.0,1.2,46.1
Q9022,Guadalajara,3,March,21.3,0.0,29.9
Q9022,Guadalajara,4,April,23.7,0.0,28.7
Q9022,Guadalajara,5,May,26.6,0.0,29.9
Q9022,Guadalajara,6,June,24.7,5.0,56.4
Q9022,Guadalajara,7,July,20.4,6.8,81.3
Q9022,Guadalajara,8,August,20.5,5.0,80.2
Q9022,Guadalajara,9,September,21.1,3.1,76.2
Q9022,Guadalajara,10,October,20.3,0.7,55.5
Q9022,Guadalajara,11,November,21.2,0.0,50.3
Q9022,Guadalajara,12,December,19.2,0.0,42.8
Q16572,Guangzhou,1,January,15.9,0.5,67.6
Q16572,Guangzhou,2,February,16.6,1.4,75.2
Q16572,Guangzhou,3,March,19.8,4.0,77.9
Q16572,Guangzhou,4,April,25.0,23.5,85.2
Q16572,Guangzhou,5,May,25.3,10.2,83.7
Q16572,Guangzhou,6,June,27.8,15.3,85.5
Q16572,Guangzhou,7,July,29.0,9.1,82.2
Q16572,Guangzhou,8,August,28.6,11.7,85.4
Q16572,Guangzhou,9,September,27.7,10.1,84.0
Q16572,Guangzhou,10,October,25.2,0.5,63.5
Q16572,Guangzhou,11,November,21.6,1.6,63.7
Q16572,Guangzhou,12,December,16.4,0.0,49.1
Q774,Guatemala,1,January,17.3,4.7,87.5
Q774,Guatemala,2,February,16.3,2.2,84.4
Q774,Guatemala,3,March,20.0,2.5,81.4
Q774,Guatemala,4,April,20.1,1.8,80.5
Q774,Guatemala,5,May,23.5,1.1,66.2
Q774,Guatemala,6,June,20.9,12.3,85.7
Q774,Guatemala,7,July,19.6,5.9,89.0
Q774,Guatemala,8,August,19.6,4.9,88.4
Q774,Guatemala,9,September,19.9,7.9,88.4
Q774,Guatemala,10,October,18.3,11.3,93.2
Q774,Guatemala,11,November,17.6,8.3,91.2
Q774,Guatemala,12,December,16.2,8.2,92.6
Q1555,Guatemala City,1,January,18.4,0.3,68.7
Q1555,Guatemala City,2,February,18.2,0.6,63.4
Q1555,Guatemala City,3,March,21.4,0.2,66.2
Q1555,Guatemala City,4,April,20.9,1.8,69.7
Q1555,Guatemala City,5,May,22.5,0.9,69.1
Q1555,Guatemala City,6,June,19.6,16.2,86.4
Q1555,Guatemala City,7,July,18.9,5.9,85.2
Q1555,Guatemala City,8,August,19.4,4.7,80.6
Q1555,Guatemala City,9,September,19.7,7.5,83.0
Q1555,Guatemala City,10,October,18.3,4.4,85.0
Q1555,Guatemala City,11,November,17.8,2.5,82.4
Q1555,Guatemala City,12,December,17.3,0.7,76.4
Q1006,Guinea,1,January,25.5,0.0,36.7
Q1006,Guinea,2,February,27.9,0.0,31.7
Q1006,Guinea,3,March,30.2,0.0,43.0
Q1006,Guinea,4,April,29.2,1.1,54.7
Q1006,Guinea,5,May,27.9,2.2,71.5
Q1006,Guinea,6,June,25.5,8.7,79.8
Q1006,Guinea,7,July,23.8,8.3,85.9
Q1006,Guinea,8,August,23.5,15.6,87.8
Q1006,Guinea,9,September,23.6,15.8,87.5
Q1006,Guinea,10,October,24.4,6.9,83.9
Q1006,Guinea,11,November,25.4,0.0,55.4
Q1006,Guinea,12,December,25.9,0.0,30.0
Q1007,Guinea-Bissau,1,January,26.4,0.0,46.1
Q1007,Guinea-Bissau,2,February,28.5,0.0,42.1
Q1007,Guinea-Bissau,3,March,30.2,0.0,37.3
Q1007,Guinea-Bissau,4,April,30.4,0.0,49.2
Q1007,Guinea-Bissau,5,May,30.4,0.5,57.2
Q1007,Guinea-Bissau,6,June,28.5,2.5,71.4
Q1007,Guinea-Bissau,7,July,26.1,10.8,86.3
Q1007,Guinea-Bissau,8,August,25.8,13.5,87.6
Q1007,Guinea-Bissau,9,September,25.6,15.7,88.6
Q1007,Guinea-Bissau,10,October,26.7,8.6,85.2
Q1007,Guinea-Bissau,11,November,27.2,0.0,71.1
Q1007,Guinea-Bissau,12,December,25.0,0.1,51.3
Q734,Guyana,1,January,25.2,3.6,84.0
Q734,Guyana,2,February,26.1,2.0,79.0
Q734,Guyana,3,March,26.9,2.6,77.2
Q734,Guyana,4,April,26.5,7.3,81.7
Q734,Guyana,5,May,25.4,19.1,91.1
Q734,Guyana,6,June,25.4,16.1,89.4
Q734,Guyana,7,July,25.5,11.6,88.1
Q734,Guyana,8,August,26.3,7.4,83.4
Q734,Guyana,9,September,27.3,3.3,80.9
Q734,Guyana,10,October,26.8,3.4,82.3
Q734,Guyana,11,November,26.5,5.2,82.9
Q734,Guyana,12,December,24.9,9.2,87.9
Q41621,Haifa,1,January,14.8,7.2,76.9
Q41621,Haifa,2,February,14.1,3.4,75.6
Q41621,Haifa,3,March,16.8,1.3,65.7
Q41621,Haifa,4,April,20.7,1.0,70.3
Q41621,Haifa,5,May,22.2,0.3,68.1
Q41621,Haifa,6,June,26.3,0.0,75.1
Q41621,Haifa,7,July,28.3,0.1,74.5
Q41621,Haifa,8,August,28.3,0.1,71.1
Q41621,Haifa,9,September,27.1,0.2,66.9
Q41621,Haifa,10,October,23.8,0.1,58.5
Q41621,Haifa,11,November,19.0,1.7,69.1
Q41621,Haifa,12,December,15.8,3.4,63.5
Q790,Haiti,1,January,27.3,0.2,67.5
Q790,Haiti,2,February,26.2,0.8,64.4
Q790,Haiti,3,March,28.1,0.5,63.5
Q790,Haiti,4,April,28.4,1.4,64.8
Q790,Haiti,5,May,29.2,2.5,70.4
Q790,Haiti,6,June,29.9,3.2,70.4
Q790,Haiti,7,July,30.5,1.1,66.5
Q790,Haiti,8,August,30.6,2.5,67.0
Q790,Haiti,9,September,29.8,4.6,72.2
Q790,Haiti,10,October,29.6,2.6,70.3
Q790,Haiti,11,November,27.6,2.8,73.8
Q790,Haiti,12,December,27.2,1.1,71.3
Q2814,Halle (Saale),1,January,1.8,1.6,79.1
Q2814,Halle (Saale),2,February,7.2,2.4,81.3
Q2814,Halle (Saale),3,March,7.5,1.9,78.5
Q2814,Halle (Saale),4,April,11.0,1.6,71.1
Q2814,Halle (Saale),5,May,16.2,2.6,69.4
Q2814,Halle (Saale),6,June,17.8,2.3,68.9
Q2814,Halle (Saale),7,July,20.4,1.7,65.1
Q2814,Halle (Saale),8,August,21.5,2.1,64.9
Q2814,Halle (Saale),9,September,17.3,2.3,67.3
Q2814,Halle (Saale),10,October,11.9,1.8,83.2
Q2814,Halle (Saale),11,November,5.8,1.2,83.7
Q2814,Halle (Saale),12,December,3.6,1.0,85.5
Q1055,Hamburg,1,January,2.0,3.3,85.0
Q1055,Hamburg,2,February,6.4,3.9,86.7
Q1055,Hamburg,3,March,7.6,1.3,80.6
Q1055,Hamburg,4,April,10.0,2.9,77.6
Q1055,Hamburg,5,May,16.2,3.1,71.3
Q1055,Hamburg,6,June,16.1,3.3,76.0
Q1055,Hamburg,7,July,18.3,2.4,74.9
Q1055,Hamburg,8,August,19.2,1.8,73.5
Q1055,Hamburg,9,September,16.1,2.9,75.2
Q1055,Hamburg,10,October,11.1,2.9,85.8
Q1055,Hamburg,11,November,6.2,2.8,87.6
Q1055,Hamburg,12,December,4.9,1.6,89.7
Q4970,Hangzhou,1,January,5.8,1.5,71.3
Q4970,Hangzhou,2,February,6.4,5.5,79.0
Q4970,Hangzhou,3,March,12.5,2.3,74.8
Q4970,Hangzhou,4,April,17.9,8.7,82.4
Q4970,Hangzhou,5,May,20.9,4.0,76.3
Q4970,Hangzhou,6,June,24.2,14.4,84.3
Q4970,Hangzhou,7,July,31.1,2.0,70.6
Q4970,Hangzhou,8,August,31.5,5.0,67.6
Q4970,Hangzhou,9,September,27.0,4.4,79.3
Q4970,Hangzhou,10,October,19.0,2.4,79.8
Q4970,Hangzhou,11,November,14.3,3.4,76.0
Q4970,Hangzhou,12,December,6.7,0.7,70.4
Q1858,Hanoi,1,January,17.8,3.3,80.5
Q1858,Hanoi,2,February,19.6,1.1,79.7
Q1858,Hanoi,3,March,21.8,2.8,81.4
Q1858,Hanoi,4,April,28.0,1.2,79.7
Q1858,Hanoi,5,May,27.5,9.8,83.8
Q1858,Hanoi,6,June,29.3,15.8,82.6
Q1858,Hanoi,7,July,28.9,18.0,83.7
Q1858,Hanoi,8,August,28.9,10.7,84.6
Q1858,Hanoi,9,September,27.3,21.1,86.1
Q1858,Hanoi,10,October,25.4,2.6,73.0
Q1858,Hanoi,11,November,23.5,0.4,69.0
Q1858,Hanoi,12,December,18.2,0.4,67.5
Q1715,Hanover,1,January,2.6,2.1,79.2
Q1715,Hanover,2,February,7.2,3.9,84.2
Q1715,Hanover,3,March,8.0,1.4,78.5
Q1715,Hanover,4,April,10.6,3.2,74.7
Q1715,Hanover,5,May,16.2,1.9,70.4
Q1715,Hanover,6,June,16.8,2.4,71.7
Q1715,Hanover,7,July,18.8,3.0,72.3
Q1715,Hanover,8,August,20.0,1.1,72.1
Q1715,Hanover,9,September,16.4,2.6,74.0
Q1715,Hanover,10,October,11.8,2.1,84.6
Q1715,Hanover,11,November,6.0,1.9,86.4
Q1715,Hanover,12,December,4.5,1.9,88.1
Q3921,Harare,1,January,19.5,4.6,77.7
Q3921,Harare,2,February,22.1,0.3,57.7
Q3921,Harare,3,March,21.6,1.2,64.0
Q3921,Harare,4,April,19.3,1.2,63.2
Q3921,Harare,5,May,17.7,0.0,49.9
Q3921,Harare,6,June,15.3,0.1,53.5
Q3921,Harare,7,July,17.4,0.0,31.7
Q3921,Harare,8,August,18.3,0.0,39.0
Q3921,Harare,9,September,20.8,0.0,39.3
Q3921,Harare,10,October,21.0,1.1,47.5
Q3921,Harare,11,November,21.5,4.7,63.6
Q3921,Harare,12,December,23.5,2.0,53.0
Q42956,Harbin,1,January,-17.2,0.2,79.2
Q42956,Harbin,2,February,-11.6,0.2,68.5
Q42956,Harbin,3,March,-2.0,0.4,47.1
Q42956,Harbin,4,April,9.8,0.6,49.1
Q42956,Harbin,5,May,15.1,3.0,49.7
Q42956,Harbin,6,June,19.3,7.7,74.5
Q42956,Harbin,7,July,23.7,7.5,78.4
Q42956,Harbin,8,August,23.1,6.3,83.1
Q42956,Harbin,9,September,16.3,1.0,68.5
Q42956,Harbin,10,October,8.0,0.9,61.7
Q42956,Harbin,11,November,-1.5,0.7,64.8
Q42956,Harbin,12,December,-14.9,0.1,77.9
Q25280,Harrisburg,1,January,1.0,4.3,72.7
Q25280,Harrisburg,2,February,2.9,4.6,68.3
Q25280,Harrisburg,3,March,7.2,3.5,65.4
Q25280,Harrisburg,4,April,12.2,4.3,68.6
Q25280,Harrisburg,5,May,18.0,3.0,75.5
Q25280,Harrisburg,6,June,23.6,1.7,61.5
Q25280,Harrisburg,7,July,25.9,3.1,64.7
Q25280,Harrisburg,8,August,23.1,3.9,72.3
Q25280,Harrisburg,9,September,19.3,1.7,74.2
Q25280,Harrisburg,10,October,13.7,0.5,69.2
Q25280,Harrisburg,11,November,9.0,2.1,70.4
Q25280,Harrisburg,12,December,1.8,2.4,71.2
Q33486,Hartford,1,January,-0.4,5.3,73.1
Q33486,Hartford,2,February,0.6,1.7,67.4
Q33486,Hartford,3,March,5.6,6.5,67.1
Q33486,Hartford,4,April,9.4,4.4,68.2
Q33486,Hartford,5,May,16.2,3.5,75.1
Q33486,Hartford,6,June,21.6,2.8,69.1
Q33486,Hartford,7,July,24.1,3.8,75.9
Q33486,Hartford,8,August,21.7,3.5,78.2
Q33486,Hartford,9,September,18.3,0.7,73.4
Q33486,Hartford,10,October,13.0,0.5,67.2
Q33486,Hartford,11,November,8.3,1.9,63.7
Q33486,Hartford,12,December,0.5,3.3,71.7
Q1563,Havana,1,January,23.4,0.7,76.8
Q1563,Havana,2,February,21.7,1.5,70.1
Q1563,Havana,3,March,25.5,1.2,71.5
Q1563,Havana,4,April,25.5,0.5,65.6
Q1563,Havana,5,May,28.9,1.0,67.5
Q1563,Havana,6,June,27.9,5.9,77.3
Q1563,Havana,7,July,29.0,3.6,75.0
Q1563,Havana,8,August,28.3,7.3,79.5
Q1563,Havana,9,September,28.0,5.6,80.0
Q1563,Havana,10,October,26.8,3.5,78.9
Q1563,Havana,11,November,25.1,5.0,76.1
Q1563,Havana,12,December,23.3,2.0,76.0
Q2966,Heidelberg,1,January,1.8,3.4,80.6
Q2966,Heidelberg,2,February,7.4,4.0,83.0
Q2966,Heidelberg,3,March,8.5,2.7,77.5
Q2966,Heidelberg,4,April,10.4,3.6,73.3
Q2966,Heidelberg,5,May,15.0,5.1,77.1
Q2966,Heidelberg,6,June,17.7,3.1,73.5
Q2966,Heidelberg,7,July,19.7,3.2,73.2
Q2966,Heidelberg,8,August,21.2,2.0,71.0
Q2966,Heidelberg,9,September,16.2,3.6,76.8
Q2966,Heidelberg,10,October,12.1,4.2,85.2
Q2966,Heidelberg,11,November,5.7,2.9,85.9
Q2966,Heidelberg,12,December,2.6,2.0,86.5
Q38733,Helena,1,January,-7.4,0.6,67.3
Q38733,Helena,2,February,-3.8,1.6,73.7
Q38733,Helena,3,March,0.3,0.9,58.0
Q38733,Helena,4,April,6.3,0.7,51.2
Q38733,Helena,5,May,9.7,1.9,51.5
Q38733,Helena,6,June,16.7,1.0,43.2
Q38733,Helena,7,July,23.1,0.4,33.5
Q38733,Helena,8,August,19.6,0.6,46.7
Q38733,Helena,9,September,16.2,0.5,49.5
Q38733,Helena,10,October,9.6,0.4,49.9
Q38733,Helena,11,November,-0.1,0.9,67.3
Q38733,Helena,12,December,0.0,0.5,65.5
Q1757,Helsinki,1,January,-7.2,1.4,84.2
Q1757,Helsinki,2,February,-3.6,2.9,87.5
Q1757,Helsinki,3,March,-0.5,1.3,90.1
Q1757,Helsinki,4,April,3.0,2.8,83.3
Q1757,Helsinki,5,May,12.2,0.1,66.9
Q1757,Helsinki,6,June,16.5,1.3,70.9
Q1757,Helsinki,7,July,18.2,2.8,81.2
Q1757,Helsinki,8,August,17.7,2.2,80.0
Q1757,Helsinki,9,September,15.2,3.8,82.4
Q1757,Helsinki,10,October,8.8,2.1,82.5
Q1757,Helsinki,11,November,3.6,3.2,87.3
Q1757,Helsinki,12,December,0.6,2.5,88.0
Q34664,Hiroshima,1,January,5.1,1.5,72.0
Q34664,Hiroshima,2,February,6.7,4.9,74.7
Q34664,Hiroshima,3,March,8.0,5.2,72.8
Q34664,Hiroshima,4,April,15.1,4.7,79.5
Q34664,Hiroshima,5,May,17.1,6.0,74.9
Q34664,Hiroshima,6,June,21.1,9.6,83.3
Q34664,Hiroshima,7,July,26.5,8.0,85.2
Q34664,Hiroshima,8,August,28.4,5.9,75.3
Q34664,Hiroshima,9,September,26.3,2.1,76.8
Q34664,Hiroshima,10,October,19.4,4.7,77.5
Q34664,Hiroshima,11,November,12.5,7.8,74.9
Q34664,Hiroshima,12,December,6.4,0.2,68.5
Q40191,Hobart,1,January,16.4,2.3,67.7
Q40191,Hobart,2,February,17.0,0.5,60.9
Q40191,Hobart,3,March,15.1,0.5,67.2
Q40191,Hobart,4,April,11.8,1.8,76.2
Q40191,Hobart,5,May,9.7,0.9,80.2
Q40191,Hobart,6,June,7.5,1.3,83.6
Q40191,Hobart,7,July,6.9,2.4,81.8
Q40191,Hobart,8,August,9.6,2.8,77.4
Q40191,Hobart,9,September,9.4,1.9,70.7
Q40191,Hobart,10,October,11.4,1.3,68.2
Q40191,Hobart,11,November,13.6,2.0,69.8
Q40191,Hobart,12,December,15.6,2.8,69.3
Q1854,Ho Chi Minh City,1,January,27.6,0.1,68.2
Q1854,Ho Chi Minh City,2,February,28.3,0.1,66.7
Q1854,Ho Chi Minh City,3,March,29.4,0.1,65.1
Q1854,Ho Chi Minh City,4,April,30.9,0.1,66.1
Q1854,Ho Chi Minh City,5,May,29.9,6.9,76.7
Q1854,Ho Chi Minh City,6,June,28.4,8.5,82.1
Q1854,Ho Chi Minh City,7,July,27.1,11.6,86.2
Q1854,Ho Chi Minh City,8,August,27.8,9.0,83.7
Q1854,Ho Chi Minh City,9,September,27.0,13.5,86.9
Q1854,Ho Chi Minh City,10,October,26.8,11.1,86.3
Q1854,Ho Chi Minh City,11,November,27.7,2.5,78.8
Q1854,Ho Chi Minh City,12,December,26.3,4.1,80.6
Q783,Honduras,1,January,16.1,1.1,77.8
Q783,Honduras,2,February,16.3,0.6,67.1
Q783,Honduras,3,March,20.2,1.2,58.3
Q783,Honduras,4,April,20.1,1.4,64.8
Q783,Honduras,5,May,22.2,0.9,58.0
Q783,Honduras,6,June,17.9,13.6,87.4
Q783,Honduras,7,July,17.2,6.1,86.7
Q783,Honduras,8,August,17.6,3.7,84.1
Q783,Honduras,9,September,17.8,8.4,86.1
Q783,Honduras,10,October,17.0,7.9,86.7
Q783,Honduras,11,November,16.0,10.3,86.2
Q783,Honduras,12,December,15.2,4.2,86.1
Q8646,Hong Kong,1,January,16.4,0.3,72.8
Q8646,Hong Kong,2,February,18.2,1.0,81.0
Q8646,Hong Kong,3,March,19.8,2.8,82.8
Q8646,Hong Kong,4,April,24.7,18.2,90.6
Q8646,Hong Kong,5,May,24.7,15.2,88.5
Q8646,Hong Kong,6,June,27.1,10.4,90.3
Q8646,Hong Kong,7,July,28.4,8.9,85.5
Q8646,Hong Kong,8,August,28.1,12.1,88.6
Q8646,Hong Kong,9,September,27.2,13.9,88.1
Q8646,Hong Kong,10,October,25.4,0.6,69.1
Q8646,Hong Kong,11,November,21.4,10.2,73.5
Q8646,Hong Kong,12,December,16.6,0.0,59.5
Q40921,Honiara,1,January,26.4,16.8,88.5
Q40921,Honiara,2,February,26.9,12.5,85.5
Q40921,Honiara,3,March,26.7,11.6,87.2
Q40921,Honiara,4,April,26.7,6.2,84.8
Q40921,Honiara,5,May,26.4,4.7,87.1
Q40921,Honiara,6,June,26.2,3.3,83.4
Q40921,Honiara,7,July,26.1,3.0,81.5
Q40921,Honiara,8,August,25.9,3.4,81.7
Q40921,Honiara,9,September,26.2,3.8,79.9
Q40921,Honiara,10,October,26.4,3.3,80.4
Q40921,Honiara,11,November,26.9,3.5,79.0
Q40921,Honiara,12,December,27.1,7.8,80.7
Q18094,Honolulu,1,January,21.8,4.5,79.2
Q18094,Honolulu,2,February,21.6,0.7,68.3
Q18094,Honolulu,3,March,22.2,0.7,68.6
Q18094,Honolulu,4,April,22.8,2.4,73.3
Q18094,Honolulu,5,May,23.5,5.3,75.7
Q18094,Honolulu,6,June,24.5,0.4,72.7
Q18094,Honolulu,7,July,25.0,0.5,71.0
Q18094,Honolulu,8,August,25.6,1.6,72.6
Q18094,Honolulu,9,September,25.8,0.4,70.0
Q18094,Honolulu,10,October,25.4,0.9,71.2
Q18094,Honolulu,11,November,24.0,0.7,71.2
Q18094,Honolulu,12,December,23.4,0.6,73.3
Q16555,Houston,1,January,10.6,10.6,72.8
Q16555,Houston,2,February,15.7,2.1,73.4
Q16555,Houston,3,March,18.4,3.2,77.9
Q16555,Houston,4,April,21.8,6.3,76.3
Q16555,Houston,5,May,25.5,9.5,84.1
Q16555,Houston,6,June,27.8,3.5,79.7
Q16555,Houston,7,July,27.2,15.8,82.9
Q16555,Houston,8,August,28.5,2.6,77.8
Q16555,Houston,9,September,26.2,4.1,76.1
Q16555,Houston,10,October,23.9,0.9,66.6
Q16555,Houston,11,November,19.7,4.5,74.4
Q16555,Houston,12,December,15.7,5.5,77.1
Q28,Hungary,1,January,2.0,1.6,77.6
Q28,Hungary,2,February,8.6,0.8,77.0
Q28,Hungary,3,March,9.7,1.0,72.5
Q28,Hungary,4,April,13.7,1.3,65.2
Q28,Hungary,5,May,18.4,1.8,63.9
Q28,Hungary,6,June,22.1,2.4,70.1
Q28,Hungary,7,July,25.4,0.8,57.8
Q28,Hungary,8,August,25.5,0.1,57.8
Q28,Hungary,9,September,18.4,2.9,66.3
Q28,Hungary,10,October,12.1,1.8,80.0
Q28,Hungary,11,November,4.4,1.5,82.0
Q28,Hungary,12,December,2.5,1.2,86.4
Q1361,Hyderabad,1,January,23.0,0.0,62.9
Q1361,Hyderabad,2,February,25.8,0.0,50.4
Q1361,Hyderabad,3,March,29.0,0.1,43.1
Q1361,Hyderabad,4,April,31.4,0.5,39.5
Q1361,Hyderabad,5,May,30.9,2.8,53.6
Q1361,Hyderabad,6,June,27.2,9.3,74.0
Q1361,Hyderabad,7,July,25.2,9.1,81.2
Q1361,Hyderabad,8,August,25.4,7.9,81.4
Q1361,Hyderabad,9,September,24.9,8.6,80.8
Q1361,Hyderabad,10,October,25.1,2.6,79.0
Q1361,Hyderabad,11,November,24.0,0.3,59.3
Q1361,Hyderabad,12,December,23.3,1.2,68.5
Q189,Iceland,1,January,-6.1,2.7,79.9
Q189,Iceland,2,February,-7.0,2.7,81.9
Q189,Iceland,3,March,-5.0,2.6,83.8
Q189,Iceland,4,April,-4.0,1.7,82.5
Q189,Iceland,5,May,1.6,2.0,85.1
Q189,Iceland,6,June,3.9,3.4,86.4
Q189,Iceland,7,July,7.9,3.6,82.9
Q189,Iceland,8,August,4.8,5.2,89.3
Q189,Iceland,9,September,1.8,3.7,83.5
Q189,Iceland,10,October,-2.7,3.5,87.5
Q189,Iceland,11,November,-4.1,4.2,82.7
Q189,Iceland,12,December,-6.4,4.4,82.2
Q668,India,1,January,18.1,0.3,59.2
Q668,India,2,February,20.8,1.1,56.5
Q668,India,3,March,25.0,1.4,43.5
Q668,India,4,April,29.5,0.7,38.6
Q668,India,5,May,31.6,0.4,39.3
Q668,India,6,June,29.8,6.0,64.2
Q668,India,7,July,26.2,14.1,85.9
Q668,India,8,August,24.7,21.4,89.5
Q668,India,9,September,25.3,9.3,85.7
Q668,India,10,October,24.5,1.6,78.5
Q668,India,11,November,20.3,0.0,62.3
Q668,India,12,December,17.9,0.6,68.9
Q6346,Indianapolis,1,January,-1.7,4.0,74.2
Q6346,Indianapolis,2,February,3.8,1.2,69.7
Q6346,Indianapolis,3,March,8.1,4.4,65.6
Q6346,Indianapolis,4,April,13.1,5.4,69.1
Q6346,Indianapolis,5,May,19.4,3.5,71.5
Q6346,Indianapolis,6,June,23.3,2.7,63.4
Q6346,Indianapolis,7,July,23.5,3.1,71.5
Q6346,Indianapolis,8,August,23.1,2.0,69.9
Q6346,Indianapolis,9,September,20.9,3.5,64.8
Q6346,Indianapolis,10,October,14.7,0.4,62.4
Q6346,Indianapolis,11,November,8.8,3.8,76.4
Q6346,Indianapolis,12,December,2.3,3.8,75.2
Q252,Indonesia,1,January,27.9,8.0,81.1
Q252,Indonesia,2,February,28.1,5.8,80.9
Q252,Indonesia,3,March,28.1,6.4,81.4
Q252,Indonesia,4,April,28.7,4.1,77.8
Q252,Indonesia,5,May,28.6,9.6,80.6
Q252,Indonesia,6,June,28.0,16.1,79.9
Q252,Indonesia,7,July,28.1,8.0,78.4
Q252,Indonesia,8,August,27.8,11.2,78.5
Q252,Indonesia,9,September,28.3,4.8,78.1
Q252,Indonesia,10,October,28.0,8.1,79.6
Q252,Indonesia,11,November,28.0,9.6,78.8
Q252,Indonesia,12,December,28.1,9.3,78.7
Q1735,Innsbruck,1,January,1.6,2.4,72.0
Q1735,Innsbruck,2,February,6.5,1.7,75.5
Q1735,Innsbruck,3,March,7.8,3.5,74.8
Q1735,Innsbruck,4,April,10.2,3.3,68.6
Q1735,Innsbruck,5,May,14.2,6.8,75.7
Q1735,Innsbruck,6,June,18.2,7.3,76.1
Q1735,Innsbruck,7,July,21.0,3.8,76.9
Q1735,Innsbruck,8,August,21.8,2.2,76.7
Q1735,Innsbruck,9,September,14.7,9.3,77.9
Q1735,Innsbruck,10,October,12.9,3.0,82.1
Q1735,Innsbruck,11,November,5.6,1.1,73.6
Q1735,Innsbruck,12,December,0.5,2.0,74.2
Q794,Iran,1,January,8.6,0.2,37.9
Q794,Iran,2,February,7.0,0.7,42.8
Q794,Iran,3,March,11.6,1.0,42.7
Q794,Iran,4,April,17.2,0.4,36.0
Q794,Iran,5,May,23.5,0.4,28.5
Q794,Iran,6,June,30.0,0.0,15.7
Q794,Iran,7,July,33.9,0.0,15.2
Q794,Iran,8,August,33.2,0.0,14.9
Q794,Iran,9,September,25.7,0.0,17.5
Q794,Iran,10,October,19.5,0.1,26.8
Q794,Iran,11,November,14.1,0.1,42.9
Q794,Iran,12,December,5.3,0.1,42.7
Q796,Iraq,1,January,12.1,0.2,67.5
Q796,Iraq,2,February,12.0,2.3,71.1
Q796,Iraq,3,March,16.3,1.1,51.0
Q796,Iraq,4,April,25.7,0.1,30.2
Q796,Iraq,5,May,28.8,0.4,28.7
Q796,Iraq,6,June,37.2,0.0,13.0
Q796,Iraq,7,July,37.6,0.0,17.9
Q796,Iraq,8,August,37.0,0.0,19.0
Q796,Iraq,9,September,32.2,0.0,25.7
Q796,Iraq,10,October,24.0,0.0,25.1
Q796,Iraq,11,November,16.2,0.5,63.1
Q796,Iraq,12,December,10.1,0.2,57.2
Q27,Ireland,1,January,4.6,2.6,86.8
Q27,Ireland,2,February,7.6,4.3,87.3
Q27,Ireland,3,March,7.5,5.0,82.6
Q27,Ireland,4,April,9.3,3.0,79.0
Q27,Ireland,5,May,12.8,2.7,79.7
Q27,Ireland,6,June,13.2,1.8,75.8
Q27,Ireland,7,July,14.7,2.2,79.7
Q27,Ireland,8,August,15.4,3.1,78.6
Q27,Ireland,9,September,13.1,2.4,81.1
Q27,Ireland,10,October,11.4,1.9,84.8
Q27,Ireland,11,November,8.4,2.7,90.8
Q27,Ireland,12,December,7.0,2.7,89.1
Q6576,Irkutsk,1,January,-18.5,0.3,77.3
Q6576,Irkutsk,2,February,-18.7,0.3,72.9
Q6576,Irkutsk,3,March,-5.7,0.2,70.1
Q6576,Irkutsk,4,April,3.6,1.3,62.5
Q6576,Irkutsk,5,May,12.0,1.4,54.9
Q6576,Irkutsk,6,June,16.8,2.3,68.7
Q6576,Irkutsk,7,July,21.2,3.7,77.5
Q6576,Irkutsk,8,August,19.3,2.8,74.8
Q6576,Irkutsk,9,September,9.6,2.0,78.2
Q6576,Irkutsk,10,October,2.5,0.6,74.9
Q6576,Irkutsk,11,November,-3.9,0.7,80.0
Q6576,Irkutsk,12,December,-14.6,0.5,81.9
Q42053,Isfahan,1,January,5.8,0.2,44.0
Q42053,Isfahan,2,February,5.0,1.6,49.8
Q42053,Isfahan,3,March,9.0,1.4,50.7
Q42053,Isfahan,4,April,16.4,0.8,35.0
Q42053,Isfahan,5,May,21.8,0.4,30.5
Q42053,Isfahan,6,June,28.3,0.1,19.9
Q42053,Isfahan,7,July,32.3,0.0,16.2
Q42053,Isfahan,8,August,32.0,0.0,16.1
Q42053,Isfahan,9,September,24.7,0.0,19.9
Q42053,Isfahan,10,October,18.0,0.0,27.3
Q42053,Isfahan,11,November,13.0,0.4,45.0
Q42053,Isfahan,12,December,4.9,0.2,41.9
Q1362,Islamabad,1,January,10.2,1.5,72.1
Q1362,Islamabad,2,February,12.1,2.3,54.8
Q1362,Islamabad,3,March,16.5,6.1,57.8
Q1362,Islamabad,4,April,20.5,5.4,56.6
Q1362,Islamabad,5,May,28.3,0.4,36.0
Q1362,Islamabad,6,June,31.9,0.4,32.8
Q1362,Islamabad,7,July,29.4,6.4,71.7
Q1362,Islamabad,8,August,26.9,9.9,81.6
Q1362,Islamabad,9,September,26.6,4.0,72.1
Q1362,Islamabad,10,October,23.2,1.4,59.1
Q1362,Islamabad,11,November,17.4,0.7,65.2
Q1362,Islamabad,12,December,11.6,0.0,52.9
Q801,Israel,1,January,11.8,0.3,66.5
Q801,Israel,2,February,11.5,0.5,66.9
Q801,Israel,3,March,14.7,0.2,55.7
Q801,Israel,4,April,19.7,0.5,55.5
Q801,Israel,5,May,21.1,0.1,52.3
Q801,Israel,6,June,26.4,0.0,49.8
Q801,Israel,7,July,27.1,0.0,53.5
Q801,Israel,8,August,26.1,0.0,60.8
Q801,Israel,9,September,24.1,0.0,63.7
Q801,Israel,10,October,20.2,0.0,59.9
Q801,Israel,11,November,15.8,0.4,67.5
Q801,Israel,12,December,12.0,0.1,58.4
Q406,Istanbul,1,January,7.4,3.6,76.8
Q406,Istanbul,2,February,9.3,1.0,79.4
Q406,Istanbul,3,March,9.6,2.3,80.1
Q406,Istanbul,4,April,15.3,2.2,72.9
Q406,Istanbul,5,May,15.7,2.7,77.1
Q406,Istanbul,6,June,24.5,0.3,65.2
Q406,Istanbul,7,July,26.2,1.2,70.0
Q406,Istanbul,8,August,25.1,0.5,68.2
Q406,Istanbul,9,September,21.8,3.1,75.2
Q406,Istanbul,10,October,16.4,0.3,74.4
Q406,Istanbul,11,November,11.3,2.5,75.3
Q406,Istanbul,12,December,9.2,4.7,82.4
Q38,Italy,1,January,7.0,1.5,85.1
Q38,Italy,2,February,8.6,2.8,82.2
Q38,Italy,3,March,10.7,3.8,83.3
Q38,Italy,4,April,13.3,1.6,74.2
Q38,Italy,5,May,16.7,3.2,76.9
Q38,Italy,6,June,21.7,1.7,65.7
Q38,Italy,7,July,27.1,0.3,52.5
Q38,Italy,8,August,26.8,0.5,60.0
Q38,Italy,9,September,19.6,4.1,73.8
Q38,Italy,10,October,16.2,5.7,86.5
Q38,Italy,11,November,10.2,0.7,81.5
Q38,Italy,12,December,6.2,4.2,81.5
Q1008,Ivory Coast,1,January,25.5,0.0,45.7
Q1008,Ivory Coast,2,February,27.3,0.8,46.0
Q1008,Ivory Coast,3,March,28.7,3.9,67.7
Q1008,Ivory Coast,4,April,28.7,1.2,69.4
Q1008,Ivory Coast,5,May,28.0,2.6,74.2
Q1008,Ivory Coast,6,June,26.1,3.7,79.5
Q1008,Ivory Coast,7,July,25.1,5.1,80.5
Q1008,Ivory Coast,8,August,25.0,7.7,81.1
Q1008,Ivory Coast,9,September,24.9,5.2,83.3
Q1008,Ivory Coast,10,October,25.0,6.5,85.2
Q1008,Ivory Coast,11,November,26.5,0.5,62.7
Q1008,Ivory Coast,12,December,26.8,0.0,33.7
Q35997,İzmir,1,January,9.0,3.4,72.9
Q35997,İzmir,2,February,10.8,1.4,72.4
Q35997,İzmir,3,March,12.7,0.9,65.1
Q35997,İzmir,4,April,18.6,1.1,57.0
Q35997,İzmir,5,May,20.3,1.3,55.8
Q35997,İzmir,6,June,29.1,0.0,42.1
Q35997,İzmir,7,July,30.8,0.2,41.6
Q35997,İzmir,8,August,29.5,0.2,42.9
Q35997,İzmir,9,September,24.3,1.4,57.1
Q35997,İzmir,10,October,19.5,0.1,53.6
Q35997,İzmir,11,November,12.9,2.6,65.4
Q35997,İzmir,12,December,10.5,7.4,78.0
Q28198,Jackson,1,January,6.5,5.5,72.4
Q28198,Jackson,2,February,12.3,3.0,72.2
Q28198,Jackson,3,March,14.7,6.2,77.2
Q28198,Jackson,4,April,18.7,5.7,75.1
Q28198,Jackson,5,May,23.6,7.6,79.8
Q28198,Jackson,6,June,25.8,2.6,75.9
Q28198,Jackson,7,July,26.8,4.1,80.3
Q28198,Jackson,8,August,27.5,1.5,67.7
Q28198,Jackson,9,September,24.0,4.5,76.5
Q28198,Jackson,10,October,20.2,0.4,64.9
Q28198,Jackson,11,November,17.1,6.3,78.4
Q28198,Jackson,12,December,11.3,2.7,73.6
Q16568,Jacksonville,1,January,12.8,2.1,76.6
Q16568,Jacksonville,2,February,13.7,2.4,76.2
Q16568,Jacksonville,3,March,18.2,4.0,76.3
Q16568,Jacksonville,4,April,20.7,2.5,66.4
Q16568,Jacksonville,5,May,25.5,2.2,72.6
Q16568,Jacksonville,6,June,27.8,3.4,70.8
Q16568,Jacksonville,7,July,28.0,5.4,80.2
Q16568,Jacksonville,8,August,27.0,8.4,82.6
Q16568,Jacksonville,9,September,25.5,9.5,85.4
Q16568,Jacksonville,10,October,21.7,3.9,78.6
Q16568,Jacksonville,11,November,19.5,0.7,78.9
Q16568,Jacksonville,12,December,13.8,0.5,80.7
Q66485,Jaipur,1,January,13.3,0.0,75.1
Q66485,Jaipur,2,February,17.3,0.2,51.8
Q66485,Jaipur,3,March,23.5,0.2,34.9
Q66485,Jaipur,4,April,29.6,0.1,23.8
Q66485,Jaipur,5,May,35.3,0.0,19.4
Q66485,Jaipur,6,June,34.0,3.1,42.0
Q66485,Jaipur,7,July,29.3,5.9,78.3
Q66485,Jaipur,8,August,26.7,10.9,84.6
Q66485,Jaipur,9,September,26.6,4.3,80.7
Q66485,Jaipur,10,October,26.9,0.0,53.6
Q66485,Jaipur,11,November,22.5,0.0,49.1
Q66485,Jaipur,12,December,16.0,1.0,58.4
Q3630,Jakarta,1,January,27.0,9.3,82.5
Q3630,Jakarta,2,February,27.0,9.6,85.3
Q3630,Jakarta,3,March,27.0,8.4,84.3
Q3630,Jakarta,4,April,27.5,8.4,85.7
Q3630,Jakarta,5,May,27.9,7.4,82.5
Q3630,Jakarta,6,June,27.3,5.2,82.1
Q3630,Jakarta,7,July,26.9,3.7,77.4
Q3630,Jakarta,8,August,27.5,1.2,74.5
Q3630,Jakarta,9,September,27.7,3.3,75.1
Q3630,Jakarta,10,October,28.2,2.4,74.9
Q3630,Jakarta,11,November,27.5,9.0,81.5
Q3630,Jakarta,12,December,27.0,8.9,82.5
Q766,Jamaica,1,January,21.4,0.9,84.4
Q766,Jamaica,2,February,20.3,1.1,81.3
Q766,Jamaica,3,March,22.3,1.0,79.8
Q766,Jamaica,4,April,22.7,2.3,80.5
Q766,Jamaica,5,May,23.7,4.0,81.2
Q766,Jamaica,6,June,23.5,5.0,87.4
Q766,Jamaica,7,July,23.8,10.6,84.8
Q766,Jamaica,8,August,24.0,3.6,84.1
Q766,Jamaica,9,September,23.7,4.2,85.3
Q766,Jamaica,10,October,23.3,3.9,87.8
Q766,Jamaica,11,November,21.7,9.1,91.0
Q766,Jamaica,12,December,21.6,0.7,87.5
Q17,Japan,1,January,4.4,1.9,75.6
Q17,Japan,2,February,6.1,4.1,76.0
Q17,Japan,3,March,6.9,6.7,72.3
Q17,Japan,4,April,15.2,5.8,73.7
Q17,Japan,5,May,17.1,7.8,74.4
Q17,Japan,6,June,21.8,10.1,78.1
Q17,Japan,7,July,27.0,7.2,81.4
Q17,Japan,8,August,28.1,6.1,76.5
Q17,Japan,9,September,26.4,2.2,76.2
Q17,Japan,10,October,19.9,5.3,78.9
Q17,Japan,11,November,12.6,4.5,75.3
Q17,Japan,12,December,5.6,0.7,72.7
Q374365,Jeddah,1,January,24.2,0.4,61.4
Q374365,Jeddah,2,February,23.5,0.8,58.5
Q374365,Jeddah,3,March,26.4,0.3,57.9
Q374365,Jeddah,4,April,28.6,1.1,51.1
Q374365,Jeddah,5,May,30.1,0.0,55.5
Q374365,Jeddah,6,June,32.8,0.0,50.9
Q374365,Jeddah,7,July,34.3,0.0,47.3
Q374365,Jeddah,8,August,33.7,0.3,63.5
Q374365,Jeddah,9,September,32.4,0.0,64.6
Q374365,Jeddah,10,October,30.6,0.2,62.6
Q374365,Jeddah,11,November,27.6,2.3,67.1
Q374365,Jeddah,12,December,25.7,0.2,56.5
Q28180,Jefferson City,1,January,-1.8,2.6,72.0
Q28180,Jefferson City,2,February,7.0,0.5,63.1
Q28180,Jefferson City,3,March,10.1,3.8,64.9
Q28180,Jefferson City,4,April,14.8,3.7,63.0
Q28180,Jefferson City,5,May,19.9,3.9,75.9
Q28180,Jefferson City,6,June,25.0,2.6,68.2
Q28180,Jefferson City,7,July,24.8,3.4,74.3
Q28180,Jefferson City,8,August,24.8,1.4,70.7
Q28180,Jefferson City,9,September,21.6,2.0,67.1
Q28180,Jefferson City,10,October,17.1,0.8,54.4
Q28180,Jefferson City,11,November,9.6,6.2,74.6
Q28180,Jefferson City,12,December,4.1,1.9,73.2
Q1218,Jerusalem,1,January,10.4,1.8,77.7
Q1218,Jerusalem,2,February,10.1,1.7,75.3
Q1218,Jerusalem,3,March,13.3,1.1,64.1
Q1218,Jerusalem,4,April,18.9,1.1,56.0
Q1218,Jerusalem,5,May,20.1,0.3,54.3
Q1218,Jerusalem,6,June,27.1,0.1,39.0
Q1218,Jerusalem,7,July,26.5,0.0,50.3
Q1218,Jerusalem,8,August,25.5,0.0,56.8
Q1218,Jerusalem,9,September,23.2,0.1,64.7
Q1218,Jerusalem,10,October,19.4,0.1,59.2
Q1218,Jerusalem,11,November,14.8,0.7,71.0
Q1218,Jerusalem,12,December,11.4,0.5,62.0
Q34647,Johannesburg,1,January,19.5,2.4,68.6
Q34647,Johannesburg,2,February,21.1,1.0,61.2
Q34647,Johannesburg,3,March,20.3,0.6,59.4
Q34647,Johannesburg,4,April,15.4,1.7,64.9
Q34647,Johannesburg,5,May,15.3,0.0,43.8
Q34647,Johannesburg,6,June,10.0,0.5,50.5
Q34647,Johannesburg,7,July,10.8,0.0,28.9
Q34647,Johannesburg,8,August,14.3,0.0,34.6
Q34647,Johannesburg,9,September,16.7,0.9,43.2
Q34647,Johannesburg,10,October,17.8,0.6,41.1
Q34647,Johannesburg,11,November,20.5,1.2,51.4
Q34647,Johannesburg,12,December,22.3,1.6,56.5
Q810,Jordan,1,January,10.4,0.1,61.6
Q810,Jordan,2,February,10.0,0.8,62.0
Q810,Jordan,3,March,14.0,0.1,47.8
Q810,Jordan,4,April,20.6,0.2,38.6
Q810,Jordan,5,May,22.2,0.0,36.5
Q810,Jordan,6,June,29.9,0.0,24.5
Q810,Jordan,7,July,28.4,0.0,34.9
Q810,Jordan,8,August,27.7,0.0,38.8
Q810,Jordan,9,September,24.8,0.0,47.4
Q810,Jordan,10,October,20.2,0.0,45.0
Q810,Jordan,11,November,14.1,0.0,63.4
Q810,Jordan,12,December,10.2,0.0,52.2
Q1947,Juba,1,January,29.8,0.0,24.7
Q1947,Juba,2,February,31.6,0.2,31.7
Q1947,Juba,3,March,33.0,0.4,35.5
Q1947,Juba,4,April,29.5,1.2,55.8
Q1947,Juba,5,May,29.8,2.6,56.4
Q1947,Juba,6,June,28.2,1.7,61.1
Q1947,Juba,7,July,26.2,4.8,72.6
Q1947,Juba,8,August,25.0,5.8,79.3
Q1947,Juba,9,September,27.5,1.7,63.8
Q1947,Juba,10,October,27.5,1.9,64.6
Q1947,Juba,11,November,28.5,0.4,54.0
Q1947,Juba,12,December,31.0,0.1,31.6
Q29445,Juneau,1,January,-3.3,11.5,74.1
Q29445,Juneau,2,February,-2.0,4.8,75.1
Q29445,Juneau,3,March,0.1,5.7,72.9
Q29445,Juneau,4,April,2.9,5.4,77.2
Q29445,Juneau,5,May,6.9,7.6,82.1
Q29445,Juneau,6,June,13.4,2.4,78.9
Q29445,Juneau,7,July,13.8,15.2,88.9
Q29445,Juneau,8,August,14.5,9.0,82.5
Q29445,Juneau,9,September,10.1,14.3,92.0
Q29445,Juneau,10,October,4.7,14.3,87.0
Q29445,Juneau,11,November,-1.3,5.9,78.0
Q29445,Juneau,12,December,0.2,10.8,83.5
Q5838,Kabul,1,January,3.1,0.9,55.4
Q5838,Kabul,2,February,-1.6,3.8,61.8
Q5838,Kabul,3,March,3.6,4.8,65.4
Q5838,Kabul,4,April,10.2,6.7,67.5
Q5838,Kabul,5,May,16.6,1.3,57.8
Q5838,Kabul,6,June,22.1,0.3,36.0
Q5838,Kabul,7,July,25.8,0.0,29.6
Q5838,Kabul,8,August,24.3,0.2,47.3
Q5838,Kabul,9,September,21.7,0.2,30.9
Q5838,Kabul,10,October,15.3,0.6,48.4
Q5838,Kabul,11,November,9.7,0.5,49.9
Q5838,Kabul,12,December,2.5,0.0,51.6
Q1829,Kaliningrad,1,January,-1.1,3.1,85.2
Q1829,Kaliningrad,2,February,3.9,3.5,88.2
Q1829,Kaliningrad,3,March,5.4,1.5,79.1
Q1829,Kaliningrad,4,April,8.8,1.5,77.6
Q1829,Kaliningrad,5,May,16.3,0.8,63.6
Q1829,Kaliningrad,6,June,17.8,2.9,71.7
Q1829,Kaliningrad,7,July,19.6,3.7,74.9
Q1829,Kaliningrad,8,August,19.6,2.1,74.7
Q1829,Kaliningrad,9,September,17.8,1.4,71.1
Q1829,Kaliningrad,10,October,9.9,1.4,81.4
Q1829,Kaliningrad,11,November,4.9,2.6,84.6
Q1829,Kaliningrad,12,December,3.4,2.3,88.2
Q3894,Kampala,1,January,21.9,2.0,77.2
Q3894,Kampala,2,February,22.6,4.3,77.5
Q3894,Kampala,3,March,22.8,3.2,79.3
Q3894,Kampala,4,April,21.7,8.8,85.2
Q3894,Kampala,5,May,22.0,3.8,82.4
Q3894,Kampala,6,June,21.4,1.6,76.4
Q3894,Kampala,7,July,21.2,2.6,78.5
Q3894,Kampala,8,August,21.3,2.0,77.8
Q3894,Kampala,9,September,21.7,3.1,78.0
Q3894,Kampala,10,October,21.5,4.9,80.6
Q3894,Kampala,11,November,21.1,7.3,83.6
Q3894,Kampala,12,December,21.6,4.3,79.3
Q8660,Karachi,1,January,20.1,0.1,61.3
Q8660,Karachi,2,February,22.2,0.2,55.4
Q8660,Karachi,3,March,24.0,0.3,54.9
Q8660,Karachi,4,April,27.4,0.1,70.0
Q8660,Karachi,5,May,30.3,0.0,71.2
Q8660,Karachi,6,June,31.1,0.4,73.4
Q8660,Karachi,7,July,31.4,1.3,75.3
Q8660,Karachi,8,August,29.0,4.8,79.1
Q8660,Karachi,9,September,28.1,0.2,78.5
Q8660,Karachi,10,October,29.8,0.0,67.7
Q8660,Karachi,11,November,26.8,0.0,68.4
Q8660,Karachi,12,December,20.7,0.0,35.0
Q1040,Karlsruhe,1,January,2.5,3.2,79.1
Q1040,Karlsruhe,2,February,8.0,2.8,81.0
Q1040,Karlsruhe,3,March,9.1,2.3,78.0
Q1040,Karlsruhe,4,April,11.0,3.5,73.2
Q1040,Karlsruhe,5,May,15.4,5.5,76.9
Q1040,Karlsruhe,6,June,18.3,4.1,74.4
Q1040,Karlsruhe,7,July,20.6,2.4,72.7
Q1040,Karlsruhe,8,August,22.2,1.5,68.6
Q1040,Karlsruhe,9,September,16.6,3.5,76.0
Q1040,Karlsruhe,10,October,12.7,3.1,85.6
Q1040,Karlsruhe,11,November,6.5,2.2,84.2
Q1040,Karlsruhe,12,December,3.4,1.8,84.8
Q3037,Kathmandu,1,January,9.9,0.2,69.6
Q3037,Kathmandu,2,February,11.9,0.1,62.9
Q3037,Kathmandu,3,March,16.0,1.4,63.8
Q3037,Kathmandu,4,April,21.6,0.0,43.0
Q3037,Kathmandu,5,May,21.9,3.6,68.9
Q3037,Kathmandu,6,June,23.4,10.1,82.9
Q3037,Kathmandu,7,July,23.4,25.9,89.5
Q3037,Kathmandu,8,August,22.6,20.1,88.8
Q3037,Kathmandu,9,September,22.1,18.2,88.2
Q3037,Kathmandu,10,October,19.2,1.8,85.5
Q3037,Kathmandu,11,November,15.8,0.6,77.6
Q3037,Kathmandu,12,December,11.9,0.2,70.0
Q588,Katowice,1,January,-0.8,2.9,84.7
Q588,Katowice,2,February,6.5,2.8,82.4
Q588,Katowice,3,March,7.4,1.4,74.5
Q588,Katowice,4,April,11.1,1.9,70.3
Q588,Katowice,5,May,16.3,0.9,63.7
Q588,Katowice,6,June,19.4,2.5,69.6
Q588,Katowice,7,July,21.4,2.8,67.7
Q588,Katowice,8,August,21.2,1.5,69.0
Q588,Katowice,9,September,17.3,4.3,68.3
Q588,Katowice,10,October,10.3,1.1,81.0
Q588,Katowice,11,November,3.5,1.3,85.3
Q588,Katowice,12,December,1.8,1.0,85.8
Q4115712,Kaunas,1,January,-3.5,2.1,84.2
Q4115712,Kaunas,2,February,2.8,2.5,86.0
Q4115712,Kaunas,3,March,4.7,0.5,76.3
Q4115712,Kaunas,4,April,9.2,3.4,76.4
Q4115712,Kaunas,5,May,15.6,1.1,64.6
Q4115712,Kaunas,6,June,18.7,2.3,67.9
Q4115712,Kaunas,7,July,21.0,3.7,67.7
Q4115712,Kaunas,8,August,19.7,1.9,73.0
Q4115712,Kaunas,9,September,17.7,1.3,70.0
Q4115712,Kaunas,10,October,9.3,1.6,81.8
Q4115712,Kaunas,11,November,4.1,1.4,83.6
Q4115712,Kaunas,12,December,2.2,2.2,87.0
Q232,Kazakhstan,1,January,-9.3,1.1,78.4
Q232,Kazakhstan,2,February,-12.5,1.0,83.3
Q232,Kazakhstan,3,March,-2.0,1.0,81.4
Q232,Kazakhstan,4,April,11.9,0.3,54.9
Q232,Kazakhstan,5,May,15.5,1.7,54.9
Q232,Kazakhstan,6,June,24.6,0.2,37.4
Q232,Kazakhstan,7,July,23.4,1.1,47.5
Q232,Kazakhstan,8,August,22.0,0.6,43.4
Q232,Kazakhstan,9,September,14.1,0.0,44.8
Q232,Kazakhstan,10,October,7.8,2.1,64.7
Q232,Kazakhstan,11,November,-1.5,0.6,77.6
Q232,Kazakhstan,12,December,-8.5,0.8,82.6
Q900,Kazan,1,January,-13.6,2.6,82.1
Q900,Kazan,2,February,-11.8,1.4,81.0
Q900,Kazan,3,March,-3.5,1.4,83.8
Q900,Kazan,4,April,9.0,0.8,73.2
Q900,Kazan,5,May,9.8,1.6,62.6
Q900,Kazan,6,June,21.1,1.4,65.9
Q900,Kazan,7,July,21.2,1.5,63.7
Q900,Kazan,8,August,18.0,2.3,78.5
Q900,Kazan,9,September,16.2,0.1,65.5
Q900,Kazan,10,October,6.0,1.4,76.7
Q900,Kazan,11,November,-0.1,0.9,84.2
Q900,Kazan,12,December,-4.6,1.5,87.9
Q114,Kenya,1,January,24.6,1.9,67.3
Q114,Kenya,2,February,25.8,0.7,61.3
Q114,Kenya,3,March,26.7,1.6,58.7
Q114,Kenya,4,April,24.8,7.7,74.2
Q114,Kenya,5,May,24.5,1.9,70.1
Q114,Kenya,6,June,23.8,0.2,59.8
Q114,Kenya,7,July,23.6,1.2,62.9
Q114,Kenya,8,August,23.5,1.6,61.5
Q114,Kenya,9,September,24.8,0.7,57.6
Q114,Kenya,10,October,26.4,1.2,53.9
Q114,Kenya,11,November,23.7,5.5,75.2
Q114,Kenya,12,December,24.4,1.4,64.5
Q4454,Khabarovsk,1,January,-20.6,0.4,76.1
Q4454,Khabarovsk,2,February,-14.8,0.5,74.0
Q4454,Khabarovsk,3,March,-6.1,0.6,68.8
Q4454,Khabarovsk,4,April,7.6,1.0,62.4
Q4454,Khabarovsk,5,May,11.4,1.8,59.2
Q4454,Khabarovsk,6,June,16.2,5.4,75.5
Q4454,Khabarovsk,7,July,21.6,3.2,79.4
Q4454,Khabarovsk,8,August,21.2,4.8,82.5
Q4454,Khabarovsk,9,September,14.9,1.8,69.5
Q4454,Khabarovsk,10,October,6.2,1.2,66.2
Q4454,Khabarovsk,11,November,-4.4,1.4,68.5
Q4454,Khabarovsk,12,December,-20.3,0.2,76.6
Q42308,Kharkiv,1,January,-4.0,2.1,85.5
Q42308,Kharkiv,2,February,0.3,1.4,75.5
Q42308,Kharkiv,3,March,3.4,0.6,71.6
Q42308,Kharkiv,4,April,13.7,1.7,67.4
Q42308,Kharkiv,5,May,14.9,0.5,52.7
Q42308,Kharkiv,6,June,21.7,2.0,67.0
Q42308,Kharkiv,7,July,25.4,0.4,53.9
Q42308,Kharkiv,8,August,23.3,0.3,49.9
Q42308,Kharkiv,9,September,20.7,0.0,37.7
Q42308,Kharkiv,10,October,11.1,0.7,67.1
Q42308,Kharkiv,11,November,3.0,2.1,80.4
Q42308,Kharkiv,12,December,0.1,1.2,88.1
Q1963,Khartoum,1,January,23.1,0.0,27.4
Q1963,Khartoum,2,February,24.7,0.0,18.9
Q1963,Khartoum,3,March,30.3,0.0,13.1
Q1963,Khartoum,4,April,32.7,0.0,11.6
Q1963,Khartoum,5,May,35.4,0.0,14.3
Q1963,Khartoum,6,June,35.6,0.0,28.2
Q1963,Khartoum,7,July,33.0,0.5,42.5
Q1963,Khartoum,8,August,27.8,2.8,72.0
Q1963,Khartoum,9,September,32.9,0.5,41.9
Q1963,Khartoum,10,October,33.4,0.0,26.5
Q1963,Khartoum,11,November,27.9,0.0,27.3
Q1963,Khartoum,12,December,25.5,0.0,29.2
Q1707,Kiel,1,January,2.2,2.7,84.0
Q1707,Kiel,2,February,5.6,3.1,87.8
Q1707,Kiel,3,March,6.6,1.3,83.1
Q1707,Kiel,4,April,8.9,3.7,79.9
Q1707,Kiel,5,May,14.7,2.4,76.3
Q1707,Kiel,6,June,15.1,3.1,78.3
Q1707,Kiel,7,July,17.3,2.4,77.2
Q1707,Kiel,8,August,18.2,1.4,75.1
Q1707,Kiel,9,September,15.6,2.4,77.6
Q1707,Kiel,10,October,11.0,2.2,84.7
Q1707,Kiel,11,November,6.0,3.0,88.9
Q1707,Kiel,12,December,4.9,1.9,90.5
Q3859,Kigali,1,January,20.2,3.4,77.8
Q3859,Kigali,2,February,20.7,2.4,74.0
Q3859,Kigali,3,March,21.1,2.2,73.1
Q3859,Kigali,4,April,20.1,3.1,80.0
Q3859,Kigali,5,May,21.0,1.2,70.9
Q3859,Kigali,6,June,20.8,0.0,55.9
Q3859,Kigali,7,July,21.8,0.1,50.0
Q3859,Kigali,8,August,21.9,0.2,52.2
Q3859,Kigali,9,September,22.0,1.8,57.4
Q3859,Kigali,10,October,20.7,3.1,70.6
Q3859,Kigali,11,November,19.6,5.9,79.8
Q3859,Kigali,12,December,19.2,4.0,80.4
Q29999,Kingdom of the Netherlands,1,January,4.1,2.4,81.3
Q29999,Kingdom of the Netherlands,2,February,7.8,4.4,87.9
Q29999,Kingdom of the Netherlands,3,March,8.5,1.8,80.9
Q29999,Kingdom of the Netherlands,4,April,10.2,3.4,77.2
Q29999,Kingdom of the Netherlands,5,May,15.1,4.8,81.5
Q29999,Kingdom of the Netherlands,6,June,15.2,2.7,78.4
Q29999,Kingdom of the Netherlands,7,July,17.5,3.6,78.9
Q29999,Kingdom of the Netherlands,8,August,19.1,1.8,76.4
Q29999,Kingdom of the Netherlands,9,September,15.9,3.9,80.9
Q29999,Kingdom of the Netherlands,10,October,12.3,1.8,86.6
Q29999,Kingdom of the Netherlands,11,November,7.4,3.5,85.7
Q29999,Kingdom of the Netherlands,12,December,6.5,2.7,87.4
Q34692,Kingston,1,January,25.9,0.3,72.5
Q34692,Kingston,2,February,24.9,0.8,70.8
Q34692,Kingston,3,March,26.3,0.7,71.8
Q34692,Kingston,4,April,26.9,2.2,74.3
Q34692,Kingston,5,May,27.7,1.5,75.4
Q34692,Kingston,6,June,28.1,2.4,76.9
Q34692,Kingston,7,July,28.2,6.3,75.8
Q34692,Kingston,8,August,28.5,1.2,73.9
Q34692,Kingston,9,September,28.2,3.1,76.1
Q34692,Kingston,10,October,27.5,2.3,79.6
Q34692,Kingston,11,November,25.7,8.6,83.8
Q34692,Kingston,12,December,25.7,1.5,78.5
Q3838,Kinshasa,1,January,26.1,4.7,81.7
Q3838,Kinshasa,2,February,26.6,7.4,82.3
Q3838,Kinshasa,3,March,27.1,4.7,80.0
Q3838,Kinshasa,4,April,27.0,4.4,80.2
Q3838,Kinshasa,5,May,28.0,1.3,74.8
Q3838,Kinshasa,6,June,25.9,0.1,72.1
Q3838,Kinshasa,7,July,25.2,0.0,66.8
Q3838,Kinshasa,8,August,26.2,0.1,61.7
Q3838,Kinshasa,9,September,26.6,2.2,70.4
Q3838,Kinshasa,10,October,26.3,6.4,78.0
Q3838,Kinshasa,11,November,25.6,11.7,82.5
Q3838,Kinshasa,12,December,25.9,7.0,82.3
Q710,Kiribati,1,January,28.3,26.3,79.2
Q710,Kiribati,2,February,28.5,7.2,79.2
Q710,Kiribati,3,March,27.9,16.9,81.9
Q710,Kiribati,4,April,28.1,8.1,80.1
Q710,Kiribati,5,May,28.7,3.9,77.0
Q710,Kiribati,6,June,28.7,1.9,74.6
Q710,Kiribati,7,July,28.4,4.0,75.6
Q710,Kiribati,8,August,28.9,0.9,70.9
Q710,Kiribati,9,September,28.6,1.9,72.2
Q710,Kiribati,10,October,28.5,1.3,72.7
Q710,Kiribati,11,November,28.7,0.6,70.5
Q710,Kiribati,12,December,28.1,2.9,77.3
Q776965,Klaipėda,1,January,-1.8,2.4,81.3
Q776965,Klaipėda,2,February,3.0,3.0,86.1
Q776965,Klaipėda,3,March,4.6,1.4,77.3
Q776965,Klaipėda,4,April,7.6,2.2,79.3
Q776965,Klaipėda,5,May,16.2,1.4,63.7
Q776965,Klaipėda,6,June,17.4,2.7,72.2
Q776965,Klaipėda,7,July,19.0,3.3,75.5
Q776965,Klaipėda,8,August,19.0,1.7,76.6
Q776965,Klaipėda,9,September,17.4,2.7,72.0
Q776965,Klaipėda,10,October,9.8,1.4,80.2
Q776965,Klaipėda,11,November,5.6,4.4,82.5
Q776965,Klaipėda,12,December,3.5,2.8,86.1
Q48320,Kobe,1,January,6.1,1.2,72.0
Q48320,Kobe,2,February,7.2,4.6,74.6
Q48320,Kobe,3,March,8.5,5.0,70.1
Q48320,Kobe,4,April,16.2,5.9,77.1
Q48320,Kobe,5,May,17.6,10.0,77.0
Q48320,Kobe,6,June,22.1,10.2,83.2
Q48320,Kobe,7,July,27.3,8.1,85.8
Q48320,Kobe,8,August,28.4,5.7,81.5
Q48320,Kobe,9,September,26.8,1.9,80.8
Q48320,Kobe,10,October,21.0,5.7,77.9
Q48320,Kobe,11,November,14.2,4.0,72.0
Q48320,Kobe,12,December,7.5,0.1,67.1
Q1348,Kolkata,1,January,17.7,1.2,78.9
Q1348,Kolkata,2,February,21.9,1.1,73.8
Q1348,Kolkata,3,March,25.6,2.2,74.9
Q1348,Kolkata,4,April,31.3,0.7,62.8
Q1348,Kolkata,5,May,30.2,7.3,77.3
Q1348,Kolkata,6,June,30.8,5.1,80.3
Q1348,Kolkata,7,July,28.8,12.0,84.6
Q1348,Kolkata,8,August,27.7,18.0,88.0
Q1348,Kolkata,9,September,28.3,10.7,86.4
Q1348,Kolkata,10,October,27.2,7.6,87.0
Q1348,Kolkata,11,November,24.8,0.2,68.8
Q1348,Kolkata,12,December,20.8,0.4,70.9
Q1246,Kosovo,1,January,1.5,1.7,72.7
Q1246,Kosovo,2,February,6.4,0.6,70.0
Q1246,Kosovo,3,March,7.8,2.4,70.9
Q1246,Kosovo,4,April,12.4,2.3,61.7
Q1246,Kosovo,5,May,14.7,2.9,72.0
Q1246,Kosovo,6,June,21.9,1.9,59.8
Q1246,Kosovo,7,July,24.4,0.5,48.7
Q1246,Kosovo,8,August,24.4,0.4,44.7
Q1246,Kosovo,9,September,17.3,5.3,65.0
Q1246,Kosovo,10,October,12.5,2.2,76.2
Q1246,Kosovo,11,November,4.0,3.7,76.2
Q1246,Kosovo,12,December,1.9,2.7,82.4
Q31487,Kraków,1,January,-0.3,2.8,81.6
Q31487,Kraków,2,February,6.7,2.7,81.3
Q31487,Kraków,3,March,7.5,1.7,75.7
Q31487,Kraków,4,April,11.5,2.4,70.2
Q31487,Kraków,5,May,16.5,1.5,63.5
Q31487,Kraków,6,June,19.7,3.0,72.0
Q31487,Kraków,7,July,21.9,2.9,68.4
Q31487,Kraków,8,August,21.2,2.1,72.2
Q31487,Kraków,9,September,17.2,3.7,71.7
Q31487,Kraków,10,October,10.4,1.8,81.6
Q31487,Kraków,11,November,3.8,0.9,83.1
Q31487,Kraków,12,December,2.0,1.1,84.4
Q3646,Krasnodar,1,January,2.4,4.5,81.0
Q3646,Krasnodar,2,February,5.9,1.2,74.8
Q3646,Krasnodar,3,March,7.5,1.6,76.6
Q3646,Krasnodar,4,April,17.5,0.4,60.6
Q3646,Krasnodar,5,May,16.3,3.7,65.8
Q3646,Krasnodar,6,June,24.9,0.4,58.0
Q3646,Krasnodar,7,July,29.2,0.7,40.1
Q3646,Krasnodar,8,August,26.4,1.0,50.0
Q3646,Krasnodar,9,September,22.1,1.8,58.5
Q3646,Krasnodar,10,October,13.3,1.2,76.6
Q3646,Krasnodar,11,November,6.7,2.6,80.6
Q3646,Krasnodar,12,December,3.7,2.1,82.0
Q919,Krasnoyarsk,1,January,-16.0,0.4,70.5
Q919,Krasnoyarsk,2,February,-16.5,0.5,71.1
Q919,Krasnoyarsk,3,March,-4.3,0.8,71.2
Q919,Krasnoyarsk,4,April,3.0,1.2,60.1
Q919,Krasnoyarsk,5,May,11.1,1.6,59.8
Q919,Krasnoyarsk,6,June,18.0,2.3,64.3
Q919,Krasnoyarsk,7,July,22.0,2.4,72.9
Q919,Krasnoyarsk,8,August,18.7,2.7,75.6
Q919,Krasnoyarsk,9,September,8.3,2.5,75.5
Q919,Krasnoyarsk,10,October,2.4,1.1,69.9
Q919,Krasnoyarsk,11,November,-4.1,0.9,70.4
Q919,Krasnoyarsk,12,December,-10.5,0.7,75.0
Q1865,Kuala Lumpur,1,January,26.4,14.0,86.4
Q1865,Kuala Lumpur,2,February,27.4,6.1,79.7
Q1865,Kuala Lumpur,3,March,27.7,9.6,80.9
Q1865,Kuala Lumpur,4,April,27.3,12.5,86.9
Q1865,Kuala Lumpur,5,May,27.4,18.7,87.5
Q1865,Kuala Lumpur,6,June,27.2,9.0,83.0
Q1865,Kuala Lumpur,7,July,27.9,4.1,76.2
Q1865,Kuala Lumpur,8,August,26.9,15.9,80.9
Q1865,Kuala Lumpur,9,September,27.0,10.4,82.8
Q1865,Kuala Lumpur,10,October,27.2,8.2,81.8
Q1865,Kuala Lumpur,11,November,26.5,11.8,86.4
Q1865,Kuala Lumpur,12,December,26.4,16.8,86.9
Q162279,Kuopio,1,January,-10.7,0.9,85.1
Q162279,Kuopio,2,February,-6.5,2.5,86.8
Q162279,Kuopio,3,March,-1.3,1.2,87.1
Q162279,Kuopio,4,April,0.6,2.0,80.7
Q162279,Kuopio,5,May,11.8,0.3,62.6
Q162279,Kuopio,6,June,17.6,2.9,69.4
Q162279,Kuopio,7,July,19.0,4.5,76.9
Q162279,Kuopio,8,August,17.5,2.3,79.4
Q162279,Kuopio,9,September,14.6,2.8,83.0
Q162279,Kuopio,10,October,6.2,1.4,88.2
Q162279,Kuopio,11,November,0.7,2.1,91.6
Q162279,Kuopio,12,December,-3.9,1.6,87.9
Q41470,Kurdistan,1,January,-1.7,9.5,77.3
Q41470,Kurdistan,2,February,-2.9,1.7,72.6
Q41470,Kurdistan,3,March,0.4,9.9,73.3
Q41470,Kurdistan,4,April,7.7,1.6,64.0
Q41470,Kurdistan,5,May,11.2,4.4,70.0
Q41470,Kurdistan,6,June,19.8,0.2,44.1
Q41470,Kurdistan,7,July,22.7,0.0,38.6
Q41470,Kurdistan,8,August,23.1,0.0,35.2
Q41470,Kurdistan,9,September,17.6,0.9,47.4
Q41470,Kurdistan,10,October,10.0,0.6,51.5
Q41470,Kurdistan,11,November,3.5,3.3,70.7
Q41470,Kurdistan,12,December,-0.9,2.4,61.3
Q817,Kuwait,1,January,15.6,0.5,52.8
Q817,Kuwait,2,February,15.3,1.0,57.4
Q817,Kuwait,3,March,19.2,2.1,50.0
Q817,Kuwait,4,April,26.6,0.5,31.6
Q817,Kuwait,5,May,31.8,0.1,26.6
Q817,Kuwait,6,June,39.1,0.0,11.2
Q817,Kuwait,7,July,39.6,0.0,13.1
Q817,Kuwait,8,August,39.4,0.0,16.9
Q817,Kuwait,9,September,35.3,0.0,19.0
Q817,Kuwait,10,October,26.8,0.3,31.6
Q817,Kuwait,11,November,21.3,0.3,45.9
Q817,Kuwait,12,December,14.0,0.4,42.5
Q35178,Kuwait City,1,January,17.1,0.4,55.7
Q35178,Kuwait City,2,February,16.7,0.7,61.2
Q35178,Kuwait City,3,March,19.7,1.4,56.5
Q35178,Kuwait City,4,April,26.4,0.2,40.6
Q35178,Kuwait City,5,May,31.3,0.1,37.5
Q35178,Kuwait City,6,June,38.4,0.0,20.2
Q35178,Kuwait City,7,July,39.9,0.0,19.6
Q35178,Kuwait City,8,August,39.1,0.0,26.8
Q35178,Kuwait City,9,September,35.7,0.0,27.1
Q35178,Kuwait City,10,October,27.6,0.2,41.2
Q35178,Kuwait City,11,November,22.6,0.2,50.4
Q35178,Kuwait City,12,December,16.2,0.1,45.0
Q1899,Kyiv,1,January,-2.6,1.4,83.5
Q1899,Kyiv,2,February,2.9,2.1,84.0
Q1899,Kyiv,3,March,4.2,2.1,77.2
Q1899,Kyiv,4,April,11.9,3.3,73.0
Q1899,Kyiv,5,May,15.5,0.4,56.9
Q1899,Kyiv,6,June,20.8,4.4,72.2
Q1899,Kyiv,7,July,23.9,1.9,66.1
Q1899,Kyiv,8,August,22.2,1.3,60.2
Q1899,Kyiv,9,September,19.7,0.3,55.8
Q1899,Kyiv,10,October,10.4,2.1,81.8
Q1899,Kyiv,11,November,2.7,1.7,81.6
Q1899,Kyiv,12,December,0.1,1.7,88.7
Q34600,Kyoto,1,January,3.9,1.9,77.7
Q34600,Kyoto,2,February,5.9,4.9,77.2
Q34600,Kyoto,3,March,6.9,5.9,73.7
Q34600,Kyoto,4,April,15.3,5.8,75.2
Q34600,Kyoto,5,May,17.2,8.2,75.1
Q34600,Kyoto,6,June,21.9,9.9,79.1
Q34600,Kyoto,7,July,27.1,8.4,81.8
Q34600,Kyoto,8,August,28.5,5.6,75.2
Q34600,Kyoto,9,September,26.3,2.4,77.8
Q34600,Kyoto,10,October,19.7,5.7,80.4
Q34600,Kyoto,11,November,12.4,3.8,76.8
Q34600,Kyoto,12,December,5.1,0.3,75.8
Q813,Kyrgyzstan,1,January,-9.7,1.1,63.6
Q813,Kyrgyzstan,2,February,-11.5,1.3,66.4
Q813,Kyrgyzstan,3,March,-6.5,1.3,64.6
Q813,Kyrgyzstan,4,April,-0.7,2.3,68.5
Q813,Kyrgyzstan,5,May,5.5,4.4,65.1
Q813,Kyrgyzstan,6,June,8.3,4.2,69.2
Q813,Kyrgyzstan,7,July,10.6,5.9,67.9
Q813,Kyrgyzstan,8,August,10.9,4.0,66.3
Q813,Kyrgyzstan,9,September,5.7,2.4,60.2
Q813,Kyrgyzstan,10,October,0.2,2.1,67.2
Q813,Kyrgyzstan,11,November,-6.9,1.9,67.4
Q813,Kyrgyzstan,12,December,-14.0,0.3,56.3
Q8673,Lagos,1,January,28.1,0.4,77.9
Q8673,Lagos,2,February,28.5,1.0,76.6
Q8673,Lagos,3,March,29.4,2.8,78.3
Q8673,Lagos,4,April,29.7,1.5,75.9
Q8673,Lagos,5,May,29.0,3.4,77.8
Q8673,Lagos,6,June,26.9,6.3,83.5
Q8673,Lagos,7,July,25.9,5.2,82.9
Q8673,Lagos,8,August,25.7,2.7,82.5
Q8673,Lagos,9,September,26.0,4.5,83.6
Q8673,Lagos,10,October,26.4,5.4,85.5
Q8673,Lagos,11,November,27.7,2.0,81.2
Q8673,Lagos,12,December,28.1,0.4,73.6
Q11739,Lahore,1,January,8.7,0.8,90.9
Q11739,Lahore,2,February,13.9,0.9,69.3
Q11739,Lahore,3,March,19.3,1.1,57.7
Q11739,Lahore,4,April,24.3,0.8,49.7
Q11739,Lahore,5,May,31.8,0.0,31.7
Q11739,Lahore,6,June,34.2,0.5,37.0
Q11739,Lahore,7,July,31.5,4.0,72.4
Q11739,Lahore,8,August,28.8,10.4,83.1
Q11739,Lahore,9,September,28.6,1.9,75.8
Q11739,Lahore,10,October,25.4,0.4,67.3
Q11739,Lahore,11,November,20.0,0.1,74.5
Q11739,Lahore,12,December,13.1,0.2,70.2
Q28237,Lansing,1,January,-3.3,3.5,82.0
Q28237,Lansing,2,February,1.4,0.2,68.5
Q28237,Lansing,3,March,4.6,2.0,66.2
Q28237,Lansing,4,April,10.1,3.3,64.8
Q28237,Lansing,5,May,17.2,1.4,65.1
Q28237,Lansing,6,June,21.5,2.6,65.0
Q28237,Lansing,7,July,22.2,4.2,70.6
Q28237,Lansing,8,August,21.4,3.2,71.9
Q28237,Lansing,9,September,19.1,1.3,69.7
Q28237,Lansing,10,October,12.8,1.1,64.3
Q28237,Lansing,11,November,7.0,2.6,78.9
Q28237,Lansing,12,December,-0.8,2.6,82.6
Q819,Laos,1,January,22.3,0.6,64.5
Q819,Laos,2,February,25.3,0.3,60.0
Q819,Laos,3,March,25.6,1.8,70.6
Q819,Laos,4,April,30.3,1.9,62.5
Q819,Laos,5,May,28.0,10.2,77.6
Q819,Laos,6,June,26.2,20.3,87.9
Q819,Laos,7,July,25.4,22.1,91.0
Q819,Laos,8,August,25.8,16.2,89.1
Q819,Laos,9,September,25.4,19.1,89.6
Q819,Laos,10,October,25.9,1.8,71.0
Q819,Laos,11,November,24.1,0.1,65.5
Q819,Laos,12,December,20.4,0.0,68.8
Q1491,La Paz,1,January,12.0,2.1,63.6
Q1491,La Paz,2,February,10.9,4.3,71.0
Q1491,La Paz,3,March,10.6,5.5,72.1
Q1491,La Paz,4,April,10.6,2.7,64.2
Q1491,La Paz,5,May,10.0,1.6,47.4
Q1491,La Paz,6,June,9.4,0.0,34.1
Q1491,La Paz,7,July,8.7,0.1,37.7
Q1491,La Paz,8,August,9.2,0.1,43.3
Q1491,La Paz,9,September,10.5,0.7,55.7
Q1491,La Paz,10,October,11.3,2.1,54.2
Q1491,La Paz,11,November,11.5,3.7,63.5
Q1491,La Paz,12,December,11.4,2.3,65.8
Q23768,Las Vegas,1,January,8.9,0.7,47.5
Q23768,Las Vegas,2,February,10.3,1.6,58.3
Q23768,Las Vegas,3,March,14.2,0.7,37.1
Q23768,Las Vegas,4,April,20.0,0.1,24.1
Q23768,Las Vegas,5,May,25.7,0.0,15.4
Q23768,Las Vegas,6,June,34.1,0.0,12.6
Q23768,Las Vegas,7,July,36.7,0.0,13.4
Q23768,Las Vegas,8,August,34.1,0.0,17.4
Q23768,Las Vegas,9,September,30.3,0.0,17.0
Q23768,Las Vegas,10,October,24.9,0.0,18.5
Q23768,Las Vegas,11,November,12.1,0.0,27.8
Q23768,Las Vegas,12,December,10.1,0.0,32.0
Q211,Latvia,1,January,-6.2,1.7,85.1
Q211,Latvia,2,February,-0.1,2.4,88.5
Q211,Latvia,3,March,2.9,1.0,78.8
Q211,Latvia,4,April,7.4,2.4,78.8
Q211,Latvia,5,May,14.4,1.4,64.0
Q211,Latvia,6,June,16.8,2.6,74.0
Q211,Latvia,7,July,18.7,5.1,78.9
Q211,Latvia,8,August,17.4,2.7,80.8
Q211,Latvia,9,September,16.1,2.2,76.7
Q211,Latvia,10,October,7.9,1.7,85.1
Q211,Latvia,11,November,3.5,2.2,89.6
Q211,Latvia,12,December,0.9,2.2,89.8
Q807,Lausanne,1,January,2.2,4.1,78.3
Q807,Lausanne,2,February,5.3,2.0,81.1
Q807,Lausanne,3,March,6.8,3.5,78.5
Q807,Lausanne,4,April,8.6,4.2,73.4
Q807,Lausanne,5,May,12.6,5.8,78.8
Q807,Lausanne,6,June,16.8,3.8,77.9
Q807,Lausanne,7,July,19.6,3.3,74.7
Q807,Lausanne,8,August,20.8,1.7,71.5
Q807,Lausanne,9,September,14.0,5.2,78.7
Q807,Lausanne,10,October,11.7,4.0,85.3
Q807,Lausanne,11,November,6.0,2.8,81.8
Q807,Lausanne,12,December,1.7,3.6,78.7
Q822,Lebanon,1,January,1.8,7.8,84.3
Q822,Lebanon,2,February,1.2,2.9,79.9
Q822,Lebanon,3,March,3.9,3.6,74.3
Q822,Lebanon,4,April,10.6,2.9,59.3
Q822,Lebanon,5,May,10.8,2.2,66.1
Q822,Lebanon,6,June,20.2,0.3,41.1
Q822,Lebanon,7,July,18.7,0.1,54.3
Q822,Lebanon,8,August,18.1,0.0,57.5
Q822,Lebanon,9,September,14.7,1.2,71.4
Q822,Lebanon,10,October,11.2,0.3,54.7
Q822,Lebanon,11,November,5.2,2.4,77.0
Q822,Lebanon,12,December,2.3,3.2,74.1
Q39121,Leeds,1,January,4.3,3.1,84.6
Q39121,Leeds,2,February,6.7,3.5,86.5
Q39121,Leeds,3,March,6.8,3.2,84.1
Q39121,Leeds,4,April,8.4,3.2,77.6
Q39121,Leeds,5,May,13.2,3.5,82.4
Q39121,Leeds,6,June,13.4,1.7,75.6
Q39121,Leeds,7,July,15.6,2.1,76.2
Q39121,Leeds,8,August,16.1,2.1,73.9
Q39121,Leeds,9,September,12.8,3.3,82.7
Q39121,Leeds,10,October,10.6,2.2,84.6
Q39121,Leeds,11,November,6.8,1.5,86.6
Q39121,Leeds,12,December,7.1,2.5,86.0
Q42810,Le Havre,1,January,5.1,3.5,80.8
Q42810,Le Havre,2,February,9.2,4.9,86.7
Q42810,Le Havre,3,March,8.9,3.3,81.8
Q42810,Le Havre,4,April,10.8,2.3,76.2
Q42810,Le Havre,5,May,13.8,3.2,80.0
Q42810,Le Havre,6,June,15.0,1.9,77.2
Q42810,Le Havre,7,July,18.0,2.2,76.8
Q42810,Le Havre,8,August,19.0,2.0,76.4
Q42810,Le Havre,9,September,15.6,5.1,78.9
Q42810,Le Havre,10,October,13.4,3.0,84.2
Q42810,Le Havre,11,November,9.8,3.6,83.2
Q42810,Le Havre,12,December,7.7,3.1,84.6
Q2079,Leipzig,1,January,1.5,1.9,79.5
Q2079,Leipzig,2,February,7.2,2.6,81.7
Q2079,Leipzig,3,March,7.5,1.5,78.3
Q2079,Leipzig,4,April,11.1,1.3,71.0
Q2079,Leipzig,5,May,16.0,2.7,71.3
Q2079,Leipzig,6,June,17.8,3.0,70.8
Q2079,Leipzig,7,July,20.3,2.1,66.7
Q2079,Leipzig,8,August,21.6,1.4,65.0
Q2079,Leipzig,9,September,17.3,2.6,68.3
Q2079,Leipzig,10,October,11.9,1.8,83.0
Q2079,Leipzig,11,November,5.6,1.5,84.4
Q2079,Leipzig,12,December,3.3,1.3,86.1
Q1013,Lesotho,1,January,13.7,3.1,66.8
Q1013,Lesotho,2,February,14.9,1.4,56.9
Q1013,Lesotho,3,March,14.5,0.7,53.2
Q1013,Lesotho,4,April,9.4,1.6,66.3
Q1013,Lesotho,5,May,8.9,0.0,46.0
Q1013,Lesotho,6,June,2.9,1.1,56.8
Q1013,Lesotho,7,July,2.4,0.1,35.7
Q1013,Lesotho,8,August,6.4,0.2,35.7
Q1013,Lesotho,9,September,8.9,1.6,47.3
Q1013,Lesotho,10,October,11.0,1.7,45.7
Q1013,Lesotho,11,November,13.4,1.4,53.6
Q1013,Lesotho,12,December,16.4,2.5,49.2
Q5869,Lhasa,1,January,-1.7,0.4,36.0
Q5869,Lhasa,2,February,1.7,0.2,26.2
Q5869,Lhasa,3,March,6.1,0.8,29.5
Q5869,Lhasa,4,April,8.8,0.9,39.9
Q5869,Lhasa,5,May,11.9,3.5,50.1
Q5869,Lhasa,6,June,17.0,1.6,51.4
Q5869,Lhasa,7,July,16.4,6.3,67.8
Q5869,Lhasa,8,August,15.5,4.4,60.3
Q5869,Lhasa,9,September,14.5,4.1,66.7
Q5869,Lhasa,10,October,11.1,0.5,45.2
Q5869,Lhasa,11,November,5.1,0.6,37.9
Q5869,Lhasa,12,December,4.0,0.0,22.2
Q1014,Liberia,1,January,27.2,0.6,77.0
Q1014,Liberia,2,February,27.6,1.8,76.8
Q1014,Liberia,3,March,27.3,2.0,80.9
Q1014,Liberia,4,April,27.2,2.6,82.6
Q1014,Liberia,5,May,26.1,6.0,87.8
Q1014,Liberia,6,June,24.5,10.7,90.7
Q1014,Liberia,7,July,24.0,8.6,89.4
Q1014,Liberia,8,August,23.9,12.1,90.3
Q1014,Liberia,9,September,23.8,17.4,92.2
Q1014,Liberia,10,October,24.2,13.4,91.0
Q1014,Liberia,11,November,25.3,1.5,85.4
Q1014,Liberia,12,December,25.7,0.4,76.2
Q3825,Libreville,1,January,26.5,5.5,86.7
Q3825,Libreville,2,February,26.9,10.7,88.0
Q3825,Libreville,3,March,27.0,12.7,88.1
Q3825,Libreville,4,April,26.9,11.5,88.4
Q3825,Libreville,5,May,26.6,12.8,89.3
Q3825,Libreville,6,June,25.9,2.4,83.7
Q3825,Libreville,7,July,25.1,0.8,80.6
Q3825,Libreville,8,August,25.0,1.4,81.6
Q3825,Libreville,9,September,25.4,5.4,86.2
Q3825,Libreville,10,October,25.3,12.1,88.8
Q3825,Libreville,11,November,25.2,19.8,90.0
Q3825,Libreville,12,December,25.9,10.2,87.7
Q1016,Libya,1,January,12.9,0.0,45.0
Q1016,Libya,2,February,14.4,0.0,38.0
Q1016,Libya,3,March,19.0,0.0,29.3
Q1016,Libya,4,April,24.9,0.0,20.2
Q1016,Libya,5,May,28.1,0.1,22.4
Q1016,Libya,6,June,32.4,0.0,19.3
Q1016,Libya,7,July,31.3,0.0,25.9
Q1016,Libya,8,August,31.8,0.0,25.9
Q1016,Libya,9,September,29.9,0.2,34.3
Q1016,Libya,10,October,24.1,0.0,37.3
Q1016,Libya,11,November,17.0,0.0,43.0
Q1016,Libya,12,December,12.2,0.0,51.8
Q347,Liechtenstein,1,January,-7.5,4.3,76.9
Q347,Liechtenstein,2,February,-2.0,2.2,76.3
Q347,Liechtenstein,3,March,-1.2,5.1,76.9
Q347,Liechtenstein,4,April,1.0,4.8,72.3
Q347,Liechtenstein,5,May,5.1,7.6,79.2
Q347,Liechtenstein,6,June,9.1,5.3,80.4
Q347,Liechtenstein,7,July,12.0,3.8,81.4
Q347,Liechtenstein,8,August,12.9,2.3,78.9
Q347,Liechtenstein,9,September,6.0,6.0,82.0
Q347,Liechtenstein,10,October,4.5,4.1,83.1
Q347,Liechtenstein,11,November,-2.3,2.5,73.7
Q347,Liechtenstein,12,December,-7.3,3.9,72.5
Q3992,Liège,1,January,2.4,2.7,81.7
Q3992,Liège,2,February,7.5,3.8,85.6
Q3992,Liège,3,March,8.7,2.6,77.8
Q3992,Liège,4,April,10.1,3.1,76.5
Q3992,Liège,5,May,14.3,5.7,81.5
Q3992,Liège,6,June,15.4,2.7,77.7
Q3992,Liège,7,July,18.1,3.0,75.9
Q3992,Liège,8,August,19.6,3.1,75.4
Q3992,Liège,9,September,15.2,3.6,81.2
Q3992,Liège,10,October,12.3,3.2,85.1
Q3992,Liège,11,November,6.8,2.2,86.8
Q3992,Liège,12,December,4.4,2.8,88.8
Q648,Lille,1,January,3.5,1.9,82.3
Q648,Lille,2,February,8.4,3.8,86.4
Q648,Lille,3,March,8.6,2.9,80.9
Q648,Lille,4,April,10.6,3.0,75.7
Q648,Lille,5,May,14.3,3.5,80.5
Q648,Lille,6,June,15.4,2.1,76.1
Q648,Lille,7,July,18.4,2.5,74.2
Q648,Lille,8,August,19.7,2.5,72.5
Q648,Lille,9,September,15.7,3.8,79.8
Q648,Lille,10,October,12.6,2.4,85.1
Q648,Lille,11,November,7.8,2.1,86.0
Q648,Lille,12,December,6.2,1.7,87.5
Q3876,Lilongwe,1,January,21.8,5.9,80.4
Q3876,Lilongwe,2,February,22.7,3.5,76.8
Q3876,Lilongwe,3,March,22.1,2.9,81.6
Q3876,Lilongwe,4,April,21.0,0.7,75.5
Q3876,Lilongwe,5,May,19.1,0.1,67.2
Q3876,Lilongwe,6,June,17.9,0.1,62.9
Q3876,Lilongwe,7,July,18.1,0.0,43.2
Q3876,Lilongwe,8,August,19.8,0.1,49.4
Q3876,Lilongwe,9,September,21.9,0.1,47.7
Q3876,Lilongwe,10,October,23.4,0.6,51.6
Q3876,Lilongwe,11,November,24.8,0.9,60.0
Q3876,Lilongwe,12,December,25.2,2.2,58.7
Q2868,Lima,1,January,23.0,0.1,79.2
Q2868,Lima,2,February,24.4,0.3,78.5
Q2868,Lima,3,March,23.0,0.1,80.2
Q2868,Lima,4,April,21.3,0.1,80.6
Q2868,Lima,5,May,17.9,0.0,84.9
Q2868,Lima,6,June,16.1,0.0,85.2
Q2868,Lima,7,July,15.6,0.0,83.3
Q2868,Lima,8,August,15.3,0.0,83.9
Q2868,Lima,9,September,15.9,0.0,84.4
Q2868,Lima,10,October,17.0,0.0,83.6
Q2868,Lima,11,November,18.8,0.1,80.2
Q2868,Lima,12,December,20.1,0.6,81.9
Q28260,Lincoln,1,January,-6.7,1.6,80.9
Q28260,Lincoln,2,February,4.8,0.3,60.2
Q28260,Lincoln,3,March,7.2,1.4,53.4
Q28260,Lincoln,4,April,13.1,3.2,53.6
Q28260,Lincoln,5,May,18.0,5.6,63.0
Q28260,Lincoln,6,June,24.8,3.5,61.2
Q28260,Lincoln,7,July,25.2,3.0,65.9
Q28260,Lincoln,8,August,24.2,2.5,66.9
Q28260,Lincoln,9,September,22.2,0.6,54.8
Q28260,Lincoln,10,October,16.8,0.8,46.2
Q28260,Lincoln,11,November,6.6,3.9,71.2
Q28260,Lincoln,12,December,0.4,1.4,69.1
Q41329,Linz,1,January,0.6,2.2,77.5
Q41329,Linz,2,February,6.8,1.5,80.4
Q41329,Linz,3,March,8.7,1.5,73.7
Q41329,Linz,4,April,11.4,2.6,69.7
Q41329,Linz,5,May,16.1,3.3,70.6
Q41329,Linz,6,June,19.6,3.1,73.5
Q41329,Linz,7,July,22.1,1.7,68.5
Q41329,Linz,8,August,23.0,1.7,68.3
Q41329,Linz,9,September,16.4,7.5,72.7
Q41329,Linz,10,October,11.9,1.8,84.1
Q41329,Linz,11,November,4.3,1.1,86.2
Q41329,Linz,12,December,1.7,1.7,85.1
Q597,Lisbon,1,January,13.1,4.4,86.2
Q597,Lisbon,2,February,14.2,2.8,79.8
Q597,Lisbon,3,March,13.8,2.9,76.8
Q597,Lisbon,4,April,16.6,0.7,70.5
Q597,Lisbon,5,May,17.6,0.4,68.2
Q597,Lisbon,6,June,19.6,1.6,72.4
Q597,Lisbon,7,July,22.4,0.4,68.0
Q597,Lisbon,8,August,22.8,0.0,69.1
Q597,Lisbon,9,September,20.5,0.3,66.6
Q597,Lisbon,10,October,18.6,3.6,81.6
Q597,Lisbon,11,November,16.3,2.1,82.7
Q597,Lisbon,12,December,12.2,0.3,77.2
Q37,Lithuania,1,January,-3.8,1.8,82.7
Q37,Lithuania,2,February,2.6,2.5,85.5
Q37,Lithuania,3,March,4.6,0.6,75.3
Q37,Lithuania,4,April,9.0,3.0,75.7
Q37,Lithuania,5,May,15.7,1.2,63.3
Q37,Lithuania,6,June,18.4,2.8,67.6
Q37,Lithuania,7,July,20.6,5.4,69.4
Q37,Lithuania,8,August,19.6,1.2,72.0
Q37,Lithuania,9,September,17.5,1.6,69.7
Q37,Lithuania,10,October,9.1,1.4,81.8
Q37,Lithuania,11,November,4.2,1.4,83.5
Q37,Lithuania,12,December,2.1,1.3,86.8
Q33405,Little Rock,1,January,2.9,7.4,71.2
Q33405,Little Rock,2,February,10.7,2.4,72.2
Q33405,Little Rock,3,March,13.3,3.4,73.7
Q33405,Little Rock,4,April,17.6,5.6,71.5
Q33405,Little Rock,5,May,22.7,6.9,79.4
Q33405,Little Rock,6,June,26.2,1.6,72.3
Q33405,Little Rock,7,July,26.5,3.5,75.7
Q33405,Little Rock,8,August,27.0,0.9,68.1
Q33405,Little Rock,9,September,22.9,4.0,73.3
Q33405,Little Rock,10,October,19.4,1.4,61.2
Q33405,Little Rock,11,November,14.2,2.5,74.9
Q33405,Little Rock,12,December,8.7,4.5,76.8
Q24826,Liverpool,1,January,5.1,3.5,83.7
Q24826,Liverpool,2,February,7.4,4.4,86.4
Q24826,Liverpool,3,March,7.5,3.9,82.6
Q24826,Liverpool,4,April,9.4,3.9,77.4
Q24826,Liverpool,5,May,13.8,3.4,81.5
Q24826,Liverpool,6,June,13.7,2.3,75.9
Q24826,Liverpool,7,July,15.6,4.6,79.4
Q24826,Liverpool,8,August,16.3,2.5,76.1
Q24826,Liverpool,9,September,13.7,5.4,81.4
Q24826,Liverpool,10,October,11.5,3.0,83.1
Q24826,Liverpool,11,November,7.8,3.3,85.9
Q24826,Liverpool,12,December,7.7,3.7,85.2
Q437,Ljubljana,1,January,-0.1,4.6,83.0
Q437,Ljubljana,2,February,5.1,2.8,84.6
Q437,Ljubljana,3,March,8.0,4.1,81.9
Q437,Ljubljana,4,April,10.9,2.7,75.9
Q437,Ljubljana,5,May,14.8,5.7,80.5
Q437,Ljubljana,6,June,19.3,3.6,78.5
Q437,Ljubljana,7,July,22.9,1.7,71.8
Q437,Ljubljana,8,August,23.5,1.2,71.3
Q437,Ljubljana,9,September,16.4,6.7,77.2
Q437,Ljubljana,10,October,12.6,5.6,86.7
Q437,Ljubljana,11,November,4.1,2.3,87.7
Q437,Ljubljana,12,December,0.4,1.7,83.9
Q196163,Łobez,1,January,0.5,2.1,85.1
Q196163,Łobez,2,February,5.0,3.4,88.7
Q196163,Łobez,3,March,6.7,1.4,79.9
Q196163,Łobez,4,April,9.7,1.7,73.7
Q196163,Łobez,5,May,16.5,1.0,63.5
Q196163,Łobez,6,June,17.4,2.0,69.5
Q196163,Łobez,7,July,18.7,4.4,73.6
Q196163,Łobez,8,August,19.1,1.7,72.5
Q196163,Łobez,9,September,16.7,1.5,71.0
Q196163,Łobez,10,October,10.7,1.2,81.8
Q196163,Łobez,11,November,4.7,1.5,86.7
Q196163,Łobez,12,December,3.4,1.4,91.5
Q580,Łódź,1,January,-0.6,2.4,84.2
Q580,Łódź,2,February,5.7,2.6,86.1
Q580,Łódź,3,March,6.5,1.0,78.3
Q580,Łódź,4,April,10.6,1.3,70.8
Q580,Łódź,5,May,16.6,1.0,58.5
Q580,Łódź,6,June,19.1,2.1,67.2
Q580,Łódź,7,July,21.4,2.3,62.8
Q580,Łódź,8,August,20.4,3.2,68.9
Q580,Łódź,9,September,17.4,2.3,67.1
Q580,Łódź,10,October,10.2,0.9,80.9
Q580,Łódź,11,November,3.5,1.1,86.0
Q580,Łódź,12,December,2.1,0.8,89.0
Q3792,Lomé,1,January,27.9,0.9,78.4
Q3792,Lomé,2,February,28.3,0.5,78.9
Q3792,Lomé,3,March,29.0,1.2,79.0
Q3792,Lomé,4,April,29.1,1.9,78.7
Q3792,Lomé,5,May,28.1,7.0,82.1
Q3792,Lomé,6,June,26.4,5.7,85.4
Q3792,Lomé,7,July,25.4,3.0,84.8
Q3792,Lomé,8,August,25.2,1.0,82.9
Q3792,Lomé,9,September,25.7,3.1,82.6
Q3792,Lomé,10,October,26.0,4.7,85.7
Q3792,Lomé,11,November,27.5,1.9,81.3
Q3792,Lomé,12,December,28.1,0.6,73.5
Q84,London,1,January,5.0,2.2,82.0
Q84,London,2,February,8.5,3.8,86.5
Q84,London,3,March,8.4,2.6,81.8
Q84,London,4,April,10.1,2.2,74.9
Q84,London,5,May,14.0,2.4,78.7
Q84,London,6,June,15.5,0.8,69.3
Q84,London,7,July,17.5,2.7,73.6
Q84,London,8,August,18.6,0.9,70.9
Q84,London,9,September,15.0,5.6,79.9
Q84,London,10,October,12.1,2.7,85.5
Q84,London,11,November,8.2,2.1,85.5
Q84,London,12,December,7.6,1.3,86.3
Q65,Los Angeles,1,January,12.3,2.4,71.1
Q65,Los Angeles,2,February,12.3,11.8,79.4
Q65,Los Angeles,3,March,13.4,2.7,76.3
Q65,Los Angeles,4,April,15.3,0.6,67.8
Q65,Los Angeles,5,May,16.7,0.1,71.3
Q65,Los Angeles,6,June,20.5,0.0,68.5
Q65,Los Angeles,7,July,23.0,0.0,67.1
Q65,Los Angeles,8,August,23.5,0.0,65.0
Q65,Los Angeles,9,September,22.8,0.0,65.2
Q65,Los Angeles,10,October,20.0,0.0,63.2
Q65,Los Angeles,11,November,15.4,0.1,47.7
Q65,Los Angeles,12,December,13.6,0.0,57.1
Q3897,Luanda,1,January,26.8,4.0,76.9
Q3897,Luanda,2,February,27.2,5.7,84.6
Q3897,Luanda,3,March,27.2,8.4,87.3
Q3897,Luanda,4,April,27.1,6.7,87.1
Q3897,Luanda,5,May,26.8,0.1,82.2
Q3897,Luanda,6,June,23.4,0.1,79.6
Q3897,Luanda,7,July,21.4,0.0,81.1
Q3897,Luanda,8,August,21.4,0.1,82.0
Q3897,Luanda,9,September,23.1,0.1,79.0
Q3897,Luanda,10,October,25.3,0.5,76.8
Q3897,Luanda,11,November,25.8,6.1,83.2
Q3897,Luanda,12,December,26.1,10.1,86.0
Q2843,Lübeck,1,January,2.0,2.7,84.0
Q2843,Lübeck,2,February,5.9,3.3,87.3
Q2843,Lübeck,3,March,7.1,1.0,81.6
Q2843,Lübeck,4,April,9.5,3.2,78.5
Q2843,Lübeck,5,May,15.7,3.7,72.9
Q2843,Lübeck,6,June,15.8,2.5,75.6
Q2843,Lübeck,7,July,18.1,2.4,74.1
Q2843,Lübeck,8,August,19.0,1.1,71.7
Q2843,Lübeck,9,September,16.0,2.8,74.2
Q2843,Lübeck,10,October,11.0,2.0,84.9
Q2843,Lübeck,11,November,5.9,2.3,87.9
Q2843,Lübeck,12,December,4.8,1.5,89.8
Q37333,Lublin,1,January,-1.2,2.7,85.2
Q37333,Lublin,2,February,5.6,2.2,84.6
Q37333,Lublin,3,March,5.9,1.4,77.8
Q37333,Lublin,4,April,10.9,1.8,70.1
Q37333,Lublin,5,May,16.1,0.8,59.9
Q37333,Lublin,6,June,19.2,2.9,71.9
Q37333,Lublin,7,July,21.7,3.3,69.7
Q37333,Lublin,8,August,20.9,2.4,70.2
Q37333,Lublin,9,September,17.7,1.8,67.2
Q37333,Lublin,10,October,9.8,1.4,80.9
Q37333,Lublin,11,November,3.3,0.8,83.7
Q37333,Lublin,12,December,1.6,1.4,89.1
Q47916,Lucknow,1,January,12.4,0.4,85.6
Q47916,Lucknow,2,February,17.1,1.5,66.7
Q47916,Lucknow,3,March,22.5,0.9,55.9
Q47916,Lucknow,4,April,31.1,0.0,25.3
Q47916,Lucknow,5,May,33.5,0.2,38.5
Q47916,Lucknow,6,June,35.0,2.7,45.4
Q47916,Lucknow,7,July,29.6,13.9,83.1
Q47916,Lucknow,8,August,28.2,8.8,85.2
Q47916,Lucknow,9,September,28.1,8.4,83.3
Q47916,Lucknow,10,October,27.0,0.3,74.1
Q47916,Lucknow,11,November,22.7,0.0,64.0
Q47916,Lucknow,12,December,17.2,0.2,65.0
Q134279,Luhansk,1,January,-2.9,2.2,83.0
Q134279,Luhansk,2,February,-0.4,1.6,74.5
Q134279,Luhansk,3,March,3.0,0.4,70.1
Q134279,Luhansk,4,April,16.3,0.9,56.1
Q134279,Luhansk,5,May,15.8,0.1,46.1
Q134279,Luhansk,6,June,23.6,1.4,57.6
Q134279,Luhansk,7,July,27.2,0.1,42.1
Q134279,Luhansk,8,August,24.5,0.6,43.1
Q134279,Luhansk,9,September,20.8,0.1,34.4
Q134279,Luhansk,10,October,11.1,0.7,66.3
Q134279,Luhansk,11,November,3.8,1.6,76.3
Q134279,Luhansk,12,December,0.0,1.2,85.5
Q3881,Lusaka,1,January,20.9,7.4,81.1
Q3881,Lusaka,2,February,23.2,0.8,61.8
Q3881,Lusaka,3,March,22.2,1.4,68.4
Q3881,Lusaka,4,April,20.7,1.3,64.0
Q3881,Lusaka,5,May,19.1,0.0,53.2
Q3881,Lusaka,6,June,17.6,0.0,51.0
Q3881,Lusaka,7,July,19.1,0.0,30.5
Q3881,Lusaka,8,August,20.2,0.0,35.5
Q3881,Lusaka,9,September,23.2,0.0,35.2
Q3881,Lusaka,10,October,23.6,1.4,42.6
Q3881,Lusaka,11,November,23.8,2.8,59.9
Q3881,Lusaka,12,December,25.2,2.1,51.1
Q1842,Luxembourg,1,January,1.5,3.2,84.1
Q1842,Luxembourg,2,February,6.5,4.5,88.7
Q1842,Luxembourg,3,March,7.6,3.2,81.4
Q1842,Luxembourg,4,April,9.1,2.5,77.6
Q1842,Luxembourg,5,May,13.5,4.9,81.2
Q1842,Luxembourg,6,June,15.5,2.0,77.0
Q1842,Luxembourg,7,July,18.0,2.6,75.4
Q1842,Luxembourg,8,August,19.4,2.0,75.8
Q1842,Luxembourg,9,September,14.8,3.5,79.9
Q1842,Luxembourg,10,October,11.6,3.2,88.0
Q1842,Luxembourg,11,November,5.9,2.1,88.6
Q1842,Luxembourg,12,December,2.7,2.3,92.1
Q32,Luxembourg,1,January,1.3,3.3,84.3
Q32,Luxembourg,2,February,6.4,3.9,88.9
Q32,Luxembourg,3,March,7.4,3.0,81.5
Q32,Luxembourg,4,April,9.0,2.1,77.4
Q32,Luxembourg,5,May,13.5,4.7,80.4
Q32,Luxembourg,6,June,15.4,2.2,76.5
Q32,Luxembourg,7,July,17.9,3.1,74.8
Q32,Luxembourg,8,August,19.4,1.9,74.1
Q32,Luxembourg,9,September,14.7,5.0,80.0
Q32,Luxembourg,10,October,11.3,3.6,87.9
Q32,Luxembourg,11,November,5.7,2.3,88.6
Q32,Luxembourg,12,December,2.7,1.9,91.7
Q36036,Lviv,1,January,-1.3,3.0,84.1
Q36036,Lviv,2,February,5.6,2.2,81.0
Q36036,Lviv,3,March,5.6,2.5,78.5
Q36036,Lviv,4,April,11.3,1.9,71.2
Q36036,Lviv,5,May,15.9,1.0,57.9
Q36036,Lviv,6,June,19.5,3.5,72.5
Q36036,Lviv,7,July,21.9,2.7,72.2
Q36036,Lviv,8,August,21.2,1.5,70.8
Q36036,Lviv,9,September,17.2,3.8,68.6
Q36036,Lviv,10,October,9.5,1.3,81.3
Q36036,Lviv,11,November,2.8,1.0,81.9
Q36036,Lviv,12,December,0.9,1.4,87.7
Q456,Lyon,1,January,3.8,1.8,85.7
Q456,Lyon,2,February,7.3,2.5,82.7
Q456,Lyon,3,March,9.5,4.6,75.6
Q456,Lyon,4,April,11.4,3.6,68.7
Q456,Lyon,5,May,14.6,5.0,77.5
Q456,Lyon,6,June,18.9,3.5,74.8
Q456,Lyon,7,July,21.5,3.7,71.6
Q456,Lyon,8,August,22.8,1.6,64.8
Q456,Lyon,9,September,16.2,6.7,75.2
Q456,Lyon,10,October,14.5,3.9,84.2
Q456,Lyon,11,November,7.9,1.9,88.0
Q456,Lyon,12,December,3.1,1.9,88.3
Q1309,Maastricht,1,January,2.9,2.1,80.4
Q1309,Maastricht,2,February,7.9,3.8,84.8
Q1309,Maastricht,3,March,9.1,2.8,77.4
Q1309,Maastricht,4,April,10.7,3.4,75.1
Q1309,Maastricht,5,May,14.9,5.8,80.8
Q1309,Maastricht,6,June,16.0,2.7,75.5
Q1309,Maastricht,7,July,18.5,2.4,74.7
Q1309,Maastricht,8,August,20.0,2.4,74.4
Q1309,Maastricht,9,September,15.7,3.6,80.6
Q1309,Maastricht,10,October,12.6,3.1,84.9
Q1309,Maastricht,11,November,7.0,2.4,86.3
Q1309,Maastricht,12,December,4.9,2.7,87.5
Q14773,Macau,1,January,17.1,0.3,73.3
Q14773,Macau,2,February,18.2,1.0,81.3
Q14773,Macau,3,March,20.4,2.4,83.3
Q14773,Macau,4,April,25.6,10.9,88.1
Q14773,Macau,5,May,25.4,13.0,87.5
Q14773,Macau,6,June,28.0,9.3,87.2
Q14773,Macau,7,July,29.1,7.4,82.1
Q14773,Macau,8,August,28.6,9.6,86.5
Q14773,Macau,9,September,27.7,12.1,86.7
Q14773,Macau,10,October,26.1,0.4,66.8
Q14773,Macau,11,November,22.2,3.9,71.4
Q14773,Macau,12,December,17.4,0.0,58.9
Q676203,Machu Picchu,1,January,15.4,11.0,84.9
Q676203,Machu Picchu,2,February,15.3,10.1,84.5
Q676203,Machu Picchu,3,March,15.1,7.6,83.2
Q676203,Machu Picchu,4,April,15.0,7.0,82.5
Q676203,Machu Picchu,5,May,14.7,2.1,79.7
Q676203,Machu Picchu,6,June,14.2,0.9,72.8
Q676203,Machu Picchu,7,July,13.7,0.6,70.6
Q676203,Machu Picchu,8,August,14.5,1.9,69.6
Q676203,Machu Picchu,9,September,14.9,4.9,73.3
Q676203,Machu Picchu,10,October,15.0,6.9,78.5
Q676203,Machu Picchu,11,November,15.1,11.0,84.5
Q676203,Machu Picchu,12,December,14.9,11.7,83.1
Q1019,Madagascar,1,January,21.5,8.7,82.3
Q1019,Madagascar,2,February,21.2,11.3,84.7
Q1019,Madagascar,3,March,20.9,5.2,81.5
Q1019,Madagascar,4,April,20.3,1.1,79.6
Q1019,Madagascar,5,May,17.2,0.3,78.5
Q1019,Madagascar,6,June,15.6,0.1,77.9
Q1019,Madagascar,7,July,14.8,0.0,69.1
Q1019,Madagascar,8,August,16.2,0.1,68.9
Q1019,Madagascar,9,September,19.0,1.9,66.6
Q1019,Madagascar,10,October,19.8,0.5,66.6
Q1019,Madagascar,11,November,22.3,4.0,69.5
Q1019,Madagascar,12,December,22.2,5.8,73.1
Q43788,Madison,1,January,-5.4,2.4,81.4
Q43788,Madison,2,February,0.8,0.5,66.1
Q43788,Madison,3,March,4.1,3.2,63.7
Q43788,Madison,4,April,9.4,4.6,67.7
Q43788,Madison,5,May,16.3,4.3,68.5
Q43788,Madison,6,June,21.0,3.8,70.9
Q43788,Madison,7,July,21.9,3.8,77.2
Q43788,Madison,8,August,21.6,2.4,75.7
Q43788,Madison,9,September,19.2,0.4,68.9
Q43788,Madison,10,October,13.2,1.3,62.2
Q43788,Madison,11,November,5.8,2.7,79.3
Q43788,Madison,12,December,-2.8,1.0,78.2
Q2807,Madrid,1,January,7.2,2.6,84.0
Q2807,Madrid,2,February,8.7,1.1,76.0
Q2807,Madrid,3,March,10.4,3.6,72.3
Q2807,Madrid,4,April,14.0,0.7,54.9
Q2807,Madrid,5,May,17.7,0.5,47.0
Q2807,Madrid,6,June,22.0,2.0,48.3
Q2807,Madrid,7,July,28.1,0.0,31.1
Q2807,Madrid,8,August,28.4,0.5,34.4
Q2807,Madrid,9,September,19.9,0.7,49.7
Q2807,Madrid,10,October,15.6,3.4,73.8
Q2807,Madrid,11,November,11.2,0.6,81.3
Q2807,Madrid,12,December,6.2,0.3,79.0
Q1733,Magdeburg,1,January,1.9,1.7,79.5
Q1733,Magdeburg,2,February,7.1,2.4,82.1
Q1733,Magdeburg,3,March,7.7,1.3,77.9
Q1733,Magdeburg,4,April,10.9,1.7,72.7
Q1733,Magdeburg,5,May,16.8,2.7,66.0
Q1733,Magdeburg,6,June,17.7,2.3,68.5
Q1733,Magdeburg,7,July,19.9,2.8,66.3
Q1733,Magdeburg,8,August,21.1,2.3,66.1
Q1733,Magdeburg,9,September,17.2,2.1,67.6
Q1733,Magdeburg,10,October,11.7,1.8,84.1
Q1733,Magdeburg,11,November,5.9,1.6,84.2
Q1733,Magdeburg,12,December,3.9,1.3,87.5
Q1720,Mainz,1,January,2.0,2.1,80.7
Q1720,Mainz,2,February,7.5,2.9,83.2
Q1720,Mainz,3,March,8.2,1.8,79.3
Q1720,Mainz,4,April,10.6,2.0,73.8
Q1720,Mainz,5,May,15.6,4.2,76.3
Q1720,Mainz,6,June,17.9,1.9,70.3
Q1720,Mainz,7,July,20.5,2.4,67.4
Q1720,Mainz,8,August,21.9,1.4,67.3
Q1720,Mainz,9,September,17.1,2.1,72.3
Q1720,Mainz,10,October,11.9,2.4,86.3
Q1720,Mainz,11,November,6.2,1.8,85.7
Q1720,Mainz,12,December,3.2,1.3,87.1
Q12919,Majuro,1,January,27.6,7.1,80.5
Q12919,Majuro,2,February,27.8,5.4,79.0
Q12919,Majuro,3,March,28.0,2.8,78.0
Q12919,Majuro,4,April,27.9,10.2,81.0
Q12919,Majuro,5,May,27.8,17.2,82.7
Q12919,Majuro,6,June,27.9,13.1,81.3
Q12919,Majuro,7,July,27.8,15.3,81.0
Q12919,Majuro,8,August,27.8,12.2,79.5
Q12919,Majuro,9,September,27.8,20.5,79.9
Q12919,Majuro,10,October,27.9,14.3,79.2
Q12919,Majuro,11,November,27.4,23.7,81.0
Q12919,Majuro,12,December,28.0,14.9,79.6
Q3818,Malabo,1,January,28.2,0.1,76.7
Q3818,Malabo,2,February,28.6,0.6,78.5
Q3818,Malabo,3,March,28.3,2.2,81.8
Q3818,Malabo,4,April,28.3,2.3,82.4
Q3818,Malabo,5,May,28.0,2.9,83.0
Q3818,Malabo,6,June,26.5,5.0,85.1
Q3818,Malabo,7,July,25.9,5.7,85.2
Q3818,Malabo,8,August,25.5,6.8,85.8
Q3818,Malabo,9,September,25.9,7.0,85.7
Q3818,Malabo,10,October,26.1,6.0,86.0
Q3818,Malabo,11,November,26.8,1.0,82.8
Q3818,Malabo,12,December,27.5,0.1,80.4
Q1020,Malawi,1,January,21.3,9.2,84.9
Q1020,Malawi,2,February,22.0,8.8,82.9
Q1020,Malawi,3,March,21.7,5.3,84.1
Q1020,Malawi,4,April,20.8,1.4,78.2
Q1020,Malawi,5,May,19.0,0.2,70.4
Q1020,Malawi,6,June,17.4,0.1,67.0
Q1020,Malawi,7,July,18.2,0.0,51.5
Q1020,Malawi,8,August,19.5,0.3,55.2
Q1020,Malawi,9,September,21.5,0.3,54.9
Q1020,Malawi,10,October,22.5,0.7,59.4
Q1020,Malawi,11,November,23.7,1.3,66.4
Q1020,Malawi,12,December,23.9,2.8,67.5
Q833,Malaysia,1,January,24.2,10.7,87.3
Q833,Malaysia,2,February,25.7,3.4,78.6
Q833,Malaysia,3,March,26.6,5.8,75.5
Q833,Malaysia,4,April,26.6,9.9,82.6
Q833,Malaysia,5,May,25.9,16.8,89.3
Q833,Malaysia,6,June,25.5,12.9,86.6
Q833,Malaysia,7,July,26.2,4.3,78.7
Q833,Malaysia,8,August,25.3,7.6,83.2
Q833,Malaysia,9,September,26.2,8.2,79.2
Q833,Malaysia,10,October,25.9,9.3,82.5
Q833,Malaysia,11,November,24.1,21.2,92.5
Q833,Malaysia,12,December,23.9,16.5,93.0
Q826,Maldives,1,January,27.7,4.7,77.7
Q826,Maldives,2,February,28.3,2.4,77.3
Q826,Maldives,3,March,28.6,1.5,74.8
Q826,Maldives,4,April,28.9,7.2,76.9
Q826,Maldives,5,May,28.9,11.5,79.8
Q826,Maldives,6,June,28.8,2.6,76.0
Q826,Maldives,7,July,28.7,3.1,75.6
Q826,Maldives,8,August,27.9,12.7,77.3
Q826,Maldives,9,September,27.8,7.8,78.4
Q826,Maldives,10,October,28.0,4.4,76.3
Q826,Maldives,11,November,27.4,8.8,77.4
Q826,Maldives,12,December,28.1,6.0,72.5
Q9347,Malé,1,January,27.6,4.7,77.7
Q9347,Malé,2,February,28.2,2.4,77.3
Q9347,Malé,3,March,28.6,1.5,74.8
Q9347,Malé,4,April,28.8,7.2,76.8
Q9347,Malé,5,May,28.9,11.5,79.8
Q9347,Malé,6,June,28.8,2.6,76.0
Q9347,Malé,7,July,28.7,3.1,75.6
Q9347,Malé,8,August,27.9,12.7,77.3
Q9347,Malé,9,September,27.7,7.8,78.4
Q9347,Malé,10,October,27.9,4.4,76.3
Q9347,Malé,11,November,27.4,8.8,77.3
Q9347,Malé,12,December,28.1,6.0,72.5
Q912,Mali,1,January,22.4,0.0,13.0
Q912,Mali,2,February,24.0,0.0,11.6
Q912,Mali,3,March,28.8,0.0,10.8
Q912,Mali,4,April,32.6,0.0,13.3
Q912,Mali,5,May,35.5,0.0,14.1
Q912,Mali,6,June,35.8,0.0,26.7
Q912,Mali,7,July,33.2,0.3,45.5
Q912,Mali,8,August,30.8,1.0,58.9
Q912,Mali,9,September,29.3,3.4,63.5
Q912,Mali,10,October,31.8,0.0,25.6
Q912,Mali,11,November,26.3,0.0,17.0
Q912,Mali,12,December,21.9,0.0,17.4
Q2211,Malmö,1,January,0.8,2.6,84.7
Q2211,Malmö,2,February,4.0,3.2,87.8
Q2211,Malmö,3,March,4.8,1.1,85.0
Q2211,Malmö,4,April,7.3,2.1,80.6
Q2211,Malmö,5,May,14.3,1.2,72.1
Q2211,Malmö,6,June,15.6,2.1,75.2
Q2211,Malmö,7,July,17.5,2.3,75.7
Q2211,Malmö,8,August,18.5,1.6,71.2
Q2211,Malmö,9,September,16.3,3.1,74.5
Q2211,Malmö,10,October,11.4,1.8,81.5
Q2211,Malmö,11,November,7.0,1.5,83.3
Q2211,Malmö,12,December,5.3,1.9,87.4
Q233,Malta,1,January,14.5,0.7,72.1
Q233,Malta,2,February,14.6,1.3,73.4
Q233,Malta,3,March,16.1,0.3,71.8
Q233,Malta,4,April,17.5,0.8,69.6
Q233,Malta,5,May,20.6,0.6,71.5
Q233,Malta,6,June,25.5,0.1,66.0
Q233,Malta,7,July,28.0,0.0,64.5
Q233,Malta,8,August,28.8,0.2,68.2
Q233,Malta,9,September,25.5,0.8,69.8
Q233,Malta,10,October,23.0,0.5,69.9
Q233,Malta,11,November,19.1,1.5,70.1
Q233,Malta,12,December,15.3,1.0,67.2
Q3274,Managua,1,January,28.8,0.1,63.8
Q3274,Managua,2,February,28.5,0.2,58.6
Q3274,Managua,3,March,30.3,0.6,59.5
Q3274,Managua,4,April,30.7,1.1,59.9
Q3274,Managua,5,May,29.8,4.9,72.3
Q3274,Managua,6,June,27.2,13.0,85.7
Q3274,Managua,7,July,27.6,6.5,81.8
Q3274,Managua,8,August,27.8,5.2,80.4
Q3274,Managua,9,September,27.2,13.3,85.1
Q3274,Managua,10,October,27.2,8.2,82.5
Q3274,Managua,11,November,26.3,9.1,84.2
Q3274,Managua,12,December,27.7,2.0,69.6
Q3882,Manama,1,January,19.8,0.0,65.4
Q3882,Manama,2,February,19.0,1.0,67.3
Q3882,Manama,3,March,21.4,0.6,62.5
Q3882,Manama,4,April,25.8,0.2,57.5
Q3882,Manama,5,May,30.8,1.4,52.0
Q3882,Manama,6,June,35.0,0.0,48.8
Q3882,Manama,7,July,36.4,0.0,45.7
Q3882,Manama,8,August,35.7,0.0,57.3
Q3882,Manama,9,September,33.5,0.0,58.4
Q3882,Manama,10,October,29.7,0.1,62.4
Q3882,Manama,11,November,25.4,0.4,66.1
Q3882,Manama,12,December,18.7,0.0,65.6
Q40236,Manaus,1,January,27.9,4.0,80.6
Q40236,Manaus,2,February,28.1,8.2,80.2
Q40236,Manaus,3,March,27.4,5.9,84.2
Q40236,Manaus,4,April,27.2,5.3,85.3
Q40236,Manaus,5,May,27.1,4.9,85.8
Q40236,Manaus,6,June,27.4,2.2,83.3
Q40236,Manaus,7,July,28.1,1.2,75.9
Q40236,Manaus,8,August,29.3,0.6,68.9
Q40236,Manaus,9,September,30.6,0.5,65.4
Q40236,Manaus,10,October,29.6,2.3,72.0
Q40236,Manaus,11,November,28.9,2.0,76.5
Q40236,Manaus,12,December,27.5,7.3,81.8
Q18125,Manchester,1,January,4.6,3.4,84.6
Q18125,Manchester,2,February,7.1,5.5,87.2
Q18125,Manchester,3,March,7.6,3.8,81.0
Q18125,Manchester,4,April,9.2,4.4,76.7
Q18125,Manchester,5,May,14.1,3.8,79.2
Q18125,Manchester,6,June,13.7,2.2,76.7
Q18125,Manchester,7,July,15.7,3.5,78.4
Q18125,Manchester,8,August,16.2,2.8,77.0
Q18125,Manchester,9,September,13.5,4.0,81.9
Q18125,Manchester,10,October,11.4,3.3,82.9
Q18125,Manchester,11,November,7.2,2.1,87.0
Q18125,Manchester,12,December,7.4,4.3,86.5
Q11299,Manhattan,1,January,1.2,4.9,72.0
Q11299,Manhattan,2,February,2.1,2.3,68.1
Q11299,Manhattan,3,March,7.0,7.3,66.2
Q11299,Manhattan,4,April,10.7,3.4,68.3
Q11299,Manhattan,5,May,17.1,3.3,75.3
Q11299,Manhattan,6,June,23.2,3.5,64.3
Q11299,Manhattan,7,July,25.7,3.8,70.1
Q11299,Manhattan,8,August,23.2,6.5,73.9
Q11299,Manhattan,9,September,19.5,1.0,71.2
Q11299,Manhattan,10,October,14.8,0.3,61.6
Q11299,Manhattan,11,November,9.9,2.7,61.7
Q11299,Manhattan,12,December,1.7,3.2,73.6
Q1461,Manila,1,January,26.5,0.8,71.4
Q1461,Manila,2,February,27.7,0.2,64.0
Q1461,Manila,3,March,28.0,1.8,66.9
Q1461,Manila,4,April,30.6,0.4,60.2
Q1461,Manila,5,May,30.3,6.7,69.4
Q1461,Manila,6,June,28.4,7.9,82.6
Q1461,Manila,7,July,27.4,15.1,84.8
Q1461,Manila,8,August,27.7,8.4,84.5
Q1461,Manila,9,September,27.3,14.5,85.6
Q1461,Manila,10,October,27.3,9.7,84.9
Q1461,Manila,11,November,28.2,2.1,75.1
Q1461,Manila,12,December,27.0,7.5,78.6
Q2119,Mannheim,1,January,2.2,2.8,80.9
Q2119,Mannheim,2,February,8.0,3.5,82.1
Q2119,Mannheim,3,March,8.9,2.3,78.1
Q2119,Mannheim,4,April,11.0,2.9,73.2
Q2119,Mannheim,5,May,15.6,4.9,77.1
Q2119,Mannheim,6,June,18.2,3.2,73.5
Q2119,Mannheim,7,July,20.4,3.1,73.5
Q2119,Mannheim,8,August,21.8,2.5,71.5
Q2119,Mannheim,9,September,16.8,3.0,75.7
Q2119,Mannheim,10,October,12.5,3.5,85.8
Q2119,Mannheim,11,November,6.3,2.4,85.7
Q2119,Mannheim,12,December,3.2,1.3,86.6
Q3889,Maputo,1,January,26.0,1.7,72.2
Q3889,Maputo,2,February,27.1,1.3,70.5
Q3889,Maputo,3,March,25.8,6.0,78.5
Q3889,Maputo,4,April,23.2,3.0,79.3
Q3889,Maputo,5,May,22.3,0.3,79.0
Q3889,Maputo,6,June,19.6,0.8,73.4
Q3889,Maputo,7,July,20.2,0.0,62.1
Q3889,Maputo,8,August,21.7,0.5,66.4
Q3889,Maputo,9,September,21.9,1.1,71.5
Q3889,Maputo,10,October,22.8,0.7,71.3
Q3889,Maputo,11,November,24.8,3.0,76.1
Q3889,Maputo,12,December,27.1,2.4,75.8
Q37133,Mariupol,1,January,-0.6,1.9,85.5
Q37133,Mariupol,2,February,2.3,0.8,77.5
Q37133,Mariupol,3,March,4.8,0.5,73.9
Q37133,Mariupol,4,April,15.7,0.5,63.6
Q37133,Mariupol,5,May,16.4,1.0,50.1
Q37133,Mariupol,6,June,24.0,1.9,59.2
Q37133,Mariupol,7,July,28.0,0.3,41.1
Q37133,Mariupol,8,August,25.2,0.6,45.3
Q37133,Mariupol,9,September,21.6,0.7,41.1
Q37133,Mariupol,10,October,12.4,1.0,70.4
Q37133,Mariupol,11,November,4.8,1.1,75.9
Q37133,Mariupol,12,December,1.8,1.2,84.1
Q101625,Marrakesh,1,January,15.2,0.2,40.3
Q101625,Marrakesh,2,February,16.2,1.1,48.3
Q101625,Marrakesh,3,March,16.2,2.0,59.9
Q101625,Marrakesh,4,April,20.8,0.3,44.7
Q101625,Marrakesh,5,May,22.8,0.0,47.1
Q101625,Marrakesh,6,June,24.1,0.1,52.2
Q101625,Marrakesh,7,July,30.0,0.0,39.8
Q101625,Marrakesh,8,August,30.1,0.0,41.5
Q101625,Marrakesh,9,September,25.7,0.0,49.9
Q101625,Marrakesh,10,October,21.2,1.3,62.2
Q101625,Marrakesh,11,November,20.1,0.2,47.4
Q101625,Marrakesh,12,December,14.9,0.6,49.2
Q23482,Marseille,1,January,8.8,1.4,72.6
Q23482,Marseille,2,February,10.7,2.7,74.2
Q23482,Marseille,3,March,11.8,4.9,72.7
Q23482,Marseille,4,April,14.0,1.2,59.7
Q23482,Marseille,5,May,16.7,1.7,70.9
Q23482,Marseille,6,June,20.7,1.5,65.9
Q23482,Marseille,7,July,24.3,0.2,59.8
Q23482,Marseille,8,August,25.3,0.7,62.1
Q23482,Marseille,9,September,19.5,2.8,65.6
Q23482,Marseille,10,October,17.7,2.4,77.1
Q23482,Marseille,11,November,13.0,1.9,73.9
Q23482,Marseille,12,December,8.5,0.4,68.0
Q709,Marshall Islands,1,January,27.1,1.2,75.1
Q709,Marshall Islands,2,February,27.0,1.7,79.9
Q709,Marshall Islands,3,March,27.5,0.4,76.3
Q709,Marshall Islands,4,April,27.6,3.5,78.6
Q709,Marshall Islands,5,May,27.9,5.8,80.8
Q709,Marshall Islands,6,June,28.1,4.9,79.6
Q709,Marshall Islands,7,July,27.9,8.0,80.2
Q709,Marshall Islands,8,August,27.9,8.4,79.9
Q709,Marshall Islands,9,September,28.0,8.4,79.4
Q709,Marshall Islands,10,October,27.9,10.6,79.5
Q709,Marshall Islands,11,November,27.8,9.2,79.9
Q709,Marshall Islands,12,December,28.0,1.9,77.7
Q3909,Maseru,1,January,19.4,3.1,68.1
Q3909,Maseru,2,February,20.8,1.0,56.8
Q3909,Maseru,3,March,20.0,0.6,53.5
Q3909,Maseru,4,April,14.4,2.1,69.7
Q3909,Maseru,5,May,13.1,0.0,54.8
Q3909,Maseru,6,June,7.2,1.0,65.1
Q3909,Maseru,7,July,6.3,0.0,40.8
Q3909,Maseru,8,August,10.5,0.4,41.0
Q3909,Maseru,9,September,13.6,2.2,49.3
Q3909,Maseru,10,October,16.2,1.4,45.5
Q3909,Maseru,11,November,18.6,2.9,55.2
Q3909,Maseru,12,December,22.3,1.8,47.6
Q1025,Mauritania,1,January,19.2,0.0,17.0
Q1025,Mauritania,2,February,21.0,0.0,20.0
Q1025,Mauritania,3,March,22.4,0.0,22.4
Q1025,Mauritania,4,April,27.2,0.4,23.3
Q1025,Mauritania,5,May,29.8,0.0,17.8
Q1025,Mauritania,6,June,32.6,0.0,20.0
Q1025,Mauritania,7,July,35.0,0.0,23.5
Q1025,Mauritania,8,August,34.1,0.1,28.4
Q1025,Mauritania,9,September,31.0,1.8,40.5
Q1025,Mauritania,10,October,29.2,0.0,25.7
Q1025,Mauritania,11,November,24.1,0.0,22.2
Q1025,Mauritania,12,December,18.4,0.0,25.0
Q1027,Mauritius,1,January,26.3,10.1,86.2
Q1027,Mauritius,2,February,26.0,4.2,78.9
Q1027,Mauritius,3,March,25.5,3.5,80.5
Q1027,Mauritius,4,April,25.1,2.2,83.5
Q1027,Mauritius,5,May,23.4,1.2,76.5
Q1027,Mauritius,6,June,21.9,0.7,76.9
Q1027,Mauritius,7,July,21.1,0.7,74.8
Q1027,Mauritius,8,August,21.0,0.6,71.6
Q1027,Mauritius,9,September,22.0,0.4,72.9
Q1027,Mauritius,10,October,22.7,2.5,75.8
Q1027,Mauritius,11,November,24.5,2.3,76.5
Q1027,Mauritius,12,December,25.3,2.7,74.1
Q3904,Mbabane,1,January,19.1,4.8,84.8
Q3904,Mbabane,2,February,19.8,4.0,83.5
Q3904,Mbabane,3,March,19.1,5.3,84.7
Q3904,Mbabane,4,April,16.6,4.5,81.4
Q3904,Mbabane,5,May,16.4,0.5,68.7
Q3904,Mbabane,6,June,12.9,0.4,62.4
Q3904,Mbabane,7,July,14.9,0.0,42.1
Q3904,Mbabane,8,August,16.5,1.5,51.7
Q3904,Mbabane,9,September,16.5,2.6,67.2
Q3904,Mbabane,10,October,16.8,2.5,70.4
Q3904,Mbabane,11,November,19.4,3.6,74.3
Q3904,Mbabane,12,December,21.3,4.8,77.0
Q48278,Medellín,1,January,21.2,1.2,79.3
Q48278,Medellín,2,February,21.4,3.2,82.2
Q48278,Medellín,3,March,22.1,1.9,78.3
Q48278,Medellín,4,April,21.1,8.1,85.6
Q48278,Medellín,5,May,20.8,11.6,89.8
Q48278,Medellín,6,June,20.3,8.9,88.8
Q48278,Medellín,7,July,20.7,3.9,82.9
Q48278,Medellín,8,August,20.6,6.2,83.1
Q48278,Medellín,9,September,21.1,5.2,82.8
Q48278,Medellín,10,October,20.3,7.4,86.9
Q48278,Medellín,11,November,19.7,9.3,88.3
Q48278,Medellín,12,December,20.5,4.4,83.7
Q35484,Medina,1,January,19.4,0.0,45.4
Q35484,Medina,2,February,19.6,0.0,35.0
Q35484,Medina,3,March,23.8,1.2,31.5
Q35484,Medina,4,April,26.9,0.2,29.1
Q35484,Medina,5,May,32.1,0.0,19.0
Q35484,Medina,6,June,37.8,0.0,12.1
Q35484,Medina,7,July,35.5,0.0,17.1
Q35484,Medina,8,August,36.4,0.0,27.6
Q35484,Medina,9,September,35.1,0.0,20.4
Q35484,Medina,10,October,30.0,0.1,26.2
Q35484,Medina,11,November,25.0,0.0,41.5
Q35484,Medina,12,December,19.4,0.1,38.2
Q3141,Melbourne,1,January,19.4,4.6,74.1
Q3141,Melbourne,2,February,20.1,0.4,63.9
Q3141,Melbourne,3,March,19.1,0.7,64.4
Q3141,Melbourne,4,April,13.9,3.1,77.1
Q3141,Melbourne,5,May,11.5,1.3,83.2
Q3141,Melbourne,6,June,9.2,1.2,80.9
Q3141,Melbourne,7,July,9.0,3.2,82.5
Q3141,Melbourne,8,August,12.2,1.2,73.9
Q3141,Melbourne,9,September,12.6,2.1,69.2
Q3141,Melbourne,10,October,14.7,2.1,69.1
Q3141,Melbourne,11,November,18.3,2.5,64.4
Q3141,Melbourne,12,December,19.9,1.5,61.3
Q5831,Melilla,1,January,15.3,0.3,71.3
Q5831,Melilla,2,February,15.8,1.0,71.9
Q5831,Melilla,3,March,16.3,1.4,72.4
Q5831,Melilla,4,April,17.5,1.1,68.6
Q5831,Melilla,5,May,19.2,0.0,70.9
Q5831,Melilla,6,June,21.7,0.4,72.0
Q5831,Melilla,7,July,25.4,0.0,69.1
Q5831,Melilla,8,August,26.5,0.3,76.9
Q5831,Melilla,9,September,23.8,0.8,72.0
Q5831,Melilla,10,October,20.7,1.2,77.3
Q5831,Melilla,11,November,18.0,0.4,85.9
Q5831,Melilla,12,December,15.0,0.2,71.5
Q16563,Memphis,1,January,2.8,6.1,71.8
Q16563,Memphis,2,February,10.5,3.8,71.0
Q16563,Memphis,3,March,13.4,3.4,69.7
Q16563,Memphis,4,April,17.7,6.2,67.5
Q16563,Memphis,5,May,23.0,7.3,75.8
Q16563,Memphis,6,June,26.0,3.0,72.1
Q16563,Memphis,7,July,26.8,3.4,74.0
Q16563,Memphis,8,August,27.0,1.1,64.5
Q16563,Memphis,9,September,23.1,7.2,73.0
Q16563,Memphis,10,October,18.8,0.1,63.7
Q16563,Memphis,11,November,14.5,9.3,75.8
Q16563,Memphis,12,December,8.4,5.5,74.1
Q13666,Messina,1,January,11.8,3.2,77.9
Q13666,Messina,2,February,12.5,1.8,77.7
Q13666,Messina,3,March,13.4,2.3,79.3
Q13666,Messina,4,April,15.8,1.1,68.3
Q13666,Messina,5,May,18.9,1.4,74.9
Q13666,Messina,6,June,23.9,0.5,66.3
Q13666,Messina,7,July,27.0,0.7,71.0
Q13666,Messina,8,August,27.8,0.9,71.5
Q13666,Messina,9,September,23.8,2.4,70.7
Q13666,Messina,10,October,20.7,1.5,76.5
Q13666,Messina,11,November,16.0,3.5,75.9
Q13666,Messina,12,December,11.9,3.4,77.9
Q22690,Metz,1,January,2.4,2.5,82.3
Q22690,Metz,2,February,7.3,3.5,85.8
Q22690,Metz,3,March,8.3,3.3,80.8
Q22690,Metz,4,April,10.1,2.5,75.5
Q22690,Metz,5,May,14.2,4.4,80.0
Q22690,Metz,6,June,16.7,1.9,75.7
Q22690,Metz,7,July,19.1,2.5,74.9
Q22690,Metz,8,August,20.4,1.4,74.2
Q22690,Metz,9,September,15.6,3.3,78.4
Q22690,Metz,10,October,12.4,3.4,87.2
Q22690,Metz,11,November,6.5,2.2,88.0
Q22690,Metz,12,December,3.3,2.1,90.2
Q96,Mexico,1,January,13.7,0.1,41.5
Q96,Mexico,2,February,14.4,1.3,45.2
Q96,Mexico,3,March,18.0,0.0,28.1
Q96,Mexico,4,April,20.6,0.0,32.8
Q96,Mexico,5,May,25.5,0.1,26.6
Q96,Mexico,6,June,22.5,2.2,52.9
Q96,Mexico,7,July,18.9,5.4,72.3
Q96,Mexico,8,August,20.5,1.6,59.7
Q96,Mexico,9,September,18.8,3.9,73.4
Q96,Mexico,10,October,17.4,0.2,56.6
Q96,Mexico,11,November,17.8,0.0,48.4
Q96,Mexico,12,December,13.7,0.8,57.1
Q1489,Mexico City,1,January,15.5,0.0,44.7
Q1489,Mexico City,2,February,17.1,0.5,38.2
Q1489,Mexico City,3,March,19.9,0.0,29.1
Q1489,Mexico City,4,April,21.1,0.2,36.8
Q1489,Mexico City,5,May,23.6,0.8,38.5
Q1489,Mexico City,6,June,21.1,5.1,52.5
Q1489,Mexico City,7,July,17.7,8.7,76.5
Q1489,Mexico City,8,August,17.6,8.3,76.0
Q1489,Mexico City,9,September,17.6,9.7,77.8
Q1489,Mexico City,10,October,15.6,3.9,71.9
Q1489,Mexico City,11,November,17.1,0.2,51.9
Q1489,Mexico City,12,December,15.8,0.3,51.9
Q8652,Miami,1,January,20.9,2.9,78.6
Q8652,Miami,2,February,19.8,2.5,70.6
Q8652,Miami,3,March,23.4,5.6,74.4
Q8652,Miami,4,April,23.9,1.4,64.8
Q8652,Miami,5,May,27.5,2.4,72.0
Q8652,Miami,6,June,27.2,12.5,80.1
Q8652,Miami,7,July,28.5,2.8,78.1
Q8652,Miami,8,August,28.2,7.0,79.2
Q8652,Miami,9,September,27.9,6.3,81.0
Q8652,Miami,10,October,26.0,7.5,75.6
Q8652,Miami,11,November,24.5,1.6,68.4
Q8652,Miami,12,December,21.8,3.1,69.9
Q490,Milan,1,January,3.1,1.6,85.4
Q490,Milan,2,February,8.0,7.7,87.2
Q490,Milan,3,March,10.5,6.7,79.5
Q490,Milan,4,April,13.2,2.6,71.3
Q490,Milan,5,May,16.6,12.0,79.6
Q490,Milan,6,June,20.8,6.4,77.5
Q490,Milan,7,July,24.9,3.6,73.8
Q490,Milan,8,August,26.1,2.2,68.8
Q490,Milan,9,September,18.9,6.0,72.8
Q490,Milan,10,October,15.2,8.3,89.2
Q490,Milan,11,November,7.4,0.3,87.2
Q490,Milan,12,December,3.9,1.0,83.3
Q37836,Milwaukee,1,January,-4.4,3.2,79.6
Q37836,Milwaukee,2,February,1.3,0.5,68.3
Q37836,Milwaukee,3,March,3.6,3.3,66.3
Q37836,Milwaukee,4,April,8.9,4.0,68.4
Q37836,Milwaukee,5,May,14.5,4.9,73.1
Q37836,Milwaukee,6,June,20.5,4.0,68.7
Q37836,Milwaukee,7,July,21.7,2.8,74.8
Q37836,Milwaukee,8,August,21.3,2.6,73.8
Q37836,Milwaukee,9,September,19.3,1.4,68.8
Q37836,Milwaukee,10,October,13.8,1.0,56.2
Q37836,Milwaukee,11,November,6.5,3.0,77.0
Q37836,Milwaukee,12,December,-1.4,0.9,75.8
Q36091,Minneapolis,1,January,-6.3,0.2,73.4
Q36091,Minneapolis,2,February,-0.9,0.6,67.3
Q36091,Minneapolis,3,March,1.5,1.9,56.3
Q36091,Minneapolis,4,April,8.2,3.0,63.1
Q36091,Minneapolis,5,May,15.7,6.0,64.1
Q36091,Minneapolis,6,June,19.8,7.7,71.8
Q36091,Minneapolis,7,July,22.1,2.8,74.5
Q36091,Minneapolis,8,August,20.9,4.3,75.1
Q36091,Minneapolis,9,September,20.1,0.8,64.8
Q36091,Minneapolis,10,October,13.3,1.7,55.6
Q36091,Minneapolis,11,November,3.1,1.9,78.0
Q36091,Minneapolis,12,December,-4.7,1.1,79.2
Q2280,Minsk,1,January,-5.5,1.8,86.1
Q2280,Minsk,2,February,0.8,1.9,89.1
Q2280,Minsk,3,March,3.6,0.7,75.5
Q2280,Minsk,4,April,9.1,3.2,75.2
Q2280,Minsk,5,May,14.3,1.8,65.0
Q2280,Minsk,6,June,18.6,3.5,72.0
Q2280,Minsk,7,July,21.0,4.4,70.6
Q2280,Minsk,8,August,19.6,2.1,73.8
Q2280,Minsk,9,September,17.5,1.5,64.9
Q2280,Minsk,10,October,7.9,1.8,84.6
Q2280,Minsk,11,November,2.5,1.3,85.2
Q2280,Minsk,12,December,0.0,1.0,88.2
Q2449,Mogadishu,1,January,27.4,0.2,72.7
Q2449,Mogadishu,2,February,28.2,0.4,73.1
Q2449,Mogadishu,3,March,29.0,0.6,71.1
Q2449,Mogadishu,4,April,28.3,5.0,79.8
Q2449,Mogadishu,5,May,27.7,3.9,81.8
Q2449,Mogadishu,6,June,26.7,1.6,77.4
Q2449,Mogadishu,7,July,25.9,1.4,77.3
Q2449,Mogadishu,8,August,25.5,2.4,77.9
Q2449,Mogadishu,9,September,26.1,1.4,77.6
Q2449,Mogadishu,10,October,27.0,0.7,76.2
Q2449,Mogadishu,11,November,27.3,3.5,77.9
Q2449,Mogadishu,12,December,27.0,0.2,72.4
Q217,Moldova,1,January,-1.0,2.4,81.2
Q217,Moldova,2,February,5.8,0.7,78.7
Q217,Moldova,3,March,5.9,1.4,75.4
Q217,Moldova,4,April,13.9,1.8,62.9
Q217,Moldova,5,May,16.3,1.2,53.9
Q217,Moldova,6,June,22.4,2.9,65.0
Q217,Moldova,7,July,25.0,2.3,57.2
Q217,Moldova,8,August,24.5,0.7,51.9
Q217,Moldova,9,September,18.9,3.8,65.8
Q217,Moldova,10,October,10.9,1.3,80.1
Q217,Moldova,11,November,3.4,1.3,78.9
Q217,Moldova,12,December,1.9,1.3,84.5
Q235,Monaco,1,January,9.1,2.5,71.0
Q235,Monaco,2,February,10.7,7.0,76.4
Q235,Monaco,3,March,11.5,7.5,75.3
Q235,Monaco,4,April,13.9,2.2,68.9
Q235,Monaco,5,May,16.7,2.7,77.9
Q235,Monaco,6,June,20.5,2.1,78.0
Q235,Monaco,7,July,25.1,0.1,69.1
Q235,Monaco,8,August,26.4,0.8,66.1
Q235,Monaco,9,September,20.3,5.7,65.9
Q235,Monaco,10,October,17.7,8.0,81.3
Q235,Monaco,11,November,12.7,0.8,69.0
Q235,Monaco,12,December,8.7,0.8,61.7
Q711,Mongolia,1,January,-18.1,0.2,71.5
Q711,Mongolia,2,February,-16.6,0.1,69.1
Q711,Mongolia,3,March,-3.0,0.0,49.2
Q711,Mongolia,4,April,5.6,0.5,45.0
Q711,Mongolia,5,May,14.4,0.8,37.8
Q711,Mongolia,6,June,18.6,0.4,41.2
Q711,Mongolia,7,July,21.8,1.8,50.0
Q711,Mongolia,8,August,18.2,6.3,69.3
Q711,Mongolia,9,September,11.5,0.7,54.3
Q711,Mongolia,10,October,3.7,0.3,54.5
Q711,Mongolia,11,November,-4.1,0.1,48.3
Q711,Mongolia,12,December,-15.4,0.1,62.5
Q3748,Monrovia,1,January,27.2,1.7,83.4
Q3748,Monrovia,2,February,28.0,1.1,81.4
Q3748,Monrovia,3,March,27.7,2.6,83.6
Q3748,Monrovia,4,April,27.9,3.7,83.0
Q3748,Monrovia,5,May,27.0,8.0,86.6
Q3748,Monrovia,6,June,25.5,16.4,89.7
Q3748,Monrovia,7,July,25.1,13.6,87.3
Q3748,Monrovia,8,August,24.9,23.1,89.0
Q3748,Monrovia,9,September,24.8,21.7,90.9
Q3748,Monrovia,10,October,25.2,13.9,89.7
Q3748,Monrovia,11,November,26.4,2.9,84.8
Q3748,Monrovia,12,December,27.6,1.4,77.2
Q6022566,Monte Águila,1,January,21.9,0.0,46.8
Q6022566,Monte Águila,2,February,21.7,0.0,51.1
Q6022566,Monte Águila,3,March,17.2,2.0,61.4
Q6022566,Monte Águila,4,April,12.8,3.1,76.9
Q6022566,Monte Águila,5,May,7.6,4.1,86.9
Q6022566,Monte Águila,6,June,9.0,14.7,86.9
Q6022566,Monte Águila,7,July,6.0,1.4,82.5
Q6022566,Monte Águila,8,August,7.8,5.4,82.5
Q6022566,Monte Águila,9,September,9.8,3.3,79.0
Q6022566,Monte Águila,10,October,13.3,1.9,76.8
Q6022566,Monte Águila,11,November,15.3,1.0,66.0
Q6022566,Monte Águila,12,December,19.1,0.1,53.9
Q236,Montenegro,1,January,-6.2,3.9,82.0
Q236,Montenegro,2,February,-2.6,6.6,81.2
Q236,Montenegro,3,March,-1.2,4.4,81.3
Q236,Montenegro,4,April,3.4,3.1,70.0
Q236,Montenegro,5,May,6.0,5.0,80.9
Q236,Montenegro,6,June,12.5,4.0,71.9
Q236,Montenegro,7,July,15.0,1.6,63.0
Q236,Montenegro,8,August,15.3,1.4,58.6
Q236,Montenegro,9,September,8.3,4.7,77.1
Q236,Montenegro,10,October,6.7,6.7,75.2
Q236,Montenegro,11,November,-1.1,5.0,71.7
Q236,Montenegro,12,December,-5.0,4.7,85.9
Q1335,Montevideo,1,January,21.9,0.8,77.9
Q1335,Montevideo,2,February,23.0,2.4,79.9
Q1335,Montevideo,3,March,21.2,5.3,78.6
Q1335,Montevideo,4,April,18.3,4.1,78.2
Q1335,Montevideo,5,May,13.1,1.6,78.7
Q1335,Montevideo,6,June,13.3,2.2,82.1
Q1335,Montevideo,7,July,9.3,0.3,80.5
Q1335,Montevideo,8,August,11.6,3.8,81.3
Q1335,Montevideo,9,September,14.0,1.5,81.6
Q1335,Montevideo,10,October,17.2,1.8,80.8
Q1335,Montevideo,11,November,19.8,2.3,76.7
Q1335,Montevideo,12,December,19.7,1.9,74.0
Q29364,Montgomery,1,January,7.7,7.4,71.2
Q29364,Montgomery,2,February,12.1,3.7,69.2
Q29364,Montgomery,3,March,15.3,4.6,73.4
Q29364,Montgomery,4,April,18.9,2.7,69.2
Q29364,Montgomery,5,May,24.0,3.8,73.5
Q29364,Montgomery,6,June,27.0,2.0,66.9
Q29364,Montgomery,7,July,27.5,5.2,79.4
Q29364,Montgomery,8,August,28.2,0.8,64.4
Q29364,Montgomery,9,September,25.0,6.2,72.2
Q29364,Montgomery,10,October,20.1,0.0,65.7
Q29364,Montgomery,11,November,17.5,4.0,75.2
Q29364,Montgomery,12,December,10.5,4.1,72.7
Q26426,Montpelier,1,January,-4.2,3.4,76.3
Q26426,Montpelier,2,February,-2.8,0.9,69.2
Q26426,Montpelier,3,March,1.4,4.5,70.8
Q26426,Montpelier,4,April,6.2,3.6,70.8
Q26426,Montpelier,5,May,15.0,2.1,73.9
Q26426,Montpelier,6,June,19.5,3.2,72.5
Q26426,Montpelier,7,July,22.2,3.9,75.4
Q26426,Montpelier,8,August,19.4,4.0,80.5
Q26426,Montpelier,9,September,16.5,1.4,76.5
Q26426,Montpelier,10,October,9.6,1.8,75.1
Q26426,Montpelier,11,November,4.0,2.2,74.4
Q26426,Montpelier,12,December,-4.0,2.7,79.5
Q6441,Montpellier,1,January,7.8,1.9,75.7
Q6441,Montpellier,2,February,10.3,1.3,72.7
Q6441,Montpellier,3,March,12.0,4.7,73.1
Q6441,Montpellier,4,April,13.8,2.7,62.4
Q6441,Montpellier,5,May,16.7,4.4,70.0
Q6441,Montpellier,6,June,21.1,2.0,65.6
Q6441,Montpellier,7,July,25.0,1.1,57.4
Q6441,Montpellier,8,August,26.3,0.3,56.3
Q6441,Montpellier,9,September,19.1,4.5,65.6
Q6441,Montpellier,10,October,16.9,4.9,80.8
Q6441,Montpellier,11,November,11.7,3.4,78.8
Q6441,Montpellier,12,December,7.2,0.2,72.2
Q340,Montreal,1,January,-7.3,2.3,79.4
Q340,Montreal,2,February,-5.4,0.8,75.7
Q340,Montreal,3,March,0.1,2.2,67.7
Q340,Montreal,4,April,5.6,4.3,69.0
Q340,Montreal,5,May,14.6,2.5,69.4
Q340,Montreal,6,June,19.0,5.1,70.0
Q340,Montreal,7,July,21.4,4.1,75.2
Q340,Montreal,8,August,19.4,7.0,78.8
Q340,Montreal,9,September,16.6,1.9,75.7
Q340,Montreal,10,October,9.7,1.3,72.3
Q340,Montreal,11,November,3.9,1.9,73.7
Q340,Montreal,12,December,-5.8,2.8,80.6
Q1028,Morocco,1,January,2.0,0.3,41.1
Q1028,Morocco,2,February,1.7,2.7,56.0
Q1028,Morocco,3,March,1.4,3.3,65.1
Q1028,Morocco,4,April,6.2,0.8,54.0
Q1028,Morocco,5,May,10.3,0.6,46.6
Q1028,Morocco,6,June,13.1,0.8,49.9
Q1028,Morocco,7,July,18.6,0.4,29.1
Q1028,Morocco,8,August,17.9,0.4,35.5
Q1028,Morocco,9,September,11.6,1.1,62.0
Q1028,Morocco,10,October,6.6,1.8,71.6
Q1028,Morocco,11,November,4.0,1.0,64.1
Q1028,Morocco,12,December,0.5,0.3,52.6
Q3901,Moroni,1,January,26.3,30.2,92.6
Q3901,Moroni,2,February,27.1,10.6,90.1
Q3901,Moroni,3,March,27.7,18.6,87.2
Q3901,Moroni,4,April,27.3,20.5,89.2
Q3901,Moroni,5,May,26.6,8.3,83.3
Q3901,Moroni,6,June,25.2,3.4,80.6
Q3901,Moroni,7,July,24.0,4.1,81.4
Q3901,Moroni,8,August,24.0,6.1,81.7
Q3901,Moroni,9,September,24.2,7.6,85.8
Q3901,Moroni,10,October,25.5,5.7,84.2
Q3901,Moroni,11,November,26.5,6.2,85.5
Q3901,Moroni,12,December,26.9,7.2,84.0
Q649,Moscow,1,January,-12.1,1.4,83.8
Q649,Moscow,2,February,-6.5,1.5,84.7
Q649,Moscow,3,March,-2.0,0.3,82.0
Q649,Moscow,4,April,9.7,1.6,70.6
Q649,Moscow,5,May,11.8,1.1,58.6
Q649,Moscow,6,June,19.8,3.2,68.0
Q649,Moscow,7,July,21.9,2.1,65.5
Q649,Moscow,8,August,18.5,1.6,74.3
Q649,Moscow,9,September,16.8,0.4,62.5
Q649,Moscow,10,October,7.1,2.5,80.1
Q649,Moscow,11,November,0.8,2.5,85.0
Q649,Moscow,12,December,-2.8,1.5,89.5
Q1029,Mozambique,1,January,26.8,3.6,81.5
Q1029,Mozambique,2,February,27.2,3.7,79.9
Q1029,Mozambique,3,March,27.3,3.0,80.3
Q1029,Mozambique,4,April,24.6,2.9,83.4
Q1029,Mozambique,5,May,22.8,0.8,80.7
Q1029,Mozambique,6,June,21.8,1.2,77.8
Q1029,Mozambique,7,July,22.1,0.0,72.7
Q1029,Mozambique,8,August,23.4,2.1,71.5
Q1029,Mozambique,9,September,24.9,0.6,71.2
Q1029,Mozambique,10,October,25.4,1.6,71.8
Q1029,Mozambique,11,November,27.3,2.3,75.7
Q1029,Mozambique,12,December,29.0,0.6,72.7
Q1156,Mumbai,1,January,24.5,0.1,58.0
Q1156,Mumbai,2,February,25.5,0.0,52.9
Q1156,Mumbai,3,March,26.7,0.0,59.6
Q1156,Mumbai,4,April,29.5,0.0,64.1
Q1156,Mumbai,5,May,30.5,0.4,73.1
Q1156,Mumbai,6,June,28.4,16.6,82.7
Q1156,Mumbai,7,July,26.8,36.6,88.5
Q1156,Mumbai,8,August,26.9,12.6,86.0
Q1156,Mumbai,9,September,26.4,11.9,86.8
Q1156,Mumbai,10,October,27.3,4.2,84.4
Q1156,Mumbai,11,November,27.5,0.0,54.3
Q1156,Mumbai,12,December,25.6,0.0,59.1
Q1726,Munich,1,January,0.5,2.8,78.4
Q1726,Munich,2,February,6.5,2.3,77.2
Q1726,Munich,3,March,7.6,2.8,74.8
Q1726,Munich,4,April,9.8,2.5,69.5
Q1726,Munich,5,May,13.9,4.7,75.2
Q1726,Munich,6,June,17.6,8.4,77.3
Q1726,Munich,7,July,19.4,3.1,76.9
Q1726,Munich,8,August,20.0,3.7,78.8
Q1726,Munich,9,September,14.4,6.4,80.0
Q1726,Munich,10,October,11.4,2.0,87.9
Q1726,Munich,11,November,4.4,2.1,85.2
Q1726,Munich,12,December,1.5,1.8,81.9
Q2742,Münster,1,January,2.9,2.2,80.3
Q2742,Münster,2,February,7.2,3.9,86.8
Q2742,Münster,3,March,8.4,1.4,79.3
Q2742,Münster,4,April,10.4,3.3,75.9
Q2742,Münster,5,May,15.8,4.0,74.6
Q2742,Münster,6,June,16.3,3.0,72.9
Q2742,Münster,7,July,18.6,3.1,72.9
Q2742,Münster,8,August,19.7,3.2,74.0
Q2742,Münster,9,September,16.0,2.8,78.6
Q2742,Münster,10,October,11.9,3.2,85.7
Q2742,Münster,11,November,6.2,2.3,87.1
Q2742,Münster,12,December,4.7,2.3,89.1
Q3826,Muscat,1,January,23.1,0.1,59.2
Q3826,Muscat,2,February,23.2,1.0,64.4
Q3826,Muscat,3,March,25.4,0.2,55.5
Q3826,Muscat,4,April,28.3,2.0,53.3
Q3826,Muscat,5,May,33.8,0.0,40.8
Q3826,Muscat,6,June,36.2,0.0,44.1
Q3826,Muscat,7,July,36.3,0.0,49.6
Q3826,Muscat,8,August,32.0,0.1,67.6
Q3826,Muscat,9,September,32.3,0.1,57.2
Q3826,Muscat,10,October,30.3,1.4,56.3
Q3826,Muscat,11,November,27.4,0.2,55.7
Q3826,Muscat,12,December,22.7,0.0,55.0
Q836,Myanmar,1,January,21.2,0.0,69.1
Q836,Myanmar,2,February,24.2,0.0,55.7
Q836,Myanmar,3,March,27.6,0.6,45.0
Q836,Myanmar,4,April,33.0,0.1,41.9
Q836,Myanmar,5,May,31.4,4.5,63.0
Q836,Myanmar,6,June,29.9,5.6,72.5
Q836,Myanmar,7,July,29.6,6.1,71.6
Q836,Myanmar,8,August,28.3,10.2,78.7
Q836,Myanmar,9,September,28.2,14.2,83.8
Q836,Myanmar,10,October,27.6,8.6,84.2
Q836,Myanmar,11,November,25.4,1.4,79.4
Q836,Myanmar,12,December,23.1,0.0,74.4
Q11751,Nagoya,1,January,4.8,1.8,72.1
Q11751,Nagoya,2,February,7.0,4.7,71.9
Q11751,Nagoya,3,March,7.7,6.2,69.3
Q11751,Nagoya,4,April,16.1,4.8,73.9
Q11751,Nagoya,5,May,18.1,8.2,74.1
Q11751,Nagoya,6,June,22.4,10.5,77.9
Q11751,Nagoya,7,July,27.7,9.2,79.0
Q11751,Nagoya,8,August,29.3,8.1,71.6
Q11751,Nagoya,9,September,26.6,2.7,78.8
Q11751,Nagoya,10,October,20.4,7.2,79.9
Q11751,Nagoya,11,November,13.3,4.5,74.4
Q11751,Nagoya,12,December,5.9,0.2,70.8
Q3870,Nairobi,1,January,19.8,2.7,73.2
Q3870,Nairobi,2,February,21.2,1.0,62.2
Q3870,Nairobi,3,March,21.3,1.1,61.9
Q3870,Nairobi,4,April,19.9,5.9,77.6
Q3870,Nairobi,5,May,19.4,2.6,76.9
Q3870,Nairobi,6,June,18.0,0.9,69.8
Q3870,Nairobi,7,July,17.6,1.7,74.5
Q3870,Nairobi,8,August,17.7,0.5,70.3
Q3870,Nairobi,9,September,19.0,0.7,64.5
Q3870,Nairobi,10,October,20.2,1.1,61.3
Q3870,Nairobi,11,November,19.2,4.3,75.2
Q3870,Nairobi,12,December,19.8,2.3,69.5
Q1030,Namibia,1,January,26.5,0.7,35.9
Q1030,Namibia,2,February,26.9,1.4,39.3
Q1030,Namibia,3,March,26.1,1.0,38.0
Q1030,Namibia,4,April,23.3,0.0,32.7
Q1030,Namibia,5,May,21.6,0.0,25.7
Q1030,Namibia,6,June,15.6,0.0,31.0
Q1030,Namibia,7,July,16.6,0.0,16.6
Q1030,Namibia,8,August,20.4,0.0,15.4
Q1030,Namibia,9,September,21.8,0.0,18.4
Q1030,Namibia,10,October,24.2,0.0,18.9
Q1030,Namibia,11,November,25.8,0.3,24.9
Q1030,Namibia,12,December,27.4,0.4,27.0
Q16666,Nanjing,1,January,3.6,1.7,75.0
Q16666,Nanjing,2,February,4.3,3.4,77.9
Q16666,Nanjing,3,March,11.2,3.3,71.9
Q16666,Nanjing,4,April,17.2,4.8,78.4
Q16666,Nanjing,5,May,20.9,3.0,71.8
Q16666,Nanjing,6,June,25.2,9.4,75.4
Q16666,Nanjing,7,July,29.2,7.7,79.4
Q16666,Nanjing,8,August,30.1,5.2,76.1
Q16666,Nanjing,9,September,26.4,7.7,78.7
Q16666,Nanjing,10,October,17.5,3.4,78.6
Q16666,Nanjing,11,November,13.1,0.5,73.9
Q16666,Nanjing,12,December,5.0,0.4,68.3
Q12191,Nantes,1,January,6.2,3.7,85.0
Q12191,Nantes,2,February,9.9,4.6,86.8
Q12191,Nantes,3,March,9.4,3.5,83.1
Q12191,Nantes,4,April,11.4,3.1,77.4
Q12191,Nantes,5,May,14.2,3.2,80.4
Q12191,Nantes,6,June,16.9,2.5,74.5
Q12191,Nantes,7,July,18.8,2.8,77.3
Q12191,Nantes,8,August,19.7,1.8,75.1
Q12191,Nantes,9,September,15.4,3.6,81.0
Q12191,Nantes,10,October,14.1,5.3,87.5
Q12191,Nantes,11,November,10.5,2.3,88.6
Q12191,Nantes,12,December,7.6,1.3,86.8
Q2634,Naples,1,January,10.5,2.6,78.5
Q2634,Naples,2,February,11.5,3.4,80.9
Q2634,Naples,3,March,12.9,3.8,79.3
Q2634,Naples,4,April,14.5,1.5,76.3
Q2634,Naples,5,May,18.2,2.2,78.5
Q2634,Naples,6,June,22.8,0.8,72.2
Q2634,Naples,7,July,26.7,0.9,71.8
Q2634,Naples,8,August,27.5,1.1,71.5
Q2634,Naples,9,September,21.4,5.0,75.7
Q2634,Naples,10,October,18.7,4.6,83.6
Q2634,Naples,11,November,13.5,1.9,75.3
Q2634,Naples,12,December,9.7,4.3,78.8
Q23197,Nashville,1,January,1.6,4.5,75.9
Q23197,Nashville,2,February,8.6,4.2,69.7
Q23197,Nashville,3,March,11.9,2.6,69.5
Q23197,Nashville,4,April,16.4,5.4,68.3
Q23197,Nashville,5,May,21.0,5.9,79.3
Q23197,Nashville,6,June,24.8,5.2,73.8
Q23197,Nashville,7,July,26.0,4.5,77.0
Q23197,Nashville,8,August,25.8,1.4,66.5
Q23197,Nashville,9,September,22.6,9.1,73.1
Q23197,Nashville,10,October,17.3,0.4,68.2
Q23197,Nashville,11,November,13.1,4.7,75.5
Q23197,Nashville,12,December,6.8,4.3,72.9
Q2467,Nassau,1,January,23.1,0.8,75.8
Q2467,Nassau,2,February,22.0,1.6,66.2
Q2467,Nassau,3,March,23.7,2.5,71.3
Q2467,Nassau,4,April,24.2,0.7,63.3
Q2467,Nassau,5,May,26.9,2.0,74.0
Q2467,Nassau,6,June,27.9,3.0,77.2
Q2467,Nassau,7,July,29.2,2.2,71.7
Q2467,Nassau,8,August,29.1,4.8,73.0
Q2467,Nassau,9,September,28.7,2.1,76.8
Q2467,Nassau,10,October,27.3,3.7,71.4
Q2467,Nassau,11,November,25.3,1.0,70.5
Q2467,Nassau,12,December,23.3,1.0,71.4
Q697,Nauru,1,January,28.4,11.0,77.0
Q697,Nauru,2,February,28.6,5.5,76.6
Q697,Nauru,3,March,28.0,6.9,79.0
Q697,Nauru,4,April,28.2,3.2,75.7
Q697,Nauru,5,May,28.7,1.5,75.5
Q697,Nauru,6,June,29.0,0.6,71.3
Q697,Nauru,7,July,28.3,3.8,74.0
Q697,Nauru,8,August,28.7,0.9,72.1
Q697,Nauru,9,September,28.4,1.3,70.9
Q697,Nauru,10,October,28.5,0.2,71.4
Q697,Nauru,11,November,28.3,0.1,70.1
Q697,Nauru,12,December,28.1,0.9,75.1
Q37400,Naypyidaw,1,January,21.8,0.5,68.8
Q37400,Naypyidaw,2,February,24.2,0.0,55.7
Q37400,Naypyidaw,3,March,27.5,0.0,47.2
Q37400,Naypyidaw,4,April,32.5,0.1,50.4
Q37400,Naypyidaw,5,May,30.1,7.7,70.2
Q37400,Naypyidaw,6,June,26.3,19.8,90.3
Q37400,Naypyidaw,7,July,25.7,20.4,91.5
Q37400,Naypyidaw,8,August,25.5,19.3,91.9
Q37400,Naypyidaw,9,September,26.1,19.0,91.0
Q37400,Naypyidaw,10,October,26.6,8.0,88.1
Q37400,Naypyidaw,11,November,25.2,2.1,80.3
Q37400,Naypyidaw,12,December,24.4,0.0,71.9
Q430776,Nazareth,1,January,12.0,4.2,80.8
Q430776,Nazareth,2,February,11.6,2.3,76.1
Q430776,Nazareth,3,March,14.6,0.9,66.3
Q430776,Nazareth,4,April,19.4,0.8,67.9
Q430776,Nazareth,5,May,21.0,0.5,64.1
Q430776,Nazareth,6,June,26.0,0.0,66.0
Q430776,Nazareth,7,July,27.3,0.0,69.1
Q430776,Nazareth,8,August,26.7,0.0,70.7
Q430776,Nazareth,9,September,24.9,0.1,67.3
Q430776,Nazareth,10,October,21.3,0.1,57.8
Q430776,Nazareth,11,November,16.6,0.9,67.7
Q430776,Nazareth,12,December,12.9,1.8,62.6
Q3659,N'Djamena,1,January,24.6,0.0,13.9
Q3659,N'Djamena,2,February,27.4,0.0,14.0
Q3659,N'Djamena,3,March,33.9,0.0,9.1
Q3659,N'Djamena,4,April,36.0,0.0,12.0
Q3659,N'Djamena,5,May,36.6,0.0,23.1
Q3659,N'Djamena,6,June,31.7,1.1,52.9
Q3659,N'Djamena,7,July,27.2,11.0,77.8
Q3659,N'Djamena,8,August,25.3,16.9,85.6
Q3659,N'Djamena,9,September,26.5,6.2,83.3
Q3659,N'Djamena,10,October,27.1,2.3,64.5
Q3659,N'Djamena,11,November,25.6,0.0,25.9
Q3659,N'Djamena,12,December,24.2,0.0,20.8
Q837,Nepal,1,January,10.0,0.0,62.3
Q837,Nepal,2,February,12.1,0.2,63.0
Q837,Nepal,3,March,16.6,2.2,63.4
Q837,Nepal,4,April,21.7,0.0,47.3
Q837,Nepal,5,May,22.2,6.1,70.2
Q837,Nepal,6,June,23.3,15.6,85.3
Q837,Nepal,7,July,23.4,29.7,91.0
Q837,Nepal,8,August,23.0,15.8,89.5
Q837,Nepal,9,September,22.6,18.3,87.2
Q837,Nepal,10,October,20.0,1.5,82.5
Q837,Nepal,11,November,16.0,0.3,74.4
Q837,Nepal,12,December,11.3,0.0,68.8
Q55,Netherlands,1,January,3.6,2.4,81.8
Q55,Netherlands,2,February,7.7,4.7,88.0
Q55,Netherlands,3,March,8.7,1.7,80.3
Q55,Netherlands,4,April,10.4,3.7,76.9
Q55,Netherlands,5,May,15.5,3.9,80.2
Q55,Netherlands,6,June,15.5,2.7,77.8
Q55,Netherlands,7,July,17.8,3.1,78.6
Q55,Netherlands,8,August,19.3,2.3,75.9
Q55,Netherlands,9,September,16.0,3.7,81.0
Q55,Netherlands,10,October,12.2,2.3,86.4
Q55,Netherlands,11,November,6.8,2.9,87.7
Q55,Netherlands,12,December,6.0,2.4,87.7
Q987,New Delhi,1,January,10.8,0.3,85.5
Q987,New Delhi,2,February,15.9,1.4,64.8
Q987,New Delhi,3,March,21.9,0.6,49.8
Q987,New Delhi,4,April,29.4,0.1,27.0
Q987,New Delhi,5,May,34.5,0.1,24.9
Q987,New Delhi,6,June,34.9,3.3,38.9
Q987,New Delhi,7,July,30.3,8.1,77.9
Q987,New Delhi,8,August,28.1,9.2,84.6
Q987,New Delhi,9,September,27.3,11.9,82.6
Q987,New Delhi,10,October,26.4,0.0,64.8
Q987,New Delhi,11,November,22.3,0.0,57.9
Q987,New Delhi,12,December,15.5,1.2,63.3
Q34404,New Orleans,1,January,11.4,7.6,77.5
Q34404,New Orleans,2,February,15.2,3.1,75.8
Q34404,New Orleans,3,March,18.1,6.3,77.5
Q34404,New Orleans,4,April,21.4,2.9,73.6
Q34404,New Orleans,5,May,26.2,6.1,77.4
Q34404,New Orleans,6,June,27.9,4.0,77.3
Q34404,New Orleans,7,July,28.0,7.2,82.2
Q34404,New Orleans,8,August,29.6,4.3,71.0
Q34404,New Orleans,9,September,26.0,14.3,80.1
Q34404,New Orleans,10,October,22.7,1.6,72.1
Q34404,New Orleans,11,November,20.6,4.1,78.9
Q34404,New Orleans,12,December,14.7,3.7,80.2
Q60,New York City,1,January,1.2,4.9,72.0
Q60,New York City,2,February,2.1,2.3,68.1
Q60,New York City,3,March,7.0,7.3,66.2
Q60,New York City,4,April,10.7,3.4,68.3
Q60,New York City,5,May,17.1,3.3,75.3
Q60,New York City,6,June,23.2,3.5,64.3
Q60,New York City,7,July,25.7,3.8,70.1
Q60,New York City,8,August,23.2,6.5,73.9
Q60,New York City,9,September,19.5,1.0,71.2
Q60,New York City,10,October,14.8,0.3,61.6
Q60,New York City,11,November,9.9,2.7,61.7
Q60,New York City,12,December,1.7,3.2,73.6
Q664,New Zealand,1,January,18.3,1.2,76.0
Q664,New Zealand,2,February,17.6,1.3,73.2
Q664,New Zealand,3,March,14.9,1.6,73.4
Q664,New Zealand,4,April,13.6,4.0,82.9
Q664,New Zealand,5,May,9.8,1.5,81.6
Q664,New Zealand,6,June,10.0,4.3,87.5
Q664,New Zealand,7,July,8.7,3.4,87.9
Q664,New Zealand,8,August,9.6,4.2,85.8
Q664,New Zealand,9,September,11.1,2.2,79.6
Q664,New Zealand,10,October,12.6,5.4,82.2
Q664,New Zealand,11,November,14.4,2.4,78.0
Q664,New Zealand,12,December,16.9,2.2,80.3
Q19491,Nha Trang,1,January,24.3,0.9,76.5
Q19491,Nha Trang,2,February,25.1,0.9,79.7
Q19491,Nha Trang,3,March,26.1,0.6,79.9
Q19491,Nha Trang,4,April,28.8,0.1,74.6
Q19491,Nha Trang,5,May,29.9,1.0,75.3
Q19491,Nha Trang,6,June,29.6,2.0,76.5
Q19491,Nha Trang,7,July,28.5,3.9,79.8
Q19491,Nha Trang,8,August,29.6,1.1,73.5
Q19491,Nha Trang,9,September,28.4,3.9,80.1
Q19491,Nha Trang,10,October,26.6,6.1,84.5
Q19491,Nha Trang,11,November,26.0,5.5,82.1
Q19491,Nha Trang,12,December,24.7,14.7,81.7
Q3674,Niamey,1,January,24.8,0.0,12.7
Q3674,Niamey,2,February,26.9,0.0,11.3
Q3674,Niamey,3,March,32.7,0.0,10.7
Q3674,Niamey,4,April,35.4,0.0,19.2
Q3674,Niamey,5,May,35.3,0.1,36.7
Q3674,Niamey,6,June,33.1,1.4,48.1
Q3674,Niamey,7,July,29.3,3.9,66.3
Q3674,Niamey,8,August,27.3,5.8,76.0
Q3674,Niamey,9,September,27.6,3.7,75.4
Q3674,Niamey,10,October,29.9,0.4,49.5
Q3674,Niamey,11,November,27.0,0.0,20.5
Q3674,Niamey,12,December,24.9,0.0,16.8
Q811,Nicaragua,1,January,24.2,3.0,85.0
Q811,Nicaragua,2,February,24.5,1.2,71.4
Q811,Nicaragua,3,March,26.9,1.6,70.9
Q811,Nicaragua,4,April,27.0,2.4,72.6
Q811,Nicaragua,5,May,28.3,3.8,72.8
Q811,Nicaragua,6,June,25.4,16.0,90.3
Q811,Nicaragua,7,July,24.5,15.2,93.0
Q811,Nicaragua,8,August,24.9,9.0,90.5
Q811,Nicaragua,9,September,25.2,11.8,90.5
Q811,Nicaragua,10,October,24.7,13.0,90.6
Q811,Nicaragua,11,November,24.5,8.1,87.5
Q811,Nicaragua,12,December,23.4,8.8,90.4
Q33959,Nice,1,January,9.1,2.5,69.5
Q33959,Nice,2,February,10.6,7.5,75.0
Q33959,Nice,3,March,11.6,8.1,74.0
Q33959,Nice,4,April,14.1,2.3,68.1
Q33959,Nice,5,May,16.9,2.2,75.2
Q33959,Nice,6,June,20.5,1.7,77.4
Q33959,Nice,7,July,25.0,0.2,68.6
Q33959,Nice,8,August,26.5,0.2,65.1
Q33959,Nice,9,September,20.4,5.1,65.4
Q33959,Nice,10,October,17.8,8.3,80.3
Q33959,Nice,11,November,12.7,1.0,70.1
Q33959,Nice,12,December,8.7,0.3,64.4
Q3856,Nicosia,1,January,11.9,1.6,79.6
Q3856,Nicosia,2,February,11.9,1.2,77.6
Q3856,Nicosia,3,March,14.7,0.7,64.2
Q3856,Nicosia,4,April,20.6,1.4,56.1
Q3856,Nicosia,5,May,22.8,0.5,54.1
Q3856,Nicosia,6,June,30.9,0.1,45.1
Q3856,Nicosia,7,July,31.5,0.4,47.3
Q3856,Nicosia,8,August,30.2,0.2,53.7
Q3856,Nicosia,9,September,26.0,0.6,63.1
Q3856,Nicosia,10,October,21.4,0.1,59.3
Q3856,Nicosia,11,November,16.0,2.4,68.8
Q3856,Nicosia,12,December,12.3,1.5,79.0
Q1032,Niger,1,January,16.8,0.0,24.5
Q1032,Niger,2,February,18.5,0.0,18.9
Q1032,Niger,3,March,26.3,0.0,10.4
Q1032,Niger,4,April,31.1,0.0,9.9
Q1032,Niger,5,May,33.9,0.0,13.5
Q1032,Niger,6,June,34.6,0.0,21.3
Q1032,Niger,7,July,32.7,0.0,38.3
Q1032,Niger,8,August,29.4,2.5,59.9
Q1032,Niger,9,September,30.5,1.0,43.7
Q1032,Niger,10,October,28.1,0.0,21.5
Q1032,Niger,11,November,19.9,0.0,27.7
Q1032,Niger,12,December,15.8,0.0,28.5
Q1033,Nigeria,1,January,25.2,0.0,35.3
Q1033,Nigeria,2,February,28.2,0.0,31.5
Q1033,Nigeria,3,March,30.1,0.6,51.7
Q1033,Nigeria,4,April,29.8,0.4,60.9
Q1033,Nigeria,5,May,28.7,0.2,68.1
Q1033,Nigeria,6,June,26.1,2.8,78.2
Q1033,Nigeria,7,July,24.8,7.5,83.9
Q1033,Nigeria,8,August,24.6,5.6,82.1
Q1033,Nigeria,9,September,24.9,5.1,83.4
Q1033,Nigeria,10,October,25.6,2.5,78.3
Q1033,Nigeria,11,November,26.8,0.0,39.1
Q1033,Nigeria,12,December,27.7,0.0,23.3
Q34020,Niue,1,January,26.7,9.2,82.4
Q34020,Niue,2,February,27.0,8.6,81.7
Q34020,Niue,3,March,27.3,8.6,81.5
Q34020,Niue,4,April,27.1,4.7,78.5
Q34020,Niue,5,May,26.3,6.9,80.5
Q34020,Niue,6,June,24.8,1.1,73.6
Q34020,Niue,7,July,23.9,2.1,74.0
Q34020,Niue,8,August,23.1,3.3,74.5
Q34020,Niue,9,September,23.8,5.4,79.5
Q34020,Niue,10,October,24.6,1.6,78.4
Q34020,Niue,11,November,24.8,3.1,79.5
Q34020,Niue,12,December,26.1,3.1,81.0
Q891,Nizhny Novgorod,1,January,-13.0,1.7,82.7
Q891,Nizhny Novgorod,2,February,-9.8,1.1,79.8
Q891,Nizhny Novgorod,3,March,-2.1,0.4,80.8
Q891,Nizhny Novgorod,4,April,9.5,1.9,71.1
Q891,Nizhny Novgorod,5,May,10.1,1.7,61.8
Q891,Nizhny Novgorod,6,June,20.2,2.1,69.4
Q891,Nizhny Novgorod,7,July,21.5,1.9,66.4
Q891,Nizhny Novgorod,8,August,17.6,2.8,80.9
Q891,Nizhny Novgorod,9,September,16.0,0.1,65.3
Q891,Nizhny Novgorod,10,October,6.8,1.2,76.9
Q891,Nizhny Novgorod,11,November,0.2,2.1,85.5
Q891,Nizhny Novgorod,12,December,-3.8,1.5,89.9
Q23681,Northern Cyprus,1,January,11.9,1.6,79.6
Q23681,Northern Cyprus,2,February,11.9,1.2,77.6
Q23681,Northern Cyprus,3,March,14.7,0.7,64.2
Q23681,Northern Cyprus,4,April,20.6,1.4,56.1
Q23681,Northern Cyprus,5,May,22.8,0.5,54.1
Q23681,Northern Cyprus,6,June,30.9,0.1,45.1
Q23681,Northern Cyprus,7,July,31.5,0.4,47.3
Q23681,Northern Cyprus,8,August,30.2,0.2,53.7
Q23681,Northern Cyprus,9,September,26.0,0.6,63.1
Q23681,Northern Cyprus,10,October,21.4,0.1,59.3
Q23681,Northern Cyprus,11,November,16.0,2.4,68.8
Q23681,Northern Cyprus,12,December,12.3,1.5,79.0
Q423,North Korea,1,January,-13.0,0.5,73.0
Q423,North Korea,2,February,-8.7,1.0,78.3
Q423,North Korea,3,March,-3.8,1.8,66.3
Q423,North Korea,4,April,6.4,1.2,71.7
Q423,North Korea,5,May,10.5,4.3,74.0
Q423,North Korea,6,June,15.6,1.9,76.1
Q423,North Korea,7,July,18.8,14.8,88.8
Q423,North Korea,8,August,20.5,4.8,86.5
Q423,North Korea,9,September,15.1,2.0,86.6
Q423,North Korea,10,October,7.5,2.2,78.7
Q423,North Korea,11,November,-0.9,1.0,65.9
Q423,North Korea,12,December,-10.1,0.2,57.8
Q221,North Macedonia,1,January,2.5,1.0,71.2
Q221,North Macedonia,2,February,6.9,0.5,68.5
Q221,North Macedonia,3,March,9.8,2.2,69.9
Q221,North Macedonia,4,April,15.4,1.5,55.4
Q221,North Macedonia,5,May,17.5,2.0,67.4
Q221,North Macedonia,6,June,25.6,0.5,51.2
Q221,North Macedonia,7,July,27.7,0.3,41.4
Q221,North Macedonia,8,August,26.7,0.4,43.1
Q221,North Macedonia,9,September,20.4,1.3,56.8
Q221,North Macedonia,10,October,15.5,0.3,63.5
Q221,North Macedonia,11,November,6.4,2.3,67.3
Q221,North Macedonia,12,December,4.3,3.1,75.6
Q20,Norway,1,January,-8.0,2.8,83.6
Q20,Norway,2,February,-3.1,3.7,86.1
Q20,Norway,3,March,1.1,3.6,86.1
Q20,Norway,4,April,4.2,2.2,73.9
Q20,Norway,5,May,14.9,2.7,61.9
Q20,Norway,6,June,14.1,5.3,74.6
Q20,Norway,7,July,15.7,6.0,80.4
Q20,Norway,8,August,15.3,5.0,80.2
Q20,Norway,9,September,12.3,4.4,84.5
Q20,Norway,10,October,7.1,2.8,89.2
Q20,Norway,11,November,1.5,0.9,82.8
Q20,Norway,12,December,-0.9,1.8,86.3
Q41262,Nottingham,1,January,4.5,1.8,83.6
Q41262,Nottingham,2,February,7.4,3.5,87.2
Q41262,Nottingham,3,March,7.5,2.7,82.7
Q41262,Nottingham,4,April,9.0,3.0,76.3
Q41262,Nottingham,5,May,13.6,2.8,79.9
Q41262,Nottingham,6,June,14.2,1.2,72.7
Q41262,Nottingham,7,July,16.3,3.2,74.5
Q41262,Nottingham,8,August,17.1,1.0,71.2
Q41262,Nottingham,9,September,13.6,3.6,81.8
Q41262,Nottingham,10,October,11.1,3.2,84.8
Q41262,Nottingham,11,November,6.9,1.5,88.0
Q41262,Nottingham,12,December,7.1,2.0,87.2
Q3688,Nouakchott,1,January,23.7,0.0,23.5
Q3688,Nouakchott,2,February,25.6,0.0,23.2
Q3688,Nouakchott,3,March,24.1,0.0,40.7
Q3688,Nouakchott,4,April,26.1,0.0,46.4
Q3688,Nouakchott,5,May,25.9,0.0,50.6
Q3688,Nouakchott,6,June,26.8,0.0,55.8
Q3688,Nouakchott,7,July,26.0,0.2,76.4
Q3688,Nouakchott,8,August,27.6,1.1,76.4
Q3688,Nouakchott,9,September,27.8,0.4,69.4
Q3688,Nouakchott,10,October,30.1,0.1,43.6
Q3688,Nouakchott,11,November,27.4,0.0,32.4
Q3688,Nouakchott,12,December,24.0,0.2,26.8
Q883,Novosibirsk,1,January,-15.0,0.9,78.5
Q883,Novosibirsk,2,February,-15.2,1.1,77.7
Q883,Novosibirsk,3,March,-4.7,1.3,82.6
Q883,Novosibirsk,4,April,3.2,2.1,69.7
Q883,Novosibirsk,5,May,10.4,3.1,62.2
Q883,Novosibirsk,6,June,19.5,4.3,67.4
Q883,Novosibirsk,7,July,21.7,1.8,71.7
Q883,Novosibirsk,8,August,18.3,3.6,76.3
Q883,Novosibirsk,9,September,9.3,2.2,74.6
Q883,Novosibirsk,10,October,3.2,0.9,71.4
Q883,Novosibirsk,11,November,-5.1,1.2,80.9
Q883,Novosibirsk,12,December,-11.0,0.8,81.8
Q38834,Nukuʻalofa,1,January,26.5,9.5,79.2
Q38834,Nukuʻalofa,2,February,26.7,5.2,79.9
Q38834,Nukuʻalofa,3,March,26.5,16.2,81.8
Q38834,Nukuʻalofa,4,April,26.3,1.7,75.4
Q38834,Nukuʻalofa,5,May,24.8,9.4,78.1
Q38834,Nukuʻalofa,6,June,23.4,2.0,72.4
Q38834,Nukuʻalofa,7,July,22.3,1.7,74.4
Q38834,Nukuʻalofa,8,August,22.0,3.2,70.0
Q38834,Nukuʻalofa,9,September,22.0,2.5,74.6
Q38834,Nukuʻalofa,10,October,23.5,6.8,77.7
Q38834,Nukuʻalofa,11,November,24.3,4.5,75.6
Q38834,Nukuʻalofa,12,December,26.5,7.1,74.5
Q2090,Nuremberg,1,January,1.3,2.5,78.3
Q2090,Nuremberg,2,February,6.7,3.1,82.8
Q2090,Nuremberg,3,March,7.9,1.5,75.3
Q2090,Nuremberg,4,April,10.3,2.1,70.6
Q2090,Nuremberg,5,May,15.2,3.5,71.9
Q2090,Nuremberg,6,June,18.2,3.0,71.5
Q2090,Nuremberg,7,July,20.0,2.6,70.5
Q2090,Nuremberg,8,August,21.1,2.6,70.6
Q2090,Nuremberg,9,September,15.8,3.5,75.0
Q2090,Nuremberg,10,October,11.4,2.4,84.8
Q2090,Nuremberg,11,November,4.7,2.1,86.0
Q2090,Nuremberg,12,December,1.7,1.9,87.0
Q226,Nuuk,1,January,-5.7,2.2,81.8
Q226,Nuuk,2,February,-8.1,3.0,80.2
Q226,Nuuk,3,March,-5.5,2.7,83.8
Q226,Nuuk,4,April,-0.9,3.7,82.8
Q226,Nuuk,5,May,-1.4,0.8,81.2
Q226,Nuuk,6,June,3.8,6.1,87.1
Q226,Nuuk,7,July,5.6,2.8,88.6
Q226,Nuuk,8,August,5.9,2.3,87.0
Q226,Nuuk,9,September,4.7,3.6,85.4
Q226,Nuuk,10,October,0.4,2.0,81.2
Q226,Nuuk,11,November,-3.1,2.2,85.8
Q226,Nuuk,12,December,-5.9,3.0,81.7
Q17042,Oakland,1,January,11.0,4.6,85.1
Q17042,Oakland,2,February,10.8,6.5,83.7
Q17042,Oakland,3,March,11.5,4.0,79.7
Q17042,Oakland,4,April,13.2,1.2,78.1
Q17042,Oakland,5,May,15.1,0.9,73.1
Q17042,Oakland,6,June,17.4,0.0,69.2
Q17042,Oakland,7,July,19.0,0.0,72.1
Q17042,Oakland,8,August,17.9,0.1,77.6
Q17042,Oakland,9,September,18.1,0.3,76.4
Q17042,Oakland,10,October,18.9,0.2,61.2
Q17042,Oakland,11,November,12.3,3.6,70.8
Q17042,Oakland,12,December,11.0,4.9,83.5
Q1874,Odesa,1,January,1.7,1.1,80.5
Q1874,Odesa,2,February,5.7,0.2,80.0
Q1874,Odesa,3,March,5.8,2.7,81.9
Q1874,Odesa,4,April,14.4,1.7,70.6
Q1874,Odesa,5,May,15.8,0.8,60.6
Q1874,Odesa,6,June,23.0,0.9,65.1
Q1874,Odesa,7,July,27.2,1.5,50.8
Q1874,Odesa,8,August,25.0,1.0,54.6
Q1874,Odesa,9,September,20.7,3.1,67.8
Q1874,Odesa,10,October,13.5,1.4,75.4
Q1874,Odesa,11,November,5.9,0.6,73.9
Q1874,Odesa,12,December,3.7,2.0,82.5
Q34863,Oklahoma City,1,January,0.9,2.5,67.0
Q34863,Oklahoma City,2,February,10.0,1.6,62.0
Q34863,Oklahoma City,3,March,13.1,1.6,63.4
Q34863,Oklahoma City,4,April,17.4,2.9,60.5
Q34863,Oklahoma City,5,May,21.9,3.1,69.4
Q34863,Oklahoma City,6,June,27.8,2.0,60.7
Q34863,Oklahoma City,7,July,28.0,3.6,59.1
Q34863,Oklahoma City,8,August,29.0,2.5,56.7
Q34863,Oklahoma City,9,September,24.2,2.9,59.2
Q34863,Oklahoma City,10,October,21.4,0.5,45.2
Q34863,Oklahoma City,11,November,12.1,6.1,71.6
Q34863,Oklahoma City,12,December,7.8,0.7,68.2
Q42735,Olympia,1,January,4.5,8.1,87.0
Q42735,Olympia,2,February,5.7,5.1,87.0
Q42735,Olympia,3,March,6.9,2.9,80.7
Q42735,Olympia,4,April,8.9,2.6,75.2
Q42735,Olympia,5,May,12.1,2.2,74.2
Q42735,Olympia,6,June,14.9,2.0,71.0
Q42735,Olympia,7,July,20.2,0.4,63.3
Q42735,Olympia,8,August,18.2,1.6,73.2
Q42735,Olympia,9,September,16.3,1.3,77.1
Q42735,Olympia,10,October,11.3,3.3,84.0
Q42735,Olympia,11,November,7.1,6.9,88.1
Q42735,Olympia,12,December,6.0,6.8,90.0
Q43199,Omaha,1,January,-6.7,1.5,80.3
Q43199,Omaha,2,February,4.2,0.1,61.9
Q43199,Omaha,3,March,6.8,1.7,55.7
Q43199,Omaha,4,April,12.8,3.4,55.9
Q43199,Omaha,5,May,17.8,5.7,65.3
Q43199,Omaha,6,June,24.3,2.4,64.1
Q43199,Omaha,7,July,24.9,3.4,69.1
Q43199,Omaha,8,August,24.0,2.6,68.9
Q43199,Omaha,9,September,21.8,0.5,58.0
Q43199,Omaha,10,October,16.4,0.4,48.4
Q43199,Omaha,11,November,6.3,2.8,72.9
Q43199,Omaha,12,December,-0.1,1.0,71.2
Q842,Oman,1,January,23.1,0.0,49.5
Q842,Oman,2,February,23.7,0.3,49.1
Q842,Oman,3,March,25.8,0.5,54.5
Q842,Oman,4,April,30.2,1.1,42.7
Q842,Oman,5,May,34.1,0.2,41.4
Q842,Oman,6,June,36.7,0.0,38.3
Q842,Oman,7,July,37.1,0.0,35.3
Q842,Oman,8,August,34.3,0.0,45.4
Q842,Oman,9,September,31.8,0.0,50.3
Q842,Oman,10,October,29.7,0.1,53.8
Q842,Oman,11,November,27.3,0.0,48.1
Q842,Oman,12,December,21.9,0.0,49.0
Q898,Omsk,1,January,-16.3,0.8,81.7
Q898,Omsk,2,February,-15.5,0.7,81.0
Q898,Omsk,3,March,-5.2,0.4,85.4
Q898,Omsk,4,April,5.0,1.6,72.0
Q898,Omsk,5,May,9.7,2.2,60.6
Q898,Omsk,6,June,19.6,2.6,70.6
Q898,Omsk,7,July,20.1,2.5,76.7
Q898,Omsk,8,August,16.8,2.5,78.6
Q898,Omsk,9,September,11.1,1.6,72.2
Q898,Omsk,10,October,3.6,1.3,71.3
Q898,Omsk,11,November,-5.5,1.1,83.3
Q898,Omsk,12,December,-9.0,0.6,85.4
Q49233,Orlando,1,January,15.6,2.9,79.2
Q49233,Orlando,2,February,15.7,3.1,76.4
Q49233,Orlando,3,March,20.3,2.9,76.7
Q49233,Orlando,4,April,21.6,0.9,66.1
Q49233,Orlando,5,May,26.5,1.6,68.8
Q49233,Orlando,6,June,26.8,9.2,77.9
Q49233,Orlando,7,July,27.5,6.6,83.3
Q49233,Orlando,8,August,26.9,6.3,83.3
Q49233,Orlando,9,September,25.9,10.8,87.1
Q49233,Orlando,10,October,23.1,7.9,79.9
Q49233,Orlando,11,November,20.8,0.7,75.1
Q49233,Orlando,12,December,16.5,0.3,80.3
Q35765,Osaka,1,January,5.2,1.3,76.1
Q35765,Osaka,2,February,7.0,4.6,76.0
Q35765,Osaka,3,March,8.2,5.1,72.5
Q35765,Osaka,4,April,16.2,5.6,75.6
Q35765,Osaka,5,May,17.9,8.9,74.7
Q35765,Osaka,6,June,22.7,12.5,79.1
Q35765,Osaka,7,July,28.3,7.9,79.2
Q35765,Osaka,8,August,30.0,6.1,70.7
Q35765,Osaka,9,September,27.6,3.0,75.4
Q35765,Osaka,10,October,20.9,5.9,77.8
Q35765,Osaka,11,November,13.7,4.2,75.4
Q35765,Osaka,12,December,7.3,0.1,69.1
Q585,Oslo,1,January,-7.9,2.9,83.5
Q585,Oslo,2,February,-2.6,3.2,86.6
Q585,Oslo,3,March,1.6,2.8,85.2
Q585,Oslo,4,April,4.7,2.0,75.0
Q585,Oslo,5,May,15.0,2.5,64.1
Q585,Oslo,6,June,14.6,4.6,74.2
Q585,Oslo,7,July,16.0,6.0,80.5
Q585,Oslo,8,August,15.8,3.9,79.0
Q585,Oslo,9,September,12.4,3.6,85.6
Q585,Oslo,10,October,7.8,2.1,88.5
Q585,Oslo,11,November,2.1,1.0,84.8
Q585,Oslo,12,December,0.0,1.7,87.7
Q1930,Ottawa,1,January,-6.0,2.5,77.0
Q1930,Ottawa,2,February,-4.0,1.0,73.8
Q1930,Ottawa,3,March,1.6,1.4,64.8
Q1930,Ottawa,4,April,6.6,4.4,69.8
Q1930,Ottawa,5,May,15.3,3.6,72.9
Q1930,Ottawa,6,June,19.2,6.0,74.6
Q1930,Ottawa,7,July,21.9,4.2,77.2
Q1930,Ottawa,8,August,20.0,7.5,79.6
Q1930,Ottawa,9,September,17.6,2.1,77.8
Q1930,Ottawa,10,October,10.4,1.3,74.1
Q1930,Ottawa,11,November,4.5,2.2,74.8
Q1930,Ottawa,12,December,-5.2,3.1,82.4
Q3777,Ouagadougou,1,January,23.8,0.0,23.0
Q3777,Ouagadougou,2,February,26.8,0.0,16.6
Q3777,Ouagadougou,3,March,32.1,0.0,19.2
Q3777,Ouagadougou,4,April,34.0,0.0,28.7
Q3777,Ouagadougou,5,May,32.7,1.9,48.3
Q3777,Ouagadougou,6,June,30.2,2.8,60.1
Q3777,Ouagadougou,7,July,26.7,7.2,78.0
Q3777,Ouagadougou,8,August,25.8,9.6,81.4
Q3777,Ouagadougou,9,September,25.9,7.3,82.8
Q3777,Ouagadougou,10,October,28.0,1.1,63.4
Q3777,Ouagadougou,11,November,27.4,0.0,26.3
Q3777,Ouagadougou,12,December,26.0,0.0,19.4
Q34217,Oxford,1,January,4.6,1.9,83.7
Q34217,Oxford,2,February,8.0,4.2,87.5
Q34217,Oxford,3,March,7.8,3.4,83.0
Q34217,Oxford,4,April,9.4,2.6,76.7
Q34217,Oxford,5,May,13.5,2.8,79.4
Q34217,Oxford,6,June,14.8,0.7,70.5
Q34217,Oxford,7,July,16.7,2.5,75.4
Q34217,Oxford,8,August,17.6,1.1,72.9
Q34217,Oxford,9,September,14.2,5.9,81.3
Q34217,Oxford,10,October,11.5,2.5,86.1
Q34217,Oxford,11,November,7.5,3.3,88.1
Q34217,Oxford,12,December,7.3,1.6,86.9
Q617,Padua,1,January,3.4,2.3,83.6
Q617,Padua,2,February,7.7,5.2,88.0
Q617,Padua,3,March,10.8,5.7,83.6
Q617,Padua,4,April,13.6,2.7,74.8
Q617,Padua,5,May,17.4,8.7,77.6
Q617,Padua,6,June,21.9,5.5,77.2
Q617,Padua,7,July,25.9,1.9,67.9
Q617,Padua,8,August,26.9,1.8,66.1
Q617,Padua,9,September,19.8,6.9,70.7
Q617,Padua,10,October,15.9,7.8,85.9
Q617,Padua,11,November,7.7,0.4,83.1
Q617,Padua,12,December,3.9,2.1,83.0
Q843,Pakistan,1,January,10.9,0.1,85.9
Q843,Pakistan,2,February,15.4,0.4,64.9
Q843,Pakistan,3,March,20.6,0.6,58.8
Q843,Pakistan,4,April,26.2,0.1,44.8
Q843,Pakistan,5,May,34.1,0.1,25.0
Q843,Pakistan,6,June,36.8,0.5,34.4
Q843,Pakistan,7,July,36.0,1.0,53.9
Q843,Pakistan,8,August,30.6,9.4,76.5
Q843,Pakistan,9,September,31.3,0.4,64.3
Q843,Pakistan,10,October,27.5,0.1,59.0
Q843,Pakistan,11,November,22.0,0.1,66.9
Q843,Pakistan,12,December,13.5,0.1,69.1
Q695,Palau,1,January,26.8,14.8,83.6
Q695,Palau,2,February,26.7,7.1,82.2
Q695,Palau,3,March,27.1,4.1,80.4
Q695,Palau,4,April,27.3,12.4,82.8
Q695,Palau,5,May,27.4,10.8,85.7
Q695,Palau,6,June,26.2,26.8,91.1
Q695,Palau,7,July,25.8,37.1,92.1
Q695,Palau,8,August,26.7,17.3,87.9
Q695,Palau,9,September,26.7,21.4,87.9
Q695,Palau,10,October,26.9,14.8,86.6
Q695,Palau,11,November,26.6,13.4,88.9
Q695,Palau,12,December,26.5,20.9,89.2
Q2656,Palermo,1,January,13.2,2.5,75.2
Q2656,Palermo,2,February,13.3,2.3,74.5
Q2656,Palermo,3,March,15.0,2.2,72.2
Q2656,Palermo,4,April,16.9,0.9,60.6
Q2656,Palermo,5,May,19.8,3.8,72.3
Q2656,Palermo,6,June,24.5,0.5,64.0
Q2656,Palermo,7,July,27.8,0.2,61.4
Q2656,Palermo,8,August,28.3,1.1,65.7
Q2656,Palermo,9,September,24.2,1.8,70.0
Q2656,Palermo,10,October,21.4,4.8,73.2
Q2656,Palermo,11,November,16.9,2.9,77.8
Q2656,Palermo,12,December,13.2,5.9,76.0
Q219060,Palestine,1,January,10.8,3.7,77.3
Q219060,Palestine,2,February,10.3,2.8,75.2
Q219060,Palestine,3,March,13.3,1.7,64.5
Q219060,Palestine,4,April,18.2,1.5,61.2
Q219060,Palestine,5,May,19.7,0.7,58.0
Q219060,Palestine,6,June,26.8,0.1,41.5
Q219060,Palestine,7,July,26.4,0.0,53.5
Q219060,Palestine,8,August,25.5,0.0,59.5
Q219060,Palestine,9,September,23.3,0.1,65.7
Q219060,Palestine,10,October,19.7,0.1,58.6
Q219060,Palestine,11,November,15.0,1.3,69.6
Q219060,Palestine,12,December,11.6,1.3,61.2
Q804,Panama,1,January,23.8,0.9,83.1
Q804,Panama,2,February,23.7,1.4,81.5
Q804,Panama,3,March,24.8,0.7,78.8
Q804,Panama,4,April,24.8,2.8,80.4
Q804,Panama,5,May,24.8,6.8,86.1
Q804,Panama,6,June,23.5,14.1,92.8
Q804,Panama,7,July,23.6,12.6,91.6
Q804,Panama,8,August,23.4,8.6,91.5
Q804,Panama,9,September,23.3,8.9,92.3
Q804,Panama,10,October,23.1,10.2,92.4
Q804,Panama,11,November,22.4,11.0,93.3
Q804,Panama,12,December,23.0,4.2,88.4
Q3306,Panama City,1,January,27.8,0.6,75.3
Q3306,Panama City,2,February,27.7,1.0,72.3
Q3306,Panama City,3,March,28.3,0.9,72.6
Q3306,Panama City,4,April,27.8,6.3,79.1
Q3306,Panama City,5,May,27.2,8.6,87.9
Q3306,Panama City,6,June,26.6,11.1,89.2
Q3306,Panama City,7,July,26.3,12.4,90.6
Q3306,Panama City,8,August,26.1,12.5,89.9
Q3306,Panama City,9,September,26.4,12.4,89.7
Q3306,Panama City,10,October,26.2,10.8,89.8
Q3306,Panama City,11,November,25.7,10.6,88.0
Q3306,Panama City,12,December,26.2,5.6,85.4
Q691,Papua New Guinea,1,January,17.3,14.7,86.8
Q691,Papua New Guinea,2,February,17.6,9.0,84.3
Q691,Papua New Guinea,3,March,17.4,25.1,88.6
Q691,Papua New Guinea,4,April,16.9,24.4,91.6
Q691,Papua New Guinea,5,May,16.6,25.6,96.8
Q691,Papua New Guinea,6,June,15.9,24.1,95.1
Q691,Papua New Guinea,7,July,15.3,24.9,96.2
Q691,Papua New Guinea,8,August,15.5,24.8,96.6
Q691,Papua New Guinea,9,September,15.5,26.1,93.8
Q691,Papua New Guinea,10,October,16.0,29.0,94.0
Q691,Papua New Guinea,11,November,16.3,26.2,92.6
Q691,Papua New Guinea,12,December,17.2,21.5,90.9
Q733,Paraguay,1,January,30.4,2.7,58.1
Q733,Paraguay,2,February,30.1,2.6,61.9
Q733,Paraguay,3,March,30.8,4.0,59.0
Q733,Paraguay,4,April,27.2,6.6,73.5
Q733,Paraguay,5,May,20.3,1.8,73.3
Q733,Paraguay,6,June,24.1,0.9,58.4
Q733,Paraguay,7,July,18.9,1.4,65.8
Q733,Paraguay,8,August,22.3,1.7,52.2
Q733,Paraguay,9,September,26.4,0.7,52.1
Q733,Paraguay,10,October,28.0,4.5,57.8
Q733,Paraguay,11,November,28.0,5.7,64.9
Q733,Paraguay,12,December,27.5,3.4,63.7
Q3001,Paramaribo,1,January,26.8,1.9,76.5
Q3001,Paramaribo,2,February,27.3,1.0,72.8
Q3001,Paramaribo,3,March,27.7,1.4,74.1
Q3001,Paramaribo,4,April,27.4,6.2,78.3
Q3001,Paramaribo,5,May,26.6,15.4,86.8
Q3001,Paramaribo,6,June,26.1,12.4,88.0
Q3001,Paramaribo,7,July,26.3,11.2,86.6
Q3001,Paramaribo,8,August,27.3,3.8,81.7
Q3001,Paramaribo,9,September,28.3,1.6,77.2
Q3001,Paramaribo,10,October,27.9,3.2,79.1
Q3001,Paramaribo,11,November,27.3,3.6,81.0
Q3001,Paramaribo,12,December,26.4,4.7,81.8
Q90,Paris,1,January,3.9,2.1,82.8
Q90,Paris,2,February,8.7,3.6,85.2
Q90,Paris,3,March,9.0,3.4,81.2
Q90,Paris,4,April,11.1,2.9,75.0
Q90,Paris,5,May,14.5,4.0,79.8
Q90,Paris,6,June,16.5,3.5,74.9
Q90,Paris,7,July,19.7,2.0,69.8
Q90,Paris,8,August,20.5,4.4,70.9
Q90,Paris,9,September,15.6,4.3,78.9
Q90,Paris,10,October,13.3,3.8,86.4
Q90,Paris,11,November,8.3,1.9,86.1
Q90,Paris,12,December,6.0,1.8,88.1
Q2683,Parma,1,January,3.2,2.7,88.3
Q2683,Parma,2,February,7.7,4.3,88.1
Q2683,Parma,3,March,10.5,4.2,82.2
Q2683,Parma,4,April,13.3,3.9,75.0
Q2683,Parma,5,May,16.8,6.1,78.6
Q2683,Parma,6,June,21.4,6.0,75.1
Q2683,Parma,7,July,26.1,0.9,64.6
Q2683,Parma,8,August,26.3,1.5,67.4
Q2683,Parma,9,September,19.4,5.7,74.7
Q2683,Parma,10,October,15.5,6.7,89.8
Q2683,Parma,11,November,8.1,0.3,86.2
Q2683,Parma,12,December,3.5,3.0,85.8
Q148,People's Republic of China,1,January,-6.8,0.1,41.5
Q148,People's Republic of China,2,February,-6.4,0.6,55.6
Q148,People's Republic of China,3,March,0.4,0.7,48.9
Q148,People's Republic of China,4,April,6.6,1.7,56.5
Q148,People's Republic of China,5,May,12.9,1.5,47.6
Q148,People's Republic of China,6,June,14.3,2.2,58.6
Q148,People's Republic of China,7,July,17.1,1.1,62.7
Q148,People's Republic of China,8,August,16.9,3.0,64.8
Q148,People's Republic of China,9,September,12.2,3.9,80.1
Q148,People's Republic of China,10,October,5.6,1.3,73.4
Q148,People's Republic of China,11,November,-0.5,0.6,67.8
Q148,People's Republic of China,12,December,-9.5,0.2,62.6
Q915,Perm,1,January,-14.9,1.7,78.8
Q915,Perm,2,February,-11.7,1.2,77.8
Q915,Perm,3,March,-4.1,0.7,78.5
Q915,Perm,4,April,5.8,1.6,70.8
Q915,Perm,5,May,6.2,2.5,63.5
Q915,Perm,6,June,18.7,2.7,69.8
Q915,Perm,7,July,18.7,2.3,75.8
Q915,Perm,8,August,15.0,3.6,83.6
Q915,Perm,9,September,13.0,1.6,75.1
Q915,Perm,10,October,3.0,0.7,78.5
Q915,Perm,11,November,-2.6,1.8,86.8
Q915,Perm,12,December,-6.1,1.4,87.5
Q3183,Perth,1,January,24.5,0.0,56.2
Q3183,Perth,2,February,26.3,0.6,47.1
Q3183,Perth,3,March,23.2,0.1,54.9
Q3183,Perth,4,April,21.3,0.7,46.4
Q3183,Perth,5,May,18.8,3.0,60.9
Q3183,Perth,6,June,14.6,3.8,77.7
Q3183,Perth,7,July,14.2,5.0,75.5
Q3183,Perth,8,August,15.2,5.4,74.7
Q3183,Perth,9,September,15.5,0.9,69.9
Q3183,Perth,10,October,17.6,1.4,71.6
Q3183,Perth,11,November,19.9,0.8,59.4
Q3183,Perth,12,December,24.1,0.2,51.8
Q419,Peru,1,January,20.4,7.3,84.7
Q419,Peru,2,February,20.3,8.8,85.0
Q419,Peru,3,March,20.2,5.8,84.5
Q419,Peru,4,April,20.2,2.3,84.4
Q419,Peru,5,May,19.9,2.3,84.3
Q419,Peru,6,June,18.9,1.6,80.2
Q419,Peru,7,July,18.2,2.1,82.4
Q419,Peru,8,August,18.8,2.2,80.6
Q419,Peru,9,September,19.5,4.1,79.1
Q419,Peru,10,October,19.9,7.4,82.0
Q419,Peru,11,November,19.5,8.4,88.0
Q419,Peru,12,December,19.5,8.4,87.0
Q3437,Perugia,1,January,5.3,1.5,82.4
Q3437,Perugia,2,February,7.0,2.4,81.6
Q3437,Perugia,3,March,9.0,3.7,82.3
Q3437,Perugia,4,April,11.7,2.1,72.3
Q3437,Perugia,5,May,15.1,2.8,75.6
Q3437,Perugia,6,June,20.0,2.4,66.3
Q3437,Perugia,7,July,25.3,0.8,53.8
Q3437,Perugia,8,August,25.4,1.1,57.1
Q3437,Perugia,9,September,18.1,4.3,71.5
Q3437,Perugia,10,October,14.8,7.0,86.1
Q3437,Perugia,11,November,8.7,0.4,80.4
Q3437,Perugia,12,December,4.2,2.8,81.5
Q1345,Philadelphia,1,January,1.9,5.2,73.3
Q1345,Philadelphia,2,February,3.3,2.1,66.9
Q1345,Philadelphia,3,March,8.0,5.8,64.3
Q1345,Philadelphia,4,April,12.4,3.5,66.9
Q1345,Philadelphia,5,May,18.3,2.8,72.2
Q1345,Philadelphia,6,June,24.7,2.8,57.2
Q1345,Philadelphia,7,July,26.7,1.7,65.5
Q1345,Philadelphia,8,August,23.7,6.6,70.9
Q1345,Philadelphia,9,September,20.3,0.6,70.6
Q1345,Philadelphia,10,October,15.1,0.1,59.0
Q1345,Philadelphia,11,November,10.3,2.5,63.8
Q1345,Philadelphia,12,December,3.0,3.1,69.4
Q928,Philippines,1,January,26.9,1.9,78.7
Q928,Philippines,2,February,26.7,0.7,79.0
Q928,Philippines,3,March,27.3,0.5,77.9
Q928,Philippines,4,April,28.8,0.3,76.6
Q928,Philippines,5,May,29.5,5.3,76.0
Q928,Philippines,6,June,28.6,9.5,79.9
Q928,Philippines,7,July,28.0,14.1,81.0
Q928,Philippines,8,August,28.4,9.4,80.4
Q928,Philippines,9,September,28.5,11.0,80.9
Q928,Philippines,10,October,28.0,12.3,81.6
Q928,Philippines,11,November,28.3,4.2,80.2
Q928,Philippines,12,December,27.3,11.8,84.4
Q1850,Phnom Penh,1,January,26.9,0.1,69.1
Q1850,Phnom Penh,2,February,28.4,0.2,67.9
Q1850,Phnom Penh,3,March,30.0,0.4,63.7
Q1850,Phnom Penh,4,April,32.0,0.4,61.3
Q1850,Phnom Penh,5,May,29.6,8.3,78.9
Q1850,Phnom Penh,6,June,28.8,5.7,78.9
Q1850,Phnom Penh,7,July,27.3,9.1,85.4
Q1850,Phnom Penh,8,August,27.9,7.7,84.6
Q1850,Phnom Penh,9,September,27.3,11.7,85.9
Q1850,Phnom Penh,10,October,26.8,12.1,87.4
Q1850,Phnom Penh,11,November,27.9,4.0,75.1
Q1850,Phnom Penh,12,December,26.6,2.5,71.3
Q16556,Phoenix,1,January,10.6,1.5,62.6
Q16556,Phoenix,2,February,13.3,2.0,62.0
Q16556,Phoenix,3,March,15.9,1.3,49.8
Q16556,Phoenix,4,April,21.5,0.2,29.9
Q16556,Phoenix,5,May,27.8,0.0,15.4
Q16556,Phoenix,6,June,34.8,0.0,19.2
Q16556,Phoenix,7,July,37.1,0.2,26.5
Q16556,Phoenix,8,August,35.5,0.4,29.1
Q16556,Phoenix,9,September,33.1,0.0,21.3
Q16556,Phoenix,10,October,27.2,0.2,22.2
Q16556,Phoenix,11,November,15.8,0.1,31.4
Q16556,Phoenix,12,December,14.7,0.0,30.8
Q40747,Pierre,1,January,-8.4,0.3,81.8
Q40747,Pierre,2,February,0.2,0.5,70.7
Q40747,Pierre,3,March,1.3,0.4,56.6
Q40747,Pierre,4,April,8.8,2.7,60.1
Q40747,Pierre,5,May,15.2,2.6,60.4
Q40747,Pierre,6,June,21.4,2.3,60.3
Q40747,Pierre,7,July,24.7,1.6,63.1
Q40747,Pierre,8,August,22.9,2.3,68.0
Q40747,Pierre,9,September,22.4,0.4,52.8
Q40747,Pierre,10,October,14.3,0.1,48.1
Q40747,Pierre,11,November,3.0,0.6,68.7
Q40747,Pierre,12,December,-2.4,0.7,67.9
Q13375,Pisa,1,January,7.7,3.1,82.4
Q13375,Pisa,2,February,9.7,4.5,86.1
Q13375,Pisa,3,March,11.5,4.7,83.5
Q13375,Pisa,4,April,13.5,3.0,77.4
Q13375,Pisa,5,May,17.1,5.6,80.0
Q13375,Pisa,6,June,20.6,4.2,78.1
Q13375,Pisa,7,July,25.3,0.5,74.9
Q13375,Pisa,8,August,26.6,1.0,73.0
Q13375,Pisa,9,September,20.0,6.6,76.8
Q13375,Pisa,10,October,17.1,9.3,87.5
Q13375,Pisa,11,November,10.4,2.5,80.8
Q13375,Pisa,12,December,5.3,1.9,84.8
Q1342,Pittsburgh,1,January,-0.2,4.3,74.6
Q1342,Pittsburgh,2,February,2.9,2.4,68.4
Q1342,Pittsburgh,3,March,7.1,3.7,67.9
Q1342,Pittsburgh,4,April,12.3,8.3,70.7
Q1342,Pittsburgh,5,May,17.9,5.1,76.7
Q1342,Pittsburgh,6,June,22.0,2.5,69.4
Q1342,Pittsburgh,7,July,23.7,4.0,68.9
Q1342,Pittsburgh,8,August,22.1,4.1,75.5
Q1342,Pittsburgh,9,September,19.7,4.2,72.1
Q1342,Pittsburgh,10,October,13.1,1.1,70.2
Q1342,Pittsburgh,11,November,8.4,3.3,74.8
Q1342,Pittsburgh,12,December,1.7,2.3,73.7
Q23564,Podgorica,1,January,6.3,6.5,71.0
Q23564,Podgorica,2,February,9.3,7.1,71.4
Q23564,Podgorica,3,March,11.3,6.7,72.7
Q23564,Podgorica,4,April,15.2,3.2,65.2
Q23564,Podgorica,5,May,18.6,4.8,71.4
Q23564,Podgorica,6,June,24.8,2.4,62.4
Q23564,Podgorica,7,July,28.3,0.5,49.1
Q23564,Podgorica,8,August,28.7,0.5,43.3
Q23564,Podgorica,9,September,20.7,5.7,66.3
Q23564,Podgorica,10,October,16.2,6.4,74.5
Q23564,Podgorica,11,November,9.5,5.3,65.4
Q23564,Podgorica,12,December,7.5,7.3,69.7
Q36,Poland,1,January,0.1,1.8,82.0
Q36,Poland,2,February,6.2,2.2,84.9
Q36,Poland,3,March,7.1,1.5,77.4
Q36,Poland,4,April,11.2,1.3,68.8
Q36,Poland,5,May,17.5,0.8,55.3
Q36,Poland,6,June,19.3,2.8,68.0
Q36,Poland,7,July,21.3,2.6,64.8
Q36,Poland,8,August,20.7,2.6,68.8
Q36,Poland,9,September,17.5,2.1,68.3
Q36,Poland,10,October,10.7,0.7,79.6
Q36,Poland,11,November,4.0,1.2,84.8
Q36,Poland,12,December,2.7,0.7,88.5
Q43332,Pompeii,1,January,10.5,3.5,80.3
Q43332,Pompeii,2,February,11.6,4.2,79.9
Q43332,Pompeii,3,March,12.9,3.9,79.9
Q43332,Pompeii,4,April,14.9,1.4,75.7
Q43332,Pompeii,5,May,18.3,2.1,78.8
Q43332,Pompeii,6,June,23.1,0.9,72.7
Q43332,Pompeii,7,July,26.8,0.3,70.6
Q43332,Pompeii,8,August,27.5,1.1,70.5
Q43332,Pompeii,9,September,21.7,3.9,75.3
Q43332,Pompeii,10,October,19.1,4.0,82.5
Q43332,Pompeii,11,November,13.8,1.8,75.0
Q43332,Pompeii,12,December,10.2,4.7,79.2
Q34261,Port-au-Prince,1,January,27.3,0.2,59.7
Q34261,Port-au-Prince,2,February,25.6,2.4,64.6
Q34261,Port-au-Prince,3,March,27.9,0.9,59.6
Q34261,Port-au-Prince,4,April,28.2,1.2,63.3
Q34261,Port-au-Prince,5,May,29.6,1.3,60.1
Q34261,Port-au-Prince,6,June,30.3,0.7,60.4
Q34261,Port-au-Prince,7,July,30.9,0.6,55.7
Q34261,Port-au-Prince,8,August,31.3,1.0,55.7
Q34261,Port-au-Prince,9,September,31.1,0.5,57.1
Q34261,Port-au-Prince,10,October,30.0,1.8,62.0
Q34261,Port-au-Prince,11,November,27.2,1.9,71.0
Q34261,Port-au-Prince,12,December,27.6,0.9,62.9
Q6106,Portland,1,January,3.5,10.4,84.4
Q6106,Portland,2,February,6.0,5.9,83.7
Q6106,Portland,3,March,7.4,4.3,79.9
Q6106,Portland,4,April,9.8,2.7,75.0
Q6106,Portland,5,May,12.4,3.3,75.2
Q6106,Portland,6,June,16.6,1.6,66.0
Q6106,Portland,7,July,22.1,0.2,55.5
Q6106,Portland,8,August,20.3,0.6,62.6
Q6106,Portland,9,September,18.0,1.5,69.8
Q6106,Portland,10,October,12.4,5.0,78.0
Q6106,Portland,11,November,7.3,9.2,87.1
Q6106,Portland,12,December,6.2,8.7,84.4
Q3929,Port Louis,1,January,27.3,10.2,84.1
Q3929,Port Louis,2,February,27.0,3.6,76.3
Q3929,Port Louis,3,March,26.5,3.4,78.3
Q3929,Port Louis,4,April,26.1,2.1,81.1
Q3929,Port Louis,5,May,24.5,0.9,74.1
Q3929,Port Louis,6,June,23.1,0.6,73.7
Q3929,Port Louis,7,July,22.4,0.4,70.9
Q3929,Port Louis,8,August,22.3,0.3,67.8
Q3929,Port Louis,9,September,23.2,0.3,69.7
Q3929,Port Louis,10,October,23.9,2.5,72.9
Q3929,Port Louis,11,November,25.7,1.9,73.0
Q3929,Port Louis,12,December,26.6,2.3,70.6
Q36526,Port Moresby,1,January,27.8,6.2,78.8
Q36526,Port Moresby,2,February,27.3,6.0,80.6
Q36526,Port Moresby,3,March,27.2,9.9,84.4
Q36526,Port Moresby,4,April,27.2,5.4,86.0
Q36526,Port Moresby,5,May,27.1,3.3,82.4
Q36526,Port Moresby,6,June,26.2,1.6,81.0
Q36526,Port Moresby,7,July,25.9,0.6,75.8
Q36526,Port Moresby,8,August,26.4,1.1,78.5
Q36526,Port Moresby,9,September,26.6,1.9,79.5
Q36526,Port Moresby,10,October,26.8,2.8,81.1
Q36526,Port Moresby,11,November,27.7,2.3,79.2
Q36526,Port Moresby,12,December,27.4,7.4,83.1
Q36433,Porto,1,January,11.6,8.1,82.8
Q36433,Porto,2,February,12.7,7.6,81.1
Q36433,Porto,3,March,12.3,9.3,80.3
Q36433,Porto,4,April,15.0,4.4,73.1
Q36433,Porto,5,May,15.1,2.6,80.2
Q36433,Porto,6,June,18.0,2.6,80.1
Q36433,Porto,7,July,19.9,1.0,81.8
Q36433,Porto,8,August,20.0,0.0,80.4
Q36433,Porto,9,September,18.2,2.6,72.4
Q36433,Porto,10,October,17.1,8.1,85.4
Q36433,Porto,11,November,15.7,3.4,78.8
Q36433,Porto,12,December,10.8,1.5,76.4
Q40269,Porto Alegre,1,January,24.1,4.2,76.5
Q40269,Porto Alegre,2,February,25.7,3.8,76.8
Q40269,Porto Alegre,3,March,24.3,2.9,77.4
Q40269,Porto Alegre,4,April,21.7,7.9,82.0
Q40269,Porto Alegre,5,May,16.7,11.5,84.9
Q40269,Porto Alegre,6,June,17.0,5.4,81.2
Q40269,Porto Alegre,7,July,13.5,3.3,84.6
Q40269,Porto Alegre,8,August,15.3,2.8,82.2
Q40269,Porto Alegre,9,September,18.6,6.3,83.4
Q40269,Porto Alegre,10,October,20.1,2.6,79.2
Q40269,Porto Alegre,11,November,23.0,2.9,74.4
Q40269,Porto Alegre,12,December,22.4,4.9,74.0
Q3799,Porto-Novo,1,January,27.4,1.1,79.3
Q3799,Porto-Novo,2,February,28.0,1.7,78.4
Q3799,Porto-Novo,3,March,28.9,4.3,80.3
Q3799,Porto-Novo,4,April,28.9,2.7,80.0
Q3799,Porto-Novo,5,May,28.2,3.9,81.7
Q3799,Porto-Novo,6,June,26.2,7.5,87.0
Q3799,Porto-Novo,7,July,25.5,3.9,84.5
Q3799,Porto-Novo,8,August,25.2,2.7,83.7
Q3799,Porto-Novo,9,September,25.7,4.8,83.8
Q3799,Porto-Novo,10,October,25.8,7.7,87.5
Q3799,Porto-Novo,11,November,27.2,1.7,82.1
Q3799,Porto-Novo,12,December,27.7,0.3,73.8
Q45,Portugal,1,January,13.1,4.4,86.2
Q45,Portugal,2,February,14.2,2.8,79.8
Q45,Portugal,3,March,13.8,2.9,76.8
Q45,Portugal,4,April,16.6,0.7,70.5
Q45,Portugal,5,May,17.6,0.4,68.2
Q45,Portugal,6,June,19.6,1.6,72.4
Q45,Portugal,7,July,22.4,0.4,68.0
Q45,Portugal,8,August,22.8,0.0,69.1
Q45,Portugal,9,September,20.5,0.3,66.6
Q45,Portugal,10,October,18.6,3.6,81.6
Q45,Portugal,11,November,16.3,2.1,82.7
Q45,Portugal,12,December,12.2,0.3,77.2
Q37806,Port Vila,1,January,26.1,7.5,86.3
Q37806,Port Vila,2,February,26.5,11.5,88.5
Q37806,Port Vila,3,March,25.9,18.2,89.9
Q37806,Port Vila,4,April,26.0,4.4,84.3
Q37806,Port Vila,5,May,24.2,4.5,78.5
Q37806,Port Vila,6,June,23.9,1.8,81.1
Q37806,Port Vila,7,July,23.3,2.8,80.0
Q37806,Port Vila,8,August,22.7,1.1,76.2
Q37806,Port Vila,9,September,23.3,2.9,76.5
Q37806,Port Vila,10,October,23.9,5.3,81.4
Q37806,Port Vila,11,November,25.4,6.5,79.3
Q37806,Port Vila,12,December,26.8,7.5,78.5
Q1711,Potsdam,1,January,1.5,1.8,82.2
Q1711,Potsdam,2,February,6.9,2.7,83.5
Q1711,Potsdam,3,March,7.8,1.2,78.1
Q1711,Potsdam,4,April,11.2,1.4,71.7
Q1711,Potsdam,5,May,17.0,2.4,66.4
Q1711,Potsdam,6,June,18.0,2.0,69.8
Q1711,Potsdam,7,July,20.1,1.7,68.8
Q1711,Potsdam,8,August,21.2,0.8,66.5
Q1711,Potsdam,9,September,17.4,1.6,68.8
Q1711,Potsdam,10,October,11.7,2.0,83.6
Q1711,Potsdam,11,November,5.6,1.9,84.8
Q1711,Potsdam,12,December,3.8,1.3,87.9
Q268,Poznań,1,January,0.4,1.7,82.4
Q268,Poznań,2,February,6.1,2.8,86.7
Q268,Poznań,3,March,7.3,0.8,78.4
Q268,Poznań,4,April,10.8,1.3,71.7
Q268,Poznań,5,May,16.8,1.2,64.0
Q268,Poznań,6,June,18.9,3.0,68.3
Q268,Poznań,7,July,20.7,2.1,66.8
Q268,Poznań,8,August,21.5,1.2,61.3
Q268,Poznań,9,September,17.3,2.4,68.7
Q268,Poznań,10,October,10.9,0.8,80.8
Q268,Poznań,11,November,4.5,1.2,86.0
Q268,Poznań,12,December,3.3,0.7,89.2
Q1085,Prague,1,January,0.7,1.7,77.2
Q1085,Prague,2,February,6.6,1.9,82.2
Q1085,Prague,3,March,8.0,0.6,73.5
Q1085,Prague,4,April,11.6,1.2,64.1
Q1085,Prague,5,May,15.7,3.7,70.6
Q1085,Prague,6,June,19.5,1.5,65.3
Q1085,Prague,7,July,21.9,2.0,60.7
Q1085,Prague,8,August,22.2,2.5,65.7
Q1085,Prague,9,September,16.8,5.0,70.1
Q1085,Prague,10,October,11.0,1.3,82.4
Q1085,Prague,11,November,4.0,0.9,85.0
Q1085,Prague,12,December,1.9,1.1,85.1
Q3751,Praia,1,January,23.9,0.0,61.7
Q3751,Praia,2,February,24.1,0.0,62.5
Q3751,Praia,3,March,22.7,0.0,68.0
Q3751,Praia,4,April,24.6,0.0,60.4
Q3751,Praia,5,May,24.7,0.0,64.1
Q3751,Praia,6,June,24.4,0.0,71.4
Q3751,Praia,7,July,25.2,0.5,78.5
Q3751,Praia,8,August,26.3,1.2,78.7
Q3751,Praia,9,September,26.0,7.0,83.5
Q3751,Praia,10,October,26.2,1.7,78.6
Q3751,Praia,11,November,25.7,0.0,68.4
Q3751,Praia,12,December,24.4,0.2,64.1
Q3926,Pretoria,1,January,21.9,2.5,63.5
Q3926,Pretoria,2,February,23.6,0.9,56.0
Q3926,Pretoria,3,March,23.0,0.8,54.0
Q3926,Pretoria,4,April,17.8,2.0,60.4
Q3926,Pretoria,5,May,17.6,0.0,41.4
Q3926,Pretoria,6,June,12.2,0.2,47.8
Q3926,Pretoria,7,July,13.5,0.0,26.7
Q3926,Pretoria,8,August,16.5,0.0,33.6
Q3926,Pretoria,9,September,19.0,0.6,41.2
Q3926,Pretoria,10,October,20.1,0.6,39.9
Q3926,Pretoria,11,November,22.6,1.1,49.4
Q3926,Pretoria,12,December,23.9,1.4,57.1
Q25270,Pristina,1,January,1.1,1.5,74.5
Q25270,Pristina,2,February,5.9,0.3,72.0
Q25270,Pristina,3,March,8.2,1.8,69.9
Q25270,Pristina,4,April,12.9,1.5,59.9
Q25270,Pristina,5,May,15.5,2.3,69.1
Q25270,Pristina,6,June,23.0,1.4,56.4
Q25270,Pristina,7,July,24.7,0.6,49.1
Q25270,Pristina,8,August,24.5,0.2,45.0
Q25270,Pristina,9,September,17.4,3.2,65.0
Q25270,Pristina,10,October,12.0,1.1,77.8
Q25270,Pristina,11,November,3.5,2.8,78.4
Q25270,Pristina,12,December,1.8,2.4,83.5
Q18383,Providence,1,January,-0.6,6.5,72.6
Q18383,Providence,2,February,0.5,1.6,67.8
Q18383,Providence,3,March,5.3,6.8,69.2
Q18383,Providence,4,April,8.8,3.9,69.6
Q18383,Providence,5,May,15.0,5.0,77.7
Q18383,Providence,6,June,21.1,3.2,70.2
Q18383,Providence,7,July,24.2,2.8,74.0
Q18383,Providence,8,August,21.4,2.8,78.1
Q18383,Providence,9,September,17.8,2.5,76.1
Q18383,Providence,10,October,12.6,1.0,70.2
Q18383,Providence,11,November,8.2,2.7,62.8
Q18383,Providence,12,December,0.8,5.2,73.2
Q1538,Pune,1,January,21.7,0.2,57.0
Q1538,Pune,2,February,24.6,0.0,39.4
Q1538,Pune,3,March,27.6,0.0,32.2
Q1538,Pune,4,April,31.0,0.1,32.1
Q1538,Pune,5,May,29.5,1.1,55.9
Q1538,Pune,6,June,25.9,6.8,79.8
Q1538,Pune,7,July,24.0,16.1,86.9
Q1538,Pune,8,August,24.2,9.4,85.6
Q1538,Pune,9,September,23.8,8.3,84.7
Q1538,Pune,10,October,24.3,3.8,80.1
Q1538,Pune,11,November,23.4,0.0,55.5
Q1538,Pune,12,December,22.9,0.2,60.4
Q18808,Pyongyang,1,January,-4.1,0.3,65.2
Q18808,Pyongyang,2,February,0.4,1.0,68.4
Q18808,Pyongyang,3,March,4.2,1.4,62.7
Q18808,Pyongyang,4,April,13.5,1.5,64.6
Q18808,Pyongyang,5,May,16.9,3.9,69.7
Q18808,Pyongyang,6,June,22.6,1.9,68.5
Q18808,Pyongyang,7,July,25.5,12.5,83.6
Q18808,Pyongyang,8,August,27.1,7.4,83.9
Q18808,Pyongyang,9,September,22.7,5.1,80.0
Q18808,Pyongyang,10,October,13.8,1.7,77.2
Q18808,Pyongyang,11,November,6.5,1.3,71.5
Q18808,Pyongyang,12,December,-2.1,0.1,55.9
Q3551,Rabat,1,January,14.8,2.0,72.1
Q3551,Rabat,2,February,15.4,3.0,77.4
Q3551,Rabat,3,March,15.5,4.7,79.0
Q3551,Rabat,4,April,18.0,0.6,70.7
Q3551,Rabat,5,May,18.5,0.3,76.7
Q3551,Rabat,6,June,20.8,0.5,76.5
Q3551,Rabat,7,July,22.9,0.0,78.8
Q3551,Rabat,8,August,23.6,0.0,80.1
Q3551,Rabat,9,September,21.9,0.5,79.2
Q3551,Rabat,10,October,20.3,2.3,80.1
Q3551,Rabat,11,November,18.8,0.6,76.1
Q3551,Rabat,12,December,14.4,0.4,76.4
Q1437,Rajasthan,1,January,14.6,0.0,65.2
Q1437,Rajasthan,2,February,18.1,0.5,49.0
Q1437,Rajasthan,3,March,24.0,0.2,29.7
Q1437,Rajasthan,4,April,29.8,0.0,24.6
Q1437,Rajasthan,5,May,35.5,0.0,19.8
Q1437,Rajasthan,6,June,34.0,2.7,44.1
Q1437,Rajasthan,7,July,31.3,2.4,67.4
Q1437,Rajasthan,8,August,27.5,8.1,81.4
Q1437,Rajasthan,9,September,28.2,1.4,72.7
Q1437,Rajasthan,10,October,27.8,0.0,50.6
Q1437,Rajasthan,11,November,22.2,0.0,47.6
Q1437,Rajasthan,12,December,16.1,0.3,58.3
Q41087,Raleigh,1,January,6.4,3.8,69.9
Q41087,Raleigh,2,February,8.4,2.1,64.9
Q41087,Raleigh,3,March,12.6,5.0,66.1
Q41087,Raleigh,4,April,17.0,1.4,62.2
Q41087,Raleigh,5,May,21.4,4.4,73.2
Q41087,Raleigh,6,June,25.7,1.5,63.1
Q41087,Raleigh,7,July,26.0,6.6,78.4
Q41087,Raleigh,8,August,24.2,5.3,78.3
Q41087,Raleigh,9,September,21.7,6.9,81.3
Q41087,Raleigh,10,October,16.4,0.2,70.6
Q41087,Raleigh,11,November,12.9,2.2,73.3
Q41087,Raleigh,12,December,6.8,2.2,69.5
Q158119,Ramallah,1,January,9.3,2.8,79.4
Q158119,Ramallah,2,February,8.8,1.9,76.8
Q158119,Ramallah,3,March,11.8,2.1,66.8
Q158119,Ramallah,4,April,16.8,1.3,62.5
Q158119,Ramallah,5,May,18.1,0.7,60.0
Q158119,Ramallah,6,June,24.6,0.0,46.8
Q158119,Ramallah,7,July,24.5,0.0,57.2
Q158119,Ramallah,8,August,23.7,0.0,63.0
Q158119,Ramallah,9,September,21.6,0.1,68.2
Q158119,Ramallah,10,October,18.3,0.1,60.4
Q158119,Ramallah,11,November,13.8,1.2,70.5
Q158119,Ramallah,12,December,10.5,1.0,61.6
Q13364,Ravenna,1,January,4.8,1.8,84.3
Q13364,Ravenna,2,February,8.3,1.9,88.0
Q13364,Ravenna,3,March,11.7,2.1,82.3
Q13364,Ravenna,4,April,13.9,1.5,74.8
Q13364,Ravenna,5,May,18.1,1.7,74.1
Q13364,Ravenna,6,June,23.0,2.4,65.4
Q13364,Ravenna,7,July,27.1,1.2,61.9
Q13364,Ravenna,8,August,27.0,1.6,70.2
Q13364,Ravenna,9,September,21.2,5.7,71.4
Q13364,Ravenna,10,October,17.3,5.3,86.6
Q13364,Ravenna,11,November,9.4,0.7,83.4
Q13364,Ravenna,12,December,5.8,4.3,81.9
Q48344,Recife,1,January,27.5,1.4,75.5
Q48344,Recife,2,February,27.4,5.0,78.9
Q48344,Recife,3,March,27.5,4.0,81.1
Q48344,Recife,4,April,27.1,4.3,83.4
Q48344,Recife,5,May,26.3,3.9,82.7
Q48344,Recife,6,June,25.3,6.6,82.2
Q48344,Recife,7,July,24.6,5.0,79.9
Q48344,Recife,8,August,24.5,2.9,77.0
Q48344,Recife,9,September,24.7,2.4,75.9
Q48344,Recife,10,October,26.0,1.1,72.7
Q48344,Recife,11,November,26.7,1.6,71.6
Q48344,Recife,12,December,26.9,2.4,74.8
Q41876,Reims,1,January,3.2,2.4,82.1
Q41876,Reims,2,February,8.1,3.6,86.0
Q41876,Reims,3,March,8.6,2.8,80.7
Q41876,Reims,4,April,10.4,2.6,76.4
Q41876,Reims,5,May,14.1,4.0,81.2
Q41876,Reims,6,June,16.0,2.3,76.7
Q41876,Reims,7,July,19.0,3.2,73.4
Q41876,Reims,8,August,20.1,2.3,72.5
Q41876,Reims,9,September,15.5,3.1,78.4
Q41876,Reims,10,October,13.0,2.7,86.4
Q41876,Reims,11,November,7.4,1.6,86.8
Q41876,Reims,12,December,4.7,2.0,89.2
Q647,Rennes,1,January,5.3,2.9,84.8
Q647,Rennes,2,February,9.3,3.3,86.9
Q647,Rennes,3,March,8.7,2.9,82.9
Q647,Rennes,4,April,10.7,2.6,78.3
Q647,Rennes,5,May,13.8,3.2,80.1
Q647,Rennes,6,June,15.9,2.1,75.0
Q647,Rennes,7,July,18.2,1.7,77.2
Q647,Rennes,8,August,19.1,1.2,75.8
Q647,Rennes,9,September,15.0,3.3,81.0
Q647,Rennes,10,October,13.3,4.1,87.5
Q647,Rennes,11,November,9.8,1.8,88.7
Q647,Rennes,12,December,7.3,1.5,87.3
Q971,Republic of the Congo,1,January,25.9,2.3,80.2
Q971,Republic of the Congo,2,February,26.2,6.1,82.2
Q971,Republic of the Congo,3,March,26.4,5.1,82.0
Q971,Republic of the Congo,4,April,25.8,5.5,86.4
Q971,Republic of the Congo,5,May,26.1,6.3,86.7
Q971,Republic of the Congo,6,June,25.0,3.1,85.7
Q971,Republic of the Congo,7,July,24.9,0.6,80.5
Q971,Republic of the Congo,8,August,25.1,2.2,79.5
Q971,Republic of the Congo,9,September,24.4,7.5,87.1
Q971,Republic of the Congo,10,October,24.3,10.3,89.2
Q971,Republic of the Congo,11,November,24.5,6.3,86.4
Q971,Republic of the Congo,12,December,25.2,2.7,82.5
Q1764,Reykjavík,1,January,-0.3,4.7,78.4
Q1764,Reykjavík,2,February,-1.6,3.0,79.6
Q1764,Reykjavík,3,March,1.1,3.9,75.6
Q1764,Reykjavík,4,April,2.5,2.4,74.2
Q1764,Reykjavík,5,May,6.6,5.0,79.8
Q1764,Reykjavík,6,June,8.3,3.4,80.2
Q1764,Reykjavík,7,July,10.8,5.4,86.5
Q1764,Reykjavík,8,August,9.6,4.9,81.6
Q1764,Reykjavík,9,September,6.6,2.8,80.8
Q1764,Reykjavík,10,October,2.9,4.2,81.5
Q1764,Reykjavík,11,November,1.3,6.0,75.1
Q1764,Reykjavík,12,December,-1.0,6.4,78.8
Q43421,Richmond,1,January,4.8,3.3,69.3
Q43421,Richmond,2,February,6.4,2.4,68.8
Q43421,Richmond,3,March,10.7,6.0,66.5
Q43421,Richmond,4,April,15.4,1.2,65.3
Q43421,Richmond,5,May,20.1,3.2,75.3
Q43421,Richmond,6,June,25.3,1.5,62.0
Q43421,Richmond,7,July,26.2,2.9,74.8
Q43421,Richmond,8,August,24.6,2.1,74.0
Q43421,Richmond,9,September,21.3,2.7,78.4
Q43421,Richmond,10,October,15.4,0.4,71.2
Q43421,Richmond,11,November,11.7,1.8,72.2
Q43421,Richmond,12,December,5.3,1.7,70.5
Q1773,Riga,1,January,-4.9,1.5,82.5
Q1773,Riga,2,February,0.9,2.2,87.1
Q1773,Riga,3,March,3.7,1.1,78.7
Q1773,Riga,4,April,7.7,2.5,78.3
Q1773,Riga,5,May,14.9,1.9,66.4
Q1773,Riga,6,June,17.5,2.9,73.3
Q1773,Riga,7,July,19.6,4.9,75.8
Q1773,Riga,8,August,18.4,2.7,79.2
Q1773,Riga,9,September,16.7,1.8,78.1
Q1773,Riga,10,October,8.9,1.4,83.0
Q1773,Riga,11,November,4.6,1.7,85.4
Q1773,Riga,12,December,2.2,1.5,86.2
Q8678,Rio de Janeiro,1,January,26.2,5.9,80.9
Q8678,Rio de Janeiro,2,February,26.8,2.2,80.1
Q8678,Rio de Janeiro,3,March,26.0,8.2,81.7
Q8678,Rio de Janeiro,4,April,24.6,0.4,78.7
Q8678,Rio de Janeiro,5,May,24.5,1.3,74.7
Q8678,Rio de Janeiro,6,June,23.1,0.6,70.2
Q8678,Rio de Janeiro,7,July,21.0,1.6,81.0
Q8678,Rio de Janeiro,8,August,21.3,2.4,72.9
Q8678,Rio de Janeiro,9,September,23.8,0.5,73.1
Q8678,Rio de Janeiro,10,October,23.1,3.2,79.5
Q8678,Rio de Janeiro,11,November,23.8,3.9,81.3
Q8678,Rio de Janeiro,12,December,25.1,5.3,83.9
Q3692,Riyadh,1,January,17.6,0.0,42.7
Q3692,Riyadh,2,February,17.5,0.3,38.5
Q3692,Riyadh,3,March,21.2,0.3,35.3
Q3692,Riyadh,4,April,25.8,0.6,32.9
Q3692,Riyadh,5,May,31.9,0.3,23.7
Q3692,Riyadh,6,June,37.4,0.0,10.1
Q3692,Riyadh,7,July,37.7,0.0,11.6
Q3692,Riyadh,8,August,37.5,0.0,14.5
Q3692,Riyadh,9,September,34.1,0.0,17.0
Q3692,Riyadh,10,October,28.5,0.0,24.1
Q3692,Riyadh,11,November,23.7,0.3,33.4
Q3692,Riyadh,12,December,17.7,0.0,33.0
Q218,Romania,1,January,-1.0,1.2,75.3
Q218,Romania,2,February,5.2,1.9,77.0
Q218,Romania,3,March,6.7,2.6,72.1
Q218,Romania,4,April,11.7,2.0,66.5
Q218,Romania,5,May,14.0,2.3,65.7
Q218,Romania,6,June,20.4,2.9,71.3
Q218,Romania,7,July,22.2,2.9,64.3
Q218,Romania,8,August,21.1,2.9,66.5
Q218,Romania,9,September,16.0,2.4,68.1
Q218,Romania,10,October,9.7,1.1,72.7
Q218,Romania,11,November,2.3,1.4,78.2
Q218,Romania,12,December,0.7,1.2,87.1
Q220,Rome,1,January,9.4,1.4,81.6
Q220,Rome,2,February,10.7,2.9,79.2
Q220,Rome,3,March,12.6,4.0,78.5
Q220,Rome,4,April,15.0,1.3,69.2
Q220,Rome,5,May,18.3,3.4,73.9
Q220,Rome,6,June,23.4,0.8,62.1
Q220,Rome,7,July,28.2,0.5,56.3
Q220,Rome,8,August,28.4,1.3,61.7
Q220,Rome,9,September,21.4,4.7,72.6
Q220,Rome,10,October,18.1,4.8,83.8
Q220,Rome,11,November,12.5,0.7,80.2
Q220,Rome,12,December,8.1,2.9,80.7
Q36281,Roseau,1,January,25.5,2.8,77.3
Q36281,Roseau,2,February,25.6,1.5,79.2
Q36281,Roseau,3,March,26.2,1.5,74.4
Q36281,Roseau,4,April,26.9,1.9,75.3
Q36281,Roseau,5,May,27.9,2.4,77.1
Q36281,Roseau,6,June,27.7,3.0,79.3
Q36281,Roseau,7,July,27.4,4.6,82.2
Q36281,Roseau,8,August,27.3,4.4,82.8
Q36281,Roseau,9,September,27.6,3.0,82.6
Q36281,Roseau,10,October,28.2,1.5,76.4
Q36281,Roseau,11,November,26.9,4.8,82.8
Q36281,Roseau,12,December,25.5,2.9,79.6
Q908,Rostov-on-Don,1,January,-2.0,2.8,85.8
Q908,Rostov-on-Don,2,February,1.2,1.7,77.3
Q908,Rostov-on-Don,3,March,4.3,0.4,71.9
Q908,Rostov-on-Don,4,April,16.6,0.4,58.1
Q908,Rostov-on-Don,5,May,16.3,0.6,46.3
Q908,Rostov-on-Don,6,June,24.3,1.1,56.9
Q908,Rostov-on-Don,7,July,28.1,0.5,37.9
Q908,Rostov-on-Don,8,August,25.3,0.4,43.2
Q908,Rostov-on-Don,9,September,21.8,0.9,34.9
Q908,Rostov-on-Don,10,October,12.0,0.6,66.0
Q908,Rostov-on-Don,11,November,4.3,0.9,78.9
Q908,Rostov-on-Don,12,December,0.9,1.3,85.2
Q34370,Rotterdam,1,January,4.0,2.1,80.8
Q34370,Rotterdam,2,February,8.0,4.3,87.4
Q34370,Rotterdam,3,March,8.7,2.1,80.9
Q34370,Rotterdam,4,April,10.5,3.6,76.3
Q34370,Rotterdam,5,May,15.0,4.6,81.9
Q34370,Rotterdam,6,June,15.4,2.4,77.5
Q34370,Rotterdam,7,July,17.7,3.6,78.6
Q34370,Rotterdam,8,August,19.4,1.8,75.6
Q34370,Rotterdam,9,September,16.1,4.1,81.0
Q34370,Rotterdam,10,October,12.4,1.9,86.5
Q34370,Rotterdam,11,November,7.7,3.5,85.1
Q34370,Rotterdam,12,December,6.4,2.5,87.7
Q34001,Roubaix,1,January,3.6,2.0,82.2
Q34001,Roubaix,2,February,8.4,3.9,86.6
Q34001,Roubaix,3,March,8.6,3.0,81.1
Q34001,Roubaix,4,April,10.6,3.2,76.0
Q34001,Roubaix,5,May,14.4,3.4,80.2
Q34001,Roubaix,6,June,15.4,2.3,75.8
Q34001,Roubaix,7,July,18.3,2.7,74.4
Q34001,Roubaix,8,August,19.7,2.6,72.7
Q34001,Roubaix,9,September,15.7,3.6,80.0
Q34001,Roubaix,10,October,12.6,2.3,85.0
Q34001,Roubaix,11,November,7.8,2.1,85.8
Q34001,Roubaix,12,December,6.1,1.8,87.5
Q30974,Rouen,1,January,3.8,2.4,83.5
Q30974,Rouen,2,February,8.5,4.4,87.6
Q30974,Rouen,3,March,8.3,2.7,83.3
Q30974,Rouen,4,April,10.3,2.5,77.3
Q30974,Rouen,5,May,13.7,3.4,80.8
Q30974,Rouen,6,June,15.1,1.6,77.6
Q30974,Rouen,7,July,18.1,2.6,76.2
Q30974,Rouen,8,August,19.0,1.7,76.1
Q30974,Rouen,9,September,14.9,4.1,81.2
Q30974,Rouen,10,October,12.6,4.0,87.0
Q30974,Rouen,11,November,8.4,2.4,87.0
Q30974,Rouen,12,December,6.3,2.4,88.9
Q159,Russia,1,January,-25.4,0.8,70.0
Q159,Russia,2,February,-25.3,0.4,69.0
Q159,Russia,3,March,-19.3,0.9,75.1
Q159,Russia,4,April,-10.0,1.5,75.5
Q159,Russia,5,May,-1.8,1.9,77.6
Q159,Russia,6,June,10.8,3.2,70.5
Q159,Russia,7,July,17.1,1.7,70.8
Q159,Russia,8,August,14.5,3.3,76.3
Q159,Russia,9,September,5.6,2.8,81.6
Q159,Russia,10,October,-5.2,2.0,82.1
Q159,Russia,11,November,-13.3,2.1,80.5
Q159,Russia,12,December,-18.8,1.1,77.1
Q1037,Rwanda,1,January,19.6,4.2,78.5
Q1037,Rwanda,2,February,20.2,2.1,74.5
Q1037,Rwanda,3,March,20.6,1.0,72.5
Q1037,Rwanda,4,April,19.6,4.5,79.9
Q1037,Rwanda,5,May,20.3,1.2,71.7
Q1037,Rwanda,6,June,20.3,0.0,53.6
Q1037,Rwanda,7,July,21.4,0.1,47.1
Q1037,Rwanda,8,August,21.5,0.2,49.0
Q1037,Rwanda,9,September,21.5,2.0,57.0
Q1037,Rwanda,10,October,20.1,2.5,70.6
Q1037,Rwanda,11,November,19.0,7.0,79.9
Q1037,Rwanda,12,December,18.8,4.0,79.6
Q1724,Saarbrücken,1,January,2.1,3.1,82.0
Q1724,Saarbrücken,2,February,6.9,3.8,86.4
Q1724,Saarbrücken,3,March,8.1,2.9,79.7
Q1724,Saarbrücken,4,April,9.9,2.9,74.2
Q1724,Saarbrücken,5,May,14.2,5.7,79.1
Q1724,Saarbrücken,6,June,16.7,2.5,75.1
Q1724,Saarbrücken,7,July,19.0,2.4,73.7
Q1724,Saarbrücken,8,August,20.5,1.2,72.1
Q1724,Saarbrücken,9,September,15.5,3.4,77.3
Q1724,Saarbrücken,10,October,12.1,2.8,87.1
Q1724,Saarbrücken,11,November,6.2,2.4,87.3
Q1724,Saarbrücken,12,December,2.8,2.3,89.9
Q18013,Sacramento,1,January,9.4,4.3,85.4
Q18013,Sacramento,2,February,10.1,7.2,81.7
Q18013,Sacramento,3,March,11.7,2.8,75.4
Q18013,Sacramento,4,April,14.5,1.4,69.9
Q18013,Sacramento,5,May,19.8,0.7,49.8
Q18013,Sacramento,6,June,25.0,0.0,40.6
Q18013,Sacramento,7,July,28.2,0.0,39.8
Q18013,Sacramento,8,August,24.9,0.3,46.5
Q18013,Sacramento,9,September,23.6,0.0,48.7
Q18013,Sacramento,10,October,20.7,0.4,45.1
Q18013,Sacramento,11,November,11.1,6.2,69.5
Q18013,Sacramento,12,December,9.4,3.5,87.1
Q763,Saint Kitts and Nevis,1,January,25.6,1.2,71.9
Q763,Saint Kitts and Nevis,2,February,25.1,5.2,75.0
Q763,Saint Kitts and Nevis,3,March,25.8,1.3,70.6
Q763,Saint Kitts and Nevis,4,April,26.2,2.4,74.1
Q763,Saint Kitts and Nevis,5,May,27.6,2.9,75.7
Q763,Saint Kitts and Nevis,6,June,28.1,2.2,74.0
Q763,Saint Kitts and Nevis,7,July,27.8,3.4,75.4
Q763,Saint Kitts and Nevis,8,August,27.8,4.4,76.6
Q763,Saint Kitts and Nevis,9,September,27.9,3.2,77.7
Q763,Saint Kitts and Nevis,10,October,28.4,1.5,71.1
Q763,Saint Kitts and Nevis,11,November,26.8,4.3,79.2
Q763,Saint Kitts and Nevis,12,December,26.2,1.2,70.5
Q760,Saint Lucia,1,January,23.6,4.3,79.8
Q760,Saint Lucia,2,February,24.1,2.0,77.3
Q760,Saint Lucia,3,March,24.6,2.1,75.1
Q760,Saint Lucia,4,April,25.5,1.4,72.8
Q760,Saint Lucia,5,May,26.4,2.7,75.3
Q760,Saint Lucia,6,June,25.7,6.4,80.1
Q760,Saint Lucia,7,July,25.4,5.3,82.4
Q760,Saint Lucia,8,August,25.3,7.2,83.4
Q760,Saint Lucia,9,September,25.4,5.9,84.3
Q760,Saint Lucia,10,October,25.9,4.8,79.8
Q760,Saint Lucia,11,November,24.8,7.4,84.9
Q760,Saint Lucia,12,December,23.9,3.5,78.9
Q28848,Saint Paul,1,January,-6.3,0.2,74.0
Q28848,Saint Paul,2,February,-0.8,0.6,67.4
Q28848,Saint Paul,3,March,1.5,1.9,57.3
Q28848,Saint Paul,4,April,8.1,3.1,63.8
Q28848,Saint Paul,5,May,15.6,6.0,64.4
Q28848,Saint Paul,6,June,19.7,7.3,71.9
Q28848,Saint Paul,7,July,22.1,3.1,74.5
Q28848,Saint Paul,8,August,20.9,4.9,74.7
Q28848,Saint Paul,9,September,20.0,0.8,64.8
Q28848,Saint Paul,10,October,13.3,1.4,55.7
Q28848,Saint Paul,11,November,3.1,1.9,78.1
Q28848,Saint Paul,12,December,-4.8,1.1,79.7
Q656,Saint Petersburg,1,January,-10.2,1.2,85.0
Q656,Saint Petersburg,2,February,-5.7,1.8,86.6
Q656,Saint Petersburg,3,March,1.3,1.2,81.4
Q656,Saint Petersburg,4,April,4.8,2.2,78.1
Q656,Saint Petersburg,5,May,11.6,0.8,66.1
Q656,Saint Petersburg,6,June,17.5,2.5,72.7
Q656,Saint Petersburg,7,July,19.6,3.6,76.6
Q656,Saint Petersburg,8,August,17.5,4.9,81.7
Q656,Saint Petersburg,9,September,15.6,1.5,78.3
Q656,Saint Petersburg,10,October,7.5,1.3,83.0
Q656,Saint Petersburg,11,November,2.1,1.8,89.8
Q656,Saint Petersburg,12,December,-1.1,2.2,86.8
Q757,Saint Vincent and the Grenadines,1,January,26.4,1.5,76.1
Q757,Saint Vincent and the Grenadines,2,February,26.6,0.2,75.3
Q757,Saint Vincent and the Grenadines,3,March,26.6,0.3,75.1
Q757,Saint Vincent and the Grenadines,4,April,27.3,0.3,74.4
Q757,Saint Vincent and the Grenadines,5,May,28.1,0.5,76.5
Q757,Saint Vincent and the Grenadines,6,June,27.8,2.3,78.2
Q757,Saint Vincent and the Grenadines,7,July,27.7,4.2,79.1
Q757,Saint Vincent and the Grenadines,8,August,27.8,5.1,78.4
Q757,Saint Vincent and the Grenadines,9,September,28.3,4.0,76.8
Q757,Saint Vincent and the Grenadines,10,October,28.4,1.8,75.2
Q757,Saint Vincent and the Grenadines,11,November,27.8,4.3,77.6
Q757,Saint Vincent and the Grenadines,12,December,27.0,1.2,73.3
Q23337,Salt Lake City,1,January,0.0,3.3,72.5
Q23337,Salt Lake City,2,February,2.2,4.6,64.2
Q23337,Salt Lake City,3,March,4.3,3.5,58.2
Q23337,Salt Lake City,4,April,9.8,1.3,50.3
Q23337,Salt Lake City,5,May,13.4,0.9,41.9
Q23337,Salt Lake City,6,June,24.3,0.1,27.3
Q23337,Salt Lake City,7,July,27.6,0.0,21.1
Q23337,Salt Lake City,8,August,25.5,0.3,29.9
Q23337,Salt Lake City,9,September,21.1,0.4,31.8
Q23337,Salt Lake City,10,October,15.1,0.9,40.7
Q23337,Salt Lake City,11,November,2.5,1.9,61.8
Q23337,Salt Lake City,12,December,0.6,2.0,75.0
Q36947,Salvador,1,January,27.3,4.4,78.2
Q36947,Salvador,2,February,27.1,4.6,81.1
Q36947,Salvador,3,March,27.8,3.5,78.6
Q36947,Salvador,4,April,26.7,10.9,82.4
Q36947,Salvador,5,May,26.3,3.7,77.9
Q36947,Salvador,6,June,24.8,4.4,79.0
Q36947,Salvador,7,July,24.5,2.4,75.4
Q36947,Salvador,8,August,24.1,3.8,78.6
Q36947,Salvador,9,September,24.6,1.9,74.5
Q36947,Salvador,10,October,26.0,1.8,75.7
Q36947,Salvador,11,November,26.2,6.3,77.1
Q36947,Salvador,12,December,27.1,1.0,73.5
Q34713,Salzburg,1,January,0.8,3.5,77.1
Q34713,Salzburg,2,February,6.3,3.4,79.4
Q34713,Salzburg,3,March,8.4,2.6,74.4
Q34713,Salzburg,4,April,10.6,3.6,72.4
Q34713,Salzburg,5,May,14.9,5.4,76.2
Q34713,Salzburg,6,June,18.4,4.9,79.4
Q34713,Salzburg,7,July,20.5,5.0,80.0
Q34713,Salzburg,8,August,21.3,3.4,80.7
Q34713,Salzburg,9,September,15.0,10.5,81.3
Q34713,Salzburg,10,October,12.9,3.2,85.4
Q34713,Salzburg,11,November,4.8,1.7,83.4
Q34713,Salzburg,12,December,1.6,3.2,78.8
Q894,Samara,1,January,-12.8,1.7,81.8
Q894,Samara,2,February,-11.8,1.2,78.9
Q894,Samara,3,March,-4.0,1.5,83.4
Q894,Samara,4,April,11.8,1.1,72.6
Q894,Samara,5,May,12.2,0.7,56.3
Q894,Samara,6,June,23.0,1.4,60.6
Q894,Samara,7,July,22.8,1.2,62.9
Q894,Samara,8,August,19.3,2.3,77.7
Q894,Samara,9,September,15.8,0.1,66.8
Q894,Samara,10,October,7.7,1.0,72.0
Q894,Samara,11,November,0.4,0.9,82.6
Q894,Samara,12,December,-4.9,1.5,83.5
Q5753,Samarkand,1,January,5.2,1.9,72.7
Q5753,Samarkand,2,February,2.8,2.7,70.9
Q5753,Samarkand,3,March,7.8,4.3,71.7
Q5753,Samarkand,4,April,14.5,2.8,66.0
Q5753,Samarkand,5,May,18.9,5.0,61.6
Q5753,Samarkand,6,June,27.1,0.0,31.8
Q5753,Samarkand,7,July,28.6,0.0,27.9
Q5753,Samarkand,8,August,28.0,0.0,27.6
Q5753,Samarkand,9,September,21.0,0.3,34.0
Q5753,Samarkand,10,October,14.6,2.2,62.4
Q5753,Samarkand,11,November,9.1,2.2,71.6
Q5753,Samarkand,12,December,0.7,0.7,69.5
Q683,Samoa,1,January,27.5,15.9,86.0
Q683,Samoa,2,February,27.6,24.8,88.5
Q683,Samoa,3,March,27.6,6.6,85.8
Q683,Samoa,4,April,27.3,7.4,90.3
Q683,Samoa,5,May,26.9,13.4,91.0
Q683,Samoa,6,June,25.6,11.8,90.5
Q683,Samoa,7,July,25.1,13.4,88.5
Q683,Samoa,8,August,24.5,14.7,90.9
Q683,Samoa,9,September,25.6,8.9,90.0
Q683,Samoa,10,October,25.8,11.8,90.1
Q683,Samoa,11,November,25.6,19.2,93.6
Q683,Samoa,12,December,25.8,10.8,93.2
Q2471,Sanaa,1,January,15.6,0.1,44.8
Q2471,Sanaa,2,February,17.9,0.1,48.1
Q2471,Sanaa,3,March,18.9,0.6,53.6
Q2471,Sanaa,4,April,19.8,0.6,55.0
Q2471,Sanaa,5,May,22.1,1.0,37.7
Q2471,Sanaa,6,June,23.5,0.0,29.4
Q2471,Sanaa,7,July,22.9,0.2,40.9
Q2471,Sanaa,8,August,19.3,5.2,63.9
Q2471,Sanaa,9,September,20.8,0.1,34.4
Q2471,Sanaa,10,October,18.7,0.0,36.7
Q2471,Sanaa,11,November,15.8,0.1,41.0
Q2471,Sanaa,12,December,14.1,0.0,33.8
Q975,San Antonio,1,January,9.7,3.6,65.2
Q975,San Antonio,2,February,15.7,2.4,66.8
Q975,San Antonio,3,March,18.6,2.3,69.5
Q975,San Antonio,4,April,22.2,2.9,68.1
Q975,San Antonio,5,May,26.1,7.3,77.2
Q975,San Antonio,6,June,28.9,3.6,69.3
Q975,San Antonio,7,July,28.5,3.1,69.5
Q975,San Antonio,8,August,30.8,0.7,58.4
Q975,San Antonio,9,September,27.8,1.6,58.7
Q975,San Antonio,10,October,25.8,0.2,52.7
Q975,San Antonio,11,November,19.4,2.0,58.8
Q975,San Antonio,12,December,15.9,2.1,66.1
Q16552,San Diego,1,January,12.5,3.1,75.5
Q16552,San Diego,2,February,12.7,5.0,81.4
Q16552,San Diego,3,March,13.6,3.5,78.7
Q16552,San Diego,4,April,14.8,0.3,74.8
Q16552,San Diego,5,May,16.4,0.0,72.7
Q16552,San Diego,6,June,18.8,0.0,75.9
Q16552,San Diego,7,July,21.0,0.0,78.5
Q16552,San Diego,8,August,21.5,0.0,77.8
Q16552,San Diego,9,September,20.9,0.1,74.5
Q16552,San Diego,10,October,18.6,0.0,73.7
Q16552,San Diego,11,November,14.9,0.1,59.2
Q16552,San Diego,12,December,13.3,0.0,70.5
Q62,San Francisco,1,January,11.4,5.0,84.4
Q62,San Francisco,2,February,11.2,5.9,83.0
Q62,San Francisco,3,March,12.0,4.0,77.3
Q62,San Francisco,4,April,12.6,0.9,78.0
Q62,San Francisco,5,May,14.1,0.7,72.5
Q62,San Francisco,6,June,15.5,0.0,70.9
Q62,San Francisco,7,July,16.4,0.0,77.3
Q62,San Francisco,8,August,16.3,0.1,79.9
Q62,San Francisco,9,September,16.2,0.1,80.5
Q62,San Francisco,10,October,17.3,0.2,68.0
Q62,San Francisco,11,November,12.6,4.9,72.3
Q62,San Francisco,12,December,11.1,4.6,86.1
Q16553,San Jose,1,January,10.8,3.8,80.5
Q16553,San Jose,2,February,10.6,5.7,79.1
Q16553,San Jose,3,March,11.7,2.4,74.6
Q16553,San Jose,4,April,13.7,1.2,70.6
Q16553,San Jose,5,May,17.5,0.7,56.3
Q16553,San Jose,6,June,21.0,0.0,50.0
Q16553,San Jose,7,July,23.5,0.0,53.1
Q16553,San Jose,8,August,20.9,0.0,59.1
Q16553,San Jose,9,September,20.3,0.0,62.4
Q16553,San Jose,10,October,19.9,0.2,49.4
Q16553,San Jose,11,November,12.3,2.5,66.0
Q16553,San Jose,12,December,11.2,3.4,77.6
Q3070,San José,1,January,20.8,0.4,71.5
Q3070,San José,2,February,20.7,1.1,70.2
Q3070,San José,3,March,21.8,0.7,67.5
Q3070,San José,4,April,21.5,5.1,69.6
Q3070,San José,5,May,21.2,9.7,82.7
Q3070,San José,6,June,19.8,18.2,91.6
Q3070,San José,7,July,20.4,13.7,86.2
Q3070,San José,8,August,20.1,12.6,85.8
Q3070,San José,9,September,19.7,15.1,90.7
Q3070,San José,10,October,19.5,15.5,89.9
Q3070,San José,11,November,19.1,22.5,91.3
Q3070,San José,12,December,20.0,7.5,78.2
Q238,San Marino,1,January,5.9,3.1,78.5
Q238,San Marino,2,February,8.8,1.8,76.4
Q238,San Marino,3,March,10.5,2.6,76.2
Q238,San Marino,4,April,12.6,2.5,70.6
Q238,San Marino,5,May,16.0,3.3,72.2
Q238,San Marino,6,June,21.4,1.6,62.4
Q238,San Marino,7,July,25.4,1.4,58.7
Q238,San Marino,8,August,25.7,1.2,62.0
Q238,San Marino,9,September,18.4,5.9,72.8
Q238,San Marino,10,October,15.5,5.9,86.3
Q238,San Marino,11,November,8.8,1.4,81.9
Q238,San Marino,12,December,5.1,3.2,77.3
Q1848,San Marino,1,January,4.4,3.1,78.3
Q1848,San Marino,2,February,7.3,1.8,76.1
Q1848,San Marino,3,March,9.0,2.6,76.0
Q1848,San Marino,4,April,11.1,2.5,70.3
Q1848,San Marino,5,May,14.4,3.3,71.8
Q1848,San Marino,6,June,19.9,1.6,62.1
Q1848,San Marino,7,July,23.9,1.4,58.5
Q1848,San Marino,8,August,24.1,1.2,61.7
Q1848,San Marino,9,September,16.9,5.9,72.6
Q1848,San Marino,10,October,14.0,5.9,86.2
Q1848,San Marino,11,November,7.3,1.4,81.6
Q1848,San Marino,12,December,3.6,3.2,77.2
Q3110,San Salvador,1,January,24.8,0.1,61.8
Q3110,San Salvador,2,February,24.3,0.0,58.0
Q3110,San Salvador,3,March,25.9,0.5,62.7
Q3110,San Salvador,4,April,25.7,2.8,71.0
Q3110,San Salvador,5,May,25.4,4.6,81.6
Q3110,San Salvador,6,June,23.2,20.0,92.0
Q3110,San Salvador,7,July,24.3,7.8,84.5
Q3110,San Salvador,8,August,24.2,7.7,85.7
Q3110,San Salvador,9,September,23.7,9.5,88.8
Q3110,San Salvador,10,October,23.7,4.9,83.3
Q3110,San Salvador,11,November,22.7,7.0,84.0
Q3110,San Salvador,12,December,24.2,1.0,65.3
Q38555,Santa Fe,1,January,-2.6,0.7,68.0
Q38555,Santa Fe,2,February,1.1,1.4,58.6
Q38555,Santa Fe,3,March,4.3,1.1,50.5
Q38555,Santa Fe,4,April,10.1,0.4,34.4
Q38555,Santa Fe,5,May,14.8,0.8,30.8
Q38555,Santa Fe,6,June,21.5,2.0,39.0
Q38555,Santa Fe,7,July,21.9,1.2,42.5
Q38555,Santa Fe,8,August,22.2,1.2,41.8
Q38555,Santa Fe,9,September,18.2,0.9,44.1
Q38555,Santa Fe,10,October,14.3,1.2,37.6
Q38555,Santa Fe,11,November,2.9,1.8,49.8
Q38555,Santa Fe,12,December,2.3,0.0,42.9
Q2887,Santiago,1,January,22.5,0.0,49.6
Q2887,Santiago,2,February,23.0,0.3,50.5
Q2887,Santiago,3,March,21.2,0.1,48.8
Q2887,Santiago,4,April,16.3,0.3,56.8
Q2887,Santiago,5,May,10.2,3.8,59.8
Q2887,Santiago,6,June,11.2,6.2,65.5
Q2887,Santiago,7,July,10.8,0.0,56.4
Q2887,Santiago,8,August,10.2,2.8,66.9
Q2887,Santiago,9,September,13.3,0.2,67.7
Q2887,Santiago,10,October,16.2,0.8,66.5
Q2887,Santiago,11,November,18.9,0.0,49.2
Q2887,Santiago,12,December,20.7,0.0,47.4
Q34820,Santo Domingo,1,January,24.6,1.3,80.2
Q34820,Santo Domingo,2,February,24.3,0.8,74.4
Q34820,Santo Domingo,3,March,25.2,1.7,75.5
Q34820,Santo Domingo,4,April,25.4,4.4,78.3
Q34820,Santo Domingo,5,May,26.1,6.2,84.4
Q34820,Santo Domingo,6,June,26.8,6.3,84.6
Q34820,Santo Domingo,7,July,26.7,6.0,83.6
Q34820,Santo Domingo,8,August,27.1,4.7,82.6
Q34820,Santo Domingo,9,September,26.8,4.9,85.1
Q34820,Santo Domingo,10,October,27.0,4.1,82.2
Q34820,Santo Domingo,11,November,24.9,7.8,86.7
Q34820,Santo Domingo,12,December,24.3,6.1,84.3
Q174,São Paulo,1,January,22.2,6.3,81.4
Q174,São Paulo,2,February,22.3,6.0,83.7
Q174,São Paulo,3,March,22.0,4.6,84.9
Q174,São Paulo,4,April,21.1,1.8,80.1
Q174,São Paulo,5,May,20.3,1.2,70.4
Q174,São Paulo,6,June,18.2,0.2,68.0
Q174,São Paulo,7,July,16.2,1.2,78.9
Q174,São Paulo,8,August,17.0,1.9,69.1
Q174,São Paulo,9,September,21.8,0.5,62.9
Q174,São Paulo,10,October,20.0,2.9,80.8
Q174,São Paulo,11,November,21.2,6.6,77.0
Q174,São Paulo,12,December,22.2,7.6,78.6
Q3932,São Tomé,1,January,27.4,4.8,84.4
Q3932,São Tomé,2,February,27.8,13.1,85.7
Q3932,São Tomé,3,March,28.1,9.1,84.6
Q3932,São Tomé,4,April,28.2,7.3,84.0
Q3932,São Tomé,5,May,27.5,10.4,85.3
Q3932,São Tomé,6,June,26.3,1.7,83.8
Q3932,São Tomé,7,July,25.3,2.2,81.4
Q3932,São Tomé,8,August,25.0,3.8,84.1
Q3932,São Tomé,9,September,25.7,11.0,87.1
Q3932,São Tomé,10,October,26.1,9.5,85.5
Q3932,São Tomé,11,November,26.0,10.3,87.8
Q3932,São Tomé,12,December,26.2,9.2,87.7
Q1039,São Tomé and Príncipe,1,January,21.6,5.7,89.1
Q1039,São Tomé and Príncipe,2,February,22.1,12.8,90.4
Q1039,São Tomé and Príncipe,3,March,22.4,10.3,89.9
Q1039,São Tomé and Príncipe,4,April,22.5,8.1,89.2
Q1039,São Tomé and Príncipe,5,May,21.8,11.9,90.6
Q1039,São Tomé and Príncipe,6,June,20.4,5.0,89.6
Q1039,São Tomé and Príncipe,7,July,19.1,2.6,88.8
Q1039,São Tomé and Príncipe,8,August,19.0,4.4,89.8
Q1039,São Tomé and Príncipe,9,September,19.8,12.8,92.7
Q1039,São Tomé and Príncipe,10,October,20.3,11.6,91.3
Q1039,São Tomé and Príncipe,11,November,20.3,14.2,93.1
Q1039,São Tomé and Príncipe,12,December,20.6,12.2,92.5
Q37951,Sapporo,1,January,-5.1,3.1,83.0
Q37951,Sapporo,2,February,-5.1,2.1,78.7
Q37951,Sapporo,3,March,-3.2,2.2,78.0
Q37951,Sapporo,4,April,8.5,2.5,73.8
Q37951,Sapporo,5,May,12.3,3.1,74.0
Q37951,Sapporo,6,June,17.2,3.7,81.3
Q37951,Sapporo,7,July,21.8,4.3,83.1
Q37951,Sapporo,8,August,23.2,4.9,86.0
Q37951,Sapporo,9,September,18.0,2.3,77.2
Q37951,Sapporo,10,October,12.2,5.4,77.5
Q37951,Sapporo,11,November,4.4,4.6,78.1
Q37951,Sapporo,12,December,-4.9,1.7,76.8
Q11194,Sarajevo,1,January,2.1,3.0,79.1
Q11194,Sarajevo,2,February,7.2,2.8,75.6
Q11194,Sarajevo,3,March,8.9,2.2,73.6
Q11194,Sarajevo,4,April,12.4,1.7,68.3
Q11194,Sarajevo,5,May,16.0,1.9,72.4
Q11194,Sarajevo,6,June,21.7,3.1,68.7
Q11194,Sarajevo,7,July,23.6,2.0,66.2
Q11194,Sarajevo,8,August,24.1,0.6,61.6
Q11194,Sarajevo,9,September,16.9,4.2,73.8
Q11194,Sarajevo,10,October,14.1,2.5,79.8
Q11194,Sarajevo,11,November,4.7,3.5,81.8
Q11194,Sarajevo,12,December,2.5,3.1,86.7
Q5332,Saratov,1,January,-9.9,2.2,83.1
Q5332,Saratov,2,February,-8.8,1.1,84.0
Q5332,Saratov,3,March,-2.9,0.3,84.4
Q5332,Saratov,4,April,13.6,0.5,66.8
Q5332,Saratov,5,May,13.4,0.3,49.9
Q5332,Saratov,6,June,23.2,1.2,56.8
Q5332,Saratov,7,July,24.7,0.4,50.3
Q5332,Saratov,8,August,21.5,1.9,61.7
Q5332,Saratov,9,September,17.7,0.0,50.6
Q5332,Saratov,10,October,9.0,1.5,67.8
Q5332,Saratov,11,November,1.4,0.9,81.1
Q5332,Saratov,12,December,-3.7,1.0,85.2
Q851,Saudi Arabia,1,January,18.0,0.0,40.7
Q851,Saudi Arabia,2,February,17.6,0.2,37.9
Q851,Saudi Arabia,3,March,21.4,1.4,35.4
Q851,Saudi Arabia,4,April,23.4,1.4,43.1
Q851,Saudi Arabia,5,May,30.6,0.3,22.6
Q851,Saudi Arabia,6,June,35.8,0.0,10.0
Q851,Saudi Arabia,7,July,35.5,0.0,12.3
Q851,Saudi Arabia,8,August,35.9,0.0,15.1
Q851,Saudi Arabia,9,September,33.2,0.0,15.2
Q851,Saudi Arabia,10,October,28.5,0.1,23.2
Q851,Saudi Arabia,11,November,22.1,0.2,35.7
Q851,Saudi Arabia,12,December,16.8,0.0,35.5
Q1709,Schwerin,1,January,1.6,2.3,85.6
Q1709,Schwerin,2,February,5.8,3.1,87.3
Q1709,Schwerin,3,March,7.0,1.0,81.8
Q1709,Schwerin,4,April,9.6,3.2,78.5
Q1709,Schwerin,5,May,15.9,2.9,72.4
Q1709,Schwerin,6,June,16.2,2.3,75.5
Q1709,Schwerin,7,July,18.3,2.4,73.6
Q1709,Schwerin,8,August,19.2,1.2,72.2
Q1709,Schwerin,9,September,16.2,2.6,73.6
Q1709,Schwerin,10,October,10.8,2.0,85.9
Q1709,Schwerin,11,November,5.7,1.9,88.4
Q1709,Schwerin,12,December,4.3,1.4,90.7
Q5083,Seattle,1,January,4.7,7.3,81.4
Q5083,Seattle,2,February,6.0,3.7,84.4
Q5083,Seattle,3,March,7.1,2.9,79.9
Q5083,Seattle,4,April,9.4,1.4,75.3
Q5083,Seattle,5,May,12.2,1.8,75.5
Q5083,Seattle,6,June,15.1,1.9,71.6
Q5083,Seattle,7,July,20.0,0.5,63.6
Q5083,Seattle,8,August,18.6,1.6,73.6
Q5083,Seattle,9,September,16.2,1.3,79.5
Q5083,Seattle,10,October,11.9,3.8,83.0
Q5083,Seattle,11,November,7.9,5.2,83.9
Q5083,Seattle,12,December,6.7,6.7,84.7
Q1041,Senegal,1,January,28.1,0.0,15.1
Q1041,Senegal,2,February,30.3,0.0,10.8
Q1041,Senegal,3,March,32.1,0.0,15.5
Q1041,Senegal,4,April,34.7,0.0,19.1
Q1041,Senegal,5,May,34.9,0.4,24.8
Q1041,Senegal,6,June,32.1,0.5,43.3
Q1041,Senegal,7,July,28.6,4.3,73.3
Q1041,Senegal,8,August,27.6,4.7,78.7
Q1041,Senegal,9,September,27.1,7.7,80.5
Q1041,Senegal,10,October,27.9,3.0,70.0
Q1041,Senegal,11,November,29.2,0.0,32.5
Q1041,Senegal,12,December,27.0,0.2,27.9
Q8684,Seoul,1,January,-2.3,0.6,65.5
Q8684,Seoul,2,February,1.8,2.2,76.6
Q8684,Seoul,3,March,4.7,1.6,66.0
Q8684,Seoul,4,April,13.8,1.3,65.7
Q8684,Seoul,5,May,16.6,4.1,71.7
Q8684,Seoul,6,June,22.9,3.7,66.6
Q8684,Seoul,7,July,25.3,16.8,86.8
Q8684,Seoul,8,August,27.3,5.9,83.5
Q8684,Seoul,9,September,23.5,7.0,80.3
Q8684,Seoul,10,October,14.6,2.4,77.8
Q8684,Seoul,11,November,7.5,1.4,72.1
Q8684,Seoul,12,December,-1.1,0.1,61.0
Q403,Serbia,1,January,1.6,2.1,75.1
Q403,Serbia,2,February,7.6,0.5,68.2
Q403,Serbia,3,March,9.1,1.7,68.7
Q403,Serbia,4,April,13.2,1.2,60.8
Q403,Serbia,5,May,15.7,2.8,72.0
Q403,Serbia,6,June,21.9,2.4,68.1
Q403,Serbia,7,July,24.1,1.3,58.2
Q403,Serbia,8,August,24.2,0.3,54.2
Q403,Serbia,9,September,17.4,2.7,65.9
Q403,Serbia,10,October,12.4,0.6,73.3
Q403,Serbia,11,November,4.2,2.4,78.1
Q403,Serbia,12,December,1.9,3.4,84.9
Q7525,Sevastopol,1,January,4.6,2.7,77.8
Q7525,Sevastopol,2,February,7.7,1.0,76.6
Q7525,Sevastopol,3,March,8.0,1.0,77.1
Q7525,Sevastopol,4,April,15.1,0.8,68.9
Q7525,Sevastopol,5,May,15.3,0.9,67.8
Q7525,Sevastopol,6,June,22.9,1.2,66.0
Q7525,Sevastopol,7,July,26.6,0.5,58.3
Q7525,Sevastopol,8,August,24.4,0.5,62.6
Q7525,Sevastopol,9,September,21.4,0.7,69.3
Q7525,Sevastopol,10,October,15.0,1.7,73.5
Q7525,Sevastopol,11,November,8.5,1.5,74.6
Q7525,Sevastopol,12,December,6.7,2.4,79.1
Q1042,Seychelles,1,January,28.5,3.5,76.2
Q1042,Seychelles,2,February,28.0,9.5,79.7
Q1042,Seychelles,3,March,28.0,10.2,79.2
Q1042,Seychelles,4,April,28.2,9.6,79.7
Q1042,Seychelles,5,May,28.1,6.7,79.4
Q1042,Seychelles,6,June,27.3,9.7,79.6
Q1042,Seychelles,7,July,26.1,1.0,78.0
Q1042,Seychelles,8,August,25.5,2.0,80.5
Q1042,Seychelles,9,September,25.9,1.0,80.4
Q1042,Seychelles,10,October,26.6,2.0,79.6
Q1042,Seychelles,11,November,27.4,2.7,76.2
Q1042,Seychelles,12,December,26.7,17.0,80.5
Q8686,Shanghai,1,January,5.0,1.3,77.4
Q8686,Shanghai,2,February,6.3,4.6,81.1
Q8686,Shanghai,3,March,10.9,1.4,78.0
Q8686,Shanghai,4,April,15.9,5.1,82.2
Q8686,Shanghai,5,May,19.7,3.2,76.8
Q8686,Shanghai,6,June,23.6,11.2,82.3
Q8686,Shanghai,7,July,29.6,5.9,79.0
Q8686,Shanghai,8,August,31.0,2.1,71.3
Q8686,Shanghai,9,September,27.3,6.6,78.8
Q8686,Shanghai,10,October,19.9,4.9,79.7
Q8686,Shanghai,11,November,14.5,4.6,75.1
Q8686,Shanghai,12,December,6.9,0.6,68.2
Q42448,Sheffield,1,January,4.6,2.1,83.0
Q42448,Sheffield,2,February,7.2,3.7,85.7
Q42448,Sheffield,3,March,7.2,2.8,83.5
Q42448,Sheffield,4,April,8.8,2.9,76.5
Q42448,Sheffield,5,May,13.4,2.7,80.8
Q42448,Sheffield,6,June,13.9,1.1,73.1
Q42448,Sheffield,7,July,15.9,2.5,74.7
Q42448,Sheffield,8,August,16.6,1.0,72.4
Q42448,Sheffield,9,September,13.2,3.9,81.9
Q42448,Sheffield,10,October,10.8,2.2,84.4
Q42448,Sheffield,11,November,6.9,1.6,87.0
Q42448,Sheffield,12,December,7.1,2.6,86.1
Q15174,Shenzhen,1,January,16.3,0.4,68.8
Q15174,Shenzhen,2,February,18.1,0.4,76.2
Q15174,Shenzhen,3,March,19.6,2.6,80.5
Q15174,Shenzhen,4,April,24.7,17.5,87.6
Q15174,Shenzhen,5,May,24.6,13.4,86.2
Q15174,Shenzhen,6,June,27.1,9.3,87.8
Q15174,Shenzhen,7,July,28.3,7.0,84.2
Q15174,Shenzhen,8,August,27.9,12.2,87.5
Q15174,Shenzhen,9,September,27.0,11.1,87.0
Q15174,Shenzhen,10,October,25.4,0.2,66.3
Q15174,Shenzhen,11,November,21.1,5.7,71.3
Q15174,Shenzhen,12,December,15.9,0.0,61.0
Q2751,Siena,1,January,6.5,1.8,82.1
Q2751,Siena,2,February,8.9,3.9,81.6
Q2751,Siena,3,March,10.6,3.6,81.0
Q2751,Siena,4,April,12.8,2.5,73.6
Q2751,Siena,5,May,16.1,4.0,76.4
Q2751,Siena,6,June,20.6,1.0,67.5
Q2751,Siena,7,July,26.5,0.1,53.7
Q2751,Siena,8,August,26.5,1.1,59.3
Q2751,Siena,9,September,19.0,5.3,74.5
Q2751,Siena,10,October,16.1,6.0,85.7
Q2751,Siena,11,November,9.6,0.6,79.4
Q2751,Siena,12,December,5.3,1.8,78.4
Q1044,Sierra Leone,1,January,28.3,0.1,69.0
Q1044,Sierra Leone,2,February,29.5,0.4,65.3
Q1044,Sierra Leone,3,March,29.8,0.3,64.7
Q1044,Sierra Leone,4,April,29.5,1.3,68.6
Q1044,Sierra Leone,5,May,27.9,6.1,82.1
Q1044,Sierra Leone,6,June,25.9,10.5,87.5
Q1044,Sierra Leone,7,July,24.4,19.2,91.5
Q1044,Sierra Leone,8,August,24.5,23.9,91.2
Q1044,Sierra Leone,9,September,24.5,21.4,91.8
Q1044,Sierra Leone,10,October,25.2,11.7,89.5
Q1044,Sierra Leone,11,November,26.3,1.2,83.1
Q1044,Sierra Leone,12,December,26.1,0.0,67.4
Q19566,Simferopol,1,January,2.1,3.1,84.2
Q19566,Simferopol,2,February,6.0,1.4,77.9
Q19566,Simferopol,3,March,6.9,1.1,76.4
Q19566,Simferopol,4,April,15.2,1.1,63.6
Q19566,Simferopol,5,May,14.4,1.8,65.7
Q19566,Simferopol,6,June,22.3,0.6,63.4
Q19566,Simferopol,7,July,25.5,0.5,56.4
Q19566,Simferopol,8,August,23.7,1.0,57.5
Q19566,Simferopol,9,September,20.2,0.4,67.2
Q19566,Simferopol,10,October,12.8,1.2,77.3
Q19566,Simferopol,11,November,6.0,1.2,78.4
Q19566,Simferopol,12,December,4.3,1.7,84.2
Q334,Singapore,1,January,25.8,16.5,89.2
Q334,Singapore,2,February,27.0,4.9,82.9
Q334,Singapore,3,March,27.8,5.1,79.7
Q334,Singapore,4,April,27.6,7.9,86.9
Q334,Singapore,5,May,27.9,11.5,85.7
Q334,Singapore,6,June,27.4,9.1,85.0
Q334,Singapore,7,July,28.0,3.4,79.8
Q334,Singapore,8,August,27.2,5.7,82.2
Q334,Singapore,9,September,27.4,6.5,83.1
Q334,Singapore,10,October,27.1,6.9,85.5
Q334,Singapore,11,November,26.2,15.3,88.7
Q334,Singapore,12,December,26.8,7.8,83.4
Q26273,Sint Maarten,1,January,25.9,0.8,75.2
Q26273,Sint Maarten,2,February,25.4,4.5,75.6
Q26273,Sint Maarten,3,March,25.9,0.8,73.5
Q26273,Sint Maarten,4,April,26.2,1.9,77.1
Q26273,Sint Maarten,5,May,27.5,3.3,78.9
Q26273,Sint Maarten,6,June,28.2,2.2,77.5
Q26273,Sint Maarten,7,July,28.2,3.2,77.7
Q26273,Sint Maarten,8,August,28.3,4.1,77.6
Q26273,Sint Maarten,9,September,28.4,3.9,77.4
Q26273,Sint Maarten,10,October,28.8,2.3,73.2
Q26273,Sint Maarten,11,November,27.3,7.4,78.7
Q26273,Sint Maarten,12,December,26.6,2.0,73.3
Q384,Skopje,1,January,1.9,0.9,74.9
Q384,Skopje,2,February,7.1,0.4,69.7
Q384,Skopje,3,March,10.1,1.8,69.5
Q384,Skopje,4,April,15.3,1.2,56.5
Q384,Skopje,5,May,17.6,3.2,66.8
Q384,Skopje,6,June,25.8,0.8,51.3
Q384,Skopje,7,July,27.8,0.4,42.4
Q384,Skopje,8,August,27.0,0.2,43.5
Q384,Skopje,9,September,20.2,1.6,59.7
Q384,Skopje,10,October,14.4,1.0,70.4
Q384,Skopje,11,November,5.8,2.4,72.8
Q384,Skopje,12,December,3.5,2.8,83.4
Q214,Slovakia,1,January,-1.5,1.7,75.4
Q214,Slovakia,2,February,3.6,2.9,87.6
Q214,Slovakia,3,March,4.6,2.0,80.5
Q214,Slovakia,4,April,8.6,2.9,76.0
Q214,Slovakia,5,May,12.5,3.7,76.1
Q214,Slovakia,6,June,16.4,5.5,81.7
Q214,Slovakia,7,July,18.9,2.3,75.5
Q214,Slovakia,8,August,19.4,1.3,72.6
Q214,Slovakia,9,September,14.0,4.7,74.7
Q214,Slovakia,10,October,7.0,1.9,85.6
Q214,Slovakia,11,November,0.3,1.0,82.5
Q214,Slovakia,12,December,-0.5,0.9,83.0
Q215,Slovenia,1,January,1.5,2.7,75.7
Q215,Slovenia,2,February,6.9,1.3,76.4
Q215,Slovenia,3,March,8.4,3.6,75.3
Q215,Slovenia,4,April,11.1,2.9,70.8
Q215,Slovenia,5,May,14.7,6.2,76.1
Q215,Slovenia,6,June,19.3,3.2,73.9
Q215,Slovenia,7,July,22.4,2.6,69.4
Q215,Slovenia,8,August,23.1,1.7,69.7
Q215,Slovenia,9,September,16.1,6.0,75.6
Q215,Slovenia,10,October,12.4,4.3,84.6
Q215,Slovenia,11,November,4.5,2.3,85.0
Q215,Slovenia,12,December,1.7,1.5,77.5
Q2337,Smolensk,1,January,-9.0,1.3,87.0
Q2337,Smolensk,2,February,-2.5,2.1,89.1
Q2337,Smolensk,3,March,0.7,0.6,81.6
Q2337,Smolensk,4,April,9.1,3.0,75.0
Q2337,Smolensk,5,May,12.7,1.0,65.2
Q2337,Smolensk,6,June,18.4,4.1,76.3
Q2337,Smolensk,7,July,20.9,2.2,71.6
Q2337,Smolensk,8,August,19.1,1.8,75.3
Q2337,Smolensk,9,September,16.6,1.0,66.1
Q2337,Smolensk,10,October,7.9,2.3,84.4
Q2337,Smolensk,11,November,1.5,2.5,88.0
Q2337,Smolensk,12,December,-1.6,1.4,92.3
Q472,Sofia,1,January,0.7,1.3,73.1
Q472,Sofia,2,February,6.3,0.6,70.4
Q472,Sofia,3,March,8.2,1.8,71.5
Q472,Sofia,4,April,13.8,2.0,57.9
Q472,Sofia,5,May,14.8,2.4,72.8
Q472,Sofia,6,June,23.1,1.1,60.0
Q472,Sofia,7,July,25.4,0.2,46.9
Q472,Sofia,8,August,24.4,0.3,49.7
Q472,Sofia,9,September,17.9,0.9,63.2
Q472,Sofia,10,October,12.5,0.9,65.7
Q472,Sofia,11,November,4.0,1.9,74.8
Q472,Sofia,12,December,2.3,2.9,82.2
Q685,Solomon Islands,1,January,25.0,23.3,93.9
Q685,Solomon Islands,2,February,25.0,12.9,93.0
Q685,Solomon Islands,3,March,25.3,13.2,92.2
Q685,Solomon Islands,4,April,25.1,9.5,91.2
Q685,Solomon Islands,5,May,24.8,9.3,92.8
Q685,Solomon Islands,6,June,24.4,6.8,91.0
Q685,Solomon Islands,7,July,24.2,4.7,90.9
Q685,Solomon Islands,8,August,23.9,6.5,91.0
Q685,Solomon Islands,9,September,24.2,8.3,89.5
Q685,Solomon Islands,10,October,24.5,6.9,88.9
Q685,Solomon Islands,11,November,24.8,11.0,90.0
Q685,Solomon Islands,12,December,25.1,12.4,91.4
Q1045,Somalia,1,January,27.1,0.0,55.7
Q1045,Somalia,2,February,28.1,0.0,57.5
Q1045,Somalia,3,March,29.7,0.0,56.1
Q1045,Somalia,4,April,29.4,1.9,65.7
Q1045,Somalia,5,May,29.7,1.7,62.3
Q1045,Somalia,6,June,30.1,0.1,48.3
Q1045,Somalia,7,July,29.0,0.1,51.1
Q1045,Somalia,8,August,28.9,0.1,51.3
Q1045,Somalia,9,September,29.6,0.1,51.5
Q1045,Somalia,10,October,29.3,0.2,57.4
Q1045,Somalia,11,November,27.9,0.5,61.0
Q1045,Somalia,12,December,26.7,0.0,51.7
Q34754,Somaliland,1,January,20.8,0.0,62.9
Q34754,Somaliland,2,February,22.7,0.0,65.0
Q34754,Somaliland,3,March,25.0,0.7,58.0
Q34754,Somaliland,4,April,25.7,2.0,64.5
Q34754,Somaliland,5,May,27.3,1.1,56.6
Q34754,Somaliland,6,June,27.9,0.0,41.2
Q34754,Somaliland,7,July,27.5,0.2,44.5
Q34754,Somaliland,8,August,26.7,0.7,47.0
Q34754,Somaliland,9,September,27.8,0.1,42.8
Q34754,Somaliland,10,October,25.5,0.9,55.8
Q34754,Somaliland,11,November,22.3,0.2,62.5
Q34754,Somaliland,12,December,19.5,0.0,57.4
Q258,South Africa,1,January,26.1,0.8,43.6
Q258,South Africa,2,February,26.8,0.5,29.3
Q258,South Africa,3,March,25.6,0.5,33.0
Q258,South Africa,4,April,18.2,3.7,64.8
Q258,South Africa,5,May,16.7,0.0,53.1
Q258,South Africa,6,June,10.7,1.5,62.7
Q258,South Africa,7,July,8.7,0.1,49.2
Q258,South Africa,8,August,13.9,0.1,36.9
Q258,South Africa,9,September,16.9,1.2,36.2
Q258,South Africa,10,October,21.4,0.0,28.4
Q258,South Africa,11,November,25.2,1.0,28.6
Q258,South Africa,12,December,28.7,1.5,25.3
Q884,South Korea,1,January,-0.3,1.3,69.5
Q884,South Korea,2,February,2.5,4.3,81.8
Q884,South Korea,3,March,5.5,2.4,66.6
Q884,South Korea,4,April,14.0,3.4,70.9
Q884,South Korea,5,May,17.0,3.2,67.8
Q884,South Korea,6,June,22.5,3.1,66.2
Q884,South Korea,7,July,25.9,6.8,83.0
Q884,South Korea,8,August,27.1,2.0,78.9
Q884,South Korea,9,September,23.8,8.2,82.2
Q884,South Korea,10,October,15.0,3.1,81.5
Q884,South Korea,11,November,8.3,2.3,74.7
Q884,South Korea,12,December,0.4,0.1,64.9
Q23427,South Ossetia,1,January,-0.5,2.8,74.6
Q23427,South Ossetia,2,February,1.3,3.7,75.1
Q23427,South Ossetia,3,March,3.6,2.7,75.1
Q23427,South Ossetia,4,April,12.5,0.4,67.0
Q23427,South Ossetia,5,May,12.5,6.5,75.7
Q23427,South Ossetia,6,June,18.7,3.4,75.7
Q23427,South Ossetia,7,July,21.7,2.6,67.1
Q23427,South Ossetia,8,August,21.3,3.1,66.6
Q23427,South Ossetia,9,September,17.9,2.2,62.0
Q23427,South Ossetia,10,October,9.3,3.2,76.9
Q23427,South Ossetia,11,November,2.9,3.8,77.3
Q23427,South Ossetia,12,December,-1.5,3.2,75.7
Q958,South Sudan,1,January,29.9,0.0,17.2
Q958,South Sudan,2,February,32.3,0.0,19.2
Q958,South Sudan,3,March,34.5,0.0,25.3
Q958,South Sudan,4,April,32.3,0.9,41.6
Q958,South Sudan,5,May,31.6,1.9,49.1
Q958,South Sudan,6,June,28.8,1.0,60.9
Q958,South Sudan,7,July,26.6,4.4,74.0
Q958,South Sudan,8,August,25.4,5.3,79.0
Q958,South Sudan,9,September,27.4,2.0,69.5
Q958,South Sudan,10,October,27.3,1.9,68.4
Q958,South Sudan,11,November,29.2,0.4,46.0
Q958,South Sudan,12,December,31.5,0.0,22.2
Q29,Spain,1,January,7.6,2.5,83.3
Q29,Spain,2,February,9.1,1.6,74.9
Q29,Spain,3,March,10.7,4.0,72.1
Q29,Spain,4,April,14.3,0.6,55.1
Q29,Spain,5,May,17.9,0.3,48.0
Q29,Spain,6,June,22.4,1.5,48.9
Q29,Spain,7,July,27.9,0.0,32.5
Q29,Spain,8,August,28.7,0.7,34.0
Q29,Spain,9,September,20.3,0.4,50.3
Q29,Spain,10,October,15.9,4.1,73.5
Q29,Spain,11,November,11.8,1.0,79.5
Q29,Spain,12,December,5.6,0.1,78.5
Q28515,Springfield,1,January,-2.6,3.6,74.7
Q28515,Springfield,2,February,4.6,0.3,67.4
Q28515,Springfield,3,March,8.7,2.5,63.9
Q28515,Springfield,4,April,13.3,4.5,64.2
Q28515,Springfield,5,May,19.5,3.4,70.5
Q28515,Springfield,6,June,24.0,2.2,66.7
Q28515,Springfield,7,July,23.6,3.6,76.6
Q28515,Springfield,8,August,23.5,1.2,72.6
Q28515,Springfield,9,September,20.4,2.2,69.3
Q28515,Springfield,10,October,15.0,0.5,60.3
Q28515,Springfield,11,November,8.6,4.7,74.9
Q28515,Springfield,12,December,2.1,2.0,73.6
Q854,Sri Lanka,1,January,20.6,8.1,92.0
Q854,Sri Lanka,2,February,21.3,3.7,86.2
Q854,Sri Lanka,3,March,22.4,2.6,76.8
Q854,Sri Lanka,4,April,23.6,3.7,80.4
Q854,Sri Lanka,5,May,24.5,6.6,81.6
Q854,Sri Lanka,6,June,24.3,2.5,78.4
Q854,Sri Lanka,7,July,24.6,3.4,70.5
Q854,Sri Lanka,8,August,23.6,6.2,79.3
Q854,Sri Lanka,9,September,24.4,5.3,71.3
Q854,Sri Lanka,10,October,22.5,6.4,85.6
Q854,Sri Lanka,11,November,21.3,18.9,91.0
Q854,Sri Lanka,12,December,20.9,5.9,87.8
Q41547,St. George's,1,January,26.6,2.7,75.5
Q41547,St. George's,2,February,27.1,0.8,72.5
Q41547,St. George's,3,March,27.2,1.3,72.8
Q41547,St. George's,4,April,28.0,0.9,70.7
Q41547,St. George's,5,May,28.7,1.5,73.3
Q41547,St. George's,6,June,27.9,3.9,78.4
Q41547,St. George's,7,July,27.6,5.7,81.2
Q41547,St. George's,8,August,27.8,4.2,80.2
Q41547,St. George's,9,September,28.6,1.7,76.7
Q41547,St. George's,10,October,28.7,1.8,74.7
Q41547,St. George's,11,November,27.8,3.2,79.1
Q41547,St. George's,12,December,26.7,2.0,76.3
Q36262,St. John's,1,January,26.1,1.5,70.4
Q36262,St. John's,2,February,25.7,4.2,74.2
Q36262,St. John's,3,March,26.4,1.7,69.4
Q36262,St. John's,4,April,27.0,2.0,71.6
Q36262,St. John's,5,May,28.4,2.3,72.3
Q36262,St. John's,6,June,28.8,2.4,71.4
Q36262,St. John's,7,July,28.7,2.9,72.3
Q36262,St. John's,8,August,28.5,4.4,74.1
Q36262,St. John's,9,September,28.4,3.0,75.9
Q36262,St. John's,10,October,28.9,1.6,70.3
Q36262,St. John's,11,November,27.3,4.3,78.2
Q36262,St. John's,12,December,26.9,1.0,68.0
Q38022,St. Louis,1,January,-1.4,4.2,71.4
Q38022,St. Louis,2,February,6.3,0.5,66.6
Q38022,St. Louis,3,March,10.3,3.0,63.4
Q38022,St. Louis,4,April,15.0,4.2,62.7
Q38022,St. Louis,5,May,20.5,4.6,72.3
Q38022,St. Louis,6,June,25.1,2.4,65.6
Q38022,St. Louis,7,July,25.0,5.7,73.5
Q38022,St. Louis,8,August,24.7,1.7,69.5
Q38022,St. Louis,9,September,21.7,4.1,68.6
Q38022,St. Louis,10,October,16.2,0.3,60.0
Q38022,St. Louis,11,November,9.7,5.5,76.1
Q38022,St. Louis,12,December,3.9,2.7,76.4
Q1754,Stockholm,1,January,-3.8,1.5,86.7
Q1754,Stockholm,2,February,-0.2,2.0,86.3
Q1754,Stockholm,3,March,2.1,0.9,85.1
Q1754,Stockholm,4,April,4.3,2.1,78.2
Q1754,Stockholm,5,May,13.2,0.8,66.1
Q1754,Stockholm,6,June,16.5,2.3,67.8
Q1754,Stockholm,7,July,17.8,3.3,76.2
Q1754,Stockholm,8,August,17.7,1.2,73.5
Q1754,Stockholm,9,September,13.9,2.5,81.2
Q1754,Stockholm,10,October,9.1,2.4,85.0
Q1754,Stockholm,11,November,3.3,0.8,85.4
Q1754,Stockholm,12,December,1.2,1.4,88.5
Q6602,Strasbourg,1,January,2.4,2.3,81.4
Q6602,Strasbourg,2,February,7.7,3.0,82.6
Q6602,Strasbourg,3,March,8.7,3.5,81.6
Q6602,Strasbourg,4,April,10.7,4.0,75.3
Q6602,Strasbourg,5,May,15.2,5.6,78.4
Q6602,Strasbourg,6,June,18.1,3.8,76.2
Q6602,Strasbourg,7,July,20.2,3.1,76.5
Q6602,Strasbourg,8,August,21.5,1.7,73.9
Q6602,Strasbourg,9,September,16.2,2.7,78.4
Q6602,Strasbourg,10,October,12.5,3.5,88.1
Q6602,Strasbourg,11,November,6.1,2.9,87.1
Q6602,Strasbourg,12,December,2.9,2.4,87.2
Q1022,Stuttgart,1,January,2.6,2.1,77.2
Q1022,Stuttgart,2,February,8.0,2.6,79.6
Q1022,Stuttgart,3,March,8.9,2.3,76.7
Q1022,Stuttgart,4,April,10.9,2.5,70.3
Q1022,Stuttgart,5,May,15.0,5.6,76.0
Q1022,Stuttgart,6,June,18.2,3.9,75.5
Q1022,Stuttgart,7,July,20.3,2.7,73.7
Q1022,Stuttgart,8,August,21.6,1.8,71.2
Q1022,Stuttgart,9,September,16.1,3.7,77.2
Q1022,Stuttgart,10,October,12.7,2.5,85.1
Q1022,Stuttgart,11,November,6.4,2.0,84.0
Q1022,Stuttgart,12,December,3.1,1.8,83.7
Q2907,Sucre,1,January,16.5,3.1,70.4
Q2907,Sucre,2,February,14.7,6.9,80.6
Q2907,Sucre,3,March,15.3,3.5,77.6
Q2907,Sucre,4,April,16.2,0.7,69.3
Q2907,Sucre,5,May,15.5,0.1,53.0
Q2907,Sucre,6,June,14.8,0.0,38.5
Q2907,Sucre,7,July,11.4,0.2,57.3
Q2907,Sucre,8,August,13.3,0.0,47.9
Q2907,Sucre,9,September,15.9,0.3,52.2
Q2907,Sucre,10,October,16.4,1.6,60.1
Q2907,Sucre,11,November,15.9,3.7,67.6
Q2907,Sucre,12,December,15.2,3.1,73.1
Q1049,Sudan,1,January,21.8,0.0,25.7
Q1049,Sudan,2,February,23.9,0.0,16.9
Q1049,Sudan,3,March,29.5,0.0,11.3
Q1049,Sudan,4,April,31.7,0.0,10.3
Q1049,Sudan,5,May,34.2,0.0,14.3
Q1049,Sudan,6,June,34.5,0.1,28.8
Q1049,Sudan,7,July,31.7,0.6,45.1
Q1049,Sudan,8,August,26.9,3.0,73.1
Q1049,Sudan,9,September,32.0,0.4,41.6
Q1049,Sudan,10,October,32.3,0.0,26.1
Q1049,Sudan,11,November,26.6,0.0,25.7
Q1049,Sudan,12,December,23.9,0.0,28.6
Q40811,Sukhumi,1,January,5.2,8.3,76.8
Q40811,Sukhumi,2,February,7.5,4.8,77.6
Q40811,Sukhumi,3,March,8.4,5.5,78.5
Q40811,Sukhumi,4,April,15.1,0.7,78.4
Q40811,Sukhumi,5,May,15.7,5.9,83.5
Q40811,Sukhumi,6,June,21.9,4.2,82.2
Q40811,Sukhumi,7,July,24.7,2.2,78.0
Q40811,Sukhumi,8,August,24.4,2.6,72.8
Q40811,Sukhumi,9,September,22.0,6.8,74.7
Q40811,Sukhumi,10,October,14.3,6.7,77.9
Q40811,Sukhumi,11,November,9.0,4.8,73.5
Q40811,Sukhumi,12,December,6.1,6.4,72.7
Q3492,Sumatra,1,January,25.7,15.6,90.4
Q3492,Sumatra,2,February,26.1,11.3,89.3
Q3492,Sumatra,3,March,26.8,10.4,87.8
Q3492,Sumatra,4,April,26.9,14.8,91.1
Q3492,Sumatra,5,May,27.1,11.8,90.3
Q3492,Sumatra,6,June,26.4,9.0,89.3
Q3492,Sumatra,7,July,27.2,5.1,81.0
Q3492,Sumatra,8,August,26.4,7.1,86.2
Q3492,Sumatra,9,September,26.8,6.8,84.7
Q3492,Sumatra,10,October,27.2,6.8,82.2
Q3492,Sumatra,11,November,25.9,14.2,91.6
Q3492,Sumatra,12,December,26.4,7.5,87.4
Q11462,Surabaya,1,January,27.2,11.9,83.9
Q11462,Surabaya,2,February,26.9,12.9,87.3
Q11462,Surabaya,3,March,27.3,9.4,84.8
Q11462,Surabaya,4,April,27.8,7.7,84.2
Q11462,Surabaya,5,May,28.9,0.3,72.7
Q11462,Surabaya,6,June,28.4,1.3,72.4
Q11462,Surabaya,7,July,27.8,0.2,67.1
Q11462,Surabaya,8,August,28.1,0.1,64.0
Q11462,Surabaya,9,September,29.2,0.8,64.0
Q11462,Surabaya,10,October,30.0,1.2,63.3
Q11462,Surabaya,11,November,28.2,10.3,79.6
Q11462,Surabaya,12,December,26.9,16.0,86.2
Q730,Suriname,1,January,25.7,5.2,80.4
Q730,Suriname,2,February,26.4,2.0,74.8
Q730,Suriname,3,March,26.9,2.2,76.6
Q730,Suriname,4,April,26.3,8.3,82.7
Q730,Suriname,5,May,25.8,15.6,88.8
Q730,Suriname,6,June,25.8,11.8,86.2
Q730,Suriname,7,July,25.7,7.8,85.5
Q730,Suriname,8,August,26.3,2.5,81.0
Q730,Suriname,9,September,27.6,0.7,71.6
Q730,Suriname,10,October,27.6,0.8,72.2
Q730,Suriname,11,November,27.2,2.2,75.4
Q730,Suriname,12,December,25.0,8.0,87.6
Q38807,Suva,1,January,25.8,13.3,88.8
Q38807,Suva,2,February,26.2,14.4,88.7
Q38807,Suva,3,March,25.6,18.6,91.7
Q38807,Suva,4,April,26.3,3.9,84.8
Q38807,Suva,5,May,24.7,12.8,86.1
Q38807,Suva,6,June,23.7,1.9,80.6
Q38807,Suva,7,July,23.5,1.7,78.6
Q38807,Suva,8,August,22.6,3.2,77.1
Q38807,Suva,9,September,23.0,3.5,79.6
Q38807,Suva,10,October,24.2,6.0,84.3
Q38807,Suva,11,November,24.6,9.4,86.8
Q38807,Suva,12,December,25.6,11.7,86.5
Q34,Sweden,1,January,-7.1,1.4,86.8
Q34,Sweden,2,February,-4.6,1.5,87.4
Q34,Sweden,3,March,-0.8,2.3,85.7
Q34,Sweden,4,April,1.8,2.1,75.2
Q34,Sweden,5,May,13.3,0.9,59.1
Q34,Sweden,6,June,14.4,2.5,67.2
Q34,Sweden,7,July,15.4,6.0,77.5
Q34,Sweden,8,August,15.0,3.0,77.2
Q34,Sweden,9,September,11.3,2.1,82.4
Q34,Sweden,10,October,5.6,1.8,89.6
Q34,Sweden,11,November,-0.8,0.8,86.9
Q34,Sweden,12,December,-3.8,1.6,91.0
Q39,Switzerland,1,January,-3.4,5.2,75.0
Q39,Switzerland,2,February,-0.5,2.7,76.0
Q39,Switzerland,3,March,-0.1,8.3,78.7
Q39,Switzerland,4,April,1.0,8.4,75.6
Q39,Switzerland,5,May,5.6,7.4,80.8
Q39,Switzerland,6,June,10.4,6.2,82.1
Q39,Switzerland,7,July,13.7,6.3,81.9
Q39,Switzerland,8,August,14.4,3.3,80.5
Q39,Switzerland,9,September,6.5,6.7,84.3
Q39,Switzerland,10,October,4.7,4.7,82.2
Q39,Switzerland,11,November,-0.1,4.0,68.0
Q39,Switzerland,12,December,-3.7,5.2,66.0
Q3130,Sydney,1,January,23.1,3.8,76.4
Q3130,Sydney,2,February,22.8,2.8,79.2
Q3130,Sydney,3,March,21.2,1.9,78.5
Q3130,Sydney,4,April,17.6,5.3,79.2
Q3130,Sydney,5,May,14.6,5.2,82.6
Q3130,Sydney,6,June,11.5,4.7,77.9
Q3130,Sydney,7,July,11.8,1.2,72.9
Q3130,Sydney,8,August,14.4,1.2,73.7
Q3130,Sydney,9,September,16.3,2.0,57.9
Q3130,Sydney,10,October,17.0,1.3,72.0
Q3130,Sydney,11,November,21.1,4.0,75.3
Q3130,Sydney,12,December,22.7,1.7,73.2
Q858,Syria,1,January,9.6,1.4,77.2
Q858,Syria,2,February,9.9,0.8,71.2
Q858,Syria,3,March,13.3,0.8,56.2
Q858,Syria,4,April,21.5,0.4,40.7
Q858,Syria,5,May,23.1,0.1,39.7
Q858,Syria,6,June,31.7,0.0,23.4
Q858,Syria,7,July,31.2,0.0,35.3
Q858,Syria,8,August,30.6,0.0,37.4
Q858,Syria,9,September,26.6,0.1,44.8
Q858,Syria,10,October,20.2,0.0,36.6
Q858,Syria,11,November,13.6,0.2,63.5
Q858,Syria,12,December,8.9,0.5,63.5
Q393,Szczecin,1,January,1.2,1.6,83.5
Q393,Szczecin,2,February,5.8,2.3,86.2
Q393,Szczecin,3,March,7.4,0.8,79.6
Q393,Szczecin,4,April,10.4,1.6,74.0
Q393,Szczecin,5,May,16.5,2.3,68.3
Q393,Szczecin,6,June,17.5,2.5,72.4
Q393,Szczecin,7,July,19.3,3.5,73.5
Q393,Szczecin,8,August,20.0,2.1,69.8
Q393,Szczecin,9,September,17.2,1.5,70.2
Q393,Szczecin,10,October,11.3,1.3,82.8
Q393,Szczecin,11,November,5.3,1.6,85.8
Q393,Szczecin,12,December,4.0,1.2,90.1
Q1867,Taipei,1,January,15.5,1.3,77.3
Q1867,Taipei,2,February,17.1,1.5,79.1
Q1867,Taipei,3,March,18.2,2.8,77.6
Q1867,Taipei,4,April,24.0,4.9,82.1
Q1867,Taipei,5,May,24.2,6.6,80.9
Q1867,Taipei,6,June,27.3,6.5,82.4
Q1867,Taipei,7,July,29.1,7.5,78.3
Q1867,Taipei,8,August,28.3,6.0,82.7
Q1867,Taipei,9,September,27.8,9.4,81.8
Q1867,Taipei,10,October,24.8,12.5,84.2
Q1867,Taipei,11,November,21.2,3.4,81.9
Q1867,Taipei,12,December,16.5,1.0,79.2
Q865,Taiwan,1,January,11.3,1.2,79.1
Q865,Taiwan,2,February,13.6,2.5,74.5
Q865,Taiwan,3,March,14.5,8.5,83.1
Q865,Taiwan,4,April,18.4,13.6,80.8
Q865,Taiwan,5,May,19.0,10.8,85.2
Q865,Taiwan,6,June,20.8,11.2,86.2
Q865,Taiwan,7,July,21.3,18.5,85.8
Q865,Taiwan,8,August,20.8,4.7,87.8
Q865,Taiwan,9,September,20.8,10.8,86.8
Q865,Taiwan,10,October,20.0,11.6,85.4
Q865,Taiwan,11,November,17.4,7.2,82.8
Q865,Taiwan,12,December,12.3,1.2,76.3
Q863,Tajikistan,1,January,-15.5,2.3,68.2
Q863,Tajikistan,2,February,-17.7,3.4,65.7
Q863,Tajikistan,3,March,-13.4,3.4,68.4
Q863,Tajikistan,4,April,-8.4,3.8,76.3
Q863,Tajikistan,5,May,-3.3,3.8,69.8
Q863,Tajikistan,6,June,-0.5,1.9,80.2
Q863,Tajikistan,7,July,3.8,1.9,71.9
Q863,Tajikistan,8,August,5.0,0.8,64.1
Q863,Tajikistan,9,September,1.0,0.9,52.9
Q863,Tajikistan,10,October,-5.9,2.8,70.2
Q863,Tajikistan,11,November,-12.2,3.2,74.8
Q863,Tajikistan,12,December,-19.6,1.2,64.7
Q37043,Tallahassee,1,January,10.6,3.5,75.0
Q37043,Tallahassee,2,February,13.0,2.0,72.5
Q37043,Tallahassee,3,March,17.2,5.2,73.6
Q37043,Tallahassee,4,April,19.6,3.3,68.0
Q37043,Tallahassee,5,May,24.5,5.7,74.5
Q37043,Tallahassee,6,June,27.9,1.7,66.9
Q37043,Tallahassee,7,July,27.2,7.0,83.2
Q37043,Tallahassee,8,August,27.5,2.9,74.1
Q37043,Tallahassee,9,September,25.2,10.6,80.1
Q37043,Tallahassee,10,October,20.9,0.6,67.7
Q37043,Tallahassee,11,November,19.0,3.4,76.8
Q37043,Tallahassee,12,December,12.7,2.1,74.3
Q1770,Tallinn,1,January,-6.2,1.3,85.9
Q1770,Tallinn,2,February,-1.8,1.3,86.6
Q1770,Tallinn,3,March,1.8,1.0,83.5
Q1770,Tallinn,4,April,4.5,2.0,80.5
Q1770,Tallinn,5,May,13.4,0.5,62.0
Q1770,Tallinn,6,June,16.5,3.5,72.8
Q1770,Tallinn,7,July,18.7,4.0,78.1
Q1770,Tallinn,8,August,17.7,2.8,80.5
Q1770,Tallinn,9,September,15.3,2.5,81.3
Q1770,Tallinn,10,October,8.8,1.9,83.7
Q1770,Tallinn,11,November,4.3,2.8,87.7
Q1770,Tallinn,12,December,1.2,2.5,88.8
Q49255,Tampa,1,January,15.8,3.2,77.0
Q49255,Tampa,2,February,16.1,3.6,72.6
Q49255,Tampa,3,March,20.6,3.7,76.1
Q49255,Tampa,4,April,22.6,1.6,62.1
Q49255,Tampa,5,May,27.7,1.8,65.8
Q49255,Tampa,6,June,27.9,4.3,72.8
Q49255,Tampa,7,July,28.2,4.6,77.8
Q49255,Tampa,8,August,27.8,8.5,78.9
Q49255,Tampa,9,September,26.8,5.1,82.8
Q49255,Tampa,10,October,23.5,11.3,76.3
Q49255,Tampa,11,November,21.5,1.1,73.5
Q49255,Tampa,12,December,16.9,0.6,76.9
Q40840,Tampere,1,January,-8.5,1.2,87.1
Q40840,Tampere,2,February,-4.6,2.2,88.0
Q40840,Tampere,3,March,-0.6,1.5,87.7
Q40840,Tampere,4,April,2.5,1.8,78.7
Q40840,Tampere,5,May,13.7,0.6,60.5
Q40840,Tampere,6,June,16.9,1.9,68.4
Q40840,Tampere,7,July,18.2,4.8,78.4
Q40840,Tampere,8,August,17.2,2.9,80.5
Q40840,Tampere,9,September,14.1,3.6,83.3
Q40840,Tampere,10,October,7.4,1.6,87.0
Q40840,Tampere,11,November,2.1,2.8,91.7
Q40840,Tampere,12,December,-1.2,2.3,91.4
Q126148,Tangier,1,January,14.2,2.8,77.5
Q126148,Tangier,2,February,14.8,3.7,79.4
Q126148,Tangier,3,March,14.8,9.2,80.1
Q126148,Tangier,4,April,16.7,0.7,73.8
Q126148,Tangier,5,May,18.3,0.6,73.4
Q126148,Tangier,6,June,21.1,0.3,71.3
Q126148,Tangier,7,July,24.1,0.0,71.0
Q126148,Tangier,8,August,25.2,0.1,73.9
Q126148,Tangier,9,September,21.7,1.1,78.3
Q126148,Tangier,10,October,19.3,3.5,82.2
Q126148,Tangier,11,November,17.3,0.9,84.7
Q126148,Tangier,12,December,13.9,0.7,78.7
Q924,Tanzania,1,January,21.4,8.1,84.1
Q924,Tanzania,2,February,22.5,4.1,80.0
Q924,Tanzania,3,March,23.0,4.8,75.7
Q924,Tanzania,4,April,21.9,4.9,78.8
Q924,Tanzania,5,May,23.1,0.2,57.0
Q924,Tanzania,6,June,21.9,0.0,48.4
Q924,Tanzania,7,July,21.8,0.0,47.4
Q924,Tanzania,8,August,22.1,0.0,47.1
Q924,Tanzania,9,September,23.9,0.0,45.8
Q924,Tanzania,10,October,25.0,0.5,49.9
Q924,Tanzania,11,November,25.5,3.3,53.0
Q924,Tanzania,12,December,22.5,5.0,73.4
Q13498,Taranto,1,January,11.0,1.0,73.6
Q13498,Taranto,2,February,12.3,2.2,75.4
Q13498,Taranto,3,March,13.6,1.5,74.5
Q13498,Taranto,4,April,16.8,1.1,65.7
Q13498,Taranto,5,May,20.2,1.4,68.5
Q13498,Taranto,6,June,26.7,0.2,54.7
Q13498,Taranto,7,July,30.3,0.2,47.6
Q13498,Taranto,8,August,29.2,1.1,55.0
Q13498,Taranto,9,September,23.3,1.5,68.3
Q13498,Taranto,10,October,20.1,2.6,75.1
Q13498,Taranto,11,November,14.1,1.4,73.5
Q13498,Taranto,12,December,11.1,2.8,76.7
Q13972,Tartu,1,January,-7.3,1.5,86.2
Q13972,Tartu,2,February,-1.7,1.3,86.2
Q13972,Tartu,3,March,2.2,0.6,80.4
Q13972,Tartu,4,April,6.4,2.2,78.3
Q13972,Tartu,5,May,14.1,0.5,60.4
Q13972,Tartu,6,June,17.5,1.9,69.1
Q13972,Tartu,7,July,19.3,5.1,75.4
Q13972,Tartu,8,August,17.6,2.3,79.2
Q13972,Tartu,9,September,15.9,1.3,77.5
Q13972,Tartu,10,October,8.0,1.1,82.9
Q13972,Tartu,11,November,3.6,2.5,88.8
Q13972,Tartu,12,December,0.5,1.6,89.7
Q269,Tashkent,1,January,4.0,2.2,79.4
Q269,Tashkent,2,February,2.6,2.3,73.1
Q269,Tashkent,3,March,7.8,4.9,70.3
Q269,Tashkent,4,April,14.7,2.3,68.8
Q269,Tashkent,5,May,19.3,3.8,63.5
Q269,Tashkent,6,June,27.0,0.1,40.1
Q269,Tashkent,7,July,28.9,0.3,32.7
Q269,Tashkent,8,August,28.5,0.0,29.5
Q269,Tashkent,9,September,20.8,0.6,40.4
Q269,Tashkent,10,October,14.4,1.6,61.6
Q269,Tashkent,11,November,8.4,3.8,71.8
Q269,Tashkent,12,December,-0.9,1.2,70.8
Q994,Tbilisi,1,January,3.4,1.0,75.5
Q994,Tbilisi,2,February,4.8,1.0,75.3
Q994,Tbilisi,3,March,7.4,2.5,72.5
Q994,Tbilisi,4,April,16.9,0.7,61.6
Q994,Tbilisi,5,May,16.2,4.2,72.5
Q994,Tbilisi,6,June,23.4,2.5,65.8
Q994,Tbilisi,7,July,25.5,2.6,62.7
Q994,Tbilisi,8,August,25.1,1.1,63.5
Q994,Tbilisi,9,September,20.6,1.9,66.4
Q994,Tbilisi,10,October,13.2,1.9,76.6
Q994,Tbilisi,11,November,7.6,2.4,78.8
Q994,Tbilisi,12,December,3.6,0.9,81.2
Q3238,Tegucigalpa,1,January,21.3,0.8,73.5
Q3238,Tegucigalpa,2,February,21.8,0.2,62.4
Q3238,Tegucigalpa,3,March,25.2,0.4,58.9
Q3238,Tegucigalpa,4,April,25.1,1.1,64.5
Q3238,Tegucigalpa,5,May,26.6,2.6,65.4
Q3238,Tegucigalpa,6,June,22.8,10.9,85.6
Q3238,Tegucigalpa,7,July,22.0,7.8,87.1
Q3238,Tegucigalpa,8,August,22.4,6.1,83.9
Q3238,Tegucigalpa,9,September,22.6,8.1,85.1
Q3238,Tegucigalpa,10,October,21.6,3.9,86.5
Q3238,Tegucigalpa,11,November,20.8,6.4,85.4
Q3238,Tegucigalpa,12,December,20.0,3.1,87.0
Q3616,Tehran,1,January,6.8,1.7,51.3
Q3616,Tehran,2,February,5.9,2.0,57.4
Q3616,Tehran,3,March,10.1,1.8,45.5
Q3616,Tehran,4,April,18.2,0.6,31.9
Q3616,Tehran,5,May,22.0,1.2,35.2
Q3616,Tehran,6,June,29.7,0.0,21.7
Q3616,Tehran,7,July,32.9,0.0,21.5
Q3616,Tehran,8,August,33.0,0.0,20.3
Q3616,Tehran,9,September,26.3,0.6,28.0
Q3616,Tehran,10,October,18.8,0.2,33.1
Q3616,Tehran,11,November,12.4,1.2,50.6
Q3616,Tehran,12,December,4.6,0.3,46.2
Q33935,Tel Aviv,1,January,14.4,7.6,79.2
Q33935,Tel Aviv,2,February,13.9,3.4,79.5
Q33935,Tel Aviv,3,March,16.4,1.2,70.8
Q33935,Tel Aviv,4,April,20.3,1.6,73.2
Q33935,Tel Aviv,5,May,22.2,0.2,68.5
Q33935,Tel Aviv,6,June,26.0,0.0,76.3
Q33935,Tel Aviv,7,July,28.2,0.1,74.2
Q33935,Tel Aviv,8,August,28.1,0.0,72.4
Q33935,Tel Aviv,9,September,27.0,0.1,67.4
Q33935,Tel Aviv,10,October,23.4,0.1,59.4
Q33935,Tel Aviv,11,November,18.8,1.5,72.0
Q33935,Tel Aviv,12,December,15.7,3.3,64.5
Q869,Thailand,1,January,27.9,0.2,61.6
Q869,Thailand,2,February,29.0,0.6,69.3
Q869,Thailand,3,March,29.5,2.5,73.4
Q869,Thailand,4,April,31.8,0.4,65.5
Q869,Thailand,5,May,29.9,9.5,77.2
Q869,Thailand,6,June,28.8,9.1,79.5
Q869,Thailand,7,July,27.4,14.7,85.5
Q869,Thailand,8,August,28.0,9.0,83.7
Q869,Thailand,9,September,27.4,15.5,85.3
Q869,Thailand,10,October,27.5,9.0,83.9
Q869,Thailand,11,November,27.4,1.0,73.4
Q869,Thailand,12,December,25.3,0.1,71.2
Q778,The Bahamas,1,January,23.1,0.8,75.8
Q778,The Bahamas,2,February,22.0,1.6,66.2
Q778,The Bahamas,3,March,23.8,2.5,71.4
Q778,The Bahamas,4,April,24.2,0.7,63.3
Q778,The Bahamas,5,May,26.9,2.0,74.0
Q778,The Bahamas,6,June,27.9,3.0,77.2
Q778,The Bahamas,7,July,29.2,2.2,71.7
Q778,The Bahamas,8,August,29.1,4.8,73.0
Q778,The Bahamas,9,September,28.7,2.1,76.9
Q778,The Bahamas,10,October,27.3,3.7,71.4
Q778,The Bahamas,11,November,25.3,1.0,70.5
Q778,The Bahamas,12,December,23.3,1.0,71.4
Q1005,The Gambia,1,January,27.2,0.0,24.8
Q1005,The Gambia,2,February,29.9,0.0,16.6
Q1005,The Gambia,3,March,30.9,0.0,23.2
Q1005,The Gambia,4,April,32.4,0.0,29.8
Q1005,The Gambia,5,May,32.2,0.5,39.7
Q1005,The Gambia,6,June,29.9,0.6,57.9
Q1005,The Gambia,7,July,27.5,7.6,80.3
Q1005,The Gambia,8,August,26.7,8.2,85.3
Q1005,The Gambia,9,September,26.3,8.4,86.5
Q1005,The Gambia,10,October,27.3,12.8,79.5
Q1005,The Gambia,11,November,27.3,0.0,56.5
Q1005,The Gambia,12,December,25.3,0.2,39.5
Q36600,The Hague,1,January,4.5,2.9,79.2
Q36600,The Hague,2,February,8.0,4.7,87.2
Q36600,The Hague,3,March,8.5,2.3,80.9
Q36600,The Hague,4,April,10.3,3.4,75.6
Q36600,The Hague,5,May,14.6,4.0,83.0
Q36600,The Hague,6,June,15.1,2.5,78.3
Q36600,The Hague,7,July,17.6,4.1,78.2
Q36600,The Hague,8,August,19.3,1.9,75.3
Q36600,The Hague,9,September,16.2,4.4,79.3
Q36600,The Hague,10,October,12.5,2.0,85.3
Q36600,The Hague,11,November,8.0,4.1,83.3
Q36600,The Hague,12,December,6.8,3.4,86.7
Q17151,Thessaloniki,1,January,6.3,1.8,73.9
Q17151,Thessaloniki,2,February,10.8,0.8,70.8
Q17151,Thessaloniki,3,March,12.2,2.6,76.1
Q17151,Thessaloniki,4,April,17.2,1.9,66.4
Q17151,Thessaloniki,5,May,19.2,1.5,69.6
Q17151,Thessaloniki,6,June,27.8,0.5,56.5
Q17151,Thessaloniki,7,July,29.4,0.4,51.9
Q17151,Thessaloniki,8,August,28.1,1.0,59.6
Q17151,Thessaloniki,9,September,22.3,1.6,71.6
Q17151,Thessaloniki,10,October,17.6,0.1,71.7
Q17151,Thessaloniki,11,November,10.8,2.6,74.6
Q17151,Thessaloniki,12,December,8.2,6.2,79.6
Q9270,Thimphu,1,January,3.8,4.6,75.8
Q9270,Thimphu,2,February,4.2,3.1,76.8
Q9270,Thimphu,3,March,8.8,5.9,81.4
Q9270,Thimphu,4,April,12.5,6.1,80.0
Q9270,Thimphu,5,May,14.7,9.8,82.2
Q9270,Thimphu,6,June,17.1,17.0,91.3
Q9270,Thimphu,7,July,18.3,21.0,91.9
Q9270,Thimphu,8,August,17.8,13.0,85.0
Q9270,Thimphu,9,September,17.1,13.4,86.2
Q9270,Thimphu,10,October,13.9,8.1,87.2
Q9270,Thimphu,11,November,9.9,4.3,82.4
Q9270,Thimphu,12,December,6.8,1.9,67.3
Q11736,Tianjin,1,January,-2.8,0.1,53.1
Q11736,Tianjin,2,February,-0.1,0.2,51.4
Q11736,Tianjin,3,March,8.3,0.3,43.7
Q11736,Tianjin,4,April,15.8,1.0,51.7
Q11736,Tianjin,5,May,21.5,0.8,48.3
Q11736,Tianjin,6,June,27.1,0.5,52.5
Q11736,Tianjin,7,July,27.8,6.6,74.4
Q11736,Tianjin,8,August,26.9,9.1,81.6
Q11736,Tianjin,9,September,21.2,3.3,70.8
Q11736,Tianjin,10,October,13.6,0.9,70.8
Q11736,Tianjin,11,November,8.5,0.7,65.9
Q11736,Tianjin,12,December,0.3,0.0,37.1
Q9427,Timbuktu,1,January,22.9,0.0,13.2
Q9427,Timbuktu,2,February,24.5,0.0,11.4
Q9427,Timbuktu,3,March,29.3,0.0,10.3
Q9427,Timbuktu,4,April,33.0,0.0,12.6
Q9427,Timbuktu,5,May,36.0,0.0,14.8
Q9427,Timbuktu,6,June,36.2,0.0,27.6
Q9427,Timbuktu,7,July,32.9,0.3,48.0
Q9427,Timbuktu,8,August,30.9,2.2,58.2
Q9427,Timbuktu,9,September,29.3,4.3,64.9
Q9427,Timbuktu,10,October,32.2,0.0,27.0
Q9427,Timbuktu,11,November,26.9,0.0,16.8
Q9427,Timbuktu,12,December,22.5,0.0,16.9
Q574,Timor-Leste,1,January,24.4,8.4,82.7
Q574,Timor-Leste,2,February,23.8,14.6,86.2
Q574,Timor-Leste,3,March,23.4,17.8,88.5
Q574,Timor-Leste,4,April,22.6,11.7,89.5
Q574,Timor-Leste,5,May,21.8,5.9,88.5
Q574,Timor-Leste,6,June,20.5,7.3,90.2
Q574,Timor-Leste,7,July,19.7,4.4,86.4
Q574,Timor-Leste,8,August,20.2,1.0,75.5
Q574,Timor-Leste,9,September,22.0,2.3,74.7
Q574,Timor-Leste,10,October,23.5,2.4,67.3
Q574,Timor-Leste,11,November,23.5,5.6,78.9
Q574,Timor-Leste,12,December,23.6,19.1,87.9
Q19689,Tirana,1,January,7.3,7.6,70.2
Q19689,Tirana,2,February,10.0,1.6,67.0
Q19689,Tirana,3,March,12.0,6.6,69.4
Q19689,Tirana,4,April,15.5,3.7,66.0
Q19689,Tirana,5,May,18.4,5.1,73.7
Q19689,Tirana,6,June,24.8,2.1,61.9
Q19689,Tirana,7,July,28.0,0.3,53.6
Q19689,Tirana,8,August,27.8,0.3,50.1
Q19689,Tirana,9,September,21.2,6.7,67.3
Q19689,Tirana,10,October,17.6,3.1,70.5
Q19689,Tirana,11,November,11.1,4.5,69.5
Q19689,Tirana,12,December,7.6,4.3,77.1
Q945,Togo,1,January,26.0,0.0,41.6
Q945,Togo,2,February,28.7,0.1,45.3
Q945,Togo,3,March,30.2,1.1,61.6
Q945,Togo,4,April,28.9,3.1,70.5
Q945,Togo,5,May,28.0,2.8,76.1
Q945,Togo,6,June,26.0,4.6,82.4
Q945,Togo,7,July,24.8,6.6,86.8
Q945,Togo,8,August,24.7,6.4,85.1
Q945,Togo,9,September,24.7,6.2,85.9
Q945,Togo,10,October,25.0,7.0,86.0
Q945,Togo,11,November,26.9,0.0,51.2
Q945,Togo,12,December,27.4,0.0,30.0
Q1490,Tokyo,1,January,5.4,1.2,59.7
Q1490,Tokyo,2,February,6.7,2.9,67.6
Q1490,Tokyo,3,March,8.1,6.5,66.3
Q1490,Tokyo,4,April,15.8,3.9,75.9
Q1490,Tokyo,5,May,19.0,8.0,74.5
Q1490,Tokyo,6,June,22.4,9.6,80.1
Q1490,Tokyo,7,July,28.3,3.8,78.0
Q1490,Tokyo,8,August,28.9,6.2,75.3
Q1490,Tokyo,9,September,26.0,4.8,80.0
Q1490,Tokyo,10,October,19.9,4.7,79.8
Q1490,Tokyo,11,November,12.6,4.6,74.2
Q1490,Tokyo,12,December,6.9,0.2,60.6
Q678,Tonga,1,January,26.6,9.3,80.5
Q678,Tonga,2,February,27.0,4.2,80.6
Q678,Tonga,3,March,26.9,21.9,81.9
Q678,Tonga,4,April,26.6,0.7,78.8
Q678,Tonga,5,May,25.6,6.4,78.4
Q678,Tonga,6,June,24.2,2.6,72.9
Q678,Tonga,7,July,23.2,1.2,74.4
Q678,Tonga,8,August,22.5,1.5,73.3
Q678,Tonga,9,September,22.8,2.0,75.2
Q678,Tonga,10,October,23.9,5.7,79.4
Q678,Tonga,11,November,24.4,3.1,79.8
Q678,Tonga,12,December,26.2,5.2,79.6
Q41057,Topeka,1,January,-4.1,2.0,79.0
Q41057,Topeka,2,February,6.4,1.2,63.3
Q41057,Topeka,3,March,9.8,1.6,58.5
Q41057,Topeka,4,April,15.0,4.0,55.3
Q41057,Topeka,5,May,19.4,5.8,70.0
Q41057,Topeka,6,June,25.1,4.5,68.6
Q41057,Topeka,7,July,25.8,3.7,67.6
Q41057,Topeka,8,August,25.3,2.7,67.7
Q41057,Topeka,9,September,22.1,2.1,61.5
Q41057,Topeka,10,October,17.9,0.9,48.2
Q41057,Topeka,11,November,8.8,3.3,73.1
Q41057,Topeka,12,December,2.5,0.7,73.8
Q172,Toronto,1,January,-1.9,3.5,75.9
Q172,Toronto,2,February,0.0,0.7,69.8
Q172,Toronto,3,March,3.3,2.0,70.4
Q172,Toronto,4,April,7.7,5.6,71.9
Q172,Toronto,5,May,14.9,2.6,76.7
Q172,Toronto,6,June,19.1,2.8,75.0
Q172,Toronto,7,July,21.9,2.8,74.2
Q172,Toronto,8,August,20.9,2.2,74.8
Q172,Toronto,9,September,18.4,2.5,78.0
Q172,Toronto,10,October,12.0,2.2,71.7
Q172,Toronto,11,November,7.0,1.4,74.8
Q172,Toronto,12,December,-0.3,2.8,78.9
Q7880,Toulouse,1,January,6.8,1.9,86.5
Q7880,Toulouse,2,February,8.5,3.2,83.1
Q7880,Toulouse,3,March,10.9,3.0,77.6
Q7880,Toulouse,4,April,12.3,2.3,72.2
Q7880,Toulouse,5,May,14.8,3.4,76.9
Q7880,Toulouse,6,June,19.6,3.4,71.7
Q7880,Toulouse,7,July,22.3,3.2,70.6
Q7880,Toulouse,8,August,22.7,1.4,66.7
Q7880,Toulouse,9,September,16.9,2.8,75.0
Q7880,Toulouse,10,October,15.8,3.2,83.0
Q7880,Toulouse,11,November,11.3,1.7,85.3
Q7880,Toulouse,12,December,6.4,1.8,87.8
Q45301,Trabzon,1,January,8.2,3.8,70.3
Q45301,Trabzon,2,February,10.1,1.7,68.3
Q45301,Trabzon,3,March,10.6,2.6,74.8
Q45301,Trabzon,4,April,16.6,0.7,72.5
Q45301,Trabzon,5,May,15.9,2.9,83.1
Q45301,Trabzon,6,June,23.1,1.7,73.9
Q45301,Trabzon,7,July,24.5,5.4,82.5
Q45301,Trabzon,8,August,24.7,1.5,75.4
Q45301,Trabzon,9,September,22.5,6.6,81.5
Q45301,Trabzon,10,October,16.3,4.9,79.0
Q45301,Trabzon,11,November,10.8,3.4,76.6
Q45301,Trabzon,12,December,9.5,2.6,72.1
Q907112,Transnistria,1,January,-0.4,1.7,82.5
Q907112,Transnistria,2,February,5.8,0.6,78.7
Q907112,Transnistria,3,March,6.1,2.3,76.0
Q907112,Transnistria,4,April,14.3,2.0,65.0
Q907112,Transnistria,5,May,16.0,1.4,57.8
Q907112,Transnistria,6,June,22.8,2.7,64.8
Q907112,Transnistria,7,July,25.8,1.0,55.5
Q907112,Transnistria,8,August,24.7,0.4,51.9
Q907112,Transnistria,9,September,19.7,4.4,63.6
Q907112,Transnistria,10,October,11.8,2.2,78.7
Q907112,Transnistria,11,November,3.8,0.9,77.7
Q907112,Transnistria,12,December,2.3,1.0,83.4
Q25330,Trenton,1,January,1.7,4.9,73.9
Q25330,Trenton,2,February,2.9,2.1,69.1
Q25330,Trenton,3,March,7.7,6.1,65.8
Q25330,Trenton,4,April,11.8,3.0,68.7
Q25330,Trenton,5,May,17.8,2.9,73.8
Q25330,Trenton,6,June,24.2,2.3,59.9
Q25330,Trenton,7,July,26.4,2.3,67.7
Q25330,Trenton,8,August,23.6,4.9,72.7
Q25330,Trenton,9,September,19.9,1.0,72.9
Q25330,Trenton,10,October,15.1,0.1,61.3
Q25330,Trenton,11,November,10.1,2.2,64.3
Q25330,Trenton,12,December,2.4,3.2,72.0
Q3138,Trier,1,January,2.5,3.4,83.2
Q3138,Trier,2,February,7.6,3.6,87.2
Q3138,Trier,3,March,8.7,2.4,79.9
Q3138,Trier,4,April,10.3,2.3,76.3
Q3138,Trier,5,May,14.7,5.5,80.4
Q3138,Trier,6,June,16.8,1.7,75.9
Q3138,Trier,7,July,19.3,2.8,74.2
Q3138,Trier,8,August,20.8,1.2,73.7
Q3138,Trier,9,September,16.1,3.1,78.5
Q3138,Trier,10,October,12.5,3.2,87.2
Q3138,Trier,11,November,6.8,2.4,87.8
Q3138,Trier,12,December,3.6,1.9,90.7
Q546,Trieste,1,January,5.8,4.4,72.0
Q546,Trieste,2,February,9.2,3.9,78.8
Q546,Trieste,3,March,11.3,5.7,75.6
Q546,Trieste,4,April,13.8,3.2,70.0
Q546,Trieste,5,May,17.5,8.9,76.0
Q546,Trieste,6,June,21.7,5.4,73.9
Q546,Trieste,7,July,26.1,1.7,62.5
Q546,Trieste,8,August,26.9,0.7,61.7
Q546,Trieste,9,September,20.0,7.5,68.0
Q546,Trieste,10,October,16.4,9.6,78.1
Q546,Trieste,11,November,9.7,2.7,70.4
Q546,Trieste,12,December,6.0,2.8,67.1
Q754,Trinidad and Tobago,1,January,26.5,1.4,72.2
Q754,Trinidad and Tobago,2,February,26.9,1.3,70.7
Q754,Trinidad and Tobago,3,March,27.3,1.2,69.8
Q754,Trinidad and Tobago,4,April,27.9,1.7,69.0
Q754,Trinidad and Tobago,5,May,28.8,1.3,69.0
Q754,Trinidad and Tobago,6,June,27.3,3.8,78.1
Q754,Trinidad and Tobago,7,July,27.0,4.2,80.2
Q754,Trinidad and Tobago,8,August,27.0,5.8,80.4
Q754,Trinidad and Tobago,9,September,27.5,3.8,79.7
Q754,Trinidad and Tobago,10,October,27.5,2.4,78.6
Q754,Trinidad and Tobago,11,November,26.7,2.8,81.5
Q754,Trinidad and Tobago,12,December,25.9,2.3,78.7
Q3579,Tripoli,1,January,15.0,0.4,55.0
Q3579,Tripoli,2,February,15.0,1.1,60.9
Q3579,Tripoli,3,March,18.1,0.1,54.6
Q3579,Tripoli,4,April,19.3,0.8,62.3
Q3579,Tripoli,5,May,23.9,0.5,55.3
Q3579,Tripoli,6,June,26.9,0.0,58.3
Q3579,Tripoli,7,July,28.1,0.0,62.8
Q3579,Tripoli,8,August,28.7,0.1,66.4
Q3579,Tripoli,9,September,27.5,1.6,63.1
Q3579,Tripoli,10,October,24.8,1.3,61.5
Q3579,Tripoli,11,November,20.2,0.1,59.5
Q3579,Tripoli,12,December,14.9,5.2,68.9
Q25804,Trondheim,1,January,-2.3,3.6,77.8
Q25804,Trondheim,2,February,-0.7,3.2,70.3
Q25804,Trondheim,3,March,2.9,1.4,73.4
Q25804,Trondheim,4,April,4.1,2.8,74.7
Q25804,Trondheim,5,May,13.7,0.8,71.0
Q25804,Trondheim,6,June,13.3,4.2,75.8
Q25804,Trondheim,7,July,15.1,3.9,80.9
Q25804,Trondheim,8,August,15.1,5.3,80.5
Q25804,Trondheim,9,September,11.5,4.6,81.9
Q25804,Trondheim,10,October,7.2,5.4,84.6
Q25804,Trondheim,11,November,2.7,5.6,84.7
Q25804,Trondheim,12,December,1.2,5.9,79.5
Q22647,Troy,1,January,8.1,3.1,76.4
Q22647,Troy,2,February,10.6,1.2,75.9
Q22647,Troy,3,March,11.7,4.5,71.7
Q22647,Troy,4,April,17.1,1.2,62.1
Q22647,Troy,5,May,18.0,1.0,63.6
Q22647,Troy,6,June,26.6,0.0,47.2
Q22647,Troy,7,July,28.8,0.3,47.8
Q22647,Troy,8,August,27.4,0.3,51.1
Q22647,Troy,9,September,22.9,1.5,61.5
Q22647,Troy,10,October,18.0,0.4,64.3
Q22647,Troy,11,November,11.8,2.2,70.4
Q22647,Troy,12,December,9.3,6.0,80.1
Q18575,Tucson,1,January,9.8,3.0,59.3
Q18575,Tucson,2,February,12.5,2.5,57.7
Q18575,Tucson,3,March,14.0,3.6,51.5
Q18575,Tucson,4,April,19.6,0.7,31.2
Q18575,Tucson,5,May,26.0,0.0,16.5
Q18575,Tucson,6,June,32.2,0.2,23.6
Q18575,Tucson,7,July,32.9,0.8,35.1
Q18575,Tucson,8,August,31.0,0.6,42.7
Q18575,Tucson,9,September,30.1,1.1,27.9
Q18575,Tucson,10,October,26.0,0.1,19.6
Q18575,Tucson,11,November,14.9,0.3,36.1
Q18575,Tucson,12,December,14.8,0.0,24.8
Q3572,Tunis,1,January,12.4,0.8,73.8
Q3572,Tunis,2,February,12.8,2.2,75.7
Q3572,Tunis,3,March,14.9,0.8,72.7
Q3572,Tunis,4,April,17.0,1.1,64.0
Q3572,Tunis,5,May,21.2,1.4,62.9
Q3572,Tunis,6,June,25.9,0.0,55.3
Q3572,Tunis,7,July,28.3,0.0,57.8
Q3572,Tunis,8,August,28.9,0.1,59.0
Q3572,Tunis,9,September,25.6,1.6,62.3
Q3572,Tunis,10,October,22.4,2.8,75.0
Q3572,Tunis,11,November,16.8,1.1,81.9
Q3572,Tunis,12,December,12.0,2.0,78.2
Q948,Tunisia,1,January,13.6,0.0,54.1
Q948,Tunisia,2,February,15.1,0.4,52.6
Q948,Tunisia,3,March,19.0,0.1,47.3
Q948,Tunisia,4,April,18.5,2.5,65.3
Q948,Tunisia,5,May,24.0,0.2,52.9
Q948,Tunisia,6,June,26.5,0.0,58.4
Q948,Tunisia,7,July,29.8,0.0,56.1
Q948,Tunisia,8,August,29.6,0.0,62.3
Q948,Tunisia,9,September,27.3,1.8,62.2
Q948,Tunisia,10,October,24.4,1.3,68.4
Q948,Tunisia,11,November,19.2,0.4,62.4
Q948,Tunisia,12,December,13.2,0.3,58.4
Q495,Turin,1,January,2.1,1.5,83.1
Q495,Turin,2,February,6.7,5.3,82.3
Q495,Turin,3,March,9.0,7.1,80.5
Q495,Turin,4,April,12.3,3.0,72.8
Q495,Turin,5,May,15.5,6.2,81.6
Q495,Turin,6,June,19.9,4.8,79.8
Q495,Turin,7,July,24.2,2.5,74.0
Q495,Turin,8,August,26.0,1.6,61.7
Q495,Turin,9,September,17.5,4.6,75.6
Q495,Turin,10,October,14.2,8.1,88.5
Q495,Turin,11,November,6.0,0.5,86.4
Q495,Turin,12,December,2.4,0.4,78.8
Q43,Turkey,1,January,0.4,1.8,71.5
Q43,Turkey,2,February,2.4,0.3,63.0
Q43,Turkey,3,March,4.0,2.6,66.1
Q43,Turkey,4,April,13.1,0.9,54.7
Q43,Turkey,5,May,12.5,3.5,63.8
Q43,Turkey,6,June,21.4,0.3,43.0
Q43,Turkey,7,July,22.1,0.6,49.4
Q43,Turkey,8,August,22.4,0.6,43.8
Q43,Turkey,9,September,18.6,0.7,48.0
Q43,Turkey,10,October,10.8,0.4,52.6
Q43,Turkey,11,November,3.0,1.3,67.9
Q43,Turkey,12,December,-1.2,1.5,79.9
Q874,Turkmenistan,1,January,5.0,0.2,70.7
Q874,Turkmenistan,2,February,5.3,0.7,57.1
Q874,Turkmenistan,3,March,12.6,0.5,52.1
Q874,Turkmenistan,4,April,20.7,0.4,34.8
Q874,Turkmenistan,5,May,22.7,1.7,46.3
Q874,Turkmenistan,6,June,33.3,0.0,17.9
Q874,Turkmenistan,7,July,33.5,0.0,21.7
Q874,Turkmenistan,8,August,31.9,0.1,22.5
Q874,Turkmenistan,9,September,23.7,0.0,22.3
Q874,Turkmenistan,10,October,16.3,0.9,54.4
Q874,Turkmenistan,11,November,9.5,0.7,72.2
Q874,Turkmenistan,12,December,2.1,0.4,80.1
Q38511,Turku,1,January,-7.2,1.7,87.8
Q38511,Turku,2,February,-3.4,2.6,88.6
Q38511,Turku,3,March,0.1,1.7,87.7
Q38511,Turku,4,April,3.4,2.2,80.3
Q38511,Turku,5,May,14.3,0.5,56.4
Q38511,Turku,6,June,16.2,4.3,73.8
Q38511,Turku,7,July,18.2,3.9,80.3
Q38511,Turku,8,August,17.3,3.7,82.0
Q38511,Turku,9,September,14.1,3.1,84.0
Q38511,Turku,10,October,8.5,2.5,86.6
Q38511,Turku,11,November,3.3,2.4,88.7
Q38511,Turku,12,December,0.2,2.3,90.9
Q672,Tuvalu,1,January,28.9,9.1,77.0
Q672,Tuvalu,2,February,28.6,18.1,79.9
Q672,Tuvalu,3,March,28.8,7.0,77.2
Q672,Tuvalu,4,April,28.4,9.8,79.2
Q672,Tuvalu,5,May,28.6,9.2,79.0
Q672,Tuvalu,6,June,28.3,11.2,78.8
Q672,Tuvalu,7,July,28.2,9.7,77.9
Q672,Tuvalu,8,August,27.7,12.6,79.8
Q672,Tuvalu,9,September,27.8,7.5,78.9
Q672,Tuvalu,10,October,28.3,4.4,74.1
Q672,Tuvalu,11,November,28.6,3.5,72.8
Q672,Tuvalu,12,December,28.5,9.9,75.4
Q1404,Uetersen,1,January,2.2,3.9,84.4
Q1404,Uetersen,2,February,6.4,3.7,86.7
Q1404,Uetersen,3,March,7.6,1.4,79.7
Q1404,Uetersen,4,April,9.8,3.4,77.5
Q1404,Uetersen,5,May,16.2,3.2,69.2
Q1404,Uetersen,6,June,15.9,4.7,75.3
Q1404,Uetersen,7,July,18.1,2.9,74.1
Q1404,Uetersen,8,August,18.9,1.8,72.5
Q1404,Uetersen,9,September,16.0,2.9,74.9
Q1404,Uetersen,10,October,11.2,2.5,85.0
Q1404,Uetersen,11,November,6.1,4.1,87.6
Q1404,Uetersen,12,December,5.0,2.6,89.3
Q911,Ufa,1,January,-14.2,1.4,77.5
Q911,Ufa,2,February,-13.1,1.1,75.2
Q911,Ufa,3,March,-4.4,1.0,80.2
Q911,Ufa,4,April,11.1,1.6,70.5
Q911,Ufa,5,May,10.2,1.3,56.6
Q911,Ufa,6,June,20.7,3.0,68.7
Q911,Ufa,7,July,20.4,4.2,72.9
Q911,Ufa,8,August,16.9,3.1,80.7
Q911,Ufa,9,September,13.3,0.3,72.5
Q911,Ufa,10,October,5.0,0.8,70.6
Q911,Ufa,11,November,-1.4,1.6,82.1
Q911,Ufa,12,December,-5.9,1.6,85.4
Q1036,Uganda,1,January,24.6,0.5,55.1
Q1036,Uganda,2,February,25.5,1.4,57.3
Q1036,Uganda,3,March,25.9,1.4,60.9
Q1036,Uganda,4,April,23.3,5.1,78.6
Q1036,Uganda,5,May,23.6,2.3,74.7
Q1036,Uganda,6,June,23.7,1.1,65.1
Q1036,Uganda,7,July,22.8,3.4,74.2
Q1036,Uganda,8,August,22.3,4.1,76.5
Q1036,Uganda,9,September,23.2,3.7,73.0
Q1036,Uganda,10,October,22.9,4.6,75.4
Q1036,Uganda,11,November,22.6,4.9,76.4
Q1036,Uganda,12,December,23.5,1.9,63.6
Q212,Ukraine,1,January,-1.6,2.0,85.8
Q212,Ukraine,2,February,3.5,1.8,81.3
Q212,Ukraine,3,March,3.9,2.8,78.5
Q212,Ukraine,4,April,13.3,3.2,70.0
Q212,Ukraine,5,May,15.2,0.3,57.4
Q212,Ukraine,6,June,21.3,2.9,68.8
Q212,Ukraine,7,July,24.6,0.2,60.2
Q212,Ukraine,8,August,22.8,0.5,58.1
Q212,Ukraine,9,September,19.7,0.5,55.1
Q212,Ukraine,10,October,11.3,2.2,77.1
Q212,Ukraine,11,November,3.2,1.3,78.6
Q212,Ukraine,12,December,0.6,1.6,87.7
Q23430,Ulaanbaatar,1,January,-17.9,0.2,75.5
Q23430,Ulaanbaatar,2,February,-18.6,0.2,75.6
Q23430,Ulaanbaatar,3,March,-6.5,0.4,64.5
Q23430,Ulaanbaatar,4,April,3.9,1.0,50.6
Q23430,Ulaanbaatar,5,May,12.0,1.0,47.8
Q23430,Ulaanbaatar,6,June,15.5,3.4,62.3
Q23430,Ulaanbaatar,7,July,19.6,2.0,66.9
Q23430,Ulaanbaatar,8,August,17.3,5.0,76.0
Q23430,Ulaanbaatar,9,September,9.8,0.7,63.5
Q23430,Ulaanbaatar,10,October,1.4,0.6,60.8
Q23430,Ulaanbaatar,11,November,-5.4,0.3,55.3
Q23430,Ulaanbaatar,12,December,-17.8,0.1,70.5
Q3012,Ulm,1,January,0.8,2.1,78.9
Q3012,Ulm,2,February,5.9,2.2,81.8
Q3012,Ulm,3,March,7.0,2.4,78.7
Q3012,Ulm,4,April,9.2,1.9,70.8
Q3012,Ulm,5,May,13.6,5.4,74.7
Q3012,Ulm,6,June,16.9,4.3,77.0
Q3012,Ulm,7,July,18.9,2.7,75.3
Q3012,Ulm,8,August,19.8,2.3,75.3
Q3012,Ulm,9,September,14.4,3.9,78.9
Q3012,Ulm,10,October,10.9,2.2,88.3
Q3012,Ulm,11,November,4.1,1.8,87.1
Q3012,Ulm,12,December,1.1,1.8,85.4
Q878,United Arab Emirates,1,January,21.7,0.0,64.1
Q878,United Arab Emirates,2,February,21.1,1.5,66.7
Q878,United Arab Emirates,3,March,23.0,2.3,68.5
Q878,United Arab Emirates,4,April,26.2,2.4,63.5
Q878,United Arab Emirates,5,May,31.3,1.1,57.0
Q878,United Arab Emirates,6,June,34.7,0.0,55.1
Q878,United Arab Emirates,7,July,35.7,0.0,60.2
Q878,United Arab Emirates,8,August,35.7,0.2,60.4
Q878,United Arab Emirates,9,September,33.8,0.0,62.1
Q878,United Arab Emirates,10,October,31.6,0.0,59.1
Q878,United Arab Emirates,11,November,27.2,0.0,68.9
Q878,United Arab Emirates,12,December,22.4,0.1,63.7
Q145,United Kingdom,1,January,3.3,4.5,86.6
Q145,United Kingdom,2,February,5.3,3.1,88.1
Q145,United Kingdom,3,March,5.4,3.7,87.1
Q145,United Kingdom,4,April,6.7,4.7,81.3
Q145,United Kingdom,5,May,12.0,3.6,84.9
Q145,United Kingdom,6,June,12.0,2.0,77.7
Q145,United Kingdom,7,July,14.0,3.1,79.4
Q145,United Kingdom,8,August,14.4,2.1,78.7
Q145,United Kingdom,9,September,11.2,4.6,86.4
Q145,United Kingdom,10,October,9.4,3.0,87.2
Q145,United Kingdom,11,November,5.7,1.4,87.4
Q145,United Kingdom,12,December,5.9,3.3,89.0
Q30,United States,1,January,-5.7,1.2,81.1
Q30,United States,2,February,5.0,0.8,61.7
Q30,United States,3,March,6.9,1.9,55.8
Q30,United States,4,April,12.8,2.8,54.6
Q30,United States,5,May,17.5,4.5,64.6
Q30,United States,6,June,24.5,4.6,63.1
Q30,United States,7,July,25.1,2.6,62.3
Q30,United States,8,August,23.9,1.4,68.6
Q30,United States,9,September,21.4,0.4,58.2
Q30,United States,10,October,15.9,1.0,50.4
Q30,United States,11,November,6.5,3.0,70.6
Q30,United States,12,December,1.0,0.1,65.7
Q25286,Uppsala,1,January,-4.5,1.1,86.4
Q25286,Uppsala,2,February,-1.1,2.0,86.0
Q25286,Uppsala,3,March,1.7,1.2,84.9
Q25286,Uppsala,4,April,3.9,2.1,77.1
Q25286,Uppsala,5,May,13.9,0.9,62.0
Q25286,Uppsala,6,June,16.3,2.5,67.4
Q25286,Uppsala,7,July,17.6,3.0,75.5
Q25286,Uppsala,8,August,17.5,1.0,71.4
Q25286,Uppsala,9,September,13.1,2.7,80.9
Q25286,Uppsala,10,October,8.1,2.4,86.6
Q25286,Uppsala,11,November,2.3,1.2,84.9
Q25286,Uppsala,12,December,0.2,1.3,87.7
Q77,Uruguay,1,January,22.9,3.5,71.0
Q77,Uruguay,2,February,24.6,3.0,72.8
Q77,Uruguay,3,March,21.6,4.4,78.1
Q77,Uruguay,4,April,18.0,6.2,80.3
Q77,Uruguay,5,May,12.0,8.4,83.4
Q77,Uruguay,6,June,14.0,2.2,82.2
Q77,Uruguay,7,July,9.1,0.7,81.5
Q77,Uruguay,8,August,12.2,4.1,79.7
Q77,Uruguay,9,September,15.2,3.9,80.5
Q77,Uruguay,10,October,18.2,2.7,77.1
Q77,Uruguay,11,November,20.6,3.7,73.9
Q77,Uruguay,12,December,19.8,3.4,71.3
Q803,Utrecht,1,January,3.6,2.4,81.7
Q803,Utrecht,2,February,7.8,4.3,87.8
Q803,Utrecht,3,March,8.6,1.8,80.5
Q803,Utrecht,4,April,10.4,3.1,76.6
Q803,Utrecht,5,May,15.3,4.7,80.8
Q803,Utrecht,6,June,15.5,2.1,77.2
Q803,Utrecht,7,July,17.7,2.8,78.3
Q803,Utrecht,8,August,19.4,2.7,75.2
Q803,Utrecht,9,September,16.0,3.3,80.7
Q803,Utrecht,10,October,12.2,1.6,86.7
Q803,Utrecht,11,November,7.0,3.0,86.8
Q803,Utrecht,12,December,6.0,2.6,88.1
Q265,Uzbekistan,1,January,2.8,1.1,75.6
Q265,Uzbekistan,2,February,2.7,0.9,65.7
Q265,Uzbekistan,3,March,9.2,1.8,66.5
Q265,Uzbekistan,4,April,18.3,0.6,48.5
Q265,Uzbekistan,5,May,22.0,1.4,45.9
Q265,Uzbekistan,6,June,30.9,0.0,21.8
Q265,Uzbekistan,7,July,31.1,0.0,24.3
Q265,Uzbekistan,8,August,29.8,0.0,23.1
Q265,Uzbekistan,9,September,21.4,0.1,29.6
Q265,Uzbekistan,10,October,14.3,0.8,58.4
Q265,Uzbekistan,11,November,7.6,1.0,77.4
Q265,Uzbekistan,12,December,1.1,0.6,76.1
Q1844,Vaduz,1,January,1.4,4.9,75.8
Q1844,Vaduz,2,February,7.5,2.8,74.1
Q1844,Vaduz,3,March,8.3,6.7,75.1
Q1844,Vaduz,4,April,10.3,7.1,72.1
Q1844,Vaduz,5,May,14.7,7.2,75.1
Q1844,Vaduz,6,June,18.6,5.8,76.4
Q1844,Vaduz,7,July,21.1,6.2,79.0
Q1844,Vaduz,8,August,21.9,2.4,78.4
Q1844,Vaduz,9,September,15.3,7.1,79.8
Q1844,Vaduz,10,October,13.4,4.0,81.8
Q1844,Vaduz,11,November,5.7,3.5,78.5
Q1844,Vaduz,12,December,0.9,4.7,74.9
Q23800,Valletta,1,January,14.5,0.7,72.1
Q23800,Valletta,2,February,14.6,1.3,73.4
Q23800,Valletta,3,March,16.1,0.3,71.8
Q23800,Valletta,4,April,17.5,0.8,69.6
Q23800,Valletta,5,May,20.6,0.6,71.5
Q23800,Valletta,6,June,25.5,0.1,66.0
Q23800,Valletta,7,July,28.0,0.0,64.5
Q23800,Valletta,8,August,28.8,0.2,68.2
Q23800,Valletta,9,September,25.5,0.8,69.8
Q23800,Valletta,10,October,23.0,0.5,69.9
Q23800,Valletta,11,November,19.1,1.5,70.1
Q23800,Valletta,12,December,15.3,1.0,67.2
Q33986,Valparaíso,1,January,17.7,0.0,77.7
Q33986,Valparaíso,2,February,18.8,0.1,76.0
Q33986,Valparaíso,3,March,17.5,0.0,72.8
Q33986,Valparaíso,4,April,15.2,0.9,74.8
Q33986,Valparaíso,5,May,11.7,2.5,77.1
Q33986,Valparaíso,6,June,13.0,10.0,83.4
Q33986,Valparaíso,7,July,10.6,0.1,78.4
Q33986,Valparaíso,8,August,11.2,4.0,80.5
Q33986,Valparaíso,9,September,12.6,0.4,79.5
Q33986,Valparaíso,10,October,14.3,0.4,79.7
Q33986,Valparaíso,11,November,15.5,0.0,72.8
Q33986,Valparaíso,12,December,16.2,0.0,75.1
Q24639,Vancouver,1,January,3.1,10.4,84.9
Q24639,Vancouver,2,February,4.7,5.0,81.9
Q24639,Vancouver,3,March,5.7,5.1,82.1
Q24639,Vancouver,4,April,8.1,3.7,77.3
Q24639,Vancouver,5,May,11.6,3.0,77.8
Q24639,Vancouver,6,June,14.4,3.2,76.5
Q24639,Vancouver,7,July,19.3,0.5,69.5
Q24639,Vancouver,8,August,18.1,2.5,77.6
Q24639,Vancouver,9,September,15.2,2.4,84.5
Q24639,Vancouver,10,October,10.4,10.1,86.0
Q24639,Vancouver,11,November,6.3,11.3,84.9
Q24639,Vancouver,12,December,5.6,9.0,88.3
Q686,Vanuatu,1,January,27.8,9.0,80.0
Q686,Vanuatu,2,February,28.2,6.5,81.6
Q686,Vanuatu,3,March,27.7,17.0,82.8
Q686,Vanuatu,4,April,27.8,3.9,80.5
Q686,Vanuatu,5,May,26.5,1.6,76.7
Q686,Vanuatu,6,June,26.1,2.6,77.7
Q686,Vanuatu,7,July,25.5,1.8,77.2
Q686,Vanuatu,8,August,24.9,0.7,73.9
Q686,Vanuatu,9,September,25.0,2.2,75.8
Q686,Vanuatu,10,October,25.7,4.4,77.6
Q686,Vanuatu,11,November,26.6,5.6,79.5
Q686,Vanuatu,12,December,27.5,10.6,80.5
Q79980,Varanasi,1,January,13.5,0.4,86.5
Q79980,Varanasi,2,February,17.9,1.6,72.5
Q79980,Varanasi,3,March,23.1,0.3,60.6
Q79980,Varanasi,4,April,31.2,0.0,31.5
Q79980,Varanasi,5,May,33.9,0.2,40.3
Q79980,Varanasi,6,June,35.5,3.6,47.6
Q79980,Varanasi,7,July,30.1,12.1,80.1
Q79980,Varanasi,8,August,28.2,13.1,86.0
Q79980,Varanasi,9,September,28.5,8.1,83.0
Q79980,Varanasi,10,October,27.0,0.5,77.9
Q79980,Varanasi,11,November,23.1,0.0,64.0
Q79980,Varanasi,12,December,18.1,0.3,65.5
Q237,Vatican City,1,January,9.2,1.4,81.8
Q237,Vatican City,2,February,10.6,3.2,80.0
Q237,Vatican City,3,March,12.3,4.5,80.5
Q237,Vatican City,4,April,14.8,1.2,70.5
Q237,Vatican City,5,May,18.1,3.2,75.1
Q237,Vatican City,6,June,23.3,1.0,62.1
Q237,Vatican City,7,July,28.2,0.7,55.6
Q237,Vatican City,8,August,28.3,1.2,62.5
Q237,Vatican City,9,September,21.2,4.3,73.2
Q237,Vatican City,10,October,17.8,5.7,85.9
Q237,Vatican City,11,November,12.4,0.6,79.4
Q237,Vatican City,12,December,8.2,3.1,79.1
Q2235,Veliky Novgorod,1,January,-9.7,1.1,85.1
Q2235,Veliky Novgorod,2,February,-4.7,1.8,86.2
Q2235,Veliky Novgorod,3,March,1.8,0.9,79.6
Q2235,Veliky Novgorod,4,April,7.1,3.2,77.5
Q2235,Veliky Novgorod,5,May,12.8,0.4,62.3
Q2235,Veliky Novgorod,6,June,18.6,2.1,68.9
Q2235,Veliky Novgorod,7,July,20.0,4.1,76.9
Q2235,Veliky Novgorod,8,August,17.8,3.5,81.5
Q2235,Veliky Novgorod,9,September,16.3,0.9,74.7
Q2235,Veliky Novgorod,10,October,7.2,2.1,86.1
Q2235,Veliky Novgorod,11,November,2.2,3.2,90.5
Q2235,Veliky Novgorod,12,December,-1.0,1.9,87.8
Q717,Venezuela,1,January,31.3,0.1,46.6
Q717,Venezuela,2,February,31.5,0.8,49.0
Q717,Venezuela,3,March,33.2,0.0,40.7
Q717,Venezuela,4,April,31.1,2.4,56.5
Q717,Venezuela,5,May,28.9,6.9,73.3
Q717,Venezuela,6,June,26.9,7.7,83.6
Q717,Venezuela,7,July,26.3,12.4,84.1
Q717,Venezuela,8,August,27.3,6.4,80.8
Q717,Venezuela,9,September,28.0,5.1,80.5
Q717,Venezuela,10,October,29.0,3.0,72.2
Q717,Venezuela,11,November,28.9,1.5,70.1
Q717,Venezuela,12,December,30.4,0.1,54.5
Q641,Venice,1,January,3.4,2.9,83.3
Q641,Venice,2,February,7.3,4.5,90.0
Q641,Venice,3,March,10.4,5.3,86.4
Q641,Venice,4,April,13.2,2.3,76.4
Q641,Venice,5,May,17.3,7.7,79.3
Q641,Venice,6,June,21.6,4.6,78.9
Q641,Venice,7,July,26.0,1.4,67.1
Q641,Venice,8,August,26.7,1.3,67.1
Q641,Venice,9,September,19.7,5.9,71.4
Q641,Venice,10,October,15.5,8.6,86.4
Q641,Venice,11,November,7.8,0.4,80.7
Q641,Venice,12,December,4.3,2.3,80.5
Q2028,Verona,1,January,3.7,2.2,80.1
Q2028,Verona,2,February,8.4,4.9,81.9
Q2028,Verona,3,March,11.0,4.0,76.5
Q2028,Verona,4,April,13.5,3.1,71.3
Q2028,Verona,5,May,17.0,6.8,74.8
Q2028,Verona,6,June,21.4,6.4,75.0
Q2028,Verona,7,July,25.3,1.9,67.4
Q2028,Verona,8,August,26.3,1.9,64.5
Q2028,Verona,9,September,19.3,6.0,68.9
Q2028,Verona,10,October,15.6,6.6,83.6
Q2028,Verona,11,November,7.4,0.5,80.6
Q2028,Verona,12,December,3.6,2.6,80.1
Q3940,Victoria,1,January,27.7,6.9,77.6
Q3940,Victoria,2,February,27.7,10.5,78.8
Q3940,Victoria,3,March,27.3,16.8,81.5
Q3940,Victoria,4,April,27.3,15.4,82.1
Q3940,Victoria,5,May,27.8,10.8,80.2
Q3940,Victoria,6,June,27.1,5.1,79.7
Q3940,Victoria,7,July,25.7,1.8,82.2
Q3940,Victoria,8,August,25.6,1.7,83.0
Q3940,Victoria,9,September,26.1,4.5,82.5
Q3940,Victoria,10,October,26.8,0.8,77.6
Q3940,Victoria,11,November,26.9,6.1,77.6
Q3940,Victoria,12,December,26.2,13.2,81.5
Q1741,Vienna,1,January,1.4,1.7,73.4
Q1741,Vienna,2,February,8.1,1.3,75.7
Q1741,Vienna,3,March,9.0,2.3,72.2
Q1741,Vienna,4,April,12.4,1.9,66.6
Q1741,Vienna,5,May,16.4,2.6,69.5
Q1741,Vienna,6,June,20.5,2.0,70.5
Q1741,Vienna,7,July,23.6,1.0,60.0
Q1741,Vienna,8,August,24.3,0.6,61.6
Q1741,Vienna,9,September,17.0,8.1,70.0
Q1741,Vienna,10,October,11.8,1.6,82.3
Q1741,Vienna,11,November,4.7,0.4,82.4
Q1741,Vienna,12,December,2.6,1.0,81.4
Q881,Vietnam,1,January,15.0,5.2,91.6
Q881,Vietnam,2,February,17.1,1.8,90.3
Q881,Vietnam,3,March,18.9,2.7,87.1
Q881,Vietnam,4,April,23.7,0.7,73.0
Q881,Vietnam,5,May,22.2,7.3,82.8
Q881,Vietnam,6,June,23.0,6.8,77.9
Q881,Vietnam,7,July,21.7,10.2,81.5
Q881,Vietnam,8,August,22.5,4.5,79.5
Q881,Vietnam,9,September,21.1,14.2,86.0
Q881,Vietnam,10,October,18.6,14.8,88.5
Q881,Vietnam,11,November,17.2,15.0,90.9
Q881,Vietnam,12,December,14.6,12.3,94.0
Q216,Vilnius,1,January,-4.6,1.9,85.5
Q216,Vilnius,2,February,1.9,2.7,87.3
Q216,Vilnius,3,March,4.0,0.8,76.0
Q216,Vilnius,4,April,8.9,3.1,76.5
Q216,Vilnius,5,May,15.0,1.5,63.8
Q216,Vilnius,6,June,18.2,2.3,69.9
Q216,Vilnius,7,July,20.1,5.5,74.0
Q216,Vilnius,8,August,19.2,1.4,74.7
Q216,Vilnius,9,September,17.4,1.2,68.5
Q216,Vilnius,10,October,8.4,1.8,84.3
Q216,Vilnius,11,November,3.1,1.5,86.8
Q216,Vilnius,12,December,1.1,1.5,89.1
Q959,Vladivostok,1,January,-9.0,0.2,56.5
Q959,Vladivostok,2,February,-5.6,0.2,55.6
Q959,Vladivostok,3,March,-0.3,1.0,58.0
Q959,Vladivostok,4,April,6.6,1.4,78.7
Q959,Vladivostok,5,May,11.5,3.2,79.2
Q959,Vladivostok,6,June,15.1,3.7,90.7
Q959,Vladivostok,7,July,21.5,6.0,89.2
Q959,Vladivostok,8,August,22.7,5.5,87.3
Q959,Vladivostok,9,September,18.0,1.7,77.4
Q959,Vladivostok,10,October,11.1,2.2,74.5
Q959,Vladivostok,11,November,2.6,1.8,65.5
Q959,Vladivostok,12,December,-6.0,0.1,47.8
Q159610,Vlorë,1,January,9.6,1.9,69.2
Q159610,Vlorë,2,February,11.0,1.7,72.3
Q159610,Vlorë,3,March,12.9,5.0,74.8
Q159610,Vlorë,4,April,15.8,4.1,71.8
Q159610,Vlorë,5,May,19.3,2.4,75.2
Q159610,Vlorë,6,June,25.1,0.1,64.7
Q159610,Vlorë,7,July,28.1,0.2,61.2
Q159610,Vlorë,8,August,27.6,0.4,62.5
Q159610,Vlorë,9,September,22.6,3.9,71.1
Q159610,Vlorë,10,October,18.5,7.0,75.7
Q159610,Vlorë,11,November,13.1,3.2,69.3
Q159610,Vlorë,12,December,9.8,6.3,74.6
Q914,Volgograd,1,January,-4.8,2.5,85.1
Q914,Volgograd,2,February,-3.4,1.3,82.5
Q914,Volgograd,3,March,0.9,0.5,71.7
Q914,Volgograd,4,April,15.9,0.4,61.1
Q914,Volgograd,5,May,16.2,0.0,43.3
Q914,Volgograd,6,June,24.8,2.4,54.5
Q914,Volgograd,7,July,27.3,0.8,43.9
Q914,Volgograd,8,August,24.5,0.5,45.3
Q914,Volgograd,9,September,19.8,0.3,39.4
Q914,Volgograd,10,October,10.8,1.1,65.7
Q914,Volgograd,11,November,3.7,0.9,80.2
Q914,Volgograd,12,December,-1.2,0.6,82.0
Q21194,Vũng Tàu,1,January,26.2,0.0,75.7
Q21194,Vũng Tàu,2,February,26.8,0.0,77.4
Q21194,Vũng Tàu,3,March,27.5,0.0,78.7
Q21194,Vũng Tàu,4,April,29.4,0.1,75.8
Q21194,Vũng Tàu,5,May,29.7,6.6,78.3
Q21194,Vũng Tàu,6,June,28.6,7.0,81.3
Q21194,Vũng Tàu,7,July,27.4,11.9,84.9
Q21194,Vũng Tàu,8,August,27.8,5.0,83.2
Q21194,Vũng Tàu,9,September,27.2,11.9,85.7
Q21194,Vũng Tàu,10,October,26.9,7.7,86.1
Q21194,Vũng Tàu,11,November,27.4,1.4,81.7
Q21194,Vũng Tàu,12,December,26.2,2.6,84.0
Q270,Warsaw,1,January,-0.5,2.2,84.9
Q270,Warsaw,2,February,5.7,2.9,86.0
Q270,Warsaw,3,March,6.4,1.2,77.8
Q270,Warsaw,4,April,11.0,1.7,70.8
Q270,Warsaw,5,May,17.5,0.5,55.3
Q270,Warsaw,6,June,19.6,2.4,66.6
Q270,Warsaw,7,July,21.9,2.2,64.9
Q270,Warsaw,8,August,20.8,2.7,69.2
Q270,Warsaw,9,September,18.0,1.5,68.5
Q270,Warsaw,10,October,10.1,1.3,81.1
Q270,Warsaw,11,November,4.1,1.1,84.0
Q270,Warsaw,12,December,2.8,1.2,87.3
Q1223,Washington,1,January,-5.8,3.8,85.5
Q1223,Washington,2,February,-1.0,1.9,81.9
Q1223,Washington,3,March,2.2,0.9,70.2
Q1223,Washington,4,April,7.0,0.6,60.2
Q1223,Washington,5,May,11.5,0.4,54.4
Q1223,Washington,6,June,15.6,1.0,51.5
Q1223,Washington,7,July,22.7,0.1,40.7
Q1223,Washington,8,August,20.3,0.7,51.8
Q1223,Washington,9,September,17.1,0.1,54.4
Q1223,Washington,10,October,8.6,1.2,68.2
Q1223,Washington,11,November,1.1,4.3,84.8
Q1223,Washington,12,December,-1.4,4.3,89.5
Q61,"Washington, D.C.",1,January,2.6,3.9,73.7
Q61,"Washington, D.C.",2,February,4.8,2.0,70.1
Q61,"Washington, D.C.",3,March,9.0,5.2,65.1
Q61,"Washington, D.C.",4,April,14.1,3.0,66.0
Q61,"Washington, D.C.",5,May,18.9,4.4,77.0
Q61,"Washington, D.C.",6,June,24.6,2.5,62.2
Q61,"Washington, D.C.",7,July,26.0,4.2,71.5
Q61,"Washington, D.C.",8,August,23.7,6.4,74.8
Q61,"Washington, D.C.",9,September,20.3,4.0,77.3
Q61,"Washington, D.C.",10,October,14.7,0.3,68.8
Q61,"Washington, D.C.",11,November,10.5,2.4,69.7
Q61,"Washington, D.C.",12,December,3.7,2.7,70.7
Q3955,Weimar,1,January,1.3,1.7,79.0
Q3955,Weimar,2,February,6.8,2.4,81.2
Q3955,Weimar,3,March,7.4,1.5,76.8
Q3955,Weimar,4,April,10.6,1.8,69.3
Q3955,Weimar,5,May,15.1,3.8,72.8
Q3955,Weimar,6,June,16.9,4.1,71.6
Q3955,Weimar,7,July,19.5,2.6,67.1
Q3955,Weimar,8,August,20.6,2.4,67.7
Q3955,Weimar,9,September,16.1,2.5,71.7
Q3955,Weimar,10,October,11.7,1.8,82.6
Q3955,Weimar,11,November,5.1,1.4,83.5
Q3955,Weimar,12,December,2.6,1.4,84.9
Q23661,Wellington,1,January,18.2,0.7,75.0
Q23661,Wellington,2,February,17.3,0.9,73.8
Q23661,Wellington,3,March,15.2,1.5,71.4
Q23661,Wellington,4,April,14.4,3.2,79.3
Q23661,Wellington,5,May,11.3,2.5,78.1
Q23661,Wellington,6,June,11.3,2.5,82.3
Q23661,Wellington,7,July,10.6,2.6,81.1
Q23661,Wellington,8,August,10.9,3.0,80.6
Q23661,Wellington,9,September,11.9,3.1,77.0
Q23661,Wellington,10,October,13.0,4.0,80.1
Q23661,Wellington,11,November,14.3,1.5,78.0
Q23661,Wellington,12,December,16.3,2.9,82.5
Q1721,Wiesbaden,1,January,2.3,2.6,82.1
Q1721,Wiesbaden,2,February,7.5,3.0,85.8
Q1721,Wiesbaden,3,March,8.5,2.1,79.6
Q1721,Wiesbaden,4,April,10.8,2.2,73.6
Q1721,Wiesbaden,5,May,15.7,4.6,75.8
Q1721,Wiesbaden,6,June,17.7,2.4,72.0
Q1721,Wiesbaden,7,July,20.3,3.1,68.5
Q1721,Wiesbaden,8,August,21.8,1.1,68.8
Q1721,Wiesbaden,9,September,16.8,2.4,75.3
Q1721,Wiesbaden,10,October,12.2,2.8,87.0
Q1721,Wiesbaden,11,November,6.4,1.5,87.2
Q1721,Wiesbaden,12,December,3.3,1.2,89.8
Q3935,Windhoek,1,January,24.8,0.9,39.3
Q3935,Windhoek,2,February,24.6,2.3,47.3
Q3935,Windhoek,3,March,24.1,1.4,41.9
Q3935,Windhoek,4,April,20.9,0.1,37.6
Q3935,Windhoek,5,May,19.1,0.0,27.8
Q3935,Windhoek,6,June,13.4,0.0,33.0
Q3935,Windhoek,7,July,15.2,0.0,16.4
Q3935,Windhoek,8,August,18.9,0.0,15.3
Q3935,Windhoek,9,September,20.7,0.0,19.3
Q3935,Windhoek,10,October,23.0,0.1,18.2
Q3935,Windhoek,11,November,24.7,0.3,27.8
Q3935,Windhoek,12,December,25.9,1.1,31.3
Q2135,Winnipeg,1,January,-10.5,0.6,79.9
Q2135,Winnipeg,2,February,-5.3,0.6,73.6
Q2135,Winnipeg,3,March,-5.2,0.8,64.4
Q2135,Winnipeg,4,April,5.7,1.2,60.9
Q2135,Winnipeg,5,May,11.8,4.1,68.8
Q2135,Winnipeg,6,June,16.5,3.8,69.2
Q2135,Winnipeg,7,July,21.4,3.0,76.2
Q2135,Winnipeg,8,August,19.9,3.6,70.9
Q2135,Winnipeg,9,September,18.5,1.9,69.4
Q2135,Winnipeg,10,October,8.9,0.6,64.2
Q2135,Winnipeg,11,November,0.0,2.5,80.4
Q2135,Winnipeg,12,December,-9.3,0.9,83.7
Q1799,Wrocław,1,January,0.7,1.9,79.3
Q1799,Wrocław,2,February,6.9,2.7,83.3
Q1799,Wrocław,3,March,8.4,0.6,73.2
Q1799,Wrocław,4,April,11.6,1.1,67.8
Q1799,Wrocław,5,May,17.2,1.4,61.9
Q1799,Wrocław,6,June,19.4,2.3,69.7
Q1799,Wrocław,7,July,20.7,3.9,72.4
Q1799,Wrocław,8,August,20.8,2.8,73.6
Q1799,Wrocław,9,September,17.1,4.0,72.5
Q1799,Wrocław,10,October,11.2,1.1,81.2
Q1799,Wrocław,11,November,4.6,1.2,84.1
Q1799,Wrocław,12,December,2.7,1.0,85.5
Q11746,Wuhan,1,January,5.7,1.9,74.5
Q11746,Wuhan,2,February,4.8,5.5,78.6
Q11746,Wuhan,3,March,13.6,2.9,74.0
Q11746,Wuhan,4,April,19.7,5.1,79.9
Q11746,Wuhan,5,May,23.1,3.4,74.3
Q11746,Wuhan,6,June,25.9,13.2,80.5
Q11746,Wuhan,7,July,30.2,6.6,75.6
Q11746,Wuhan,8,August,31.3,1.3,68.3
Q11746,Wuhan,9,September,28.1,1.1,66.7
Q11746,Wuhan,10,October,19.2,1.9,69.0
Q11746,Wuhan,11,November,14.7,0.6,72.8
Q11746,Wuhan,12,December,6.7,0.4,61.9
Q5826,Xi'an,1,January,0.2,0.1,61.8
Q5826,Xi'an,2,February,2.2,0.5,65.1
Q5826,Xi'an,3,March,11.5,1.0,55.0
Q5826,Xi'an,4,April,18.9,1.2,57.0
Q5826,Xi'an,5,May,23.0,1.3,54.2
Q5826,Xi'an,6,June,27.1,1.1,49.0
Q5826,Xi'an,7,July,26.3,6.7,79.3
Q5826,Xi'an,8,August,28.5,1.4,64.4
Q5826,Xi'an,9,September,26.4,2.2,55.9
Q5826,Xi'an,10,October,16.0,1.2,68.8
Q5826,Xi'an,11,November,9.5,1.5,79.1
Q5826,Xi'an,12,December,1.6,0.1,60.3
Q6610,Yakutsk,1,January,-37.4,0.2,69.0
Q6610,Yakutsk,2,February,-32.1,0.0,69.8
Q6610,Yakutsk,3,March,-16.6,0.4,71.8
Q6610,Yakutsk,4,April,-4.0,0.1,63.8
Q6610,Yakutsk,5,May,8.2,0.4,52.0
Q6610,Yakutsk,6,June,17.9,0.4,47.7
Q6610,Yakutsk,7,July,21.0,0.7,62.8
Q6610,Yakutsk,8,August,15.8,0.7,67.8
Q6610,Yakutsk,9,September,5.7,1.1,74.8
Q6610,Yakutsk,10,October,-6.1,0.8,77.4
Q6610,Yakutsk,11,November,-21.4,0.3,77.2
Q6610,Yakutsk,12,December,-32.2,0.3,71.6
Q3768,Yamoussoukro,1,January,27.3,0.2,65.8
Q3768,Yamoussoukro,2,February,29.0,1.1,58.4
Q3768,Yamoussoukro,3,March,28.4,2.8,74.8
Q3768,Yamoussoukro,4,April,28.5,2.4,75.3
Q3768,Yamoussoukro,5,May,27.5,5.7,80.5
Q3768,Yamoussoukro,6,June,25.8,6.6,84.1
Q3768,Yamoussoukro,7,July,25.3,2.6,80.4
Q3768,Yamoussoukro,8,August,24.9,4.5,81.2
Q3768,Yamoussoukro,9,September,24.9,5.0,83.4
Q3768,Yamoussoukro,10,October,24.9,9.4,88.3
Q3768,Yamoussoukro,11,November,26.7,0.3,74.8
Q3768,Yamoussoukro,12,December,27.4,0.0,58.1
Q37995,Yangon,1,January,25.0,0.8,69.6
Q37995,Yangon,2,February,26.8,0.0,58.2
Q37995,Yangon,3,March,29.1,0.0,57.8
Q37995,Yangon,4,April,31.6,1.1,65.4
Q37995,Yangon,5,May,30.5,11.3,74.0
Q37995,Yangon,6,June,26.8,17.6,89.3
Q37995,Yangon,7,July,26.4,21.3,90.5
Q37995,Yangon,8,August,26.5,15.3,90.3
Q37995,Yangon,9,September,26.7,17.0,89.6
Q37995,Yangon,10,October,27.3,10.0,87.7
Q37995,Yangon,11,November,26.9,6.8,80.3
Q37995,Yangon,12,December,26.6,0.1,74.9
Q3808,Yaoundé,1,January,24.2,0.0,70.4
Q3808,Yaoundé,2,February,25.5,1.0,71.6
Q3808,Yaoundé,3,March,25.0,3.2,79.8
Q3808,Yaoundé,4,April,24.3,4.6,84.1
Q3808,Yaoundé,5,May,24.3,5.2,84.2
Q3808,Yaoundé,6,June,23.0,3.8,85.8
Q3808,Yaoundé,7,July,22.4,3.5,85.4
Q3808,Yaoundé,8,August,22.3,2.4,84.0
Q3808,Yaoundé,9,September,22.1,8.4,89.1
Q3808,Yaoundé,10,October,22.1,8.8,89.6
Q3808,Yaoundé,11,November,23.3,3.6,81.5
Q3808,Yaoundé,12,December,24.5,0.2,72.0
Q887,Yekaterinburg,1,January,-16.5,0.7,77.2
Q887,Yekaterinburg,2,February,-12.8,0.6,75.4
Q887,Yekaterinburg,3,March,-4.3,0.5,77.4
Q887,Yekaterinburg,4,April,6.9,1.3,66.6
Q887,Yekaterinburg,5,May,7.0,1.7,57.9
Q887,Yekaterinburg,6,June,18.9,3.3,65.8
Q887,Yekaterinburg,7,July,18.2,3.4,74.0
Q887,Yekaterinburg,8,August,15.0,2.0,78.2
Q887,Yekaterinburg,9,September,11.9,0.6,70.2
Q887,Yekaterinburg,10,October,2.7,0.5,70.3
Q887,Yekaterinburg,11,November,-3.2,1.1,81.0
Q887,Yekaterinburg,12,December,-6.7,0.6,84.3
Q805,Yemen,1,January,21.6,0.0,45.2
Q805,Yemen,2,February,24.9,0.0,43.3
Q805,Yemen,3,March,26.6,0.2,45.9
Q805,Yemen,4,April,29.0,0.3,42.3
Q805,Yemen,5,May,31.4,0.0,36.8
Q805,Yemen,6,June,33.4,0.0,31.8
Q805,Yemen,7,July,34.2,0.1,31.3
Q805,Yemen,8,August,31.3,1.3,45.9
Q805,Yemen,9,September,31.6,0.1,32.3
Q805,Yemen,10,October,28.2,0.0,39.1
Q805,Yemen,11,November,24.3,0.0,42.5
Q805,Yemen,12,December,19.4,0.0,37.8
Q1953,Yerevan,1,January,1.1,1.7,70.2
Q1953,Yerevan,2,February,3.1,0.5,60.3
Q1953,Yerevan,3,March,6.2,3.6,62.0
Q1953,Yerevan,4,April,15.8,0.7,52.3
Q1953,Yerevan,5,May,15.8,6.0,63.5
Q1953,Yerevan,6,June,24.3,1.1,43.0
Q1953,Yerevan,7,July,25.9,2.0,48.5
Q1953,Yerevan,8,August,27.3,0.1,40.5
Q1953,Yerevan,9,September,21.5,1.0,51.3
Q1953,Yerevan,10,October,12.6,2.5,58.3
Q1953,Yerevan,11,November,6.0,1.3,68.3
Q1953,Yerevan,12,December,0.5,0.6,69.2
Q38283,Yokohama,1,January,6.2,1.2,58.4
Q38283,Yokohama,2,February,7.2,3.7,66.5
Q38283,Yokohama,3,March,8.5,6.3,64.8
Q38283,Yokohama,4,April,15.7,4.4,78.2
Q38283,Yokohama,5,May,18.9,7.0,76.3
Q38283,Yokohama,6,June,22.2,9.4,81.1
Q38283,Yokohama,7,July,27.8,2.8,80.8
Q38283,Yokohama,8,August,28.6,5.0,76.1
Q38283,Yokohama,9,September,26.1,3.5,79.2
Q38283,Yokohama,10,October,20.2,5.2,78.7
Q38283,Yokohama,11,November,13.3,5.0,71.2
Q38283,Yokohama,12,December,7.7,0.0,57.6
Q42462,York,1,January,4.5,2.6,83.7
Q42462,York,2,February,7.2,3.4,85.4
Q42462,York,3,March,7.5,2.2,82.3
Q42462,York,4,April,9.0,3.3,75.9
Q42462,York,5,May,13.6,2.5,81.5
Q42462,York,6,June,13.9,1.9,75.2
Q42462,York,7,July,16.1,2.6,75.5
Q42462,York,8,August,16.7,1.5,72.2
Q42462,York,9,September,13.5,2.9,80.8
Q42462,York,10,October,11.1,2.4,83.4
Q42462,York,11,November,6.9,1.1,86.5
Q42462,York,12,December,7.4,2.9,84.8
Q1435,Zagreb,1,January,1.8,2.1,78.9
Q1435,Zagreb,2,February,7.7,1.3,77.7
Q1435,Zagreb,3,March,9.6,3.1,74.6
Q1435,Zagreb,4,April,12.6,1.3,69.5
Q1435,Zagreb,5,May,16.5,4.1,75.2
Q1435,Zagreb,6,June,21.2,3.3,72.7
Q1435,Zagreb,7,July,24.3,2.7,65.8
Q1435,Zagreb,8,August,24.7,3.3,68.0
Q1435,Zagreb,9,September,17.4,5.0,75.9
Q1435,Zagreb,10,October,13.2,3.2,83.8
Q1435,Zagreb,11,November,5.2,2.3,86.6
Q1435,Zagreb,12,December,2.5,1.4,81.3
Q953,Zambia,1,January,21.7,6.8,79.3
Q953,Zambia,2,February,23.6,1.7,64.9
Q953,Zambia,3,March,22.6,1.9,72.6
Q953,Zambia,4,April,21.5,0.8,65.5
Q953,Zambia,5,May,20.2,0.0,51.9
Q953,Zambia,6,June,18.4,0.0,50.1
Q953,Zambia,7,July,19.2,0.0,32.1
Q953,Zambia,8,August,21.1,0.0,33.8
Q953,Zambia,9,September,24.2,0.0,32.8
Q953,Zambia,10,October,24.7,0.7,40.7
Q953,Zambia,11,November,24.4,3.0,61.5
Q953,Zambia,12,December,24.4,2.6,60.3
Q157835,Zaporizhzhia,1,January,-0.5,2.5,85.3
Q157835,Zaporizhzhia,2,February,3.2,1.3,77.7
Q157835,Zaporizhzhia,3,March,5.1,1.0,73.5
Q157835,Zaporizhzhia,4,April,15.5,1.7,63.6
Q157835,Zaporizhzhia,5,May,16.5,0.7,50.5
Q157835,Zaporizhzhia,6,June,23.8,1.9,60.2
Q157835,Zaporizhzhia,7,July,27.6,0.4,47.7
Q157835,Zaporizhzhia,8,August,25.3,0.2,47.9
Q157835,Zaporizhzhia,9,September,21.4,0.8,45.8
Q157835,Zaporizhzhia,10,October,12.8,0.6,70.9
Q157835,Zaporizhzhia,11,November,4.6,1.0,77.1
Q157835,Zaporizhzhia,12,December,1.9,1.2,86.0
Q30340,Zhengzhou,1,January,1.7,0.4,56.7
Q30340,Zhengzhou,2,February,3.1,0.9,61.4
Q30340,Zhengzhou,3,March,11.7,1.5,53.2
Q30340,Zhengzhou,4,April,18.5,1.2,62.0
Q30340,Zhengzhou,5,May,23.5,1.7,51.7
Q30340,Zhengzhou,6,June,27.9,1.4,51.3
Q30340,Zhengzhou,7,July,27.6,11.3,80.8
Q30340,Zhengzhou,8,August,28.3,2.4,75.8
Q30340,Zhengzhou,9,September,24.2,2.4,66.9
Q30340,Zhengzhou,10,October,16.7,1.7,66.3
Q30340,Zhengzhou,11,November,11.6,1.2,66.1
Q30340,Zhengzhou,12,December,4.2,0.0,42.0
Q954,Zimbabwe,1,January,22.9,5.2,72.9
Q954,Zimbabwe,2,February,25.4,0.3,56.2
Q954,Zimbabwe,3,March,25.5,0.7,57.9
Q954,Zimbabwe,4,April,23.2,0.5,56.2
Q954,Zimbabwe,5,May,20.9,0.0,47.5
Q954,Zimbabwe,6,June,17.9,0.1,51.8
Q954,Zimbabwe,7,July,19.5,0.0,29.9
Q954,Zimbabwe,8,August,21.3,0.0,36.4
Q954,Zimbabwe,9,September,24.3,0.0,36.3
Q954,Zimbabwe,10,October,24.5,0.6,43.0
Q954,Zimbabwe,11,November,25.9,2.1,53.8
Q954,Zimbabwe,12,December,27.2,3.8,50.4
Q72,Zurich,1,January,1.7,3.4,85.1
Q72,Zurich,2,February,5.7,2.2,84.4
Q72,Zurich,3,March,7.2,4.0,79.7
Q72,Zurich,4,April,9.1,4.2,76.0
Q72,Zurich,5,May,13.7,5.6,78.5
Q72,Zurich,6,June,17.5,5.4,79.7
Q72,Zurich,7,July,20.2,4.3,77.7
Q72,Zurich,8,August,21.0,2.4,78.1
Q72,Zurich,9,September,14.5,4.8,82.2
Q72,Zurich,10,October,11.7,3.6,89.5
Q72,Zurich,11,November,5.1,3.0,89.1
Q72,Zurich,12,December,1.5,3.3,89.3
