destination_id,destination_name,practical_notes_text,mentions_visa,mentions_visa_on_arrival,mentions_visa_free
Q889,Afghanistan,"Fixed line service is available in major cities (digital in Kabul) and mobile phones in most cities. SIM cards are available and international calls to Europe/US typically cost less than USD0.5/minute. Outside of major cities your options are limited to a satellite phone.

An Afghanistan number should is of the form +93 30 539-0605 where ""93"" is the country code for Afghanistan, the next two digits are the area code and the remaining 7 digits are the ""local"" part of the subscriber number that can be called from within that particular area code using abbreviated dialing. You need to dial ""0"" in front of the geographic area code (of 20, 30, 40, 50 or 60 for fixed lines) from outside that particular area code (but when still within Afghanistan).

Mobile numbers in Afghanistan must always be dialled with all digits (10 digits, including a ""0"" prefixing the ""70n"" within Afghanistan), no matter where they are being called from. The 70n is a mobile prefix, not an ""area code"", as such and the third digit (the n part) denotes the original mobile network assigned.
An example mobile number looks like +93 700-202-496.

* Roshan +93 [tel:79&#x20;997&#x20;1333 79 997 1333]. The most reliable service with the widest coverage. SMS is possible to most countries. SIM cards cost USD5, local calls are Af 5/minute.
* Afghan Wireless Privately owned with 20% ownership by the government. AWCC has the only communications ring around the country offering high speed mobile and data services throughout all provinces. AWCC also offers the highest speed fibre-based connections to the outside world, with roaming to over 300 other operators in 120 countries. Services include Voice, FAX, GPRS and EDGE data services along with WiMAX and dedicated high speed internet service with 45MB links to NYC and 45MB links to Paris. SIM cards cost USD1, local calls are Af 4.99/minute billing in seconds.
* Areeba/MTN +93 [tel:77&#x20;222&#x20;2777 77 222 2777]. The cheapest cell service, offers the least coverage. SIM cards cost USD3, local calls are Af 5.5/minute.
*Etisalat +93 [tel:78&#x20;688&#x20;8888 78 688 8888]. A large network provider from the UAE, is the latest GSM network in Afghanistan. It became the first company to begin 3G services in early 2012.

* Thuraya is the most reliable satellite phone system.",False,False,False
Q222,Albania,"As of Sept 2021, Vodafone has the best coverage, with 4G in Tirana, the other main towns, and highways between. One and ALB have 4G in Tirana but less coverage elsewhere.

Generally, Vodafone or One will be the first choice for travellers. You can buy a local prepaid SIM card from 800 lek including some MB of data. After that, top up credits are 35 GB for 2,000 lek, or 6 GB for 600 lek (per month). As of October 2025, the cheapest Vodafone tourist pack is 2400 lek for 40 GB.

Note that Vodafone and One have special deals where when you install their app, you get an additional 10 GB for 1 month, or when you charge money onto your account, you get extra GB, like 3 GB for one month for a recharge of 600 lek with One. Also, it makes sense to ask in their shops for any specials as they often have packages which cannot be selected through their app but have a better price-value ratio, e.g. 32 GB for 1,000 lek with Vodafone.

You must provide a passport to purchase a prepaid SIM.

Many mobile providers in the Balkans provide free roaming across Balkan countries. So, in case you are planning to cross the border, ask on how to use the local SIM card in other Balkan countries. For instance, a One.al SIM card from Albania works flawlessly in North Macedonia and Kosovo with a regular Albanian package.

Many bars and restaurant have Wi-Fi readily available, just ask.

Besides that, Digicom (a DSL provider) uses the same default password for all their routers, which is ""20202020"". So, whenever you see a Wi-Fi named ""Digicom.al 2.4GHz"" or ""Digicom.al 5GHz"" just try this passphrase. Also, many places, guesthouses or restaurants seem to use the easy to remember ""12345678"" passphrase.",False,False,False
Q262,Algeria,"There are 3 main mobile services in Algeria - Mobilis, Djezzy and Ooredoo. It is easy to procure a pre-paid sim card for one of these operators at any airport, although Ooredoo generally has the fastest speeds. In September 2025, a SIM card with 100 GB of data was sold by Ooredoo for DA2500. There are several general stores all over the country which will sell you refill cards for these carriers.",False,False,False
Q228,Andorra,"Andorra's telecom providers are not part of the EU roaming zone so turn off your cell phone if you want to avoid hefty roaming charges, unless your plan allows you to roam in Andorra. If you wish to purchase a local SIM for use during your time in Andorra, Andorra Telecom sells SIMs for €15 with €15 credit preloaded. This is enough to purchase 1.5 GB of data.

Andorra is a well-connected country and has accepted the Internet with open arms. Almost as many people subscribe to the Internet as landline phones. Free public WiFi is available in parts of major towns, and many restaurants have WiFi as well.

thumb|A building with two mailboxes in the parish of [[La Massana]]
Uniquely, Andorra does not have its own postal service and instead relies on both the Spanish and French postal systems. You'll frequently see buildings with two mailboxes, and if you look closely you'll notice that one is for Correos (Spain) and one for La Poste (France). The main offices for both are in Andorra La Vella.

However, regular French and Spanish postage stamps are not valid for use in Andorra, and both postal services issue special stamps for use in Andorra only. Their stamps are also not interchangeable, so stamps issued by each postal service is not valid for sending mail using the other. Letters to Spain are cheaper if you use the Spanish postal service, while letters to France are cheaper if you use the French postal service. For letters to other countries, compare prices between the two postal services before you decide.

The French post office (Correus francesos) is at Carrer de Bonaventura Armengol is usually open M-F 08:30-14:30, Sa 09:00-11:59 Tel: +376 820 408

The Spanish post office (Correus espanyols) is open M-F 08:30-14:30, Sa 09:00-12:59 Tel: +376 820 257.",False,False,False
Q916,Angola,"thumb|Topography of Angola
thumb|Satellite imagery of Angola in 2022
At , Angola is the world's twenty-second largest country – comparable in size to Mali, or twice the size of France or of Texas. 

It lies mostly between latitudes 4° and 18°S, and longitudes 12° and 24°E. Angola borders Namibia to the south, Zambia to the east, the Democratic Republic of the Congo to the north-east and the South Atlantic Ocean to the west. The coastal exclave of Cabinda in the north has borders with the Republic of the Congo to the north and with the Democratic Republic of the Congo to the south. 

The nation's capital, Luanda, lies on the Atlantic coast in the northwest of the country.
Angola has a favourable coastline for maritime trade, with four natural harbours: Luanda, Lobito, Moçâmedes, and Tômbua. These natural indentations contrast with Africa's typical coastline of rocky cliffs and deep bays. 

Angola had a 2018 Forest Landscape Integrity Index mean score of 8.35/10, ranking it 23rd globally out of 172 countries. Its forest cover is around 53% of the total land area, equivalent to 66,607,380 hectares (ha) of forest in 2020, down from 79,262,780 hectares (ha) in 1990. In 2020, naturally regenerating forest covered 65,800,190 hectares (ha) and planted forest covered 807,200 hectares (ha). Of the naturally regenerating forest 40% was reported to be primary forest (consisting of native tree species with no clearly visible indications of human activity) and around 3% of the forest area was found within protected areas. For the year 2015, 100% of the forest area was reported to be under public ownership.

thumb|300x300px|Angola map of Köppen climate classification
Like the rest of tropical Africa, Angola experiences distinct, alternating rainy and dry seasons. In the north, the rainy season may last for as long as seven months—usually from September to April, with perhaps a brief slackening in January or February. In the south, the rainy season begins later, in November, and lasts until about February. The dry season (cacimbo) is often characterised by a heavy morning mist. In general, precipitation is higher in the north, but at any latitude it is greater in the interior than along the coast and increases with altitude. Temperatures fall with distance from the equator and with altitude and tend to rise closer to the Atlantic Ocean. Thus, at Soyo, at the mouth of the Congo River, the average annual temperature is about 26&nbsp;°C, but it is under 16&nbsp;°C at Huambo on the temperate central plateau. The coolest months are July and August (in the middle of the dry season), when frost may sometimes form at higher altitudes.

Due to climate change, Angola's annual average temperature has increased by 1.4.°C since 1951, and is expected to keep rising while rainfall is becoming more variable. Angola is highly vulnerable to climate change impacts. Natural hazards such as floods, erosion, droughts, and epidemics (e.g.: malaria, cholera and typhoid f",False,False,False
Q781,Antigua and Barbuda,"thumb|Antiguan city lights seen from the [[South Coast, Barbuda|South Coast of Barbuda. Light pollution is a major problem in the country.https://www.antiguanice.com/client.php?id=920&news=10952|300x300px]]
Limestone formations, rather than volcanic activity, have had the most impact on the topography of both Antigua and Barbuda, which are both relatively low-lying islands. Boggy Peak, also known as Mt. Obama from 2008 to 2016, is the highest point on both Antigua and Barbuda. It is the remnant of a volcanic crater and rises a total of 402 meters. Boggy Peak is located in the southwest of Antigua (1,319 feet).

Both of these islands have very irregularly shaped coastlines that are dotted with beaches, lagoons, and natural harbours. There are reefs and shoals that surround the islands on all sides. Because of the low amount of rainfall, there are not many streams. On neither of these islands can sufficient quantities of fresh groundwater be found.

Redonda is a small, uninhabited island located about 40 kilometres (25 miles) to the south-west of Antigua. Redonda is a rocky island.

In Antigua and Barbuda, forest cover is about 18% of the total land area, equivalent to 8,120 ha of forests in 2020, down from 10,110 ha in 1990.

Antigua and Barbuda consists mostly of its two namesake islands, Antigua, and Barbuda. Other than that, Antigua and Barbuda's biggest islands are Guiana Island and Long Island off the coast of Antigua, and Redonda island, which is far from both of the main islands.

Rainfall averages per year, with the amount varying widely from season to season. In general, the wettest period is between September and November. The islands generally experience low humidity and recurrent droughts. Temperatures average , with a range from to in the winter to from to in the summer and autumn. The coolest period is between December and February.

Hurricanes are common, including the powerful Category 5 Hurricane Irma, on 6 September 2017, which damaged 95% of the structures on Barbuda. Some 1,800 people were evacuated to Antigua.

Officials quoted by Time indicated that over $100&nbsp;million would be required to rebuild homes and infrastructure. Philmore Mullin, Director of Barbuda's National Office of Disaster Services, said that ""all critical infrastructure and utilities are non-existent – food supply, medicine, shelter, electricity, water, communications, waste management"". He summarised the situation as follows: ""Public utilities need to be rebuilt in their entirety... It is optimistic to think anything can be rebuilt in six months ... In my 25 years in disaster management, I have never seen something like this.""",False,False,False
Q414,Argentina,"thumb|Cybercafé with public phones in Rosario
You can get a prepaid Movistar / Claro / Personal SIM card for a few pesos / free at phone shops, all you pay is about ARS20 (about US$5) for your initial credits. Inserting the SIM card into your unlocked mobile phone should work, although to register the SIM you might have to enter your passport (or any 9 digit) number. You then have your personal Argentinian phone number, which is very useful to keep in touch with other travellers, either by calling or by writing text messages. Calls cost around ARS1 per minute. Still, having to register the SIM card is extremely rare.

Receiving calls is usually free, except for international calls, and some cross network / inter-city calls. Hence, buying a SIM card purely to keep in touch with people overseas may not be worth it.

To reload you can buy small cards with secret numbers at many kiosks, but the easiest way is just to ask for ""Recarga Virtual"" and tell the shop assistant your Phone number and company, and the amount of pesos you want to recharge.

Not related to mobile phones, there are similar cards with credits for international calls. You get them at so called locutorios, where you can also use the phone booths. You dial a free number to connect to the service, then your secret number for the credits, and then the international phone number you want to call. Using these cards, a one-hour call to Europe will cost about 10 Pesos (3 US-Dollars). Don't call without such cards or even from your hotel — it will be way more expensive.

The phone numbering plan in Argentina is hopelessly complicated for foreigners. Do check out the Wikipedia article about it to find out more.

* Directory Listing (The White Pages): 110
* International Operator: 000
* National Operator: 19
* Collect National Calls: 19 from regular phones, *19 from public phones
* Mobile phone numbers start with 15 or 11
* Regional code for Buenos Aires: 011

Other useful phone numbers include:
* Official Time: 113
* Consumer Advocacy: +54 11 5382-6216 or 6217

All 2 and 3-digit numbers are free, except the official time service (113).

All 0800 numbers are toll-free numbers, except if you call from a mobile phone.

Long-distance calls from Argentina:
You may use calling card, ARS0.18/min or ARS0.59/min for calling from Argentina to the United States.

Most cafés and restaurants offer free Wi-Fi with an advertisement in their windows. All you need to do is buy a coffee and ask for the password. Public Wi-Fi is also very common in Buenos Aires with great speeds. The network name will be BA Wifi",False,False,False
Q399,Armenia,"thumb|Beeline store in Yerevan
Yerevan is full of cafes with free wifi. These are beginning to pop up in a number of towns outside of Yerevan as well. Many hotels and cafes provide WiFi for their guests. International calling is available through prepaid mobile phone cards using a landline. Mobile phone companies often offer special prefixes to dial before the number to use VoIP, which is extremely cheap, and a good quality call. Short-term mobile phone rental is also possible. Regular calls can always be made from the post office, and is cheap within Armenia, but a bit expensive for international calls. Try to find a phone office that uses the internet for much cheaper rates. Local calls can be made from kiosks or the rare payphone.

Phone numbers in Armenia are of the form +374 312 57659 where ""374"" is the country code for Armenia, the next 2-5 digits (starting with a 1, 2, 3 or 4 in the case of land lines) are the area code and the remaining 3 to 6 digits are the ""local"" part of the subscriber number that can be called from within that particular area code using abbreviated dialing.

Area codes starting with 6 have been assigned to Internet telephony service providers to provide non-geographically based numbers. Mobile phone numbers have two digit mobile prefixes denoting the original network and all begin with a 9 (Nagorno-Karabakh mobile networks that used to start with a 7 have now been re-numbered to 97).

You must dial ""0"" in front of the geographic area code from outside that particular area code (but when still within Armenia).

Mobile numbers in Armenia must always be dialed with all digits (including a ""0"" prefixing the ""9n"" from within Armenia), no matter where they are being called from. The 9n is a mobile prefix, not an ""area code"", as such and the second and sometimes third digits (the n part) des the original mobile network assigned. As is the case with most mobile numbers, they can also be called within or outside Armenia using the international format. Most Armenian toll-free numbers and Premium Rate Numbers can not be called from outside Armenia. These numbers have the format 800-23-456.

There are three GSM service providers operating in Armenia. It is strongly advised to acquire a temporary prepaid SIM card as they are cheap and convenient, allowing both local and international calls, no charge for incoming calls and no monthly fee. Mobile internet and UMTS are also offered from all companies, as are the normal full range of wireless services.

VivaCell MTS has booths offering free SIM-Cards to incoming visitors at the airport. The majority of foreign visitors find their unlocked mobile phones compatible with Armenian SIM cards (GSM 900/1800). GSM coverage maps of Armenia.

*VivaCell MTS is the leading GSM service provider in Armenia and offers quality service at reasonable rates (owned by the Russian giant MTS). They have the best coverage outside of Yerevan. A VivaCell MTS pre-paid SIM card (""ALO"" card) costs 1",False,False,False
Q21203,Aruba,"thumb|upright=1.2|Geological map of Aruba
Aruba is located 77&nbsp;km (48&nbsp;mi) west of Curaçao and 29&nbsp;km (18&nbsp;mi) north of Paraguaná Peninsula of Venezuela. Aruba showcases three distinct landscapes. The northwestern region is primarily characterised by flat batholith landscapes. Notable landmarks include the conical Hooiberg hill and rock formations like Ayo and Casibari. Moreover, the northeastern part of the island features the oldest formations known as the Aruba Lava Formation. This region is marked by rolling hills, including Jamanota, and is home to Arikok National Park, and limestone terraces surround these two landscapes. The low-lying limestone terrace regions are defined by their white sandy beaches and the high plateaus on the north side of the island, in contrast, are constantly battered by the rough waters of the ocean, featuring caves and small natural bridge formations.

The arid landscape in Aruba is not solely a product of its climate but is also a consequence of extensive deforestation and exploitation during the Spanish colonisation of the island. Consequently, certain crops, such as aloe vera, thrive in this environment due to the high calcium-rich soil known as liming. As of 2022, Aruba only has 2.3% of forest-covered land area and only 0.5% of protected natural area. The Aruba Conservation Foundation, established in 2003, oversees the management of the conservation of 16 established protected areas, which encompass a total of nearly 25% of the island's surface, as well as four Marine protected areas (MPAs)ACF, Aruba Conservation Foundation. est. 2003. vis. 2025. https://acf.aw/nature-conservation The Arikok National Park, established as formal conservation land in 2000, covers 20% of the island.This Rare Earth. vis. 2025 https://thisrareearth.com/arikok-national-park-aruba/ Forest cover is around 2% of the total land area, equivalent to 420 hectares (ha) of forest in 2020, which was unchanged from 1990. None of the forest was reported to be primary forest (consisting of native tree species with no clearly visible indications of human activity), and no forest area was found within protected areas.

The geography includes naturally formed rooi or gullies that channel rainwater towards dams and ultimately the ocean. Other than Arikok National Park, the Bubali Bird Sanctuary is the only significant body of water on the island that holds the status of protected nature reserve and serves as a brackish water lagoon.

Aruba is divided into eight regions for census purposes, with no administrative function. Some correspond to parishes and include several community facilities.
thumb|Regions of Aruba
{| class=""wikitable sortable"" style=""margin-bottom: 0;""
|-
! Name !! Area (km2) !! Population 1991 census !! Population 2000 census !! Population 2010 census !! Population 2020 census
|-
| Noord || || || || || 
|-
| Oranjestad West || || || || || 
|-
| Oranjestad East || || || || || 
|-
| Paradera || || || || |",False,False,False
Q408,Australia,"thumb|upright=1.3|right|alt=Map showing the topography of Australia, showing some elevation in the west and very high elevation in mountains in the south-east|Topographic map of Australia. Dark green represents the lowest elevation and dark brown the highest

Australia consists of the mainland Australian continent, the island of Tasmania, numerous smaller offshore islands, and the remote offshore territories of Ashmore and Cartier Islands, Christmas Island, Cocos (Keeling) Islands, Coral Sea Islands, Heard and McDonald Islands, and Norfolk Island. Australia also claims about 42% of Antarctica as the Australian Antarctic Territory, but this claim is only recognised by four other countries.

Mainland Australia lies between latitudes 9° and 44° south, and longitudes 112° and 154° east. Surrounded by the Indian and Pacific oceans, Australia is separated from Asia by the Arafura and Timor seas, with the Coral Sea lying off the Queensland coast, and the Tasman Sea lying between Australia and New Zealand. The Great Barrier Reef, the world's largest coral reef, lies a short distance off the north-east coast and extends for more than .

The mainland is the world's smallest continent and the country is the sixth-largest by total area. Australia is sometimes considered the world's largest island and is often dubbed the ""island continent"". It has of coastline (excluding all offshore islands), and claims an exclusive economic zone of . This exclusive economic zone does not include the Australian Antarctic Territory.

thumb|upright=1.0|left|[[Fitzroy Island (Queensland)|Fitzroy Island, one of the 600 islands within the main archipelago of the Great Barrier Reef]]Most of Australia is arid or semi-arid. In 2021, Australia had 10% of the global permanent meadows and pastureland. Forest cover is about 17% of Australia's land area. The Australian mainland is relatively flat, with an average height of compared with for all continents. The Great Dividing Range runs along most of eastern Australia, dividing the central lowlands from the eastern highlands. At , Mount Kosciuszko is the highest mountain on the mainland. Taller are Mawson Peak, at , on Heard Island, and, in the Australian Antarctic Territory, Mount McClintock and Mount Menzies, at and respectively.thumb|upright=1.0|right|[[Uluru in the semi-arid region of Central Australia]]The Murray-Darling is the major river system, draining most of inland New South Wales and Southern Queensland towards Lake Alexandrina and the sea in South Australia. There are also smaller coastal river systems, inland drainage systems such as the Lake Eyre system, and salt lake systems in central and western Australia. Australia's rivers have the lowest discharge into the sea of any continent. The mainland's flat, arid profile also makes its rivers slow-moving, resulting in a build up of salt on the land. Salinisation adversely affects Australia's soil which is, on average, poor in nutrients compared with world standar",False,False,False
Q40,Austria,"The international code for Austria is +43.

Phone boxes are getting rare. Phone boxes usually operate with prepaid cards which can be obtained from postal offices and kiosks (German:Trafik).

Phone numbers have an area code followed by the phone number itself. Toll-free numbers are denoted by 0800, service lines priced like local calls are setting off with 0810 whereas numbers starting with 0900, 0901, 0930 or 0931 are expensive service lines charging up to per minute. 05 is ""shared cost"" (usually a bit more expensive than landline/mobile), beware of the exception 05133 though which is the Austrian federal police prefix. 0720 is VOIP/virtual - usually billed at landline rates regardless of location.

Austria has good GSM and 3G (UMTS) network coverage of nearly 100%. Be aware that some remote areas (especially mountainous areas) do not have network coverage, though this rather the exception than the rule. Even the Vienna underground lines do have coverage.

Austria has three network operators: A1, Magenta and Drei. Also, there is a big number of providers, which will operate in one of these three networks.

The cheapest (discounted) providers are HoT, spusu, bob and yesss.

You may often purchase a prepaid SIM card for Austria before you depart from an online vendor which can be convenient as you get instructions in English and your cell phone number before you depart.

Internet cafes are common in bigger cities. Hotels in cities do normally have internet terminals, more expensive hotels provide internet access directly in the rooms. There are many free WiFi Hotspots (""Gratis WLAN""), each McDonald's has free WiFi (unlimited Time and Traffic) and there is also free WiFi at most of the trains and railway stations.

Mobile broadband providers in Austria are some of the cheapest and fastest in Europe, and 4G coverage is excellent most populated areas. Several providers offer pay-as-you-go plans that are open to non-residents, don't require registration, and can be topped up with vouchers available in stores, at the ATM, or online.

[http://www.bob.at/bobwertkarte Bob offers a SIM or Micro-SIM with 1 GB of traffic on a pay-as-you-go plan. Additional traffic can be booked on a data plan (""Datenpaket"" at a rate of per GB. Beware of higher rates for traffic (/MB) if no data plan is booked. Available at all post offices and some supermarkets. (Ask for ""Bob Breitband Startpaket"", ). SIMs come with a working cell number, and are also available bundled with a USB Modem without a contract. (2011)

[https://www.yesss.at/diskont-surfen/grundoption/4/8/d7949fdc715c3d761f2efc83091f4e03 Yesss (an A1 subsidiary) offers SIM or Micro-SIM-cards with 1 GB of traffic for and a pay-as-you go plan. Additional traffic can be bought for for 2GB. Available at Hofer Supermarkets (ask for ""Yesss startpaket"" at the cashier). SIMs come with a working cell number, and are also available bundled with a USB modem without a contract. (2011)

A1 offers mobile internet pr",False,False,False
Q227,Azerbaijan,"Ever at the crossroads between east and west, Azerbaijan has seen the comings and goings of several great empires.

Some of the country's best attractions are the Gobustan petroglyphs. These are the markings of people who lived in the area 40,000 - 5,000 years ago. Scythians and Iranian Medes occupied the area in around 900–700 BCE. The Achaemenids made things interesting by introducing Zoroastrianism in around 550 BCE. Later, the area was on the fringes of Alexander the Great's empire and the Roman Empire.

Christianity came in the fourth century but disappeared when the area became part of the second Islamic (Umayyad) Caliphate in the 7th century. Various local kingdoms emerged after the Umayyad Caliphate fell in 750 CE, before the Mongols conquered Azerbaijan in the 11th century.

After the various Mongol empires withdrew, the area fell to the Persians. Persian control was not tight and highly independent khanates controlled the region until the Russian Empire expanded southward in the early 19th century. The traditional Azeri lands ended up being split between Persia and the Russian Empire; today's Republic of Azerbaijan comprised the part of the Azeri lands that were ceded to the Russian Empire, while the parts that Persia retained control of remain part of Iran as Iranian Azerbaijan. Oil was first drilled here in the late 19th century.

The fall of the Russian Empire saw the brief emergence of the Azerbaijan Democratic Republic in 1918. However, Lenin realized that the region's oil was vital to the Soviet army and, along with Georgia and Armenia, Azerbaijan was rolled into the USSR by the 1920s. Azerbaijan's oil was vital again to the Soviets in the Second World War, in which 250,000 of the country's 3.4 million people were killed at the front.

As Soviet control weakened in 1991, the mostly ethnic Armenian Nagorno-Karabakh region, backed by Armenia, fought for independence from Azerbaijan, and ethnically cleansed its Azeri population. Azerbaijan lost 14% of its territory and gained some 800,000 refugees and internally displaced, and also ethnically cleansed its Armenian population. Despite a 1994 cease-fire, the status of Nagorno-Karabakh was not resolved until 2023, when a new Azerbaijani offensive resulted in the surrender of the rebels. Nagorno-Karabakh's ethnic Armenian population has mostly fled to Armenia, and the area is expected to be repopulated with ethnic Azeris. Since independence, Turkey has been Azerbaijan's closest ally, though unlike U.S.-aligned Georgia, relations between Azerbaijan and Russia remain cordial.

The majority of the population (over 92%) is composed of Azeris, who share a culture very similar to Turkey. Azeris are also Iran's largest ethnic minority, with Iran having a larger Azeri population than independent Azerbaijan, although over time the influence of Russian and Persian culture produced some differences between the Azeris of Azerbaijan and the Azeris of Iran. In particular, almost two ce",False,False,False
Q398,Bahrain,"thumb|Topography|upright=1.2
Bahrain is a generally flat and arid archipelago in the Persian Gulf. It consists of a low desert plain rising gently to a low central escarpment with the highest point the Mountain of Smoke (Jabal ad Dukhan). Bahrain had a total area of but due to land reclamation, the area increased to .

Often described as an archipelago of 33 islands, extensive land reclamation projects have changed this; by August 2008 the number of islands and island groups had increased to 84. Bahrain does not share a land boundary with another country but does have a coastline. The country also claims a further of territorial sea and a contiguous zone. Bahrain's largest islands are Bahrain Island, the Hawar Islands, Muharraq Island, Umm an Nasan, and Sitra. Bahrain has mild winters and very hot, humid summers. The country's natural resources include large quantities of oil and natural gas as well as fish in the offshore waters. Arable land constitutes only 2.82% of the total area.

About 92% of Bahrain is desert with periodic droughts and dust storms, the main natural hazards for Bahrainis. In Bahrain forest cover is around 1% of the total land area, equivalent to 700 hectares (ha) of forest in 2020, up from 220 hectares (ha) in 1990. For the year 2015, 100% of the forest area was reported to be under public ownership.

Environmental issues facing Bahrain include desertification resulting from the degradation of limited arable land, coastal degradation (damage to coastlines, coral reefs, and sea vegetation) resulting from oil spills and other discharges from large tankers, oil refineries, distribution stations, and illegal land reclamation at places such as Tubli Bay. The agricultural and domestic sectors' over-utilisation of the Dammam Aquifer, the principal aquifer in Bahrain, has led to its salinisation by adjacent brackish and saline water bodies. A hydrochemical study identified the locations of the sources of aquifer salinisation and delineated their areas of influence. The investigation indicates that the aquifer water quality is significantly modified as groundwater flows from the northwestern parts of Bahrain, where the aquifer receives its water by lateral underflow from eastern Saudi Arabia to the southern and southeastern parts. Four types of salinisation of the aquifer are identified: brackish-water up-flow from the underlying brackish-water zones in north-central, western, and eastern regions; seawater intrusion in the eastern region; intrusion of sabkha water in the southwestern region; and irrigation return flow in a local area in the western region. Four alternatives for the management of groundwater quality that are available to the water authorities in Bahrain are discussed and their priority areas are proposed, based on the type and extent of each salinisation source, in addition to groundwater use in that area.

thumb|Bahrain is the eleventh most water-stressed country in the world.
The Zagros Mountains ac",False,False,False
Q902,Bangladesh,"The country code for Bangladesh is 880. Add a 0 to make a call to any Bangladesh city or region outside the national capital.

It is not possible to access international information (directory assistance) easily. If you need international directory assistance, check the Internet telephone directories. You can also dial 17 or 16402 from any landline for operator assistance provided in Bengali. Or dial 121 from any Bangladeshi mobile phone for operator assistance in both English and Bengali.

Landlines aren't reliable sometimes, even when you can find them. The government owned Bangladesh Telephone Company Ltd. (BTCL) or formerly BTTB and generally known as T&T is the public sector phone company and the major landline service in the country.

Mobile phones are better and more widely available. In most towns they'll be your only option, and many shop owners let theirs double as PCOs/ISDs. Banglalink and Grameenphone are the most widely available, followed by Robi, Teletalk and Airtel. All work on the GSM network and offer voice and data packages at reasonable prices &ndash; usually about Tk 150 to get started. International calls are possible and often more reasonably priced than you would expect. Especially if you're calling the US or major European countries.

Internet is available nationwide in Bangladesh via the mobile phone network. You can also find free WiFi connectivity in some places in the cities. Cable Internet and fiber optic Internet connections are available in the cities. For the rural areas however, 4G mobile networks are the best option.

You can also use mobile data packs. All mobile networks or carriers or mobile operators such as Banglink, Grameenphone, Robi, Teletalk (government owned) and Airtel offer low cost 4G Internet voice and data packs which you can use with your smartphone. If you want internet on your laptop, you should buy a 4G flash modem from any mobile network or carrier. This modem will plug in the USB port of your laptop and provide seamless broadband internet access all over Bangladesh. The 4G flash modem can cost Tk 1000 to Tk 1300 and will come with a data (Internet) pack.

Bangladesh has some of the lowest voice and data prices in the world. You can buy 1GB data at Tk 50 or less from any mobile network. Just call the network's 24 hour call center by dialing 121. You can speak in English with call center agents.",False,False,False
Q184,Belarus,"There are 3 major GSM providers in Belarus, all of which offer prepaid SIM cards for Internet access and phone calls.
* MTS - Has the best coverage
* A1 - Has good coverage
* Life:) - Has the worst coverage of the 3 providers

You will need to show your passport at the point of purchase. All 3 service providers have plans geared for tourists that cost around 15 BYR and provide around 2GB of data, with more available for purchase at additional cost.

At places with free Wi-Fi, you will need to enter your cell phone number to receive a validation code via SMS.",False,False,False
Q31,Belgium,"Belgium has a modern telephone system with nationwide cellular telephone coverage, and multiple internet access points in all cities, free in most libraries. Also in multiple gas stations, NMBS/SNCB train stations and diners on the highways there is Wi-Fi available.

* Many cafés offer free Wi-Fi nowadays, but don't write it on the door for whatever reason...
* if you can't find any you can always fall back on Quick, McDonalds, Lunch Garden, Exki, Carrefour Planet or Starbucks which all offer free Wi-Fi.

Belgium has some of the slowest internet speeds in Western Europe.

Belgium uses the GSM standard of cellular phones (900&nbsp;MHz and 1800&nbsp;MHz bands) used in much of the world except parts of the Americas. There are three main companies (Proximus, Orange and Base, and a large number of MVNOs) offering wireless service. The country is almost totally covered.

It is no longer possible to buy anonymous prepaid SIM cards in Belgium as a result of new Belgian anti-terror legislation. Buying a SIM card in advance from Mobile Vikings now requires name and address registration. If you stay for some time, buy a pre-paid cell phone card that you can use in any phone that supports the GSM standard on the 900/1800&nbsp;MHz bands. With these cards, incoming calls and SMSes are generally free. You can get SIM cards for the three main companies in dedicated phone shops.

4G networks can be found almost anywhere, while 5G covers most cities.",False,False,False
Q242,Belize,"thumb|upright=1.5|[[OpenStreetMap map of Belize, showing landcover, protected areas, major cities and administrative divisions]]

Belize is on the Caribbean coast of northern Central America. It shares a border on the north with the Mexican state of Quintana Roo, on the west with the Guatemalan department of Petén, and on the south with the Guatemalan department of Izabal. To the east in the Caribbean Sea, the second-longest barrier reef in the world flanks much of the of predominantly marshy coastline. The area of the country totals , an area slightly larger than El Salvador, Israel, New Jersey, or Wales. The many lagoons along the coasts and in the northern interior reduces the actual land area to . It is the only Central American country with no Pacific coastline.

Belize is shaped roughly like a rhombus that extends about north-south and about east-west, with a total land boundary length of . The undulating courses of two rivers, the Hondo and the Sarstoon River, delineate much of the country's northern and southern boundaries. The western border follows no natural features and runs north–south through lowland forest and highland plateau.

The north of Belize consists mostly of flat, swampy coastal plains, in places heavily forested. The flora is highly diverse considering the small geographical area. The south contains the low mountain range of the Maya Mountains. The highest point in Belize is Doyle's Delight at .

Belize's rugged geography has also made the country's coastline and jungle attractive to drug smugglers, who use the country as a gateway into Mexico. In 2011, the United States added Belize to the list of nations considered major drug producers or transit countries for narcotics.

Belize has a rich variety of wildlife because of its position between North and South America and a wide range of climates and habitats for plant and animal life. Belize's low human population and approximately of undistributed land make for an ideal home for the more than 5,000 species of plants and hundreds of species of animals, including armadillos, snakes, and monkeys.

The Cockscomb Basin Wildlife Sanctuary is a nature reserve in south-central Belize established to protect the forests, fauna, and watersheds of an approximately area of the eastern slopes of the Maya Mountains. The reserve was founded in 1990 as the first wilderness sanctuary for the jaguar and is regarded by one author as the premier site for jaguar preservation in the world.

In Belize forest cover is around 56% of the total land area, equivalent to 1,277,050 hectares (ha) of forest in 2020, down from 1,600,030 hectares (ha) in 1990. In 2020, naturally regenerating forest covered 1,274,670 hectares (ha) and planted forest covered 2,390 hectares (ha). Of the naturally regenerating forest 0% was reported to be primary forest (consisting of native tree species with no clearly visible indications of human activity) and around 59% of the forest area was found within pro",False,False,False
Q962,Benin,"thumb|Map of Köppen climate classification
The north–south strip of land in West Africa lies between latitudes 6° and 13°N, and longitudes 0° and 4°E. It is bounded by Togo to the west, Burkina Faso and Niger to the north, Nigeria to the east, and the Bight of Benin to the south. The distance from the Niger River in the north to the Atlantic Ocean in the south is about . Although the coastline measures , the country measures about at its widest point. Four terrestrial ecoregions lie within Benin's borders: Eastern Guinean forests, Nigerian lowland forests, Guinean forest-savanna mosaic, and West Sudanian savanna. It had a 2018 Forest Landscape Integrity Index mean score of 5.86/10, ranking it 93rd globally out of 172 countries.

thumb|[[Atakora Department|Atakora, one of Benin's two northernmost departments]]
Benin shows some variation in elevation and can be divided into four areas from the south to the north, starting with the lower-lying, sandy, coastal plain (highest elevation ) which is, at most, wide. It is marshy and dotted with lakes and lagoons communicating with the ocean. Behind the coast lies the Guinean forest-savanna mosaic-covered plateaus of southern Benin (altitude between ), which are split by valleys running north to south along the Couffo, Zou, and Ouémé Rivers.

This geography makes it vulnerable to climate change. With the majority of the country living near the coast in lower-lying areas, sea level rise could affect the economy and population. Northern areas will see additional regions become deserts.
An area of flatter land dotted with rocky hills whose altitude reaches extends around Nikki and Save.

A range of mountains extends along the northwest border and into Togo; these are the Atacora. The highest point, Mont Sokbaro, is at . Benin has fields, mangroves and remnants of forests. In the rest of the country, the savanna is covered with thorny scrub and dotted with baobab trees. Some forests line the banks of rivers. In the north and the northwest of Benin, the Reserve du W du Niger and Pendjari National Park has African bush elephants, lions, antelopes, hippopotamus and monkeys.. Pendjari National Park together with the bordering Parks Arli and W National Park in Burkina Faso and Niger are among the strongholds of the lion in West Africa; with an estimated 246–466 lions, W-Arli-Pendjari harbors the largest remaining lion population in West Africa. Historically Benin has served as habitat for the endangered African wild dog, Lycaon pictus; this canid is thought to have been locally extinct.

Annual rainfall in the coastal area averages 1300&nbsp;mm or about 51&nbsp;inches. Benin has two rainy and two dry seasons per year. The principal rainy season is from April to late July, with a shorter, less intense rainy period from September to November. The main dry season is from December to April, with a cooler dry season from July to September. Temperatures and humidity are higher along the tropical coast. I",False,False,False
Q917,Bhutan,"thumb|upright=1.6|A topographic map of Bhutan
Bhutan is on the southern slopes of the eastern Himalayas, landlocked between the Tibet Autonomous Region of China to the north and the Indian states of Sikkim, West Bengal, Assam to the west and south, and the Indian state of Arunachal Pradesh to the east. It lies between latitudes 26°N and 29°N, and longitudes 88°E and 93°E. The land consists mostly of steep and high mountains crisscrossed by a network of swift rivers that form deep valleys before draining into the Indian plains. In fact, 98.8% of Bhutan is covered by mountains, which makes it the most mountainous country in the world. Elevation rises from in the southern foothills to more than . This great geographical diversity combined with equally diverse climate conditions contributes to Bhutan's outstanding range of biodiversity and ecosystems.
thumb|left|Snowfall in Bhutan
Bhutan's northern region consists of an arc of Eastern Himalayan alpine shrub and meadows reaching up to glaciated mountain peaks with an extremely cold climate at the highest elevations. Most peaks in the north are over above sea level; the highest point is -tall Gangkhar Puensum, which has the distinction of being the highest unclimbed mountain in the world. The lowest point, at , is in the valley of Drangme Chhu, where the river crosses the border with India. Watered by snow-fed rivers, alpine valleys in this region provide pasture for livestock, tended by a sparse population of migratory shepherds.

The Black Mountains in Bhutan's central region form a watershed between two major river systems: the Mo Chhu and the Drangme Chhu. Peaks in the Black Mountains range between above sea level, and fast-flowing rivers have carved out deep gorges in the lower mountain areas. The forests of the central Bhutan mountains consist of Eastern Himalayan subalpine conifer forests in higher elevations and Eastern Himalayan broadleaf forests in lower elevations. The Woodlands of the central region provide most of Bhutan's forest production. The Torsa, Raidāk, Sankosh, and Manas are Bhutan's main rivers, flowing through this region. Most of the population lives in the central highlands.

In the south, the Sivalik Hills are covered with dense Himalayan subtropical broadleaf forests, alluvial lowland river valleys, and mountains up to around above sea level. The foothills descend into the subtropical Duars Plain, which is the eponymous gateway to strategic mountain passes (also known as dwars or dooars; literally, ""doors"" in Assamese, Bengali, Maithili, Bhojpuri, and Magahi languages). Most of the Duars is in India, but a -wide strip extends into Bhutan. The Bhutan Duars is divided into two parts, the northern and southern Duars.

The northern Duars, which abut the Himalayan foothills, have rugged, sloping terrain and dry, porous soil with dense vegetation and abundant wildlife. The southern Duars have moderately fertile soil, heavy savanna grass, dense, mixed jungle, and fres",False,False,False
Q750,Bolivia,"left|thumb|Satellite image of Bolivia: The western region is defined by the [[Andes|Andes Mountains and the Altiplano plateau, whereas the eastern region is characterized by the extensive lowland plains of the Amazon Basin.]]
Bolivia is located in the central zone of South America, between 57°26'–69°38'W and 9°38'–22°53'S. With an area of , Bolivia is the world's 28th-largest country, and the fifth largest country in South America, extending from the Central Andes through part of the Gran Chaco, Pantanal and as far as the Amazon. The geographic center of the country is the so-called Puerto Estrella (""Star Port"") on the Río Grande, in Ñuflo de Chávez Province, Santa Cruz Department.

The geography of the country exhibits a great variety of terrain and climates. Bolivia has a high level of biodiversity, considered one of the greatest in the world, as well as several ecoregions with ecological sub-units such as the Altiplano, tropical rainforests (including Amazon rainforest), dry valleys, and the Chiquitania, which is a tropical savanna. These areas feature enormous variations in altitude, from an elevation of above sea level in Nevado Sajama to nearly along the Paraguay River. Although a country of great geographic diversity, Bolivia has remained a landlocked country since the War of the Pacific. Puerto Suárez, San Matías and Puerto Quijarro are located in the Bolivian Pantanal. In Bolivia forest cover is around 47% of the total land area, equivalent to 50,833,760&nbsp;ha of forest in 2020, down from 57,804,720&nbsp;ha in 1990. In 2020, naturally regenerating forest covered 50,771,160&nbsp;ha and planted forest covered 62,600&nbsp;ha. Of the naturally regenerating forest 0% was reported to be primary forest (consisting of native tree species with no clearly visible indications of human activity) and around 24% of the forest area was found within protected areas. For the year 2015, 100% of the forest area was reported to be under public ownership.

Bolivia can be divided into three physiographic regions:
*The Andean region in the southwest spans 28% of the national territory, extending over . This area is located above altitude and is located between two big Andean chains, the Cordillera Occidental (""Western Range"") and the Cordillera Central (""Central Range""), with some of the highest spots in the Americas such as the Nevado Sajama, with an altitude of , and the Illimani, at . Also located in the Cordillera Central is Lake Titicaca, the highest commercially navigable lake in the world and the largest lake in South America; the lake is shared with Peru. Also in this region are the Altiplano and the Salar de Uyuni, which is the largest salt flat in the world and an important source of lithium.
*The Sub-Andean region in the center and south of the country is an intermediate region between the Altiplano and the eastern llanos (plain); this region comprises 13% of the territory of Bolivia, extending over , and encompassing the Bolivian",False,False,False
Q225,Bosnia and Herzegovina,"Bosnia and Herzegovina is in the western Balkans, bordering Croatia () to the north and west, Serbia () to the east, and Montenegro () to the southeast. It has a coastline about long surrounding the town of Neum.Field Listing&nbsp;– Coastline , The World Factbook, 22 August 2006 It lies between latitudes 42° and 46° N, and longitudes 15° and 20° E.

The country's name comes from the two alleged regions Bosnia and Herzegovina, whose border was never defined. Historically, Bosnia's official name never included any of its many regions until the Austro-Hungarian occupation.

The country is mostly mountainous, encompassing the central Dinaric Alps. The northeastern parts reach into the Pannonian Basin, while in the south it borders the Adriatic. The Dinaric Alps generally run in a southeast–northwest direction, and get higher towards the south. The highest point of the country is the peak of Maglić at , on the Montenegrin border. Other major mountains include Volujak, Zelengora, Lelija, Lebršnik, Orjen, Kozara, Grmeč, Čvrsnica, Prenj, Vran, Vranica, Velež, Vlašić, Cincar, Romanija, Jahorina, Bjelašnica, Treskavica and Trebević. The geological composition of the Dinaric chain of mountains in Bosnia consists primarily of limestone (including Mesozoic limestone), with deposits of iron, coal, zinc, manganese, bauxite, lead, and salt present in some areas, especially in central and northern Bosnia.

Overall, nearly 50% of Bosnia and Herzegovina is forested. Most forest areas are in the centre, east and west parts of Bosnia. Herzegovina has a drier Mediterranean climate, with dominant karst topography. Northern Bosnia (Posavina) contains very fertile agricultural land along the Sava river and the corresponding area is heavily farmed. This farmland is a part of the Pannonian Plain stretching into neighboring Croatia and Serbia. The country has only of coastline,Bosnia-and-Herzegovina Neum britannica.com , britannica.com, 9 September 2015 around the town of Neum in the Herzegovina-Neretva Canton. Although the city is surrounded by Croatian peninsulas, by international law, Bosnia and Herzegovina has a right of passage to the outer sea.

Sarajevo is the capital and largest city. Other major cities include Banja Luka and Prijedor in the northwest region known as Bosanska Krajina, Tuzla, Bijeljina, Doboj and Brčko in the northeast, Zenica in the central part of the country, and Mostar, the largest city in the southern region of Herzegovina.

There are seven major rivers in Bosnia and Herzegovina:

Phytogeographically, Bosnia and Herzegovina belongs to the Boreal Kingdom and is shared between the Illyrian province of the Circumboreal Region and Adriatic province of the Mediterranean Region. According to the World Wide Fund for Nature (WWF), the territory of Bosnia and Herzegovina can be subdivided into four ecoregions: Balkan mixed forests, Dinaric Mountains mixed forests, Pannonian mixed forests and Illyrian deciduous forests. The country had a 20",False,False,False
Q963,Botswana,"thumb|Botswana map of [[Köppen climate classification]]

At , Botswana is the world's 48th-largest country. It also has a mean altitude of roughly above sea level. Botswana is predominantly flat, tending towards gently rolling tableland. Botswana is dominated by the Kalahari Desert, which covers up to 70% of its land surface. thumb|The [[Okavango Delta]]The Limpopo River Basin, the major landform of all of southern Africa, lies partly in Botswana, with the basins of its tributaries, the Notwane, Bonwapitse, Mahalapye, Lotsane, Motloutse and the Shashe, located in the eastern part of the country. The Notwane provides water to the capital through the Gaborone Dam. The Chobe River meets with the Zambezi River at a place called Kazungula.

thumb|Zebras roaming the Okavango Basin
Botswana has diverse areas of wildlife habitat. In addition to the delta and desert areas, there are grasslands and savannas. Northern Botswana has one of the few remaining large populations of the endangered African wild dog. Chobe National Park in the Chobe District has the world's largest concentration of African elephants. The park covers about and supports about 350 species of birds. Botswana is part of the Kavango Zambezi Transfrontier Conservation Area (KAZA), along with Zimbabwe, Zambia, Namibia and Angola. Part of the agreement allows for the free movement of wildlife between the participating countries. 6 ""wildlife dispersal areas"" have been identified based on the historical migratory routes of wildlife

In Botswana forest cover is around 27% of the total land area, equivalent to 15,254,700 hectares (ha) of forest in 2020, down from 18,803,700 hectares (ha) in 1990. In 2020, naturally regenerating forest covered 15,254,700 hectares, of the naturally regenerating forest 0% was reported to be primary forest (consisting of native tree species with no clearly visible indications of human activity) and around 11% of the forest area was found within protected areas. For the year 2015, 24% of the forest area was reported to be under public ownership and 76% private ownership.

The Chobe National Park and Moremi Game Reserve (in the Okavango Delta) are major tourist destinations. Other reserves include the Central Kalahari Game Reserve located in the Kalahari Desert in Ghanzi District; Makgadikgadi Pans National Park and Nxai Pan National Park are in the Central District in the Makgadikgadi Pan.

Botswana faces two major environmental problems, drought and desertification, which are heavily linked. Three-quarters of the country's human and animal populations depend on groundwater due to drought. Groundwater use through deep borehole drilling has somewhat eased the effects of drought. Surface water is scarce in Botswana, and less than 5% of the agriculture in the country is sustainable by rainfall. In the remaining 95% of the country, raising livestock is the primary source of rural income. Approximately 71% of the country's land is used for communal grazing,",False,False,False
Q155,Brazil,"thumb|Payphones in [[Curitiba]]
Brazil has international telephone code 55 and two-digit area codes, and phone numbers are eight or nine digits long. Some areas used seven digits until 2006, meaning you might still find some old phone numbers which won't work unless you add another digit. (Mostly, try adding 2 or 3 at the beginning, or if it's an eight-digit number starting with 6 to 9 try adding a 9 at the beginning).

Eight-digit numbers beginning with digits 2 to 5 are land lines, while eight-digit or nine-digit numbers beginning with digits 6 to 9 are mobile phones.

All cities use the following emergency numbers:
* 190 - Police
* 192 - SAMU (Serviço de Atendimento Móvel de Urgência, Paramedics)
* 193 - Firefighters
However, if you dial 911 while in Brazil, you will be redirected to the police.

To dial to another area code or to another country, you must choose a carrier using a two-digit carrier code. Which carriers are available depends on the area you are dialing from and on the area you are dialing to. Carrier 21 (Embratel) is available in all areas.

The international phone number format for calls from other countries to Brazil is +55-(area code)-(phone number)

In Brazil:
* To dial to another area code: 0-(carrier code)-(area code)-(phone number)
* To dial to another country: 00-(carrier code)-(country code)-(area code)-(phone number)
* Local collect call: 90-90-(phone number)
* Collect call to another area code: 90-(carrier code)-(area code)-(phone number)
* International Collect Call: 000111 or through Embratel at 0800-703-2111

Public payphones use disposable prepaid cards, which come with 20, 40, 60 or 75 credits. The discount for buying cards with larger denominations is marginal. Phone booths are nearly everywhere, and all cards can be used in all booths, regardless of the owner phone company. Cards can be bought from many small shops, and almost all news agents sell them. The Farmácia Pague Menos sells them at official (phone company) price, somewhat cheaper. Calls to cell phones (even local) will use up your credits very quickly (nearly as expensive as international calls). Calling the USA costs about one real per minute.
It's possible to find all international and Brazilian phone codes on DDI and DDD phone codes.

When traveling to Brazil, even though it may seem best to carry your cell phone along, you should not dismiss the benefits of the calling cards to call the ones back home. Get yourself a Brazil calling card when packing for your trip.

Brazil has 4 national mobile operators: Vivo (Telefónica Group), Claro (Telmex/América Móvil Group), Oi and TIM (Telecom Italia Group), all of them running GSM, HSDPA/HSPA+ and LTE networks. There are also smaller operators, like Nextel (NII/Sprint Group) (with iDEN Push-To-Talk and HSPA+), CTBC-ALGAR (GSM and HSDPA in Triangulo Mineiro Region (Minas Gerais)), and Sercomtel (GSM and HSDPA in Paraná).

Pay-as-you-go (pré-pago chip) SIM cards for GSM phones are widely availa",False,False,False
Q921,Brunei,"thumb|upright=1.3|A topographic and geographic limits map of Brunei
Brunei is a Southeast Asian country consisting of two unconnected parts with a total area of on the island of Borneo. It has of coastline next to the South China Sea, and it shares a border with Malaysia. It has of territorial waters, and a exclusive economic zone.

About 97% of the population lives in the larger western part (Belait, Tutong, and Brunei-Muara), while only about 10,000 people live in the mountainous eastern part (Temburong District). The total population of Brunei is approximately 408,000 , of which around 150,000 live in the capital Bandar Seri Begawan.2001 Summary Tables of the Population Census. Department of Statistics, Brunei Darussalam Other major towns are the port town of Muara, the oil-producing town of Seria and its neighbouring town, Kuala Belait. In Belait District, the Panaga area is home to large numbers of Europeans expatriates, due to Royal Dutch Shell and British Army housing, and several recreational facilities are located there.

Most of Brunei is within the Borneo lowland rain forests ecoregion, which covers most of the island. Areas of mountain rain forests are located inland. In Brunei forest cover is around 72% of the total land area, equivalent to 380,000 hectares (ha) of forest in 2020, down from 413,000 hectares (ha) in 1990. In 2020, naturally regenerating forest covered 374,740 hectares (ha) and planted forest covered 5,260 hectares (ha). Of the naturally regenerating forest 69% was reported to be primary forest (consisting of native tree species with no clearly visible indications of human activity) and around 5% of the forest area was found within protected areas. For the year 2015, 100% of the forest area was reported to be under public ownership.

The climate of Brunei is tropical equatorial that is a tropical rainforest climate more subject to the Intertropical Convergence Zone than the trade winds and with no or rare cyclones. Brunei is exposed to the risks stemming from climate change along with other ASEAN member states.",False,False,False
Q219,Bulgaria,"There are three networks (A1, Yettel and Vivacom), all using the GSM/4G/3G/HDSPA standards. 5G coverage is being expanded; as of the beginning of 2023, most larger cities are covered. Phone service has almost full national coverage, with minor exceptions in the highest and the most remote parts of the mountains.

Free WiFi access is often available in public places such as libraries and in gas stations. Many pubs and hotels will also have free WiFi. Internet cafes are mostly a thing of the past; some of the few places that still provide to the public computers with internet access are the regional public libraries in the larger cities.",False,False,False
Q965,Burkina Faso,"thumb|Satellite image of Burkina Faso
upright=1.5|thumb|Map of Burkina Faso
Burkina Faso lies mostly between latitudes 9° and 15°&nbsp;N (a small area is north of 15°), and longitudes 6°&nbsp;W and 3°&nbsp;E.

It is made up of two major types of countryside. The larger part of the country is covered by a peneplain, which forms a gently undulating landscape with, in some areas, a few isolated hills, the last vestiges of a Precambrian massif. The southwest of the country, on the other hand, forms a sandstone massif, where the highest peak, Ténakourou, is found at an elevation of . The massif is bordered by sheer cliffs up to high. The average altitude of Burkina Faso is and the difference between the highest and lowest terrain is no greater than .

The country owes its former name of Upper Volta to three rivers which cross it: the Black Volta (or Mouhoun), the White Volta (Nakambé) and the Red Volta (Nazinon). The Black Volta is one of the country's only two rivers which flow year-round, the other being the Komoé, which flows to the southwest. The basin of the Niger River also drains 27% of the country's surface.

The Niger's tributaries – the Béli, Gorouol, Goudébo, and Dargol – are seasonal streams and flow for only four to six months a year. They still can flood and overflow, however. The country also contains numerous lakes – the principal ones are Tingrela, Bam, and Dem. The country contains large ponds, as well, such as Oursi, Béli, Yomboli, and Markoye. Water shortages are often a problem, especially in the north of the country.
right|thumb|[[Savannah near the Gbomblora Department, on the road from Gaoua to Batié]]

Burkina Faso lies within two terrestrial ecoregions: Sahelian Acacia savanna and West Sudanian savanna.

In Burkina Faso forest cover is around 23% of the total land area, equivalent to 6,216,400 hectares (ha) of forest in 2020, down from 7,716,600 hectares (ha) in 1990. In 2020, naturally regenerating forest covered 6,039,300 hectares (ha) and planted forest covered 177,100 hectares (ha). Of the naturally regenerating forest 0% was reported to be primary forest (consisting of native tree species with no clearly visible indications of human activity) and around 16% of the forest area was found within protected areas. For the year 2015, 100% of the forest area was reported to be under public ownership.

thumb|Map of [[Köppen climate classification]]

Burkina Faso has a primarily tropical climate with two very distinct seasons. In the rainy season, the country receives between of rainfall; in the dry season, the harmattan – a hot dry wind from the Sahara – blows. The rainy season lasts around four months, May/June to September, but is shorter in the north of the country. Three climatic zones can be defined: the Sahel, the Sudan-Sahel, and the Sudan-Guinea. The Sahel in the north typically receives less than of rainfall per&nbsp;year and has high temperatures, .

A relatively dry tropical savanna, the Sahel extends be",False,False,False
Q967,Burundi,"thumb|left|alt=tan colour map of Burundi with cities|Map of Burundi
One of the smallest countries in Africa, Burundi is landlocked and has an equatorial climate. Burundi is a part of the Albertine Rift, the western extension of the East African Rift. The country lies on a rolling plateau in the centre of Africa. Burundi is bordered by Rwanda to the north, Tanzania to the east and southeast, and the Democratic Republic of the Congo to the west. It lies within the Albertine Rift montane forests, Central Zambezian miombo woodlands, and Victoria Basin forest-savanna mosaic ecoregions.

The average elevation of the central plateau is , with lower elevations at the borders. The highest peak, Mount Heha at ,O'Mara, Michael (1999). Facts about the World's Nations. Bronx, New York: H.W. Wilson, p. 150, lies to the southeast of the largest city and economic capital, Bujumbura. The source of the Nile River is in Bururi province, where the eastern slope of the central mountain region in the country gives rise to the Rwanda River, one of the sources of the Nile River. This source is linked from Lake Victoria to its headwaters via the Ruvyironza River.Ash, Russell (2006). The Top 10 of Everything. New York City: Sterling Publishing Company. Lake Victoria is also an important water source, which serves as a fork to the Kagera River.Klohn, Wulf and Mihailo Andjelic. Lake Victoria: A Case in International Cooperation . Food and Agriculture Organization of the United Nations. Retrieved 20 July 2008.Budge, E. A. Wallace (1907), The Egyptian Sudan: Its History and Monuments. Philadelphia, Pennsylvania: J. B. Lippincott & Co. p. 352. Another major lake is Lake Tanganyika, located in much of Burundi's southwestern corner.

In Burundi forest cover is around 11% of the total land area, equivalent to 279,640 hectares (ha) of forest in 2020. In 1990, forest cover comprised only 276,480 hectares (ha) of total land cover. Burundi did not meet its target of increasing forests to 20% of land use by the year 2000, due to pressures of deforestation for logging, firewood, and agriculture. In 2015, 100% of the forest area was reported to be under public ownership. In the north, along the Congo-Nile ridge is the Bururi Forest Nature Reserve (RNFB), a 3,300 ha protected forest area. The area is home to chimpanzee and a number of important birds in the region. The RNFB also offers ecological benefits, including the absorption of seasonal flood waters. Other forest reserves include the Monge Forest Natural Reserve, established in the southwestern part of the country in 1989. But, illegal farming and desertification threaten the existence of these dense forest areas in the country. In addition to the expansion of subsistence agriculture and fuelwood collection, illegal logging threatens Burundi's forests.

There are two national parks: Kibira National Park to the northwest (a small region of rainforest, adjacent to Nyungwe Forest National Park in Rwanda), and Ruvubu N",False,False,False
Q424,Cambodia,"thumb|upright=1.5|Geographic map of Cambodia
thumb|upright=1.5|Regional map of Cambodia
Cambodia has an area of and lies entirely within the tropics, between latitudes 10° and 15°N, and longitudes 102° and 108°E. It borders Thailand to the north and west, Laos to the northeast, and Vietnam to the east and southeast. It has a coastline along the Gulf of Thailand.

Cambodia's landscape is characterised by a low-lying central plain that is surrounded by uplands and low mountains and includes the Tonle Sap (Great Lake) and the upper reaches of the Mekong River delta. Extending outward from this central region are transitional plains, thinly forested and rising to elevations of about above sea level. In Cambodia forest cover is around 46% of the total land area, equivalent to 8,068,370 hectares (ha) of forest in 2020, down from 11,004,790 hectares (ha) in 1990. In 2020, naturally regenerating forest covered 7,464,400 hectares (ha) and planted forest covered 603,970 hectares (ha). Of the naturally regenerating forest 4% was reported to be primary forest (consisting of native tree species with no clearly visible indications of human activity). For the year 2015, 100% of the forest area was reported to be under public ownership.

To the north the Cambodian plain abuts a sandstone escarpment, which forms a southward-facing cliff stretching more than from west to east and rising abruptly above the plain to heights of . This cliff marks the southern limit of the Dângrêk Mountains.

Flowing south through Cambodia's eastern regions is the Mekong River. East of the Mekong the transitional plains gradually merge with the eastern highlands, a region of forested mountains and high plateaus that extend into Laos and Vietnam. In southwestern Cambodia two distinct upland blocks, the Krâvanh Mountains and the Dâmrei Mountains, form another highland region that covers much of the land area between the Tonle Sap and the Gulf of Thailand.

In this largely uninhabited area, Phnom Aural, Cambodia's highest peak rises to an elevation of . The southern coastal region adjoining the Gulf of Thailand is a narrow lowland strip, heavily wooded and sparsely populated, which is isolated from the central plain by the southwestern highlands.

The most distinctive geographical feature is the inundations of the Tonle Sap, measuring about during the dry season and expanding to about during the rainy season. This densely populated plain, which is devoted to wet rice cultivation, is the heartland of Cambodia. Much of this area has been designated as a biosphere reserve.Tonle Sap -Man and the Biosphere Programme (MAB) . UNESCO.

thumb|[[Köppen climate classification map of Cambodia]]
Cambodia's climate, like that of the rest of Southeast Asia, is dominated by monsoons, which are known as tropical wet and dry because of the distinctly marked seasonal differences.

Cambodia has a temperature range from and experiences tropical monsoons. Southwest monsoons blow inland bringi",False,False,False
Q1009,Cameroon,"To make local and international calls you need to buy a pre-paid SIM card. Check if your cell phone has a compatible GSM standard (Africa/Europe) - if not, in addition to a SIM card you probably need to buy a new phone. ""MTN"" and ""Orange"" are two major telephone companies in Cameroon.

It had been possible to find Internet access all over the place, but the speed was often slow. In 2017, all Internet access was shut down in the largely-anglophone western portion of the country.

National post service is considered to be unreliable.",False,False,False
Q16,Canada,"thumb|right|upright=1.3|A topographic map of Canada, in polar projection (for 90° W), showing elevations shaded from green to brown (higher)|alt=refer to caption
By total area (including its waters), Canada is the second-largest country. By land area alone, Canada ranks fourth, due to having the world's largest area of fresh water lakes. Stretching from the Atlantic Ocean in the east, along the Arctic Ocean to the north, and to the Pacific Ocean in the west, the country encompasses of territory. Canada also has vast maritime terrain, with the world's longest coastline of . In addition to sharing the world's largest land border with the United States—spanning —Canada shares a land border with Greenland (and hence the Kingdom of Denmark) to the northeast, on Hans Island, and a maritime boundary with France's overseas collectivity of Saint Pierre and Miquelon to the southeast. Canada is also home to the world's northernmost settlement, Canadian Forces Station Alert, on the northern tip of Ellesmere Island—latitude 82.5°N—which lies from the North Pole. In latitude, Canada's most northerly point of land is Cape Columbia in Nunavut at 83°6′41″N, with its southern extreme at Middle Island in Lake Erie at 41°40′53″N. In longitude, Canada's land extends from Cape Spear, Newfoundland, at 52°37'W, to Mount St. Elias, Yukon Territory, at 141°W.

Canada can be divided into seven physiographic regions: the Canadian Shield, the Interior Plains, the Great Lakes–St. Lawrence Lowlands, the Appalachian region, the Western Cordillera, Hudson Bay Lowlands, and the Arctic Archipelago. Boreal forests prevail throughout the country, ice is prominent in northern Arctic regions and through the Rocky Mountains, and the relatively flat Canadian Prairies in the southwest facilitate productive agriculture. The Great Lakes feed the St. Lawrence River (in the southeast) where the lowlands host much of Canada's economic output. Canada has over 2,000,000 lakes—563 of which are larger than —containing much of the world's fresh water. There are also fresh-water glaciers in the Canadian Rockies, the Coast Mountains, and the Arctic Cordillera. Canada is geologically active, having many earthquakes and potentially active volcanoes.

upright=1.3|thumb|Köppen climate classification types of Canada
Average winter and summer high temperatures across Canada vary from region to region. Winters can be harsh in many parts of the country, particularly in the interior and Prairie provinces, which experience a continental climate, where daily average temperatures are near , but can drop below with severe wind chills. In non-coastal regions, snow can cover the ground for almost six months of the year, while in parts of the north snow can persist year-round. Coastal British Columbia has a temperate climate, with a mild and rainy winter. On the east and west coasts, average high temperatures are generally in the low 20s °C (70s °F), while between the coasts, the average summer high",False,False,False
Q1011,Cape Verde,"thumb|A topographic map of Cape Verde
thumb|A satellite photo of the Cape Verde islands, 2010
The Cape Verde archipelago is in the Atlantic Ocean, approximately off the western coast of the African continent, near Senegal, The Gambia, and Mauritania as well as part of the Macaronesia ecoregion. It lies between latitudes 14° and 18°N, and longitudes 22° and 26°W. The country is a horseshoe-shaped cluster of ten islands (nine inhabited) and eight islets, This article incorporates text from this source, which is in the public domain. that constitute an area of 4033&nbsp;km2 (1557 sq mi).

The islands are spatially divided into two groups:
*The Barlavento Islands (windward islands): Santo Antão, São Vicente, Santa Luzia, São Nicolau, Sal, Boa Vista; and
*The Sotavento Islands (leeward): Maio, Santiago, Fogo, Brava.
The largest island, both in size and population, is Santiago, which hosts the nation's capital, Praia, the principal urban agglomeration in the archipelago. Sal, Boa Vista, and Maio, are fairly flat, sandy, and dry; the other islands are generally rockier with more vegetation.thumb|The beach of Calhau, with Monte Verde in the background, on [[São Vicente, Cape Verde|São Vicente]]

The countryside in Estrada Baía das Gatas|thumb
thumb|Beach east of [[Curral Velho, Cape Verde|Curral Velho, Boa Vista]]
Geologically, the islands are principally composed of igneous rocks, with volcanic structures and pyroclastic debris comprising the majority of the archipelago's total volume. The volcanic and plutonic rocks are distinctly basic; the archipelago is a soda-alkaline petrographic province, with a petrologic succession similar to that found in other Macaronesian islands. The islands lie on a bathymetric swell known as the Cape Verde Rise.R. Ramalho et al., 2010 The rise is one of the largest protuberances in the world's oceans, rising in a semi-circular region of 1200&nbsp;km2 (460 sq mi), associated with a rise of the geoid.

Magnetic anomalies identified in the vicinity of the archipelago indicate that the structures forming the islands date back 125–150 million years: the islands date from 8 million (in the west) to 20 million years (in the east).Pim et al., 2008, p. 422 The oldest exposed rocks occurred on Maio and the northern peninsula of Santiago and are 128–131 million-year-old pillow lavas. The first stage of volcanism in the islands began in the early Miocene and reached its peak at the end of this period when the islands reached their maximum sizes. 

Historical volcanism (within human settlement) has been restricted to Fogo. Pico do Fogo, the largest active volcano in the region, erupted in 2014. It has an caldera, the rim of which is at an elevation of and an interior cone that rises to above sea level. The caldera resulted from subsidence, following the partial evacuation (eruption) of the magma chamber, along a cylindrical column from within the magma chamber (at a depth of ).

Extensive salt flats are found on Sal a",False,False,False
Q929,Central African Republic,"thumb|Falls of Boali on the Mbali River
thumb|A village in the Central African Republic
The Central African Republic is a landlocked nation within the interior of the African continent. It is bordered by Cameroon, Chad, Sudan, South Sudan, the Democratic Republic of the Congo, and the Republic of the Congo. The country lies between latitudes 2° and 11°N, and longitudes 14° and 28°E.

Much of the country consists of a flat or rolling plateau savanna approximately above sea level. In addition to the Fertit Hills in the northeast of the Central African Republic, there are scattered hills in the southwest regions. In the northwest is the Yade Massif, a granite plateau with an altitude of . The Central African Republic contains six terrestrial ecoregions: Northeastern Congolian lowland forests, Northwestern Congolian lowland forests, Western Congolian swamp forests, East Sudanian savanna, Northern Congolian forest-savanna mosaic, and Sahelian Acacia savanna.

At , the Central African Republic is the world's 44th-largest country.

Much of the southern border is formed by tributaries of the Congo River; the Mbomou River in the east merges with the Uele River to form the Ubangi River, which also comprises portions of the southern border. The Sangha River flows through some of the western regions of the country, while the eastern border lies along the edge of the Nile River watershed.

Around 36% of the country is covered by forest, with the densest parts generally located in the southern regions. The forests are highly diverse and include commercially important species of Ayous, Sapelli, and Sipo.""Sold Down the River (English)"" . forestsmonitor.org. The deforestation rate is about 0.4% per annum, and lumber poaching is commonplace.. CARPE 13 July 2007 The Central African Republic had a 2018 Forest Landscape Integrity Index mean score of 9.28/10, ranking it seventh globally out of 172 countries.

In 2008, Central African Republic was the world's least light pollution affected country.National Geographic magazine, November 2008

The focal point of the Bangui Magnetic Anomaly, one of the largest magnetic anomalies on Earth, is located within the country's capital.

thumb|upright=1.2|[[Köppen climate classification map of the Central African Republic]]
The climate of the Central African Republic is generally tropical, with a wet season that lasts from June to September in the northern regions of the country, and from May to October in the south. During the wet season, rainstorms are an almost daily occurrence, and early morning fog is commonplace. Maximum annual precipitation is approximately in the upper Ubangi region.Central African Republic: Country Study Guide volume 1, p. 24.

The northern areas are hot and humid from February to May,
 but can be subject to the hot, dry, and dusty trade wind known as the Harmattan. The southern regions have a more equatorial climate, but they are subject to desertification, while the extreme northeast r",False,False,False
Q657,Chad,"The rate of internet use is low – 10% of the population as of 2020 but steadily increasing. Mobile telecommunication is the easiest way to connect while travelling. You can buy SIM cards of one of the bigger telecommunication enterprises (Airtel & Moov) almost everywhere on the streets. Recharging Minutes to call or MB for internet connection is pretty simple and the way to go, since there is not many places that offer stable Wifi connections.

3G/4G coverage is limited to N'Djamena and a few other large towns. Receiving data outside of N'Djamena is only possible with a Chadian SIM and just now and then in the bigger towns (and outside of peak hours). 2G coverage is much more extensive.

A number of eSIM providers have products for Chad. Look at Airalo, easySim, Holafly and others. These are usually data only but you can buy before arrival and be up and running as soon as you arrive. Make sure your phone is eSIM compatible.

Social media sites including Facebook, Twitter, and WhatsApp have been intermittently blocked since March 2018 and then are only accessible via VPN.",False,False,False
Q298,Chile,"* Public phones on streets are very likely to be tampered or vandalized, so it's better to use a phone inside a business or a station.
* Prepaid cards for mobile phones and landlines are sold at most newspaper kiosks, supermarkets, gas stations, pharmacies and phone dealers.
* Mobile GSM networks are ubiquitous in all major cities and most of the territory of central and southern Chile.
* A basic prepaid cellular phone usually costs about 15,000 pesos, most frequently charged with 10,000 pesos worth of prepaid minutes. No ID is required to buy a prepaid phone.
* GSM SIM cards from ENTEL, Movistar or Claro are usually available for 5,000 pesos, but without credit, so you'll need to buy some prepaid minutes to be able to call.
* Money can be charged into a cellphone from almost any ATM using a credit or debit card and from some pharmacies (Ahumada, Cruz Verde and Salco Brand) on the counter and in cash. Also, one can charge money directly into the phone by using a credit card through an automated service operator, with directions in Spanish or English.
* Chilean phone numbering scheme is simple.

Since 2015, TV broadcasts in Chile are digital in the Japanese ISDB standard (also used in Brazil, Uruguay and Argentina). The main free-to-air television networks are the public TVN (Televisión Nacional de Chile) and the private national networks Mega, Chilevisión, Canal 13 and La Red. 24-hour free-to-air channels are rare; most signs-off around 2 am. On the other hand, many Chileans have access to pay TV and streaming, which are available 24/7.

Due to an initiative of the government, many rural towns nowadays have free WiFi somewhere in the centre (plaza) or near the bus station. However, the reliability of the Internet can vary.

Also, check if there are other Wi-Fi hotspot around. They're usually in metro stations, airports, malls, cafes, public buildings and several public spaces. (Check for the ones that say ""gratis""—for free.)

Furthermore, there are cybercafes in every major and midsize city and at all tourist destinations. Some libraries are in a program called Biblioredes, with free computers and Internet (they may be very sensitive if you plug in your camera or something like that). In some remote locations, public libraries have internet satellite connections.",False,False,False
Q739,Colombia,"It's simple enough to get a SIM card and even an unlocked phone at the international airport in Bogotá, although there is, of course, a price hike. They're not hard to find in any city either, just ask your hotel or hostel staff where to go. Topping up is also easy, and can be done pretty much on any street corner.

The carriers you'll most likely see are Claro, Tigo, and Movistar. Claro has the widest coverage in the country, if you expect to get off the beaten path. You can choose (as of Oct 2025) between: 
* 6 days 1.4GB for COP$7,500
* 15 days 20GB for COP$22,000
* 30 days 30GB for COP$32,000
* See the plans here
All of them have unlimited domestic calls and texting and many have unlimited WhastApp or Facebook. For recharging in a SuperGiro or lottery shop you simply write down or show your phone number and the price of the option. You can recharge online, if it's possible with your international credit card.

Virgin Mobile might be the best option if you want to have internet for a low price. It might take a bit longer to find a spot that sells the sim cards locate them here. As of Oct 2025 the plans are:

* 15 days 0.5GB for COP$4,500
* 15 days 5GB for COP$7,500
* 30 days 30GB for COP$22,000

{| class=""wikitable"" align=""right"" width=""400px""
|+ Colombian area codes
|-
! # !! Departments
|-
| 1 || Bogotá and Cundinamarca
|-
| 2 || Valle del Cauca, Cauca, Nariño
|-
| 3 || Mobile phones
|-
| 4 || Antioquia, Chocó, Córdoba
|-
| 5 || Atlántico, Bolívar, Cesar, La Guajira, Magdalena, Sucre
|-
| 6 || Caldas, Risaralda, Quindío
|-
| 7 || Norte de Santander, Santander, Arauca
|-
| 8 || Boyacá, Tolima, Huila, San Andrés and Providencia, Meta, Caquetá, Amazonas, Casanare, Vichada, Guainía, Vaupés, Guaviare, Putumayo
|}

From landlines:

To call from a landline to another local landline, dial the normal seven digits. To call from a landline to a mobile, dial twelve digits, always beginning with 03, followed by the ten digit number provided.

It's far more complex to make long-distance domestic calls or international calls. Ask whoever owns the phone to dial it for you. If that's not an option, buy a mobile phone. Seriously.

From mobiles and from abroad:

To call a Colombian landline from another country or from a mobile phone in Colombia, use the +57 country code then the eight digit number (the first of which is the area code). To dial to a mobile phone, dial +57 and then the ten digit number. You can also type ""00"" instead of the ""+"".

Colombia's official postal service is 4-72, though it is slow and unreliable. Locals rarely use the 4-72 service and usually rely on private courier companies to send mail, the largest of which is Servientrega. While in Colombia, you will notice that Servientrega branches are much more ubiquitous than post offices. However, it is very expensive for sending international mail.

Internet cafés are easy to find in any city or town. Expect rates depending on how much competition there is (i.e., cheap in Bogotá",False,False,False
Q970,Comoros,"thumb|upright=1.35|A map of the Comoros
The Comoros is formed by Ngazidja (Grande Comore), Mwali (Mohéli) and Ndzwani (Anjouan), three major islands in the Comoros Archipelago, as well as many minor islets. The islands are officially known by their Comorian-language names, though international sources still use their French names (given in parentheses above). The capital and largest city, Moroni, is located on Ngazidja and the most densely populated city is Anjouan. The archipelago is situated in the Indian Ocean, in the Mozambique Channel, between the African coast (nearest to Mozambique and Tanzania) and Madagascar, with no land borders.

At , it is one of the smallest countries in the world. The Comoros also has a claim to of territorial seas. The interiors of the islands vary from steep mountains to low hills.

The areas and populations (at the 2017 Census) of the main islands are as follows:Institut Nationale de la Statistique et Études Économiques et Démographiques, Comoros (web).
{| class=""sortable wikitable""
|-
! Name || Area km2|| Populationcensus 2017
|-
| Mwali ||align=""right""|211||align=""right""|51,567
|-
| Ngazidja ||align=""right""|1,024||align=""right""|379,367
|-
| Ndzwani ||align=""right""|424||align=""right""|327,382
|-
| Totals ||align=""right""|1,659||align=""right""|758,316
|}
Ngazidja is the largest of the Comoros Archipelago, with an area of 1,024&nbsp;km2. It is also the most recent island, and therefore has rocky soil. The island's two volcanoes, Karthala (active) and La Grille (dormant), and the lack of good harbours are distinctive characteristics of its terrain. Mwali, with its capital at Fomboni, is the smallest of the four major islands. Ndzwani, whose capital is Mutsamudu, has a distinctive triangular shape caused by three mountain chains – Shisiwani, Nioumakele and Jimilime – emanating from a central peak, ().
thumb|Grande Comore landscape
The islands of the Comoros Archipelago were formed by volcanic activity. Mount Karthala, an active shield volcano located on Ngazidja, is the country's highest point, at . It contains the Comoros' largest patch of disappearing rainforest. Karthala is currently one of the most active volcanoes in the world, with a minor eruption in May 2006, and prior eruptions as recently as April 2005 and 1991. In the 2005 eruption, which lasted from 17 to 19 April, 40,000 citizens were evacuated, and the crater lake in the volcano's caldera was destroyed.

The Comoros also lays claim to the Îles Éparses or Îles éparses de l'océan indien (Scattered Islands in the Indian Ocean) – Glorioso Islands, comprising Grande Glorieuse, Île du Lys, Wreck Rock, South Rock, (three islets) and three unnamed islets – one of France's overseas districts. The Glorioso Islands were administered by the colonial Comoros before 1975, and are therefore sometimes considered part of the Comoros Archipelago. Banc du Geyser, a former island in the Comoros Archipelago, now submerged, is geographically located in the Îles",False,False,False
Q26988,Cook Islands,"thumb|Map of the Cook Islands

The Cook Islands are in the South Pacific Ocean, north-east of New Zealand, between American Samoa and French Polynesia. There are 15 major islands spread over of ocean, divided into two distinct groups: the Southern Cook Islands and the Northern Cook Islands of coral atolls.""Cook Islands Travel Guide"" (with description), World Travel Guide, Nexus Media Communications, 2006. Webpage: WTGuide-Cook-Islands .

The islands were formed by volcanic activity; the northern group is older and consists of six atolls, which are sunken volcanoes topped by coral growth. The climate is moderate to tropical. The Cook Islands consist of 15 islands and two reefs. From March to December, the Cook Islands are in the path of tropical cyclones, the most notable of which were the cyclones Martin and Percy. Two terrestrial ecoregions lie within the islands' territory: the Central Polynesian tropical moist forests and the Cook Islands tropical moist forests.

{| class=""sortable wikitable""
! Islandgroup 
! Island
! Area(km2)
! Population
! Densityper km2
|-
| Northern
| Penrhyn atoll
| style='text-align:right;' | 10
| style='text-align:right;' | 233
| style='text-align:right;' | 24
|-
| Northern
| Rakahanga
| style='text-align:right;' | 4
| style='text-align:right;' | 81
| style='text-align:right;' | 20
|-
| Northern
| Manihiki
| style='text-align:right;' | 5
| style='text-align:right;' | 215
| style='text-align:right;' | 40
|-
| Northern
| Pukapuka
| style='text-align:right;' | 1
| style='text-align:right;' | 456
| style='text-align:right;' | 351
|-
| Northern
| Tema Reef (submerged)
| style='text-align:right;' | 0
| style='text-align:right;' | 0
| style='text-align:right;' | –
|-
| Northern
| Nassau
| style='text-align:right;' | 1
| style='text-align:right;' | 92
| style='text-align:right;' | 71
|-
| Northern
| Suwarrow
| style='text-align:right;' | 0.4
| style='text-align:right;' | 0
| style='text-align:right;' | 0
|-
| Southern
| Palmerston
| style='text-align:right;' | 2
| style='text-align:right;' | 25
| style='text-align:right;' | 12
|-
| Southern
| Aitutaki
| style='text-align:right;' | 18
| style='text-align:right;' | 1,782
| style='text-align:right;' | 97
|-
| Southern
| Manuae
| style='text-align:right;' | 6
| style='text-align:right;' | 0
| style='text-align:right;' | 0
|-
| Southern
| Takutea
| style='text-align:right;' | 1
| style='text-align:right;' | 0
| style='text-align:right;' | 0
|-
| Southern
| Mitiaro
| style='text-align:right;' | 22
| style='text-align:right;' | 155
| style='text-align:right;' | 7
|-
| Southern
| Atiu
| style='text-align:right;' | 27
| style='text-align:right;' | 383
| style='text-align:right;' | 14
|-
| Southern
| Mauke
| style='text-align:right;' | 18
| style='text-align:right;' | 249
| style='text-align:right;' | 14
|-
| Southern
| Winslow Reef (submerged)
| style='text-align:right;' | 0
| style='text-align:right;' | 0
| style='text-align:right;' | –
|-
| Southern
| Rarotonga
| style",False,False,False
Q800,Costa Rica,"thumb|Costa Rica map of Köppen climate classification|upright=1.3

Costa Rica borders the Caribbean Sea to the east, and the Pacific Ocean to the west. Costa Rica also borders Nicaragua to the north and Panama to the south.

The highest point in the country is Cerro Chirripó, at . The highest volcano in the country is the Irazú Volcano () and the largest lake is Lake Arenal. There are 14 known volcanoes in Costa Rica, and six of them have been active in the last 75 years.

Costa Rica experiences a tropical climate year-round. There are two seasons. The dry season is December to April, and the rainy season is May to November. March and April are the hottest months in the country, while December and January are the coldest. However, there are rainy days in the dry season, as well as weeks without rain in the wet season.

Costa Rica is highly vulnerable to extreme weather events, which can be exacerbated by climate change. The majority of Costa Rica's population (78%) and economic activity (80% of GDP) are concentrated in regions highly vulnerable to various natural hazards, such as floods, landslides, cyclones, storm surges, and rising sea levels. The country is facing increasing temperatures (especially at higher elevations), rising sea levels on both coasts, and changing rainfall patterns resulting in increased risk of drought along the Pacific slope and flooding in all regions of the country. Increasing temperatures and extreme heat will have major consequences for human health, agriculture (particularly coffee and banana cultivation), water security, tourism, and the country's distinctive biodiversity and ecosystems.

thumb|upright|The [[scarlet macaw is native to Costa Rica.]]
Despite its size, Costa Rica is one of the countries with the greatest biodiversity in all of Latin America.

One national park, the Corcovado National Park, is internationally renowned among ecologists for its biodiversity (including big cats and tapirs) and is where visitors can expect to see an abundance of wildlife. Corcovado is the one park in Costa Rica where all four Costa Rican monkey species can be found. These include the white-headed capuchin, the mantled howler, the endangered Geoffroy's spider monkey, and the Central American squirrel monkey, found only on the Pacific coast of Costa Rica and a small part of Panama and considered endangered until 2008 when its status was upgraded to vulnerable. Deforestation, illegal pet trading, and hunting are the main reasons for its threatened status. La Amistad and Chirripó present the climate of the páramo, at a height of more than 3000 meters above sea level, providing other types of flora and fauna, such as the white-nosed coati, the sooty thrush and Rogiera amoena. Costa Rica is the first tropical country to have stopped and reversed deforestation; it has successfully restored its forestry and developed an ecosystem service to teach biologists and ecologists about its environmental protection measure",False,False,False
Q224,Croatia,"Croatia uses the GSM 900/1800 system for mobile phones. There are three providers, Hrvatski Telekom (formerly T-Mobile; also operates the Bonbon prepaid brand), A1 (formerly Vipnet; also operates the Tomato prepaid brand) and Telemach. Over 98% of the country's area is covered, including most islands. Since 2006 UMTS (3G) is available as well, and as of 2013 also HSDPA and LTE. 5G has also been available since 2022 with A1, Telemach, and Hrvatski Telekom deploying 5G networks in the country. If you have an unlocked phone, you can buy a prepaid SIM card. There have been promotions in which SIM cards were given away for free with newspapers, and sometimes even literally handed out on the street. GSM phones bundled with Hrvatski Telekom or A1 prepaid SIM cards can be found in post offices, grocery stores and kiosks at varying prices. SIM cards do not need to be registered with an ID but some ISPs offer incentives to do so.

An alternative to using a mobile phone is calling cards which can be found in postal offices and kiosks, there are two providers, Dencall and Hitme. You can buy cards from .

Area codes:
When calling between cities (actually between counties) or from a mobile phone, you must dial specific area codes:
(area code)+(phone number)

Zagreb (01)
Split (021)
Rijeka (051)
Dubrovnik (020)
Šibenik/Knin (022)
Zadar (023)
Osijek (031)
Vukovar (032)
Virovitica (033)
Požega (034)
Slavonski Brod (035)
Čakovec (040)
Varaždin (042)
Bjelovar (043)
Sisak (044)
Karlovac (047)
Koprivnica (048)
Krapina (049)
Istria (052)
Lika/Senj (053)
Mobile phones (091) (092) (095) (097) (098) or (099)

ADSL is still common in rural Croatia though fiber is more and more available - speeds range from 4Mbit/s to 2Gbit/s. Due to Yugoslav infrastructure it is not uncommon to see small villages with Gigabit+ fiber access while some urban tower blocks only have access to old ADSL or Cable. Rule of thumb is if you see a cell phone tower on the roof it most likely has fiber access also for residents. Cable is somewhat common in cities but rare rural, with usual speeds of 100-250Mbit/s; it has mostly been replaced by fiber.

Prices are fairly cheap between Western EU and Eastern EU, ranging from €20 to €50. ISPs often share infrastructure with Hrvatski Telekom (HT) where they do not have their own as HT is forced to sell access to their network at a fixed price.

A1 offers 4G/5G based home internet as well.

Internet cafés are available in all major cities. They are relatively cheap and reliable. A free Wi-Fi signal can be found in practically every city (virtually all cafés, restaurants and hotels & some libraries, schools, colleges, shopping centers). Private unsecured networks have become uncommon.

thumb|A Croatian mail box
Croatia's postal service is generally reliable, even if sometimes a bit slow. Every city and town has a post office. Here you can find their exact locations, and here is the price list (the prices change often).

HRT, the public televisi",False,False,False
Q241,Cuba,"Cuba is, by design, one of the most expensive and difficult places in which to communicate.

The Internet is characterised by a low number of connections, limited bandwidth, censorship, and high cost. Ordinary Cubans had access to Internet from home by 2017 and by 3G wireless by 2018, but the cost remains prohibitive for many (US$7-30/month for 600MB-4GB of mobile data, when most Cubans earn US$30-50/month).
thumb|A sight to be seen, tourists and locals outside a hotel accessing the WiFi

Internet connectivity is provided by the state telecommunication company ETESCA (under the brand name Nauta) and is available in many public squares and parks (even in many small towns all across the country), airports, upmarket hotels and government communication centres. Finding an upmarket hotel or a government communications centre in major towns is fairly easy as you will see lots of locals and tourists on their phones and laptops on the street accessing the WiFi. As the free WiFi is a fairly new system, it has not spread across the whole island. If visiting small, non-tourist towns, do not expect there to be an internet communication centre.

In the evening between 20:00 and 22:00 the internet tends to be rather slow as everyone is trying to connect.

Before you can connect to some WiFis, you will need to purchase a pre-paid scratch card. The primary way of purchasing a card is at the government communication centre which bares the brand name ETESCA. The cost of a 1-hr scratch card is ~US$2, there also exists a 5-hr scratch card for ~US$10. If you wish to purchase more than one, bring photo identification as the staff member will need to take down your details in order for them to do so. Queues at the centre tend to be quite lengthy and move fairly slowly.

You can also purchase a Nauta internet card at an upmarket hotel. The price of these cards vary from hotel to hotel and can be anything from cost price (~US$2) with the purchase of a drink at the bar to upwards of ~US$8. Alternatively, there are also unofficial vendors either on the street or in small discreet shops selling the same Nauta internet cards. Prices for these cards are at a premium compared to the communication centre however almost all will accept ~US$3 after a little bargaining.

Once you have purchased the card, it is simply a matter of connecting to the hotspot, scratching your card to reveal the username and password and entering these into the Nauta login screen (which should automatically appear). If the log-in screen does not appear automatically (common on some phones and laptops), enter 1.1.1.1 into your browser and the Nauta screen will appear.

Once the hour is complete, the internet will stop working and you will need to enter the username and password of a fresh card. If you do not want to use the full hour of the card, be sure to end your session. This can be done by entering 1.1.1.1 into your browser and clicking the end session button.

The country code for Cuba",False,False,False
Q25279,Curaçao,"thumb|Aerial view of the coast of Curaçao
thumb|Enlargeable, detailed map of Curaçao
thumb|[[Green Iguana from Curaçao]]

Curaçao lies on the continental shelf of South America and features a hilly topography with its highest point, named Christoffelberg, reaching above sea level. Curaçao has a diverse range of beaches from its coastline's bays, inlets, lagoons, seasonal lakes, rough seas at its northshore, and spring water. In addition, Curaçao has upwelling, which is an oceanographic phenomenon that involves wind-driven motion of dense, cooler and nutrient-rich water from the deep ocean moving towards the ocean surface. This is a source of natural minerals, thermal conditions, and seawater used in hydrotherapy and mesotherapy, making the island one of many balneoclimateric areas in the region. Furthermore, off the southeast coast of the main island of Curaçao lies the tiny unhabitated Isle of Klein Curaçao, which has a long stretched beach.

Curaçao's flora differ from typical tropical island vegetation. The arid Guajira–Barranquilla xeric scrub ecoregion is most notably different, with various forms of cacti, thorny shrubs, evergreen, and watapana trees (Libidibia coriaria; called divi-divi on Aruba), which are characteristic of the ABC islands and the national symbol of Aruba. Brassavola nodosa is a drought-tolerant species of Brassavola, one of the few orchids present in the ABC islands.

thumb|[[Melocactus macracanthos in Curaçao]]

Curaçao is semi-arid, and as such has not supported the numerous tropical species of mammals, birds, and lizards most associated with rainforests. Dozens of species of hummingbirds, bananaquits, orioles, and the larger terns, herons, egrets, and even flamingos make their homes near ponds or in coastal areas. The turpial, a black bird with a bright orange underbelly and white swatches on its wings, is common to Curaçao. The mockingbird, called chuchubi in Papiamentu, resembles the North American mockingbird, with a long white-grey tail and a grey back. Near shorelines, big billed brown pelicans feed on fish. Other seabirds include several types of gulls and large cormorants.

Other than field mice, small rabbits, and cave bats, Curaçao's most notable animal is the white-tailed deer. This deer is related to the American white-tailed deer, or Virginia deer, found in areas from North America through Central America and the Caribbean, and as far south as Bolivia. It can be a large deer, some reaching in length and in height and weighing as much as . It has a long tail with a white underside and is the only type of deer on the island. It has been a protected species since 1926, and an estimated 200 live on Curaçao. They are found in many parts of the island, but most notably at the west end's Christoffel Park, where about 70% of the herd resides.

There are several species of iguana, light green in colour with shimmering shades of aqua along the belly and sides, found lounging in the sun across the is",False,False,False
Q229,Cyprus,"thumb|A [[Sentinel-2 image of Cyprus taken in 2022]]
thumb|Sea caves at [[Cape Greco]]
thumb|Landscape of Cyprus

Cyprus is the third largest island in the Mediterranean Sea, after the Italian islands of Sicily and Sardinia, both in terms of area and population. It is also the world's 80th largest by area and world's 51st largest by population. It measures long from end to end and wide at its widest point. It lies between latitudes 34° and 36° N, and longitudes 32° and 35° E.

Neighbouring territories include Turkey 75 kilometres (47 mi) to the north, Lebanon and Syria to the northeast (, respectively), Israel 200 kilometres (124 mi) to the southeast, Egypt to the south, and Greece to the west: to the small Dodecanesian island of Kastellorizo, to Rhodes and to the Greek mainland. Cyprus is at the crossroads of three continents, with some sources placing Cyprus in Europe, and some sources placing Cyprus in Western Asia and the Middle East.

The physical relief of the island is dominated by two mountain ranges, the Troodos Mountains and the smaller Kyrenia Range, and the central plain they encompass, the Mesaoria. The Mesaoria plain is drained by the Pedieos River, the longest on the island. The Troodos Mountains cover most of the southern and western portions of the island and account for roughly half its area. The highest point on Cyprus is Mount Olympus at , in the centre of the Troodos range. The narrow Kyrenia Range, extending along the northern coastline, occupies substantially less area, and elevations are lower, reaching a maximum of . The island lies within the Anatolian Plate.

Cyprus contains the Cyprus Mediterranean forests ecoregion. It had a 2018 Forest Landscape Integrity Index mean score of 7.06/10, ranking it 59th globally out of 172 countries.

Geopolitically, the island is subdivided into four main segments. The Republic of Cyprus occupies the southern two-thirds of the island (59.74%). The Turkish Republic of Northern Cyprus occupies the northern third (34.85%), and the United Nations-controlled Green Line provides a buffer zone that separates the two and covers 2.67% of the island. Lastly, there are two bases under British sovereignty on the island: Akrotiri and Dhekelia, covering the remaining 2.74%.
thumb|right|UN tower in the buffer zone

thumb|The [[Troodos Mountains experience heavy snowfall in winter.]]
Cyprus has a subtropical climate – Mediterranean and semi-arid type (in the north-eastern part of the island) – Köppen climate classifications Csa and BSh, (direct: Final Revised Paper ) with very mild winters (on the coast) and warm to hot summers. Snow is possible only in the Troodos Mountains in the central part of island. Rain occurs mainly in winter, with summer being generally dry.

Cyprus has one of the warmest climates in the Mediterranean part of the European Union. The average annual temperature on the coast is around during the day and at night. Generally, summers last about eight months, beginnin",False,False,False
Q213,Czech Republic,"The international calling code for the Czech Republic is +420.

Czech phones operate on the GSM standard, which covers practically all of the country. Mobile network operators use the 900 and 1800MHz GSM frequency bands, which might not be compatible with some US phones operating on 1900MHz.

Cellular network coverage of the three major networks (T-Mobile, Vodafone, and O2) is mostly excellent throughout the country. 4G (LTE) is available in the huge majority of the country, including the countryside, with much 5G coverage primarily in urban areas and corridors.

If you find using roaming with your own operator too expensive or you want to have a Czech phone number, you can buy an anonymous prepaid card from any of the three main operators. However, the pricing schemes are usually quite complicated and some investigation may be necessary to find the ideal solution (even with the prepaid cards, operators offer various schemes including various additional 'packages').

There are still some telephone boxes available, but they are gradually vanishing since the advent of mobile phones. Some still accept coins, but most of them require a special prepaid telephone card.

You can call emergency numbers from any phone for free (even without a card). The universal emergency number 112 is functional and you can use it, however you will only reach a telephone operator who will need to contact the real emergency service for you. To save precious time, it is best to directly call the service you need: 150 for firefighters, 155 for medical emergency, and 158 for state police. Interestingly, each of these emergency numbers contains a hidden visual cue to help you remember them: 150 resembles a coiled fire hose, 155 can evoke the image of a wheelchair, and 158 might remind you of handcuffs.

Wi-Fi is available in many restaurants and most cafés, especially in larger cities. In particular, all branches of Starbucks, KFC, Gloria Jeans Coffee and Costa Coffee offer free access. You may need to ask a waiter for the passphrase. There are also some hotspots available on the streets and some city quarters (for example in Prague) offer free wifi coverage for everyone. However such coverage is usually very slow and unreliable and you may need to create an account (using a web browser and the page it is automatically redirected to) to be able to use it. In most larger cities, there are also several internet cafés available.",False,False,False
Q974,Democratic Republic of the Congo,"thumb|300px|The mighty Congo River
The DRC is truly vast. At 2,345,408 square kilometres (905,567 sq mi), it is larger than the combined areas of Spain, France, Germany, Sweden, and Norway—or nearly three and a half times the size of Texas.

The defining feature of the country is the second largest rainforest in the world. Rivers large and small snake throughout the country and with a poor road network remain the main means of transport to this day. The Congo River is the third largest river in the world measured by discharge—it even continues into the Atlantic, forming a submarine canyon roughly 50&nbsp;mi (80&nbsp;km) to the edge of the continental shelf! It also has the distinction of being one of the deepest rivers in the world with depths up to 220&nbsp;m (720&nbsp;ft). Because of the huge volume of water, depth, and rapids, the Congo River is home to a large number of endemic species. The Congo River ""begins"" at Boyoma Falls near Kisangani. Above these falls, the river is known as the Lualaba River, whose longest tributary extends into Zambia. The Obangui River forms the border between the DRC and CAR/Congo-Brazzaville before flowing into the Congo River.

The Albertine Rift—a branch of the East African Rift—runs along the eastern border of the DRC. It is responsible for Lakes Tanganyika, Kivu, Edward, & Albert. The rift is flanked by a number of extinct volcanoes and two volcanoes that are still active today. The Rwenzori Mountains and Virunga Mountains along the border with Rwanda are quite scenic, rising in the midst of lush tropical forests and sometimes eerily shrouded in mist. Several peaks are over 4000m (13,000 feet). Mount Nyiragongo contains one of only four continuous lava lakes in the world.

The only part of the country not covered by lush forests is the south, around the Kasai Province, which contains mostly savannah and grasslands.

For several millennia, the land that now forms the DRC was inhabited by hundreds of small hunter/gatherer tribes. The landscape of dense, tropical forests and the rainy climate kept the population of the region low and prevented the establishment of advanced societies, and as a result few remnants of these societies remain today. The first and only significant political power was the Kongo Kingdom, founded around the 13th-14th centuries. The Kongo Kingdom, which spread across what is now northern Angola, Cabinda, Congo-Brazzaville, and Bas-Congo, became quite wealthy and powerful by trading with other African peoples in ivory, copperware, cloth, pottery, and slaves (long before Europeans arrived). The Portuguese made contact with the Kongos in 1483 and were soon able to convert the king to Christianity, with most of the population following. The Kongo Kingdom was a major source of slaves, who were sold in accordance to Kongo law and were mostly war captives. After reaching its height in the late 15th-early 16th century, the Kongo Kingdom saw violent competition for succession to th",False,False,False
Q35,Denmark,"While Internet cafés are present in most larger cities, they are usually not geared for tourists and hence they can be a bit tricky to find. Hotels usually provide both wireless internet and computers with internet access, but whether this service is provided for free, varies greatly. Many cafés and bars also provide free wireless internet for paying customers, even when it is not signposted, so it is always a good idea to ask. A lot of the McDonald's restaurants in Denmark have a couple of internet terminals available for their customers. The easiest way to get online is often the public library, as there is one in almost every town. Public libraries are usually centrally located, well signposted (look for Bibliotek) and always free. There can be a bit of waiting time to get a free computer though, but there will normally also be some sort of reservation system in place.

If staying for more than a few weeks, it might be worthwhile to get a mobile broadband connection. Most of the country has excellent coverage and speeds rivalling those of a fixed connection in the major cities and plenty for surfing the web, even in many of the more remote areas. Unfortunately the Danish ISPs generally do not have up-to-date English versions of their websites, so getting information about coverage and store location can be tricky. To buy a subscription package it is usually needed to have a residence permit, a Danish citizen ID number (CPR-nummer or person-nummer) and a local address. This means, that in practice, subscription packages are only relevant to travellers staying for more than half a year in Denmark.

It is instead possible to buy a prepaid package, which is limited to a couple of operators now (Dec 2023):

* Lebara uses the shared Telenor/Norlys network and offers a SIM for 49&nbsp;kr, on which the following packages can be added, all for 30 days:
:* 5/40/70/100/160/200 GB data for 19/49/59/99/119/159 &nbsp;kr, with 3/10/10/10/20/20 GB EU roaming if purchased as a ""subscription"" (automatic renewal can be stopped after paying for the first month)

* Lycamobile uses the same shared Telenor/Norlys network and offers their SIM for 29&nbsp;kr, on which the following packages can be added, also for 30 days: 
:* 15/100/140 GB data for 49/99/159 kr, includes 9/17/27 GB EU roaming

All of the major network operators in Denmark have stopped selling prepaid service themselves, instead leaving the prepaid market to the two MVNOs listed above. These packages are available at many supermarkets and at any post office.

When travelling in Denmark and Sweden, it may instead be beneficial to get a prepaid package from Sweden. For example, while Telenor has stopped offering prepaid service in Denmark, it continues to sell prepaid service in Sweden that works in both countries (and the rest of the EU) with no added roaming charges in convenience stores and supermarkets in Sweden (as well as through third party sellers on eBay), and can be activated by yo",False,False,False
Q977,Djibouti,"Djibouti is in the Horn of Africa, on the Gulf of Aden and the Bab-el-Mandeb, at the southern entrance to the Red Sea. It lies between latitudes 11° and 14°N and longitudes 41° and 44°E, at the northernmost point of the Great Rift Valley. It is in Djibouti that the rift between the African Plate and the Somali Plate meets the Arabian Plate, forming a geologic tripoint. The tectonic interaction at this tripoint has created the lowest elevation of any place in Africa at Lake Assal, and the second-lowest depression on dry land anywhere on earth (surpassed only by the depression along the border of Jordan and Israel).

The country's coastline stretches , with terrain consisting mainly of plateau, plains and highlands. Djibouti has a total area of . Its borders extend , of which are shared with Eritrea, with Ethiopia, and with Somaliland. Djibouti is the southernmost country on the Arabian Plate.

Djibouti has eight mountain ranges with peaks of over .Highest Mountains in Djibouti . geonames.org The Mousa Ali range is considered the country's highest mountain range, with the tallest peak on the border with Ethiopia and Eritrea. It has an elevation of . The Grand Bara desert covers parts of southern Djibouti in the Arta, Ali Sabieh and Dikhil regions. The majority of it sits at a relatively low elevation, below .

Extreme geographic points include: to the north, Ras Doumera and the point at which the border with Eritrea enters the Red Sea in the Obock Region; to the east, a section of the Red Sea coast north of Ras Bir; to the south, a location on the border with Ethiopia west of the town of As Ela; and to the west, a location on the frontier with Ethiopia immediately east of the Ethiopian town of Afambo.

Most of Djibouti is part of the Ethiopian xeric grasslands and shrublands. The exception is an eastern strip along the Red Sea coast, which is part of the Eritrean coastal desert.

upright=1.35|thumb|Djibouti map of [[Köppen climate classification

]]

Djibouti's climate is significantly warmer and has significantly less seasonal variation than the world average. The mean daily maximum temperatures range from , except at high elevations. In Djibouti City, for instance, average afternoon highs range from in April. But at Airolaf, which ranges from , maximum temperature is in summer and minimum in winter. In the uplands ranges from , are comparable and cooler to those on the coast in the hottest months of June until August. December and January is the coolest month with averages low temperatures falling as low as . Djibouti has either a hot semi-arid climate (BSh) or a hot desert climate (BWh), although temperatures are much moderated at the highest elevations.

Djibouti's climate ranges from arid in the northeastern coastal regions to semi-arid in the central, northern, western and southern parts of the country. On the eastern seaboard, annual rainfall is less than ; in the central highlands, precipitation is about . The hinterland is",False,False,False
Q786,Dominican Republic,"thumb|upright=1.35|Topographical map of Dominican Republic
The Dominican Republic comprises the eastern five-eighths of Hispaniola, the second-largest island in the Greater Antilles, with the Atlantic Ocean to the north and the Caribbean Sea to the south. It shares the island roughly at a 2:1 ratio with Haiti, the north-to-south (though somewhat irregular) border between the two countries being . To the north and north-west lie The Bahamas and the Turks and Caicos Islands, and to the east, across the Mona Passage, the US Commonwealth of Puerto Rico. The country's area is reported variously as (by the embassy in the United States) and , making it the second largest country in the Antilles, after Cuba. The Dominican Republic's capital and largest city Santo Domingo is on the southern coast. A major fault system, the Septentrional fault system, representing the intersection of the North American plate and the Caribbean plate runs through the Dominican Republic.

thumb|[[Monte Cristi, Dominican Republic|Monte Cristi coastline]]|first4=Luis R. 
The Dominican Republic has four important mountain ranges. The most northerly is the Cordillera Septentrional (""Northern Mountain Range""), which extends from the northwestern coastal town of Monte Cristi, near the Haitian border, to the Samaná Peninsula in the east, running parallel to the Atlantic coast. The highest range in the Dominican Republic&nbsp;– indeed, in the whole of the West Indies&nbsp;– is the Cordillera Central (""Central Mountain Range""). In the Cordillera Central are the four highest peaks in the Caribbean: Pico Duarte ( above sea level), La Pelona (), La Rucilla (), and Pico Yaque (). In the southwest corner of the country, south of the Cordillera Central, there are two other ranges: the more northerly of the two is the Sierra de Neiba, while in the south the Sierra de Bahoruco is a continuation of the Massif de la Selle in Haiti. There are other, minor mountain ranges, such as the Cordillera Oriental (""Eastern Mountain Range""), Sierra Martín García, Sierra de Yamasá, and Sierra de Samaná.

Between the Central and Northern mountain ranges lies the rich and fertile Cibao valley. This major valley is home to the cities of Santiago de los Caballeros and La Vega and most of the farming areas of the nation. Rather less productive are the semi-arid San Juan Valley, south of the Central Cordillera, and the Neiba Valley, tucked between the Sierra de Neiba and the Sierra de Bahoruco. Much of the land around the Enriquillo Basin is below sea level, with a hot, arid, desert-like environment. There are other smaller valleys in the mountains, such as the Constanza, Jarabacoa, Villa Altagracia, and Bonao valleys.
The Llano Costero del Caribe (""Caribbean Coastal Plain"") is the largest of the plains in the Dominican Republic. Stretching north and east of Santo Domingo, it contains many sugar plantations in the savannahs that are common there. West of Santo Domingo its width is reduced to as it",False,False,False
Q736,Ecuador,"thumb|Ecuadorian topography
thumb|Historically famous [[Cotopaxi volcano]]
thumb|Napo Wildlife Center in the [[Yasuní National Park]]

According to the CIA World Factbook, Ecuador has a total area of , including the Galápagos Islands. Of this, is land and water. The total area, according to the Ecuadorian government's foreign ministry, is . The Galápagos Islands are sometimes considered part of Oceania, which would thus make Ecuador a transcontinental country under certain definitions. Ecuador is bigger than the South America countries Uruguay, Suriname, Guyana and French Guiana.

Ecuador lies between latitudes 2°N and 5°S,
bounded on the west by the Pacific Ocean, and has of coastline. It has of land boundaries, with Colombia in the north (with a border) and Peru in the east and south (with a border). It is the westernmost country that lies on the equator.

The country has four main geographic regions:

* La Costa, or ""the coast"": The coastal region consists of the provinces to the west of the Andean range&nbsp;– Esmeraldas, Guayas, Los Ríos, Manabí, El Oro, Santo Domingo de los Tsachilas and Santa Elena. It is the country's most fertile and productive land, and is the seat of the large banana exportation plantations of the companies Dole and Chiquita. This region is also where most of Ecuador's rice crop is grown. The truly coastal provinces have active fisheries. The largest coastal city is Guayaquil.
* La Sierra, or ""the highlands"": The sierra consists of the Andean and Interandean highland provinces&nbsp;– Azuay, Cañar, Carchi, Chimborazo, Imbabura, Loja, Pichincha, Bolívar, Cotopaxi and Tungurahua. This land contains most of Ecuador's volcanoes and all of its snow-capped peaks. Agriculture is focused on the traditional crops of potato, maize, and quinua and the population is predominantly Amerindian Kichua. The largest Sierran city is Quito.
* La Amazonía, also known as la selva, or ""the jungle"": The oriente consists of the Amazon jungle provinces&nbsp;– Morona Santiago, Napo, Orellana, Pastaza, Sucumbíos, and Zamora-Chinchipe. This region is primarily made up of the huge Amazon national parks and Amerindian untouchable zones, which are vast stretches of land set aside for the Amazon Amerindian tribes to continue living traditionally. It is also the area with the largest reserves of petroleum in Ecuador, and parts of the upper Amazon here have been extensively exploited by petroleum companies. The population is primarily mixed Amerindian Shuar, Waorani and Kichua, although there are numerous tribes in the deep jungle which are little-contacted. The largest city in the Oriente Lago Agrio in Sucumbíos.
* La Región Insular is the region comprising the Galápagos Islands, some west of the mainland in the Pacific Ocean.

Ecuador's capital and second largest city is Quito,Carvajal, Ana María (10 de enero de 2019). «Quito se convirtió en la ciudad más poblada del Ecuador con más de 3 millones de habitantes en el 2018». El Comercio. C",False,False,False
Q79,Egypt,"thumb|Egypt's topography
Egypt lies primarily between latitudes 22° and 32°N, and longitudes 25° and 35°E. At , it is the world's 29th largest country. Due to the extreme aridity of Egypt's climate, population centres are concentrated along the narrow Nile Valley and Delta, meaning that about 99% of the population uses about 5.5% of the total land area. 98% of Egyptians live on 3% of the territory.
thumb|The [[Qattara Depression in Egypt's north west]]
Egypt is bordered by Libya to the west, the Sudan to the south, and the Gaza Strip and Israel to the east. A transcontinental nation, it possesses a land bridge (the Isthmus of Suez) between Africa and Asia, traversed by a navigable waterway (the Suez Canal) that connects the Mediterranean Sea with the Indian Ocean by way of the Red Sea.

Apart from the Nile Valley, the majority of Egypt's landscape is desert, with a few oases scattered about. Winds create prolific sand dunes that peak at more than high. Egypt includes parts of the Sahara desert and of the Libyan Desert.

Sinai peninsula hosts the highest mountain in Egypt, Mount Catherine at 2,642 metres. The Red Sea Riviera, on the east of the peninsula, is renowned for its wealth of coral reefs and marine life.

Towns and cities include Alexandria, the second largest city; Aswan; Asyut; Cairo, the modern Egyptian capital and largest city; El Mahalla El Kubra; Giza, the site of the Pyramid of Khufu; Hurghada; Luxor; Kom Ombo; Port Safaga; Port Said; Sharm El Sheikh; Suez, where the south end of the Suez Canal is located; Zagazig; and Minya. Oases include Bahariya, Dakhla, Farafra, Kharga and Siwa. Protectorates include Ras Mohamed National Park, Zaranik Protectorate and Siwa.

On 13 March 2015, plans for a proposed new capital of Egypt were announced.

thumb|Snow in [[Saint Catherine, Egypt|Saint Catherine, Sinai Peninsula]]
Most of Egypt's rain falls in the winter months. South of Cairo, rainfall averages only around per year and at intervals of many years. On a very thin strip of the northern coast the rainfall can be as high as , mostly between October and March. Snow falls on Sinai's mountains and some of the north coastal cities such as Damietta, Baltim and Sidi Barrani, and rarely in Alexandria. A very small amount of snow fell on Cairo on 13 December 2013, the first time in many decades. Frost is also known in mid-Sinai and mid-Egypt.

Egypt has a very hot, sunny and dry climate. Average temperature highs are very high to extremely high throughout most of the country. The exception to this is the northern part of the country, which, although still hot, has its temperatures moderated by the cool Mediterranean winds consistently blowing in over the sea coast, especially at the height of summer. The Khamaseen is a hot, dry wind that originates from the vast deserts in the south and blows in the spring or in the early summer. It brings scorching sand and dust particles, and usually brings daytime temperatures over and sometime",False,False,False
Q792,El Salvador,"thumb|upright=1.3|El Salvador's topography
El Salvador lies in the isthmus of Central America between latitudes 13° and 15°N, and longitudes 87° and 91°W. It stretches from west-northwest to east-southeast and north to south, with a total area of . As the smallest and most densely populated country in continental America, El Salvador is affectionately called Pulgarcito de America (the ""Tom Thumb of the Americas""). El Salvador shares borders with Guatemala and Honduras, as well as a coastline with the Pacific Ocean. The total national boundary length is : with Guatemala and with Honduras. It is the only Central American country that has no Caribbean coastline. The coastline on the Pacific is long.

El Salvador has over 300 rivers, the most important of which is the Rio Lempa. Originating in Guatemala, the Rio Lempa cuts across the northern range of mountains, flows along much of the central plateau, and cuts through the southern volcanic range to empty into the Pacific. It is El Salvador's only navigable river. It and its tributaries drain about half of the country's area. Other rivers are generally short and drain the Pacific lowlands or flow from the central plateau through gaps in the southern mountain range to the Pacific. These include the Goascorán, Jiboa, Torola, Paz and the Río Grande de San Miguel.
thumb|Ilamatepec (Santa Ana) Volcano
The geography of El Salvador is volcanic. El Salvador is a country located on the Ring of Fire, where the majority of the earth's volcanos and earthquakes occur. The most notable volcano is Volcan Chaparrastique (San Miguel Volcano), which also exhibits the most volcanic activity. The tallest volcano is Ilamatepec (Santa Ana Volcano), reaching above sea level. Along with these, there are 20 other volcanoes, many which are active, or potentially active. El Salvador has the second highest number of volcanoes of any Central American country.

There are several lakes enclosed by volcanic craters in El Salvador, the most important of which are Lake Ilopango () and Lake Coatepeque (). Lake Güija is El Salvador's largest natural lake (). Several artificial lakes were created by the damming of the Lempa, the largest of which is Cerrón Grande Reservoir (). There are a total of water within El Salvador's borders.

The highest point in El Salvador is Cerro El Pital, at , on the border with Honduras. Two parallel mountain ranges cross El Salvador to the west with a central plateau between them and a narrow coastal plain hugging the Pacific. These physical features divide the country into two physiographic regions. The mountain ranges and central plateau, covering 85% of the land, comprise the interior highlands. The remaining coastal plains are referred to as the Pacific lowlands.

upright=1.3|thumb|The [[Köppen climate classification of El Salvador's territory]]

El Salvador has a tropical climate with pronounced wet and dry seasons. Temperatures vary primarily with elevation and show little seasonal cha",False,False,False
Q983,Equatorial Guinea,"Equatorial Guinea is on the west coast of Central Africa. The country consists of a mainland territory, Río Muni, which is bordered by Cameroon to the north and Gabon to the east and south, and five small islands, Bioko, Corisco, Annobón, Elobey Chico (Small Elobey), and Elobey Grande (Great Elobey). Bioko, lies about off the coast of Cameroon. Annobón Island is about west-south-west of Cape Lopez in Gabon. Corisco and the two Elobey islands are in Corisco Bay, on the border of Río Muni and Gabon.

Equatorial Guinea lies between latitudes 4°N and 2°S, and longitudes 5° and 12°E. Despite its name, no part of the country's territory lies on the equator—it is in the northern hemisphere, except for the insular Annobón Province, which is about south of the equator.

thumb|upright=1.5|[[Köppen climate classification of Equatorial Guinea]]

Equatorial Guinea has a tropical climate with distinct wet and dry seasons. From June to August, Río Muni is dry and Bioko wet; from December to February, the reverse occurs. In between it, there is a gradual transition. Rain or mist occurs daily on Annobón, where a cloudless day has never been registered. The temperature at Malabo, Bioko, ranges from to , though on the southern Moka Plateau, normal high temperatures are only . In Río Muni, the average temperature is about . Annual rainfall varies from at Malabo to at Ureka, Bioko, but Río Muni is somewhat drier.

thumb|Share of forest area in total land area, top countries (2021). Equatorial Guinea has the seventh highest percentage of forest cover in the world.
Equatorial Guinea spans several ecoregions. Río Muni region lies within the Atlantic Equatorial coastal forests ecoregion except for patches of Central African mangroves on the coast, especially in the Muni River estuary. The Cross-Sanaga-Bioko coastal forests ecoregion covers most of Bioko and the adjacent portions of Cameroon and Nigeria on the African mainland, and the Mount Cameroon and Bioko montane forests ecoregion covers the highlands of Bioko and nearby Mount Cameroon. The São Tomé, Príncipe, and Annobón moist lowland forests ecoregion covers all of Annobón, as well as São Tomé and Príncipe.

The country had a 2018 Forest Landscape Integrity Index mean score of 7.99/10, ranking it 30th globally out of 172 countries.

File:Annobon Island Equatorial Guinea.jpg|Annobon
File:Islotes Horacio 1.JPG|Islote Horacio
File:Dschungel bei Oyala.JPG|Near Ciudad de la Paz
File:Nationalpark Monte Alén.jpg|Monte Alén National Park
File:The Great Bioko mountain.jpg|Pico Basilé

Equatorial Guinea is home to gorillas, chimpanzees, various monkeys, leopards, buffalo, antelope, elephants, hippopotamuses, crocodiles, and various snakes, including pythons.

File:Dissotis sp Bioko201310.jpg|Dissotis
File:Soja en Mongomo.png|Soybean
File:Rhampholeon spectrum 63850438.jpg|Spectral pygmy chameleon
File:Yellow-billed Turacos in Equatorial Guinea 2006.jpg|Yellow-billed turaco
File:Gorilla 019.jpg|Western gorilla",False,False,False
Q986,Eritrea,"upright=1.3|thumb|Topography of Eritrea
thumb|upright=1.3|Satellite image of Eritrea
Eritrea is located in East Africa. It is bordered to the northeast and east by the Red Sea, Sudan to the west, Ethiopia to the south, and Djibouti to the southeast. Eritrea lies between latitudes 12° and 18°N, and longitudes 36° and 44°E.

The country is virtually bisected by a branch of the East African Rift. Eritrea, at the southern end of the Red Sea, holds the fork in the rift. The Dahlak Archipelago and its fishing grounds are situated off the sandy, arid coastline.

Eritrea is split into three ecoregions. Extending along the coast, a hot, arid plain is narrow in the west and widens towards the east. These coastal lowlands are part of the Djibouti xeric shrublands ecoregion. The cooler, more fertile highlands reach up to and are a northern extension of the Ethiopian Highlands, home to montane grasslands and woodlands.Ib Friis, Sebsebe Demissew, and Paulo van Breugel (2010) Atlas of the Potential Vegetation of Ethiopia. The Royal Danish Academy of Sciences and Letters, Copenhagen, Denmark Habitats here vary, from the sub-tropical rainforest at Filfil Solomona to the precipitous cliffs and canyons of the southern highlands. Filfil receives over 1,100&nbsp;mm of rainfall annually.Billi, P. (2022). Climate Variability in the Horn of Africa Eastern Countries: Eritrea, Djibouti, Somalia. In: Billi, P. (eds) Landscapes and Landforms of the Horn of Africa. World Geomorphological Landscapes. Springer, Cham. https://doi.org/10.1007/978-3-031-05487-7_1 There is a steep escarpment along the eastern side of the highlands, which is the western wall of the East African Rift. The western slope of the highlands is more gradual, descending to interior lowlands. Southwestern Eritrea is drained by the Atbara River, which flows northwestwards to join the Nile. The northwestern slope of the highlands is drained by the Barka River, which flows northwards into Sudan to empty into the Red Sea.Knight, J., Abd Elbasit, M.A.M., Adam, E. (2022). Land Degradation in Eritrea and Djibouti. In: Billi, P. (eds) Landscapes and Landforms of the Horn of Africa. World Geomorphological Landscapes. Springer, Cham. https://doi.org/10.1007/978-3-031-05487-7_9 Western Eritrea is part of the Sahelian Acacia savanna, which extends across Africa south of the Sahara from Eritrea to Senegal.Martin, Emma and Burgess, Neil. Sahelian Acacia Savanna. One Earth. Retrieved 28 May 2024.

The Afar Triangle or Danakil Depression of Eritrea is the probable location of a triple junction where three tectonic plates are pulling away from one another. The highest point of the country, Emba Soira, is located in the center of Eritrea, at above sea level. Eritrea has volcanic activity in the southeastern parts of the country. In 2011, Nabro Volcano erupted.

Eritrea's major urban areas include its capital city Asmara, the port town of Asseb in the southeast, the towns of Massawa to the east, the town of K",False,False,False
Q191,Estonia,"* Access to wireless, free internet is widespread in Tallinn and Tartu.
* On the open road you will often find petrol stations which offer wireless internet access too
* If you do not have a laptop, public libraries offer free computers
* The number of internet cafes is dropping but you will find several open almost all night in Tallinn and Tartu (expect to pay around per hour)
* Most hotels also have a computer with internet access available
* The departure lounge at Tallinn airport has several free internet access points for passengers

* For local calls, dial the 7 or 8 digit number given. There is no ""0"" dialled before local numbers
* For international calls from Estonia, dial ""00"" then the country code and number
* For international calls to Estonia, dial ""00"" from most countries or consult your operator, the country code ""372"" and the 7 or 8 digit number
* For emergencies and police dial ""112""

* ""Everyone"" has a mobile phone in Estonia
* To ring Estonia from abroad, dial +372 before the number
* Mobile access is available everywhere, even on the smaller islands and at sea
* Prepaid (pay-as-you-go) SIM cards and their top up cards can be bought from R-kiosks (ask for a ""kõnekaart"" - calling card in English). Popular brands are Super or Simpel on the Telia network, Zen on the Elisa network, or Smart/Tele2. Start-up packages are in a range of . 1GB is typically , cheaper in prepaid packages, but Tele2 goes even further by offering truly unlimited data for . Note that if you are continuing to another EU/EEA country after Estonia, all Estonian carriers have been exempted from ""roam at home"" and are thus allowed to charge extra for EU roaming. The only SIM with a surcharge-free roaming allowance in all of its data plans is Simpel. Super requires the Super X plan and charges by usage ( per MB per day capped at for 500MB), while Elisa/Zen and Tele2/Smart offer separate EU/EEA roaming add-ons (Elisa and Zen's EU/EEA roaming packages include the UK and Faroe Islands, which none of the other operators do).

* Within Estonia, the postage cost for a letter up to is . You can send a letter in a convenient way electronically in the e-service also, in case you have ID-card or Mobile-ID or contract with a Bank (Swedbank, SEB, Danske or Nordea).
* To other EU countries, Norway, Switzerland, Russia, Belarus and Ukraine the cost is and to the rest of the world .
* Be sure to mark all air mail pieces with ""Prioritaire/Par Avion"" stickers available at the post office, or clearly print it on the mail if needed.
* Stamps are sold at post offices usually open during normal shopping hours, and also at news stands.
* Post offices open on Saturday but for shorter hours than during the week, and are closed on Sundays; locations and opening hours of post offices and parcel machines.

Postimees
Eesti Prevalent
Õhtuleht
Äripäev
Eesti Ekspress
Maaleht

ETV
ETV2
ETV+
Vikerraadio",False,False,False
Q1050,Eswatini,"thumb|upright=1.5|Topographic map of Eswatini

A small landlocked kingdom with an area of , Eswatini is located at roughly 26°30'S, 31°30'E and is bordered in the north, west, and south by South Africa and by Mozambique in the east. Along the eastern border with Mozambique are the Lebombo Mountains, a mountain ridge at an altitude around . The mountains are broken by the canyons of three rivers, the Ngwavuma, the Great Usutu, and the Mbuluzi. The western border, with an average altitude of , lies on the edge of an escarpment.

Eswatini is separated into four geographical regions. These run from north to south and are determined by elevation. Mbabane, the capital, is on the Highveld. The Middleveld, lying around above sea level, is the most densely populated region of Eswatini with a lower rainfall than the mountains. Manzini, the principal commercial and industrial city, is situated in the Middleveld. The Lowveld, around , is less populated than other areas and presents a typical African bush country of thorn trees and grasslands. Eswatini contains three ecosystems: Maputaland coastal forest mosaic, Zambezian and mopane woodlands, and Drakensberg montane grasslands. The country had a 2018 Forest Landscape Integrity Index mean score of 4.21/10, ranking it 142nd globally out of 172 countries.

thumb|Landscape in Eswatini

Eswatini is divided into four climatic regions: the Highveld, Middleveld, Lowveld, and Lubombo plateau. Generally speaking, rain falls mostly during the summer months (December to March), often in the form of thunderstorms. Winter is the dry season. Annual rainfall is highest on the Highveld in the west, between . The further east, the less rain, with the Lowveld recording per annum. Variations in temperature are also related to the altitude of the different regions. The Highveld temperature is temperate and seldom uncomfortably hot, while the Lowveld may record temperatures around in summer.

The average temperatures at Mbabane, according to the season:
{|class=""wikitable""
|-
| Spring || September–October || 
|-
| Summer || November–March || 
|-
| Autumn || April–May || 
|-
| Winter || June–August || 
|} The government of Eswatini has expressed concern that climate change is exacerbating existing social challenges such as poverty, a high HIV prevalence, and food insecurity and will drastically restrict the country's ability to develop, as per Vision 2022. Economically, climate change has already adversely impacted Eswatini. For instance, the 2015–16 drought decreased sugar and soft drink concentrate production export (Eswatini's largest economic export). Many of Eswatini's major exports are raw agricultural products and are therefore vulnerable to a changing climate.

thumb|upright|[[Grewia villosa]]

Eswatini has a spectrum of formal and informal conservation areas that protect the nation's rich biological diversity. These areas comprise about 5% of the country's land area. Eswatini has over 820 species of vertebr",False,False,False
Q115,Ethiopia,"The country code for calling Ethiopia is 251. The city code for Addis Ababa is 011 (or 11 from outside Ethiopia).

Unlike most countries, even within Africa, roaming in Ethiopia with your home country's carrier is very expensive and is often not covered by discounted roaming packages, and many traveler eSIMs don't even support the country at all. As such it is highly recommended to get a local SIM card while in Ethiopia.

Ethiopia has two mobile phone networks - Ethio Telecom (Ethiotel) and Safaricom. Safaricom launched its network in 2022 and is rolling it across the country. Safaricom has the main cities covered but Ethiotel has the most extensive coverage in small towns and rural areas. Both networks offer 3G, 4G and 5G service with good data speeds. In general calls, SMS and mobile data, especially with a data package, offered by both carriers is extremely cheap. For example, as of 2025, a 30-day plan with unlimited data from Ethiotel costs 1300 birr (or about US$8.50 in 2025).

To avoid getting ripped off, the best place to buy a SIM card is at a Ethio Telecom or Safaricom shop. Both have shops in the arrivals area of the airport in Addis Ababa. The system requires the seller to take a photo of you and your passport information to activate your SIM. You'll have to sign an agreement that you will not commit any crimes with your phone. All local stores will have calling cards you can purchase to call internationally. For domestic calls, phones are topped up with a prepaid card, available in denominations of 2000, 500, 100, 50 and 25 birr and smaller.

Satellite phones and VSAT devices are heavily restricted or illegal without hefty fees and licenses.

Ethiopia is one of the least connected countries in the world. As of 2022, internet penetration in Ethiopia is 25% of the total population and internet service is extremely limited outside of major cities. That said, Addis Ababa and Dire Dawa are well-served by high-speed internet. WhatsApp works well for voice and video calls.

Most Ethiopian Internet Service Providers, such as Ethiotel, block certain websites as well as throttle web traffic. Moreover, they will typically block regular VPN connections, so your standard VPN may be unusable. There are a couple ways around this. One is to use a VPN provider that offers an obfuscation or ""stealth"" mode (such as Proton's Stealth or NordVPN's Obfuscated Servers). Another is to use the free, open-source TOR Project browser, although performance is likely to be significantly slower compared to using an obfuscated VPN, particularly on mobile networks.

Mail does not get delivered to home addresses in Ethiopia. You are required to rent a post office box. Ethiopia has one of the most efficient postal services in Africa. Many attribute this success to the extensive network of Ethiopian Airlines.

English language papers include Capital and The Reporter.",False,False,False
Q4628,Faroe Islands,"thumb|Satellite image of the Faroe Islands

The Faroe Islands are an island group consisting of 18 major islands (and a total of 779 islands, islets, and skerries) about off the coast of Northern Europe, between the Norwegian Sea and the North Atlantic Ocean, about halfway between Iceland and Norway, the closest neighbours being the Northern Isles and the Outer Hebrides of the United Kingdom. Its coordinates are .

Distance from the Faroe Islands to:
* Rona (uninhabited), United Kingdom: 
* Shetland (Foula), United Kingdom: 
* Orkney (Westray), United Kingdom: 
* United Kingdom (mainland): 
* Iceland: 
* Norway: 
* Ireland: 
* Denmark: 

The islands cover an area of 1,399 square kilometres (540&nbsp;sq.&nbsp;mi) and have small lakes and rivers, but no major ones. There are of coastline. The only significant uninhabited island is Lítla Dímun.

The islands are rugged and rocky with some low peaks; the coasts are mostly cliffs. The highest point is Slættaratindur in northern Eysturoy, above sea level.

The Faroe Islands are made up of an approximately six-kilometres-thick succession of mostly basaltic lava that was part of the great North Atlantic Igneous Province during the Paleogene period. The lavas erupted during the opening of the North Atlantic Ocean, which began about 60 million years ago, and what is today the Faroe Islands was then attached to Greenland. The lavas are underlain by circa 30&nbsp;km of unidentified ancient continental crust.

thumb|upright=1.3|The village of [[Skipanes on Eysturoy, with murkier weather in the distance]]

The climate is classed as subpolar oceanic climate according to the Köppen climate classification: Cfc, with areas having a tundra climate, especially in the mountains, although some coastal or low-lying areas may have very mild-winter versions of a tundra climate. The overall character of the climate of the islands is influenced by the strong warming influence of the Atlantic Ocean, which produces the North Atlantic Current. This, together with the remoteness of any source of landmass-induced warm or cold airflows, ensures that winters are mild (mean temperature 3.0 to 4.0&nbsp;°C or 37 to 39&nbsp;°F) while summers are cool (mean temperature 9.5 to 11.2&nbsp;°C or 49 to 52&nbsp;°F).

The islands are windy, cloudy, and cool throughout the year, with an average of 210 rainy or snowy days per year. The islands lie in the path of depressions moving northeast, making strong winds and heavy rain possible at all times of the year. Sunny days are rare, and overcast days are common. Hurricane Faith struck the Faroe Islands on 5 September 1966 with sustained winds over 100&nbsp;mph (160&nbsp;km/h), and only then did the storm cease to be a tropical system.GHCN Climate data, Thorshavn series 1881 to 2007

The climate varies greatly over small distances due to the altitude, ocean currents, topography, and winds. Precipitation varies considerably throughout the archipelago. In some highland areas, snow cov",False,False,False
Q702,Federated States of Micronesia,"thumb|upright=1.35|A view of Kolonia Town from Sokehs Ridge in [[Pohnpei]]

The Federated States of Micronesia consists of 607 islands extending across the archipelago of the Caroline Islands east of the Philippines. The islands have a combined area of .

The islands are grouped into four states, which are Yap, Chuuk (called Truk until January 1990), Pohnpei (known as ""Ponape"" until November 1984), and Kosrae (formerly Kusaie). These four states are each represented by a white star on the national flag. The capital is Palikir, on Pohnpei.

Two terrestrial ecoregions lie within the country's borders: Carolines tropical moist forests and Yap tropical dry forests. It had a 2019 Forest Landscape Integrity Index mean score of 7.55/10, ranking it 37th globally out of 172 countries.

The Federated States of Micronesia (FSM) is recognized as a biodiversity hotspot, hosting approximately 3,025 animal species and 1,553 plant species. The diversity of terrestrial plants and animals within the FSM varies from east to west due to differences in climate, geology, topography, and geographical isolation.

Over 457 plant species have been introduced to the islands of the FSM by early Micronesians and subsequent settlers. The FSM comprises 607 islands extending 2,900&nbsp;km across the Caroline Islands, with a combined area of 702&nbsp;km2. The FSM has 58 Key Biodiversity Areas.

The region is characterized by thousands of isolated small coral atolls and higher volcanic islands, contributing to its high biodiversity. The FSM's National Biodiversity Strategy and Action Plan outlines efforts to protect and conserve its rich biodiversity. The FSM's marine biodiversity is under pressure due to growing population demands, leading to increased degradation of marine resources.

300px|thumb|Satawal Island, Yap State
The Federated States of Micronesia has a tropical rainforest climate (Köppen: Af). The weather is warm, humid and rainy all year round. The islands are located north of the equator and are affected by constant trade winds, which temper the climate. Minimum temperatures range all year round between 22 and 25&nbsp;°C, and maximum temperatures between 30 and 32&nbsp;°C. The abundant precipitations oscillate between 2500 and 5000&nbsp;mm per year, although in the faces oriented to the wind they can surpass 6000&nbsp;mm. Mount Nahnalaud, only 750 m high, on the island of Pohnpei, receives an average of 10,160&nbsp;mm, being one of the rainiest places on earth, with almost always overcast skies. In general, the rains are produced by showers and storms of short duration but very intense. The driest places are the flat atolls, where rainfall can drop below 3,000&nbsp;mm. The driest months are January and February, with no less than 250&nbsp;mm and 20 days of rain.

Climate patterns in the FSM are also affected by the El Niño-Southern Oscillation, leading to considerable variability in weather conditions from year to year. During El Niño events, the regi",False,False,False
Q712,Fiji,"thumb|upright=1.15|Fiji's location in Oceania
thumb|upright=1.15|A map of Fiji
thumb|upright=1.15|Topography of Fiji

Fiji lies approximately southwest of Hawaii and roughly from Sydney, Australia. Fiji is the hub of the Southwest Pacific, midway between Vanuatu and Tonga. The archipelago is located between 176° 53′ east and 178° 12′ west. The archipelago is roughly and less than 2 percent is dry land. The 180° meridian runs through Taveuni, but the International Date Line is bent to give uniform time (UTC+12) to all of the Fiji group. With the exception of Rotuma, the Fiji group lies between 15° 42′ and 20° 02′ south. Rotuma is located north of the group, from Suva, 12° 30′ south of the equator.

Fiji covers a total area of some of which around 10% is land. Fiji consists of 332 islands (of which 106 are inhabited) and 522 smaller islets. The two most important islands are Viti Levu and Vanua Levu, which account for about three-quarters of the total land area of the country. The islands are mountainous, with peaks up to 1,324 metres (4,341&nbsp;ft), and covered with thick tropical forests.

The highest point is Mount Tomanivi on Viti Levu. Viti Levu hosts the capital city of Suva and is home to nearly three-quarters of the population. Other important towns include Nadi (the location of the international airport), and Lautoka, Fiji's second largest city, with large sugar cane mills and a seaport.

The main towns on Vanua Levu are Labasa and Savusavu. Other islands and island groups include Taveuni and Kadavu (the third and fourth largest islands, respectively), the Mamanuca Group (just off Nadi) and Yasawa Group, which are popular tourist destinations, the Lomaiviti Group, off Suva, and the remote Lau Group. Rotuma has special administrative status in Fiji. Ceva-i-Ra, an uninhabited reef, is located about southwest of the main archipelago.

Fiji contains two ecoregions: Fiji tropical moist forests and Fiji tropical dry forests. It had a 2018 Forest Landscape Integrity Index mean score of 8.35/10, ranking it 24th globally out of 172 countries.

International non-governmental organisations contribute with local partners on conservation work in Fiji. Conservation International Fiji has supported protected-area initiatives, including work contributing to the establishment of the Sovi Basin Conservation Area on Viti Levu, and has carried out mangrove-focused blue carbon work in priority sites such as Navitilevu Bay in Ra Province.

The climate in Fiji is tropical marine and warm year-round with minimal extremes. The warm season is from November to April, and the cooler season lasts from May to October. Temperatures in the cool season average . Rainfall is variable, with the warm season experiencing heavier rainfall, especially inland. For the larger islands, rainfall is heavier on the southeast portions of the islands than on the northwest portions, with consequences for agriculture in those areas. Winds are moderate, though cyclones o",False,False,False
Q33,Finland,"thumb|Post kiosk: enter your codes at the console and a door to (or for) your parcel will open.

Finland's mail service is run by Posti, nowadays a state owned business concentrating on parcels (where they compete with Postnord, Matkahuolto and courier services); the delivery time of normal domestic letters has increased to four days. A stamp for a postcard or normal letter (max 50g domestic, max 20g abroad; as of 2020) costs €1.75. Most stamps are ""no-value"" (ikimerkki, fixvärdesmärke), which means they are supposed to be valid indefinitely for a given service. Real post offices are all but extinct, with the services mostly handled by local businesses and automatic kiosks. Stamps etc. can be got from many businesses, including these and e.g. book stores.

There are Poste restante services in the cities, but often a better option is to get the post to some trusted address, e.g. your accommodation.

Åland has its own mail service, with stamps of its own. Åland stamps cannot be used to send mail from the rest of Finland and vice versa.

thumb|Not many of these left

As you'd expect from Nokia's home country, mobile phones are ubiquitous in Finland. Modern 4G/5G networks blanket the country, although it's still possible to find wilderness areas with poor signal, typically in Lapland and the outer archipelago, and the net may at times be congested elsewhere. The largest operators are Telia, Elisa (a Vodafone partner) and DNA. Most locals use packages with data, messages and normal calls included in the monthly fee (from €20, as of 2022).

Most 3G networks are being shut down in 2023–2024. A fallback to 2G (GSM) remains available, but going for full 4G capability (including 4G calls) is a better option. In major cities and some other places, also 5G is widely available.

Prepaid packages cost from about €5, including all the price as value. Ask at any convenience store for a list of prices and special offers. Finland has an exception to the EU roaming rules because of low domestic prices, so if you need to use the SIM abroad, check the fine print (EU roaming is treated separately, may cost more than the EU norm and may not even be included; Telia has own nets in Scandinavia, the Baltic countries and some other EEA countries and may offer better roaming deals to those areas). Also note prices for calling abroad (home) – you are typically referred to the internet, but might want to insist on the clerk finding the right page and translating if needed. For data (nominally 100 Mbit/s in most packages), you typically pay €1/day (days in use, even for a second, or days from activation) or €0.01/MB, sometimes max €1/day, for normal domestic calls €0.066/min (surcharge for service numbers often more), for SMS à €0.066 (as of 2022). 5G cards may cost a little more. If your card is an ""all included"" one, paid per day, reserve some leeway for calls not included (service and business numbers, foreign calls). The prepaid cards are usually valid for hal",False,False,False
Q142,France,"thumb|[[Chamonix valley with the Mont Blanc at background, the highest mountain in the Alps and Western Europe on the border with Italy]]
The vast majority of France's territory and population is situated in Western Europe and is called Metropolitan France. It is bordered by the North Sea in the north, the English Channel in the northwest, the Atlantic Ocean in the west and the Mediterranean Sea in the southeast. Its land borders consist of Belgium and Luxembourg in the northeast, Germany and Switzerland in the east, Italy and Monaco in the southeast, and Andorra and Spain in the south and southwest. Except for the northeast, most of France's land borders are roughly delineated by natural boundaries and geographic features: to the south, the Pyrenees and the Alps; to the southeast, Jura Mountains; and to the east, the Rhine river. Including Overseas France, it also borders Suriname and Brazil through French Guiana in South America, and the Netherlands through Saint Martin in the Caribbean. Metropolitan France includes various coastal islands, of which the largest is Corsica. Metropolitan France is situated mostly between latitudes 41° and 51° N, and longitudes 6° W and 10° E, on the western edge of Europe, and thus lies within the northern temperate zone. Its continental part covers about 1000&nbsp;km from north to south and from east to west.

Metropolitan France covers , the largest among European Union members. France's total land area, with its overseas departments and territories (excluding Adélie Land), is , 0.45% of the total land area on Earth. France possesses a wide variety of landscapes, from coastal plains in the north and west to the mountain ranges of the Alps in the southeast, the Massif Central in the south-central and Pyrenees in the southwest. With numerous overseas departments and territories scattered across the planet, France possesses the second-largest exclusive economic zone (EEZ) in the world, covering . Its EEZ covers approximately 8% of the total surface of all the EEZs of the world.

thumb|Geological formations near [[Roussillon, Vaucluse]]
Metropolitan France has a wide variety of topographic sets and natural landscapes. During the Hercynian uplift in the Paleozoic Era, the Armorican Massif, the Massif Central, the Morvan, the Vosges and Ardennes ranges and the island of Corsica were formed. These massifs delineate several sedimentary basins such as the Aquitaine Basin in the southwest and the Paris Basin in the north. Various routes of natural passage, such as the Rhône Valley, allow easy communication. The Alpine, Pyrenean and Jura Mountains are much younger and have less eroded forms. At above sea level, Mont Blanc in the Alps is the highest point in Western Europe. 60% of municipalities are classified as having moderate seismic risk.

The coastlines offer contrasting landscapes: mountain ranges along the French Riviera, coastal cliffs such as the Côte d'Albâtre, and wide sandy plains in the Languedo",False,False,False
Q1000,Gabon,"thumb|Map of Köppen climate classification
Gabon is located on the Atlantic coast of central Africa on the equator, between latitudes 3°N and 4°S, and longitudes 8° and 15°E. Gabon has an equatorial climate with a system of rainforests, with 89.3% of its land area forested.

There are coastal plains (ranging between from the ocean's shore), the mountains (the Cristal Mountains to the northeast of Libreville, the Chaillu Massif in the centre), and the savanna in the east. The coastal plains form a section of the World Wildlife Fund's Atlantic Equatorial coastal forests ecoregion and contain patches of Central African mangroves including on the Muni River estuary on the border with Equatorial Guinea.

Geologically, Gabon is primarily Archaean and Palaeoproterozoic igneous and metamorphic basement rock, belonging to the stable continental crust of the Congo craton. Some formations are more than 2 billion years old. Some rock units are overlain by marine carbonate, lacustrine and continental sedimentary rocks, and unconsolidated sediments and soils that formed in the last 2.5 million years of the Quaternary. The rifting apart of the supercontinent Pangaea created rift basins that filled with sediments and formed the hydrocarbons. There are Oklo reactor zones, a natural nuclear fission reactor on Earth which was active 2 billion years ago. The site was discovered during uranium mining in the 1970s to supply the French nuclear power industry.

Its largest river is the Ogooué, which is long. It has three karst areas where there are hundreds of caves located in the dolomite and limestone rocks. A National Geographic Expedition visited some caves in the summer of 2008 to document them.

Gabon is highly vulnerable to climate change due to its dense coastal population, economic hubs along the shore, and dependence on rain-fed agriculture. Rising sea levels threaten to erode the coastline and contaminate freshwater sources with saltwater. The country is already experiencing more frequent and severe extreme weather events, such as floods, droughts, and storms, which damage infrastructure, displace communities, and disrupt food security and livelihoods. To adapt, Gabon prioritises protecting its coastal areas, as well as its fishing, agriculture, and forestry industries. Its vast forests act as a net carbon sink. It is recognized as a global leader in climate action and is widely considered the most carbon-positive country in the world, due to its strong conservation efforts.

In 2002, President Omar Bongo Ondimba designated roughly 10% of the nation's territory to be part of its national park system (with 13 parks in total). The National Agency for National Parks manages Gabon's national park system. Gabon had a 2018 Forest Landscape Integrity Index mean score of 9.07/10, ranking it 9th globally out of 172 countries.

Gabon has a large number of protected animal and plant species. The country's biodiversity is one of the most varied on the pl",False,False,False
Q230,Georgia,"* Hostels and hotels usually have free Wi-Fi for their guests, even in Mestia. The same is occasionally true for cafés and restaurants.
* There is a free Wi-Fi network all over Tbilisi named ""Tbilisi Loves You"", including the airport. However, it frequently does not work, getting stuck on the login pages.

Georgia's country code is +995. Georgia uses GSM, 3G, and LTE for mobile phones.

Here are the operators:
* Magti &mdash; is reported to have the best coverage, but might be slightly more expensive. Tariff prices as of July 2023:
** 30 days: Unlimited data and calls ; 3GB and calls 
** An eSIM costs 10 lari by itself and can be installed using the MyMagti app (iPhone) before you arrive in Georgia.
** Tethering is allowed, including on the unlimited plan.
* Beeline &ndash; a Russian company, the cheapest, but does not get the best reception in some areas. Prices as of Sep 2019: 4 weeks, 4 GB, 9 lari. 2 weeks, 10 GB, 10 lari. 3 weeks, 10 GB, 15 lari.
* Geocell — a Turkish company, does not have the best reception in some areas. Tariff prices

SIM cards are given out for free at Tbilisi airport. Each mobile operator has a desk at the airport, and offers the same deals at the airport as elsewhere.

Magti and Beeline allow tethering.

If you plan to use Georgian SIM-card outside of Georgia in the future (for example, for SMS-authorization for banking), it is impossible to receive any a service if you hadn't turned on roaming in person at an operator salon.

Communication with accommodations, airlines, drivers, restaurants, tourist information and so on, universally use WhatsApp (usually), or Viber, Facebook Messenger, or Telegram. This means you should install and activate WhatsApp before you arrive in Georgia, as you will not be able to activate WhatsApp if you can't receive SMS while roaming.

If someone asks for your phone number, it is implied they will message you on WhatsApp. If someone says ""send SMS"", they really mean WhatsApp. If you do not have WhatsApp it will be impossible to electronically communicate in Georgia.

Postal services in Georgia have almost ceased to exist. There are no letterboxes or home delivery. Mail does not arrive to recipients, but they are notified and have to collect mail at a post office. Postal rates are very high (it costs to send a postcard to another country without tracking number and to send it with a tracking number, while in neighbouring Armenia it costs ~1 lari). Postcards cost 1-2 lari throughout the country. The few post offices still maintained by Georgian Post are badly signposted and often in derelict buildings.",False,False,False
Q183,Germany,"thumb|A physical map of Germany
Germany is the seventh-largest country in Europe. It borders Denmark to the north; Poland and the Czech Republic to the east; Austria and Switzerland to the south; and France, Luxembourg, Belgium, and the Netherlands to the west. Germany is also bordered by the North Sea and, at the north-northeast, the Baltic Sea. German territory covers . Elevation ranges from the mountains of the Alps (with the highest point being the Zugspitze at ) in the south to the shores of the North Sea () in the northwest and the Baltic Sea () in the northeast. The forested uplands of central Germany and the lowlands of northern Germany (lowest point: in the municipality Neuendorf-Sachsenbande, Wilstermarsch, at below sea level) are traversed by such major rivers as the Rhine, Danube and Elbe. Significant natural resources include iron ore, coal, potash, timber, lignite, uranium, copper, natural gas, salt, and nickel.

Most of Germany has a temperate climate, ranging from oceanic in the north and west to continental in the east and southeast. Winters range from cold in the Southern Alps to cool and are generally overcast with limited precipitation, while summers can vary from hot and dry to cool and rainy. The northern regions have prevailing westerly winds that bring in moist air from the North Sea, moderating the temperature and increasing precipitation. Conversely, the southeast regions have more extreme temperatures. Climate change in Germany is leading to long-term impacts on agriculture, more intense heat waves and cold waves, flash and coastal flooding, and reduced water availability.

From February 2019–February 2020, average monthly temperatures in Germany ranged from a low of in January 2020 to a high of in June 2019. Average monthly precipitation ranged from 30 litres per square metre in February and April 2019 to 125 litres per square metre in February 2020. Average monthly hours of sunshine ranged from 45 in November 2019 to 300 in June 2019.

thumb|[[Berchtesgaden National Park in Bavaria]]
The territory of Germany can be divided into five terrestrial ecoregions: Atlantic mixed forests, Baltic mixed forests, Central European mixed forests, Western European broadleaf forests, and Alps conifer and mixed forests. , 51% of Germany's land area is devoted to agriculture, while 30% is forested and 14% is covered by settlements or infrastructure.

Plants and animals include those generally common to Central Europe. According to the National Forest Inventory, beeches, oaks, and other deciduous trees constitute just over 40% of the forests; roughly 60% are conifers, particularly spruce and pine. There are many species of ferns, flowers, fungi, and mosses. Wild animals include roe deer, wild boar, mouflon (a subspecies of wild sheep), fox, badger, hare, and small numbers of the Eurasian beaver. The blue cornflower was once a German national symbol.

The 16 national parks in Germany include the Jasmund National Park, th",False,False,False
Q117,Ghana,"Ghana lies on the Gulf of Guinea in West Africa, a few degrees north of the Equator. It covers and has an Atlantic coastline of about ., It is situated between latitudes 4°45′N and 11°N, and longitudes 1°15′E and 3°15′W. The Prime Meridian passes through Tema, near Accra, making Ghana the country closest to the intersection of the Prime Meridian and the Equator (0°, 0°), located offshore in the Atlantic.

Grasslands mixed with south coastal shrublands and forests dominate Ghana, with forest extending northward from the coast and eastward for a maximum of about with locations for mining of industrial minerals and timber. Ghana is home to five terrestrial ecoregions: Eastern Guinean forests, Guinean forest–savanna mosaic, West Sudanian savanna, Central African mangroves, and Guinean mangroves.

The White Volta River and its tributary Black Volta, flow south through Ghana to Lake Volta, the world's third-largest reservoir by volume and largest by surface area, formed by the hydroelectric Akosombo Dam, completed in 1965. The Volta flows out of Lake Volta into the Gulf of Guinea. The northernmost part of Ghana is Pulmakong and the southernmost part of Ghana is Cape Three Points.

upright=1.35|thumb|right|

{| class=""wikitable""
|+ Landmarks, borders and regions
|-
| style=""background:#71b37b;width:5px"" |
|Coastal Plain
| Accra, Apam, Cape Coast, Elmina, Kakum National Park, Kokrobite, Nzulezo, Sekondi-Takoradi, Ada Foah
| The Gulf of Guinea coastal plain with the seat of government and capital city, castles and forts and rainforest

|-
| style=""background:#64a0c7;width:5px"" |
|Ashanti-Kwahu
| Koforidua, Kumasi, Obuasi, Sunyani
| Forested hills and the Kingdom of Ashanti

|-
| style=""background:#bf88bf;width:5px"" |
|Volta Basin
| Tamale
| Lake Volta, the river system that feeds it and Ghana eastern border crossing

|-
| style=""background:#b2be9b;width:5px"" |
|Northern Plains
| Wa, Bolgatanga, Mole National Park
| Savanna plains and north Ghana trade route and border crossing
|}

The climate of Ghana is tropical, and there is wet season and dry season. Ghana sits at the intersection of three hydro-climatic zones. The eastern coastal belt is warm and comparatively dry, the south-west corner of Ghana is hot and humid, and the north of Ghana is hot and dry.

Climate change in Ghana is having significant impacts on the people of Ghana. Increasing temperatures and changes in rainfall, extreme weather, drought, wild fires, floods and sea-level rise are expected to negatively affect the country's infrastructure, hydropower production, food security, water supply, and coastal and agricultural livelihoods such as farming and fisheries. Ghana's economy will be impacted by climate change, due to its dependence on climate-sensitive sectors such as agriculture, energy, and forestry. Diseases like malaria, dengue fever and cholera are predicted to increase due to changes in water conditions. Ghana signed the Paris Agreement in 2016. Ghana aims to avoi",False,False,False
Q1410,Gibraltar,"Gibraltar's international telephone code is +350. All landline numbers in Gibraltar have 8 digits.

The prefix to dial prior to the country code for international calls is 00 in Gibraltar.

Free wireless is available in the following places:
* Fresh - a cafe/bar just down through the archway when leaving the main square towards the bus stops.
* The Gibraltar Arms - about half way down the main street.
* The Lord Nelson - just by the tunnel exiting the main square.
* The Cannon Bar - behind the Catholic Cathedral.
* The Clipper - on Irish Town near Tuckey's lane.
* Corks Wine Bar - on Irish Town near the Clipper.
* The Horseshoe - on Main Street near the Gibraltar Museum & King Street.",False,False,False
Q41,Greece,"thumb|left|Topographic map of Greece
Located in Southern and Southeast Europe, Greece has the longest coastline on the Mediterranean basin, spanning thousands of islands and nine traditional geographic regions: Macedonia, Central Greece, Peloponnese, Thessaly, Epirus, Aegean Islands, Thrace, Crete and Ionian Islands. Greece consists of a mountainous, peninsular mainland jutting out into the sea at the southern end of the Balkans, ending at the Peloponnese peninsula (separated from the mainland by the canal of the Isthmus of Corinth) and strategically located at the crossroads of Europe, Asia, and Africa. Its highly indented coastline and numerous islands give Greece the 11th longest national coastline in the world, with ; its land boundary is . The country lies approximately between latitudes 34° and 42° N, and longitudes 19° and 30° E, with the extreme points being: the village Ormenio in the North and the islands Gavdos (South), Strongyli near Kastellorizo (East), and Othonoi (West). Gavdos is considered the southernmost point of Europe.

thumb|[[Mount Olympus is the highest mountain in Greece and mythical abode of the Gods of Olympus.]]
Approximately 80% of Greece consists of mountains or hills, making the country one of the most mountainous in Europe. Mount Olympus, the mythical abode of the Greek Gods, culminates at Mytikas peak , the highest in the country. Western Greece contains a number of lakes and wetlands and is dominated by the Pindus mountain range. The Pindus, a continuation of the Dinaric Alps, reaches a maximum elevation of at Mt. Smolikas (the second-highest in Greece) and historically has been a significant barrier to east–west travel. Its extensions cross through the Peloponnese, ending in the island of Crete. The Vikos Gorge, part of the Vikos-Aoos National Park in the Pindus range, is listed by the Guinness book of World Records as the deepest gorge in the world relative to its width. Another notable formation are the Meteora rock pillars, atop which have been built medieval Greek Orthodox monasteries.Sofianos, D.Z.: ""Metéora"". Holy Monastery of Great Meteoro, 1991.

Northeastern Greece features another high-altitude mountain range, the Rhodope range, spreading across the region of Eastern Macedonia and Thrace; this area is covered with vast, thick, ancient forests, including the famous Dadia Forest in the Evros regional unit, in the far northeast of the country.

Extensive plains are primarily located in the regions of Thessaly, Central Macedonia, and Thrace. They constitute key economic regions as they are among the few arable places in the country.

Greece features a vast number of islands—between 1,200 and 6,000, depending on the definition, 227 of which are inhabited. Crete is the largest and most populous island; Euboea, separated from the mainland by the 60&nbsp;m-wide Euripus Strait, is the second largest, followed by Lesbos and Rhodes.

The Greek islands are traditionally grouped into the following",False,False,False
Q223,Greenland,"thumb|upright=1.3|alt=Topographic map of Greenland|Elevation of Greenland bedrock

Greenland is the world's largest non-continental island and the third largest area in North America after Canada and the United States. It lies between latitudes 59° and 83°N, and longitudes 11° and 74°W, with over 80% of its land mass north of the Arctic Circle. It is bordered by the Arctic Ocean to the north, the Greenland Sea to the east, the North Atlantic Ocean to the southeast, the Davis Strait to the southwest, Baffin Bay to the west, and the Nares Strait and Lincoln Sea to the northwest. The nearest countries are Canada, with which it shares a maritime border to the west and southwest across Nares Strait and Baffin Bay, as well as a shared land border on Hans Island; and Iceland to the southeast. It is the largest constituent country by area in the world and is the fourth largest country subdivision in the world and largest in North America.

The total area is (including other offshore minor islands), of which the Greenland ice sheet covers (81%) and has a volume of approximately . The highest point is Gunnbjørn Fjeld at of the Watkins Range (East Greenland mountain range). The majority of Greenland, however, is less than in elevation. The lowest temperature ever recorded in the Northern Hemisphere was recorded near the topographic summit of the Greenland ice sheet, on 22 December 1991, when the temperature reached . In Nuuk, the average daily temperature varies over the seasons from .

Below the ice there is a series of canyons, the biggest called Greenland's Grand Canyon which was formed by flowing rivers of water from the repeated cycle of ice melting and new ice forming. Near the coast, elevations rise suddenly and steeply. The ice flows generally to the coast from the centre of the island. A survey led by French scientist Paul-Emile Victor in 1951 concluded that under the ice sheet Greenland is composed of three large islands. This is disputed, but if it is so, they would be separated by narrow straits, reaching the sea at Ilulissat Icefjord, at Greenland's Grand Canyon and south of Nordostrundingen. All towns and settlements of Greenland are situated along the ice-free coast, with the population being concentrated along the west coast. The northeastern part of Greenland is not part of any municipality and is the site of the world's largest national park, Northeast Greenland National Park.

At least four scientific expedition stations and camps had been established on the ice sheet in the ice-covered central part of Greenland (indicated as pale blue in the adjacent map): Eismitte, North Ice, North GRIP Camp and Raven Skiway. There is a year-round station Summit Camp on the ice sheet, established in 1989. The radio station Jørgen Brønlund Fjord was, until 1950, the northernmost permanent outpost in the world. The extreme north of Greenland, Peary Land, is not covered by an ice sheet because the air there is too dry to produce snow, which",False,False,False
Q769,Grenada,"thumb|A map of Grenada

The island of Grenada is the southernmost island in the Antilles archipelago, bordering the eastern Caribbean Sea and the western Atlantic Ocean, and roughly north of both Venezuela and Trinidad and Tobago. Its sister islands make up the southern section of the Grenadines, which include Carriacou, Petite Martinique, Ronde Island, Caille Island, Diamond Island, Large Island, Saline Island, and Frigate Island; the remaining islands to the north belong to St Vincent and the Grenadines. Most of the population lives in Grenada, and major towns there include the capital, St. George's, Grenville and Gouyave. The largest settlement on the sister islands is Hillsborough on Carriacou.

Grenada is of volcanic origin, as evident in its soil, mountainous interior, and several explosion craters, including Lake Antoine, Grand Etang Lake, and Levera Pond. Grenada's highest point is Mount St. Catherine, rising to above sea level. Other major mountains include Mount Granby and South East Mountain. Several small rivers with waterfalls flow into the sea from these mountains. The coastline contains several bays, most notably on the southern coast, split into numerous thin peninsulas.

Grenada is home to four ecoregions: Windward Islands moist forests, Leeward Islands dry forests, Windward Islands dry forests, and Windward Islands xeric scrub. It had a 2018 Forest Landscape Integrity Index mean score of 4.22/10, ranking it 131st globally out of 172 countries.

thumb|center|upright=2.5|An aerial photo of the capital [[St. George's, Grenada|St. George's]]

The climate is tropical: hot and humid in the dry season and cooled by the moderate rainfall in the rainy season. Temperatures range from and are rarely below .

Grenada lies at the southern edge of the Main Development Region for tropical cyclone activity, though the island has suffered only four landfalling hurricanes in the last several decades. Hurricane Janet passed over Grenada on 23 September 1955, with winds of , causing severe damage. The most recent storm to hit Grenada was Hurricane Beryl on 1 July 2024, a strong Category 4 hurricane which set the record for the earliest forming Category 5 Hurricane in recorded history and the strongest hurricane to develop within the Main Development Region (MDR) of the Atlantic before the month of July. While all three inhabited Grenadian islands were impacted, it passed directly over the island of Carriacou causing total devastation and the damage and destruction of many vessels (both in water and ashore) in Tyrrel Bay and the Carriacou Mangroves. Petit Martinique also suffered considerable damage with much more limited damage occurring on the main island of Grenada, mainly on the windward and northern portions of the island. Grenada was also impacted by Hurricane Ivan on 7 September 2004, which caused severe damage and thirty-nine deaths, and Hurricane Emily on 14 July 2005, which peaked as a Category 5 hurricane on 16 July over",False,False,False
Q774,Guatemala,"thumb|A map of Guatemala
thumb|Köppen climate types of Guatemala
thumb|The highlands of [[Quetzaltenango]] thumb|A town along the [[Pan-American Highway within a volcanic crater]]Guatemala is mountainous with small patches of desert and sand dunes, all hilly valleys, except for the south coast and the vast northern lowlands of Petén department. Two mountain chains enter Guatemala from west to east, dividing Guatemala into three major regions: the highlands, where the mountains are located; the Pacific coast, south of the mountains and the Petén region, north of the mountains.

All major cities are located in the highlands and Pacific coast regions; by comparison, Petén is sparsely populated. These three regions vary in climate, elevation, and landscape, providing dramatic contrasts between hot, humid tropical lowlands and colder, drier highland peaks. Volcán Tajumulco, at , is the highest point in the Central American countries.

The rivers are short and shallow in the Pacific drainage basin, larger and deeper in the Caribbean and the Gulf of Mexico drainage basins. These rivers include the Polochic and Dulce Rivers, which drain into Lake Izabal, the Motagua River, the Sarstún, which forms the boundary with Belize, and the Usumacinta River, which forms the boundary between Petén and Chiapas, Mexico.

Guatemala's location between the Caribbean Sea and Pacific Ocean makes it a target for hurricanes such as Hurricane Mitch in 1998 and Hurricane Stan in October 2005, which killed more than 1,500 people. The damage was not wind-related, but rather due to significant flooding and resulting mudslides. The most recent was Hurricane Eta in November 2020, which was responsible for more than 100 people missing or killed with the final tally still uncertain.

Guatemala's highlands lie along the Motagua Fault, part of the boundary between the Caribbean and North American tectonic plates. This fault has been responsible for several major earthquakes in historic times, including a 7.5 magnitude tremor on 4 February 1976 which killed more than 25,000 people. In addition, the Middle America Trench, a major subduction zone, lies off the Pacific coast. Here, the Cocos Plate is sinking beneath the Caribbean Plate, producing volcanic activity inland of the coast. Guatemala has 37 volcanoes, four of them active: Pacaya, Santiaguito, Fuego, and Tacaná.

Natural disasters have a long history in this geologically active part of the world. For example, two of the three moves of the capital of Guatemala have been due to volcanic mudflows in 1541 and earthquakes in 1773.

Guatemala has 14 ecoregions ranging from mangrove forests to both ocean littorals with five different ecosystems. Guatemala has 252 listed wetlands, including five lakes, 61 lagoons, 100 rivers, and four swamps. Tikal National Park was the first mixed UNESCO World Heritage Site. Guatemala is a country of distinct fauna. It has some 1246 known species. Of these, 6.7% are endemic and 8.1% ar",False,False,False
Q1006,Guinea,"thumb|upright=2.5|center|A map showing [[List of cities in Guinea|Guinea's cities and administrative divisions]]

Guinea shares a border with Guinea-Bissau to the northwest, Senegal to the north, Mali to the northeast, Ivory Coast to the east, Sierra Leone to the southwest and Liberia to the south. The nation forms a crescent as it curves from its southeast region to the north and west, to its northwest border with Guinea-Bissau and southwestern coast on the Atlantic Ocean. The sources of the Niger River, the Gambia River, and the Senegal River are all found in the Guinea Highlands. At , Guinea is roughly the size of the United Kingdom. There are of coastline and a total land border of . It lies mostly between latitudes 7° and 13°N, and longitudes 7° and 15°W, with a smaller area that is west of 15°.

thumb|upright=1|[[Köppen climate classification of Guinea]]
Guinea is divided into 4 regions: Maritime Guinea, also known as Lower Guinea or the Basse-Coté lowlands, populated mainly by the Susu ethnic group; the cooler, more mountainous Fouta Djallon that run roughly north–south through the middle of the country, populated by Fulas; the Sahelian Haute-Guinea to the northeast, populated by Malinké; and the forested jungle regions in the southeast, with several ethnic groups. Guinea's mountains are the source for the Niger, the Gambia, and Senegal Rivers, and rivers flowing to the sea on the west side of the range in Sierra Leone and Ivory Coast. The highest point in Guinea is Mount Nimba at . While the Guinean and Ivorian sides of the Nimba Massif are a UNESCO Strict Nature Reserve, the portion of the so-called Guinean Backbone continues into Liberia, where it has been mined for decades; the damage is evident in the Nzérékoré Region at .

Guinea is home to 5 ecoregions: Guinean montane forests, Western Guinean lowland forests, Guinean forest-savanna mosaic, West Sudanian savanna, and Guinean mangroves.

upright=1.15|thumb|[[Badiar National Park]]
The southern part of Guinea lies within the Guinean Forests of West Africa Biodiversity hotspot, while the north-east is characterized by dry savanna woodlands. Declining populations of some animals are restricted to uninhabited distant parts of parks and reserves.

Species found in Guinea include the following:
* Amphibians: Hemisus guineensis, Phrynobatrachus guineensis
* Reptiles: Acanthodactylus guineensis, Mochlus guineensis
* Arachnids: Malloneta guineensis, Dictyna guineensis
* Insects: Zorotypus guineensis, Euchromia guineensis
* Birds: Melaniparus guineensis

thumb|upright=1.6|[[Regions of Guinea]]
The Republic of Guinea covers of West Africa, about 10 degrees north of the equator. It is divided into 4 natural regions:

* Maritime Guinea (La Guinée Maritime) covers 18% of the country.
* Middle Guinea (La Moyenne-Guinée) covers 20% of the country.
* Upper Guinea (La Haute-Guinée) covers 38% of the country.
* Forested Guinea (Guinée forestière) covers 23% of the country, and is both",False,False,False
Q1007,Guinea-Bissau,"thumb|230px|Rare salt water [[hippopotamuses on Orango Island]]
thumb|230px|Caravela, Bissagos Islands
thumb|230px|Typical scenery in Guinea-Bissau
thumb|Landscape near Bissau
Guinea-Bissau is bordered by Senegal to the north and Guinea to the south and east, with the Atlantic Ocean to its west. It lies mostly between latitudes 11° and 13°N (a small area is south of 11°), and longitudes 11° and 15°W.

At , the country is larger in size than Belgium.
The highest point is Monte Torin with an elevation of . Its terrain is mostly low coastal plains with swamps of the Guinean mangroves rising to the Guinean forest–savanna mosaic in the east. Its monsoon-like rainy season alternates with periods of hot, dry harmattan winds blowing from the Sahara. The Bijagos Archipelago lies off of the mainland.Nossiter, Adam (4 November 2009) ""Bijagós, a Tranquil Haven in a Troubled Land"", The New York Times, 8 November 2009 The country is home to two ecoregions: Guinean forest–savanna mosaic and Guinean mangroves.

Guinea-Bissau is warm all year round with mild temperature fluctuations; it averages . The average rainfall for Bissau is , although this is almost entirely accounted for during the rainy season which falls between June and September/October. From December through April, the country experiences drought.Guinea-Bissau Climate . Nationsencyclopedia.com. Retrieved 22 June 2013.",False,False,False
Q734,Guyana,"thumb|upright|[[Kaieteur Falls is one of the world's most powerful waterfalls.]]
thumb|[[Rupununi Savannah]]
thumb|A large part of Guyana's territory is covered by the [[Amazon rainforest, the world's largest and most biodiverse tropical rainforest.]]

The territory controlled by Guyana lies between latitudes 1° and 9°N, and longitudes 56° and 62°W; it is one of the world's most sparsely populated countries.

The country can be divided into five natural regions: a narrow and fertile marshy plain along the Atlantic coast (low coastal plain) where most of the population lives; a white sand belt further inland (hilly sand and clay region), containing most of Guyana's mineral deposits; the dense rain forests (Forested Highland Region) in the southern part of the country; the drier savannah areas in the south-west; and the smallest interior lowlands (interior savannah) consisting mostly of mountains that gradually rise to the Brazilian border.

Some of Guyana's highest mountains are Mount Ayanganna (), Monte Caburaí () and Mount Roraima ( – the highest mountain in Guyana) on the Brazil-Guyana-Venezuela tripoint border, part of the Pakaraima range. Mount Roraima and Guyana's table-top mountains (tepuis) are said to have been the inspiration for Sir Arthur Conan Doyle's 1912 novel The Lost World. There are also many volcanic escarpments and waterfalls, including Kaieteur Falls which is one of the world's most powerful waterfalls. North of the Rupununi River lies the Rupununi savannah, south of which lie the Kanuku Mountains.

The four longest rivers are the Essequibo at long, the Courentyne River at , the Berbice at , and the Demerara at . The Courentyne river forms the border with Suriname. At the mouth of the Essequibo are several large islands, including the wide Shell Beach along the northwest coast, which is also a major breeding area for sea turtles (mainly leatherbacks) and other wildlife.

The climate is tropical and generally hot and humid, though moderated by northeast trade winds along the coast. There are two rainy seasons, the first from May to mid-August, the second from mid-November to mid-January.

Guyana has one of the largest unspoiled rainforests in South America, some parts of which are almost inaccessible by humans. The rich natural history of Guyana was described by early explorers Sir Walter Raleigh and Charles Waterton and later by naturalists Sir David Attenborough and Gerald Durrell. In 2008, the BBC broadcast a three-part programme called Lost Land of the Jaguar which highlighted the huge diversity of wildlife, including undiscovered species and rare species such as the giant otter and harpy eagle.

Guyana is located on the Guiana Shield, an extremely biodiverse region; Guyana itself has one of the highest levels of biodiversity in the world. It is home to more than 225 species of mammals, 900 species of birds, 880 species of reptiles, and more than 6,500 species of plants. Among these, the most famous are the",False,False,False
Q783,Honduras,"thumb|upright=1.3|Honduras's topography

The north coast of Honduras borders the Caribbean Sea and the Pacific Ocean lies south through the Gulf of Fonseca. Honduras consists mainly of mountains, with narrow plains along the coasts. A large undeveloped lowland jungle, La Mosquitia lies in the northeast, and the heavily populated lowland Sula valley in the northwest. In La Mosquitia lies the UNESCO world-heritage site Río Plátano Biosphere Reserve, with the Coco River which divides Honduras from Nicaragua.

The Islas de la Bahía and the Swan Islands are off the north coast. Misteriosa Bank and Rosario Bank, north of the Swan Islands, fall within the Exclusive Economic Zone (EEZ) of Honduras.

Natural resources include timber, gold, silver, copper, lead, zinc, iron ore, antimony, coal, fish, shrimp, and hydropower.

upright=1.3|thumb|[[Köppen climate classification system|Köppen climate types of Honduras]]
The climate varies from tropical in the lowlands to temperate in the mountains. The Pacific coast is generally drier than the Caribbean.

The region is considered a biodiversity hotspot because of the many plant and animal species found there. Like other countries in the region, it contains vast biological resources. Honduras hosts more than 6,000 species of vascular plants, of which 630 (described so far) are orchids; around 250 reptiles and amphibians, more than 700 bird species, and 110 mammalian species, of which half are bats.

In the northeastern region of La Mosquitia lies the Río Plátano Biosphere Reserve, a lowland rainforest which is home to a great diversity of life. The reserve was added to the UNESCO World Heritage Sites List in 1982.

Honduras has rain forests, cloud forests (which can rise up to nearly above sea level), mangroves, savannas and mountain ranges with pine and oak trees, and the Mesoamerican Barrier Reef System. In the Bay Islands there are bottlenose dolphins, manta rays, parrot fish, schools of blue tang and whale shark.

Deforestation resulting from logging is rampant in Olancho Department. The clearing of land for agriculture is prevalent in the largely undeveloped La Mosquitia region, causing land degradation and soil erosion. Honduras had a 2019 Forest Landscape Integrity Index mean score of 4.48/10, ranking it 126th globally out of 172 countries.

Lake Yojoa, which is Honduras's largest source of fresh water, is polluted by heavy metals produced from mining activities.

 Some rivers and streams are also polluted by mining.",False,False,False
Q28,Hungary,"* Broadband Internet access is now widespread in Hungary. It's quite usual to find free Internet access (Wi-Fi) in shopping centers; in Budapest, most cafes and pubs. You'll have Wi-Fi access even in small towns. Look for the ""Wi-Fi"" signs, you may have to ask for the access password, however, if you consume, it will be freely given.
There are 4G coverage in most of the country while 5G is being deployed (July 2024).",False,False,False
Q189,Iceland,"In case of emergency call 112 from any phone.

Such calls are free and will be answered by an emergency services operator who will ask you which services you need (police, fire, ambulance, coastguard, rescue teams, civil protection and protection against child abuse) and for your location.

Phone numbers for non-urgent calls to these services differ to where you are situated in the country. Calls for non-urgent medical services in the capital region should be made on 1770.

Directory enquiries (number lookup) of Icelandic phone numbers are provided by the Icelandic telecom, in the telephone number 1818.

The Icelandic country code is 354. When calling Iceland from overseas, dial your international access code (with mobile phones, you can use ""+"" instead) followed by subscriber number; Iceland does not use area codes. Calling from Iceland, the international access code is 00, as in most of Europe. 

Payphones are not common, due to widespread use of mobile phones.

Costs for calls from a landline phone are based on a dial-up fee along with a fee for each minute. The dial up fee for all domestic phones is typically 3 kr, each minute to landlines costs 10 kr and each minute to GSM costs around 21 kr (as of December 2014).

Mobile phones are heavily used. The main networks are Icelandic Telecom, Sýn and Nova. All of them have 4G services, which have equal coverage, covering most of the country. 2G will shut down in 2024 and 3G in 2025. 5G includes the same frequencies as in mainland Europe, the 3.6GHz band started being populated in 2020.

Given that the call is from domestic numbers, there is no charge for calls that you receive on your handset.

Pay as you go (prepaid) plans are available from all three networks. Credit the phone up with a top-up card, at an ATM or at the website of your telecommunications company; there is no contract and no bills. Some operators also offer packages which mix texts, phone calls and data at affordable rates. These packages can come with your initial top-up or deducted from your balance. Additionally, if you have a SIM from another EU/EEA country, you can use your SIM in Iceland under ""roam like home"" terms subject to your home provider's EU roaming policy. 

If you have an unlocked GSM-compatible handset (check band compatibility), you can purchase a SIM card from phone outlets.

Costs for calls from a mobile are based on a dial-up fee along with a fee for each minute. The dial-up fee for all domestic numbers is typically 15 kr, each minute to all domestic phones costs 25 kr and each text message 15 kr, although Vodafone and Nova also sell prepaid plans with unlimited voice included. The cost for Internet access is 12 kr per megabyte (as of May 2019).

Internet hot spots can be found at restaurants, cafés and airports. For the customers of those places, the Internet is free of charge.

A large portion of Iceland has 3G coverage. 3G and 4G data services should roam seamlessly onto Icelandic networks. US",False,False,False
Q668,India,"India accounts for the bulk of the Indian subcontinent, lying atop the Indian tectonic plate, and a part of the Indo-Australian Plate. India's defining geologic processes began approximately 70&nbsp;million years ago, when the Indian Plate, then part of the southern supercontinent Gondwana, began a north-eastward drift caused by seafloor spreading to its south-west, and later, south and south-east. Simultaneously, the vast Tethyan oceanic crust, to its northeast, began to subduct under the Eurasian Plate. The Indian continental crust, however, was obstructed and was sheared horizontally. Its lower crust and mantle slid under, but the upper layer piled up in sheets (or nappes) ahead of the subduction zone. This created the orogeny, or process of mountain building, of the Himalayas. The middle and stiffer layer continued to push into Tibet, causing crustal thickening of the Tibetan Plateau. Immediately south of the emerging Himalayas, plate movement created a vast crescent-shaped trough that rapidly filled with river-borne sediment and now constitutes the Indo-Gangetic Plain. The original Indian plate makes its first appearance above the sediment in the ancient Aravalli range, which extends from the Delhi Ridge in a southwesterly direction. To the west lies the Thar Desert, the eastern spread of which is checked by the Aravallis., ""&nbsp;The Aravalli range boldy defines the eastern limit of the arid and semi-arid zone. Probably the more humid conditions that prevail near the Aravallis prevented the extension of aridity towards the east and the Ganges Valley. It is noteworthy that, wherever there are gaps in this range, sand has advanced to the east of it."", ""&nbsp;The topography of the Indian Desert is dominated by the Aravalli Ranges on its eastern border, which consist largely of tightly folded and highly metamorphosed Archaean rocks."", ""&nbsp;East of the lower Indus lay the inhospitable Rann of Kutch and Thar Desert. East of the upper Indus lay the more promising but narrow corridor between the Himalayan foothills on the north and the Thar Desert and Aravalli Mountains on the south. At the strategic choke point, just before reaching the fertile, well-watered Gangetic plain, sat Delhi. On this site, where life giving streams running off the most northern spur of the rocky Aravalli ridge flowed into the Jumna river, and where the war-horse and war-elephant trade intersected, a series of dynasties built fortified capitals.""

The remaining Indian Plate survives as peninsular India, the oldest and geologically most stable part of India. It extends as far north as the Satpura and Vindhya ranges in central India. These parallel chains run from the Arabian Sea coast in Gujarat in the west to the coal-rich Chota Nagpur Plateau in Jharkhand in the east. To the south, the remaining peninsular landmass, the Deccan Plateau, is flanked on the west and east by coastal ranges known as the Western and Eastern Ghats; the plateau contains the coun",False,False,False
Q252,Indonesia,"Keeping in touch with the outside world from Indonesia is rarely a problem, at least if you stay anywhere close to the beaten track.

thumb|Cell phone mast in Java

In the past the locals would go to wartel (short for warung telekomunikasi or telecommunication booth) to make phone call, but nowadays it is hardly to be found as many Indonesians can now afford mobile phones.

Phone numbers in Indonesia are of the form +62 12 345-6789 where ""62"" is the country code for Indonesia, followed by the area code without the prefix 0, and the phone number. If you omit the +62 prefix, you will need to punch the ""0"" area code prefix for calls to another area code. Omit the prefix ""0"" if calling with a +62 prefix. Mobile numbers start with the prefix 08xx (or +62 8xx), in which ""xx"" denote the original mobile network assigned; this prefix must always be dialed.

; Making local calls : Dial (telephone number)
; Making long-distance calls : Dial 0-(area code)-(telephone number)
; Making international calls : Dial 017-(country code)-(area code, if any)-(telephone number). You can use the ""001"", ""007"" or ""008"" prefix (real fixed line), but the tariffs are 3 times than using prefix 017 (through internet).
; You can make International calls through operator: dial 101 or 102.
; Making long distance collect calls : Dial 0871-(area code)
; Telkom Calling Card access number : Dial 168

When dialing from mobile phones, always include the operator or area code, prefixed by +62 or 0: +62 812-3456-7890 or 0812-3456-7890.

There are legal requirements on registration of you and your device, the latter before entering the country, for using an Indonesian SIM card, see below.

The Indonesian mobile phone market is very competitive and prices are low: you can pick up a prepaid SIM card for less than Rp10,000 and calls cost as little as Rp300 a minute to some other countries using certain carriers (subject to the usual host of restrictions). SMS (text message) service is cheap, with local SMS about Rp300, and international SMS for Rp600, but not all providers allow international SMS and also only to and from certain countries. For easier communication, the providers encourage using WhatsApp. Indonesia is also the world's largest market for used phones, which can be bought for as little as Rp80,000, whereas basic feature phones with dual SIM slots start from Rp120,000, and smartphones with 4G (LTE) support from Rp700,000. Using a 4G smartphone is sufficient, because not all Indonesian tourist areas have 5G coverage, even in Bali.

The country has multiple service providers, in the order of the largest coverage, Telkomsel, 3/Indosat Ooredoo (they actually merged into IOH in 2023, but operate as separate providers sharing the same combined network), XL Axiata and Smartfren. Each has sub-brands that are either a pre-paid or a post-paid service. In major cities, any will work just fine, but if you are travelling beyond the major cities (as you should do), Telkomsel is oft",False,False,False
Q794,Iran,"An Iranian phone number is of the form +98-XXX-XXX-XXXX where ""98"" is the country code for Iran, the next 3 digits (or 2 in the case of Tehran and some big cities) is the area code and the remaining 7 digits (eight in the case of Tehran and some big cities) are the ""local"" part of the subscriber number that can be called from within that particular code area using abbreviated dialing. From other areas within Iran You will need to dial ""0"" in front of the area code.

Mobile numbers in Iran must always be dialed with all 11 digits (including a ""0"" prefixing the ""9nn"" within Iran), no matter where they are being called from. The 9nn is a mobile prefix, not an ""area code""; the second and third digits denote the original mobile network assigned.

These are the area codes for major cities:
Tehran (021) - Kashan (0361) - Isfahan (031) - Ahwaz (061) - Shiraz (071) - Tabriz (041) - Mashad (051) - Kerman (034) - Gorgan (0171) - Na'in (0323) - Hamadan (081) - Kermanshah (083) - Sari (011)

When making international calls from Iran, the prefix to be dialled prior to country code is 00.

Irancell (MTN), MCI, Iran Taliya, and Rightel offer pre-paid SIM cards for international travelers at a very modest cost. It is possible to buy recharge cards from all newsstands and supermarkets for 20,000 rials. 3G and 4G coverage is very good and services are also available at very low prices, specially at night, for surfing the web or checking your email. With a copy of the information page of your passport and a copy of the page with Iranian visa and entrance seal, you can buy SIM cards and access the internet with GPRS, EDGE, 3G and 4G technologies. SIM cards are available in places like post and government e-services offices (Persian: singular: Daftar-e Pishkhan-e Khadamat-e Dowlat دفتر پیشخوان خدمات دولت; plural: Dafater-e Pishkhan-e Khadamat-e Dowlat دفاتر پیشخوان خدمات دولت), in big shops and at the Imam Khomeini airport.

In September 2016 at IKIA an Irancell SIM card cost 100,000 rials and a 3 Gb Internet plan cost 200,000 rials. Some shops refuse to sell SIM cards to British nationals.

The Islamic Republic of Iran Post Company runs the 275 urban and 1,153 rural post offices. The company provides many of the internationally available post services. Parcel sending is very cheap and reliable. Bring your items unpacked to the post office. International courier companies such as DHL, Skypak etc. have offices in Tehran and accept documents for foreign destinations.

You can readily access Wi-Fi internet services (depending upon network availability) in many areas, and in all provinces. However, some websites, including Facebook and YouTube, are blocked in Iran.

Iranians commonly use VPNs to get around blocks, even though Iran is among the few countries that ban VPN use. 

You can expect to pay 150,000 rials per hour to access a computer and an Internet connection in these places. Despite their name, no food or drinks get served there. Internet speeds r",True,False,False
Q27,Ireland,"Phone numbers in this guide are given in the form that you would dial them from outside Ireland. When using a landline within Ireland, the international dial prefix and country code of +353 should be substituted by a single 0. However, most landlines and mobile phones will accept the prefix 00353 or +353 to call Ireland numbers.

There are more mobile phones than people in Ireland, and the majority of these are pre-paid. Phone credit is available in very many retailers, usually in denominations from €5 to €40. Some retailers charge a small commission on this credit, most don't.

After a series of mergers, as of 2020 there are three mobile networks in Ireland:
* Eirmobile (incorporating Meteor): 085
* Three (incorporating O2, BlueFace, Lycamobile, iD mobile, Virgin Mobile, 48 and Tesco mobile): 083, 086 and 089
* Vodafone (incorporating Postfone): 087

Dublin has great coverage including 5G. Check other individual towns for network coverage - all but the smallest places have a signal, but it may not cover the approach roads or surrounding countryside. Close to the border with Northern Ireland, your mobile might latch onto a UK network, which could incur extra charges.

Phones from anywhere in the EU plus UK are covered by a roaming agreement - this continues even though the UK has left the EU. Owners of phones from elsewhere should estimate their likely usage and bill through using their usual phone in Ireland, and decide whether to stick with that, or buy an Irish SIM card, or buy an Irish phone outright - this might be cheaper for stays over 2 months.

Ireland uses the same voltage and plugs as the United Kingdom; see Electrical systems. The airports and big cities sell adapters.

If you do not have a chip and PIN bank card and permanent contact information in Ireland (landline, address) then in some cases you may have problems paying for phone service. You might need to pay cash, in euros.

Non-geographic numbers are those which are not specific to a geographical region and are charged at the same rate regardless of where the caller is located.

{| width='60%' class=""wikitable""
! Call type
! Description
! Dialling Prefix
|-
| Freephone
| Free from all phonelines
| 1800
|-
| Universal Access
| Cost the same as a non-local/trunk dialling call
| 0818
|-
| Premium Rate
| Generally more expensive than other calls
| 15XX
|-
|SMS/text short codes
|Generally more expensive than other texts
|5XXXX
|-

|}

Pay phones have become quite rare, but they are still available in limited numbers. Most take euro coins, prepaid calling cards and major credit cards. You can also reverse the charges/call collect or use your calling card by following the instructions on the display.

To dial outwith Ireland: 00 + country code + area code + local number. For example, to call a Spanish mobile, it would be 00 34 6 12345678.

To dial Northern Ireland from Ireland a special code exists; drop the 028 area code from the local Northern Ireland and replace it wi",False,False,False
Q801,Israel,"Israel is mostly covered with 4G and 5G, but make sure to have VoLTE enabled. Other networks like CDMA2000 and iDen were shut down. Previous generation 2G and 3G networks have very limited coverage, and all of them are planned to be completely shut down in 2026.

Buying a local SIM card is easy from many phone kiosks near popular tourist sites, perhaps even your hotel.

eSim service is available through all local provides and through SkyCall.

Subscription packages in Israel can be cancelled at any time. You'd have to pay only for the relative time the subscription was active, without additional cancellation costs. There is no minimum time frame for any subscription package.

You can rent a cellphone for use in Israel either before your trip or once you arrive, from several firms.

You can also rent smartphones with SIM cards included sometimes for lower than the cost of renting just a SIM card. This offers the advantages of a SIM card rental without having to worry about bringing your own phone to Israel.

If you have a cellphone without a SIM-lock, you can buy a SIM-card.

Prepaid SIM cards are available at Pelephone (Talk&Go), Cellcom (Talk Man), Partner (Bigtalk), HotMobile, Golan Telecom (GolanTalk), Rami-Levi, and 019 Telzar phone stores throughout Israel. Almost all shopping malls will have a Pelephone, Cellcom or Partner kiosk or store. Local prepaid packages valid for a month with 300G of data and 2,000 minutes of local calls should cost less than ₪100.

Prepaid websites in English:
* 
* 
* 
* 
* 

+972 is the international country code for Israel.

When calling inside Israel, you can either dial the number exactly as listed in Wikivoyage from mobiles and many landlines or replace the ""+972"" part with a single leading 0. (In the first form, you dial the number without spaces and hyphens, optionally replacing the ""+"" symbol with the international access code; when the party being called is in the same country as the caller, internationally-dialed numbers are looped back at the base station.) For example, when calling +972 2 345 6789 inside Israel, dial 02 345 6789 or +97223456789 as-is, or 0097223456789.

The type of call influences its price. Types can be international (with different price per each destination country in each service provider), local landline, landline - mobile, and mobile. Except for international calls, all other calls are usually priced the same, but you might find minor differences. Other than that, identifying the carrier of your call destination is irrelevant, as the allocation of dialing codes to particular companies may be inaccurate, since subscribers may keep their phone number even if leaving or changing their phone company. For example, new 050 codes are allocated by Pelephone company, but users can switch carriers and keep their 050 number even when receiving service from the Cellcom company which is usually identified with the 052 code.

Landline area codes:
* 0x - Area codes &ndash; the 0x ar",False,False,False
Q38,Italy,"thumb|Topographic map of Italy

Italy, whose territory largely coincides with the eponymous geographical region, is located in Southern Europe (and is also considered part of Western Europe) between latitudes 35° and 47° N, and longitudes 6° and 19° E. To the north, from west to east, Italy borders France, Switzerland, Austria, and Slovenia, and is roughly delimited by the Alpine watershed, enclosing the Po Valley and the Venetian Plain. It consists of the entirety of the Italian Peninsula, Sicily and Sardinia (the biggest islands of the Mediterranean), and many smaller islands. Some of Italy's territory extends beyond the Alpine basin, and some islands are located outside the Eurasian continental shelf.

The country's area is , of which is land and is water. Including the islands, Italy has a coastline of on the Mediterranean Sea, the Ligurian and Tyrrhenian seas, the Ionian Sea, and the Adriatic Sea. Its border with France runs for ; Switzerland, ; Austria, ; and Slovenia, . The sovereign states of San Marino and Vatican City (the smallest country in the world and headquarters of the worldwide Catholic Church under the governance of the Holy See) are enclaves within Italy,; while Campione d'Italia is an Italian exclave in Switzerland. The border with San Marino is long; that with Vatican City is .

thumb|[[Mont Blanc (Monte Bianco) in Aosta Valley, the highest point in the European Union]]
Over 35% of Italian territory is mountainous. The Apennine Mountains form the peninsula's backbone, and the Alps form most of its northern boundary, where Italy's highest point is located on the summit of Mont Blanc (Monte Bianco) at . Other well-known mountains include the Matterhorn (Monte Cervino) in the western Alps, and the Dolomites in the eastern Alps. Many parts of Italy are of volcanic origin. Most small islands and archipelagos in the south are volcanic islands. There are active volcanoes: Mount Etna in Sicily (the largest in Europe), Vulcano, Stromboli, and Vesuvius.

Most rivers of Italy drain into the Adriatic or Tyrrhenian Sea. The longest is the Po, which flows from the Alps on the western border, and crosses the Padan plain to the Adriatic. The Po Valley is the largest plain, with , and contains over 70% of the country's lowlands. The largest lakes are, in descending size: Garda (), Maggiore (), and Como ().

thumb|[[Köppen climate classification|Köppen-Geiger climate classification map of Italy]]

Italy's climate is influenced by the seas that surround the country on every side except the north, which constitute a reservoir of heat and humidity. Within the southern temperate zone, they determine a Mediterranean climate with local differences. Because of the length of the peninsula and the mostly mountainous hinterland, the climate is highly diverse. In most inland northern and central regions, the climate ranges from humid subtropical to humid continental and oceanic. The Po Valley is mostly humid subtropical, with cool winte",False,False,False
Q1008,Ivory Coast,"thumb|upright=1.35|Köppen climate classification map of Ivory Coast
Ivory Coast is a country in western sub-Saharan Africa. It borders Liberia and Guinea in the west, Mali and Burkina Faso in the north, Ghana in the east, and the Gulf of Guinea (Atlantic Ocean) in the south. The country lies between latitudes 4° and 11°N, and longitudes 2° and 9°W. Around 64.8% of the land is agricultural land; arable land amounted to 9.1%, permanent pasture 41.5%, and permanent crops 14.2%. Water pollution is one of the biggest issues that the country is currently facing.

There are over 1,200 animal species including 223 mammals, 702 birds, 161 reptiles, 85 amphibians, and 111 species of fish, alongside 4,700 plant species. It is the most biodiverse country in West Africa, with the majority of its wildlife population living in the nation's rugged interior. The nation has nine national parks, the largest of which is Assgny National Park which occupies an area of around 17,000 hectares or 42,000 acres.

The country contains six terrestrial ecoregions: Eastern Guinean forests, Guinean montane forests, Western Guinean lowland forests, Guinean forest–savanna mosaic, West Sudanian savanna, and Guinean mangroves. It had a 2018 Forest Landscape Integrity Index mean score of 3.64/10, ranking it 143rd globally out of 172 countries.",False,False,False
Q17,Japan,"thumb|upright=1.2|A topographic map of Japan
Japan comprises 14,125 islands extending along the Pacific coast of Asia. It stretches over northeast–southwest from the Sea of Okhotsk to the East China Sea. The country's five main islands, from north to south, are Hokkaido, Honshu, Shikoku, Kyushu and Okinawa. The Ryukyu Islands, which include Okinawa, are a chain to the south of Kyushu. The Nanpō Islands are south and east of the main islands of Japan. Together they are often known as the Japanese archipelago. , Japan's territory is . Japan has the sixth-longest coastline in the world at . Because of its far-flung outlying islands, Japan's exclusive economic zone is the eighth-largest in the world, covering .

The Japanese archipelago is 67% forests and 14% agricultural. The primarily rugged and mountainous terrain is restricted for habitation. Thus the habitable zones, mainly in the coastal areas, have very high population densities: Japan is the 40th most densely populated country even without considering that local concentration. Honshu has the highest population density at 450 persons/km2 (1200/sq mi) , while Hokkaido has the lowest density of 64.5 persons/km2 . , approximately 0.5% of Japan's total area is reclaimed land (). Lake Biwa is an ancient lake and the country's largest freshwater lake.

Japan is substantially prone to earthquakes, tsunami and volcanic eruptions because of its location along the Pacific Ring of Fire. It has the 17th highest natural disaster risk as measured in the 2016 World Risk Index. Japan has 111 active volcanoes. Destructive earthquakes, often resulting in tsunami, occur several times each century; the 1923 Tokyo earthquake killed over 140,000 people. More recent major quakes are the 1995 Great Hanshin earthquake and the 2011 Tōhoku earthquake, which triggered a large tsunami.

thumb|[[Mount Fuji and the Shinkansen]]
The climate of Japan is predominantly temperate but varies greatly from north to south. The northernmost region, Hokkaido, has a humid continental climate with long, cold winters and very warm to cool summers. Precipitation is not heavy, but the islands usually develop deep snowbanks in the winter.

In the Sea of Japan region on Honshu's west coast, northwest winter winds bring heavy snowfall during winter. In the summer, the region sometimes experiences extremely hot temperatures because of the Foehn. The Central Highland has a typical inland humid continental climate, with large temperature differences between summer and winter. The mountains of the Chūgoku and Shikoku regions shelter the Seto Inland Sea from seasonal winds, bringing mild weather year-round.

The Pacific coast features a humid subtropical climate that experiences milder winters with occasional snowfall and hot, humid summers because of the southeast seasonal wind. The Ryukyu and Nanpō Islands have a subtropical climate, with warm winters and hot summers. Precipitation is very heavy, especially during the rainy season",False,False,False
Q810,Jordan,"thumb|[[Wadi Rum is a valley in southern Jordan whose resemblance to the surface of Mars has made it a popular tourist and filming location, including scenes of The Martian.]]

Jordan sits strategically at the crossroads of the continents of Asia, Africa and Europe, in the Levant area of the Fertile Crescent, a cradle of civilisation. Its area is , and it is long between its northernmost and southernmost points; Umm Qais and Aqaba respectively. The kingdom lies between 29° and 34° N, and 34° and 40° E. It is bordered by Saudi Arabia to the south and the east, Iraq to the north-east, Syria to the north, and Israel and Palestine (West Bank) to the west.

The east is an arid plateau irrigated by oases and seasonal streams. Major cities are overwhelmingly located on the north-western part of the kingdom with its fertile soils and relatively abundant rainfall. These include Irbid, Jerash and Zarqa in the northwest, the capital Amman and As-Salt in the central west, and Madaba, Al-Karak and Aqaba in the southwest. Major towns in the east are the oasis towns of Azraq and Ruwaished.

In the west, a highland area of arable land and Mediterranean evergreen forestry drops suddenly into the Jordan Rift Valley. The rift valley contains the Jordan River and the Dead Sea, which separates Jordan from Israel. Jordan has a shoreline on the Gulf of Aqaba in the Red Sea but is otherwise landlocked. The Yarmuk River, an eastern tributary of the Jordan, forms part of the boundary between Jordan and Syria (including the Israeli-occupied Golan Heights) to the north. The other boundaries are formed by several international and local agreements and do not follow well-defined natural features. The highest point is Jabal Umm al Dami, at above sea level, while the lowest is the Dead Sea , the lowest land point on Earth.thumb|right|The [[Dead Sea, which is located along Jordan's western border, is the lowest point on Earth and a natural resort that has attracted visitors from across the region for millennia.]]

Jordan has a diverse range of habitats, ecosystems and biota because of its varied landscapes and environments. The Royal Society for the Conservation of Nature was set up in 1966 to protect and manage Jordan's natural resources. Nature reserves in Jordan include the Dana Biosphere Reserve, the Azraq Wetland Reserve, the Shaumari Wildlife Reserve and the Mujib Nature Reserve.

The climate varies greatly; generally, the further inland from the Mediterranean, there are greater contrasts in temperature and less rainfall. The average elevation is above sea level. The highlands above the Jordan Valley, mountains of the Dead Sea and Wadi Araba and as far south as Ras Al-Naqab are dominated by a Mediterranean climate, while the eastern and northeastern areas of the country are arid desert. Although the deserts reach high temperatures, the heat is usually moderated by low humidity and a daytime breeze, while the nights are cool.

Summers, lasting from May to S",False,False,False
Q232,Kazakhstan,"Ethnic Kazakhs, a mix of Turkic and Mongol nomadic tribes who migrated into the region in the 13th century, were united as a single nation in the mid-16th century. The area was conquered by the Russian Empire in the 18th century, and Kazakhstan became a Soviet Republic in 1936. The traditionally-nomadic Kazakhs were forced to sedentarize as part of Stalin's collectivization policies. While it became independent following the collapse of the Soviet Union in 1991, the country is still home to a large ethnic Russian minority, and the Russian language continues to be widely spoken.

During the launching of the 1950s and 1960s agricultural ""Virgin Lands"" program, Soviet citizens were encouraged to help cultivate Kazakhstan's northern pastures. This influx of immigrants (mostly Russians, but also some other deported nationalities, including the Volga Germans) skewed the ethnic mixture and enabled non-Kazakhs to outnumber natives. Independence has caused many of these newcomers and their descendants to emigrate.

Modern Kazakhstan is a neo-patrimonial state characterized by considerable nepotism and dominance over political and economic affairs by President Nursultan Nazarbayev, who stepped down in March 2019 after a 29-year-tenure. However, it is not a severely authoritarian government compared to bordering Turkmenistan, Uzbekistan and China and opposition is not usually sacked or imprisoned. Since independence from the Soviet Union in 1991, the Kazakh government has allowed foreign investment to flow into the capital to develop. The development of significant oil and gas reserves, particularly in the north and west, has brought a large amount of wealth to the country, though the money falls into the hands of just a few people. Nevertheless, Kazakhstan is now labelled a middle-income country, and is already classified with a high Human Development Index. Corruption in Kazakhstan is ubiquitous compared to China, but it is not as widespread as other countries in the region.

While Islam is the majority religion, Kazakhstan is nevertheless a secular state with a significant Christian minority, and the variety of Islam practised here tends to be more liberal than that in the Middle East.

Current issues include: developing a cohesive national identity; expanding the development of the country's vast energy resources and exporting them to world markets (an oil pipeline to China has been built; the gas pipeline is under construction); achieving a sustainable economic growth outside the oil, gas, and mining sectors, and strengthening relations with surrounding states and other foreign powers. Kazakhstan is also a key part of China's Belt and Road Initiative, with plans for a high-speed rail through Kazakhstan linking China to Europe.

* Kazakhstan Travel website
* Kazakh Tourism website",False,False,False
Q114,Kenya,"Internet cafés are common throughout Kenya and usually offer decent link quality. Expect prices of Ksh 0.50-1.00 per minute. Most cyber cafes now charge Ksh 1 per minute (2020).

Safaricom, Airtel, Telkom: After purchasing a starter SIM card you may access the net instantly, if you have an Internet-capable handset or a modem. However, when using your account balance to pay for access, the prices are steep. It is much cheaper to purchase a data bundle, and the more expensive ones offer much better price/limit ratio. For example, in 2023, a 5GB data bundle good for one month costs Ksh 500 from Airtel, while a 5GB from Safaricom costs Ksh 1,000. A SIM card costs between Ksh 50-100.

In 2021, a sim card from Telkom was available for free from any of the Telkom promoters on the streets. A good data package from the same provider goes by the name of ""Mambo"" (Ksh 100 for 3GB, or Ksh 200 for 7.5 GB, valid for 30 days). Be aware that the reliability of Telkom is often poor and network coverage in rural areas non-existent.

You will be required to provide valid identification as it is required by law that all SIM cards be registered.

You may purchase the bundles by charging your account with scratch top-up cards and then dialing *100# or *544# (Safaricom and Airtel), *124# (Telkom). Once the data bundle is finished, continuing Internet access will consume your account balance (this behavior can be switched off for all providers).

As of 2020, there's been an emergence in Wi-Fi hostspots in Kenya. These include Surf WiFi by Facebook and Moja WiFi that offer cheap internet connection in public places.

Moja WiFi uses points that could be redeemed to access internet. A new user is awarded 50 points on registering on the network. A user gains points by watching video ads, one ad is equivalent to one point. For 5 points a user gets 24 hours of internet access.

Surf WiFi offers cheap internet access. A new user is awarded free 1GB of internet bundle on registration. After that the user receives free 100MB daily by watching a video ad. When a person invites a new user using a referral link both receive 1GB of internet bundle upon registration of the new user. It also offers an app that has an inbuilt map that shows surf WiFi hostspots in the country and recharge shops to buy new bundles.",False,False,False
Q29999,Kingdom of the Netherlands,"thumb|400px|Map of the [[Dutch Caribbean islands, all part of the Kingdom of the Netherlands. Aruba, Curaçao and Sint Maarten are separate constituent countries within the Kingdom, whereas Bonaire, Sint Eustatius, and Saba are part of the constituent country of the Netherlands.]]

The Kingdom of the Netherlands covers a total area of ; and a land area of . The Kingdom of the Netherlands has land borders with Belgium, Germany (both in the European Netherlands), and France (on Saint Martin).

About one quarter of the Netherlands lies below sea level, as much land has been reclaimed from the sea. Dikes were erected to protect the land from flooding. Previously, the highest point of the Netherlands was the Vaalserberg in Limburg at only , but with the constitutional reform of 10 October 2010 this changed as Saba became part of the Netherlands as a special municipality, and its Mount Scenery () took the place of the Vaalserberg.

The Caribbean parts of the Kingdom consist of two zones with different geographic origins, both in the West Indies. The Leeward Islands (Saba, Sint Eustatius and Sint Maarten) are all of volcanic origin and hilly, leaving little ground suitable for agriculture. The Leeward Antilles (Aruba, Bonaire and Curaçao) are largely lacking in volcanic activity: the island arc occurs along the deformed southern edge of the Caribbean Plate and was formed by the plate's subduction under the South American Plate.

The Caribbean islands have a tropical climate, with warm weather all year round. The Leeward Islands are subject to hurricanes in the summer months. The European part of the Netherlands has a moderate maritime climate, with cool summers and mild winters.",False,False,False
Q710,Kiribati,"thumb|upright=1.8|Kiribati with its surrounding EEZs in dark gray, noting the three non-contiguous territories
thumb|upright=1.5|Map of Kiribati
thumb|Provinces of Kiribati
thumb|Coconut palms in Abaiang

Kiribati consists of 32 atolls and one solitary island (Banaba), extending into the eastern and western hemispheres, as well as the northern and southern hemispheres. It is the only country to reside in all four hemispheres. Its extensive exclusive economic zone (EEZ) covers three, non-contiguous, traditional geographic subregions: Banaba (Melanesian-Micronesian area), the Gilbert Islands (Micronesia) and the Line and Phoenix Islands (Polynesia). The groups of islands are:
* Banaba: an isolated island between Nauru and the Gilbert Islands
* Gilbert Islands: sixteen atolls located approximately north of Fiji
* Phoenix Islands: eight atolls and coral islands located approximately southeast of the Gilberts
* Line Islands: eight atolls and one reef, located approximately east of the Gilberts

Banaba is a raised-coral island. It was once a rich source of phosphates, but was exhausted in mining before independence. The rest of the land in Kiribati consists of the sand and reef rock islets of atolls or coral islands, which rise only one or two meters above sea level.

The soil is thin and calcareous. It has a low water-holding capacity and low organic matter and nutrient content—except for calcium, sodium, and magnesium. Banaba is one of the least suitable places for agriculture in the world.

Kiritimati (previously Christmas Island) in the Line Islands has the largest land area of any atoll in the world. Based on a 1995 realignment of the International Date Line, the Line Islands were the first area to enter into a new year, including the year 2000. For that reason, Caroline Island was renamed Millennium Island in 1997.

According to the Pacific Regional Environment Programme (previously South Pacific Regional Environment Programme), two small uninhabited Kiribati islets, Tebua Tarawa and Abanuea, disappeared underwater in 1999. The sea level at Christmas Island, in the 50 years between 1972 and 2022, has risen . The United Nations Intergovernmental Panel on Climate Change predicts that sea levels will rise by approximately by 2100 due to global warming. Due to the rises in sea levels, several islands risk being submerged. Additionally, further rises would cause increased soil salination in the arable areas.

The exposure of Kiribati to changes in sea levels is exacerbated by the Pacific decadal oscillation, which is a climate switch phenomenon that results in changes from periods of La Niña to periods of El Niño. This has an effect on sea levels. For example, in 2000, there was a switch from periods of downward pressure of El Niño on sea levels to an upward pressure of La Niña on sea levels, which upward pressure causes more frequent and higher high tide levels. The Perigean spring tide (often called a king tide) can result in seawat",False,False,False
Q1246,Kosovo,"You can buy a local SIM card for €3, with the two major carriers being Vala and Ipko. You must provide an ID (passport) and register.

Many mobile providers in the Balkans provide free roaming across Balkan countries. So, in case you are planning to cross the border, ask on how to use the local SIM card in other Balkan countries. For instance, a One.al SIM card from Albania works flawlessly in North Macedonia and Kosovo with a regular Albanian package.

Most bars, cafes and restaurants have free Wi-Fi connection that customers can use.",False,False,False
Q41470,Kurdistan,"thumb|225px|Historic map from 1721 showing borders of Curdistan provinces in [[Persia]]

According to the Encyclopædia Britannica, Kurdistan covers about 190,000&nbsp;km2 (or 73,000 square miles), and its chief towns are Diyarbakır (Amed), Bitlis (Bedlîs) and Van (Wan) in Turkey, Erbil (Hewlêr) and Sulaymaniyah in Iraq, and Kermanshah (Kirmanşan), Sanandaj (Sine), Ilam and Mahabad (Mehabad) in Iran.Kurdistan , Encyclopædia Britannica According to the Encyclopaedia of Islam, Kurdistan covers around in Turkey, in Iran, in Iraq, and in Syria, with a total area of approximately .

Turkish Kurdistan encompasses a large area of Eastern Anatolia region and southeastern Anatolia of Turkey and it is home to an estimated 6 to 8 million Kurds.

In A Dictionary of Scripture Geography (published 1846), John Miles describes Upper and Lower Kurdistan as following:
thumb|The States outlined in red are two Kurdish States named Hakkiari and Mosul in this 1902 map. They are referred to as Upper Kurdistan and Lower Kurdistan respectively.

The northern, northwestern and northeastern parts of Kurdistan are referred to as upper Kurdistan, and includes the areas from west of Amed to Lake Urmia.

The lowlands of southern Kurdistan are called lower Kurdistan. The main cities in this area are Kirkuk and Arbil.

Much of the region is typified by a continental climate – hot in the summer, cold in the winter. Despite this, much of the region is fertile and has historically exported grain and livestock. Precipitation varies between 200 and 400&nbsp;mm a year in the plains, and between 700 and 3,000&nbsp;mm a year on the high plateau between mountain chains. The mountainous zone along the borders with Iran and Turkey experiences dry summers, rainy and sometimes snowy winters, and damp springs, while to the south the climate progressively transitions toward semi-arid and desert zones.

Kurdistan is one of the most mountainous regions in the world with a cold climate receiving annual precipitation adequate to sustain temperate forests and shrubs. Mountain chains harbor pastures and forested valleys, totaling approximately 16 million hectares (160,000&nbsp;km2), including firs and countryside is mostly oaks, conifers, platanus, willow, poplar and, to the west of Kurdistan, olive trees.

The region north of the mountainous region on the border with Iran and Turkey features meadow grasses and such wild trees as, Abies cilicica, Fagus sylvatica, Quercus calliprinos, Quercus brantii, Quercus infectoria, Quercus ithaburensis, Quercus macranthera, Cupressus sempervirens, Platanus orientalis, Pinus brutia, Juniperus foetidissima, Juniperus excelsa, Juniperus oxycedrus, Prunus cerasus, Salix alba, Fraxinus excelsior, Paliurus spina-christi, Olea europaea, Ficus carica, Populus euphratica, Populus nigra, Crataegus monogyna, Crataegus azarolus, Prunus cerasifera, rose hips, Cercis siliquastrum, pistachio trees, pear and Sorbus graeca. The desert in the south is mostly stepp",False,False,False
Q817,Kuwait,"thumb|upright=1.0|A satellite image of Kuwait reveals its desert topography.
thumb|upright=1.0|Kuwait shares land borders with Iraq and Saudi Arabia, and maritime borders with Iraq, Saudi Arabia, and Iran.
Located at the head of the Persian Gulf in the north-east corner of the Arabian Peninsula, Kuwait is one of the smallest countries in the world in terms of land area. Kuwait lies between latitudes 28° and 31° N, and longitudes 46° and 49° E. Kuwait is generally low-lying, with the highest point being above sea level. Mutla Ridge is the highest point in Kuwait.

Kuwait has ten islands. With an area of , the Bubiyan is the largest island in Kuwait and is connected to the rest of the country by a bridge. 0.6% of Kuwaiti land area is considered arable with sparse vegetation found along its coastline. Kuwait City is located on Kuwait Bay, a natural deep-water harbor.

Kuwait's Burgan field has a total capacity of approximately of proven oil reserves. During the 1991 Kuwaiti oil fires, more than 500 oil lakes were created covering a combined surface area of about . The resulting soil contamination due to oil and soot accumulation had made eastern and south-eastern parts of Kuwait uninhabitable. Sand and oil residue had reduced large parts of the Kuwaiti desert to semi-asphalt surfaces. The oil spills during the Gulf War also drastically affected Kuwait's marine resources.

Due to Kuwait's proximity to Iraq and Iran, the winter season in Kuwait is colder than other coastal countries in the region (especially UAE, Qatar, and Bahrain). Kuwait is also less humid than other coastal countries in the region. The spring season in March is warm with occasional thunderstorms. The frequent winds from the northwest are cold in winter and hot in summer. Southeasterly damp winds spring up between July and October. Hot and dry south winds prevail in spring and early summer. The shamal, a northwesterly wind common during June and July, causes dramatic sandstorms. Summers in Kuwait are some of the hottest on earth. The highest recorded temperature was at Mitribah on 21 July 2016, which is the highest temperature recorded in Asia.

Kuwait emits a lot of carbon dioxide per person compared to most other countries. In recent years, Kuwait has been regularly ranked among the world's highest countries in term of CO2 per capita emissions.CO2 emissions (metric tons per capita) , according to the World Bank.

At present, there are five protected areas in Kuwait recognized by the IUCN. In response to Kuwait becoming the 169th signatory of the Ramsar Convention, Bubiyan Island's Mubarak al-Kabeer reserve was designated as the country's first Wetland of International Importance. The reserve consists of small lagoons and shallow salt marshes and is important as a stop-over for migrating birds on two migration routes. The reserve is home to the world's largest breeding colony of crab-plover.

Currently, 444 species of birds have been recorded in Kuwait, 18 species o",False,False,False
Q813,Kyrgyzstan,See the Connect section of the Bishkek article.,False,False,False
Q819,Laos,"The Lao People's Democratic Republic (ສາທາລະນະລັດ ປະຊາທິປະໄຕ ປະຊາຊົນລາວ) (Lao PDR) is the only landlocked country in Southeast Asia, and the most sparsely populated. Once the center of the powerful kingdom of Lan Xang, Laos was reduced to a vassal state of Siam (modern-day Thailand) by the end of the 18th century. It was freed from Siamese fiefdom in 1893 upon becoming a French protectorate and gained its independence in 1953 amidst the backdrop of the chaotic Indochina Wars. Since the end of the civil war in 1975, Laos is a one-party communist state under a presidential system. Unlike most countries in Asia, the country has not undergone a major industrialisation and modernisation period; as a result, its lifestyle remains mostly rural, with strong Buddhist traditional culture, and the only large city is Vientiane.

An adjective often applied to Laos is ""forgotten"", but travelers lured by the prospect of visiting an untouched ""Shangri-la"" are likely to be disappointed. The country now draws five million visitors per year, nearly as many as the Philippines, and Chinese-led investment is rapidly transforming swathes of the country. But while backpackers may crowd a few tourist hubs like Luang Prabang and Vang Vieng, it's not hard to get off the beaten path and enjoy a laid-back lifestyle and the opportunity to knock back a few cold Beerlao while watching the sunsets on the Mekong. Perhaps one of the biggest attractions of Laos is the famous ""Lao PDR"" - Lao-Please Don't Rush.

Squeezed between vastly larger neighbors, the modern Lao state was created as an entity in 1353, when warlord Fa Ngum declared himself the king of Lan Xang (""Million Elephants""). Initially a Khmer vassal state, the kingdom emerged as one of the more powerful ones in Southeast Asia by the early 15th century after fending off a Vietnamese invasion and asserting control over a large part of the remnants of the declining Khmer Empire. After a succession dispute, the kingdom split in three in 1707, and was eventually devoured piece by piece by the Siamese, the last fragments agreeing to Siamese protection in 1885.

The area east of the Mekong, however, was soon wrenched back from Siam by the French in 1893, who wanted a buffer state to protect Vietnam. The three Laotian states were reunified as a single territory in 1907. In contrast to Vietnam, Laos remained a backwater of French Indochina and did not see much investment and Western influence with the exception of infrastructure projects mostly concentrated in Vientiane, schools in urban centers, and cuisine (especially baguettes and café culture). It was briefly occupied by Japan in 1945, and was then brought into a more or less continual three-decade-long conflict that first spilled over from North Vietnam when France moved in to reassert its colonial rule. After Laos was granted full independence in 1953, the war continued between a variety of factions, with the Communist and North Vietnam-allied Pathet Lao s",False,False,False
Q211,Latvia,"{| class=""wikitable"" style=""float: right; width:35%;""
|-
! 
! Bite
! LMT
! ZZ
! Tele2
|-
! 5G
| style=""color:black; background:#ffff90; text-align:center"" | 3 cities
| style=""color:black; background:#9F9; text-align:center"" | all big cities
| style=""color:black; background:#F99; text-align:center"" | not yet
| style=""color:black; background:#F99; text-align:center"" | not yet
|-
! Tethering
| style=""color:black; background:#9F9; text-align:center"" | yes
| style=""color:black; background:#9F9; text-align:center"" | yes
| style=""text-align:center"" | unknown
| style=""text-align:center"" | unknown
|-
! unlimited data
| style=""color:black; background:#9F9; text-align:center"" | yes
| style=""color:black; background:#9F9; text-align:center"" | yes
| style=""text-align:center"" | unknown
| style=""text-align:center"" | unknown
|-
! eSIM
| style=""color:black; background:#ffff90; text-align:center"" | smart watches only
| style=""color:black; background:#9F9; text-align:center"" | yes
| style=""color:black; background:#F99; text-align:center"" | no
| style=""color:black; background:#9F9; text-align:center"" | yes
|-
! VoLTE
| style=""color:black; background:#9F9; text-align:center"" | since 2022
| style=""color:black; background:#9F9; text-align:center"" | since 2021
| style=""color:black; background:#9F9; text-align:center"" | since 2023
| style=""color:black; background:#9F9; text-align:center"" | since 2023
|}
The country code for Latvia is +371. If you plan to stay in Latvia for more than a couple of days, it may be cheaper to buy a local SIM card including voice, text and data. Prepaid SIM cards and separate renewal vouchers can be bought in almost all gas stations, kiosks and supermarkets. All operators are generally similar in their pricing and offered services. eSIM is not widespread yet. There are only 4 operators (listed alphabetically):
* Bite (no English)
* LMT (not fully in English)
* Tele2 (no English)
** Zelta Zivtiņa, ZZ (subbrand of Tele2; has English)

Tele2 and Bite have a network sharing agreement, gradually merging their networks in Latvia and Lithuania.

If you plan to stay in Latvia for several months, then it is definitely cheaper and more convenient to get a contract (post-paid service). You can get a contract with truly unlimited internet traffic for – no speed curtail with heavy use – and unlimited domestic ""normal"" calls and SMS. There are at least 2 operators that provide unlimited internet on weekly basis for /week (without speed curtail), which is extremely flexible and cheap.

For an unknown reason, Latvian mobile operators are quite desperate for clients (maybe because of the small population), and they try to gain competitors' clients. If you have stayed for longer than a year and you have post-paid contract, you can often get discounts with your operator of up to 50% by ""threatening"" to change operator.

Free WiFi is often available in hotels, cafés, libraries, intercity buses and the Riga International Airport. Ask by the cash regist",False,False,False
Q1013,Lesotho,"thumb|Topographic map
thumb|right|The [[Afriski|Afriski resort in the Maloti Mountains]]

Lesotho covers . It is the only independent state in the world that lies entirely above in elevation. Its lowest point of is thus the highest lowest point of any country in the world. Over 80% of the country lies above . Lesotho is the southernmost landlocked country in the world. It is the largest of the world's three independent states completely surrounded by the territory of another country, with Vatican City and San Marino being the other two. It is the only such state outside the Italian peninsula and Europe, as well as the only one that is not a microstate.

Lesotho lies between latitudes 28° and 31°S, and longitudes 27° and 30°E. About 12% of Lesotho is arable land which is vulnerable to soil erosion; it is estimated that 40 million tons of soil are lost each year due to erosion.

thumb|right|Koppen climate (1991–2020 averages)

Because of its elevation, Lesotho remains cooler throughout the year than other regions at the same latitude. Most of the rain falls as summer thunderstorms. Maseru and surrounding lowlands may reach in summer. The temperature in the lowlands can get down to and the highlands to at times. Snow is more common in the highlands between May and September; the higher peaks may experience snowfalls year-round. Rainfall in Lesotho is variable regarding both when and where precipitation occurs. Annual precipitation can vary from annually in one area to in another because of elevation. The summer season that stretches from October to April sees the most rainfall, and from December to February, the majority of the country receives over of rain a month. The least monthly rainfall in Lesotho occurs in June when most regions receive less than 15&nbsp;mm a month.

thumb|Hills

Periodic droughts have an effect on Lesotho's majority rural population as some people living outside of urban areas rely on subsistence farming or small scale agriculture as their primary source of income. Droughts in Lesotho are exacerbated by some agricultural practices. The World Factbook lists periodic droughts under the 'Natural Hazard' section of Lesotho's section of the publication.

In 2007, Lesotho experienced a drought and was advised by the United Nations to declare a state of emergency to get aid from international organizations. The Famine Early Warning Systems Network reported that the rainy season of 2018/2019 not only started a month later than normal but also recorded below-average amounts of rain. Data from the Climate Hazards Group InfraRed Precipitation Station (CHIRP) shows rainfall in Lesotho between October 2018 and February 2019 ranged from 55% to 80% below normal rates.

In March 2019, the Lesotho Vulnerability Assessment and Analysis Committee conducted a report that initially predicted that 487,857 people in the country need humanitarian assistance because of the effects of drought.

There are a variety of different ways dro",False,False,False
Q1014,Liberia,"thumb|upright=1.35|A map of Liberia

Liberia is situated in West Africa, bordering the North Atlantic Ocean to the country's southwest. It lies between latitudes 4° and 9°N, and longitudes 7° and 12°W.

The landscape is characterized by mostly flat to rolling coastal plains that contain mangroves and swamps, which rise to a rolling plateau and low mountains in the northeast.

Tropical rainforests cover the hills, while elephant grass and semi-deciduous forests make up the dominant vegetation in the northern sections.

Liberia's watershed tends to move in a southwestern pattern toward the sea as new rains move down the forested plateau off the inland mountain range of Guinée Forestière, in Guinea. Cape Mount near the border with Sierra Leone receives the most precipitation in the nation.

Liberia's main northwestern boundary is traversed by the Mano River while its southeast limits are bounded by the Cavalla River. Liberia's three largest rivers are St. Paul exiting near Monrovia, the river St. John at Buchanan, and the Cestos River, all of which flow into the Atlantic. The Cavalla is the longest river in the nation at .

The highest point wholly within Liberia is Mount Wuteve at above sea level in the northwestern Liberia range of the West Africa Mountains and the Guinea Highlands. Mount Nimba, near Yekepa, is higher at above sea level, but is not wholly within Liberia as Nimba is located at the point where Liberia borders both Guinea and Ivory Coast. Nimba is thus the tallest mountain in those countries, as well.

thumb|Liberia map of Köppen climate classification

The equatorial climate, in the south of the country, is hot year-round with heavy rainfall from May to October with a short interlude in mid-July to August. During the winter months of November to March, dry dust-laden harmattan winds blow inland, causing many problems for residents. Climate change in Liberia causes many problems as Liberia is particularly vulnerable to climate change. Like many other countries in Africa, Liberia both faces existing environmental issues, as well as sustainable development challenges. Because of its location in Africa, it is vulnerable to extreme weather, the coastal effects of sea level rise, and changing water systems and water availability. Climate change is expected to severely affect the economy of Liberia, especially agriculture, fisheries, and forestry. Liberia has been an active participant in international and local policy changes related to climate change.

Rubber production, along with Liberia's large-scale production of palm oil, has affected the country's climate. Clearing tropical forest to create farmland has led to a loss of biodiversity and the release of large amounts of greenhouse gases. Despite this, fertilizer use has been the main contributor to the carbon footprint of latex, which is a crucial ingredient in rubber production. According to the president of the Rubber Planters Association of Liberia, Wilhelmina G.",False,False,False
Q347,Liechtenstein,"As of Sept 2021, the country has 4G from all Swiss carriers, but 5G has not yet arrived. The Austrian signal doesn't reach here because of the mountains. Wifi is widely available in public places.",False,False,False
Q37,Lithuania,"Lithuania's phone code is +370, so if calling from abroad, substitute that for the leading zero. Thus the number for Vilnius airport changes from 0612 44442 to +370 612 44442, where + denotes your local system for initiating an international call.

Until February 2025, a leading 8 instead of the leading zero was used for national long-distance calls used, you may still occasionally come across numbers written in that manner. Replace the leading 8 with 0 (or the country code, if calling from a mobile phone).

Land lines have a monopoly operator TEO, jointly owned by Telia of Sweden and Sonera of Finland. Land line phones and booths are still to be found, though they're retreating before the advance of mobiles. Public phones don't take cash, you need a card, obtained from newspaper kiosks and shops displaying a TEO sign.

Mobile phones have three operators: Bitė, Telia (also branded as Ezys) and Tele2 (also branded as Pildyk). About 97% of the country has at least 4G coverage, and the major cities and highways have 5G. Quiet parks and forests may have no signal. See individual city pages for more detail, which may influence your choice.

Pre-paid SIM cards are available from any kiosk or store chain for each operator. As well as price and coverage, you might want to check their deal for other countries, as EU roaming may be included in the deal or incur extra charges.

If you're staying longer and use the phone a lot, a monthly plan is better. You may have to supply proof of residence, as the companies reckon that every international crook is trying to freeload on their network. For extended stays (eg studying), get a plan that includes a mobile signature (mobilusis parašas). With this you can log in by phone to government services, banks, utilities and similar, without needing multiple apps or sign-ups.
 thumb | 300px | It doesn't sell pasta 
Internet: Wifi is widely available in public places, but may be charged for. The main social media are Facebook, Instagram and Reddit, and Whatsapp is not much used.

Lietuvos paštas on a storefront does not indicate a pasta shop, nor does it deliver pizza. It's the national postal service, with a branch in almost every settlement and several in each city. Services include letter and parcel delivery, express and tracked mail and parcels, and money transfer.",False,False,False
Q32,Luxembourg,"European roaming has been introduced. It allows all SIM card holders belonging to one of the European member countries to maintain the same pricing conditions as in the country of origin.

Telephone calls and Internet browsing are valid without additional cost in all European countries, unless authorized by national authorities (generally minor operators) or exceeding a Gbit data threshold which increases from year to year. To use this service, simply activate the roaming option on your mobile phone.

The participating countries are those of the European Union (Germany, Austria, Belgium, Bulgaria, Cyprus, Croatia, Denmark, Spain, Estonia, Finland, France, Greece, Hungary, Ireland, Italy, Latvia, Lithuania, Luxembourg, Malta, Netherlands, Poland, Portugal, Czech Republic, Romania, United Kingdom, Slovakia, Slovenia, Sweden), those of the European Economic Area (Iceland, Liechtenstein and Norway) and certain overseas territories (Azores, Canary Islands, Gibraltar, Guadeloupe, Guyana, Madeira, Martinique, Mayotte, Reunion, Saint-Martin).",False,False,False
Q1019,Madagascar,"International phone calls and 4G Internet via data can be done via cell phone companies such as Airtel, Orange or Telma they work off prepaid phone cards. International phone calls using Telma to Europe cost 900 Ar per minute. There are also Internet cafes in the major cities and most large towns. Electricity may be erratic. Many areas have either mandatory shutdown hours or rationing. It's best to bring an openline smart phone and buy a SIM card when you get to Madagascar. It's also useful to have a powerbank. Most hotels now also have Wi-Fi. 

You can also easily buy a SIM card from anyone of the cell phone companies and get a data plan. The process is fairly easy compared to other countries and SIM cards can be bought directly in the airport with the whole activation and buying process being done in less than 10 minutes. SIM cards and credit are also among the few things you can easily get hold of throughout the country, including in provincial towns and small rural villages. As of December 2018, a 12GB data plan good for 30 days is 75 000 Ar.

Do not expect a data connection everywhere on the island, but when you do have data connection, the fast 4G network is fairly impressive and allows free VoIP calls. Telma sells their SIM cards for 500 Ar. Orange sells their SIM card for 2000 Ar.

A stamp for a postcard to anywhere in Europe costs 1100 Ar.",False,False,False
Q1020,Malawi,"thumb|Mountains in Northern Malawi during the rainy season
Malawi is a landlocked country in southeastern Africa, bordered by Zambia to the northwest, Tanzania to the northeast, and Mozambique to the south, southwest, and general east. It lies between latitudes 9° and 18°S, and longitudes 32° and 36°E. The Great Rift Valley runs through the country from north to south, and to the east of the valley lies Lake Malawi (also called Lake Nyasa), making up over three-quarters of Malawi's eastern boundary. Lake Malawi is sometimes called the Calendar Lake as it is about long and wide. The Shire River flows from the south end of the lake and joins the Zambezi River farther south in Mozambique. The surface of Lake Malawi is at above sea level, with a maximum depth of , which means the lake bottom is over below sea level at some points.

thumb|alt=Two small dugout canoes on the shore of a lake|Lake Malawi
In the mountainous sections of Malawi surrounding the Rift Valley, plateaus rise generally above sea level, although some rise as high as in the north. To the south of Lake Malawi lies the Shire Highlands, gently rolling land at approximately above sea level. In this area, the Zomba and Mulanje mountain peaks rise to respective heights of .

Malawi's capital is Lilongwe, and its commercial centre is Blantyre, with a population of over 500,000 &nbsp;people in 2006. Malawi has two sites listed on the UNESCO World Heritage List. Lake Malawi National Park was first listed in 1984, and the Chongoni Rock Art Area was listed in 2006.Turner, The Statesman's Yearbook, p. 824

Malawi's climate is hot in the low-lying areas in the south of the country and temperate in the northern highlands. The altitude moderates what would otherwise be an equatorial climate. Between November and April, the temperature is warm with equatorial rains and thunderstorms, with the storms reaching their peak severity in late March. After March, the rainfall rapidly diminishes, and from May to September, wet mists float from the highlands into the plateaus, with almost no rainfall during these months.

thumb|Elephant in [[Majete Wildlife Reserve]]
Animal life indigenous to Malawi includes mammals such as elephants, hippos, antelopes, buffaloes, big cats, monkeys, rhinos, and bats; a great variety of birds, including birds of prey, parrots, and falcons; waterfowl and large waders; and owls and songbirds. Lake Malawi has been described as having one of the richest lake fish faunas in the world, being the home for some 200 mammals, 650 birds, 30+ mollusks, and 5,500+ plant species.

Seven terrestrial ecoregions lie within Malawi's borders: Central Zambezian miombo woodlands, Eastern miombo woodlands, Southern miombo woodlands, Zambezian and mopane woodlands, Zambezian flooded grasslands, South Malawi montane forest-grassland mosaic, and Southern Rift montane forest-grassland mosaic. There are five national parks, four wildlife and game reserves and two other protected areas in",False,False,False
Q833,Malaysia,"thumb|alt=Relief map of Malaysia|400px|[[Topographic map of Malaysia; Mount Kinabalu is the highest summit in the country.]]
Malaysia is the 66th largest country by total land area, with a total area of . West Malaysia shares land borders with Thailand, while East Malaysia shares land borders with Indonesia and Brunei. Singapore is separated from the West by the Straits of Johor and is linked to it by a narrow causeway and a bridge. The country also shares maritime boundaries with Indonesia, Vietnam and the Philippines. The land borders are defined in large part by geological features such as the Perlis River, the Golok River and the Pagalayan Canal, whilst some of the maritime boundaries are the subject of ongoing contention. Brunei forms what is almost an enclave in Malaysia, with the state of Sarawak dividing it into two parts. Malaysia is the only country with territory on both the Asian mainland and the Malay Archipelago. The Strait of Malacca, lying between Sumatra and Peninsular Malaysia, is one of the most important thoroughfares in global commerce, carrying 40% of the world's trade. The southernmost point of mainland Asia is located at Tanjung Piai, in the state of Johor.

The two parts of Malaysia, separated from each other by the South China Sea, share a largely similar landscape in that both Peninsular and East Malaysia feature coastal plains rising to hills and mountains. Peninsular Malaysia, containing 40% of Malaysia's land area, extends from north to south, and its maximum width is . It is divided between its east and west coasts by the Titiwangsa Mountains, rising to a peak elevation of at Mount Korbu, part of a series of mountain ranges running down the centre of the peninsula. These mountains are heavily forested, and mainly composed of granite and other igneous rocks. Much of it has been eroded, creating a karst landscape. The range is the origin of some of Peninsular Malaysia's river systems. The coastal plains surrounding the peninsula reach a maximum width of , and the peninsula's coastline is nearly long, although harbours are only available on the western side.

thumb|400px|Climbers ascending toward Low's Peak before sunrise on Mount Kinabalu, with the distant city lights of Kota Kinabalu visible far right, Sabah, Borneo
East Malaysia, on the island of Borneo, has a coastline of . It is divided between coastal regions, hills and valleys, and a mountainous interior. The Crocker Range extends northwards from Sarawak, dividing the state of Sabah. It is the location of the high Mount Kinabalu, the tallest mountain in Malaysia. Mount Kinabalu is located in the Kinabalu National Park, which is protected as one of the four UNESCO World Heritage Sites in Malaysia. The highest mountain ranges form the border between Malaysia and Indonesia. Sarawak contains the Mulu Caves, the largest cave system in the world, in the Gunung Mulu National Park, another World Heritage Site. Also in Sarawak is the Rajang, the largest",False,False,False
Q826,Maldives,"There are two mobile operators: Dhiraagu and Ooredoo. Both of them sell local prepaid SIM card or eSIM with the internet connection at competitive rates. The first-mentioned of them is the leading local telecom company which has wider coverage, while prices are about the same with its competitor. They both have shops next to the airport arrivals area upon exiting. Also, both offer 3G/4G/5G data connections. Also if you plan to sail maybe you can be interested in satellite service offered by Ooredoo.

Most hotels and cafés offer public Wi-Fi but connections are usually slow. A local mobile number is needed to purchase time at many Wi-Fi hotspots around the country.

Dial 911 for police, ambulance, fire and rescue, coast guard and (+960) 3322211 for flight information.",False,False,False
Q912,Mali,"Satellite image of Mali|thumb

Mali is a landlocked country in West Africa, located southwest of Algeria. It lies between latitudes 10° and 25°N, and longitudes 13°W and 5°E. Mali borders Algeria to the north-northeast, Niger to the east, Burkina Faso to the southeast, Ivory Coast to the south, Guinea to the south-west, and Senegal to the west and Mauritania to the north-west.

left|Landscape in [[Hombori|thumb]]
thumb|Mali map of Köppen climate classification

At , Mali is the 24th-largest country in the world and the eighth-largest country in Africa. It is comparable in size to South Africa or Angola. Most of the country lies in the southern Sahara Desert, which produces an extremely hot, dust-laden Sudanian savanna zone.Mali country profile, p. 5. Mali is mostly flat, rising to rolling northern plains covered by sand. The Adrar des Ifoghas massif lies in the northeast.

Mali lies in the torrid zone and is among the hottest countries in the world. The thermal equator, which matches the hottest spots year-round on the planet based on the mean daily annual temperature, crosses the country. Most of Mali receives negligible rainfall and droughts are very frequent. Late April to early October is the rainy season in the southernmost area. During this time, flooding of the Niger River is common, creating the Inner Niger Delta. The vast northern desert part of Mali has a hot desert climate (Köppen climate classification BWh) with long, extremely hot summers and scarce rainfall which decreases northwards. The central area has a hot semi-arid climate (Köppen climate classification BSh) with very high temperatures year-round, a long, intense dry season and a brief, irregular rainy season. The southern areas have a tropical wet and dry climate (Köppen climate classification Aw). 

Mali has considerable natural resources, with gold, uranium, phosphates, kaolinite, salt and limestone being most widely exploited. Mali is estimated to have in excess of 17,400 tonnes of uranium (measured + indicated + inferred).Uranium Mine Ownership – Africa . Wise-uranium.org. Retrieved 24 March 2013.Muller, CJ and Umpire, A (22 November 2012) An Independent Technical Report on the Mineral Resources of Falea Uranium, Copper and Silver Deposit, Mali, West Africa . Minxcon. In 2012, a further uranium mineralized north zone was identified.Uranium in Africa . World-nuclear.org. Retrieved 24 March 2013. Mali faces numerous environmental challenges, including desertification, deforestation, soil erosion, and inadequate supplies of potable water.

Five terrestrial ecoregions lie within Mali's borders: Sahelian Acacia savanna, West Sudanian savanna, Inner Niger Delta flooded savanna, South Saharan steppe and woodlands, and West Saharan montane xeric woodlands. The country had a 2019 Forest Landscape Integrity Index mean score of 7.16/10, ranking it 51st globally out of 172 countries.",False,False,False
Q233,Malta,"The country has three mobile phone networks available: EPIC, GO Mobile, and Melita Mobile. Due to international agreements with providers around the globe, EPIC, GO and Melita are sure to be a part of your carrier's roaming plan. Malta uses GSM for its mobile services and alternatively, travellers can get a SIM card for their own unlocked smartphone to roam with.

The three mobile networks also offer eSIMs that can be purchased before arrival. There are also other providers which provide Malta-only and pan-EU eSIMs that are suitable for use.

Wi-Fi is almost always available in hotels and hostels, and many cafés and restaurants offer a free connection too. Additionally, there are some ""Free Wi-Fi"" zones around the island.
The ferry from Malta Island to Gozo also offers free Wi-Fi.",False,False,False
Q709,Marshall Islands,"right|thumb|Map of the Marshall Islands
thumb|right|Aerial view of [[Majuro, one of the many atolls that make up the Marshall Islands]]
thumb|Beach scenery at the islet of Eneko, Majuro
thumb|View of the coast of [[Bikini Atoll from above]]
thumb|View of Marshall Islands
thumb|Kwajalein atoll is another important population center for the Marshall islands.
thumb|Closer view of Kwajalein atoll reveals a typical geography, the rim of the atoll is dotted with coral islands surrounding a lagoon.

The Marshall Islands sit atop ancient submerged volcanoes rising from the ocean floor, about halfway between Hawaii and Australia, north of Nauru and Kiribati, east of the Federated States of Micronesia, and south of the disputed U.S. territory of Wake Island, to which it also lays claim. The atolls and islands form two groups: the Ratak (sunrise) and the Ralik (sunset). The two island chains lie approximately parallel to one another, running northwest to southeast, comprising about of ocean but only about of land mass. Each includes 15 to 18 islands and atolls.

The country consists of a total of 29 atolls and five individual islands situated in about of the Pacific. The largest atoll with a land area of is Kwajalein. It surrounds a lagoon.

Twenty-four of the atolls and islands are inhabited. The remaining atolls are uninhabited due to poor living conditions, lack of rain, or nuclear contamination. The uninhabited atolls are:

* Ailinginae Atoll
* Bikar (Bikaar) Atoll
* Bikini Atoll 
* Bokak Atoll
* Erikub Atoll
* Jemo Island
* Nadikdik Atoll
* Rongerik Atoll
* Toke Atoll
* Ujelang Atoll

The average altitude above sea level for the entire country is .

In October 2011, the government declared that an area covering nearly of ocean shall be reserved as a shark sanctuary. This is the world's largest shark sanctuary, extending the worldwide ocean area in which sharks are protected from . In protected waters, all shark fishing is banned and all by-catch must be released. However, some have questioned the ability of the Marshall Islands to enforce this zone.

The Marshall Islands also lays claim to Wake Island based on oral legends.Wake Island . The World Factbook. Central Intelligence Agency. While Wake Island has been administered by the United States since 1899, the Marshallese government refers to it by the name Ānen Kio (new orthography) or Enen-kio (old orthography). The United States does not recognize this claim.

thumb|left|upright=0.7|Average monthly temperatures (red) and precipitation (blue) on [[Majuro]]
The climate has a relatively dry season from December to April and a wet season from May to November. Many Pacific typhoons begin as tropical storms in the Marshall Islands region and grow stronger as they move west toward the Mariana Islands and the Philippines.

Population has outstripped the supply of fresh water, usually from rainfall. The northern atolls get of rainfall annually; the southern atolls about twice that. The threat",False,False,False
Q1025,Mauritania,"There are three operators of GSM networks: Mattel (excellent English website), Mauritel Mobiles and Chinguitel. Prepaid plans are available for three of them. 3G/4G is available and data speeds are good.

For tours into the desert where no GSM-Network is available satellite phones are a good solution. Service providers include Thuraya, Iridium and Inmarsat. Thuraya tends to be the cheapest and the easiest to use. The equipment is also available for rent.

Internet cafés with DSL internet can be found in Nouakchott and Nouadhibou for 200-300 UM/hour. Slower connections plague ""cybercafés"" elsewhere in the country, but it's possible to check emails.",False,False,False
Q1027,Mauritius,"The total land area of the country is . It is the 170th largest nation in the world by size. The Republic of Mauritius comprises Mauritius Island and several outlying islands. The nation's exclusive economic zone covers about of the Indian Ocean, including approximately jointly managed with the Seychelles.

Mauritius is off the southeast coast of Africa, between latitudes 19°58.8'S and 20°31.7'S and longitudes 57°18.0'E and 57°46.5'E. It is long and wide. Its land area is . The island is surrounded by more than of white sandy beaches, and the lagoons are protected from the open sea by the world's third-largest coral reef, which surrounds the island. Just off the Mauritian coast lie some 49 uninhabited islands and islets, several of which have been declared natural reserves for endangered species.

Mauritius Island (Mauritian Creole: Lil Moris; , ) is relatively young geologically, having been created by volcanic activity some 8 million years ago. Together with Saint Brandon, Réunion, and Rodrigues, the island is part of the Mascarene Islands. These islands emerged as a result of gigantic underwater volcanic eruptions that happened thousands of kilometres to the east of the continental block made up of Africa and Madagascar. They are no longer volcanically active and the hotspot now rests under Réunion Island. Mauritius is encircled by a broken ring of mountain ranges, varying in height from above sea level. The land rises from coastal plains to a central plateau where it reaches a height of ; the highest peak is in the south-west, Piton de la Petite Rivière Noire at . Streams and rivers speckle the island, many formed in the cracks created by lava flows.
thumb|center|650px|A panoramic view of Mauritius Island

The autonomous island of Rodrigues is located to the east of Mauritius, with an area . Rodrigues is a volcanic island rising from a ridge along the edge of the Mascarene Plateau. The island is hilly with a central spine culminating in the highest peak, Mont Limon at . The island also has a coral reef and extensive limestone deposits. According to Statistics Mauritius, at 1 July 2019, the population of the island was estimated at 43,371.

The Chagos Archipelago is composed of atolls and islands, and is located approximately north-east of the main island of Mauritius. The islands are set to be transferred to Mauritius in 2026, having previously formed the British Indian Ocean Territory, with the exception of Diego Garcia, which remains under British administration on a 99-year lease.

To the north of the Chagos Archipelago are Peros Banhos, the Salomon Islands and Nelsons Island; to the south-west are The Three Brothers, Eagle Islands, Egmont Islands and Danger Island. Diego Garcia is in the south-east of the archipelago. In 2016, the Chagossian population was estimated at 8,700 in Mauritius, including 483 natives; 350 Chagossians live in the Seychelles, including 75 natives, while 3,000, including 127 natives, live in the UK",False,False,False
Q96,Mexico,"thumb|A [[topographic map of Mexico]]
thumb|Mexico map of [[List of states of Mexico|states and capitals]]
thumb|[[Pico de Orizaba, the highest mountain in Mexico]]
Mexico is located between latitudes 14° and 33°N, and longitudes 86° and 119°W in the southern portion of North America, with a total area of , is the 13th largest country by total area. It has coastlines on the Pacific Ocean and Gulf of California, as well as the Gulf of Mexico and Caribbean Sea, the latter two forming part of the Atlantic Ocean. Within these seas are about of islands. Almost all of Mexico lies in the North American Plate, with small parts of the Baja California peninsula on the Pacific and Cocos Plates. Geophysically, some geographers include the territory east of the Isthmus of Tehuantepec (around 12% of the total) within Central America. Geopolitically, Mexico is entirely considered part of North America.

The majority of Mexican central and northern territories are located at high altitudes, and as such the highest elevations are found at the Trans-Mexican Volcanic Belt which crosses Mexico east to west: Pico de Orizaba (), Popocatépetl () and Iztaccihuatl () and the Nevado de Toluca (). Two mountain ranges known as Sierra Madre Oriental and Sierra Madre Occidental, which are the extension of the Rocky Mountains from northern North America crossed the country from north to south and a fourth mountain range, the Sierra Madre del Sur, runs from Michoacán to Oaxaca. The Mexican territory is prone to volcanism.

Mexico has nine distinct regions: Baja California, the Pacific Coastal Lowlands, the Mexican Plateau, the Sierra Madre Oriental, the Sierra Madre Occidental, the Cordillera Neovolcánica, the Gulf Coastal Plain, the Southern Highlands, and the Yucatán Peninsula.Fact Book Mexico. Accessed 4 May 2022 An important geologic feature of the Yucatán peninsula is the Chicxulub crater, the scientific consensus is that the Chicxulub impactor was responsible for the Cretaceous–Paleogene extinction event. Although Mexico is large (a little over in length from its farthest land points), much of its land mass is incompatible with agriculture due to aridity, soil, or terrain.

In 2018, an estimated 54.9% of land was agricultural; 11.8% was arable; 1.4% was in permanent crops; 41.7% was permanent pasture; and 33.3% was forest. Mexico is irrigated by several rivers, with the longest being the Rio Grande, which serves as a natural eastern border with the United States. The Usumacinta River serves as a natural southern border between Mexico and Guatemala.""Usumacinta River | Yucatan, Guatemala, Belize, & Map"" ""Britannica"", retrieved on 16 October 2024.

The climate of Mexico is varied due to the country's size and topography. The Tropic of Cancer effectively divides the country into temperate and tropical zones. Land north of the Tropic of Cancer experiences cooler temperatures during the winter months. South of the Tropic of Cancer, temperatures are fairly constan",False,False,False
Q217,Moldova,"thumb|upright=0.8|A statue of Stephen the Great (1433–1504), the Prince of Moldavia, in Chișinău.
One of the smallest states of the former USSR, Moldova has been part of two historical empires: the Ottoman Empire and the Russian Empire. For several centuries, the country was under Ottoman influence but that all changed during the 1800s when the Russians took control of it. In the years to follow, Moldova became a part of the Russian Empire and later on, the Soviet Union, before declaring independence in the 1990s. Its fertile soils led to Moldova being dubbed ""the garden"" of the Soviet Union. 

Moldova is one of the least visited countries on the planet. You are likely to attract intrigued looks from locals curious of what you are doing in the country.

Since independence, Moldova has faced numerous difficulties, especially inter-ethnic conflict. Inter-ethnic tensions led to the creation of the proclaimed Transnistria Republic in eastern Moldova, which has its own government and currency but is not recognised by any UN member country. Economic links have been re-established between these two parts of Moldova despite the failure in political negotiations. 

Similar to Switzerland, Moldova is committed to neutrality, and has decent relations with virtually every country in the world. 

Despite Moldova's vast political and economic problems, Moldovans try to be happy and make the most of their situation. 

Despite its proximity to the Black Sea, Moldova experiences continental cold and snowy winters, mild springs and autumns, and warm to hot summers.

Moldova, a landlocked country, mostly consists of rolling steppe, gradually sloping south towards the Black Sea. The country is only slightly hilly: its highest point is Bălănești Hill at 430&nbsp;m.

It was a principality under the suzerainty (protection) of the Ottoman Empire, then part of the Russian Empire after 1811, then part of Romania after World War I. Moldova was forcibly incorporated into the Soviet Union during World War II.
* Independence Day — 27 August 1991 (from Soviet Union)
* Constitution — new constitution adopted 28 July 1994; replaces old Soviet constitution of 1979

Although independent from the Soviet Union since 1991, Russian forces have remained on Moldovan territory east of the Dniester River supporting the Slavic population, mostly Ukrainians and Russians, who have proclaimed the breakaway republic of Transnistria.

The poorest nation in Europe, Moldova became the first former Soviet state to elect a communist government and president in 2001. Despite subsequent losses, the Communist Party remains powerful in local politics.

Mass protests erupted in April 2009 in the wake of parliamentary elections that resulted in the election of a communist government, which were widely seen as fraudulent. The protests, widely dubbed the ""Grape Revolution"" or the ""Twitter Revolution"", failed to result in the immediate resignation of the Moldovan government, but it succeeded",False,False,False
Q235,Monaco,"thumb|right|Satellite view of Monaco, with the France–Monaco border shown in yellow

Monaco is a sovereign city-state, with five quarters and ten wards, located on the French Riviera in Western Europe. It is bordered by France's Alpes-Maritimes department on three sides, with one side bordering the Mediterranean Sea. Its centre is about from Italy and only northeast of Nice.

It has an area of , or , and a population of 38,400, making Monaco the second-smallest and the most densely populated country in the world. The country has a land border of only , a coastline of , a maritime claim that extends , and a width that varies between .
thumb|right|Lamarck intersection, Les Moneghetti
Jurassic limestone is a prominent bedrock which is locally karstified. It hosts the Grotte de l'Observatoire, which has been open to the public since 1946.

The highest point in the country is at the access to the Patio Palace residential building on the Chemin des Révoires (ward Jardin Exotique) from the D6007 (Moyenne Corniche street) at above sea level.Highest point at ground level (Access to Patio Palace on D6007) The lowest point in the country is the Mediterranean Sea.

Saint-Jean brook is the longest flowing body of water, around in length, and Fontvieille is the largest lake, approximately in area. Monaco's most populated quartier is Monte Carlo, and the most populated ward is Larvotto.

With the inauguration of Le Portier in 2024, Monaco's total area grew to or ; subsequently, new plans were approved to extend the district of Fontvieille by or , with land reclaimed from the Mediterranean Sea. Land reclamation projects include extending the district of Fontvieille. There are two ports in Monaco, Port Hercules and Port Fontvieille. There is a neighbouring French port called Cap d'Ail that is near Monaco. Monaco's only natural resource is fishing;Archived at Ghostarchive and the Wayback Machine: with almost the entire country being an urban area, Monaco lacks any sort of commercial agriculture industry.

A small residential expansion, Le Portier was opened in 2024, and additionally a new esplanade was added at Larvatto beach which also had some maintenance.

Many neighbourhoods are shared between Monaco, the immediately uphill French town of Beausoleil, the northeast parts of Cap-d'Ail, and the Figuièra area in Roquebrune-Cap-Martin, forming a transborder agglomeration with approximately 55,000 residents.

thumb|center|upright=3.2|Land reclamation in Monaco since 1861

Monaco has a hot-summer Mediterranean climate (Köppen climate classification: Csa), with strong maritime influences, with some resemblances to the humid subtropical climate (Cfa). As a result, it has balmy warm, dry summers and mild, rainy winters. The winters are very mild considering the city's latitude, being as mild as locations located much further south in the Mediterranean Basin. Cool and rainy interludes can interrupt the dry summer season, the average length of which is also",False,False,False
Q711,Mongolia,"Internet cafés are less common than they were, but nicer restaurants provide Wi-Fi in the capital. The postal service is slow and most people have a PO Box if they want to get anything. It is possible to buy phone cards that can be used to call abroad very cheaply from domestic phones, but not all phones can do this. (You can ask for MiCom or MobiCom cards). In the countryside, cell phone carriers cover random villages. Between Mobicom, Unitel, and GMobile, all villages or Soum centers are covered. Internet cafés are plentiful in Aimag centers (provincial capitals) now, with all Aimag post offices having one, plus many smaller cafés. There is Internet in some Soums (villages), but this is rare, slow, and prone to frequent outages.

To make local calls in Ulaanbaatar, use a phone of one of the many entrepreneurs with cellular telephones on the street corners. Expect to pay 150-200&nbsp;₮ per minute (June 2009 prices).",False,False,False
Q236,Montenegro,"thumb|upright=1.2|Map of Montenegro

Montenegro features high peaks along its borders with Albania, Bosnia and Herzegovina, Kosovo, and Serbia. Its geography also includes a segment of the karst of the western Balkan Peninsula, to a narrow coastal plain that is only wide. The plain stops abruptly in the north, where Mount Lovćen and Mount Orjen plunge into the inlet of the Bay of Kotor.

Montenegro's large karst region lies generally at elevations of above sea level; some parts, however, rise to , such as Mount Orjen , the highest massif among the coastal limestone ranges. The Zeta River valley, at an elevation of , is the lowest segment.

The mountains of Montenegro include some of the most rugged terrains in Europe, averaging more than in elevation. One of the country's notable peaks is Bobotov Kuk in the Durmitor mountains, which reaches a height of and was previously thought to be the country's highest point. In 2018, new triangulation measurements showed that Zla Kolata in the Prokletije mountains, which reaches a height of . Owing to the hyperhumid climate on their western sides, the Montenegrin mountain ranges were among the most ice-eroded parts of the Balkan Peninsula during the last glacial period.

Internationally, Montenegro borders Serbia, Bosnia and Herzegovina, Kosovo, Albania and Croatia. It lies between latitudes 41° and 44°N, and longitudes 18° and 21°E.

Montenegro has many national parks, making it important for its biodiversity. The national parks include: the Durmitor National Park (1952), having an area of , is also a massif. Located in the Dinaric Alps, the Belgrade–Bar railway crosses the mountains in it; the Biogradska Gora National Park (1952), spans to , being as well a forest, the park was recognised as one of the UNESCO World Network of Biosphere Reserves; the Lovćen National Park (1952) is located in southwestern Montenegro, it is the inspiration behind the names of Montenegro and Crna Gora, the area is ; the Lake Skadar National Park (1983) is a big lake lying on the Albania-Montenegro border, the national park measure approximately ; the Prokletije National Park (2009) is a mountain range including the second tallest mountain of Montenegro, the park have an area of .

Montenegro is a member of the International Commission for the Protection of the Danube River, as more than of the country's territory lie within the Danube catchment area.

thumb|[[Lovćen, southern region of Montenegro]]
The diversity of the geological base, landscape, climate, and soil, and the position of Montenegro on the Balkan Peninsula and Adriatic Sea, created the conditions for high biological diversity, putting Montenegro among the ""hot-spots"" of European and world biodiversity. The number of species per area unit index in Montenegro is 0.837, the highest in any European country.

Biological estimates suggest that over 1,200 species of freshwater algae, 300 species of marine algae, 589 species of moss, 7,000–8,000 species o",False,False,False
Q1028,Morocco,"thumb|[[Toubkal, the highest peak in Northern Africa, at ]]
thumb|A section of the [[Anti-Atlas near Tafraout]]
thumb|upright|An old [[Cedrus atlantica|Atlas cedar tree in the Atlas range]]
Morocco has a coast on the Atlantic Ocean that reaches past the Strait of Gibraltar into the Mediterranean Sea. It is bordered by Spain to the north (a water border through the Strait and land borders with three small Spanish-controlled exclaves, Ceuta, Melilla, and Peñón de Vélez de la Gomera), Algeria to the east, and Western Sahara to the south. Since Morocco controls most of Western Sahara, its de facto southern border is with Mauritania. The geography of Morocco spans from the Atlantic Ocean, to mountainous areas, to the Sahara desert. Morocco is a Northern African country, bordering the North Atlantic Ocean and the Mediterranean Sea, between Algeria and the annexed Western Sahara. Morocco is one of only three countries (along with Spain and France) to have both Atlantic and Mediterranean coastlines.

A large part of Morocco is mountainous. The Atlas Mountains are located mainly in the centre and the south of the country. The Rif Mountains are located in the north of the country. Both ranges are mainly inhabited by the Berber people. Its total area is about . Algeria borders Morocco to the east and southeast, though the border between the two countries has been closed since 1994. The internationally recognised borders of the country lie between latitudes 27° and 36°N, and longitudes 1° and 14°W. Morocco's capital city is Rabat, a city that is beside the Oued Bou Regreg River; its largest city is its main port, Casablanca. Other cities recording a population over 500,000 in the 2014 Moroccan census are Fes, Marrakesh, Meknes, Salé and Tangier.

The Rif Mountains stretch over the region bordering the Mediterranean from the northwest to the northeast. The Atlas Mountains run down the backbone of the country, from the northeast to the southwest. Most of the southeast portion of the country is in the Sahara Desert and as such is generally sparsely populated and unproductive economically. Most of the population lives to the north of these mountains, with Morocco's largest cities encapsulated by the Middle Atlas and the High Atlas mountain range, while to the south lies the Western Sahara, a former Spanish colony that was annexed by Morocco in 1975 during the Green March. Morocco claims that the Western Sahara is part of its territory and refers to that as its Southern Provinces.

Spanish territory in Northwest Africa neighbouring Morocco comprises five enclaves on the Mediterranean coast: Ceuta, Melilla, Peñón de Vélez de la Gomera, Peñón de Alhucemas, the Chafarinas islands, and the disputed islet Perejil. Off the Atlantic coast the Canary Islands belong to Spain, whereas Madeira to the north is Portuguese. To the north, Morocco is bordered by the Strait of Gibraltar, where international shipping has unimpeded transit passage between the Atlan",False,False,False
Q1029,Mozambique,"thumb|upright|Satellite image
alt=A small, weathered wooden fishing boat resting on a wide sandy beach on Bazaruto Island under a clear blue sky.|thumb|Traditional wooden fishing boat on the sandy shoreline of Bazaruto Island, Mozambique.
alt=A heavy rainstorm falling over a tropical coastal lodge surrounded by lush vegetation in Mozambique|thumb|Rainstorm at a beach lodge in Mozambique
At , Mozambique is the world's 35th-largest country. Mozambique is located on the southeast coast of Africa and is bound by Eswatini to the south, South Africa to the southwest, Zimbabwe to the west, Zambia and Malawi to the northwest, Tanzania to the north and the Indian Ocean to the east. Mozambique lies between latitudes 10° and 27°S, and longitudes 30° and 41°E.

The country is divided into two topographical regions by the Zambezi River. To the north of the Zambezi, the narrow coastal strip gives way to inland hills and low plateaus. Rugged highlands are further west; they include the Niassa highlands, Namuli or Shire highlands, Angonia highlands, Tete highlands and the Makonde plateau, covered with miombo woodlands. To the south of the Zambezi, the lowlands are broader with the Mashonaland plateau and Lebombo Mountains located in the deep south.

The country is drained by five principal rivers and several smaller ones, the Zambezi River being the largest and most important. The country has four notable lakes: Lake Niassa (or Malawi), Lake Chiuta, Cahora Bassa and Lake Shirwa, all in the north. The major cities are Maputo, Beira, Nampula, Tete, Quelimane, Chimoio, Pemba, Inhambane, Xai-Xai and Lichinga.

thumb|upright=1.3|Mozambique map of Köppen climate classification zones
Mozambique has a tropical climate with two seasons: a wet season from October to March and a dry season from April to September. Climatic conditions, however, vary depending on altitude. Rainfall is heavy along the coast and decreases in the north and south. Annual precipitation varies from depending on the region, with an average of . Cyclones are common during the wet season. Average temperature ranges in Maputo are from in July and from in February.

In 2019, Mozambique suffered floods and destruction from the devastating cyclones Idai and Kenneth, the first time two cyclones had struck the nation in a single season.

In February and March 2023, Tropical Cyclone Freddy hit Mozambique twice before dissipating. The resulting flooding caused significant infrastructure damage, with more than 22,000 houses affected, 60 health units flooded, and 1,265 km of roads damaged. Tens of thousands of hectares of crops were also affected during the flooding.

There are known to be 740 bird species in Mozambique, including 20 globally threatened species and two introduced species, and over 200 mammal species endemic to Mozambique, including the critically endangered Selous' zebra, Vincent's bush squirrel and 13 other endangered or vulnerable species.

Protected areas include thirteen for",False,False,False
Q836,Myanmar,"Myanmar has a total area of . It lies between latitudes 9° and 29°N, and longitudes 92° and 102°E. Myanmar is bordered in the northwest by the Chittagong Division of Bangladesh and the Mizoram, Manipur, Nagaland and Arunachal Pradesh states of India. Its north and northeast border is with the Tibet Autonomous Region and Yunnan for a Sino-Myanmar border total of . It is bounded by Laos and Thailand to the southeast. Myanmar has of contiguous coastline along the Bay of Bengal and Andaman Sea to the southwest and the south, which forms one quarter of its total perimeter.

In the north, the Hengduan Mountains form the border with China. Hkakabo Razi, located in Kachin State, at an elevation of , is the highest point in Myanmar. Many mountain ranges, such as the Rakhine Yoma, the Bago Yoma, the Shan Hills and the Tenasserim Hills exist within Myanmar, all of which run north-to-south from the Himalayas. The mountain chains divide Myanmar's three river systems, which are the Irrawaddy, Salween (Thanlwin), and the Sittaung rivers. The Irrawaddy River, Myanmar's longest river at nearly , flows into the Gulf of Martaban. Fertile plains exist in the valleys between the mountain chains. The majority of Myanmar's population lives in the Irrawaddy valley, which is situated between the Rakhine Yoma and the Shan Plateau.

Myanmar is one of the most seismically prone countries in the world. The Sagaing Fault between the Indian Plate and the Eurasian Plate runs north-south through the center of the country. There have been many small and some big earthquakes with a 7–8 magnitude.

Myanmar is divided into seven states () and seven regions (), formerly called divisions. Regions are predominantly Bamar (that is, mainly inhabited by Myanmar's dominant ethnic group). States, in essence, are regions that are home to particular ethnic minorities. The administrative divisions are further subdivided into districts, which are further subdivided into townships, wards, and villages. Since 30 April 2022, districts inside regions and states have been expanded to total count of 121.

Below are the number of districts, townships, cities/towns, wards, village groups and villages in each division and state of Myanmar as of 30 April 2022:

{| class=""wikitable""
|-
! No.
! State/Region
! Districts
! Townships
! Cities/Towns
! Wards
! Villagegroups
! Villages
|-
| 1
| Kachin State
| 6
| 18
| 32
| 172
| 594
| 2547
|-
| 2
| Kayah State
| 4
| 7
| 10
| 44
| 74
| 517
|-
| 3
| Kayin State
| 5
| 7
| 18
| 86
| 376
| 2092
|-
| 4
| Chin State
| 4
| 9
| 18
| 66
| 464
| 1347
|-
| 5
| Sagaing Region
| 10
| 37
| 50
| 271
| 1755
| 5989
|-
| 6
| Tanintharyi Region
| 4
| 10
| 18
| 90
| 267
| 1237
|-
| 7
| Bago Region
| 6
| 28
| 52
| 328
| 1414
| 6487
|-
| 8
| Magway Region
| 7
| 25
| 32
| 199
| 1538
| 4788
|-
| 9
| Mandalay Region
| 11
| 28
| 30
| 280
| 1415
| 4799
|-
| 10
| Mon State
| 4
| 10
| 17
| 106
| 366
| 1143
|-
| 11
| Rakhine State
| 7
| 17
| 26
| 171
| 1045
| 3741
|-
| 12
| Y",False,False,False
Q1030,Namibia,"Namibia's country code is 264. Each city or region has a two-digit area code. When calling long distance within Namibia, prefix the area code with a '0'. There are still a few pay phone booths around the country but they are no longer maintained. When making an international call from a phone booth, bring plenty of coins. Such calls are still expensive in Namibia, and it requires some dexterity to stuff coins in fast enough to not be cut off.

Mobile phones are very common in Namibia. There are two cell phone providers in Namibia, MTC and Telecom. Overall, MTC offers better coverage for tourists. Coverage is complete in all towns and on the major highways. On minor roads and in the countryside you won't have reception, despite both providers advertising near-complete coverage. All major tourist destinations are covered by MTC. Telecom has better coverage in villages that are not on tourist routes. If you are travelling near the borders, be aware that the foreign towers are usually stronger, and your phone will connect to these, causing additional charges.

A new SIM card costs N$10 or less and has N$5 of credit on it. Unlike in South Africa you don't need a passport to register them (January 2020) but the legislation to make this compulsory is coming soon. Bundles are available at N$30-50 and give several hundred SMSs, 100 call minutes or more, and 1-10 GiB of data. These bulk options, called ""Away"" for MTC and ""Jiva"" for Telecom, are very common and a lot cheaper than pure data packages. However, they all expire after a week. 

MTC SIM cards need to be activated by phoning or texting to them. Data usage needs to be activated in an official outlet of the provider, only available in larger towns and at the airport. Recharge vouchers are available everywhere for MTC. Only few vendors stock Telecom vouchers, buy them in advance with the SIM card. When recharging, 15% tax is deducted; a N$30 voucher will give you N$26.09 credit, not N$30.

The international airport and virtually every restaurant, bar, B&B and camp site provide free Wi-Fi. However, not all of Namibia is covered by mobile towers. Far away from both major highways (A and B roads) and larger settlements, there is no reception. The tourist establishments in these remote areas themselves have no Internet access, and can thus not provide it to you. Some fill the coverage gap by providing satellite Internet, but this is by no means guaranteed.",False,False,False
Q697,Nauru,"Nauru is a , oval-shaped island in the southwestern Pacific Ocean. The island is surrounded by a fringing coral reef, which is exposed at low tide and dotted with pinnacles. The presence of the reef has prevented the establishment of a seaport, although channels in the reef allow small boats access to the island. A fertile coastal strip wide lies inland from the beach.

Coral cliffs surround Nauru's central plateau. The highest point of the plateau, Command Ridge, is above sea level.

The only fertile areas on Nauru are on the narrow coastal belt, where coconut palms flourish. The land around Buada Lagoon supports bananas, pineapples, vegetables, pandanus trees, and indigenous hardwoods, such as the tamanu tree.

Nauru was one of three great phosphate rock islands in the Pacific Ocean, along with Banaba (Ocean Island), in Kiribati, and Makatea, in French Polynesia. The phosphate reserves on Nauru are now almost entirely depleted. Phosphate mining in the central plateau has left a barren terrain of jagged limestone pinnacles up to high. Mining has stripped and devastated about 80 per cent of Nauru's land area, leaving it uninhabitable, and has also affected the surrounding exclusive economic zone; Forty per cent of marine life is estimated to have been killed by silt and phosphate runoff.

The island has no rivers. 

Nauru's climate is hot and very humid year-round because of its proximity to the equator and the ocean. Nauru is hit by monsoon rains between November and February. Annual rainfall is highly variable and is influenced by the El Niño–Southern Oscillation, with several significant recorded droughts. The temperature on Nauru ranges between during the day and is stable at about at night.

Streams and rivers do not exist in Nauru. Water is gathered from roof catchment systems or brought to Nauru as ballast on ships returning for loads of phosphate.

thumb|Aerial view of Nauru.
Fauna is sparse on the island because of a lack of vegetation and the consequences of phosphate mining. Many indigenous birds have disappeared or become rare owing to the destruction of their habitat. There are about 60&nbsp;recorded vascular plant species native to the island, none of which are endemic. Coconut farming, mining, and introduced species have seriously disturbed the native vegetation.

Although it has no native land mammals, Nauru does have native insects, land crabs, and birds, including the endemic Nauru reed warbler. The Polynesian rat, cats, dogs, pigs, and chickens have been introduced to Nauru from ships.",False,False,False
Q837,Nepal,"Internet connectivity is increasing rapidly, and obviously its availability is most widespread in Kathmandu (especially in Thamel and around the Boudha Stupa in Boudhanath) or Pokhara. In those two cities, most hotels and lodges will have free Internet connection with Wi-Fi. So will many restaurants. More and more villages will have Internet available at some lodges, usually with Wi-Fi. For example, in 2013, Wi-Fi was available in lodges in Jomsom and Muktinath. In the more remote villages, however, there may only be the occasional Internet cafe that is available. For example, Chame (on the Annapurna circuit) has an Internet cafe with secured Wi-Fi for Rs15 per minute. Even more remote villages may have Internet via satellite connection, but it is quite pricey at over Rs100 per minute.

Mail can be received at many guesthouses or at Everest Postal Care, opposite Fire & Ice on Tridevi Marg. Phone calls are best made from any of the international phone offices in Kathmandu. Voice over Internet (VOI) is usually Rs1-2/min. Mobile phones are the best option (see below).

There are two main mobile operators in Nepal: government-run NTC (Nepal Telecom Company) and private Ncell (previously called Spice Mobile and Mero Mobile).

Both operators allow tourists to buy SIM cards for about Rs200 in Kathmandu and most major towns. You will need to bring a passport photo, fill in a form and have your passport and visa page photocopied.

Ncell SIMs can be bought from many stores, but are best bought from official stores in Birgunj or Kathmandu. Micro SIMs can be cut for free if you need.

NTC SIMs can be bought from their official offices and mobile stores across the country. They do not publish their coverage maps. However they do have superior remote coverage to Ncell, particularly on the Annapurna, Everest and other trekking routes.

thumbnail|150px|Typical wall socket that accepts multiple plug types (A, B, C, E, F, G, I, D)

In Nepal, various types of electric plugs and sockets are common.

The most common plug types to be found on devices are C (Europlug), F (""Schuko""), G (UK), D and M.

Sockets mostly accept multiple types of plugs. Most modern wall sockets will accept types A, B, C, E, F, G, I and D. Some will additionally support type M. Note that the European plugs (types C, E and F) will typically sit rather loosely in these ""universal sockets"", so it can be advisable to use an adapter.

Occasionally you may also see older sockets which only support types D and M. However, at least one ""modern"" socket will usually be present in a room.

Adapters can be purchased inexpensively in Kathmandu for around ₨100, and some have fuses built in. Try shopping in Thamel or the Kumari Arcade in Kathmandu.

Electricity on treks can be scarce. In remote parts there may only be solar powered electricity. Expect to pay Rs100-200 per hour to charge devices on many tea-house treks, including the Everest base camp trek.

If you have devices that will need regu",True,False,False
Q55,Netherlands,"The country code for the Netherlands is 31. The outbound international prefix is 00 (e.g. to call the US, substitute 00 1 for +1 and for the UK 00 44 for +44.)

The cellular phone networks in the Netherlands are operated by KPN, VodafoneZiggo and Odido; other operators use one of these 3 networks. All providers offer 4G coverage in almost every corner of the Netherlands, and 5G is at almost the same level. Note that 3G networks have been turned off, and 2G is only available at KPN and VodafoneZiggo, mainly for business purposes.

If you're bringing your own (GSM) cell phone to call (or receive calls) whilst in the Netherlands, make sure to check the relevant ""roaming"" charges for your provider, as they vary substantially. Receiving phone calls on a cell phone using a Dutch SIM card is free in most cases; charges may apply if you're using a foreign SIM card, as the call is theoretically routed through your country of origin. It may be cheaper to buy a pay-as-you-go SIM card to insert into your GSM phone, or even to buy a very cheap pay-as-you-go card+phone bundle. Providers that specialise in discount rates to foreign countries include Lyca and Lebara.

As of January 2023, there are no public phone booths left in the Netherlands.

0800 numbers are toll-free while 09xx numbers are charged at premium rates. Mobile phones have numbers in the 06 range, and calls to cell phones are also priced at higher rates. (National) Directory Inquiries can be reached via 1888, 1850 and various other 'Inquiry-operators'. Rates differ by operator, but are usually rather high, more than €1 per call, as well as per-second charges. International Directory Inquiries can be reached on 0900 8418 (M-F 08:00-20:00, €0.90 per minute). Phone numbers can also be found on the Internet, free of charge, on Telefoonboek.nl, De Telefoongids.nl and for opening times visit Openingstijden.nl or OpeningstijdenGids.nl.

KPN, VodafoneZiggo and Odido offer complete 4G coverage. 5G networks are nearing completion. Other service providers, using the networks of the aforementioned operators, may offer a slower connection for lower prices.
Dutch sim cards are also available with mobile internet access, typically from €10 for 1 GB and a month validity. Users with a mobile phone account from an EU country can use their data plan in the Netherlands without incurring extra charges.

Internet cafés are increasingly rare but can still be found in major cities and usually also provide international calling booths. Many public libraries provide Internet access, usually at a charge. Wireless Internet access using Wi-Fi is quite widely available. It's usually a free service in pubs, restaurants and many attractions. In hotels the situation differs, with free service in some and high rates in others. Free Wi-Fi is offered in many of the larger railway stations, a growing number of NS intercity trains, local trains of some of the other operators, and some regional buses, and Schiphol offers l",False,False,False
Q664,New Zealand,"thumb|Old style telephone booths in [[Dunedin, also serving as a tourist attraction]]
thumb|Phone box in Pukekohe
New Zealand has a well developed and ubiquitous telephone system. The country's legacy phone company, Spark, claimed in 2009 to have about 4,000 payphones in NZ which can be easily identified by their yellow and blue colours, but these numbers are now diminishing. All of them accept major credit cards and a variety of phonecards available from retailers. You may have to look hard for a payphone that accepts coins.

The international telephone country code for New Zealand is 64. The international access code or prefix is 00.

Area codes are as follows. When calling from overseas, omit the leading zero:
:03 in the South Island, Stewart Island and the Chathams
:04 in Greater Wellington (excluding Wairarapa)
:06 in Taranaki, Whanganui, Manawatu, the Central North Island south of Mount Ruapehu, Hawke's Bay, East Coast, and Wairarapa.
:07 in Waikato, Bay of Plenty and the Central North Island north of Mount Ruapehu
:09 in Auckland and Northland.
Local landline numbers are seven digits long. You'll need to dial the area code if you are making a call outside your local area, even if the area code is the same (e.g.: you have to dial 03 when calling Christchurch from Dunedin, 07 when calling Hamilton from Tauranga, etc.).

Mobile numbers start with 02 followed by between seven and nine digits (usually eight).

Freephone numbers start with 0508 or 0800 and can not be connected from outside New Zealand.

The three major mobile network operators are Spark', One NZ (formerly Vodafone NZ), and 2degrees. There are also numerous mobile virtual network operators (MNVOs), the most prominent being Skinny, which operates on Spark's network. All networks provide 4G and 5G service only; 2G and 3G service will shut down by the end of March 2026. Limited satellite coverage is available on compatible phones on the One NZ network, with the other two major networks rolling out satellite coverage in 2026.

All major NZ mobile networks claim to have coverage ""where 97% of NZers live, work and play"", although this needs to be taken with a grain of salt. Mobile telephone coverage is good near urban areas although the mountainous terrain means that, outside these urban areas and especially away from the main highway system, coverage may be patchy. Do not rely on mobile phones in hilly or mountainous terrain. Satellite coverage (where available) allows text messages and limited data service where you have a clear view of the sky; however, full data service and phone calls, including to emergency services, are not available.

SIM cards are widely available and no registration is necessary. Unless you specifically buy a travel SIM (which are generally only available at airport stores), you will need to download the respective network's app or call them to activate your SIM, top-up the credit balance and to buy plans or packs. Most airports and shopping mall",False,False,False
Q811,Nicaragua,"Nicaraguans like to call their country ""país de lagos y volcanes"" - Land of lakes and volcanoes and this certainly an apt description of the overall layout, particularly of the Western half of the country.

Temperature is most influenced by altitude. On the Pacific side there is a pronounced dry (November-April, known locally as ""verano"") and rainy season (known locally as ""invierno"") but the further east you got the longer the rainy season becomes and the rainier the dry season gets. Torrential downpours in the rainy season (May–October) can catch you by surprise and soak you within minutes, even in the Pacific lowlands, so be prepared if you're traveling during the rainy season. In the Northern Highlands cloud forests dominate and thus cold, foggy weather is no rare occurrence. Temperatures might drop to the tens Celsius in the early morning hours on high altitudes but snow is unheard of. The Caribbean coast is overall much wetter with rain a common occurrence even in the ""dry"" season. The last devastating hurricane to hit Nicaragua was Mitch in 1998 and the country is generally not in the main pathway of hurricanes, but you should still heed warnings and absolutely evacuate at the very least to the Pacific side if there is any chance of a hurricane hitting the place you're in. Hurricane Otto, which hit the country and neighboring Costa Rica in November 2016 left no dead and less destruction than feared, and showed that Nicaragua is now better prepared for natural disasters than in the past.

thumb|View of Cerro Kilambè
Nicaragua has an area of 130,373&nbsp;km2. The most noteworthy features of Nicaragua's geography are visible at a glance: Lake Nicaragua in the southwest with a mostly low lying plain west of it that experiences dry seasons and has historically been the densest populated and most agriculturally used part of the country. In the north, high mountains gave rise to coffee and tobacco farming and this is where the country is at its coldest and also where most historical guerrillas be they Sandinista or Contra, found their hideouts. From northwest to southeast a spine of mostly active volcanoes stretches through the country - including Lake Nicaragua - with the volcano Cosigüina at the heart of the eponymous peninsula marking the northwestern-most end of this volcanic chain and the Solentiname islands the southeastern-most feature of volcanic origin in the country. The east of the country is dominated by tropical rainforest and has historically been sparsely populated. In the south the Rio San Juan meanders through a mostly low-lying plain with rainforest to either side while in the north the Bosawas rainforest begins in the foothills of the northern highlands and stretches almost all the way to the coast. The highest altitudes in the country are found in the north with the highest mountain - Cerro Mogoton (2,107 m; 6,912 feet) - sitting at the border with Honduras. The longest river of the country and all of Central A",False,False,False
Q1032,Niger,"Not until 1993, 35 years after independence from France, did Niger hold its first free and open elections. A 1995 peace accord ended a five-year Tuareg insurgency in the north. Coups in 1996 and 1999 were followed by the creation of a National Reconciliation Council that effected a transition to civilian rule by December 1999. In 2009, a coup d'état toppled the elected-turned-dictator government, and returned Niger to an electoral democracy. After the transition to democracy, Niger became a strong ally of Western states like the United States and France, both of which established military bases and military cooperation with the Nigerien armed forces. Niger has played an outsized role in the global anti-terror movement, serving as a base of operations for the fight against insurgents in the Sahel and Saharan regions. However, this has led to an increase in terrorist attacks in and around Niger itself by militants that cross the porous borders from Mali and Burkina Faso. 

Although Niger has huge economic potential, Niger has never particularly been a wealthy country and the country has a myriad of social, economic, and political problems. Most people live in poverty and work as farmers. Niger is also the country with the youngest average population.

thumb|Niamey, capital city of Niger
Niger's economy centers on subsistence agriculture, animal husbandry, reexport trade, and increasingly less on uranium, because of declining world demand. The 50% devaluation of the West African franc in January 1994 boosted exports of livestock, cowpeas, onions, and the products of Niger's small cotton industry. The government relies on bilateral and multilateral aid — which was suspended following the April 1999 coup d'état — for operating expenses and public investment. In 2000-01, the World Bank approved a structural adjustment loan of $105 million to help support fiscal reforms. However, reforms could prove difficult given the government's bleak financial situation. The IMF approved a $73 million poverty reduction and growth facility for Niger in 2000 and announced $115 million in debt relief under the Heavily Indebted Poor Countries (HIPC) initiative. Niger is the world's second poorest country and has the world's lowest standard of living.

Niger has a population of over 25 million. The Hausa (Zarma and Songhai) make up the largest ethnic groups of Niger.

Over 20% of Nigeriens are made up of nomadic and livestock raising tribes, including Fulani, Tuareg, Wodaabe, Kanuri, Arabs and Toubou.",False,False,False
Q1033,Nigeria,"The country code for Nigeria is 234.

Dialing out from Nigeria: you will need to dial the International Code, followed by the phone digit numbers.

Dialing into Nigeria: callers use +234 followed by the phone digit numbers.
There is also a company in Nigeria called Elixir Communication Worldwide that offers mobile phones for the blind and visually challenged. All the mobile operators have a roaming agreement with other mobile operators around the world.

The leading zero in area codes and similar prefixes is for domestic calls. It is not dialed when using the country code.

For foreigners, Internet services are pretty cheap. You can expect to pay 11,000NGN (7 USD) for 40GB of data + 40 mins of calls valid for a month.

Mobile phone service providers:
* 
* 
* 
*",False,False,False
Q34020,Niue,"thumb|upright=1.3|Natural stone arch at the [[Limu Pools along the coast of Niue]]

Niue is a raised coral atoll in the southern Pacific Ocean, east of Tonga.Jacobson G, Hill PJ (1980) Hydrogeology of a raised coral atoll, Niue Island, South Pacific Ocean. Journal of Australian Geology and Geophysics, 5 271–278. There are three outlying coral reefs within the exclusive economic zone, with no land area:
#Beveridge Reef, southeast a submerged atoll drying during low tide, north-south, east-west, total area&nbsp;, no land area, lagoon deep
#Antiope Reef, northeast a circular plateau approximately in diameter, with a least depth of 
#Haran Reef (also known as Harans Reef), southeast 

Besides these, Albert Meyer Reef, southwest almost long and wide, least depth , is not officially claimed by Niue; further, the existence of Haymet Rocks ( east-southeast) is in doubt.

Niue is one of the world's largest coral islands. The terrain consists of steep limestone cliffs along the coast with a central plateau rising to about above sea level. A coral reef surrounds the island, with the only major break in the reef being in the central western coast, close to the capital, Alofi. A number of limestone caves occur near the coast.

The island is roughly oval in shape (with a diameter of about , with two large bays indenting the western coast, Alofi Bay in the centre and Avatele Bay in the south. Between these is the promontory of Halagigie Point. A small peninsula, TePā Point (Blowhole Point), is close to the settlement of Avatele in the southwest. Most of the population resides close to the west coast, around the capital, and in the northwest.

thumb|upright=1.3|Jagged fossilized coral pinnacles at Togo
Some Niue soils are geochemically very unusual. They are extremely weathered tropical soils, with high levels of iron and aluminium oxides (oxisol) and mercury, and they contain high levels of natural radioactivity, with thorium-230 and protactinium-231 heading the decay chains. This distribution of elements is found naturally on very deep seabeds, but the geochemical evidence suggests that the origin of these elements is extreme weathering of coral and brief sea submergence 120,000 years ago. Endothermal upwelling, by which mild volcanic heat draws deep seawater up through the porous coral, almost certainly contributes.

No adverse health effects from the radioactivity or the other trace elements have been demonstrated, and calculations show that the level of radioactivity is probably much too low to be detected in the population. These unusual soils are very rich in phosphate, but it is not accessible to plants, being in the very insoluble form of iron phosphate, or crandallite. It is thought that similar radioactive soils may exist on Lifou and Mare near New Caledonia, and Rennell in the Solomon Islands, but no other locations are known.

The island has a tropical rainforest climate (Af) according to the Köppen climate classification with high te",False,False,False
Q23681,Northern Cyprus,"Northern Cyprus has an area of , which amounts to around a third of the island. to the north of Northern Cyprus lies Turkey with Syria lying to the east. It lies between latitudes 34° and 36° N, and longitudes 32° and 35° E.

The coastline of Northern Cyprus features two bays: the Morphou Bay and the Famagusta Bay, and there are four capes: Cape Apostolos Andreas, Cape Kormakitis, Cape Zeytin and Cape Kasa, with Cape Apostolos Andreas being the endpoint of the Karpaz Peninsula. The narrow Kyrenia mountain range lies along the northern coastline, and the highest point in Northern Cyprus, Mount Selvili, lies in this mountain range with an altitude of . The Mesaoria plain, extending from the Güzelyurt district to the eastern coastline is another defining landscape. The Mesaoria plains consist of plain fields and small hills, and is crossed by several seasonal streams. The eastern part of the plain is used for dry agriculture, such as the cultivation of wheat and barley, and are therefore predominantly green in the winter and spring, while it turns yellow and brown in the summer.Doğu Mesarya Bölgesi , EU Coordination Center, retrieved on 28 December 2012.

56.7% of the land in Northern Cyprus is agriculturally viable.KUZEY KIBRIS TÜRK CUMHURİYETİ MESARYA OVASI TARIM İŞLETMELERİNDE YETER GELİRLİ İŞLETME BÜYÜKLÜĞÜ VE OPTİMAL ÜRETİM DESENİNİN DOĞRUSAL PROGRAMLAMA YÖNTEMİ İLE TESPİTİ [DETERMINATION OF SUFFICIENTLY PROFITABLE FARM SIZE AND OPTIMAL PRODUCTION PATTERN IN AGRICULTURAL ENTERPRISES OF THE MESAORIA PLAIN, TURKISH REPUBLIC OF NORTHERN CYPRUS, USING THE LINEAR PROGRAMMING METHOD]. , Ankara University, retrieved on 28 December 2014.

thumb|Beach near [[Galateia|Mehmetcik, İskele District]]
The winter in Northern Cyprus is cool and rainy, particularly between December and February; those three months see 60% of the region's annual rainfall.Section source. Weather cypnet.co.uk. Retrieved 14 September 2008. These rains produce winter torrents that fill most of the rivers, which typically dry up as the year progresses. Snow has been known to fall on the Kyrenia Range, but seldom elsewhere in spite of low night temperatures. The short spring is characterised by unstable weather, occasional heavy storms and the ""meltem"", or westerly wind. Summer is hot and dry enough to turn low-lying lands on the island brown. Parts of the island experience the ""Poyraz"", a north-westerly wind, or the sirocco, a wind from Africa, which is dry and dusty. Summer is followed by a short, turbulent autumn.

Climate conditions on the island vary by geographical factors. The Mesaoria Plain, cut off from the summer breezes and from much of the humidity of the sea, may reach temperature peaks of . Humidity rises at the Karpaz Peninsula. Humidity and water temperature, , combine to stabilise coastal weather, which does not experience inland extremes. The Southern Range blocks air currents that bring rain and atmospheric humidity from the south-west, diminishing bot",False,False,False
Q423,North Korea,"For international calls to North Korea, the country code is +850. Some phone numbers (mostly faxes) can be called directly from abroad; most other calls will need to go through the international operator service on +850-2-18111.

International calling is generally possible via landlines in hotels, though it is expensive (€2 per minute as of Feb 2012) and all calls are likely recorded and monitored.

Local calls need elusive 10&nbsp;chon coins when calling from call boxes, but can also be made from hotels and post offices.

Additionally, your phone calls may be heavily monitored, so you should be careful of what you talk about in phone calls that you make in North Korea.

as of jyou are allowed to carry a mobile phone from outside the country into North Korea. You will not be able to use your current SIM card in North Korea, however. The only network you are allowed to connect to is the local network, Koryolink, via one of their SIM cards. Your phone must be a 3G WCDMA phone which can connect to the 2100MHz 3G frequency band.

A 3G mobile phone network (Koryolink) covers the 42 largest cities. It is widely used by locals who can afford it and by long-staying foreigners who file an application. SIM cards and phones can be purchased at the International Communication Center, No.2 Pothonggang-dong in Pothonggang District, opposite the Pyongyang Indoor Stadium, as well as at Pyongyang airport and some hotels. As of 2013, 3G mobile internet via Koryolink is available to foreigners, although pricing is unknown. Bear in mind that these SIM cards will only let you call internationally and to a very small number of internationally-enabled phones in North Korea. There are three plans you can choose from for your SIM card:
#Purchase a prepaid SIM card for €50. This gives you the SIM card to keep indefinitely for return visits, and includes a small amount (less than €30) of calling credit.
#Rent a prepaid SIM card for two weeks for €50. This includes €30 of calling credit.
#Rent a prepaid SIM card for one month for €75. This includes €55 of calling credit.
Calling rates are as follows:
*China and South-East Asia: €1.43 per minute.
*Russia: €0.68 per minute.
*France and Switzerland: €0.38 per minute.
*UK and Germany: €1.58 per minute.

Internet facilities are limited to a very few North Koreans with appropriate privileges to use it. For foreigners, most of the larger hotels have Internet access available, but this needs to be applied for some days in advance. Advise your tour operator or inviting party of your requirements well ahead of time so that access permission can be arranged. There are no public internet cafés or business centres with web access in the hotels. Mobile internet is available via Koryolink's 3G network (see above) using a local SIM card, but details about this are scarce. Also, even if you have Internet access, your traffic will probably be monitored. There is very little Internet connectivity in North Korea; the little that e",False,False,False
Q221,North Macedonia,"Domestic telephone service is available in all inhabited towns, via VoIP only. In fact, North Macedonia was the first country in Europe to go fully VoIP, back in 2014. There is an affordable fixed phone service (wireless and easy to install) from the mobile operator ONE available prepaid (without a monthly fee, 12 months availability without recharge, recharging for only 500 denar/€8) and postpaid.

Mobile phones are widely spread and the coverage is excellent. There are four mobile networks (T-mobile [http://www.t-mobile.com.mk/public/?itemid=389505dc-f903-4847-80a6-8af095c32f3f, A1 LycaMobile [https://www.lycamobile.mk/mk/ and MTel , all providing 5G service. You may need to show your ID card or passport when buying a SIM card. For tourists data packages with sufficient GB (e.g. 100GB) are available dirt cheap. Many mobile providers in the Balkans provide free roaming across Balkan countries. So, in case you are planning to cross the border, ask on how to use the local SIM card in other Balkan countries. For instance, a One.al SIM card from Albania works flawlessly in North Macedonia and Kosovo with a regular Albanian package.

Internet access is widely available throughout the country. Almost all hotels provide internet access, either free or paid. Local coffee shops usually offer free Wi-Fi access, as many other public places do. Feel free to ask for the password, if the network is locked. ONE offers both internet for home and mobile internet. Internet cafés are available in most cities and in some villages.",False,False,False
Q20,Norway,"The international dialling prefix is 00 like in the EU. On mobile phones, you can use ""+"" instead. Norway's country code is 47 (so Norwegian numbers can be dialled as +47 xx-xx-xx-xx). Since 2020, there are no area codes; the leading ""0"" in some numbers should not be dropped when dialling from abroad.

Mobile phone coverage is universal in urban areas and generally also good in rural Norway, though on occasion some rural valley areas might be badly covered.

Even in the most remote mountain cabins, as long as they are staffed, you will usually be able to send a postcard.

Most Norwegian households are connected to the Internet in some way (often broadband), making cybercafés hard to find outside major cities, due to relatively low demand. Most public libraries have free public access to the internet, but a limited number of computers and limited opening hours.

If you bring a laptop with a wireless connection you will find wireless internet zones just about everywhere (gas stations, grocery stores, city centres, cafés, shopping centres, hotels, etc.) Be prepared to pay for it though. It is not unusual for hotels to have a terminal for guest use. Around 60% of camp grounds have Wi-Fi Internet, but if it's crucial for you, best to ask before paying for your camping space.

If you are coming from another EU or EEA country, you will likely be able to continue using your SIM in Norway without surcharges, subject to any fair-use limits imposed by your provider. If you are coming from a third country, note the pricing below and consider making plans to purchase a SIM from another EU/EEA provider with generous EU usage policies before arriving in Norway.

Telenor (national telecoms provider) sells pre-paid SIM cards for 49 kr, providing fast 4G internet access capped at 20 kr per day. Speed is reduced after 1 GB in a month, with no option to extend it, so it's not recommended for travelers with heavy usage. Telenor stores (including the one at the airport) ask 199 kr for this SIM card (and some store staff will even warn you away for these reasons), however you can purchase it in convenience stores for 49 kr. Activation on-line requires a Norwegian ID, however Telenor stores can do this instantly for free for foreigners on presentation of your passport. 

Telia is the other main provider in Norway selling prepaid SIMs to visitors. They offer starter packs for 99 kr, including nationwide calls and texts as well as 250MB data valid for 14 days. Further reloads are in the form of combo bundles costing 3 GB for 249 kr, 6 GB for 329 kr, 10 GB for 399 kr, 15 GB for 449 kr, and 30 GB for 529 kr with unlimited voice and text. It is also possible to purchase 1 GB for 99 kr, 5 GB for 199 kr, and 10 GB for 299 kr without voice or SMS. All refill packages are valid for 31 days. These allowances are also valid in any EU/EEA country, Switzerland, and the UK, so if you are starting in Norway and your journey includes multiple countries it can be worth it to",False,False,False
Q842,Oman,"The country code for Oman is 968.

Dialling out from Oman you will need to dial 00 + International Code + Number. Dialling into Oman callers use +968 followed by an 8 digit number. These 8-digit numbers generally start with a 9 if it is mobile number, and with 2 for land lines, though other numbers will eventually start to get used.

There are three providers who have their own cellular network: Omantel, Ooredoo and Vodafone. The provider Friendi uses the cellular network of Vodafone. Omantel and Ooredoo have the best coverage throughout the country. If you only need coverage in towns and along main roads, Friendi offers 1 GB for one week for 1 rial (Jan 2026) with the sim card for free.

Pre-paid mobile SIMs are available from several counters at the airport arrivals area. Your passport details are required to register the SIM. Often the staff will be helpful in activating the SIM for use when you buy.

As of 2025, Zoom and Google Meet work fine, as does messaging through What'sApp, but video calling in What'sApp and FaceTime are both blocked. Signal is, however, blocked and requires circumvention tools to access.",False,False,False
Q843,Pakistan,"The country code for Pakistan is +92 if you are calling from outside the country. Phone numbers are seven digits long with a two-digit city code in larger districts, and six digits long with a three-digit city code in smaller districts, for a total of nine digits as a standard nationwide (except for Azad Kashmir). All mobile numbers, however, are seven digits long and begin with a four digit network code ""03XX"", where XX indicates the cellular provider. Thus Pakistani mobile numbers are linked to one particular cellular provider, NOT one particular city as in North America. Therefore the city prefix should not be dialled in addition to the cellular prefix. As in many countries, omit the initial zero when dialling a city or cell code from outside Pakistan and prefix the '92' country code after dialling your country's international access code. Thus Telenor cell number 765 4321 dialled from the USA/Canada would be 011 92 345 765 4321 and Peshawar landline 234-5678 dialled from France or the UK would be 00 92 91 234-5678.

The international access code for outgoing calls from Pakistan is 00.

PTCL offers landline and wireless phone services.

Public Call Offices can be found all over the country. You will find a PCO in nearly 50% of the general stores where there is usually someone who operates the phone and fax. Fees will be charged according to the time spent, and you will pay when you have finished your call.

{| class=""wikitable"" style=""float:right;""
! Calling from !! Price !! Syntax !! Example
|-
| Same city || Local || align=right| number || align=right| 123-4567
|-
| Different city || STD || align=right| 0-area code-number || align=right| 051 123-4567
|-
| Overseas || ISD || align=right| +92-area code-number || align=right| +92 51 123-4567
|}

Major providers of mobile phone service (GSM) are:

* Jazz
* Telenor
* Ufone
* Warid
* Zong - China Mobile
* Onic

One very convenient feature is that all Pakistani cellular operators use the GSM platform, so that cellular handsets nationwide are freely interchangeable between providers.

Cell phones were considered as a status symbol a few years ago but, since 2002, the telecommunications industry has experienced a bit of a boom. These days you can hardly find a single person in the country without a personal cell phone. There are various service providers offering a huge variety of plans. Among them are Jazz, Warid Telecom, Telenor, Ufone, Zong (China Mobile) & Onic. It's not a bad idea to buy a cell phone and use a prepaid plan to get yourself connected while you are in the country. The mobile phones and the prepaid plans are very cheap; you can usually get a new cheap cell phone just for Rs&nbsp;2,000 and a prepaid connection for Rs&nbsp;150-400.

Due to security threats, in order to purchase a SIM card you will need to provide formal identification such as visas, resident permits and residing address in Pakistan along with a written declaration that you will not use the provided phone n",False,False,False
Q695,Palau,"thumb|330x330px|Share of forest area in total land area, top countries (2021). Palau has the fifth highest percentage of forest cover in the world.
Palau's territory consists of an archipelago located in the Pacific Ocean. Its most populous islands are Angaur, Babeldaob, Koror and Peleliu. The latter three lie together within the same barrier reef, while Angaur is an oceanic island several kilometers to the south. About two-thirds of the population lives on Koror. The coral atoll of Kayangel is north of these islands, while the uninhabited Rock Islands (about 200) are west of the main island group. A remote group of six islands, known as the Southwest Islands, some from the main islands, make up the states of Hatohobei and Sonsorol.

Palau has a tropical rainforest climate with an annual mean temperature of . Rainfall is heavy throughout the year, averaging . The average humidity is 82% and, although rain falls more frequently between June and October, there is still much sunshine. Palau lies on the edge of the typhoon belt. Tropical disturbances frequently develop near Palau every year, but significant tropical cyclones are quite rare. Mike, Bopha and Haiyan are the only systems that struck Palau as typhoons on record.

thumb|Aerial view of [[Ngerukewid]]
thumb|Aerial view of [[Rock Islands (Palau)|Rock Islands]]
thumb|[[Rock Islands (Palau)|Rock Islands in Palau]]
thumb|An aerial view of limestone islands

Palau has a history of strong environmental conservation. For example, Ngerukewid and the surrounding area are protected under the Ngerukewid Islands Wildlife Preserve, which was established in 1956. While much of Palau remains free of environmental degradation, areas of concern include illegal dynamite fishing, inadequate solid waste disposal facilities in Koror, and extensive sand and coral dredging in the Palau lagoon.

As with other Pacific island states, rising sea level presents a major environmental threat. However, according to the Emissions Database for Global Atmospheric Research average carbon dioxide emissions per person were 60 tonnes in 2019, the highest in the world, and mostly from transport. Inundation of low-lying areas threatens coastal vegetation, agriculture, and an already insufficient water supply. Wastewater treatment is a problem, along with the handling of toxic waste from fertilizers and biocides.

One species of saltwater crocodile, Crocodylus porosus, is endemic to Palau, occurring in varying numbers throughout the mangroves and in parts of the Rock Islands. Although this species is generally considered extremely dangerous, there has only been one fatal human attack, on 28&nbsp;December 1965, in Palau in modern history. This attack led to a crocodile eradication program and trade in crocodile hides that ran into the 1980s. A management and conservation program running since the 1990s has led to a stabilization of the Palauan crocodile population.

On 5&nbsp;November 2005, President Tommy E. Remeng",False,False,False
Q219060,Palestine,"thumb|Located around [[Nablus, Mount Gerizim is the holiest site for Samaritans.]]
Areas claimed by the country, known as the Palestinian territories, lie in the Southern Levant of the Middle East region. Palestine is part of the Fertile Crescent, along with Israel, Jordan, Lebanon, Iraq and Syria. The Gaza Strip borders the Mediterranean Sea to the west, Egypt to the south, and Israel to the north and east. The West Bank is bordered by Jordan to the east, and Israel to the north, south, and west. Palestine shares its maritime borders with Israel, Egypt and Cyprus. Thus, the two enclaves constituting the area claimed by the State of Palestine have no geographical border with one another, being separated by Israel. These areas would constitute the world's 163rd largest country by land area.

The West Bank is a mountainous region. It is divided in three regions, namely the Mount Nablus (Jabal Nablus), the Hebron Hills and Jerusalem Mountains (Jibal al–Quds). The Samarian Hills and Judean Hills are mountain ranges in the West Bank, with Mount Nabi Yunis at a height of in Hebron Governorate as their highest peak. Until 19th century, Hebron was highest city in the Middle East.

Jerusalem is located on a plateau in the central highlands and is surrounded by valleys. The territory consists of fertile valleys, such as the Jezreel Valley and the Jordan River Valley. Palestine is home to world's largest olive tree, located in Jerusalem. Around 45% of Palestine's land is dedicated to growing olive trees.

Palestine features significant lakes and rivers that play a vital role in its geography and ecosystems. The Jordan River flows southward, forming part of Palestine's eastern border and passing through the Sea of Galilee before reaching the Dead Sea. According to Christian traditions, it is site of the baptism of Jesus. The Dead Sea, bordering the country's east is the lowest point on the earth. Jericho, located nearby, is the lowest city in the world. Villages and suburban areas around Jerusalem are home to ancient water bodies. There are several river valleys (wadi) across the country. These waterways provide essential resources for agriculture and recreation while supporting various ecosystems.

Three terrestrial ecoregions are found in the area: Eastern Mediterranean conifer–sclerophyllous–broadleaf forests, Arabian Desert, and Mesopotamian shrub desert. Palestine has a number of environmental issues; issues facing the Gaza Strip include desertification; salination of fresh water; sewage treatment; water-borne diseases; soil degradation; and depletion and contamination of underground water resources. In the West Bank, many of the same issues apply; although fresh water is much more plentiful, access is restricted by the ongoing dispute.

Temperatures in Palestine vary widely. The climate in the West Bank is mostly Mediterranean, slightly cooler at elevated areas compared with the shoreline, west to the area. In the east, the West Bank i",False,False,False
Q691,Papua New Guinea,"thumb|alt=Map showing the location of some cities and towns|Map of Papua New Guinea
Papua New Guinea extends over , including a large mainland and a number of islands. The country lies just south of the equator, and shares a land border with Indonesia, and maritime borders with Australia, the Solomon Islands, and the Federated States of Micronesia. The island of New Guinea lies at the east of the Malay Archipelago. The country is separated from Australia's Cape York Peninsula by the shallow Torres Strait. To the west of this strait is the shallow Arafura Sea, while to its east is the much deeper Coral Sea. The Gulf of Papua covers much of the southern coast, while the Solomon Sea lies east of the mainland.

The total coastline is longer than , and the country has an exclusive economic zone of . The country covers two time zones, with the Autonomous Region of Bougainville an hour ahead of the rest of the country.

The geological history of New Guinea is complex. It lies where the north-moving Indo-Australian plate meets the west-moving Pacific plate. This has caused its highly variable geography both on the mainland and on its islands. Tectonic movement is also the cause of the country's active volcanos and frequent earthquakes. The country is situated on the Pacific Ring of Fire, with altogether 14 known active volcanos and 22 dormant ones. The area south of the mountainous spine is part of the Australian craton, with much of the land to the north being accreted terrain. Both the mainland and the main island groups of the Bismarck Archipelago and the Bougainville are dominated by large mountains. Altogether, mountains cover at least 72% of the country. Of the rest, 15% are plains and 11% swamps. There are four larger islands (Bougainville, Manus, New Britain, and New Ireland) and over 600 smaller ones; the smaller islands also often have steep slopes and small coastal areas.

thumb|alt=Low density trees emerging from grassland with mountains in the background with patchy forest cover|Papua New Guinea's highlands
The New Guinea Highlands lie within a spine of mountain ranges which run along the centre of the island from Milne Bay in the very southeast of Papua New Guinea through to the western end of Indonesian New Guinea. One of these mountains is Mount Wilhelm, which at is the highest point in the country. Between these mountains are steep valleys, which have a variety of geological histories. The populous region referred to as the Highlands has shorter mountains than those to its northwest and southeast and includes some relatively flat areas between the mountains.

North of the central mountain belt, a large depression is drained by Sepik River in the west, and the Ramu and Markham Rivers flow through a graben in the east. The depression continues into the waters east of the mainland, forming the New Britain Trench. The northwest coast hosts the Bewani Mountains, Torricelli Range, and Prince Alexander Mountains, which the Sepi",False,False,False
Q733,Paraguay,Wi-Fi access is possible at most cafés and restaurants in large cities and tourist towns. Just have a coffee and ask for the password. Public Wi-Fi is also possible in public places like plazas and shopping malls.,False,False,False
Q148,People's Republic of China,"The Great Firewall of China blocks popular web services including Facebook, Twitter, Instagram, YouTube, Google, WhatsApp, Telegram and many others including Wikipedia. To bypass internet restrictions and access popular websites, travelers often use VPN services. As of September 2024, reports from users consider Mullvad and Astrill to be reliable. Popular VPN choices like Express and Nord are not considered reliable. During significant events, VPN services may experience disruptions. Be sure to install the VPN before arriving in China; attempting to do so after landing can be problematic as the service might already be blocked. 

Other ways to bypass censorship include software such as Freegate, Tor (with an obfs4 bridge), and Psiphon. Travelers with the technical know-how are well-served to setup their own private V2ray relays to minimize the risk of detection. Censorship is often tightened during sensitive periods, such as the annual meeting of China's legislature in March, the CCP congress every fourth October, and anniversaries such as the National Day in October and the Tiananmen massacre in June.

Another way is to simply roam on a non-Mainland Chinese SIM as mobile data is typically routed through foreign gateways. There is a thriving marketplace of eSIM providers that resell roaming access on various foreign networks, and mobile providers in Taiwan and Hong Kong market ""Greater Bay"" and Mainland roaming SIMs to travelers proceeding onwards to Mainland China. 3HK is a popular low-cost Hong Kong roaming SIM provider that is friendly to foreign customers.

Download WeChat (微信 Wēixìn) for messaging, social networking, and mobile payments. WeChat has largely replaced traditional SMS as the primary means of communication in China, and serves as a useful tool in purchasing tickets for tourist destinations.

Mobile phones are widespread and offer good service in China, with strong 4G and 5G networks. International roaming is expensive (¥12–35/min), but roaming data is uncensored. Check rates with your provider or consider a prepaid Chinese SIM card if staying for more than a few days. SIM cards usually require a passport and registration at the provider’s main office.

* Major providers: China Mobile, China Unicom and China Telecom.
* Most SIMs work nationwide, with no domestic roaming charges.
* Mobile data plans are affordable, starting at ¥29/month for 3GB.

For international calls, you must enable specific services like China Mobile's ""12593"" or China Unicom's ""17911."" Rates are around ¥0.4/min to North America and Asia.

WARNING - Mobile SIM card recharges only last 28 days. Unless you have to work while travelling there is no need to pay for more than what you were originally charged for your SIM card

When getting a local SIM card it is highly recommended to get a local friend or acquaintance to get it for you with a Chinese ID card. Only at the main office branch (or an airport) will they accept a foreign passport as ID to ge",False,False,False
Q928,Philippines,"*Nationwide emergency hotline: 911 (formerly 117) by voice or text message. These calls are automatically routed to the nearest emergency call center.
*Philippine Coast Guard Action Center: +63 2 527-3880
*National Poison Control: +63 2 524-1078
*Tourist hotline: +63 2 524-1728 and 524-1660
*Directory assistance: 187 or 114 (fee applies)
*Civil service complaint hotline: 8888
*Philippine Red Cross National Office: 143 (This is a nationwide, easy-to-remember number) or +63 2 8790-2300 (Trunkline). For specific services like ambulance, 143 is the one to remember.

The international dialling prefix to make an overseas call from the Philippines is 00.

Phone numbers in the Philippines have the format +63 35 539-0605. The country code for the Philippines is 63. The next one, two or three digits are the area code, and the remaining 7 digits are the ""local"" part of the number that can be called from within that area without dialing the area code. You must dial ""0"" in front of the area code from outside that area code when still within the Philippines.

Most toll-free numbers cannot be called from outside the Philippines but can be dialed using the format 1800-1855-0165 domestically.

The cheapest way to call to and from the Philippines is by using Internet telephony (VoIP). There are several licensed VoIP providers in the Philippines. One of the most popular is Vodini Telecom.

Mobile numbers in the Philippines must always be dialed with all 11 digits (including a ""0"" prefixing the ""8nn"" or ""9nn"" within the Philippines), no matter where they are being called from. They can also be called within or outside of the Philippines using the international format as listed in our Philippines articles

There are two major companies operating GSM 900/1800 networks: Globe Telecom and Smart Communications. Other providers include TM, TNT and Dito Telecommunity. Your provider at home may have agreements with one of these providers so check with them before leaving home. Roaming may be quite expensive, but pre-paid SIM cards of these networks are easy to acquire and cost as little as and provide a cheaper alternative. If your unit is locked to your home service provider, cellphone repair shops in malls can unlock them for to . A complete prepaid kit with phone and SIM can be purchased for as little as . These phones are usually locked to a local network provider, and you would have to have it unlocked before leaving to use it elsewhere.

Since December 2022, registration is mandatory before you can use a prepaid SIM card, which also includes tourist SIMs commonly offered at airport arrivals areas. To activate your prepaid SIM, you must register it (usually online through your respective telco's website), where you will then be directed to provide photo ID and proof of a Philippine address. For most visitors, a passport (usually the identification page and the page containing your latest entry stamp to the Philippines) and your hotel's address will suffice",False,False,False
Q36,Poland,"There are numerous mobile phone operators in Poland: Plus, T-Mobile, Orange and Play are the most popular ones, with the offer enhanced by many virtual operators, usually cheaper, including free calls in a monthly package. LTE is available in every town and 5G is being implemented as of 2021. Domestic call rates are roughly the same across all services.

Prepaid starter kits with SIM card (called pakiety startowe) are widely available for reasonable prices (5–20 zł) in most shops, supermarkets and news agents. Accounts are valid for outgoing calls for few days, so it is good to fill them up for, lets say, 20 zł (""doładowanie"" [do-wa-do-vanye] in Polish, be sure to give the value you want). Prepaid SIM cards must be registered with an ID card or passport to operate. This can be done in the majority of prepaid SIM card retailers, or in gas stations, post offices and cellular stores. Ask a local for help. 

Just about every shopping centre has at least one independent cellphone shop, the guys who run them are usually knowledgeable and have a range of cheap handsets.

All telephone numbers in Poland are 9 digits long, and never start with 0 — although they used to do so. Sometimes numbers are written the old way, that is often only the last 7 digits are listed, in which case you need to prefix the now obligatory area code (e.g. 22 — Warsaw, 61 — Poznań, 12 — Kraków) or a 0 is included in the beginning, in which case it must be skipped. It does not matter whether you call from a land-line or a mobile.

There are some special numbers, notably:
* 800 xxxxxx — toll–free call from a land-line phone and from a phone booth, but may still cost something from a mobile phone
* 801 xxxxxx — reduced fare, costs as much as a local call from a landline phone at most (but will cost more from a mobile phone)
* 70x xxxxxx — premium fare, can be very expensive — read the fine print in that advert you've got the number from. On the other hand, cheap international calls can often be made through numbers beginning with 708.

Also, texting (sending SMSes) to:
* 7xyy(y) and 9xxyy(y) — Premium SMS, x is cost in złoty plus 23% tax, e.g. 72yy costs 2.46 zł, 70yy is 0.50 zł + 23% VAT = 0.62 zł, 910yy = 12.30 zł.
* 8xxx — is toll–free

When calling abroad, use 00, or +, and then country code.

To call abroad from Poland:
* From a landline phone: 00 Country code Local number.
* From a mobile phone: + Country code Local number.

To call to Poland from abroad, dial 48, then the number without the leading 0, as if calling from a domestic mobile phone.

International and roaming calls are expensive. To reduce your bill you can:
* buy ""phone cards"" for international calls.
* activate a Polish pre-paid account to make or receive calls (the cost can be as little as 15 zł).
* talk over the Internet.

WhatsApp and other chat and videocall apps are massively popular in Poland.

If you're bringing a laptop, Wi-Fi Hot-Spots are available in distinct places, sometimes free, othe",False,False,False
Q45,Portugal,"To call Portugal from abroad, dial country code 351 before the city code. To call abroad from Portugal, dial 00 before the country code. The city dialling code for Lisbon is 21 and for Porto is 22. All other city codes are three digits starting with 2. Telephone numbers are nine digits long, including the city code. Mobile numbers begin with 9.

The Portuguese postal service is CTT (CTT Correios de Portugal, S.A., formerly Correios, Telégrafos e Telefones). Mailboxes are red. They can be pillar boxes on a street corner or small boxes attached to buildings.",False,False,False
Q971,Republic of the Congo,"Natural landscapes range from the savanna plains in the North Niari flooded forests, to the Congo River, to the rugged mountains and forests of Mayombe, and 170&nbsp;km of beaches along the Atlantic coast.
right|thumb|Climate diagram for [[Brazzaville]]
Congo is located in the central-western part of sub-Saharan Africa, along the Equator, lying between latitudes 4°N and 5°S, and longitudes 11° and 19°E. To the south and east of it is the Democratic Republic of the Congo. It is bounded by Gabon to the west, Cameroon and the Central African Republic to the north, and Cabinda (Angola) to the southwest. It has a coast on the Atlantic Ocean.

The southwest is a coastal plain for which the primary drainage is the Kouilou-Niari River; the interior of the country consists of a central plateau between 2 basins to the south and north. Forests are under increasing exploitation pressure.Map: Situation de l'exploitation forestière en République du Congo . (PDF) . Retrieved on 25 February 2013. Congo had a 2018 Forest Landscape Integrity Index mean score of 8.89/10, ranking it 12th globally out of 172 countries.

Congo lies within four terrestrial ecoregions: Atlantic Equatorial coastal forests, Northwestern Congolian lowland forests, Western Congolian swamp forests, and Western Congolian forest–savanna mosaic. Since the country is located on the Equator, the climate is more consistent year-round, with the average day temperature a humid and nights generally between and . The average yearly rainfall ranges from in the Niari Valley in the south to over in central parts. The dry season is from June to August, while in the majority of the country, the wet season has 2 rainfall maxima: 1 in March–May and another in September–November.

In 2006–07, researchers from the Wildlife Conservation Society studied gorillas in ""heavily forested"" regions centered on the Ouesso District of the Sangha Region. They suggest a population on the order of 125,000 western lowland gorillas whose isolation from humans has been mostly preserved by ""inhospitable"" swamps.",False,False,False
Q218,Romania,"Mobile phones are ubiquitous in Romania. There are five networks - four GSM/3G (Orange Romania, Vodafone, Telekom and DigiMobil). Orange and Vodafone have almost full national coverage (98-99% of the surface of the country), while the German Telekom is expanding quickly.

Tariffs are average for the European Union (€0.08-0.30/min, €0.04 per SMS). Both pre-paid cards and subscriptions are available, and special options for discounted international calls exist with some pricing plans. Roaming is available but is, like in most of the EU, rather expensive. Pre-paid cards or recharge codes can be bought in almost every shop, either rural or urban.

On prepaid SIMs you can activate extra options (""extraopțiune"") starting from €5 (+ 24% VAT) in total = 27-32 lei, with a validity period of 30 days, containing thousands (200 -3000) of minutes and SMSs within the same network and up to 100 minutes outside the network, including most European Union fixed land-line networks and two or three mobile networks.

Internet access is fast, widely available in urban environments and growing in rural environments. Broadband internet is widely available in cities and towns, through cable, DSL, or home-grown small or medium size ISPs offering UTP connections. Speeds are mostly like Western Europe or the US, with 1-4 Mbit/s downstream for non-metropolitan access being the norm - with prices being around €9-25 for 1-4Mbit/s, with local access significantly faster (10-50 or even 100Mbit/s). The speeds are increasing, home access for 4Mbit/s being available at around €10 per month.

Internet cafés are available in most towns and cities and villages - but in big cities, their numbers are dropping because of the cheap availability of home access. In rural areas, public Internet access is available in 150 remote villages (in so-called ""telecenters""). In these ""telecenters"", access is subsidised by the state, and therefore limited. Computers are usually not available in libraries, or in public places such as train stations.

Wireless access is growing, especially in Bucharest, Brașov, Sibiu, Bistrița, Timișoara and Cluj with Wi-Fi widely available in University areas, airports, public squares, parks, cafes, hotels and restaurants. Pay-as-you-go Wi-Fi is also available in many venues. If uncertain, look for plazas near the Town Hall, large parks or other important buildings. Most (if not all) McDonald's restaurants in Romania have Wi-Fi access and so do most 3-star (and higher) hotels.

Mobile internet is available cheaply by all the mobile phone companies (using Romanian simcards). Combined 3G/GPRS/EDGE access is priced at 40-80 lei per month with a cap of 5-10GB.

Cable TV is also very widely available, with about 85% of all households being connected. All hotels providing you with a TV set will offer cable TV or digital TV.",False,False,False
Q159,Russia,"Most Russian news outlets that don't report the government's views uncritically have been closed down, and many foreign newspapers and broadcasting companies have withdrawn their journalists because of the 2022 laws on ""fake news"" – ordinary journalism could land them in jail. Getting information on developments in e.g. Russia or Ukraine may thus depend on personal contacts and resources.

As of 2014, the Russian government is moving to restrict access to public Wi-Fi on the grounds that the Internet is ""a CIA project"" and laws requiring identity documents from anyone attempting to access the network are needed to fight extremism and terrorism. Often you still simply need a Russian phone number and you can register at free Wi-Fi, especially in train stations or banks. Even Wi-Fi at hotels often require a Russia phone number, if you don't have one hotel staff sometimes accept to do it for you and tell you the SMS code.

Some social networks and applications like ones outlined above are blocked, but this is easily circumvented by using VPN apps, and while some well known VPN providers are blocked (some free VPN still work, and most paid VPN are functional), it's less enforced than in China, for now. There are also some fears that Russia will one day cut off its internet from the global network entirely, and while most Russians would consider it fear mongering and don't seriously expect that - if that happens, you have to arrange your own gateways.

Regarding internet speed and quality - usually it's quite good, while it depends on a place. In major cities speeds of 100 Mb/sec are common, and some providers even offer Gigabit internet.

The country code for Russia is 7.

Russian phone numbers have an area code with three, four or five digits (according to their province), followed by an individual number with, respectively, seven, six, or five digits, always yielding ten digits in total. The three-digit code 800 is used for toll-free calls. Mobile phones always have three-digit ""area"" codes and seven-digit numbers.

Calls within any one area code may omit the area code (except in Moscow).

Inter-area code calls within Russia: 8 (wait for the tone) full Russian number including area code.

The international access code for dialing out from Russia is the sequence of 8 (wait for secondary tone and then) 10

International calls to Russia, as always, replace the plus sign (+) in the international phone format with the local international access code for the country you're calling from, followed by Russia's country code of 7 followed by the individual Russian phone number including area code.

On January 1st 2025, the Russian government implemented a new very complicated and bureaucratic way to get a local Russian SIM card. Any foreigner is required make a notarized translation of their passport into Russian to obtain a Russian taxpayer number, then make a mugshot, then scan fingerprints, then any local bank will approve an account and only t",False,False,False
Q1037,Rwanda,"thumb|upright=1.3|Topography of Rwanda

Rwanda is located in East Africa, in the eastern-central part of the African continent, between 1° and 3° S latitude and between 29° and 31° E longitude. Its geography is characterized by rolling highlands, mountains, and numerous lakes. At , Rwanda is the world's 144th-largest country, and the fourth smallest on the African mainland after Gambia, Eswatini, and Djibouti. It is comparable in size to Burundi, Haiti and Albania. The entire country is at a high altitude: the lowest point is the Rusizi River at above sea level.

The watershed between the major Congo and Nile drainage basins runs from north to south through Rwanda, with around 80% of the country's area draining into the Nile and 20% into the Congo via the Rusizi River and Lake Tanganyika. The country's longest river is the Nyabarongo, which rises in the south-west, flows north, east, and southeast before merging with the Ruvubu to form the Kagera; the Kagera then flows due north along the eastern border with Tanzania. The Nyabarongo-Kagera eventually drains into Lake Victoria, and its source in Nyungwe Forest is a contender for the as-yet undetermined overall source of the Nile. Rwanda has many lakes, the largest being Lake Kivu. This lake occupies the floor of the Albertine Rift along most of the length of Rwanda's western border, and with a maximum depth of , it is one of the twenty deepest lakes in the world. Other sizeable lakes include Burera, Ruhondo, Muhazi, Rweru, and Ihema, the last being the largest of a string of lakes in the eastern plains of Akagera National Park.

Mountains dominate central and western Rwanda and the country is sometimes called """" in French (""Land of a thousand hills"").Christophe Migeon. ""Voyage au Rwanda, le pays des Mille Collines "" (In French), Le Point, 26 May 2018. Retrieved 31 July 2019. They are part of the Albertine Rift Mountains that flank the Albertine branch of the East African Rift, which runs from north to south along Rwanda's western border. The highest peaks are found in the Virunga volcano chain in the northwest; this includes Mount Karisimbi, Rwanda's highest point, at . This western section of the country lies within the Albertine Rift montane forests ecoregion. It has an elevation of . The centre of the country is predominantly rolling hills, while the eastern border region consists of savanna, plains and swamps.

thumb|Lake and volcano in the [[Virunga Mountains|alt=Photograph of a lake with one of the Virunga mountains behind, partially in cloud]]
Rwanda has a tropical highland climate, with lower temperatures than are typical for equatorial countries because of its high elevation. Precipitation usually ranges from 1,000 to 1,400 millimetres per year, depending on the area. Kigali, in the centre of the country, has a typical daily temperature range between , with little variation through the year. There are some temperature variations across the country; the mountainous west an",False,False,False
Q763,Saint Kitts and Nevis,"thumb|A map of Saint Kitts and Nevis
thumb|A view of [[Nevis island from the southeastern peninsula of Saint Kitts]]
The capital city is Basseterre, located on the larger island of Saint Kitts. Basseterre is also the main port for passenger entry (via cruise ships) and cargo. The smaller island of Nevis lies approximately to the southeast of Saint Kitts, across a shallow channel called The Narrows.
The islands of Sint Eustatius, Saba, Saint Barthélemy, Saint-Martin/Sint Maarten and Anguilla lie to the north-northwest of the country. To the east and northeast are Antigua and Barbuda, and to the southeast is the small uninhabited island of Redonda (part of Antigua and Barbuda) and the island of Montserrat.

The country consists of two main islands, Saint Kitts and Nevis, separated at a distance of 2 miles (3&nbsp;km) by The Narrows strait. Both are of volcanic origin, with large central peaks covered in tropical rainforest. The majority of the population live along the flatter coastal areas. St Kitts contains several mountain ranges (the North West Range, Central Range and South-West Range) in its centre, where the highest peak of the country, Mount Liamuiga can be found. Along the east coast can be found the Canada Hills and Conaree Hills. The land narrows considerably in the south-east, forming a much flatter peninsula which contains the largest body of water, the Great Salt Pond. To the southeast, in The Narrows, lies the small isle of Booby Island. There are numerous rivers descending from the mountains of both islands, which provide fresh water to the local population. Nevis, the smaller of the two main islands and roughly circular in shape, is dominated by Nevis Peak .

Saint Kitts and Nevis contains two terrestrial ecoregions: Leeward Islands moist forests and Leeward Islands dry forests. The country had a 2019 Forest Landscape Integrity Index mean score of 4.55/10, ranking it 121st globally out of 172 countries.

The national flower is Delonix regia. Common plants include palmetto, hibiscus, bougainvillea, and tamarind. Pinus species are common in the dense forests of islands, and are usually covered by various species of ferns.

The national bird is the brown pelican. 176 species of bird have been reported from the country.

By the Köppen climate classification, St Kitts has a tropical savanna climate (Köppen Aw) and Nevis has a tropical monsoon climate (Köppen Am). Mean monthly temperatures in Basseterre varies little from to . Yearly rainfall is approximately , although it has varied from to in the period 1901–2015.

St. Kitts and Nevis have two national parks: Brimstone Hill Fortress National Park and Central Forest Reserve National Park. Brimstone Hill Fortress was officially designated a National Park in 1985, and it was declared a UNESCO World Heritage Site in 1999. Central Forest Reserve was designated a National Park by the government on 23 October 2006, and officially gazetted on 29 March 2007.",False,False,False
Q760,Saint Lucia,"thumb|upright=0.9|A map of Saint Lucia
Saint Lucia has a total area of . As a volcanic island, Saint Lucia is very mountainous, with its highest point being Mount Gimie, at above sea level. The Pitons, two mountainous volcanic plugs, form the island's most famous landmark. Saint Lucia is also home to the world's only drive-in volcano, the Sulphur Springs. There are a number of small islands off the coast, the largest of which are the Maria Islands, located in the south-east of the island.

Saint Lucia lies at latitude 14° N and longitude 61° W. The population tends to be concentrated around the coast, with the interior more sparsely populated, due to the presence of dense forests. 

Many species are endemic to the island, including Anolis luciae, a species of lizard,Beolens, Bo; Watkins, Michael; Grayson, Michael (2011). The Eponym Dictionary of Reptiles. Baltimore: Johns Hopkins University Press. xiii + 296 pp. . (Lucia, p. 162).. reptile-database.org. and Boa orophias, a species of boid snake.

Saint Lucia has five terrestrial ecoregions: Windward Islands moist forests, Leeward Islands dry forests, Windward Islands dry forests, Windward Islands xeric scrub, and Lesser Antilles mangroves. The country had a 2019 Forest Landscape Integrity Index mean score of 6.17/10, ranking it 84th globally out of 172 countries.

Saint Lucia has a tropical climate, specifically a tropical rainforest climate (Af), moderated by northeast trade winds, with a dry season from 1 December to 31 May, and a wet/rainy season from 1 June to 30 November.

Average daytime and nighttime temperatures are around , and respectively. Being fairly close to the equator, the island's temperature does not fluctuate much between winter and summer.",False,False,False
Q757,Saint Vincent and the Grenadines,"thumb|A map of [[Saint Vincent (Saint Vincent and the Grenadines)|Saint Vincent and the Grenadines]]

Saint Vincent and the Grenadines lies to the west of Barbados, south of Saint Lucia and north of Grenada in the Windward Islands of the Lesser Antilles, an island arc of the Caribbean Sea. The islands of Saint Vincent and the Grenadines include the main island of Saint Vincent () and the northern two-thirds of the Grenadines ( in total), which are a chain of smaller islands stretching south from Saint Vincent to Grenada.

There are 32 islands and cays that make up St Vincent and the Grenadines (SVG). Nine are inhabited, including the mainland St Vincent and the Grenadines islands: Young Island, Bequia, Mustique, Canouan, Union Island, Mayreau, Petit St Vincent and Palm Island. Prominent uninhabited islands of the Grenadines include Petit Nevis, used by whalers, and Petit Mustique, which was the centre of a prominent real-estate scam in the early 2000s.

The capital of Saint Vincent and the Grenadines is Kingstown, Saint Vincent. The main island of Saint Vincent measures long, in width and in area. From the most northern to the most southern points, the Grenadine islands belonging to Saint Vincent span , with a combined area of .

The island of Saint Vincent is volcanic and heavily forested and includes little level ground. The windward side of the island is very rocky and steep, while the leeward side has more sandy beaches and bays. Saint Vincent's highest peak is La Soufrière volcano at . Other major mountains on St Vincent are (from north to south) Richmond Peak, Mount Brisbane, Colonarie Mountain, Grand Bonhomme, Petit Bonhomme and Mount St Andrew.

The country is home to two terrestrial ecoregions: Windward Islands moist forests and the Lesser Antillean dry forests. It had a 2019 Forest Landscape Integrity Index mean score of 6.95/10, ranking it 61st globally out of 172 countries.

Most of Saint Vincent and the Grenadines lies within the Main Development Region for Atlantic tropical cyclones. Recently, in 2023, the islands were directly impacted by Tropical Storm Bret.",False,False,False
Q683,Samoa,"thumb|upright=1.35|Samoan waterfall

thumb|upright=1.35|A map of Samoa
thumb|upright=1.35|Topography of Samoa

Samoa lies south of the equator, about halfway between Hawaii and New Zealand, in the Polynesian region of the Pacific Ocean. The total land area is , consisting of the two large islands of Upolu and Savaiʻi (which together account for 99% of the total land area) and eight small islets.

The islets are:

*the three islets in the Apolima Strait (Manono Island, Apolima and Nuʻulopa)
*the four Aleipata Islands off the eastern end of Upolu (Nuʻutele, Nuʻulua, Namua, and Fanuatapu)
*Nuʻusafeʻe, which is less than in area and lies about off the south coast of Upolu at the village of Vaovai

The main island of Upolu is home to nearly three-quarters of Samoa's population, and to the capital city, Apia.

The Samoan islands result geologically from volcanism, originating with the Samoa hotspot, which probably results from a mantle plume.
 While all of the islands have volcanic origins, only Savaiʻi, the westernmost island in Samoa, remains volcanically active, with the most recent eruptions at Mount Matavanu (1905–1911), Mata o le Afi (1902) and Mauga Afi (1725). The highest point in Samoa is Mount Silisili, at . The Saleaula lava fields situated on the central north coast of Savaiʻi result from the Mount Matavanu eruptions, which left of solidified lava.Savai'i – An Introduction , Samoa Tourism Authority.

Savaiʻi is the largest of the Samoan islands and the sixth-largest Polynesian island (after New Zealand's North, South and Stewart Islands and the Hawaiian islands of Hawaiʻi and Maui). The population of Savaiʻi is roughly 42 thousand people.

Samoa has an equatorial climate, with an average annual temperature of and a main rainy season from November to April, although heavy rain may fall in any month.

Samoa forms part of the Samoan tropical moist forests ecoregion. Since human habitation began, about 80% of the lowland rainforests have disappeared. However, with recent reforestation, about 60.4% or about 171,000 ha of Samoa is forested, of which 32,000 ha is planted forest.

Within the ecoregion about 28% of plants and 84% of land birds are endemic.

In June 2025, Samoa legally adopted the Samoa Marine Spatial Plan, a marine spatial planning framework that applies across Samoa's exclusive economic zone and uses ocean zoning to designate fully protected marine protected areas alongside zones intended for managed use. The adoption included nine new fully protected marine protected areas covering . Stakeholder consultations during the marine spatial planning process included partners such as Conservation International Samoa.",False,False,False
Q238,San Marino,"thumb|upright=1.15|The fortress of [[Guaita on Monte Titano, a UNESCO recognized World Heritage Site.]]
thumb|View from City of San Marino
San Marino is an enclave surrounded by Italy in Southern Europe, almost entirely bordered by the province of Rimini in the Emilia Romagna region. Only a stretch of about three kilometres in the south is bordered by the province of Pesaro and Urbino in the Marche region. Located approximately from the Adriatic coast near Rimini, San Marino features hilly terrain with little naturally flat ground, as part of the Apennine mountain range. The highest point in the country, the summit of Monte Titano, reaches above sea level, while the lowest point, the Ausa River (which flows into the Marecchia), is at . San Marino has no significant still or contained bodies of water. It is one of only three countries in the world to be completely surrounded by one other country. It is the third-smallest country in Europe, after Vatican City and Monaco and the fifth-smallest country in the world. The terrestrial ecoregion of Italian sclerophyllous and semi-deciduous forests lies within San Marino's territory. The country had a 2019 Forest Landscape Integrity Index mean score of 0.01/10, ranking it last globally out of 172 countries.thumb|Enlargeable, detailed map of San Marino|218x218px

San Marino has a humid subtropical climate (Köppen climate classification: Cfa), with some continental influences. It has warm to hot summers and cool winters, typical of inland areas of the central Italian Peninsula. Precipitation is scattered throughout the year with no real dry month. Snowfalls are common and heavy almost every winter, especially above of elevation.",False,False,False
Q1039,São Tomé and Príncipe,"thumb|The [[Pico Cão Grande is a landmark needle-shaped volcanic plug peak in São Tomé and Príncipe.]]

The islands of São Tomé and Príncipe, situated in the equatorial Atlantic and Gulf of Guinea about , respectively, off the northwest coast of Gabon, constitute Africa's second-smallest country. Both are part of the Cameroon volcanic mountain line, which also includes the islands of Annobón to the southwest, Bioko to the northeast (both part of Equatorial Guinea), and Mount Cameroon on the coast of Gulf of Guinea. Both islands formed about 30 million years ago during the Oligocene era, due to volcanic activity beneath deep water along the Cameroon Line. The volcanic soils of basalts and phonolites, dating to 3 million years, have been used for plantation crops since colonial times.

São Tomé is long and wide and the more mountainous of the two islands. Its highest point, Pico de São Tomé, has an elevation of . Príncipe is about long and wide. Its highest point, Pico de Príncipe, reaches . The equator lies just south of São Tomé Island, passing through the islet Ilhéu das Rolas.

The Pico Cão Grande (Great Dog Peak) is a landmark volcanic plug peak in southern São Tomé. It rises over above the surrounding terrain and the summit is above sea level.

thumb|Waterfall in São Tomé Island|222x222pxThe climate of São Tomé and Príncipe is essentially conditioned by its geographic location, subject to the seasonal translation of low equatorial pressures, the monsoon winds from the south, the warm Guinea Current and the relief.

At sea level, the climate is tropical—hot and humid with average yearly temperatures of about and little daily variation. The temperature rarely rises beyond . At the interior's higher elevations, the average yearly temperature is , and nights are generally cool. Annual rainfall varies from in the highland cloud forests to in the northern lowlands. The rainy season is from October to May.
thumb|Ilhéu das Rolas

The country's territory is part of the São Tomé, Príncipe, and Annobón moist lowland forests ecoregion. It had a 2019 Forest Landscape Integrity Index mean score of 6.64/10, ranking it 68th globally out of 172 countries.
São Tomé and Príncipe does not have a large number of native mammals (although the São Tomé shrew and several bat species are endemic). The islands are home to a larger number of endemic birds and plants, including the world's smallest ibis (the São Tomé ibis), the world's largest sunbird (the giant sunbird), the rare São Tomé fiscal, and several giant species of Begonia. São Tomé and Príncipe is an important nesting site for marine turtles, including the hawksbill turtles (Eretmochelys imbricata).

In 2012, UNESCO established the Island of Príncipe Biosphere Reserve under the Man and the Biosphere Programme. The reserve encompasses the entire emerged area of the island of Príncipe, and its islets Bom Bom, Boné do Jóquei, Mosteiros, Santana, and Pedra da Galei, and the Tinhosas islands. The bi",False,False,False
Q851,Saudi Arabia,"Saudi Arabia is officially known as the Kingdom of Saudi Arabia ( المملكة العربية السعودية, al-Mamlakah al-ʿArabīyah as-Suʿūdīyah). The country takes its name from the House of Saud, the ruling royal family that has dominated the country's political landscape for more than three centuries. One of the world's few remaining absolute monarchs, the King of Saudi Arabia wields enormous political power: they are the head of the House of Saud, the head of the government, the supreme commander-in-chief of the Saudi military and choose their own successor.

The first Saudi state was founded by Muhammad bin Saud Al Muqrin in 1727, in the town of Diriyah, today on the northwest outskirts of the capital Riyadh. In 1744, Muhammad bin Saud formed a political alliance with Muhammad ibn Abd al-Wahhab, the founder of the Wahhabi school of Sunni Islam, in which Wahhabi Islam was made the state religion, in exchange for the religious endorsement of the Saud family's right to rule by al-Wahhab and his descendants.

The Saud family were sheikhs of Nejd, the area around Riyadh, but were driven out by a neighboring dynasty, hiding with their relatives, the emirs of Kuwait. Then in 1902, young Abd al-Aziz Ibn Saud and a few dozen lads rode out to raid their home territory. As it turned out, the invaders had been ruling badly, so many locals joined them. They not only re-captured Riyadh, but also much of the surrounding territory.

After that, Abdul Aziz spent the next 30 years trying to unify the Arabian Peninsula. The area united under him became known as Saudi Arabia. 

In the 1930s, the discovery of oil transformed the country, and Saudi Arabia became a key U.S. ally in the Middle East in 1933. Saudi Arabia's oil wealth was instrumental to the Allied victory in World War II, as the Saudis were able to keep the American military well-stocked with fuel. Following Iraq's invasion of Kuwait in 1990, Saudi Arabia accepted the Kuwaiti royal family and 400,000 refugees while allowing Western and Arab troops to deploy on its soil for the liberation of Kuwait the following year. A burgeoning population, unemployment, aquifer depletion, and an economy largely dependent on petroleum output and prices are all major governmental concerns.

Relations with neighboring Iran have been tense ever since the Islamic Revolution of 1979, due in part to historical tensions between Sunni and Shia Muslims, with Saudi Arabia often seen as the unofficial leader of the Sunni world, and Iran often seen as the unofficial leader of the Shia world. Both countries have often supported opposing sides in various proxy wars in the Middle East, most notably in Yemen, Iraq and Syria, and relations had been especially tense since the Saudi government executed a prominent Shia cleric in 2016, and Iranian protesters responded by storming the Saudi embassy in Tehran. 

thumb|Crown Prince Mohammed (left) with his father King Salman (right), at the [[Jenadriyah festival]]

After decades of stag",False,False,False
Q403,Serbia,"Serbia is quite well connected, and coverage is very good, even in rural areas. There are three GSM/UMTS/4G LTE mobile phone networks in Serbia: the state telecom provider mts, and the privately-owned Yettel and A1, all of them offering similar quality of service. 

Prepaid SIM cards usually cost RSD 200-300 although a new law has introduced mandatory registration for all prepaid SIM cards, and as such, foreigners might face difficulties purchasing them outside of official phone stores. Avoid purchasing prepaid SIMs at regular markets and kiosks. Bring a form of valid ID with you, ideally a passport. 5G service is expected to begin by the end of 2025. For legacy phones, A1 will phase out 3G service by June 2025. Other providers have announced no such similar plans as of April 2025.

In some stores you can buy a simple mobile phone packaged with a prepaid SIM card for RSD 2000–3000.

Serbia has bilateral agreements with Bosnia and Herzegovina, Montenegro, Kosovo, North Macedonia and Albania, similar to the European Union's ""Roam like at Home"" system, eliminating roaming charges between the nations.

Serbia is not in the EU, so using a SIM card issued outside of the countries listed will cost you a fortune. Check roaming pricing with your home provider beforehand.

Most hotels have internet connections, and plenty of restaurants have Wi-Fi hotspots.",False,False,False
Q1042,Seychelles,"thumb|center|800px|View of [[Praslin, the second largest island of Seychelles]]
thumb|upright=1.25|Map of Seychelles

An island nation, Seychelles is located in the Somali Sea segment of the Indian Ocean, northeast of Madagascar and about east of Kenya. The Constitution of Seychelles lists 155 named islands, and a further 7 reclaimed islands have been created subsequent to the publication of the Constitution. The majority of the islands are uninhabited, with many dedicated as nature reserves. Seychelles' largest island, Mahé, is located from Mogadishu (Somalia's capital).

Seychelles sits atop a large submerged granite block known as the Seychelles microcontinent, which was sandwiched between Madagascar and India before the breakup of Gondwanaland. Alfred Wegener cited the Seychelles' granitic composition, akin to that of continents, as evidence of continental drift. After Madagascar separated from India during the Late Cretaceous, interaction with the Réunion hotspot caused the diverging oceanic rift to jump several times, breaking off a piece that is currently on the Somali plate and includes Seychelles, Mauritius, and Réunion, as well as another fragment on the present Indian plate that includes Lakshadweep, the Chagos Archipelago, and the Maldives.

A group of 44 islands (42 granitic and 2 coralline) occupy the shallow waters of the Seychelles Bank and are collectively referred to as the inner islands. They have a total area of , accounting for 54% of the total land area of the Seychelles and 98% of the entire population.

The islands have been divided into groups. There are 42 granitic islands known as the Granitic Seychelles. These are in descending order of size: Mahé, Praslin, Silhouette, La Digue, Curieuse, Félicité, Frégate, Ste. Anne, North, Cerf, Marianne, Grande Sœur, Thérèse, Aride, Conception, Petite Sœur, Cousin, Cousine, Long, Récif, Round (Praslin), Anonyme, Mamelles, Moyenne, Ile aux Vaches Marines, L'Islette, Beacon (Ile Sèche), Cachée, Cocos, Round (Mahé), l'Ilot Frégate, Booby, Chauve Souris (Mahé), Chauve Souris (Praslin), Ile La Fouche, Hodoul, L'Ilot, Rat, Souris, St. Pierre (Praslin), Zavé, Harrison Rocks (Grand Rocher).
thumb|Beach of Anse Source d'Argent on the island of [[La Digue]]
There are two coral sand cays north of the granitics on the edge of the Seychelles Bank: Denis and Bird. There are two coral islands south of the Granitic: Coëtivy and Platte.
thumb|left|Beach of [[Anse Lazio on the island of Praslin]]

There are 29 coral islands in the Amirantes group, west of the granitic: Desroches, Poivre Atoll (comprising three islands—Poivre, Florentin and South Island), Alphonse, D'Arros, St. Joseph Atoll (comprising 14 islands—St. Joseph, Île aux Fouquets, Resource, Petit Carcassaye, Grand Carcassaye, Benjamin, Bancs Ferrari, Chiens, Pélicans, Vars, Île Paul, Banc de Sable, Banc aux Cocos and Île aux Poules), Marie Louise, Desnœufs, African Banks (comprising two islands—African Banks and South Isla",False,False,False
Q1044,Sierra Leone,"thumb|upright=1.5|A map of Sierra Leone

thumb|Sierra Leone map of Köppen climate classification

Sierra Leone is on the southwest coast of West Africa, mostly between latitudes 7° and 10°N (a small area is south of 7°), and longitudes 10° and 14°W. It is bordered by Guinea to the north and east, Liberia to the southeast, and the Atlantic Ocean to the west and southwest. It has an area of , divided into a land area of and water of .

In eastern Sierra Leone the plateau is interspersed with high mountains, where Mount Bintumani reaches , the highest point in the country. The upper part of the drainage basin of the Moa River is in the south of this region.

The centre of the country is a region of lowland plains, containing forests, bush and farmland, that occupies about 43% of Sierra Leone's land area. The northern section of this has been categorised by the World Wildlife Fund as part of the Guinean forest-savanna mosaic ecoregion, while the south is rain-forested plains and farmland.

In the west, Sierra Leone has of Atlantic coastline, giving it both bountiful marine resources and attractive tourist potential. The coast has areas of low-lying Guinean mangroves swamp. Freetown sits on a mountainous coastal peninsula next to the Sierra Leone Harbour.

The climate is tropical, with two seasons determining the agricultural cycle: the rainy season from May to November, and a dry season from December to May, which includes harmattan, when cool, dry winds blow in off the Sahara Desert and the nighttime temperature can be as low as . The average temperature is and varies from around during the year.",False,False,False
Q334,Singapore,"The international telephone country code for Singapore is 65. Phone numbers in Singapore have the format +65 XXXX XXXX where ""65"" is the country code for Singapore. Due to the small area of Singapore, there are no area codes. Any number starting with 8 or 9 is a mobile phone, while numbers starting with 3 or 6are fixed lines (businesses and residential). Toll free numbers start with 800 or 1800, followed by 7 digits, and usually cannot be dialed from outside the country.

Singapore has four mobile telecommunication providers with their own networks: Singtel, Simba, StarHub and MobileOne (M1). They have generally excellent coverage throughout the island, which is blanketed with both 4G and 5G. There are many minor virtual operators operating off these networks but are generally unavailable to short-term travellers. Travellers can obtain prepaid SIM cards from 7-Eleven convenience stores, telecommunication shops, currency exchange counters, and at Changi International Airport. An international passport or Singapore ID is required to register for the SIM card. Basic plans including 1 GB of data start from only $4 for 30 days. If you're planning to continue to nearby countries, every carrier has their own options for international roaming, some more affordable than others. Starhub is the roaming-friendliest; their Happy Roam policy means that domestic data plans can be used in any of their Happy Roam destinations at no extra cost. Additionally, all of these carriers now have starter packs that include a small allowance of roaming data in Malaysia and Indonesia, as well as certain countries beyond (check with the carrier you're purchasing from).

In northern parts of Singapore near Malaysia (e.g. Woodlands, Sungei Buloh, Pulau Ubin), your phone may automatically switch to a Malaysian network, incurring international roaming charges even though you haven't physically left Singapore. Check the operating network (or switch to manual network selection) before you call or browse, disable roaming on your device, or pay a little extra at the beginning for a SIM that includes some roaming allowances.

Free Wi-Fi is standard at paid accommodations, and public Wi-Fi is common but not everywhere. Many, but not all, free public Wi-Fi networks require you to register your phone number and receive a verification text message (SMS) - they do not require a Singapore number, so if your phone has roaming service from another country this might still work. Some networks ask for your phone number or email but do not require you to verify it. For free public Wi-Fi without a complicated sign-in, try local shopping centres (though not all have it) and the Gardens by the Bay.

Singapore has a nationwide free Wireless@SG system, with hotspots at many public locations like MRT stations. The network can be used even without a SIM card, but it does require signing up and downloading the official Wireless@SGx app.

Internet cafes charging around $2/hr are sparse and",False,False,False
Q26273,Sint Maarten,"thumb|upright=1.5|Detailed map showing Sint Maarten
Sint Maarten occupies the southern part of the island of Saint Martin in the Leeward Islands; the northern half forms the French territory of Saint Martin. To the north across the Anguilla Channel lies the British Overseas Territory of Anguilla, to the south-east of the island lies the French island of Saint Barthélemy, and further south are the Dutch islands of Saba and Sint Eustatius.

Sint Maarten is . The terrain is generally hilly, with the highest peak being Mount Flagstaff at 383m, which lies directly on the island's international border. The area to the west around the airport is flatter, and contains the Dutch section of the Simpson Bay Lagoon. The Great Salt Pond lies to north of Philipsburg. Several small islands lie off the coast. Little Key lies in the Simpson Bay Lagoon.

There are ten total islands in Sint Maarten, including:

*Saint Martin (southern part), 
*Cow and Calf Island, 
*Guana Key of Pelikan, 
*Hen and Chicken, 
*Little Key, 
*Molly Beday, 
*Mona Island, 
*Pelikan Key, 
*Pond Island, 
*Snoopy Island, 

Sint Maarten has a tropical savanna climate (Köppen Aw), and is drier than most parts of the northeastern Caribbean because of a rain shadow from the island's mountains, drying the trade winds. The driest months are from January to July, and the wettest from September to November, when hurricanes can strike the island.",False,False,False
Q214,Slovakia,"The international calling code for Slovakia is +421.

You may dial emergency numbers from any phone for free. The universal European emergency number is 112. You may also dial 150 for the fire brigade, 155 for an ambulance, and 158 for the police. Dial 18300 for the Mountain Rescue Service or 18155 for the Air Rescue Service.

Slovak phones operate on the GSM standard, which covers practically all of the country. Mobile network operators use the 900 and 1800MHz GSM frequency bands, which might not be compatible with some US phones operating on 1900MHz.

Cellular network coverage of the three major networks (Slovak Telekom, Orange, and O2) is mostly excellent throughout the country. 4G (LTE) is available in the huge majority of the country, including the countryside, with some 5G coverage primarily in urban areas.

They all (along with some virtual operators, biggest of which are Funfón and Tesco Mobile) offer a variety of prepaid cards with various ""pay as you go"" schemes (some market research is advised, if you want the best deal) and incentives. If you have an unlocked phone, these are easy to pick up in any phone shop, or you can purchase a cheap phone with a prepaid card included.

There are still some phone boxes available, but with mobile phones now commonplace, they are declining in number. Also note that you might need to purchase a prepaid card to use some of them.

Wi-Fi and broadband can be found more or less everywhere, and there will be an internet cafe/gaming room available somewhere even in smaller towns. Also, hostels, pubs, cafes, and some public institutions such as libraries or government buildings offer (free) Wi-Fi.",False,False,False
Q215,Slovenia,"thumb|Internet cafe in Ljubljana

The international calling code for Slovenia is 386, and the prefix for international calls is 00; the area code prefix is 0. Some number blocks are reserved for special use: 080 are toll-free numbers and 090 are commercial services, which are usually expensive.

Mobile networks use the common European frequencies (900 and 1,800 MHz for GSM/LTE and 2,100 MHz for 3G; 800 MHz is planned for LTE). Two major Slovenian mobile companies, Mobitel and Simobil, provide an excellent coverage in GSM and 3G, but 3G can be unavailable in mountainous regions. Roaming between European phone companies is becoming cheaper due to the EU regulation setting a maximum of €0.29 per minute for calls made and €0.09 for calls received, while calls to or from non-EU providers remain expensive. Slovenian pre-paid SIM cards are also available in supermarkets and gas stations.

Telekom Slovenije operates around 3,500 phone booths. They unfortunately do not accept coins but require the use of cards costing €3–15.

Slovenia is generally well covered by inexpensive broadband internet due to fierce competition between multiple companies. Internet cafes are thus common in cities and internet access is offered by most hotels and hostels.

A free wireless internet network is also being set up in some cities by volunteers (Ljubljana, Maribor, Nova Gorica). You can use it if you have a computer or a WiFi enabled phone.

The offices of Pošta Slovenije are ubiquitous. Look for French horn-like signs on dark yellow background. Delivery takes one day within Slovenia, a few days within Europe and (usually) less than two weeks worldwide. DHL is also available.

Inland postcard: €0.69 (value of the ""B"" stamp)

Inland letter (up to 20 g): €0.55 (value of the ""A"" stamp)

International postcard / international letter (up to 20 g): €1.22 (value of the ""C"" stamp)

International airmail postcard / international airmail letter (up to 20 g): €2.19

Newsagents or shops selling postcards usually sell stamps, too. If this is not the case, you can always buy them at a Post Office.

For airmail, you will have to go to the Post Office and ask for prednostno. You can pay directly at the counter or attach proper stamps.

Rates correct as of January 2021.",False,False,False
Q685,Solomon Islands,"right|thumb|Aerial view of Solomon Islands
thumb|[[Malaita island]]

Solomon Islands is an island nation that lies east of Papua New Guinea and consists of six major islands and 992 smaller islands. The major part of the nation of Solomon Islands covers many of the mountainous volcanic islands of the Solomon Islands archipelago, which includes Choiseul, the Shortland Islands, the New Georgia Islands, Santa Isabel, the Russell Islands, the Nggela Islands, Tulagi, Malaita, Maramasike, Ulawa, Owaraha (Santa Ana), Makira (San Cristobal), and the main island of Guadalcanal. Solomon Islands also includes smaller, isolated low atolls and volcanic islands such as Sikaiana, Rennell Island, Bellona Island, the Santa Cruz Islands and tiny outliers such as Tikopia, Anuta, and Fatutaka. Although Bougainville is the largest island in the Solomon Islands archipelago it is politically an autonomous region of Papua New Guinea and does not form part of the nation of Solomon Islands.

The country's islands lie between latitudes 5° and 13°S, and longitudes 155° and 169°E. The distance between the westernmost and easternmost islands is . The Santa Cruz Islands (of which Tikopia is part) are situated north of Vanuatu and are especially isolated at more than from the other islands.

The Solomon Islands archipelago was formed in tectonic processes and major phases of volcanic activity that formed the islands occurred between the Eocene and Middle Miocene but is quite varied. Volcanic reactivation occurred no earlier than around 8 million years ago, and ongoing activity continues to the present day with several volcanoes, including Kavachi and Savo Island.

The islands' ocean-equatorial climate is extremely humid throughout the year, with a mean temperature of and few extremes of temperature or weather. June through August is the cooler period. Though seasons are not pronounced, the northwesterly winds of November through April bring more frequent rainfall and occasional squalls or cyclones. The annual rainfall is about . According to the WorldRiskReport 2021, the island state ranks second among the countries with the highest disaster risk worldwide. The country is also one of the most vulnerable to global sea level rise from man-made climate change.

In 2023, the governments of Solomon Islands and other island states at risk from climate change (Fiji, Niue, Tuvalu, Tonga and Vanuatu) launched the ""Port Vila Call for a Just Transition to a Fossil Fuel Free Pacific"", calling for the phaseout of fossil fuels and the 'rapid and just transition' to renewable energy and strengthening environmental law including introducing the crime of ecocide.

thumb|330x330px|Share of forest area in total land area, top countries (2021). The Solomon Islands have the sixth highest percentage of forest cover in the world.
The Solomon Islands archipelago is part of two distinct terrestrial ecoregions. Most of the islands are part of the Solomon Islands rain forests ecoregion, wh",False,False,False
Q1045,Somalia,"Somalia borders Djibouti to the northwest, Ethiopia to the west, the Gulf of Aden to the north, the Somali Sea and Guardafui Channel to the east, and Kenya to the southwest. With a land area of 637,657 square kilometres, Somalia's terrain consists mainly of plateaus, plains and highlands. Its coastline is more than 3,333 kilometres in length, the longest of mainland Africa. It has been described as being roughly shaped ""like a tilted number seven"".Ganzglass, Martin R. ""The Somali Refugees-Africa's Open Wound Refuses to Heal."" Hum. Rts. 8 (1979): 28.

In the far north, the rugged east–west ranges of the Ogo Mountains lie at varying distances from the Gulf of Aden coast. Hot conditions prevail year-round, along with periodic monsoon winds and irregular rainfall. Geology suggests the presence of valuable mineral deposits. Somalia is separated from Seychelles by the Somali Sea and is separated from Socotra by the Guardafui Channel.

thumb|Orthographic projection of Somalia
Somalia is bordered by Kenya to the southwest, the Gulf of Aden to the north, the Guardafui Channel and Indian Ocean to the east, and Ethiopia to the west. The country borders Djibouti. It lies between latitudes 2°S and 12°N, and longitudes 41° and 52°E. Strategically located at the mouth of the Bab el Mandeb gateway to the Red Sea and the Suez Canal, the country occupies the tip of a region that, due to its resemblance on the map to a rhinoceros' horn, is commonly referred to as the Horn of Africa.Hadden, Robert Lee. 2007. ""The Geology of Somalia: A Selected Bibliography of Somalian Geology, Geography and Earth Science"". Engineer Research and Development Laboratories, Topographic Engineering Center

Somalia has the longest coastline on the mainland of Africa,International Traffic Network, The world trade in sharks: a compendium of Traffic's regional studies, (Traffic International: 1996), p. 25. with a seaboard that stretches . Its terrain consists mainly of plateaus, plains and highlands. The nation has a total area of of which constitutes land, with of water. Somalia's land boundaries extend to about ; of that is shared with Djibouti, with Kenya, and with Ethiopia. Its maritime claims include territorial waters of .

Somalia has several islands and archipelagos on its coast, including the Bajuni Islands and the Saad ad-Din Archipelago: see islands of Somalia.
thumb|left|The [[Jubba River]]

Somalia contains seven terrestrial ecoregions: Ethiopian montane forests, Northern Zanzibar–Inhambane coastal forest mosaic, Somali Acacia–Commiphora bushlands and thickets, Ethiopian xeric grasslands and shrublands, Hobyo grasslands and shrublands, Somali montane xeric woodlands, and East African mangroves.

In the north, a scrub-covered, semi-desert plain referred as the Guban lies parallel to the Gulf of Aden littoral. With a width of twelve kilometres in the west to as little as two kilometres in the east, the plain is bisected by watercourses that are essentially beds of",False,False,False
Q34754,Somaliland,"thumb|Geographic map of Somaliland
Somaliland is situated in the northwest of recognised Somalia. It lies between 08°N and 11°30'N, and between 42°30'E and 49°00'E. It is bordered by Djibouti to the west, Ethiopia to the south, and Somalia to the east. Somaliland has an coastline with the majority lying along the Gulf of Aden. In terms of landmass, Somaliland has an area of .

Somaliland's climate is a mixture of wet and dry conditions. The northern part of the region is hilly, and in many places the altitude ranges between above sea level. The Awdal, Sahil and Maroodi Jeex regions are fertile and mountainous, while Togdheer is mostly semi-desert with little fertile greenery around. The Awdal region is also known for its offshore islands, coral reefs and mangroves.

A scrub-covered, semi-desert plain referred as the Guban lies parallel to the Gulf of Aden littoral. With a width of in the west to as little as in the east, the plain is bisected by watercourses that are essentially beds of dry sand except during the rainy seasons. When the rains arrive, the Guban's low bushes and grass clumps transform into lush vegetation.Hadden, Robert Lee. 2007. ""The Geology of Somalia: A Selected Bibliography of Somalian Geology, Geography and Earth Science."" Engineer Research and Development Laboratories, Topographic Engineering Center This coastal strip is part of the Ethiopian xeric grasslands and shrublands ecoregion.

Cal Madow is a mountain range in the eastern part of the country. Extending from the northwest of Erigavo to several kilometres west of the city of Bosaso in neighbouring Somalia, it features Somaliland's highest peak, Shimbiris, which sits at an elevation of about . The rugged east–west ranges of the Karkaar Mountains also lie to the interior of the Gulf of Aden littoral. In the central regions, the northern mountain ranges give way to shallow plateaus and typically dry watercourses that are referred to locally as the Ogo. The Ogo's western plateau, in turn, gradually merges into the Haud, an important grazing area for livestock. In the east, the Haud is separated from the Ain and Nugal valleys by the Buur Dhaab mountain range.

File:Lamadayawaterfalls6.jpg|Lamadaya are waterfalls located in the Cal Madow mountain range.
File:Somalia (Somaliland)(168).jpg|The Somaliland countryside
File:Almadow Overview.JPG|View of the Cal Madow Mountains, home to numerous endemic species
File:Somaliland (6790659460) (2).jpg|Berbera beach
File:Sacadin.jpg|Sacadin, Zeila Archipelago

thumb|upright=1.3|Somaliland map of [[Köppen climate classification]]
Somaliland is located north of the equator. It is semi-arid. The average daily temperatures range from . The sun passes vertically overhead twice a year, in April and in August or September. Somaliland consists of three main topographic zones: a coastal plain (Guban), the coastal range (Ogo), and a plateau (Hawd). The coastal plain is a zone with high temperatures and low rainfall. Summer temper",False,False,False
Q258,South Africa,"South Africa's country code is 27.

Phone numbers within South Africa are of the format 0XX YYY ZZZZ.

Large cities have area codes 0XX (Johannesburg is 011, Pretoria 012, Cape Town 021, Durban 031, Port Elizabeth 041, East London 043, Kimberley 053, Bloemfontein 051) while smaller towns may have longer area codes (0XX Y for example) with shorter local numbers.

When dialling a South African number from outside the country, one should dial +27 XX YYY ZZZZ.

Dialling within the country one should use all 10 digits, 0XX YYY ZZZZ.

To dial out of South Africa, dial 00 followed by the country code and the rest of the number you are trying to reach.

Pay phones are available at airports, shopping malls and some petrol stations. The number of pay phones in open public areas have been reduced, but you should still be able to find one when you need one. Pay phones use either coins or prepaid cards that are available at most shops and petrol stations; coin phones are generally blue while card phones are usually green.

Generally, mobile network and data costs are not very cheap. However, consumer lobby groups are trying to influence the government to act in this regard by firstly, removing expiry dates on paid for but unused data or air time and secondly, in view of the very high profit margins consistently shown by the mobile network operators, to substantially reduce consumer costs and enable wider use by everyone, as it can help reduce poverty, create new small business opportunities and improve learning on a much bigger scale.

thumb|MTN Tower in Jeffrey's Bay

South Africa has an extensive GSM network, working on the same frequency as the rest of Africa and Europe. There are five cell phone providers in South Africa: Vodacom, MTN, Cell C, Virgin Mobile and Telkom.

The networks support GPRS countrywide and LTE, 3G, EDGE and HSDPA support is available in larger urban areas.

Do not assume you will not have network coverage just because you can not see a GSM tower. Many of the towers have been built to look like trees (Vodacom) or other structure (MTN) in order to better blend into the surroundings and not be an eyesore. In some rural areas, GSM towers still look like towers because of problems with animals damaging them when they look like trees.

SIM card prepaid starter kits are available for around R1. You will need a passport and a proof of residential address and it has to be registered before you can call or receive calls. If you call into a Vodacom or MTN store with a passport and drivers licence, you can be all connected on the spot. You can buy credit for prepaid phones just about everywhere, remembering you will usually need cash to do so from service stations.

There are plenty of Internet cafes and access rates are cheap.

Even cheaper and more mobile would be to buy a prepaid cell phone starter pack (less than R10) and access the Internet with GPRS or 3G. Generally R2 per MB for out of bundle data from most providers (50c for",False,False,False
Q884,South Korea,"thumb|right|Dinosaur Ridge of [[Seoraksan, the highest mountain in the Taebaek mountain range in the Gangwon Province.]]
South Korea occupies the southern portion of the Korean Peninsula, which extends some from the Continental and East Asian mainland. This mountainous peninsula is flanked by the Yellow Sea to the west and the Sea of Japan to the east. Its southern tip lies on the Korea Strait and the East China Sea. The country, including all its islands, lies between latitudes 33° and 39°N, and longitudes 124° and 130°E. Its total area is .
South Korea can be divided into four general regions: an eastern region of high mountain ranges and narrow coastal plains; a western region of broad coastal plains, river basins, and rolling hills; a southwestern region of mountains and valleys; and a southeastern region dominated by the broad basin of the Nakdong River.Geography of Korea , Asia Info Organization South Korea is home to three terrestrial ecoregions: Central Korean deciduous forests, Manchurian mixed forests, and Southern Korea evergreen forests. South Korea's terrain is mostly mountainous, most of which is not arable. Lowlands, located primarily in the west and southeast, make up only 30% of the total land area. South Korea has 20 national parks and popular natural areas such as the Boseong Tea Fields, Suncheon Bay Ecological Park, and Jirisan.

About 3,000 islands lie off the western and southern coasts of South Korea, the vast majority small and uninhabited. Jeju Island, the country's largest island, is about off the southern coast of South Korea. Hallasan, a dormant volcano, is South Korea's highest point and reaches above sea level. The easternmost islands of South Korea are Ulleungdo and the Liancourt Rocks (Dokdo/Takeshima), while Marado and Socotra Rock are the southernmost islands of South Korea.

South Korea tends to have a humid continental climate and a humid subtropical climate, and is affected by the East Asian monsoon, with precipitation heavier in summer during a short rainy season called jangma, which begins end of June and lasts through the end of July. In Seoul, the average January temperature range is , and the average August temperature range is . Winter temperatures are higher along the southern coast and considerably lower in the mountainous interior.South Korea climate , U.S. Library of Congress, Country studies Summer can be uncomfortably hot and humid, with temperatures exceeding in most parts of the country. South Korea has four distinct seasons; spring, summer, autumn and winter. Spring usually lasts from late March to early May, summer from mid-May to early September, autumn from mid-September to early November, and winter from mid-November to mid-March.

Rainfall is concentrated in the summer months of June through September. The southern coast is subject to late summer typhoons that bring strong winds, heavy rains and sometimes floods. The average annual precipitation varies from in Seoul to in B",False,False,False
Q23427,South Ossetia,"thumb|Map of Georgia highlighting South Ossetia (purple) and [[Abkhazia (green)]]
South Ossetia is a very mountainous region located in the Caucasus at the juncture of Asia and Europe. It occupies the southern slopes of the Greater Caucasus mountain range and its foothills which are part of the Iberia Plain, a geographic plateau that is roughly in the centre of South Ossetia. The Likhi Range shapes the western geographic boundary of South Ossetia, although the northwestern corner of South Ossetia is located west of the range.

The Greater Caucasus Mountain Range forms the northern border of South Ossetia with Russia. There is only one main road through the mountain range from South Ossetia to Russia, the TransKAM highway through the Roki tunnel into North Ossetia, which was completed in 1986. The Transkam section located in South Ossetia is nominally part of the Georgian S10 highway even though Tbilisi effectively does not control that part. The Roki Tunnel was vital for the Russian military in the 2008 South Ossetia war because it is the only direct route through the Caucasus Mountains between Russia and South Ossetia.

South Ossetia covers an area of about , separated by the mountains from the more populous North Ossetia (which is a republic within Russia) and extending southwards almost to the Mtkvari river in Georgia. More than 89% of South Ossetia lies over above sea level, and its highest point is Mount Khalatsa at above sea level.

Out of the roughly 2,000 glaciers that exist in the Greater Caucasus, approximately 30% are located within Georgia. The 10 glaciers of the Liakhvi River basin and a handful of the Rioni River basin are located in South Ossetia.

Most of South Ossetia is in the Kura Basin with the northwestern part of it in the Black Sea basin. The Likhi and Racha ridges act as divide separating these two basins. Major rivers in South Ossetia include the Greater and Little Liakhvi, Ksani, Medzhuda, Tlidon, Canal Saltanis, Ptsa River and host of other tributaries.

thumb|Topographic map of South Ossetia ([[Polish orthography|Polish transcription)]]
South Ossetia's climate is affected by subtropical influences from the East and Mediterranean influences from the West. The Greater Caucasus range moderates the local climate by serving as a barrier against cold air from the north, which results in the fact that, even at great heights, it is warmer there than in the Northern Caucasus. Climatic zones in South Ossetia are determined by distance from the Black Sea and by altitude. The plains of eastern Georgia are shielded from the influence of the Black Sea by mountains that provide a more continental climate.

The foothills and mountainous areas (including the Greater Caucasus Mountains) experience cool, wet summers and snowy winters, with snow cover often exceeding two metres in many regions. The penetration of humid air masses from the Black Sea to the west of South Ossetia is often blocked by the Likhi mountain range.",False,False,False
Q958,South Sudan,"thumb|upright=1.3|Protected areas in South Sudan

South Sudan lies between latitudes 3° and 13°N, and longitudes 24° and 36°E. It is covered in tropical forest, swamps, and grassland. The White Nile passes through the country, passing by Juba. The Sudd is formed by the White Nile, known locally as the Bahr al Jabal, meaning ""Mountain Sea"".e.g. example reference in 

South Sudan's protected area of Bandingilo National Park hosts the second-largest wildlife migration in the world. Surveys have revealed that Boma National Park, west of the Ethiopian border, as well as the Sudd wetland and Southern National Park near the border with Congo, provided habitat for large populations of hartebeest, kob, topi, buffalo, elephants, giraffes, and lions.

South Sudan's forest reserves also provided habitat for bongo, giant forest hogs, red river hogs, forest elephants, chimpanzees, and forest monkeys. Surveys begun in 2005 by WCS in partnership with the semi-autonomous government of Southern Sudan revealed that significant, though diminished wildlife populations still exist, and that, astonishingly, the huge migration of 1.3&nbsp;million antelopes in the southeast is substantially intact.

Habitats in the country include grasslands, high-altitude plateaus and escarpments, wooded and grassy savannas, floodplains, and wetlands. Associated wildlife species include the endemic white-eared kob and Nile Lechwe, as well as elephants, giraffes, common eland, giant eland, oryx, lions, African wild dogs, cape buffalo, and topi (locally called tiang). Little is known about the white-eared kob and tiang, both types of antelope, whose migrations were legendary before the civil war. The Boma-Jonglei Landscape region encompasses Boma National Park, broad pasturelands and floodplains, Bandingilo National Park, and the Sudd, a vast area of swamp and seasonally flooded grasslands that includes the Zeraf Wildlife Reserve.

thumb|Settlement on [[Sudd flooded grassland]]

Little is known of the fungi of South Sudan. A list of fungi in Sudan was prepared by S. A. J. Tarr and published by the then Commonwealth Mycological Institute (Kew, Surrey, UK) in 1955. The list, of 383 species in 175 genera, included all fungi observed within the then boundaries of the country. Many of those records relate to what is now South Sudan. Most of the species recorded were associated with diseases of crops. The true number of species of fungi in South Sudan is probably much higher.

In 2006, President Kiir announced that his government would do everything possible to protect and propagate South Sudanese fauna and flora, and seek to reduce the effects of wildfires, waste dumping, and water pollution. The environment is threatened by the development of the economy and infrastructure. The country had a 2019 Forest Landscape Integrity Index mean score of 9.45/10, ranking it fourth globally out of 172 countries.

Several ecoregions extend across South Sudan: the East Sudanian savanna, Nor",False,False,False
Q29,Spain,"thumb|Topographic map of Spain

At , Spain is the world's fiftieth largest country and Europe's fourth largest country. At , Mount Teide (Tenerife) is the highest mountain peak in Spain and is the third largest volcano in the world from its base. Spain is a transcontinental country, having territory in both Europe and Africa.

Spain lies between latitudes 27° and 44° N, and longitudes 19° W and 5° E.

On the west, Spain is bordered by Portugal; on the south, it is bordered by Gibraltar and Morocco, through its exclaves in North Africa (Ceuta and Melilla, and the peninsula of de Vélez de la Gomera). On the northeast, along the Pyrenees mountain range, it is bordered by France and Andorra. Along the Pyrenees in Girona, a small exclave town called Llívia is surrounded by France.

Extending to , the Portugal–Spain border is the longest uninterrupted border within the European Union.Medina García, Eusebio (2006). «Orígenes históricos y ambigüedad de la frontera (La Raya)» . Revista de Estudios Extremeños. Tomo LXII (II Mayo-Agosto). , pp. 713–723.

thumb|Caló d'es Moro, [[Mallorca island]]

Spain also includes the Balearic Islands in the Mediterranean Sea, the Canary Islands in the Atlantic Ocean and a number of uninhabited islands on the Mediterranean side of the Strait of Gibraltar, known as (""places of sovereignty"", or territories under Spanish sovereignty), such as the Chafarinas Islands and Alhucemas. The peninsula of de Vélez de la Gomera is also regarded as a plaza de soberanía. The isle of Alborán, located in the Mediterranean between Spain and North Africa, is also administered by Spain, specifically by the municipality of Almería, Andalusia. The little Pheasant Island in the River Bidasoa is a Spanish-French condominium.

There are 11 major islands in Spain, all of them having their own governing bodies (Cabildos insulares in the Canaries, Consells insulars in Baleares). These islands are specifically mentioned by the Spanish Constitution, when fixing its Senatorial representation (Ibiza and Formentera are grouped, as they together form the Pityusic islands, part of the Balearic archipelago). These islands include Tenerife, Gran Canaria, Lanzarote, Fuerteventura, La Palma, La Gomera and El Hierro in the Canarian archipelago and Mallorca, Ibiza, Menorca and Formentera in the Balearic archipelago.

thumb|[[Teide, still an active volcano in Tenerife, Canary Islands, is the tallest peak in Spain.]]

Mainland Spain is a rather mountainous landmass, dominated by high plateaus and mountain chains. After the Pyrenees, the main mountain ranges are the Cordillera Cantábrica (Cantabrian Range), Sistema Ibérico (Iberian System), Sistema Central (Central System), Montes de Toledo, Sierra Morena and the Sistema Bético (Baetic System) whose highest peak, the Mulhacén, located in Sierra Nevada, is the highest elevation in the Iberian Peninsula. The highest point in Spain is the Teide, a active volcano in the Canary Islands. The Meseta Centr",False,False,False
Q854,Sri Lanka,"The country code for Sri Lanka is 94. Remove the intercity prefix (0) before the area code when dialling internationally into the country (i.e., 0112 688 688 becomes +94 112 688 688) when dialling from abroad. The two next numbers after 94 represents the area code, they are different for every district for more information see Telephone numbers in Sri Lanka.

As of 2025, there are the following network providers: Dialog, Airtel, Mobitel and Hutch.

4G coverage on the island is good, sometimes slightly depending on the provider. People say Dialog is the best, and indeed Mobitel seems sometimes lacking proper connection.

As of 2025, packages (at the airport) including data go for around €9 including 50-60GB for 30 days, with unlimited social media, calls and messages. Airtel has an offer of Rs 1,188 for 12GB data for 30 days, and unlimited social media and calls. Airtel and Mobitel offer 15GB data for only Rs 1,000. Mobitel has a 1GB/day incl. calls and messages and unlimited social media for Rs 1,390 per 29 days.

Most restaurants and guest houses have free WiFi.",False,False,False
Q1049,Sudan,"Internet and telephone services remain unreliable and may be blocked or suspended at short notice (Apr 2022). 

Sudan's international direct dialling code is 249. Its international direct dialling access code is 00 although mobile phone users in Sudan will be able to dial overseas numbers by putting ""+"" in front of the country code.

Prepaid mobile phone packages are easily available in Sudan. The two telecommunications companies in Sudan are ZAIN (Tel: +249 91 230000) and MTN (Tel: +249 92-1111111). Zain has a cheaper prepaid package than Mtn. The customer service line for MTN, should you need to call them for any problems, can be difficult to get through.

Coverage maps

*Mobitel (zain SD) *MTN Sudan [http://www.gsmworld.com/cgi-bin/ni_map.pl?cc=sd&net=bt 
*Sudani",False,False,False
Q730,Suriname,"thumb|left|[[Brokopondo Reservoir surrounded by tropical rainforest]]
thumb|The [[Coppename River|Coppename river, one of many rivers in the interior]]
right|thumb|Geology of Suriname

Suriname is the smallest independent country in South America. Situated on the Guiana Shield, it lies mostly between latitudes 1° and 6°N, and longitudes 54° and 58°W. The country can be divided into two main geographic regions. The northern, lowland coastal area (roughly above the line Albina-Paranam-Wageningen) has been cultivated, and most of the population lives here. The southern part consists of tropical rainforest and sparsely inhabited savanna along the border with Brazil, covering about 80% of Suriname's land surface.

The two main mountain ranges are the Bakhuys Mountains and the Van Asch Van Wijck Mountains. Julianatop is the highest mountain in the country at above sea level. Other mountains include Tafelberg at , Mount Kasikasima at , Goliathberg at and Voltzberg at .

Suriname contains six terrestrial ecoregions: Guayanan Highlands moist forests, Guianan moist forests, Paramaribo swamp forests, Tepuis, Guianan savanna, and Guianan mangroves. Its forest cover is 90.2%, the highest of any nation in the world. The country had a 2019 Forest Landscape Integrity Index mean score of 9.39/10, ranking it fifth globally out of 172 countries.

right|thumb|Map of Suriname with disputed territories in light green.
Suriname is situated between French Guiana to the east and Guyana to the west. The southern border is shared with Brazil and the northern border is the Atlantic coast. The southernmost borders with French Guiana and Guyana are disputed by Suriname along the Marowijne and Corantijn rivers, respectively, while a part of the disputed maritime boundary with Guyana was arbitrated by the Permanent Court of Arbitration convened under the rules set out in Annex VII of the United Nations Convention on the Law of the Sea on 20 September 2007.Permanent Court of Arbitration – Guyana v. Suriname Award of the Tribunal . pca-cpa.org. Retrieved 15 August 2012.

Lying two to five degrees north of the equator, Suriname has a very hot and wet tropical climate, and temperatures do not vary much throughout the year. Average relative humidity is between 80% and 90%. Its average temperature ranges from . Due to the high humidity, actual temperatures are distorted and may therefore feel up to hotter than the recorded temperature.

The year has two wet seasons, from April to August and from November to February. It also has two dry seasons, from August to November and February to April.

thumb|Seasons in Suriname

Climate change in Suriname is leading to warmer temperatures and more extreme weather events. As a relatively poor country, its contributions to global climate change have been limited. Because of the large forest cover, the country has been running a carbon negative economy since 2014.

thumb|left|Share of forest area in total land area, top countries",False,False,False
Q34,Sweden,"thumb|Post box in Sweden

The national postal service in Sweden is run by PostNord and is considered efficient and reliable. Postal service points (serviceställe or postombud) sells postage stamps and can be found in many supermarkets and grocery stores all over the country. Post boxes are yellow with the postal logo, and are emptied once every workday. Domestic mail is delivered every second workday. Parcels are delivered every workday, in some places even on Saturdays. An unregistered priority (airmail) postcard or letter with a weight of less than 50 grams is for all international destinations (as of January 2025).

Alternatively, packages can be sent within Sweden and to international destinations with DHL or within Sweden and the European Union with DB Schenker. The latter website is in the Swedish language only, and you might need the help of a local to book and send a package.

Sweden's international calling code number is +46. Public pay phones ceased to exist in 2015. Sweden is the world's second most Internet-connected country (after Iceland).

Sweden has widespread 4G/LTE coverage on band 3 (1800 MHz) and 20 (800 MHz), even in rural areas, except in the central and northern interior parts of the country - there the partly state-owned Telia is your best bet and a phone supporting band 28 (700 MHz) might be of importance to get the best coverage. 4G/LTE-phones must have VoLTE to enable voice calls.

Swedish traditional 2G/GSM operates on the 900 MHz band and only Telia has it; it will be shut down in 2027. 3G has already been completely shut down by all operators. 5G is being deployed in major urban areas, expected to reach maximum coverage by all providers in 2025.

The major operators are Telia, Tele2, Telenor and 3 (Tre). The major operators have discounted services via their affiliated brands – Halebop, Comviq, Vimla, and Hallon. Some operators may require a Swedish personnummer (or samordningsnummer) to get a number, although all operators (except Hallon!) that sell prepaid will allow you to get it without any ""personnummer"" (Tele2 and 3 do not sell prepaid, so they are not linked here)

If you already have a SIM from another EU/EEA country, you may be able to continue using it in Sweden, subject to any fair-use limits imposed by your home provider. Roaming with a non-EU/EEA provider is probably much more expensive than buying a local prepaid SIM. UK providers may or may not offer cheap roaming.

Prepaid SIM cards (kontantkort) and refills are sold at the Pressbyrån outlets, as well as at most supermarkets and tobacco stores. They have fairly generous mobile data allowances. Check the registration process:

Since 2022, all Swedish prepaid SIMs need to be registered to a person with a Swedish personnummer, a BankID, or valid photo ID (passport or identity card) before they can be used. The procedure varies depending on the provider. Telia and Halebop require you to bring the SIM to a Telia store for registration, and req",False,False,False
Q39,Switzerland,"Many of the internet cafes that have emerged in the 1990s have closed because Switzerland has one of the highest rates of high-speed internet connections in homes in the world, but there may be a few internet terminals in some large train stations. The tourist office should be able to direct you to the nearest one. The usual rate is Fr. 5 for 20 minutes. 

The Swiss Federal Railways (SBB CFF FFS) are now offering free Wi-Fi in some of their stations (usually the bigger ones) but you will need to verify your identity by receiving an SMS on your phone, which will then authenticate you for 12 months. Some providers will not work but a local SIM card can be used instead. The access is for 60 minutes and resets every two hours. On long-range trains, there should either be Wi-Fi or an option to connect with an App called SBB FreeSurf, but it requires a data plan compatible only with some Swiss providers (inside trains, the 60 minutes restriction decays).

Also, you can send email, SMS (text messages to cell phones) or short text faxes from just about every public phone booth for less than one franc. Some public phone booths allow you to browse the internet. There are many shopping centers and cities (Lausanne and Vevey for example) that offer free wireless internet access: ask the young locals; maybe they know where to go. 

The public phones are surprisingly cheap, and have no surcharge for credit cards. Some are even free to use (for example, in the city center in Zürich)

If you stay for some time, it may be advisable to buy a pre-paid cell phone card that you can use in any phone that supports the GSM standard on the 900/1800 MHz bands - they usually cost around Fr. 10-40 and are obtainable in the shops of the mobile service providers Swisscom, Salt or Sunrise in most cities. Mobile network coverage is close to 100% by area, even in the mountainous, non-populated areas.

There are also a lot of cheap prepaid cards for local calls from other providers. The prepaid cards of the big supermarket chains Migros (M-Budget-Mobile) and Coop (Coop Mobile ) for example cost around Fr. 20 and include already Fr. 15 airtime. The cheapest prepaid card for calls within Switzerland is Aldi Mobile: Fr. 0.14/min Switzerland fixed and Aldi mobile, Fr. 0.34/min other mobiles. The cheapest prepaid card for international communication is Yallo: Fr. 0.39/min within Switzerland and to all European and many more countries (to the mobile and fixed networks). This includes the UK, USA, Canada, Australia and New Zealand. SMS cost Fr. 0.10. The prepaid cards can be bought online (30 Fr. with Fr. 30 airtime inclusive), in most post offices (Fr. 29 with Fr. 20 airtime inclusive) or Sunrise shops (Fr. 20 with Fr. 20 airtime inclusive). Another prepaid card with cheap rates offers Lebara Mobile (sister company of Sunrise). The prepaid card is available for Fr. 5 with an equivalent talk time and recharge vouchers offer the talktime equivalent to the price of the vouche",False,False,False
Q858,Syria,"The international calling code for Syria is +963.

Syria has had easy and cheap internet access. However, with badly damaged infrastructure and electricity outages common, don't rely on it. Internet is very common around the cities at internet cafés. The cafés are very friendly but in order to avoid being price gouged it is best to ask a local how much the internet costs per an hour before agreeing to sit down. It is best to avoid political debates regarding the Syrian government, or reading Israeli newspapers or websites on-line.

Prices for high-speed access are quite varied.",False,False,False
Q865,Taiwan,"Wifi is almost everywhere in large cities and widely available in rural areas. iTaiwan is Taiwan's free, convenient and widespread WiFi, and an answer to today's mobile-dependent population. It is available in almost all public places in Taiwan, such as stations (railways, MRT, and HSR), post offices, and public libraries. You don't need to register to access iTaiwan.

Large chain stores and restaurants, on the other hand, use other Wifi services such as .1.Free Wi-Fi that require clicking an advertisement to get online. Other free Wi-Fi services are also available, but they might have problematic security. In addition, most in-house eateries, shopping malls, and restaurants have free Wi-Fi for customers, especially restaurants that take orders from mobile phones by scanning a QR code.

If you want an Internet connection to your smartphone, you can purchase a prepaid 4G unlimited data sim card from Chunghwa Telecom, Taiwan Mobile, or Far EasTone at a cost of NT$300 for 3 days, or NT$500 for 7 days (other periods are available as well). Just walk into any official shop to apply (also at all international airports). They need your passport and identification documents of your country of origin, driving license or identification card.

You can also buy an eSIM in advance from companies like Nomad or Airalo. You may have to manually select the network and APN.

Keep in mind they do offer special promotions on their standard prepaid plans from time to time, and for travellers continuing elsewhere after Taiwan, FarEasTone offer a lineup of reasonably priced ""travel SIMs"" for travel around Asia, Europe, and North America, while Taiwan Mobile offers flat-rate international data roaming on its standard prepaid SIMs.

If you are going to China, travel SIMs or Taiwan Mobile's roaming plans do not censor data there as a local SIM would.

Not that relevant and widespread anymore, Internet cafés, aka gaming cafés. These are often found on the first or second floor of buildings and equipped with very comfortable chairs and large screens. Although some people do surf the Internet, most people primarily go there for a smooth experience of online gaming. Each hour of Internet access/game play is cheap, coming in at around NT$20. Some machines in the Internet cafés are coin-operated.

Police sometimes inspect gaming cafés to make sure teenagers are not developing unhealthy gaming habits or using drugs. Tourists are mostly fine with inspection, but may need to show their identification to the police.

thumb|Payphones in [[Taichung]]
The standard prefix for international calls from Taiwan is 002, though some other companies may use alternative prefixes at lower rates. Check with your telecom operator for more details. Calls to mainland China, Hong Kong or Macau require international dialling. The country code for calls to Taiwan is +886. Most payphones work with telephone cards (), which are available at all convenience stores.

Numbers Starting With 0",False,False,False
Q863,Tajikistan,"thumb|Satellite photograph
thumb|Map of [[Köppen climate classification]]
Tajikistan is landlocked, and is the smallest nation in Central Asia by area. It lies mostly between latitudes 36° and 41° N, and longitudes 67° and 75° E. It is covered by mountains of the Pamir range, and most of the country is over above sea level. The areas of lower land are in the north (part of the Fergana Valley), and in the southern Kofarnihon and Vakhsh river valleys, which form the Amu Darya. Dushanbe is located on the southern slopes above the Kofarnihon valley.

{| style=""border:1px solid #8888aa; background:#f7f8ff; padding:5px; font-size:85%; margin:auto;""
|-
|style=""text-align: center;"" |Mountain
| colspan=""2"" style=""text-align:center; background:rgb(204, 153, 51); text-align:center;""|Height
| colspan=""2"" style=""text-align:center; background:rgb(204, 153, 51); text-align:center;""|Location
|-
| Ismoil Somoni Peak (highest)
| style=""text-align:center; background:rgb(143, 177, 172);""|7,495&nbsp;m
| style=""text-align:center; background:rgb(143, 177, 172);""|24,590&nbsp;ft
| style=""text-align:center; background:rgb(143, 177, 172);""|North-western edge of Gorno-Badakhshan (GBAO), south of the Kyrgyz border
|-
| Ibn Sina Peak (Lenin Peak)
|style=""text-align: center;"" |7,134&nbsp;m
|style=""text-align: center;"" |23,537&nbsp;ft
|style=""text-align: center;"" |Northern border in the Trans-Alay Range, north-east of Ismoil Somoni Peak
|-
|Peak Korzhenevskaya
| style=""text-align:center; background:rgb(201, 185, 116);""|7,105&nbsp;m
| style=""text-align:center; background:rgb(201, 185, 116);""|23,310&nbsp;ft
| style=""text-align:center; background:rgb(201, 185, 116);""|North of Ismoil Somoni Peak, on the south bank of Muksu River
|-
|Independence Peak (Revolution Peak)
|style=""text-align: center;"" |6,974&nbsp;m
|style=""text-align: center;"" |22,881&nbsp;ft
|style=""text-align: center;"" |Central Gorno-Badakhshan, south-east of Ismoil Somoni Peak
|-
|Academy of Sciences Range
| style=""text-align:center; background:rgb(151, 199, 137);""|6,785&nbsp;m
| style=""text-align:center; background:rgb(151, 199, 137);""|22,260&nbsp;ft
| style=""text-align:center; background:rgb(151, 199, 137);""|North-western Gorno-Badakhshan, stretches in the north–south direction
|-
|Karl Marx Peak
|style=""text-align: center;"" |6,726&nbsp;m
|style=""text-align: center;"" |22,067&nbsp;ft
|style=""text-align: center;"" |GBAO, near the border to Afghanistan in the northern ridge of the Karakoram Range
|-
|Garmo Peak
| style=""text-align:center; background:rgb(151, 199, 137);""|6,595&nbsp;m
| style=""text-align:center; background:rgb(151, 199, 137);""|21,637&nbsp;ft
| style=""text-align:center; background:rgb(151, 199, 137);""|Northwestern Gorno-Badakhshan.
|-
|Mayakovskiy Peak
| style=""text-align:center; background:rgb(208, 172, 132);""|6,096&nbsp;m
| style=""text-align:center; background:rgb(208, 172, 132);""|20,000&nbsp;ft
| style=""text-align:center; background:rgb(208, 172, 132);""|Extreme south-west of GBAO, near",False,False,False
Q924,Tanzania,"At , Tanzania is the 13th largest country in Africa and the 31st largest in the world, ranked between the larger Egypt and smaller Nigeria. It borders Kenya and Uganda to the north; Rwanda, Burundi, and the Democratic Republic of the Congo to the west; and Zambia, Malawi, and Mozambique to the south. Tanzania is located on the eastern coast of Africa and has an Indian Ocean coastline approximately long. It also incorporates several offshore islands, including Unguja (Zanzibar), Pemba, and Mafia. The country is the site of Africa's highest and lowest points: Mount Kilimanjaro, at above sea level, and the floor of Lake Tanganyika, at below sea level, respectively.

thumb|upright=1.05|Wildebeest migration in the [[Serengeti]]
Tanzania is mountainous and densely forested in the northeast, where Mount Kilimanjaro is located. Three of Africa's Great Lakes are partly within Tanzania. To the north and west lie Lake Victoria, Africa's largest lake, and Lake Tanganyika, the continent's deepest lake, known for its unique species of fish. To the southwest lies Lake Nyasa. Central Tanzania is a large plateau, with plains and arable land. The eastern shore is hot and humid, with the Zanzibar Archipelago just offshore.

Kalambo Falls in the southwestern region of Rukwa is the second highest uninterrupted waterfall in Africa, and is located near the southeastern shore of Lake Tanganyika on the border with Zambia. The Menai Bay Conservation Area is Zanzibar's largest marine protected area.

thumb|upright=1.75|Tanzania map of Köppen climate classification

Climate varies greatly within Tanzania. In the highlands, temperatures range between during cold and hot seasons, respectively; the rest of the country has temperatures rarely falling lower than . The hottest period extends between November and February () while the coldest period occurs between May and August (). Annual temperature is . The climate is cool in high mountainous regions.

Tanzania has two major rainfall periods: one is uni-modal (October–April) and the other is bi-modal (October–December and March–May). The former is experienced in southern, central, and western parts of the country, and the latter is found in the north from Lake Victoria extending east to the coast. The bi-modal rainfall is caused by the seasonal migration of the Intertropical Convergence Zone.

Tanzania infrequently experiences land-falling tropical cyclones, which can have severe impacts, Cyclone Hidaya for instance. There are recorded examples of such cyclones back as far as 1872.

Climate change in Tanzania is resulting in rising temperatures with a higher likelihood of intense rainfall events (resulting in flooding) and of dry spells (resulting in droughts). Climate change is already impacting the sectors in Tanzania of agriculture, water resources, health and energy. Sea level rise and changes in the quality of water are expected to impact fisheries and aquaculture.

Tanzania produced a National Adaptation Pr",False,False,False
Q869,Thailand,"Thailand's country code is +66. Mobile phones in Thailand have 10 digits, including the leading zero, while land-line telephones have 9 digits, including the leading zero.

Mobile phones are ubiquitous in Thailand, with fast speeds and low prices. The main mobile network operators are:

* AIS
* DTAC (Tourist eSIM available)
* TrueMove
* National Telecom

Prepaid SIM cards can be bought in any convenience store for as little as 50 baht, and you can charge up as you go. You must provide your passport details when buying a SIM card. The passport registration system only works during the day (usually until 9 PM) for most stores, but the counters at Bangkok airport can register your passport and activate service 24/7, and speak English as well. The one drawback is that airport carrier service counters can only sell special and overpriced ""tourist SIMs"", which are limited to being reloaded with special tourist plans in the future and may not roam if you are continuing to another country after Thailand.

If you'd rather pay ""local pricing"", you can generally get a non-tourist SIM from many convenience stores (7-eleven) in the airport terminal or in the city if you arrive during the day. E.g. as of Nov 2025, 7-eleven sells SIM cards including 30GB of data valid for 30 days at 199 baht for DTAC and True.

Coverage is very good throughout the country, all cities and tourist destinations (including resort islands) are well covered. If you're planning to travel deep in the countryside, AIS generally has the best network, but is slightly more expensive.

If you plan to visit Thailand (or even Asia in general; see below) at least once a year for short visits, you have a couple of options to save a SIM for later. Long-validity SIMs have largely been phased out, so you will have to put some effort in (or pay) to keep your SIM alive. The new standard across all SIM types and carriers is that each top-up, no matter how small or large, will extend the validity of the SIM by 30 days, with a maximum of 365 days from day of top-up. Sites like Thai Prepaid Card or Mobile Top Up can help you keep your Thai SIM active while out of the country.

For short-term visitors, international roaming onto Thailand's GSM networks is possible, subject to agreements between operators. In the other direction, Thai operators offer very good roaming packages in neighboring countries. These may need to be activated in advance either via a mobile app or in person at a company outlet.

The Thai government actively censors Internet access. 2010 estimates place the number of blocked websites at 110,000 and growing. Roughly 77% are blocked for reasons of lèse-majesté (content that defames, insults, threatens, or is unflattering to the king, including national security and some political issues), and 22% for pornography, which is illegal in Thailand. Some web pages from BBC One, BBC Two, CNN, Yahoo! News, the Post-Intelligencer newspaper (Seattle, United States), and The Age newsp",False,False,False
Q1005,The Gambia,"thumb|left|upright=1.4|Map of the Gambia
The Gambia is a small and narrow country whose borders mirror the meandering Gambia River. It lies between latitudes 13 and 14°N, and longitudes 13 and 17°W.

The Gambia is less than wide at its widest point, with a total area of . About (11.5%) of The Gambia's area are covered by water. It is the smallest country on the African mainland. In comparative terms, The Gambia has a total area slightly more than that of the island of Jamaica.

Senegal surrounds The Gambia on three sides, with of coastline on the Atlantic Ocean marking its western extremity.

The present boundaries were defined in 1889 after an agreement between the United Kingdom and France. During the negotiations between the French and the British in Paris, the French initially gave the British around of The Gambia River to control. Starting with the placement of boundary markers in 1891, it took nearly 15 years after the Paris meetings to determine the final borders of The Gambia. The resulting series of straight lines and arcs gave the British control of areas about north and south of The Gambia River.

The Gambia contains three terrestrial ecoregions: Guinean forest-savanna mosaic, West Sudanian savanna, and Guinean mangroves. It had a 2018 Forest Landscape Integrity Index mean score of 4.56/10, ranking it 120th globally out of 172 countries.

The Gambia has a tropical savannah climate. A short rainy season normally lasts from June until September, but from then until May, lower temperatures predominate, with less precipitation. The climate in The Gambia closely resembles that of neighboring Senegal, of Mali, and of the northern part of Guinea.

Biodiversity in The Gambia is extremely rich given the country's size, and considered to be of global significance.
Plant assemblages consist of mangrove swamp along the river, wetland in lowland areas through to savanna woodland and a plateau dominated by sandhills in the upland region. There is a rich array of birdlife, with over 500 resident species. The national animal is the spotted hyena. Pygmy hippopotamuses and crocodiles may be found in the river system while common African species such as chimpanzees, baboons, antelopes, and warthogs are also present. 30 amphibian and 74 reptile species have been recorded including tortoises, snakes and various lizards; while over 500 fish species can be found in the marine and aquatic environments together with marine mammals including dolphins, whales and the rare West African manatee.",False,False,False
Q574,Timor-Leste,"thumb|alt=Relief map of Timor-Leste showing the mountainous interior|Map of Timor-Leste
Located between Southeast Asia and the South Pacific, the island of Timor is the largest of the Lesser Sunda Islands, which lie within the Malay Archipelago. The island is surrounded by the Ombai and Wetar Straits of the rougher Banda Sea in the north, and the calmer Timor Sea in the south. Timor-Leste shares the island with Indonesia, with Indonesian territory separating the Oecusse exclave from the rest of the country. The island of Atauro lies north of the mainland, with the fourth area being the small island of Jaco. The Savu Sea lies north of Oecusse. The country is about long and wide, with a total land area of . This territory is situated between 8′15S – 10′30S latitude and 125′50E – 127′30E longitude. The country's coastline covers around , while the main land border with Indonesia is long, and the Oecusse land border is around long. Maritime borders exist with Australia to the south and Indonesia elsewhere. Timor-Leste has an exclusive economic zone of .

The interior of the country is mountainous, with ridges of inactive volcanic mountains extending along the island. Almost half of the country has a slope of at least 40%. The south is slightly less mountainous, and has some plains near the coastline. The highest point is Tatamailau (also known as Mount Ramelau) at . Most rivers dry up at least partially during the dry season. Outside of some coastal areas and river valleys, the soil is shallow and prone to erosion, and its quality is poor. The capital and largest city is Dili. The second-largest city is the eastern town of Baucau.

thumb|left|alt=Map showing the different types of land cover in Timor-Leste|Land cover
The climate is tropical with relatively stable temperatures throughout the year. A wet season lasts from December to May throughout the country, and lasts slightly longer in the south and the interior due to the effect of a monsoon from Australia. During this period, rainfall can reach per month. In the dry season, it drops to . The country is vulnerable to flooding and landslides that occur as a result of heavy rain, especially when rainfall levels are increased by the La Niña effect. The mountainous interior is cooler than the coasts. Coastal areas are heavily dependent on groundwater, which faces pressure from mismanagement, deforestation, and climate change. While the temperature is thought to have experienced a small increase due to climate change, there has been little change in annual rainfall.

Coastal ecosystems around the country are diverse and varied, with vary spatially between the north and south coastlines, as well as between the eastern tip and areas more to the west. These ecosystems include coral reefs, as the country's waters are part of the Coral Triangle biodiversity hotspot. The easternmost area of Timor-Leste consists of the Paitchau Range and the Lake Ira Lalaro area, which contains the country's",False,False,False
Q945,Togo,"Togo has an area equal to . It borders the Bight of Benin in the south; Ghana lies to the west; Benin to the east; and to the north, it is bound by Burkina Faso. North of the equator, it lies mostly between latitudes 6° and 11°N, and longitudes 0° and 2°E.

The coast of Togo in the Gulf of Guinea is long and consists of lagoons with sandy beaches. In the north, the land is characterized by a rolling savanna in contrast to the centre of the country, which is characterized by hills. The south of Togo is characterized by a savanna and woodland plateau which reaches a coastal plain with lagoons and marshes. The highest mountain of the country is the Mont Agou at above sea level. The longest river is the Mono River with a length of . It runs from north to south.

The climate is ""generally tropical"" with average temperatures ranging from on the coast to about in the northernmost regions, with a drier climate and characteristics of a tropical savanna.

Togo contains three terrestrial ecoregions: Eastern Guinean forests, Guinean forest-savanna mosaic, and West Sudanian savanna. The coast of Togo is characterized by marshes and mangroves. The country had a 2019 Forest Landscape Integrity Index mean score of 5.88/10, ranking it 92nd globally out of 172 countries.

At least five parks and reserves have been established: Abdoulaye Faunal Reserve, Fazao Malfakassa National Park, Fosse aux Lions National Park, Koutammakou, and Kéran National Park.",False,False,False
Q678,Tonga,"thumb|A map of Tonga

Located in Oceania, Tonga is an archipelago in the South Pacific Ocean, directly south of Samoa and about two-thirds of the way from Hawaiʻi to New Zealand. Its 171 islands, 45 of them inhabited, are divided into three main groups – Vava'u, Ha'apai, and Tongatapu – and cover an -long north–south line.

The largest island, Tongatapu, on which the capital city of Nukuʻalofa is located, covers . Geologically, the Tongan islands are of two types: most have a limestone base formed from uplifted coral formations; others consist of limestone overlaying a volcanic base.

Tonga has a tropical rainforest climate (Af) with a distinct warm period (December–April), during which the temperatures rise above , and a cooler period (May–November), with temperatures rarely rising above . The temperature and rainfall range from and on Tongatapu in the south to and on the more northerly islands closer to the Equator.

The average wettest period is around March, with on average . The average daily humidity is 80%. The highest temperature recorded in Tonga was on 11 February 1979 in Vava'u. The coldest temperature recorded in Tonga was on 8 September 1994 in Fua'amotu. Temperatures of or lower are usually measured in the dry season and are more frequent in southern Tonga than in the northern islands.Climate Summary PDF The tropical cyclone season currently runs from 1 November to 30 April, though tropical cyclones can form and affect Tonga outside of the season. According to the WorldRiskReport 2021, Tonga ranks third among the countries with the highest disaster risk worldwide – mainly due to the country's exposure to multiple natural hazards.WorldRiskReport 2021 https://weltrisikobericht.de/weltrisikobericht-2021-e/ 19 January 2022, The WorldRiskReport

Tonga contains the Tongan tropical moist forests terrestrial ecoregion.

In Tonga, dating back to Tongan legend, flying bats are considered sacred and are the property of the monarchy. Thus, they are protected and cannot be harmed or hunted. As a result, flying fox bats have thrived in many of the islands of Tonga.

thumb|Wattled honeyeater in Tonga

The bird life of Tonga includes a total of 73 species, of which two are endemic, the Tongan whistler and the Tongan megapode. Five species have been introduced by humans, and eight are rare or accidental. Seven species are globally threatened.",False,False,False
Q907112,Transnistria,"thumb|General map of Transnistria
thumb|[[Dniester River in Bender (Tighina)]]
Transnistria is landlocked and borders Bessarabia (the region the Republic of Moldova is based on, for ) to the west, and Ukraine (for ) to the east. It is a narrow valley stretching north–south along the bank of the Dniester river, which forms a natural boundary along most of the de facto border with Moldova.

The territory controlled by the PMR is mostly, but not completely, conterminous with the left (eastern) bank of Dniester. It includes ten cities and towns, and 69 communes, with a total of 147 localities (including here those unincorporated). Six communes on the left bank (Cocieri, Molovata Nouă, Corjova, Pîrîta, Coșnița, and Doroțcaia) remained under the control of the Moldovan government after the Transnistria War of 1992, as part of the Dubăsari District. They are situated north and south of the city of Dubăsari, which itself is under PMR control. The village of Roghi of Molovata Nouă Commune is also controlled by the PMR (Moldova controls the other nine of the 10 villages of the six communes).

On the west bank, in Bessarabia, the city of Bender (Tighina) and four communes (containing six villages) to its east, south-east, and south, on the opposite bank of the river Dniester from the city of Tiraspol (Proteagailovca, Gîsca, Chițcani, and Cremenciug) are controlled by the PMR.

The localities controlled by Moldova on the eastern bank, the village of Roghi, and the city of Dubăsari (situated on the eastern bank and controlled by the PMR) form a security zone along with the six villages and one city controlled by the PMR on the western bank, as well as two (Varnița and Copanca) on the same west bank under Moldovan control. The security situation inside it is subject to the Joint Control Commission rulings.

The main transportation route in Transnistria is the M4 road from Tiraspol to Rîbnița through Dubăsari. The highway is controlled in its entirety by the PMR. North and south of Dubăsari it passes through land corridors controlled by Moldova in the villages of Doroțcaia, Cocieri, Roghi, and Vasilievca, the latter being located entirely to the east of the road. The road is the de facto border between Moldova and Transnistria in the area. Conflict erupted on several occasions when the PMR prevented the villagers from reaching their farmland east of the road.Trygve Kalland and Claus Neukirch, Moldovan Mission seeks solution to Dorotcaia's bitter harvest, Organization for Security and Co-operation in Europe, 10 August 2005 Locuitorii satului Vasilievca de pe malul stâng al Nistrului trăiesc clipe de coșmar, Deutsche Welle, 17 March 2005.

Transnistrians are able to travel (normally without difficulty) in and out of the territory under PMR control to neighbouring Moldovan-controlled territory and to Ukraine. International air travellers rely on the airport in the Moldovan capital Chișinău, or the airport in Odesa, in Ukraine.

The climate is humid",False,False,False
Q754,Trinidad and Tobago,"thumb|upright=1.25|left|A map of Trinidad and Tobago
Trinidad and Tobago is situated between 10° 2' and 11° 12' N latitude and 60° 30' and 61° 56' W longitude, with the Caribbean Sea to the north, the Atlantic Ocean to the east and south, and the Gulf of Paria to the west. It is located in the far south-east of the Caribbean region, with the island of Trinidad being just off the coast of Venezuela in mainland South America across the Columbus Channel. The islands are a physiographic extension of South America. Covering an area of , the country consists of two main islands, Trinidad and Tobago, separated by a strait, plus a number of much smaller islands, including Chacachacare, Monos, Huevos, Gaspar Grande (or Gasparee), Little Tobago, and Saint Giles Island.
thumb|upright=1.25|Trinidad and Tobago's topography
thumb|Trinidad and Tobago from space

Trinidad is in area (comprising 93.0% of the country's total area) with an average length of and an average width of . Tobago has an area of about , or 5.8% of the country's area, is long and at its greatest width. Trinidad lies on the continental shelf of South America, and is thus geologically considered to lie entirely in South America.

The terrain of the islands is a mixture of mountains and plains. On Trinidad the Northern Range runs parallel with the north coast, and contains the country's highest peak (El Cerro del Aripo), which is above sea level, and second highest (El Tucuche, ). The rest of the island is generally flatter, excluding the Central Range and Montserrat Hills in the centre of the island and the Southern Range and Trinity Hills in the south. The three mountain ranges determine the drainage pattern of Trinidad. The east coast is noted for its beaches, most notably Manzanilla Beach. The island contains several large swamp areas, such as the Caroni Swamp and the Nariva Swamp. Major bodies of water on Trinidad include the Hollis Reservoir, Navet Reservoir, Caroni Reservoir. Trinidad is made up of a variety of soil types, the majority being fine sands and heavy clays. The alluvial valleys of the Northern Range and the soils of the East–West Corridor are the most fertile. Trinidad is also notable for containing Pitch Lake, the largest natural reservoir of asphalt in the world. Tobago contains a flat plain in its south-west, with the eastern half of the island being more mountainous, culminating in Pigeon Peak, the island's highest point at . Tobago also contains several coral reefs off its coast.

thumb|left|Pitch Lake, in south-west Trinidad
The Northern Range consists mainly of Upper Jurassic and Cretaceous metamorphic rocks. The Northern Lowlands (the East–West Corridor and Caroni Plain) consist of younger shallow marine clastic sediments. South of this, the Central Range fold and thrust belt consists of Cretaceous and Eocene sedimentary rocks, with Miocene formations along the southern and eastern flanks. The Naparima Plain and the Nariva Swamp form the southern sho",False,False,False
Q948,Tunisia,"There are three mobile GSM operators, private Ooredoo, private Orange, Tunisia state-owned Tunisie Telecom all offering wide mobile coverage (including some oasis in the Sahara). Rates tend to be quite low for domestic calls, but very high for international calls (around DT 1,500/minute). Ask for a carte prépayée for a prepaid SIM card.

Emergency Call

*197 Police emergency number - general emergency
*198 Health emergency number - Ambulance SAMU
*1200 Telephone information

Public internet access is available in many cities and towns, usually using the Publinet logo. Look for a large purple sign with the Publinet logo. Access is usually 0.8DT/hour, and speeds tend to be quite low (1024 kbit/s is the norm in Sousse and 4096 in Tunis). Home internet (ADSL) is not as expensive as it used to be, you can have 1 year ADSL of 4096 kbps speed, for just DT400 per year. You can also have 3G internet access through any cell phone carriers (Tunisie Telecom, Orange Tunisia or Tunisiana),FTP and peer-to-peer access is available anywhere in Tunisia, there is no access restriction by the government anymore. USB keys for internet are rather popular and can be found for varying periods, even for short stays.

La Poste Tunisienne is quite efficient and fast. Post restante is offered in certain (bigger) offices. A stamp for international letters costs DT 0,600.

Rapide Post is the Poste's service for sending mail and packages quickly. Once a Rapide Post package enters the US it is handled by FedEx. It is the best and most secure way to send things in Tunisia.",False,False,False
Q43,Turkey,"thumb|[[Topographic map of Turkey]]

Turkey covers an area of . With Turkish straits and Sea of Marmara in between, Turkey bridges Western Asia and Southeastern Europe. Turkey's Asian side covers 97% of its surface, and is often called Anatolia. Another definition of Anatolia's eastern boundary is an imprecise line from the Black Sea to Gulf of Iskenderun.: ""Anatolia: The part of Turkey in Asia equivalent to the peninsula of Asia Minor up to indefinite line on E from Gulf of Iskenderun to Black Sea comprising about three fifths of Turkey's provinces"" Eastern Thrace, Turkey's European side, includes around 15% of the population and covers 3% of the surface area. The country is encircled by seas on three sides: the Aegean Sea to the west, the Black Sea to the north and the Mediterranean Sea to the south. Turkey is bordered by Georgia, Armenia, Azerbaijan and Iran to the east. To the south, it's bordered by Syria and Iraq. To the north, its Thracian area is bordered by Greece and Bulgaria.

Turkey is divided into ""seven major regions"": Marmara, Aegean, Central Anatolia, Black Sea, Eastern Anatolia, Southeastern Anatolia and the Mediterranean. As a general trend, the inland Anatolian Plateau becomes increasingly rugged as it progresses eastward. Mountain ranges include Köroğlu and Pontic mountain ranges to the north, and the Taurus Mountains to the south. The Lakes Region contains some of the largest lakes in Turkey such as Lake Beyşehir and Lake Eğirdir.

thumb|Tectonic map of Turkey. Straight lines and lines with triangles denote different types of [[fault (geology)|faults, such as North Anatolian Fault and East Anatolian Fault.]]
Geographers have used the eastern Anatolian plateau, Iranian plateau, and Armenian plateau terms to refer to the mountainous area around where Arabian and Eurasian tectonic plates merge. The eastern Anatolian plateau and Armenian plateau definitions largely overlap. The Eastern Anatolia region contains Mount Ararat, Turkey's highest point at , and Lake Van, the largest lake in the country. Eastern Turkey is home to the sources of rivers such as the Euphrates, Tigris and Aras. The Southeastern Anatolia Region includes the northern plains of Upper Mesopotamia.

Earthquakes happen frequently in Turkey. Almost the entire population lives in areas with varying seismic risk levels, with around 70% in highest or second-highest seismic areas. Anatolian plate is bordered by North Anatolian Fault zone to the north; East Anatolian Fault zone and Bitlis–Zagros collision zone to the east; Hellenic and Cyprus subduction zones to the south; and Aegean extensional zone to the west. After 1999 İzmit and 1999 Düzce earthquakes, North Anatolian Fault zone activity ""is considered to be one of the most dangerous natural hazards in Turkey"". 2023 Turkey–Syria earthquakes were the deadliest in contemporary Turkish history. Turkey is sometimes unfavorably compared to Chile, a country with a similar developmental level that is mor",False,False,False
Q874,Turkmenistan,"thumb|upright=1.3|Topography of Turkmenistan
thumb|Turkmenistan is the tenth most [[Water scarcity|water-stressed country in the world.]]
At , Turkmenistan is the world's 52nd-largest country. It is slightly smaller than Spain and larger than Cameroon. It lies between latitudes 35° and 43° N, and longitudes 52° and 67° E.
Over 80% of the country is covered by the Karakum Desert. The center of the country is dominated by the Turan Depression and the Karakum Desert. Topographically, Turkmenistan is bounded by the Ustyurt Plateau to the north, the Kopet Dag Range to the south, the Paropamyz Plateau, the Koytendag Range to the east, the Amu Darya Valley, and the Caspian Sea to the west. Turkmenistan includes three tectonic regions, the Epigersin platform region, the Alpine shrinkage region, and the Epiplatform orogenesis region. The Alpine tectonic region is the epicenter of earthquakes in Turkmenistan. Strong earthquakes occurred in the Kopet Dag Range in 1869, 1893, 1895, 1929, 1948, and 1994. The city of Ashgabat and surrounding villages were largely destroyed by the 1948 earthquake.

The Kopet Dag mountain range, along the southwestern border, reaches at Kuh-e Rizeh (Mount Rizeh).

The Great Balkhan Range in the west of the country (Balkan Province) and the Köýtendag Range on the southeastern border with Uzbekistan (Lebap Province) are the only other significant elevations. The Great Balkhan Range rises to at Mount Arlan and the highest summit in Turkmenistan is Ayrybaba in the Kugitangtau Range – . The Kopet Dag mountain range forms most of the border between Turkmenistan and Iran.

Major rivers include the Amu Darya, the Murghab River, the Tejen River, and the Atrek (Etrek) River. Tributaries of the Atrek include the Sumbar River and Chandyr River.

The Turkmen shore along the Caspian Sea is long. The Caspian Sea is entirely landlocked, with no natural access to the ocean, although the Volga–Don Canal allows shipping access to and from the Black Sea.

Major cities include Aşgabat, Türkmenbaşy (formerly Krasnovodsk), Balkanabat, Daşoguz, Türkmenabat, and Mary.

thumb|right|upright=1.3|Köppen climate classifications of Turkmenistan

Turkmenistan is in a temperate desert zone with a dry continental climate. Remote from the open sea, with mountain ranges to the south and southeast, Turkmenistan's climate is characterized by low precipitation, low cloudiness, and high evaporation. Absence of mountains to the north allows cold Arctic air to penetrate southward to the southerly mountain ranges, which in turn block warm, moist air from the Indian Ocean. Limited winter and spring rains are attributable to moist air from the west, originating in the Atlantic Ocean and Mediterranean Sea. Winters are mild and dry, with most precipitation falling between January and May. The Kopet Dag Range receives the highest level of precipitation.

The Karakum Desert is one of the driest deserts in the world; some places have an average annual precipita",False,False,False
Q672,Tuvalu,"thumb|Map of Tuvalu, showing major towns and islands
thumb|right|A beach at Funafuti atoll
Tuvalu is a volcanic archipelago, and consists of three reef islands (Nanumanga, Niutao and Niulakita) and six true atolls (Funafuti, Nanumea, Nui, Nukufetau, Nukulaelae and Vaitupu). Its small, scattered group of low-lying atolls have poor soil and a total land area of only about making it the fourth smallest country in the world. The highest elevation is above sea level on Niulakita; however, the low-lying atolls and reef islands of Tuvalu are susceptible to seawater flooding during cyclones and storms. The sea level at the Funafuti tide gauge has risen at 3.9&nbsp;mm per year, which is approximately twice the global average. However, over four decades, there had been a net increase in land area of the islets of (2.9%), although the changes are not uniform, with 74% increasing and 27% decreasing in size. A 2018 report stated that the rising sea levels are identified as creating an increased transfer of wave energy across reef surfaces, which shifts sand, resulting in accretion to island shorelines. The Tuvalu Prime Minister objected to the report's implication that there were ""alternate"" strategies for Islanders to adapt to rising sea levels, and criticised it for neglecting issues such as saltwater intrusion into groundwater tables as a result of sea level rise.

Funafuti is the largest atoll, and comprises numerous islets around a central lagoon that is approximately (N–S) by (W-E), centred on 179°7'E and 8°30'S. On the atolls, an annular reef rim surrounds the lagoon with seven natural reef channels. Surveys were carried out in May 2010 of the reef habitats of Nanumea, Nukulaelae and Funafuti; a total of 317 fish species were recorded during this Tuvalu Marine Life study. The surveys identified 66 species that had not previously been recorded in Tuvalu, which brings the total number of identified species to 607. Tuvalu's exclusive economic zone (EEZ) covers an oceanic area of approximately 900,000&nbsp;km2.

Tuvalu signed the Convention on Biological Diversity (CBD) in 1992, and ratified it in December 2002. The predominant vegetation type on the islands of Tuvalu is the cultivated coconut woodland, which covers 43% of the land. The native broadleaf forest is limited to 4.1% of the vegetation types, with 40% of the native broadleaf forest of Funafuti contained in the Funafuti Conservation Area. Tuvalu contains the Western Polynesian tropical moist forests terrestrial ecoregion.",False,False,False
Q1036,Uganda,"thumb|upright=1.2|Relief map of Uganda
Uganda is located in southeast Africa between 1º S and 4º N latitude, and between 30º E and 35º E longitude. Its geography is very diverse, consisting of volcanic hills, mountains, and lakes. The country sits at an average of 900 meters above sea level. Both the eastern and western borders of Uganda have mountains. The Ruwenzori mountain range contains the highest peak in Uganda, which is named Alexandra and measures .

Much of the south of the country is heavily influenced by one of the world's biggest lakes, Lake Victoria, which contains many islands. The most important cities are located in the south, near this lake, including the capital Kampala and the nearby city of Entebbe. Lake Kyoga is in the centre of the country and is surrounded by extensive marshy areas.
thumb|Great Nile River, Uganda
Although landlocked, Uganda contains many large lakes. Besides Lakes Victoria and Kyoga, there are Lake Albert, Lake Edward, and the smaller Lake George. It lies almost completely within the Nile basin. The Victoria Nile drains from Lake Victoria into Lake Kyoga and thence into Lake Albert on the Congolese border. It then runs northwards into South Sudan. An area in eastern Uganda is drained by the Suam River, part of the internal drainage basin of Lake Turkana. The extreme north-eastern part of Uganda drains into the Lotikipi Basin, which is primarily in Kenya.

thumb|upright=1.25|Uganda map of Köppen climate classification

Uganda has 60 protected areas, including ten national parks: Bwindi Impenetrable National Park and Rwenzori Mountains National Park (both UNESCO World Heritage Sites), Kibale National Park, Kidepo Valley National Park, Lake Mburo National Park, Mgahinga Gorilla National Park, Mount Elgon National Park, Murchison Falls National Park, Queen Elizabeth National Park, and Semuliki National Park.

Uganda is home to a vast number of species, including a population of mountain gorillas in the Bwindi Impenetrable National Park, gorillas and golden monkeys in the Mgahinga Gorilla National Park, and hippos in the Murchison Falls National Park.
Jackfruit can also be found throughout the country.
thumb|Male Ugandan kob trying to seduce a female at Queen Elizabeth National Park Photo
The country had a 2019 Forest Landscape Integrity Index mean score of 4.36/10, ranking it 128th globally out of 172 countries.",False,False,False
Q212,Ukraine,"Ukrtelekom is the main telecom operator. The country code for Ukraine is +380.

The biggest mobile phone operators Kyivstar, Vodafone (formerly MTS), Lifecell.

Mobile GPRS access is available in vast majority of Ukraine's territory. 4G mobile access is steadily developing and is available now in all major cities. Public Wi-Fi hotspots are widespread throughout cities. There are plans and projects for providing mass wireless broadband access in urban open spaces, on Ukrzaliznytsia long-distance trains and in urban public transport vehicles.

When entering the country by air through Kyiv airport, it may be recommended to pick up a SIM card directly at the airport at the kiosks next to the currency exchange office. A Vodafone SIM with unlimited data for duration of one month costs 250 грн as of 2019. It's only possible to pay cash, so get cash from the ATMs right across first before attempting to purchase a SIM.

Russian internet services have mostly been blocked by the Ukrainian Government since 2017. Blocking could be easily bypassedthrough built-in proxy in browsers, by VPNs, or by TOR. Some ISPs don't block these services either, mostly in Russian-speaking areas. Locals obviously know how to connect through that blocking; ask them for advice. You can find a full list of blocked sites here. For updates on site blocking in Ukraine, see here",False,False,False
Q878,United Arab Emirates,"thumb|left|Satellite image of United Arab Emirates
The United Arab Emirates is situated in the Middle East, bordering the Gulf of Oman and the Persian Gulf, between Oman and Saudi Arabia; it is in a strategic location slightly south of the Strait of Hormuz, a vital transit point for world crude oil.

The UAE lies between 22°30' and 26°10' north latitude and between 51° and 56°25′ east longitude. It shares a border with Saudi Arabia on the west, south, and southeast, and a border with Oman on the southeast and northeast. The land border with Qatar in the Khor Al Adaid area is about in the northwest; however, it is a source of ongoing dispute. Following Britain's military departure from the UAE in 1971, and its establishment as a new state, the UAE laid claim to Iranian-occupied islands of Abu Musa and the Greater and the Lesser Tunbs, when Iran captured them during the British rule, resulting in disputes with Iran that remain unresolved. The UAE also disputes claim on other islands against the neighbouring state of Qatar. The largest emirate, Abu Dhabi, accounts for 87% of the UAE's total area, . The smallest emirate, Ajman, encompasses only .

The UAE coast stretches for nearly along the southern shore of the Persian Gulf, briefly interrupted by an isolated outcrop of the Sultanate of Oman. Six of the emirates are situated along the Persian Gulf, and the seventh, Fujairah, is on the eastern coast of the peninsula with direct access to the Gulf of Oman. Most of the coast consists of salt pans that extend inland. The largest natural harbor is at Dubai, although other ports have been dredged at Abu Dhabi, Sharjah, and elsewhere. Numerous islands are found in the Persian Gulf, and the ownership of some of them has been the subject of international disputes with both Iran and Qatar. The smaller islands, as well as many coral reefs and shifting sandbars, are a menace to navigation. Strong tides and occasional windstorms further complicate ship movements near the shore. The UAE also has a stretch of the Al Bāţinah coast of the Gulf of Oman. The Musandam Peninsula, the very tip of Arabia by the Strait of Hormuz, and Madha are exclaves of Oman separated by the UAE.

thumb|Roads leading to [[Jebel Jais, the highest mountain in the UAE (1,892&nbsp;m), in Ras Al Khaimah]]
South and west of Abu Dhabi, vast, rolling sand dunes merge into the Rub al-Khali (Empty Quarter) of Saudi Arabia. The desert area of Abu Dhabi includes two important oases with adequate underground water for permanent settlements and cultivation. The extensive Liwa Oasis is in the south near the undefined border with Saudi Arabia. About to the northeast of Liwa is the Al-Buraimi oasis, which extends on both sides of the Abu Dhabi-Oman border. Lake Zakher in Al Ain is a human-made lake near the border with Oman that was created from treated waste water.

Prior to withdrawing from the area in 1971, Britain delineated the internal borders among the seven emirates in order to",False,False,False
Q145,United Kingdom,"thumb|upright|A satellite image of the United Kingdom excluding [[Shetland]]
The total area of the United Kingdom is approximately , with a land area of . It occupies the major part of the British IslesOxford English Dictionary: ""British Isles: a geographical term for the islands comprising Great Britain and Ireland with all their offshore islands including the Isle of Man and the Channel Islands."" and includes the island of Great Britain, the north-eastern one-sixth of the island of Ireland and some smaller surrounding islands, meaning it comprises England, Scotland, Wales and Northern Ireland. 

Geographically, the United Kingdom lies between the North Atlantic Ocean and the North Sea with the southeast coast coming within of the coast of northern France, from which it is separated by the English Channel.

The nearby island polities of the Isle of Man, Jersey and Guernsey are Crown Dependencies, in union with the British monarch, but do not strictly form part of the United Kingdom or any of its three jurisdictions or four countries, although the British government retains responsibility for their external affairs. The Isle of Man lies roughly midway between Great Britain and the island of Ireland in the Irish Sea, while the Channel Islands lie just off the northern French coast.

The Royal Greenwich Observatory in London was chosen as the defining point of the Prime Meridian at the International Meridian Conference in 1884.

The UK lies between latitudes 49° and 61° N, and longitudes 9° W and 2° E. Northern Ireland shares a land boundary with the Republic of Ireland and has a coastline. The length of coastline of Great Britain plus its principal islands is about long, with the coastline of the main island Great Britain being of that, though measurements can vary greatly due to the coastline paradox. It is connected to continental Europe by the Channel Tunnel, which at ( underwater) is the longest underwater tunnel in the world.

The UK contains four terrestrial ecoregions: Celtic broadleaf forests, English Lowlands beech forests, North Atlantic moist mixed forests, and Caledonian conifer forests. The area of woodland in the UK was estimated to be 3.25&nbsp;million hectares in 2023, which represents 13 per cent of its land area.

Most of the United Kingdom has a temperate climate, with generally cool temperatures and plentiful rainfall all year round. The temperature varies with the seasons seldom dropping below or rising above .; Some parts, away from the coast, of upland England, Wales, Northern Ireland and most of Scotland, experience a subpolar oceanic climate. Higher elevations in Scotland experience a continental subarctic climate and the mountains experience a tundra climate.

The prevailing wind is from the southwest and bears frequent spells of mild and wet weather from the Atlantic Ocean, although the eastern parts are mostly sheltered from this wind. Since the majority of the rain falls over the western regions, the e",False,False,False
Q30,United States,"thumb|A [[topographic map of the United States]]

The United States is the world's third-largest country by total area behind Russia and Canada. The 48 contiguous states and the District of Columbia have a combined area of .Areas of the 50 states and the District of Columbia but not Puerto Rico nor other island territories per In 2021, the United States had 8% of the Earth's permanent meadows and pastures and 10% of its cropland.

Starting in the east, the coastal plain of the Atlantic seaboard gives way to inland forests and rolling hills in the Piedmont plateau region. The Appalachian Mountains and the Adirondack Massif separate the East Coast from the Great Lakes and the grasslands of the Midwest. The Mississippi River System, the world's fourth-longest river system, runs predominantly north–south through the center of the country. The flat and fertile prairie of the Great Plains stretches to the west, interrupted by a highland region in the southeast.

thumb|The [[Grand Canyon in Arizona]]

The Rocky Mountains, west of the Great Plains, extend north to south across the country, peaking at over in Colorado. The supervolcano underlying Yellowstone National Park in the Rocky Mountains, the Yellowstone Caldera, is the continent's largest volcanic feature. Farther west are the rocky Great Basin and the Chihuahuan, Sonoran, and Mojave deserts. In the northwest corner of Arizona, carved by the Colorado River, is the Grand Canyon, a steep-sided canyon and popular tourist destination
 known for its overwhelming visual size and intricate, colorful landscape. The Cascade and Sierra Nevada mountain ranges run close to the Pacific coast. The lowest and highest points in the contiguous United States are in the State of California, about apart.

At an elevation of , Alaska's Denali (also called Mount McKinley) is the highest peak in the country and on the continent. Active volcanoes in the U.S. are common throughout Alaska's Alexander and Aleutian Islands. Located entirely outside North America, the archipelago of Hawaii consists of volcanic islands, physiographically and ethnologically part of the Polynesian subregion of Oceania.

In addition to its total land area, the United States has one of the world's largest marine exclusive economic zones spanning approximately 4.5 million square miles (11.7 million km2) of ocean.

thumb|right|The [[Köppen climate classification|Köppen climate types of the United States]]
With its large size and geographic variety, the United States includes most climate types. East of the 100th meridian, the climate ranges from humid continental in the north to humid subtropical in the south. The western Great Plains are semi-arid. Many mountainous areas of the American West have an alpine climate. The climate is arid in the Southwest, Mediterranean in coastal California, and oceanic in coastal Oregon, Washington, and southern Alaska. Most of Alaska is subarctic or polar. Hawaii, the southern tip of Florida and U.S",False,False,False
Q77,Uruguay,"thumb|Map of Uruguay; including its [[Departments of Uruguay|19 departments, territorial sea, exclusive economic zone and extended continental shelf]]

With of continental land and of territorial waters, Uruguay is the second-smallest sovereign nation in South America (after Suriname) and the third smallest territory (French Guiana is the smallest). The landscape features mostly rolling plains and low hill ranges (cuchillas) with a fertile coastal lowland. Uruguay has of coastline. The highest point in the country is the Cerro Catedral, whose peak reaches AMSL in the Sierra Carapé hill range. To the southwest is the Río de la Plata, the estuary of the Uruguay River (the river which forms the country's western border).

A dense fluvial network covers the country, consisting of four river basins, or deltas: the Río de la Plata Basin, the Uruguay River, the Laguna Merín, and the Río Negro. The major internal river is the Río Negro (""Black River""), dammed in 1945, resulting in the formation of the artificial Rincón del Bonete Lake in the heart of Uruguay. Several lagoons are found along the Atlantic coast.

Montevideo is the southernmost national capital in the Americas and the third most southerly in the world (after Canberra and Wellington). Uruguay is the only country in South America situated entirely south of the Tropic of Capricorn, and is the southernmost sovereign state in the world when ordered by northernmost point of latitude. There are ten national parks in Uruguay: Five in the wetland areas of the east, three in the central hill country, and one in the west along the Rio Uruguay. Uruguay is home to the Uruguayan savanna terrestrial ecoregion. The country had a 2019 Forest Landscape Integrity Index mean score of 3.61/10, ranking it 147th globally out of 172 countries.

thumb|Köppen–Geiger climate classification map for Uruguay
Located entirely within the southern temperate zone, Uruguay has a climate that is relatively mild and fairly uniform nationwide. According to the Köppen climate classification, most of the country has a humid subtropical climate (Cfa). Only in some spots of the Atlantic Coast and at the summit of the highest hills of the Cuchilla Grande the climate is oceanic (Cfb).

The country experiences four seasons, with summer from December to March and winter from June to September. Seasonal variations are pronounced, but extremes in temperature are rare. Summers are tempered by winds off the Atlantic, and severe cold in winter is unknown. Although it never gets too cold, frosts occur every year during the winter months, and precipitation such as sleet and hail occur almost every winter, but snow is very rare; it does occur every couple of years at higher elevations, but almost always without accumulation. As would be expected with its abundance of water, high humidity and fog are common.

The absence of mountains, which act as weather barriers, makes all locations vulnerable to high winds and rapid changes",False,False,False
Q686,Vanuatu,"thumb|Map of Vanuatu with its capital, [[Port Vila, located on its third largest island]]
thumb|Rentapau, a wildflowers garden

Vanuatu is a Y-shaped archipelago consisting of about 83 relatively small, geologically newer islands of volcanic origin (65 of them inhabited), with about between the most northern and southern islands. Two of these islands (Matthew and Hunter) are also claimed and controlled by France as part of the French collectivity of New Caledonia. The country lies between latitudes 13°S and 21°S and longitudes 166°E and 171°E.

The fourteen of Vanuatu's islands that have surface areas of more than are, from largest to smallest: Espiritu Santo, Malakula, Efate, Erromango, Ambrym, Tanna, Pentecost, Epi, Ambae or Aoba, Gaua, Vanua Lava, Maewo, Malo and Aneityum or Anatom. The nation's largest towns are the capital Port Vila, on Efate, and Luganville on Espiritu Santo. The highest point in Vanuatu is Mount Tabwemasana, at , on the island of Espiritu Santo.

Vanuatu's total area is roughly , Most of the islands are steep, with unstable soils and little permanent freshwater. One estimate, made in 2005, is that only 9% of land is used for agriculture (7% with permanent crops, plus 2% considered arable). The shoreline is mostly rocky with fringing reefs and no continental shelf, dropping rapidly into the ocean depths.

There are several active volcanoes in Vanuatu, including Lopevi, Mount Yasur and several underwater volcanoes. Volcanic activity is common, with an ever-present danger of a major eruption; a nearby undersea eruption of 6.4 magnitude occurred in November 2008 with no casualties, and an eruption occurred in 1945. Vanuatu is recognised as a distinct terrestrial ecoregion, which is known as the Vanuatu rain forests. It is part of the Australasian realm, which includes New Caledonia, the Solomon Islands, Australia, New Guinea and New Zealand.

Vanuatu's population (estimated in 2008 as growing 2.4% annually)Asia Development Bank Vanuatu Economic Report 2009 is placing increasing pressure on land and resources for agriculture, grazing, hunting, and fishing. 90% of Vanuatu households fish and consume fish, which has caused intense fishing pressure near villages and the depletion of near-shore fish species. While well-vegetated, most islands show signs of deforestation. The islands have been logged, particularly of high-value timber, subjected to wide-scale slash-and-burn agriculture, and converted to coconut plantations and cattle ranches, and now show evidence of increased soil erosion and landslides.

Many upland watersheds are being deforested and degraded, and fresh water is becoming increasingly scarce. Proper waste disposal, as well as water and air pollution, are becoming troublesome issues around urban areas and large villages. Additionally, the lack of employment opportunities in industry and inaccessibility to markets have combined to lock rural families into a subsistence or self-reliance mode, putting t",False,False,False
Q237,Vatican City,"thumb|upright=2.25|A map of Vatican City, highlighting notable buildings and the Vatican gardens

The territory of Vatican City is part of the Vatican Hill, and of the adjacent former Vatican Fields. It is in this territory that St Peter's Basilica, the Apostolic Palace, the Sistine Chapel, and museums were built, along with other buildings. The area was part of the Roman rione of Borgo until 1929. Being separated from Rome, on the west bank of the river Tiber, the area was an outcrop of Rome that was protected by being included within the walls of Leo IV (847–855), and later expanded by the current fortification walls, built under Paul III (1534–1549), Pius IV (1559–1565), and Urban VIII (1623–1644).

thumb|The territory of Vatican City State according to the [[Lateran Treaty]]

When the Lateran Treaty of 1929 that gave the state its form was being prepared, the boundaries of the proposed territory were influenced by the fact that much of it was all but enclosed by this loop. For some tracts of the frontier, there was no wall, but the line of certain buildings supplied part of the boundary, and for a small part of the frontier a modern wall was constructed.Lateran Treaty of 1929, Article 3

The territory includes St Peter's Square, distinguished from the territory of Italy only by a white line along the limit of the square, where it touches Piazza PioXII. St. Peter's Square is reached through the Via della Conciliazione which runs from close to the Tiber to St Peter's. This grand approach was constructed by Benito Mussolini after the conclusion of the Lateran Treaty. St Peter's Square is also partially encircled by the Ricciolo d'Italia, a small strip of Italian territory.

According to the Lateran Treaty, certain properties of the Holy See that are located in Italian territory, most notably the Papal Palace of Castel Gandolfo and the major basilicas, enjoy extraterritorial status similar to that of foreign embassies. These properties, scattered all over Rome and Italy, house essential offices and institutions necessary to the character and mission of the Holy See.Lateran Treaty of 1929, Articles 13–16

Castel Gandolfo and the named basilicas are patrolled internally by police agents of Vatican City State and not by Italian police. According to the Lateran Treaty, St. Peter's Square, up to but not including the steps leading to the basilica, is normally patrolled by the Italian police.

There are no passport controls for visitors entering Vatican City from the surrounding Italian territory. There is free public access to Saint Peter's Square and Basilica and, on the occasion of papal general audiences, to the hall in which they are held. For these audiences and for major ceremonies in Saint Peter's Basilica and Square, tickets free of charge must be obtained beforehand. The Vatican Museums, incorporating the Sistine Chapel, usually charge an entrance fee. There is no general public access to the gardens. Guided tours for small g",False,False,False
Q717,Venezuela,"upright=1.3|thumb|A topographic map of Venezuela
thumb|[[States of Venezuela|Venezuela states and capitals]]

Venezuela is located in the north of South America. Geologically, its mainland rests on the South American Plate. It has a total area of and a land area of , making Venezuela the 32nd largest country in the world. The territory it controls lies between latitudes 0° and 16°N and longitudes 59° and 74°W.

Shaped roughly like a triangle, Venezuela has a coastline in the north, which includes numerous islands in the Caribbean and Atlantic Ocean. Most observers describe Venezuela in terms of four fairly well defined topographical regions: the Maracaibo lowlands in the northwest, the northern mountains extending in a broad east–west arc from the Colombian border along the northern Caribbean coast, the wide plains in central Venezuela, and the Guiana Highlands in the southeast.

The northern mountains are the extreme northeastern extensions of South America's Andes mountain range. Pico Bolívar, the nation's highest point at , lies in this region. To the south, the dissected Guiana Highlands contain the northern fringes of the Amazon Basin and Angel Falls, the world's highest waterfall, as well as tepuis, large table-like mountains. Venezuela's center is characterized by the Llanos, which are extensive plains that stretch from the Colombian border in the far west to the Orinoco Delta in the east. The Orinoco with its rich alluvial soils binds the largest and most important river system. The Orinoco Basin is one of the largest watersheds in Latin America. The Caroní and the Apure are other major rivers.

thumb|[[Cayo de Agua, Los Roques Archipiélago, Caribbean Sea]]
Venezuela borders Colombia to the west, Guyana to the east, and Brazil to the south. Caribbean islands such as Trinidad and Tobago, Grenada, Curaçao, Aruba, and the Leeward Antilles lie near the coast. Venezuela has territorial disputes with Guyana, formerly United Kingdom, largely concerning the Essequibo area, and with Colombia concerning the Gulf of Venezuela.

Venezuela is entirely located in the tropics over the Equator to around 12° N. Its climate varies from humid low-elevation plains, where average annual temperatures range as high as , to glaciers and highlands (the páramos) with an average yearly temperature of . Annual rainfall varies from in the semiarid portions of the northwest to over in the Orinoco Delta of the far east and the Amazon rainforest in the south.

The precipitation level is lower from August to April. These periods are referred to as hot-humid and cold-dry seasons. Another characteristic of the climate is this variation throughout Venezuela by the existence of a mountain range called ""Cordillera de la Costa"" which crosses Venezuela from east to west. The majority of the population lives in these mountains. Meanwhile, the unique geography of and around Lake Maracaibo causes mountain-valley and land-sea breezes that causes the most frequent l",False,False,False
Q881,Vietnam,"thumb|left|alt=Images showing Hạ Long Bay, the Yên River and the Bản-Giốc Waterfalls|Natural attractions in Vietnam, clockwise from top: [[Hạ Long Bay, Yên River, and Bản-Giốc Waterfalls]]
thumb|alt=Image of the Hoàng Liên Sơn mountain range|Hoàng Liên Sơn mountain range, the range that includes [[Fansipan, which is the highest summit on the Indochinese Peninsula]]
Vietnam is located on the eastern Indochinese Peninsula between the latitudes 8° and 24°N, and the longitudes 102° and 110°E. It covers a total area of or . The combined length of the country's land boundaries is , and its coastline is long. At its narrowest point in the central Quảng Bình province, the country is as little as across, though it widens to around in the north. Vietnam's land is mostly hilly and densely forested, with level land covering no more than 20%. Mountains account for 40% of the country's land area, and tropical forests cover around 42%. The Red River flows past Hanoi in Northern Vietnam before emptying into the Gulf of Tonkin. The Red River Delta is a flat, roughly triangular low-level plain covering . It has the smallest area but the highest population and population density of all regions in Vietnam. It is criss-crossed by a maze of rivers and canals, which carry so much sediment that the delta advances into the South China Sea every year. The exclusive economic zone of Vietnam covers in the South China Sea.

Southern Vietnam is divided into coastal lowlands, the mountains of the Annamite Range, and extensive forests. Comprising five relatively flat plateaus of basalt soil, the highlands account for 16% of the country's arable land and 22% of its total forested land. The soil in much of the southern part of Vietnam is relatively low in nutrients as a result of intense cultivation. Several minor earthquakes have been recorded. The northern part of the country consists mostly of highlands and the Red River Delta. Fansipan (Vietnamese: Phan Xi Păng), the summit of which is located on the border between Lào Cai and Lai Châu provinces, is the highest mountain on the Indochinese Peninsula, standing high. From north to south Vietnam, the country also has numerous islands; Phú Quốc is the largest. Ba Bể Lake is the largest natural lake in Vietnam, and the Mekong River is the longest river in the country. Hang Sơn Đoòng, first surveyed in 2009 by an expedition from the British Cave Research Association, is among the largest caves in the world. The cave is over in length, and some of its caverns are large enough to hold a 40-story skyscraper. It has an enormous sinkhole, more than in depth, beneath which grows a tropical rainforest containing trees nearly tall. This forest is home to monkeys and other animals not normally found in a subterranean environment. A subterranean river also flows within the cave.

thumb|alt= An image of the Köppen climate classification map of Vietnam|[[Köppen climate classification map of Vietnam]]
alt=Photograph of Nha Trang",False,False,False
Q805,Yemen,"thumb|right|Agricultural [[Terrace (earthworks)|terraces in the Haraz-Sarat Mountains]]

Yemen covers and is located at the southern part of the Arabian Peninsula. It is bordered by Saudi Arabia to the north, the Red Sea to the west, the Gulf of Aden and Guardafui Channel to the south, and Oman to the east.

Several Red Sea islands, including the Hanish Islands, Kamaran, and Perim, as well as Socotra in the Arabian Sea, belong to Yemen; the largest of these is Socotra. Many of the islands are volcanic; Jabal al-Tair Island had volcanic eruptions in 1883 and 2007. Although mainland Yemen is in the southern Arabian Peninsula and thus part of Asia, and its Hanish Islands and Perim in the Red Sea are associated with Asia, the archipelago of Socotra, which lies east of the Horn of Africa and is much closer to Africa than to Asia, is geographically and bio-geographically associated with Africa.

thumb| Yemen's [[Köppen climate classification map (direct: Final Revised Paper ) is based on temperature, precipitation and their seasonality.
{|
|- valign=top |
|

| width=5 |
|
|}
]]
thumb|Yemen is the sixth most water stressed country in the world.

Yemen can be divided geographically into four main regions: the coastal plains in the west, the western highlands, the eastern highlands, and the Rub' al Khali in the east. The Tihamah (""hot lands"" or ""hot earth"") form a very arid and flat coastal plain along Yemen's entire Red Sea coastline. Despite the aridity, the presence of many lagoons makes this region very marshy and a suitable breeding ground for malaria-borne mosquitos. Extensive crescent-shaped sand dunes are present. The evaporation in the Tihamah is so great that streams from the highlands never reach the sea, but they do contribute to extensive groundwater reserves. Today, these are heavily exploited for agricultural use.

Near the village of Madar about north of Sanaa, dinosaur footprints were found, indicating that the area was once a muddy flat. The Tihamah ends abruptly at the escarpment of the western highlands. This area, now heavily terraced to meet the demand for food, receives the highest rainfall in Arabia, rapidly increasing from per year to about in Taiz and over in Ibb. Temperatures are warm in the day but fall dramatically at night.

The central highlands are an extensive high plateau over in elevation. This area is drier than the western highlands because of rain-shadow influences, but still receives sufficient rain in wet years for extensive cropping. Water storage allows for irrigation and the growing of wheat and barley. Sanaa is in this region. The highest point in Yemen and Arabia is Jabal An-Nabi Shu'ayb, at about . Yemen's portion of the Rub al Khali desert in the east is much lower, generally below , and receives almost no rain. It is populated only by Bedouin herders of camels.

Yemen contains six terrestrial ecoregions: Arabian Peninsula coastal fog desert, Socotra Island xeric shrublands, Southwestern Arab",False,False,False
Q953,Zambia,"thumb|upright=1.4|Zambia map of Köppen climate classification
Zambia is a landlocked country in southern Africa, with a tropical climate, and consists mostly of high plateaus with some hills and mountains, dissected by river valleys. At , it is the 39th-largest country in the world. The country lies mostly between latitudes 8° and 18°S, and longitudes 22° and 34°E.

Zambia is drained by two major river basins: the Zambezi/Kafue basin in the centre, west, and south covering about three-quarters of the country; and the Congo basin in the north covering about one-quarter of the country. An area in the northeast forms part of the internal drainage basin of Lake Rukwa in Tanzania.

In the Zambezi basin, there are rivers flowing wholly or partially through Zambia: the Kabompo, Lungwebungu, Kafue, Luangwa, and the Zambezi, which flows through the country in the west and then forms its southern border with Namibia, Botswana, and Zimbabwe. Its source is in Zambia and it diverts into Angola, and a number of its tributaries rise in Angola's central highlands. The edge of the Cuando River floodplain (not its main channel) forms Zambia's southwestern border, and via the Chobe River.Beilfuss, Richard and dos Santos, David (2001) ""Patterns of Hydrological Change in the Zambezi Delta, Mozambique"". Working Paper No 2 Program for the Sustainable Management of Cahora Bassa Dam and The Lower Zambezi Valley.

Two of the Zambezi's longest and largest tributaries, the Kafue and the Luangwa, flow mainly in Zambia. Their confluences with the Zambezi are on the border with Zimbabwe at Chirundu and Luangwa town respectively. Before its confluence, the Luangwa River forms part of Zambia's border with Mozambique. From Luangwa town, the Zambezi leaves Zambia and flows into Mozambique, and eventually into the Mozambique Channel.

thumb|[[Victoria Falls]]
In Eastern Zambia the plateau which extends between the Zambezi and Lake Tanganyika valleys is tilted upwards to the north, and so rises imperceptibly from about in the south to in the centre, reaching in the north near Mbala. These plateau areas of northern Zambia have been categorised by the World Wildlife Fund as a large section of the Central Zambezian miombo woodlands ecoregion.

The Luangwa Valley splits the plateau in a curve north-east to south-west, extended west into the heart of the plateau by the deep valley of the Lunsemfwa River. Hills and mountains are found by the side of some sections of the valley, including in its north-east the Nyika Plateau () on the Malawi border, which extend into Zambia as the Mafinga Hills, containing the country's highest point, Mafinga Central ().

Zambia is located on the plateau of Central Africa, between above sea level. The average elevation of gives the land a generally moderate climate. The climate of Zambia is tropical, modified by elevation. In the Köppen climate classification, most of the country is classified as humid subtropical (Cfa) or tropical wet and dr",False,False,False
Q954,Zimbabwe,"thumb|The [[Zambezi River in the Mana Pools National Park]]
thumb|Zimbabwe map of Köppen climate classification
Zimbabwe is a landlocked country in southern Africa, lying between latitudes 15° and 23°S, and longitudes 25° and 34°E. It is bordered by South Africa to the south, Botswana to the west and southwest, Zambia to the northwest, and Mozambique to the east and northeast. Its northwest corner is roughly from Namibia, nearly forming a four-nation quadripoint. Most of the country sits on the Zimbabwean Plateau, which generally has an elevation of over . The country's extreme east is mountainous, this area being known as the Eastern Highlands, with Mount Nyangani as the highest point at .

The highlands are known for their natural environment, with tourist destinations such as Nyanga, Troutbeck, Chimanimani, Vumba and Chirinda Forest at Mount Selinda. About 20% of the country consists of low-lying areas, (the low veld) under 900m. Victoria Falls, one of the world's largest and most spectacular waterfalls, is located in the country's extreme northwest and is part of the Zambezi river.

Over geological time, Zimbabwe has experienced two major post-Gondwana erosion cycles (known as African and post-African), and a very subordinate Plio-Pleistocene cycle.

Zimbabwe has a subtropical climate with many local variations. The southern areas are known for their heat and aridity, while parts of the central plateau receive frost in winter. The Zambezi valley is known for its extreme heat, and the Eastern Highlands usually experience cool temperatures and the highest rainfall in the country. The country's rainy season generally runs from late October to March, and the hot climate is moderated by increasing altitude. Zimbabwe is faced with recurring droughts. In 2019, at least 55 elephants died because of drought. Severe storms are rare.Baughan, M. (2005). Continent in the Balance: Zimbabwe-Juvenile literature. Philadelphia, PA: Mason Crest Publishers; .

thumb|An elephant at a water hole in [[Hwange National Park]]
Zimbabwe contains seven terrestrial ecoregions: Kalahari acacia–baikiaea woodlands, Southern Africa bushveld, Southern miombo woodlands, Zambezian Baikiaea woodlands, Zambezian and mopane woodlands, Zambezian halophytics, and Eastern Zimbabwe montane forest-grassland mosaic in the Eastern Highlands.

The country is mostly savanna, although the moist and mountainous Eastern Highlands support areas of tropical evergreen and hardwood forests. Trees found in the Eastern Highlands include teak, mahogany, enormous specimens of strangler fig, forest Newtonia, big leaf, white stinkwood, chirinda stinkwood, knobthorn and many others.

In the low-lying parts of the country fever trees, mopane, combretum and baobabs abound. Much of the country is covered by miombo woodland, dominated by brachystegia species and others. Among the numerous flowers and shrubs are hibiscus, flame lily, snake lily, spider lily, leonotis, cassia, tree wisteria and",False,False,False
