destination_id,destination_name,stay_safe_text
Q1017,Aachen,"Aachen is one of Germany's safer cities on average, and the casual tourist does not have to worry whilst in Aachen. The city center is usually bustling with life, especially during the school year, though pickpockets can take advantage of people taking a drink. 

With that said, the areas immediately surrounding the main railway station (Hauptbahnhof) and the local bus station (Bushof) attract hordes of junkies. Furthermore, a lot of neighborhoods south of the city center can come off as sketchy if you are not accustomed to post-industrial towns. Most areas are usually fine.

As a border town, there is a certain amount of drug trafficking, but unless you are directly involved with this activity, you won't be affected."
Q36405,Aberdeen,"Aberdeen is broadly safe, but you need to use your street sense. There is the usual motley crowd of drunks, beggars, rough sleepers and sex workers. Aggressive drunks are the main hassle, especially at weekends: the centre is heavily policed but trouble can flare in a moment. Some drunks are capable of assaulting lampposts that they reckon have looked at them amiss, so English football colours are a red rag to a bull. Above all don't be drunk or drugged yourself.

Areas to avoid, especially after dark, are Tillydrone (north of Bedford Road and east of St Machar Drive) and Torry (the south bank of River Dee)."
Q3761,Accra,"See Ghana#Stay safe for general information. 

Bywel's bar in Osu district is a frequent hangout of expats on Thursday nights, meaning that it is a target for muggings. Be sure to leave in a large group and enter a taxi immediately upon exiting the bar."
Q3624,Addis Ababa,"thumb|Police officer on a light rail train
* Addis is safer than most cities in Africa. Gang violence and similar serious activities are unusual. However, you may encounter some pick-pockets and con-artists around and inside Bole Airport, Mercato, Piazza and many other areas. Keep your belongings close, and pay attention to your surroundings. A common tactic is to show you a tray of things to buy with one hand and to try your pocket with the other. The good news is most of these pick-pockets are unarmed and young boys. If they know that you are aware of what they are up to, they may get intimidated and go away. However, some can be quite persistent and even involve older boys.
*Watch out for the spitting scam which happens in Piazza area. Typically it involves someone ""accidentally"" spitting on you, offering a handkerchief / tissue to clean it up, trying your pockets while you are distracted by this ""accident"" and then jumping into a companion's car with your belongings.
*Someone might also grab your arm and act crazy pretending to kick you as a distraction while his accomplice tries your pockets.
* As most Ethiopians are very welcoming, there is an infamous scam where young locals ""befriend"" tourists and invite them over after a nice day together to celebrate a ""special holiday"". You will get fed a lot of khat leaves, a chewing drug, and have a good time with them, but in the end you will be asked for a tremendous amount of money for the khat as they claim it is a ""special"" quality. Be aware of too friendly locals and ask if there is a price to anything, even if they claim you are invited.
* Be aware of your belongings on Line Taxis: They usually get very crowded – keep your wallet/phone/bag close to you.
* The major and important roads and areas are patrolled by the 'Federal Police' or, as the city residents refer them Federal. They have a reputation of being merciless with suspected criminals. In contrast, the Addis-Ababa city police, who most of the time patrol the less important city streets, markets and neighborhoods are more tolerant and less respected police officers.
* For all emergencies . In Addis, major streets are generally safe at night.
* Unlike in other African cities, in Addis-Ababa, police officers never approach foreigners to ask them to present a passport, ID or ""legal"" papers. Once you show your passport at the airport, you are free to move around pretty much anywhere. The only time you need your passport or ID is for hotel reservation and other similar and few instances. However, it is important to have your ID with you at all times."
Q5112,Adelaide,"thumb|right|The [[University of Adelaide Health and Medical Sciences Building, located in the BioMed City precinct on North Terrace]]

Adelaide's two largest hospitals are the Royal Adelaide Hospital (RAH) in Adelaide Parklands, a teaching hospital affiliated with the University of Adelaide (800 beds), and the Flinders Medical Centre (580 beds) at Bedford Park, affiliated with Flinders University. The RAH also operates additional campuses for specialist care throughout the suburbs including the Hampstead Rehabilitation Centre (150 beds) at Northfield and the Glenside Campus (129 beds) for acute mental health services.

Other major public hospitals are the Women's and Children's Hospital (305 beds), at North Adelaide; the Queen Elizabeth Hospital (340 beds) at Woodville; Modbury Hospital (174 beds) at Modbury; and the Lyell McEwin Hospital (198 beds) at Elizabeth Vale. Numerous private hospitals are also located throughout the city, with the largest operators being not-for-profits Adelaide Community Healthcare Alliance (three hospitals) and Calvary Care (four hospitals).

In 2017, the RAH was relocated from the city's East End to a new AU$2.3&nbsp;billion facility built over former railyards in the West End. The state-of-the-art hospital forms part of a new biomedical precinct called BioMed City that collocates the South Australian Health and Medical Research Institute (SAHMRI), the University of Adelaide Health and Medical Sciences building, the University of South Australia's Health Innovation Building, and the state's Dental Hospital. SAHMRI, with additional external funding, has built a $300&nbsp;million second facility completed in 2024, which was intended to house the Australian Bragg Centre with Australia's first proton therapy unit. Construction is underway for the Women's and Children's Hospital to be relocated to the precinct adjacent the RAH by 2030.
thumb|The [[South Australian Health and Medical Research Institute (SAHMRI), located on North Terrace]]

The largest provider of community health care within Adelaide is the not-for-profit Royal District Nursing Service, which provides out of hospital care and hospital avoidance care."
Q889,Afghanistan,"Afghanistan has more than its share of health issues, and it is pretty much essential to consult a travel doctor ahead of your trip about vaccinations and health risks. Travellers' diarrhea will afflict most visitors at least occasionally, and other food-related illnesses are moderately common. Respiratory diseases such as tuberculosis are common, and malaria is a risk in many parts of the country. Meningitis, hepatitis, cholera and rabies are major health issues, especially in the countryside with lacking health infrastructure.

Afghanistan is one of the dustiest countries in the world, and you should be prepared to be covered in it and breathing it for most of your stay, even in the major cities. Consider bringing facemasks. Pollution from diesel engines can also make life unpleasant.

Flies are notoriously heinous here, likely due to poor sanitation. Winter brings some relief, but they come back full-strength when spring arrives.

Food should be approached with a discerning eye, as hygiene standards can often be lacking. Hot, freshly cooked food is generally safer. Bottled water is also advised, unless you have your own purification system.

Do not approach any animals, especially dogs and cats and preferably take a rabies shot before going to the country, it's one of the most rabies-affected countries in the world and finding medical attention and medications will be hard – even with the shot you need to get urgent medical treatment if you get a scratch from an infected animal.

Bring any prescription medicine you may need from your home country, and don't count on being able to find it locally. You may also consider carrying pain relievers and anti-diarrheals, as they'll be hard to find outside of major cities.

Squat toilets are the norm, with toilet paper optional and sometimes scarce. Western-style toilets are seen occasionally in newer buildings and some private homes."
Q42941,Agra,"* Don't leave cash or any valuables in the hotel room. Cross check all hotel, restaurant and lounge bills for errors.
* Never pay anyone for anything upfront, including taxi drivers.
* Beware of pickpockets.
* If you decide to purchase anything, beware that most items are cheap replicas of original items and not likely to last long. The toys are really poorly put together so do not buy them!
* During the winter season, the weather of Agra is unpredictable and temperature may go as low as freezing; be well prepared.
* Some unscrupulous dealers of carpets use the classic 'bait and switch'. If you buy something, insist on carrying it yourself else what arrives in the post might not be what you bargained for. A carpet shop named 'Kanu carpets' is particularly infamous for this. It is prudent to steer clear of shady looking establishments."
Q1070,Ahmedabad,"People are friendly and the police will help you when you have an emergency. Ahmedabad is relatively safe because alcohol is not permitted: no late-night rowdyism as seen in other cities.

Ahmedabad City Police has around 35 major police stations besides the minor police chowkis.

For emergency, dial 100.

Find your police station depending on the area. Contact details (e-mail IDs and phone numbers) can be found when clicking on the respective station."
Q40104,Ajaccio,"Ajaccio has three hospital sites:
*the Misericordia Hospital, built in 1950, is located on the heights of the city centre. This is the main medical facility in the region.
*The Annex Eugenie.
*the Psychiatric Hospital of Castelluccio is west of the city centre and is also home of cancer services and long-stay patients.Castelluccio - Public Establishment of Health"
Q222,Albania,"thumb|Mineral water at a restaurant

It's best to drink bottled water. Unboiled tap water should be avoided.

In summer, insect repellent should be used as mosquitos are very active especially near former swamps and along the Western lowland.

Be careful at the beaches because shards of glass and sea urchins are common on the sea floor. 

Pharmacies and other stores are closed from about 12:00-16:00. Health clinics in small towns or village areas are not well equipped, so trips to nearby cities can be expected. 

Many Albanians smoke cigarettes. The government has banned smoking in restaurants but this is not enfored."
Q34804,Albuquerque,"thumb|350px|Although rare, snow is not unheard of in Albuquerque
Albuquerque has an average crime rate compared to some other American cities, but most of it is property crime of more concern to residents than to visitors.

Central Avenue is home to some of Albuquerque's main attractions, but portions of it can be somewhat dangerous after dark. The section from the train tracks (eastern edge of downtown) to University Blvd. can be a little scary in the evening. Even in Downtown, while Central Avenue is passable, smaller nearby streets such as Copper Street can be scary after dark. The Nob Hill/UNM district (between University and Carlisle) is perfectly safe at night, but Central gets progressively seedier east of Carlisle, and can get quite scary around the Fairgrounds. Consider the bus or a cab through these areas after the sun goes down. The motels by the airport and their parking lots are frequent sites for illicit deals of various types. If staying at one of these establishments, simply do not engage and nothing bad will happen. 

Due to its size and mild climate, the streets of Albuquerque are considered home to many people. While not typically a danger, do expect to meet up with beggars and vagrants, particularly around UNM.

If you're going to be engaging in outdoor recreation (even as laid-back as watching an Isotopes day game), slather on the sun screen. The elevation of the city is or higher, and there is usually not much cloud cover, so one can get a bad sunburn in surprisingly short order.

Also, New Mexico is very arid. That, and its high altitude results in very low humidity in both summer and winter, which can lead to dehydration. Drink plenty of water. A common complaint among visitors from lower altitudes is a persistent headache, which is often mistaken for altitude sickness, but is really a common symptom of dehydration. Consider carrying a water bottle and drinking frequently throughout the day if you don't already.

Be forewarned about New Mexican cuisine; if you're not used to green chile, go easy at first. Many first-timers have tried to eat the hottest chile they could find, only to discover six hours later that it was much hotter than they remembered. Be prepared."
Q41183,Aleppo,"See the warning on the Syria article for more information. 

Many buildings in the city, particularly in the Salaheddin neighborhood and surrounding areas, have been damaged severely by the civil war. Buildings can and do collapse, often with deadly consequences. Stay away from buildings that have sustained heavy damage or look structurally unstable."
Q262,Algeria,"Although Algeria has a universal healthcare system that covers all citizens and provides free medical care at public facilities, the public healthcare system is notorious for being poorly maintained; the system has been beset by underfunding, understaffing, overcrowding, corruption, and mismanagement. In addition, expect little to no help if you're not proficient in Arabic, French, or both. Medical care in Southern Algeria, particularly in the Sahara, is virtually non-existent. If you’re planning a trip to the area, bring your own medical supplies.

Algeria is sometimes struck by localized power cuts during summer in the south, which means that refrigerated foods may go bad. Therefore, you should keep that in mind when eating in restaurants, as the likelihood of getting food poisoning is always there.

Mosquitoes are also a problem in Algeria, but they are just a nuisance, as malaria is not common. In urban areas, there is periodic city-wide spraying against mosquitoes.

Do not expect very good water quality in southern Algeria. Buy bottles of water instead of drinking tap water: they are cheap at DA40 for 1.5L, so 5L of good water costs less than US$1.

Hygiene standards in Algeria are generally low, and litter is widespread—even in remote areas. While this is unlikely to pose a direct health risk, it can make public spaces unpleasant. Take normal precautions such as using hand sanitizer, avoiding contact with debris, and choosing cleaner-looking restaurants and accommodations where possible."
Q3561,Algiers,"* To contact the Algerian police, dial 1548. 
* To contact the Algerian fire department, dial 14. 
* To contact the Algerian parademics, dial 0 213 23 54 44 28."
Q39450,Anchorage,"Anchorage has a reputation for being a dangerous city — a reputation that's not entirely unwarranted — but the average traveller should not be too overly concerned or cautious of their surroundings. A lot of the crime occurs between those involved in the drug trade or organized crime.

Like most cities, location is very important as security changes from place to place. Areas close to downtown are safer to walk at night. Stay in populated areas, avoid poor neighborhoods, especially at night, and don't walk there at any time if you are alone. Vicious beatings have been reported at resorts by people who have travelled alone, so stay alert for any suspicious-looking individual. 

Certain areas in the northeast of the city (Mountain View, north of the Glenn Highway and east of Merrill Field airport) and central (Fairview, 6th to 15th Avenue, east of Ingra) have higher crime than other spots. 

As in all other cities these crimes receive a disproportionate amount of attention from local media. These tragic events, however, are typically not random so they will probably not impact your visit. You are more likely to be a victim of crimes of opportunity; however, most violent crimes in Anchorage are usually domestic disputes.

Also, areas around the airport like Spenard are known for increased drug activity and sex work. In earlier times, the downtown area around 4th Avenue was like that, but a concerted effort over the last eight years has mostly moved the activity into Spenard. 

A constant problem is car break-ins at parking lots. Do not leave any valuables visible.

The trails close to and around the university are unsafe when it is dark. During the colder months there are increased attacks on females going to and from the housing and library.  

Also, stay a good distance away from moose. Although they may appear harmless, they can and will protect their young ones from people, and can charge if they feel cornered or threatened. Never approach them, as they are best viewed from a distance."
Q228,Andorra,"The main hospital in Andorra is the Meritxell (pronounced merichai) Hospital (+376 871 000).

Tap water is drinkable, though if you're coming from far away it's possible the local microbes and minerals may upset your stomach at first. As in many places, bottled water is safest."
Q916,Angola,"thumb|Lucrécia Paím Maternity Hospital
Epidemics of cholera, malaria, rabies and African hemorrhagic fevers like Marburg hemorrhagic fever, are common diseases in several parts of the country. Many regions in this country have high incidence rates of tuberculosis and high HIV prevalence rates. Dengue, filariasis, leishmaniasis and onchocerciasis (river blindness) are other diseases carried by insects that also occur in the region. Angola has one of the highest infant mortality rates in the world and one of the world's lowest life expectancies. A 2007 survey concluded that low and deficient niacin status was common in Angola. Demographic and Health Surveys is currently conducting several surveys in Angola on malaria, domestic violence and more.

In September 2014, the Angolan Institute for Cancer Control (IACC) was created by presidential decree, and it will integrate the National Health Service in Angola. The purpose of this new centre is to ensure health and medical care in oncology, policy implementation, programmes and plans for prevention and specialised treatment.Novo instituto oncológico de Angola quer ser referência em África , Diário Digital (Source: Lusa Agency), 9 September 2014 This cancer institute will be assumed as a reference institution in the central and southern regions of Africa.Novo instituto oncológico angolano quer ser instituição de referência no continente , Ver Angola, 11 September 2014

In 2014, Angola launched a national campaign of vaccination against measles, extended to every child under ten years old and aiming to go to all 18 provinces in the country.Angola: Over 30,000 Children Vaccinated Against Measles in Huila , All Africa, 30 September 2014 The measure is part of the Strategic Plan for the Elimination of Measles 2014–2020 created by the Angolan Ministry of Health which includes strengthening routine immunisation, a proper dealing with measles cases, national campaigns, introducing a second dose of vaccination in the national routine vaccination calendar and active epidemiological surveillance for measles. This campaign took place together with the vaccination against polio and vitamin A supplementation.

A yellow fever outbreak, the worst in the country in three decades began in December 2015. By August 2016, when the outbreak began to subside, nearly 4,000 people were suspected of being infected. As many as 369 may have died. The outbreak began in the capital, Luanda, and spread to at least 16 of the 18 provinces. In the 2024 Global Hunger Index (GHI), Angola has a serious level of hunger and ranks 103rd out of 127 countries. Angola's GHI score is 26.6"
Q28271,Annapolis,"Annapolis is one of the safest cities in Maryland. The normal precautions apply, but downtown is pretty much safe at all times. Due to its status as the state capital, there is a larger-than-usual police presence; the Annapolis City Police, Maryland Capital Police, Maryland State Police and, Anne Arundel County Police are all commonly seen in the city and surrounding areas."
Q6487,Antalya,"thumb | 300px | Aliens exploring the Toy Museum 
Standard precautions about traffic, water and sun safety, care of valuables and avoiding drunks. 

Antalya like any other big city has its quota of dodgy individuals, sharp-edged trash and stray dogs; but tourists have little reason to be in down-at-heel districts."
Q3915,Antananarivo,"Despite ongoing efforts by the Ministry of Domestic Security, crime has worsened in Antananarivo since 2009. Between 1994 and 1998, the city had an average of eight to twelve police officers for every 10,000 inhabitants; large cities typically have closer to fifteen. Under the mayorship of Marc Ravalomanana (1998–2001), street lights were installed or repaired throughout the city to improve night-time safety. He increased the number of police officers on the streets, leading to a drop in crime. , the city lacks a comprehensive strategy for reducing crime. The recent increase in crime and the inadequate response from the CUA has prompted the growth of private security firms in the city.

The Antanimora Prison is located in the Antanimora district of the city. The facility has a maximum capacity of 800 inmates and has been reported to be severely overcrowded, at times housing more than 4000 detainees."
Q36260,Apia,"Samoa is generally very safe. Locals who strike up a conversation are unlikely to have sinister motives, however you will often be asked for money.

Free roaming dogs can be a safety problem in the capital Apia. The Government of Samoa (GoS) passed the Canine Control Act in 2013 as an initial step toward addressing dog management. Most dogs ignore you and don't see you as a threat if you ignore them.

Nearly all of Samoa's nightlife is in Apia, and so, like anywhere in the world around closing time, it can get a bit rowdy. Samoans are, on the whole, extremely friendly and despite their size, remarkably relaxed and gentle people. This does not mean you should let your guard down. Alcohol related violence is a major problem in Samoa.

The concept on ownership in Polynesia is different. Locals believe in sharing everything, and this does mean that items can be swiped. Do not leave anything of value lying around."
Q414,Argentina,"thumb|San Ignacio Miní, one of the world heritage listed Jesuit missions in the north of Argentina
Visiting Argentina doesn't raise any major health worries. Certain vaccinations may be necessary for visitors, depending on what parts of Argentina you plan to visit. Yellow fever vaccinations are recommended for those visiting the Northern forests. If you missed your vaccination at home, it is possible to receive a free yellow fever shot in Argentina, in one of the bigger cities. This can be of advantage if you travel further to other Amazonian countries. However, be prepared to be queued at the very end&mdash;first the locals are treated. Also, there are specific days of the week when the vaccination takes place.

Dengue, a mosquito borne illness, is a serious and potentially fatal illness. Mosquito bites should be prevented at all costs, where they have many bug repellents, from lotions to sprays, as well as citronella candles, and 'espirales' (a spiral shaped incense). These are purchasable at most kiosks or pharmacies.

Different climate conditions might take your body by surprise, so be aware of the weather before you arrive. An upset stomach is the most you're likely to have to worry about as your body adjusts to local microorganisms in the food.

It's also best to ease yourself gently into the local diet – sudden quantities of red meat, red wine, strong coffee and sweet pastries can be very unsettling for a stomach used to gentler repasts – and though tap water in Argentina is safe to drink, if sometimes heavily chlorinated, you may prefer to err on the side of caution in rural areas in the north of the country.

Although oral contraceptives are sold over the counter, without a prescription, a woman considering taking them is well advised first to consult a wise and licensed physician about their proper use, as well as possible contraindications and side effects.

Hospitals are free, and won't charge you for treatment. However, it is customary to offer a contribution, if you have the means. In public/state run hospitals, it is illegal for hospital employees to ask for payments. It does not include private health care facilities, or medicines.

Heat rash, dehydration, and sunburns are common for first time visitors, in particular in the hotter months. Therefore, it is recommended that you use Sun block in Argentina."
Q399,Armenia,"If you are dining with Armenians, they will feed you until you cannot eat any more. The food is generally safe, even from the roadside khorovats stands.

The tap water is generally safe, as it comes directly from mountains. Tab and spring water is available virtually everywhere, especially at churches and monasteries. This means that you do not need to carry a lot of water with you, just a 0.5 L bottle should be enough.

Despite one of the highest rates of smoking in Europe, Armenia has very restrictive non-smoking laws in restaurants and bars. It is illegal to smoke indoors, or even in patio areas of such establishments. The indoor smoking ban is followed well, especially in Yerevan, but some places ignore the outdoor smoking ban."
Q23438,Ashgabat,"Ashgabat is a center for healthcare and medical training of Turkmenistan. Large-scale reconstruction work on buildings and modernization of the material and technical base of existing healthcare institutions is constantly ongoing in the city.

The Directorate of International Medical Centers in Ashgabat includes International Center Ene mähri (maternity hospital), International Center of Endocrinology and Surgery, International Center of Head and Neck Diseases, International Center of Eye Diseases, Ashgabat Dental Center, International Center of Cardiology, International Center of Internal Medicine, International Center of Neurology, International Diagnostic Center, International Education and Science Center, International Diagnostic Center, International Education and Science Center, International Center of Traumatology and International Burn Center. The main medical centers are located along Professor Hans Meissner Avenue in the south of Ashgabat. In 2024, they were opened International Health and Rehabilitation Center, and the International Scientific and Clinical Center of Physiology.

Medical and preventive institutions in Ashgabat include: Scientific-Clinical Center of Oncology, Scientific-clinical center for Maternal and Child health, Treatment and Consultative centre named after S.А.Nyýazow, Hospital with Scientific Clinical Centre of Cardiology, Emergency First Aid Center, Central Bureau of Pathologic Anatomy, Central Bureau of Forensic Medicine, Central Medical-Recovery Hospital, Medical Diagnostic Center.

The Directorate of Infectious Disease Centers is located in the Choganly residential complex in the north of Ashgabat, which includes Central Dermatovenerological Hospital, Treatment and prevention Center for infectious diseases, Blood Center, National AIDS Prevention Center, Center for Treatment and Prevention of Tuberculosis and Centralized Laboratory.

The central office of the State Sanitary and Epidemiological Service is located in Ashgabat. The Center for Public Health and Nutrition and the Center for the Prevention of Particularly Dangerous Infections operate in Ashgabat.

As of 2018, there are 16 outpatient clinic's operating in the Ashgabat.

The following higher and secondary medical educational institutions operate in Ashgabat: Turkmen State Medical University named after Myrat Garryev, Indira Gandhi Secondary Medical School of Ashgabat. The following were established at the Turkmen State Medical University: in 2011 – the Scientific and Clinical Center for Eye Diseases, in 2013 – the Educational and Industrial Center for Dentistry, and in 2015 – the Educational and Scientific Center for the Protection of Maternal and Child Health.

The city pays great attention to the development of the pharmaceutical industry. The following medical industry and pharmaceutical supply institutions operate in Ashgabat: Turkmendermansenagat Association, Main Pharmacy Association, Center for Drug Registration and State Quality Control, Institu"
Q1520,Astana,"Astana doesn't have any major safety issues, for example you can drive late at night without problems. Bus drivers may shortchange you when buying tickets."
Q1524,Athens,"Athens ranks in the lowest percentage for the risk on frequency and severity of terrorist attacks according to the EU Global Terrorism Database (EIU 2007–2016 calculations). The city also ranked 35th in Digital Security, 21st on Health Security, 29th on Infrastructure Security and 41st on Personal Security globally in a 2017 The Economist Intelligence Unit report. It also ranks as a very safe city (39th globally out of 162 cities overall) on the ranking of the safest and most dangerous countries. As November 2024 the crime index from Numbeo places Athens at 55.40 (moderate), while its safety index is at 44.60.Crime in Athens According to a Mercer 2019 Quality of Living Survey, Athens ranks 89th on the Mercer Quality of Living Survey ranking."
Q23556,Atlanta,"Despite Atlanta's historic reputation for crime, the city is not as dangerous as many perceive it to be. In fact, Atlanta's crime rate dropped significantly during the 1990s and 2000s, reaching a forty-year low in 2005. While violent crime levels are still high compared to most American cities, most of it is related to the drug trade and takes place in parts of the city visitors rarely – if ever – see.

Usual precautions should be taken, as in any other major city, such as not traveling alone at night and being aware of which neighborhoods are more prone to crime. In Atlanta, the southwest and southeast areas have reported the most incidents of crime; the triangle created by I-285, I-75, and I-20 in particular is a dangerous neighborhood. Avoid venturing in areas surrounding the new Mercedes-Benz stadium such as Bankhead and Vine City late at night. Car theft is exceptionally high by national standards. Outside of the perimeter, crime rates are significantly lower (except Dekalb County).

One thing to watch out for in Atlanta are homeless people, which have become an unfortunately prevalent sight since the 2000s. Whereas homeless people in big cities tend to leave you alone if you ignore them, those in Atlanta have been known to physically harass locals or tourists alike. Areas where the homeless tend to congregate most include the John Lewis Freedom Parkway, the areas south of the Georgia Institute of Technology, and northern Midtown."
Q16559,Austin,"As of 2019, Austin is one of the safest large cities in the United States. In 2019, the FBI named Austin the 11th safest city on a list of 22 American cities with a population above 400,000.

FBI statistics show that overall violent and property crimes dropped in Austin in 2015, but increased in suburban areas of the city. One such southeastern suburb, Del Valle, reported eight homicides within two months in 2016. According to 2016 APD crime statistics, the 78723 census tract had the most violent crime, with 6 murders, 25 rapes, and 81 robberies. The city had 39 homicides in 2016, the most since 1997.

In 1884 and 1885, one of the earliest recorded serial killings in the United States occurred in Austin, in which 8 people were murdered by a suspect known as the ""Servant Girl Annihilator"".

One of the first American mass school shooting incidents took place in Austin on August 1, 1966, when Charles Whitman shot 43 people, killing 13 from the top of the University of Texas tower. The University of Texas tower shooting led to the formation of the SWAT team of the Austin Police Department.

In 1991, four teenage girls were murdered in a yogurt shop by serial killer Robert Eugene Brashers. A police officer responded to reports of a fire at the I Can't Believe It's Yogurt! store on Anderson Lane and discovered the girls' bodies in a back room. The murders were unsolved until 2025.

In 2010, Andrew Joseph Stack III deliberately crashed his Piper PA-28 Cherokee into Echelon 1, a building in which the Internal Revenue Service was a lessee of, housing 190 employees. The resulting explosion killed one and injured 13 IRS employees, partially damaged the building and cost the IRS a total of $38.6&nbsp;million. (see 2010 Austin suicide attack)

A series of bombings occurred in Austin in March 2018. Over the course of 20 days, five package bombs exploded, killing two people and injuring another five. The suspect, 23-year-old Mark Anthony Conditt of Pflugerville, Texas, blew himself up inside his vehicle after he was pulled over by police on March 21, also injuring a police officer.

In 2020, Austin was the victim of a cyberattack by the Russian group Berserk Bear, possibly related to the U.S. federal government data breach earlier that year.

On April 18, 2021, a shooting occurred at the Arboretum Oaks Apartments near The Arboretum shopping center, in which a former Travis County Sheriff's Office detective killed his ex-wife, his adoptive daughter, and his daughter's boyfriend. The suspect, who was previously charged with child sexual assault, was arrested in Manor after a 20-hour manhunt.

A mass shooting took place in the early morning of June 12, 2021, on Sixth Street, which resulted in 14 people injured and one dead. The man killed was believed to be an innocent bystander who was struck as he was standing outside a bar. A 19-year-old suspect, De'ondre ""Dre"" White, was formally charged and arrested in Killeen nearly two weeks after the shooting.

In 2024, Za"
Q408,Australia,"Australia's life expectancy of 83 years (81 years for males and 85 years for females) is the fifth-highest in the world. It has the highest rate of skin cancer in the world, while cigarette smoking is the largest preventable cause of death and disease, responsible for 7.8% of the total mortality and disease. Ranked second in preventable causes is hypertension at 7.6%, with obesity third at 7.5%. Australia ranked 35th in the world in 2012 for its proportion of obese women and near the top of developed nations for its proportion of obese adults; 63% of its adult population is either overweight or obese.

Australia spent about 9.91% of its total GDP to health care in 2021. It introduced a national insurance scheme in 1975. Following a period in which access to the scheme was restricted, the scheme became universal once more in 1981 under the name of Medicare. The program is nominally funded by an income tax surcharge known as the Medicare levy, currently at 2%. The states manage hospitals and attached outpatient services, while the Commonwealth funds the Pharmaceutical Benefits Scheme (subsidising the costs of medicines) and general practice."
Q40,Austria,"thumb|A rescue helicopter at a ski piste in Annaberg
Austria has an excellent healthcare system by Western standards. Hospitals are modern, clean, and well-equipped. Healthcare in Austria is funded by the Krankenkassen (Sickness-funds), compulsory public insurance schemes that cover 99% of the population. Most hospitals are owned and operated by government bodies or the Krankenkassen. Private hospitals exist, but mainly for non-life-threatening conditions. Doctor's surgeries on the other hand are mostly private, but most accept patients from the Krankenkassen. Many Austrians choose to buy supplemental private health insurance. This allows them to see doctors that don't accept Krankenkassen and to stay in special hospital wards with fewer beds (which often receive preferential treatment).

If you are a traveller from the EU, you can get any form of urgent treatment for free (or a small token fee) that is covered by the Krankenkassen. Non-urgent treatment is not covered. Simply show your European Health Insurance Card and passport to the doctor or hospital. When going to a GP, look out for their signs: ""Alle Kassen"" (all Krankenkassen accepted), or ""Keine Kassen"" (no Krankenkassen accepted), in which case your EHIC is not valid. Supplemental travel insurance is recommended if you want to be able to see any doctor or receive specialist treatment.

If you are a traveller from outside the EU, and have no travel insurance, you will need to pay the full cost of treatment up-front (with the exception of the emergency room). Medical bills can be very expensive, though still reasonable when compared to the USA.

Austria has a dense network of helicopter ambulances that can reach any point in the country within 15 minutes. Beware: Mountain rescue by helicopter is not covered by your EHIC, or indeed most travel insurance. If you have a medical emergency while you are in the mountains (e.g. you break a leg while skiing), the helicopter will be called on you regardless of whether you ask for it or not, and you will be billed upwards of . Mountain sports insurance is therefore highly recommended; you can obtain this from your health insurer or by becoming a member of the Austrian Alpine Club ( for one year of membership, automatic insurance for mountain search-and-rescue costs up to ).

Certain regions in Austria (Carinthia, Styria, Lower Austria) are affected by tick borne encephalitis. For those who plan on doing outdoor activities in spring or summer a vaccine is strongly recommended. Also be aware that there is a small, endangered population of sand vipers in the south.

Tap water is of exceptional quality and safe to drink in Austria (except in some parts of lower Austria, where it is recommended to ask about the water quality first!). The quality of water in Vienna and Graz is supposedly comparable to that of Evian."
Q227,Azerbaijan,"Robbing and pickpocketing in the capital Baku, especially in poor and sparsely populated areas is possible but rare and is higher across the capital at night. Common sense is useful as in all other countries. Also watch your stuff in public transport.

Criminals posing as police officers have sometimes stopped foreigners and stolen documents and money. If you are stopped on the street by a person in a police uniform, be cooperative but ask to see a badge or ID card.

Azerbaijan is one of the most corrupt countries in the world. 

Corruption is widespread. But as a foreigner you have a fairly strong position in refusing to pay ""hörmet"" (bribe). Never give any bribe. Often Azeris are so ashamed of their corrupt economy, that they might hide it from you anyway.

Although the country has a myriad of fantastic photo opportunities, it is illegal to take photographs of anything of strategic importance, i.e., military sites and equipment. If you are in doubt, simply ask.

Since the collapse of the Soviet Union, Azerbaijan has fought wars with Armenia. Fighting took place again in September 2022. Many governments advise against travelling to Nagorno-Karabakh, its surrounding areas, and areas near the border with Armenia. Some areas may contain high amounts of unexploded ordnance (UXO) and landmines. Generally speaking, you have little reason to go to areas near the Armenia-Azerbaijan border as those areas have nothing that interests tourists.

Although homosexuality was decrminalised in 2000, homophobia is widespread in Azerbaijan. The cultural and societal abhorrence against the LGBT community is far-reaching.

There are no laws in place to protect the rights of LGBT people and same-sex marriages are formally banned in the country. 

If you are LGBT, it is strongly recommended that you do not exhibit your sexuality in public; openly displaying your orientation may invite harsh words or at worst, violence.

* When outside of the city, try to travel during the day time, unless you take a night train. The roads can be treacherous at night due to unseen potholes and dimly lit cars.

* Ambulance: 103
* Fire: 101
* Gas Emergency: 104
* Speaking Clock: 106
* Police: 102

You must speak in Azeri, Turkish or Russian to communicate your needs. It would be a good idea to memorize key phrases before coming to Azerbaijan - see the Talk section for phrasebooks."
Q5684,Babylon,See the warning on the Iraq article.
Q398,Bahrain,"thumb|An ambulance at the [[International Hospital of Bahrain]]
Bahrain has a universal health care system, dating back to 1960. Government-provided health care is free to Bahraini citizens and heavily subsidised for non-Bahrainis. Healthcare expenditure accounted for 4.5% of Bahrain's GDP, according to the World Health Organisation. Bahraini physicians and nurses form a majority of the country's workforce in the health sector, unlike neighbouring Gulf states. 

The first hospital in Bahrain was the American Mission Hospital, which opened in 1893 as a dispensary. The first public hospital, and also tertiary hospital, to open in Bahrain was the Salmaniya Medical Complex, in the Salmaniya district of Manama, in 1957. Private hospitals are also present throughout the country, such as the International Hospital of Bahrain.

The life expectancy in Bahrain is 73 for males and 76 for females. Compared to many countries in the region, the prevalence of AIDS and HIV is relatively low. Malaria and tuberculosis (TB) do not constitute major problems in Bahrain as neither disease is indigenous to the country. As a result, cases of malaria and TB have declined in recent decades with cases of contractions amongst Bahraini nationals becoming rare. The Ministry of Health sponsors regular vaccination campaigns against TB and other diseases such as hepatitis B.

Bahrain has an obesity epidemic, with 28.9% of all males and 38.2% of all females are classified as obese in 2012. In 2010, Bahrain had one of the highest prevalence of diabetes in the world, at 5th place. In 2010, more than 15% of the Bahraini population were affected by diabetes, and they account for 5% of deaths in Bahrain. Cardiovascular diseases account for 32% of all deaths in Bahrain, being the number one cause of death in the country (the second being cancer). Sickle-cell anaemia and thalassaemia are prevalent in Bahrain. 18% of Bahrainis are carriers of sickle-cell anaemia. 24% are carriers of thalassaemia."
Q3703,Bamako,"If you go gradually (doni doni) you'll be able to drink Bamako's quite chemically tasting tap water. You shouldn't drink the unmarked sachets with water or syrupy water as long as you don't drink tap water—though the branded sachets of mineral water are fine (CFA 50).

Or you can avoid any hassles and drink bottled water. If you're sticking around town for a while, try buying bottled water by the case.
The price will drop from about CFA 1500-1800 to CFA 600-700 per 1.5 litre bottle.

Clinique Pasteur is a more expensive toubab clinique, is fairly clean, and is within close proximity to the US Embassy in ACI 2000 area of Bamako. Dr Toure there speaks English, was medically trained in Canada and he can be reached via mobile at: +223 6674 0572. Don't trust Dr. Dolo with your pregnancy. Normally they want to have you taking all possible tests, and are notorious for recommending drastic unnecessary and expensive treatments. You first might want to consult a cheaper normal health centre like Clinique Farako in Hamdallaye, or the Centre Diagnostique (Dr. Catherine Cisse) near the old Pont de Martys. Even then, double check all recommendations online and with a doctor abroad before embarking on any treatment plan or surgery."
Q9279,Bandar Seri Begawan,Crime is very uncommon in this tightly controlled small country.
Q902,Bangladesh,"* Bottled water is recommended since BSTI has not certified the tap water as potable. You can use it to wash the dishes, wash the clothes or wash yourself but you cannot drink it. Some hand-drawn tube wells are contaminated with naturally occurring arsenic. The arsenic ions will easily pass through filters designed to screen out bacteria. A more environmentally friendly option is to boil your own water or use purifying tablets. However, nothing short of distillation will remove arsenic. Renowned mineral water brands include Evian, Fresh, Mum, Pran, Spa, etc.
* It's also wise to wash your hands before touching food with your bare hands. Use discretion when eating from street vendors. Make sure the food is freshly cooked and piping hot. Do not touch the food if you have not washed your hands properly with soap first!
* Mosquitoes can be abundant in some areas and cities, especially during the rainy and humid seasons, and nets covering your bed at night are often provided, even in some of the cheapest hotels and in all households.
* Consult a doctor if you feel feverish or ill. There are many hospitals, clinics, dispensaries and pharmacies around the country. Pharmacies in Bangladesh usually have a doctor's chamber where you can get an inexpensive medical checkup as well as a prescription before buying medicine. Large hospitals are mostly available in the city. Some reputable and popular hospitals in Bangladesh include Apollo Hospitals, Labaid Hospital, Square Hospital, United Hospital, etc. Since there is no universal free healthcare for foreigners, all medical establishments will ask you to pay first.
* Litter can be a problem in some of the cities like Dhaka and Chittagong. Many efforts have been made in the 21st century to clean up the country, such as the banning of non-biodegradable plastic bags, but there is still a long way to go because most people use the many waterways as garbage dumps. It would be unwise to swim in most of the rivers and downright senseless in a lake."
Q244,Barbados,"The main hospital on the island is the Queen Elizabeth Hospital; however, Barbados has eight polyclinics across five parishes. There are also well-known medical care centres in Barbados such as Bayview Hospital, Sandy Crest Medical Centre and FMH Emergency Medical Clinic, and Urgent Care."
Q3519,Bari,"Bari Vecchia is a beautiful quarter but because of the narrow, crowded streets and the presence of tourists, it is the preferred place for local pickpocketers. Sometimes at night there could be drunk people in the nightlife area."
Q78,Basel,"* As a rule of thumb, you are safe anywhere in Basel at any time. If you ever feel threatened, go into a restaurant or use a public phone, the emergency number is 117, and operators usually speak English.
* Swiss police usually take on a relatively unobtrusive air. However, they are indeed serious about traffic violations. The upside to stringent traffic rules is that drivers are generally considerate and will stop for pedestrians at crosswalks, even if there are no traffic lights.
* Football (soccer) games are the only notable exceptions to the above rules. Because of an unfortunate history of hooligan violence, games are generally overseen by a large contingent of police officers in riot gear, in case of any major unrest. Nonetheless, it is generally safe to watch a game—just use common sense and stay away from the stadium areas where the hardcore fans congregate (usually the least expensive seats).
* The biggest threat may be pickpockets. Be mindful of how you carry your valuables, particularly on trams and buses.
* The drinking age for beer, wine, and similar low alcohol drinks is 16, while the age for straight liquor is 18. The public consumption of alcohol in Switzerland is legal so do not be alarmed if you see a group of teenagers publicly drinking.
* Watch out for the trams! Particularly the main downtown stops (Centralbahnplatz (Basel SBB), Barfüsserplatz, Marktplatz, Aeschenplatz, Messeplatz) can get very busy and be a bit of a maze. If you are not used to trams, you may easily be surprised by one sneaking up behind your back; their silent running makes them very difficult to hear at first.
* If at night you feel uncomfortable alone on a tram or a bus, ride near the operator in the front. They are helpful if you run into any trouble or are lost. In case of an emergency, they can press a panic button to alert the police of the tram's location.
* Be careful when swimming in the Rhine (see To Do, Sports) - it's not a lazy river! Don't go if you are a weak swimmer; ask locals for good and safe entry and exit points besides the ones mentioned above. Wear sandals or other footwear, as you may have to walk back up to 2&nbsp;km (1.2&nbsp;mi) to your point of entry. The tourist offices in Basel sell bright orange waterproof bags that allow you to take your clothing down the river as you swim and increase your visibility. The use of floating toys or swimming aids is forbidden by law. Stay clear of the many bridge abutments and the boat traffic, including the large commercial barges - they cannot and will not deviate from their course for you. Unless you are an experienced Rhine-swimmer, avoid the Grossbasel side of the river: the currents are very strong, exit points limited, and the section is part of the up-river bound trade shipping route. Swimming is safest along the Kleinbasel bank where the currents are weaker and there are many exits along the riverbank. Never try to swim across from one side to the other. Avoid overshooting"
Q184,Belarus,"Medical care is generally poor and is well below western standards. Furthermore, the system is generally inaccessible to those who aren't proficient in Russian and/or Belarusian. Even if you have travel health insurance it might not be valid in Belarus. 

Ambulances are poorly equipped and unreliable; a wait time of 30 minutes or more is not unusual. The fastest way to secure Western European-level care is medical evacuation to the European Union.

Tuberculosis (TB) is an increasingly serious health concern in Belarus. Consider consulting with a doctor about getting vaccinated before traveling to Belarus.

The impact of the Chernobyl disaster on the food chain is an ongoing study. Food inspectors check food not only for bacterial contamination but also its radiation levels. Most food is considered safe, except if sourced from the banned regions within 50 km of the Chernobyl plant or the second hotspot around the intersection of the Russian, Ukrainian and Belarusian borders.

Tap water is not safe for drinking. Buy bottled water."
Q31,Belgium,"In the winter, like most other European countries, only influenza will cause you a considerable inconvenience. No inoculations are needed to enter or leave Belgium.

Tap water is safe to drink throughout Belgium. As one of Europe's most densely populated countries, Belgium suffers from serious air pollution. This applies for both urban and rural areas."
Q242,Belize,"Belize has a high prevalence of communicable diseases such as respiratory diseases and intestinal illnesses.Health Agenda 2007 – 2011 . Ministry of Health, Belize
Under the second term of the Briceño administration, the long awaited free health care for all Belizeans was launched. The programme is the National Health Insurance Belize and it has been implemented by region until 100% of the population is covered. Health care is practically free and fees if any, are charged from 10% to as low as .5% of total cost on treatments and medications."
Q42800,Belo Horizonte,"When crossing the street, watch for motorcycles, which can appear out of nowhere and sometimes ignore stop signs. At some intersections with divided streets, you can cross only one side at once.

Minas has both the military police (polícia militar) who are the enforcers of the law at street level, however not linked to the Brazilian Military and the civilian police (polícia civil) who conduct further investigations like the British CID. Most officers don't have a knowledge of basic English. The uniform of the Minas Gerais state military police is brown.

The emergency number (by which you can reach the military police) is 190.

The city has its own police, the Municipal Guard, the uniform is blue and officers are found in parks, near monuments, schools, hospitals.

The city suffers from crime related to drugs. Avoid walking alone at night or carrying expensive electronics such as cameras, notebooks, iPods or jewelry. It is not uncommon to be mugged at traffic lights or walking during the day or night. Tourists can be easily identified by bad guys as people who carry electronics carelessly and seem to be always wondering where are they going. Be discreet.

If someone mugs you, don't resist. You could be killed."
Q962,Benin,"The HIV/AIDS rate in Benin was estimated in 2013 at 1.13% of adults aged 15–49 years. Malaria is a problem in Benin, being a leading cause of morbidity and mortality among children younger than 5 years.

During the 1980s, less than 30% of the country's population had access to primary healthcare services. Benin's infant mortality rate stood at 203 deaths for every live births. One in three mothers had access to child health care services. The Bamako Initiative changed that by introducing community-based healthcare reform, resulting in a ""more efficient and equitable"" provision of services. , Benin had the 26th highest rate of maternal mortality in the world. According to a 2013 UNICEF report, 13% of women had undergone female genital mutilation. An approach strategy was extended to all areas of healthcare, with subsequent improvement in the health care indicators and improvement in health care efficiency and cost. Demographic and Health Surveys has surveyed the issue in Benin since 1996.
In the 2024 Global Hunger Index, Benin ranks 99th out of 127 countries."
Q26793,Bergen,"In acute illness or if accident occurs contact:
* 
* 
There are many pharmacies (apotek) in Bergen, that are selling medications and can give you advice on the treatment of injury and disease.
*"
Q64,Berlin,"thumbnail|[[Charité, Europe's largest university hospital]]
Berlin has a long history of discoveries in medicine and innovations in medical technology. The modern history of medicine has been significantly influenced by scientists from Berlin. Rudolf Virchow was the founder of cellular pathology, while Robert Koch developed vaccines for anthrax, cholera, and tuberculosis. For his life's work Koch is seen as one of the founders of modern medicine.

The Charité complex (Universitätsklinik Charité) is the largest university hospital in Europe, tracing back its origins to the year 1710. More than half of all German Nobel Prize winners in Physiology or Medicine, including Emil von Behring, Robert Koch and Paul Ehrlich, have worked at the Charité. The Charité is spread over four campuses and comprises around 3,000 beds, 15,500 staff, 8,000 students, and more than 60 operating theaters, and it has a turnover of two billion euros annually."
Q917,Bhutan,"Bhutan has a life expectancy of 70.2 years (69.9 for males and 70.5 for females) according to the latest data for 2016 from the World Bank.

Basic healthcare in Bhutan is free, as provided by the Constitution of Bhutan."
Q37066,Bismarck,"Bismarck is a relatively safe town. Your biggest danger is the winter weather.

In the winter don't forget proper clothing for harsh weathers. For 20 days in Jan-Feb 2004, the temp did not get above 0 °F (−18 °C). The coldest temp was in Minot, ND, at -45 °F (−43 °C) (-75 °F (−59 °C) windchill) while Bismarck was at a ""balmy"" -43 °F (−42 °C).

If your car has a block heater, remember to plug it into a wall outlet. Local rental cars will have block heaters installed. If you don't know what to look for, ask the rental place; they will know. Block heaters will keep the car from freezing up during sub-zero temps.

From April–October, most of the state will conduct its road construction projects. During this season, plan for occasional delays in Bismark and on the roads connecting the city to neighbouring areas."
Q37701,Bloemfontein,"Bloemfontein is much safer than most other cities. You can walk around downtown during the day time (although it will be eerily quiet after the shops close). The Waterfront and other shopping malls are safe and patrolled with 24-hour security, and 2nd Street (the main restaurant strip) is fine day and night. The dodgy areas to avoid if possible are near the train station and anywhere east of the railway lines (where the traditional townships are located)."
Q750,Bolivia,"According to UNICEF, Bolivia's under-five mortality rate in 2006 was 52.7 per 1000 and was reduced to 26 per 1000 by 2019. The infant mortality rate was 40.7 per 1000 in 2006 and was reduced to 21.2 per 1000 in 2019. Before Morales took office, nearly half of all infants were not vaccinated; now nearly all are vaccinated. Morales also put into place several supplemental nutrition programs, including an effort to supply free food in public health and social security offices, and his desnutrición cero (zero malnutrition) program provides free school lunches.

Between 2006 and 2016, extreme poverty in Bolivia fell from 38.2% to 16.8%. Chronic malnutrition in children under five years of age also went down by 14% and the child mortality rate was reduced by more than 50%, according to World Health Organization. In 2019 the Bolivian government created a universal healthcare system which has been cited as a model for all by the World Health Organization."
Q225,Bosnia and Herzegovina,"According to the 2024 Global Hunger Index (GHI), Bosnia and Herzegovina has a low level of hunger, with a GHI score of less than 5."
Q963,Botswana,"Botswana's healthcare system has been steadily improving and expanding. Specifically, infant mortality and maternal mortality rates are steadily declining. Eighty-five per cent of the population live within a five-kilometre (3.1&nbsp;mi) radius of a health facility. Seventy-three per cent of pregnant women access antenatal care services at least four times. Almost 100 per cent of births in Botswana take place in hospitals.thumb|[[Scottish Livingstone Hospital in Molepolole]]

The Ministry of Health in Botswana is responsible for overseeing the quality and distribution of healthcare throughout the country. Life expectancy at birth was 55 in 2009 according to the World Bank, having previously fallen from a peak of 64.1 in 1990 to a low of 49 in 2002. Since Botswana's 2011 census, current life expectancy is estimated at 54.06 years.

The Cancer Association of Botswana is a voluntary non-governmental organisation that is a member of the Union for International Cancer Control. The Association supplements existing services through provision of cancer prevention and health awareness programs, facilitating access to health services for cancer patients and offering support and counselling to those affected. Botswana's 2024 Global Hunger Index (GHI) score is 20.7.

thumb|upright=1.5|Life expectancy in select Southern African countries, 1950–2019. [[HIV/AIDS has caused a decline in life expectancy.]]

Like elsewhere in Sub-Saharan Africa, the economic impact of AIDS is considerable. Economic development spending was cut by 10% in 2002–2003 as a result of recurring budget deficits and rising expenditures on healthcare services. Botswana has been hit very hard by the AIDS pandemic; in 2006, it was estimated that life expectancy at birth had dropped from 65 to 35 years. The life expectancy is 66.4 years as of 2024.

In 2003, the government began a comprehensive programme involving free or cheap generic antiretroviral drugs as well as an information campaign designed to stop the spread of the virus; in 2013, over 40% of adults in Botswana had access to antiretroviral therapy. In the 15–19 age group, prevalence was estimated at 6% for females and 3.5% for males in 2013, and for the 20–24 age group, 15% for females and 5% for males. Botswana is one of 21 priority countries identified by the UN AIDS group in 2011 in the Global Plan to eliminate new HIV infections among children and to keep their mothers alive. From 2009 to 2013, the country saw a decrease of over 50% in new HIV infections in children. Less than 10% of pregnant HIV-infected women were not receiving antiretroviral medications in 2013, with a large, corresponding decrease (over 50%) in the number of new HIV infections in children under five. Among the UN Global Plan countries, people living with HIV in Botswana have the highest percentage receiving antiretroviral treatment: about 75% for adults (age 15+) and about 98% for children.

The country has been adversely affected by the HIV/AIDS epidemic. In"
Q155,Brazil,"By law, everyone must carry a photo ID at all times. For a foreigner, this means your passport. However, the police will mostly be pragmatic and accept a plastified color photocopy. Not carrying a photo ID can lead to problems and delays if stopped by police or in case of a medical emergency.

Brazil has one of the highest rates of violent crime in the world; reports of carjackings, theft, armed robberies, and people (including tourists) being shot are not uncommon. Crime levels vary across the country; they tend to be lower in the South and higher in major cities like Rio de Janeiro. 

You can drastically reduce the likelihood of being a crime victim by applying the kind of basic street smarts needed in many of the world's cities — don't display signs of affluence, don't look like a tourist, don't flash around your gadgets, keep your valuables and belongings out of reach, don't go to unfamiliar areas, don't go out at night, and don't be too trusting of people you don't know. Having some knowledge of Portuguese might deter people from taking advantage of you. 

If you are robbed at gunpoint or knifepoint, give the robber whatever they're asking for. Do not fight back or resist or else you might die or get badly injured. 

If you want to visit a favela (shanty town) or indigenous village, use a licensed, reputable tour service. Third-party governments normally forbid their staff from entering such places without permission. Wars between heavily armed outlaw groups against each other and against government forces, and even violence against civilians by these groups, such as kidnapping and murder, are a long-standing problem in the favelas of Rio de Janeiro and Salvador and in isolated stretches of rivers of Brazilian Amazonia. However, for tourists who are not interested in visiting these places, it is not something they should worry about as long as they avoid such areas, to which these armed conflicts are limited.

Although the situation in the favelas of Greater Rio and Greater Salvador is much worse than in other urban centers of Brazil, it is recommended not to go to slums in any city in the country. Also, try to avoid any border areas in the North and Central-West regions. 

Intercity buses are generally safe, but in large cities, intercity bus terminals are often located in run-down, unsafe areas. 

Emergencies related to a crime can be reported to toll-free number 190.

Brazil has five police forces, one for a different purpose. 

* Each state has a Military Police (Polícia Militar), often abbreviated as PME*, where * is the abbreviation of the state, with exception of state of Rio Grande do Sul, where its Military Police is called Military Brigade (Brigada Militar, abbreviated as BMRS), which is responsible for ostensive policing and the street patrolling. The uniform of Brazilian military police officers varies depending on the state, and may be gray, dark blue, khaki or black.
* The Civil Police (Polícia Civil, often abbre"
Q23154,Bristol,"* NHS 111 operate a 24-hour helpline available by phone on 111 (free call). For all serious and possibly-serious complaints, they will probably refer the caller to a local General Practitioner or Accident and Emergency department.
* Bristol Royal Infirmary Queens Building, Marlborough Street provides treatment for minor illnesses and injuries, assessment by an experienced NHS nurse, advice on how to stay healthy, and information on out-of-hours GP and dental services, local pharmacy services and other local health services.
* NHS Walk-in Centre at Knowle West Health Park, in the southern part of the city: for opening times contact +44 117 377-2252.
* Southmead Hospital Emergency Department and Minor Injury Unit open 24 hours every day
* Bristol Eye Hospital is a specialist hospital for eye conditions and has an accident and emergency department with limited opening hours for eye conditions only.
* Bristol Dental Hospital provides the full range of Dental Specialties including Oral and Maxillofacial Surgery, Oral Medicine, Restorative, Orthodontics and Paediatric Dentistry.Emergency service for dental conditions only (opening hours 8AM-10AM)."
Q14960,Brno,"Avoid the main train station after dusk as it attracts a number of unsavory characters, the usual caution applies. Also keep a keen eye out when using Automated Teller Machines in the immediate area for similar reasons. The area is also known be actively visited by pick-pockets. Also avoid the Cejl district during night and be cautious during the day for the same reasons. Take the tram or a bus between the stops Malinovského náměstí and Tkalcovská."
Q240,Brussels-Capital Region,"There are few health hazards to worry about in Brussels. Tap water in Brussels, and most of the rest of the country, is drinkable, and as healthy as bottled mineral water. Fountains and wells on the other hand are not suitable for human consumption. In summer, ticks are routinely encountered in parks, and are known to carry Lyme disease, which can be deadly if left untreated.
If you spot pink or red circles on your skin after a walk in the forests or parks, you may be infected, and should seek medical help immediately."
Q19660,Bucharest,"thumb|250px|A National [[Romanian Police car]]
thumb|right|A car of the Local Police of Bucharest

Bucharest's crime rate is rather low in comparison to other European capital cities, with the number of total offences declining by 51% between 2000 and 2004,Bucharest Crime Statistics 2000–2004 , Bucharest Directorate-General of Police and by 7% between 2012 and 2013. Bucharest, along with Cluj-Napoca, Timișoara, Brașov and Iași, was ranked among the top 100 safest cities in the world in a list compiled by Numbeo. The study found Bucharest to be very safe with regard to aspects such walking alone, home invasions, muggings, cars being stolen, assault, insults, assault due to skin color, ethnic origin, or gender, drug dealing, and armed robberies, with the only crimes in the high category being corruption and bribery. In 2015, the homicide rate of Bucharest was 0,8 per 100,000 people.

Crime in Bucharest is combated by national forces, such as the Romanian Police and Romanian Gendarmerie, and by local forces, such as the Local Police of Bucharest.

thumb|left|[[Romanian Gendarmerie, which is tasked with high-risk and specialized law enforcement duties, demonstrates room-clearing during a training exercise in Bucharest]]

Although in the 2000s, a number of police crackdowns on organised crime gangs occurred, such as the Cămătaru clan, organised crime generally has little impact on public life. Petty crime, however, is more common, particularly in the form of pickpocketing, which occurs mainly on the city's public transport network. Confidence tricks were common in the 1990s, especially in regards to tourists, but the frequency of these incidents has since declined. Theft was reduced by 13.6% in 2013 compared to 2012. Levels of crime are higher in the southern districts of the city, particularly in Ferentari, a socially disadvantaged area.

Although the presence of street children was a problem in Bucharest in the 1990s, their numbers have declined in recent years, now lying at or below the average of major European capital cities.&nbsp;, Conrad N. Hilton Humanitarian Prize/Council of Europe"
Q219,Bulgaria,"Smoking is the national pastime, and evading the fumes of cigarettes is even more difficult than evading exhaust fumes in the streets. Generally, during the Summer, most people generally sit outside, which makes matters less worse. As this is a seasonally-changing obstacle, it's best to stay on guard. Since 2012, smoking is prohibited in public places, including bars and restaurants, but restrictions are rarely followed.

Most food is quite safe to eat. If you are inclined to purchase food from a stand that sells fast food containing meat, be aware that health code enforcement is spotty in those establishments.

Tap water varies greatly in quality and taste. While it is of very good quality and safe to drink in the mountain regions, it is best to avoid drinking water in North Bulgaria and in the regions near the seaside. The mountain regions in Bulgaria have natural springs that are quite abundant and many of villages have one or more mineral water springs.

Conditions in Bulgarian hospitals vary, from clean with all the latest technological utilities, to the downright drab, dark and cold. There are some new hospitals, and some very old, with old technology. Doctors and nurses are usually competent and skilled.

Citizens of the European Union are covered by Bulgaria's National Healthcare System as long as they carry a Eurocard (or European Health Insurance Card), obtainable from their own national healthcare authority.

Dental procedures in private clinics in Bulgaria are of excellent quality. Many people from Western Europe come to Bulgaria for dental work for the quarter of the price they pay in their home countries."
Q965,Burkina Faso,"In 2016, the average life expectancy was estimated at 60 for males and 61 for females. In 2018, the under-five mortality rate and the infant mortality rate was 76&nbsp;per&nbsp;1000 live births. In 2024, the median age of its inhabitants was 18 and the estimated population growth rate was 2.4%.

In 2011, health expenditures was 6.5% of GDP; the maternal mortality ratio was estimated at 300&nbsp;deaths per&nbsp;100000 live births and the physician density at 0.05&nbsp;per&nbsp;1000 population in 2010. In 2012, it was estimated that the adult HIV prevalence rate (ages&nbsp;15–49) was 1.0%.UN AIDS: HIV/AIDS – adult prevalence rate. Retrieved 25 July 2014. According to the 2011 UNAIDS Report, HIV prevalence is declining among pregnant women who attend antenatal clinics. According to a 2005&nbsp;World Health Organization report, an estimated 72.5% of Burkina Faso's girls and women have had female genital mutilation, administered according to traditional rituals.Female genital mutilation and other harmful practices, WHI.int

Central government spending on health was 3% in 2001. , studies estimated there were as few as 10&nbsp;physicians per 100,000&nbsp;people. In addition, there were 41&nbsp;nurses and 13&nbsp;midwives per 100,000&nbsp;people. Demographic and Health Surveys has completed three surveys in Burkina Faso since 1993, and had another in 2009.Burkina Faso DHS Surveys, measuredhs.com

A Dengue fever outbreak in 2016 killed 20 patients.

In the 2024 Global Hunger Index (GHI), Burkina Faso ranks 98th out of 127 countries and has a serious level of hunger."
Q40738,Bursa,Bursa is a safe city. Take usual care with traffic and valuables.
Q967,Burundi,"Burundi has the worst hunger and malnourishment rates of all 120 countries ranked in the Global Hunger Index.Jillian Keenan, The Blood Cries Out . ""In one of Africa's most densely populated countries, brothers are killing brothers over the right to farm mere acres of earth. There's just not enough land to go around in Burundi — and it could push the country into civil war."" Foreign Policy (FP) The civil war in 1962 put a stop on the medical advancements in the country. Burundi, again, went into a violent cycle in 2015, jeopardising the citizens of Burundi's medical care. Like other countries in Sub-Saharan Africa, Burundi uses indigenous medicine in addition to biomedicine. In the 1980s, Burundi's health authorities asked the United Nations Development Program for support to develop quality control for and begin new research on pharmaceuticals from medicinal plants. At the same time, the Burundi Association of Traditional Practitioners (ATRADIBU) was founded, which teamed up with the governments agency to set up the Centre for Research and Promotion of Traditional Medicine in Burundi (CRPMT). The recent influx of international aid has supported the work of biomedical health systems in Burundi. However, international aid workers have traditionally stayed away from indigenous medicine in Burundi. As of 2015, roughly 1 out of 10 children in Burundi die before the age of 5 from preventable and treatable illnesses such as pneumonia, diarrhoea, and malaria. The current violence in Burundi has limited the country's access to medication and hospital equipment. The life expectancy in Burundi, as of 2015, was 60.1 years. In 2013, Burundi spent 8% of their GDP on healthcare. While Burundi's fertility rate is 6.1 children per women, the country's infant death rate is 61.9 deaths for every 1,000 live births. Common diseases in Burundi include malaria and typhoid fever."
Q16520,Busan,"thumb|240px|Tsunami warning sign on Haeundae beach
Generally speaking Busan is as safe as most places in South Korea, which is to say very safe.

Busan is very safe to roam around freely at night. Be a little bit cautious when most bars close at around 03:00. Some bars stay open until the business dies down and in many cases this may not be until sunrise. Also take care in the area around Busan Station. If any place could be deemed seedy in Busan (which would be a stretch) this area could be considered so.

On the metro late at night, you may encounter elderly men who are rather vocal, and under the influence of alcohol, who may be unpleasant towards you. This is however unlikely to be dangerous, and you should just move to another metro car.

There are occasionally sand storms from China covering Busan. You should avoid going outside if one passes through.

Driving standards are rather erratic in Busan, even by general Korean standards. Be careful of zebra crossing without traffic lights since they are effectively ignored. Local women driving large SUVs with mobile phones glued to their ears are a common sight, as are the in-car TV entertainment systems running in many vehicles. Also be wary of motorcycles and scooters, since they tend to follow even fewer road rules and are often trying to deliver something very quickly. Switching between sidewalk and road as it suits.

thumb|Relaxing on Songjeong beach in summer
Beaches in Busan do experience riptides, and lifeguard cover outside summer is limited. Songjeong beach is very calm, shallow and safe. 

There is a tsunami warning system and signs on the beaches, although the risk of a tsunami is far less than in nearby Japan. In the unlikely event a tsunami warning is issued for Busan or the South Korean coastline, head for the top of a tall building or higher ground. Higher ground is not easily accessible on Haeundae Beach.

Every summer the local press gets very concerned about foreigners behaving badly on Busan beaches, usually by photographing Korean girls wearing bikinis, although the same press publishes similar photos of foreign women on Busan beaches. Since it can be a police matter, be careful what pictures you take on the beach."
Q85,Cairo,"thumb|left|The [[Qasr El Eyni Hospital]]

Cairo, as well as neighbouring Giza, has been established as Egypt's main centre for medical treatment, and despite some exceptions, has the most advanced level of medical care in the country. Cairo's hospitals include the JCI-accredited As-Salaam International Hospital, Ain Shams University Hospital, Dar Al Fouad, Nile Badrawi Hospital, 57357 Hospital, and the International Medical Center.

Cairo has numerous public hospitals, including large university hospitals and general hospitals managed by the Ministry of Health. University and major public hospitals include; Qasr El Eyni Hospital, Ain Shams University Hospital (El Demerdash), Nasser Specialized Hospital, Manshiet el Bakry Hospital, Victoria Hospital, General and Specialized Ministry of Health Hospitals, Shoubra General Hospital (Kitchener), Dar el Salam General Hospital, Abbassiya Psychiatric Hospital, National Cancer Institute, National Heart Institute, and Rod El Farag Eye Hospital. The city was also chosen as the headquarters for the largest hospitals of the Egyptian Armed Forces Medical Services Administration, including the Armed Forces Medical Complex in Qubba, the Armed Forces Medical Complex in Maadi, Ghamra Military Hospital, Almaza Military Hospital, Helmiya Military Hospital for Orthopedics and Rehabilitation, Armed Forces Civilian Employees Hospital, and El Galaa Hospital for the families of Armed Forces officers."
Q36312,Calgary,"Although Calgary is generally a very safe place, walking at night should be avoided in the East Village and Victoria Park areas of downtown (generally speaking, this is the area adjacent to the Stampede Grounds and north to the Bow River). Calgary's 2011 murder rate of 1.1 murders per 100,000 inhabitants was, for example, roughly one-tenth the murder rate of Minneapolis and one-twentieth that of Memphis. Always keep your wits about you when the bars close, regardless of the area of town.

Calgary drivers are typical drivers for a mid-sized western North American city. Culturally, Calgary is a mash-up of small town culture and big city living, and driving in Calgary is no exception. If you come from a small town in rural North America, the drivers would be considerably more aggressive than you are used to. If you are from a larger busier urban area, or are from Europe for instance, Calgary drivers can be considered quite timid and under-skilled. A driver from New York, London or even Montreal and Toronto would consider the Calgary driver to lack confidence more than anything. Calgarians are generally quite aware of pedestrians and usually give pedestrians right of way, as required by law. Calgarians are generally safe and cautious (some consider overly cautious) drivers, though.

Calgary freeways are nowhere near as congested and confusing as L.A. freeways or the 401 in Toronto, but Deerfoot Trail is to be avoided if you're not comfortable with 100&nbsp;km/h freeway driving, and even by experts at rush hour (accidents occur on a daily basis). A second freeway, Stoney Trail, now exists on the northwest, west, north, and east sides of the city providing an alternate, less hectic route.

Be aware of lengthy wait times at the emergency rooms of the city's hospitals. It may take 1 to 2 hours or more to see an emergency doctor. There is a web page where Alberta Health tracks the current wait times for Calgary emergency departments. Serious emergencies are triaged and see medical attention immediately. 

Panhandlers are a sight in Calgary's downtown core. The majority of them just need to be told 'No' but some can be persistent. Panhandlers have also been found at signalized intersections, holding a cap or hand out to drivers stopped at red lights.

Take care when crossing LRT (tram) tracks, as the trains are quiet. There are no electrified rails. There are usually bells and barriers at pedestrian crossings; heed them.

Boaters on the Bow River should note the Calgary White Water Park (Harvie Passage) just downstream of the Calgary Zoo; heed the warning signs. People have perished here, the strongest swimmers among them.

Winter driving always requires caution. The key to winter driving is to slow down, as the main hazard in winter is slippery roads due to snow, ice, or slush. Remember, your vehicle – whether it's a compact car or an SUV – relies on four surfaces, each the size of the palm of your hand, to grip the road. When you drive fa"
Q424,Cambodia,"thumb|Cambodian medical students watching a surgery
Cambodian life expectancy was 75 years in 2021, an improvement since 1995 when the average life expectancy was 55. Health care is offered by public and private practitioners and research has found that trust in health providers is a key factor in improving the uptake of health care services in rural Cambodia.

Cambodia's infant mortality rate has decreased from 86 per 1,000 live births in 1998 to 24 in 2018. In the province with worst health indicators, Ratanakiri, 22.9% of children die before age five.""National Child Mortality and Malnutrition (Food Insecurity Outcome) Maps"" . UN World Food Programme. Retrieved 4 May 2008.

According to some estimates, unexploded land mines have been responsible for over 60,000 civilian deaths and thousands more maimed or injured since 1970.PBS.org (25 July 2003). Cambodia Land Mines The number of reported landmine casualties has decreased, from 800 in 2005 to 111 in 2013 (22 dead and 89 injured). Adults that survive landmines sometimes require amputation of one or more limbs and have to resort to begging for survival. Cambodia is expected to be free of land mines by 2025 with the social and economic legacy, including orphans and one in 290 people being an amputee. In Cambodia, landmines and exploded ordnance alone have caused 44,630 injuries between 1979 and 2013, according to the Cambodia Mine/UXO Victim Information System.Moss, Rebecca (25 June 2015) Disability survey underscores war legacy . Phnompenh Post.

In the 2024 Global Hunger Index (GHI), Cambodia ranks 68th out of 127 countries with sufficient data. Cambodia's GHI score is 14.7, which indicates a moderate level of hunger."
Q350,Cambridge,"Although Cambridge is one of the safer cities in the UK, you should use your common sense at night and be careful in badly-lit areas outside the city centre. As of 2019, pick-pockets are taking advantage of the throngs of tourists on King's Parade and the nearby shops; keep an eye on valuables. It is wise to be on your guard around Regent Street & St Andrew's Street after midnight with anti-social behaviour due to people leaving pubs and nightclubs.

Bicycle theft is an ongoing problem. If you have a bike, keep it locked up to a solid object with a strong lock (preferably a D-lock), as cycle theft is big business. There are cycle parking places with cycle stands to lock you bike to, in several places around the city centre and at the railway station. ""Secure"" covered cycle parking with CCTV surveillance and cycle stands is available in the lower section of the Park Street car park and at the Grand Arcade cycle park.

The city's police station is on Parkside which is next door to the city's fire station. The opening times of the enquiry office is every day 8AM-10PM and bank holidays 9AM-5PM. There are a couple of smaller stations in the nearby villages of Histon and Sawston. The opening time of the enquiry office is for Histon, Mondays; 4PM-8PM, Wednesdays to Fridays; 8AM - midday, with Tuesdays, weekends and bank holidays closed. For Sawston, it is Wednesdays to Friday; 1PM-5PM, Mondays, weekends and bank holidays closed. The non-emergency contact number is 101, calls are fixed rate of £0.15 on landlines and mobiles.

The city's Accident and Emergency department (Casualty department) is located at Addenbrooke's Hospital on Hills Road, south of the city centre."
Q1009,Cameroon,"As Cameroon is a developing country, health care facilities are poor and are much below western standards. In addition, you should expect a language barrier at healthcare facilities if your French-language skills aren't good enough. 

Yellow fever is prevalent in the country. You are required to get vaccinated against it before travelling to the country. 

Malaria is prevalent. To lower your chances of contracting malaria, regularly use insect repellent and consider draping a mosquito net over your bed. You may also want to consider getting vaccinated against the disease before travelling to the country.

Avoid drinking tap water, even in restaurants. Only stick to bottled water.

The country's HIV/AIDS prevalence rate among adults is at 3.2%. The situation has been getting better since the early 2000s, but still, be safe and be aware of your surroundings."
Q16,Canada,"Healthcare in Canada is delivered through the provincial and territorial systems of publicly funded health care, informally called Medicare. It is guided by the provisions of the Canada Health Act of 1984 and is universal. Universal access to publicly funded health services ""is often considered by Canadians as a fundamental value that ensures national healthcare insurance for everyone wherever they live in the country"". Around 30&nbsp;percent of Canadians' healthcare is paid for through the private sector. This mostly pays for services not covered or partially covered by Medicare, such as prescription drugs, dentistry and optometry. Approximately 65 to 75&nbsp;percent of Canadians have some form of supplementary health insurance; many receive it through their employers or access secondary social service programs.

thumb|upright=1.2|[[List of countries by total health expenditure per capita|Health expenditure and financing by country. Total health expenditure per capita in US dollars (PPP).|alt=graph of expenditures as described in the caption]]

In common with many other developed countries, Canada is experiencing an increase in healthcare expenditures due to a demographic shift toward an older population, with more retirees and fewer people of working age. In 2021, the average age in Canada was 41.9 years. Life expectancy is 81.1 years. A 2016 report by the chief public health officer found that 88&nbsp;percent of Canadians, one of the highest proportions of the population among G7 countries, indicated that they ""had good or very good health"". Eighty&nbsp;percent of Canadian adults self-report having at least one major risk factor for chronic disease: smoking, physical inactivity, unhealthy eating or excessive alcohol use. Canada has one of the highest rates of adult obesity among OECD countries, contributing to approximately 2.7&nbsp;million cases of diabetes. Four chronic diseases—cancer (leading cause of death), cardiovascular diseases, respiratory diseases, and diabetes—account for 65&nbsp;percent of deaths in Canada. There are approximately 8million people aged 15 and older with one or more disabilities in Canada.

In 2024, the Canadian Institute for Health Information estimated that healthcare spending reached $372billion, or 12.4 percent of Canada's GDP for that year. In 2022, Canada's per-capita spending on health expenditures ranked 12th among health-care systems in the OECD. The Commonwealth Fund's 2021 report comparing the healthcare systems of the 11 most developed countries ranked Canada second-to-last. Identified weaknesses were comparatively higher infant mortality rate, the prevalence of chronic conditions, long wait times, poor availability of after-hours care, and a lack of prescription drugs and dental coverage. An increasing problem in Canada's health system is a lack of healthcare professionals and hospital capacity."
Q3114,Canberra,"Canberra is a very safe city and enjoys one of the lowest crime rates in Australia. Take the usual precautions against opportunistic crime, however. Valuables should not be left in sight within unattended cars, especially overnight.

Despite its apparent affluence, Canberra has people who live the rough life. Particularly around Civic, it is not unusual to be asked for money. If you simply say that you don't have any money, the beggar will usually move on.

Once you leave Civic, Canberra is fairly spread out. For much of the year, evenings can become cold and windy fairly quickly. Don’t count on adequate lighting even in otherwise popular or marked footways/cycleways. Similarly, when traveling on such routes in between city centres, or when in the bush, it is possible not to see anyone else for an entire journey. Have a map and appropriate clothing. On hot days, carry water. For bicycle riders, having the means to fix a puncture, and having proper lights is necessary in Canberra.

If you go bushwalking, don't count on mobile phone reception. This is especially the case for tracks in the parks located outside the Canberra urban area. If you're walking in those areas, carry an alternate form of communication such as a personal locator beacon in case you or a member of your party needs assistance.

Do not swim in the lakes (including Lake Burley Griffin) until you check online, as poor water quality can make doing so unsafe. Few Canberrans ever swim in the lakes due to algal blooms in summer, but water quality is now better than it used to be.

Death cap mushrooms (Amanita phalloides) are common in many Canberra suburbs, and ingestion of even one can cause death

Being the ""bush capital"", you might encounter wildlife, even in the city areas. An eastern grey kangaroo can grow over 2 metres tall, taller than a very tall man, and can seriously injure you. Do not get too close, especially to a mother with a joey, and appreciate them from a distance. Keep an eye out for kangaroos and other wildlife when driving, especially at night.

The ACT is the only place in Australia where the use of cannabis has been decriminalised. However, the rules around this are restrictive. There are no criminal penalties for the personal possession or use of small quantities of cannabis in private homes. Buying, selling and gifting cannabis or using it in a public place remain criminal offenses.

The ACT government also decriminalised the possession of small quantities of many other drugs in 2023. Possession of these drugs remain illegal, but is punished through a fine, a caution or a requirement to attend a drug diversion program. Selling drugs and driving under the influence of drugs continue to be serious criminal offenses."
Q5465,Cape Town,"thumb|Sign warning motorists about the prevalence of [[smash and grab incidents at a ""Crime Hot Spot"" on the M5 freeway, between the lower-income neighbourhoods of Grassy Park and Retreat, situated in the Cape Flats region of the city]]

In recent years, the City of Cape Town (metro government) has made significant progress in combatting crime across Cape Town. Measures include the expanded use of digital tools, such as CCTV cameras and UAVs; increased Highway Patrol presence; substantially increased numbers of Law Enforcement officers; dispatching specialized teams of officers to areas based on the types of localized crimes there; targeting areas of specifically high crime; and lobbying the national government for more control (via the devolution of powers) over local policing.

Measures also include facilitating collaboration between various local and provincial law enforcement agencies and units (including the Traffic Service, Highway Patrol, Flying Squad, Ghost Squad, Law Enforcement, LEAP, LEAS, Disaster Volunteers, Gang and Drug Task Team, Metal Theft Unit, and SSU).

Overall, Cape Town has historically had high levels of violent crime. However, these city-wide statistics are heavily skewed and predominantly driven by gang violence in specific suburbs, many of which are located in the lower-income Cape Flats region of the city. This situation has created quite a disparity between safety levels amongst residents of Cape Town, with those in many of the city's suburbs enjoying a life devoid of the kinds of risks faced by those living in and commuting through high-crime neighbourhoods.

Crime in Cape Town in general is attributed to various factors, many of which are shared with other major South African metros. These include economic inequality (which can be linked to the legacy of apartheid's spatial and social divisions), unemployment, alcohol abuse, the prevalence of illegal firearms, a lack of rehabilitation and support services for offenders leading to recidivism, and a lack of community safety organizations.

Crime in Cape Town is a serious problem which affects the quality of life and safety of its residents and visitors. Between 2022 and 2023, Cape Town recorded the highest number of murders in a single year of any city in the world, at 2,998, followed by fellow South African metros Johannesburg and Durban. This represented an increase of 8.6% year-on-year. Household crimes including burglary also increased in the same period. In 2022, Mexico's Citizen Council for Public Security and Criminal Justice ranked Cape Town among the most violent cities in the world, based on average crime statistics across all suburbs.

The minibus taxi industry has been the source of a number of violent confrontations in the city. The northern and eastern sections of the city was the scene of the 2021 Cape Town taxi conflict, a violent turf war which led to 83 deaths. The 2023 Cape Town taxi strike resulted in 5 recorded deaths.

As with other major metropo"
Q1011,Cape Verde,"thumb|upright=1.15|left|A health clinic in a residential area of Praia
The infant mortality rate among children between 0 and 5 years old is 15 per 1,000 live births according to the latest (2017) data from the National Statistics Bureau, while the maternal mortality rate is 42 deaths per 100,000 live births. The HIV-AIDS prevalence rate among Cape Verdeans between 15 and 49 years old is 0.8%.

According to the latest data (2017) from the National Statistics Bureau, life expectancy at birth is 76.2 years; that is, 72.2 years for males and 80.2 years for females. There are six hospitals: two central hospitals (Praia and Mindelo) and four regional hospitals (in Santa Catarina, São Antão, Fogo, and Sal). In addition, there are 28 health centres, 35 sanitation centres, and a variety of private clinics. 

The population is among the healthiest in Africa. Since its independence, it has greatly improved its health indicators. Besides having been promoted to the group of ""medium development"" countries in 2007, leaving the least developed countries category (becoming the second country to do so""UN advocate salutes Cape Verde's graduation from category of poorest States"" , UN News Centre, 14 June 2007.), as of 2020 it was the 11th best ranked country in Africa in its Human Development Index. The total expenditure on health was 7.1% of GDP (2015). Cabo Verde ranks 48th out of 127 countries with sufficient data, with a GHI score of 9.2, indicating low hunger."
Q1533,Caracas,"Venezuela and its capital, Caracas, have been reported to both have among the highest per capita murder rates in the world. In 2010 Caracas had the highest murder rate in the world,

* 
* 
* having more deaths than Baghdad during the Iraq War.

In 2019, Caracas was the city with the sixth highest homicide rate in the world outside of a warzone, with a rate of around 76 murders per 100,000 people. In 2023 it was the nineteenth, with a rate of around 52 murders per 100,000 people. Most murders and other violent crimes go unsolved, with estimates of the number of unresolved crimes as high as 98%."
Q10690,Cardiff,"Cardiff is quite a safe city, and certainly safer than most other major cities in the UK, with the centre having less overall crime than much smaller cities like Gloucester, Northampton and Derby, and far less than in the centre of London, Birmingham, Liverpool or Leeds. However, Cardiff has a relatively high rate of car theft crime rates. Make sure you remove all valuables from your vehicle, especially from show; and don't park at night in badly-lit streets in inner-city neighbourhoods such as Adamsdown, Splott, Riverside or Butetown. If you do need to leave a car overnight, several of the city-centre car parks offer cheap rates for all-night parking and are completely safe. Cardiff seems not to be plagued with a prominent red light district akin to many of the similarly-sized cities in England. However, areas such as Ocean Way in Adamsdown may be wise to avoid in the nights and early evenings in winter, as the area is known for prostitution. Anyone caught curb crawling is likely to be stopped and questioned by police, although more often than not, you will just be told to move on.

Alcohol-related violence is common in parts of Cardiff, especially on the weekends in the clubs and bars concentrated around St Mary Street and Greyfriars Road, so take extra caution to avoid offending anyone. (Cardiff Bay is usually less raucous at these times and attracts much less trouble.) In addition, as in any city, there are areas to avoid after dark: again, these include Adamsdown, Splott, Butetown, and the southern half of Riverside. Bute Park is largely unlit at night so also best avoided."
Q7903,Casablanca,"Common sense will alleviate 99% of problems; try to look as little like a tourist as possible, do not flash large quantities of cash, and so on. Faux guides are much less of a problem here than in the rest of Morocco and are limited mainly to the area around the Old Medina. It is inadvisable to walk alone in Casablanca at night. Women, as in all Moroccan cities, should dress modestly to avoid harassment (which almost always consists of lewd comments, but nothing physical.)

Pickpocketing and moto-drive-by theft seem more to be a problem here&mdash;hide your valuables!"
Q1903,Catania,"Catania is the safest major city in Sicily, even during the night as there are a lot of students and people around throughout the city centre.

Be careful not to look conspicuously touristy, exposing jewelry, large bags or photo gear that might entice fast pickpockets or robbers. They are abundant all around the city and they recognize immediately anyone who is not from around here. However using common sense is more than enough the avoid all problems.

You may encounter some people asking for money. Just ignore them and say ""Non ho niente, mi dispiace"" (I don't have anything (=money), I'm sorry).

As in any other city avoid the station area, especially at night.

San Cristoforo is the most dangerous neighborhood in Catania and is located near the city centre, at the end of Via Plebiscito. Do not wander the streets alone at night. Another dangerous neighborhood is Librino, but of no interest for a tourist."
Q929,Central African Republic,"thumb|left|Mothers with babies aged between 0 and 5 years are lining up in a Health Post at Begoua, a district of [[Bangui, waiting for the two drops of the oral polio vaccine.]]
The largest hospitals in the country are located in the Bangui district. As a member of the World Health Organization, the Central African Republic receives vaccination assistance, such as a 2014 intervention for the prevention of a measles epidemic. In 2007, female life expectancy at birth was 48.2 years, and male life expectancy at birth was 45.1 years.

Women's health is poor in the Central African Republic. , the country had the fourth highest maternal mortality rate in the world. The total fertility rate in 2014 was estimated at 4.46 children born/woman. Approximately 25% of women had undergone female genital mutilation. Many births in the country are guided by traditional birth attendants, who often have little or no formal training.

Malaria is endemic in the Central African Republic and one of the leading causes of death. According to 2009 estimates, the HIV/AIDS prevalence rate is about 4.7% of the adult population (ages 15–49).CIA World Factbook: HIV/AIDS – adult prevalence rate . Cia.gov. Retrieved 6 April 2013. This is in general agreement with the 2016 United Nations estimate of approximately 4%. Government expenditure on health was US$20 (PPP) per person in 2006 and 10.9% of total government expenditure in 2006. There was only around 1 physician for every 20,000 people in 2009.

With a score of 31.5 in the 2024 Global Hunger Index, the Central African Republic ranks 119th out of the 127 countries with sufficient data to calculate 2024 GHI scores."
Q657,Chad,"Officially, Chad has the worst tap water quality in the world. Drink water brands you recognize from stores. Eat at restaurants recommended to you by friends and locals you trust. Eat food that has been freshly prepared and cooked well. If you are eating local dishes, make sure the food was freshly prepared, cooked well, and still warm from the grill or cooking pot. Wash your hands often.

Ensure your vaccinations are up to date before visiting Chad. Proof of Yellow fever and Covid vaccinations are mandatory to enter the country. 

The country is in the African Meningitis Belt. Malaria is the country's deadliest disease. The capital N'Djamena and the South in general lie in the high risk zone for mosquitos. The drier northern region (including Ennedi) sees fewer of them, though they may occur in oases such as Ounianga."
Q16565,Charlotte,"Charlotte is not a good allergy city, due to the abundance of flowering trees and greenspace.

Smog has become an increasing concern, as the city becomes more populated and in turn hosts more auto traffic. Local authorities monitor ozone levels and make public announcements when ""vulnerable"" groups (children, the elderly, etc.) are at risk. These announcements are carried on local television, radio, and newspapers.

North Carolina is known as ""Tobacco Road"", and cigarettes are almost ubiquitous in Charlotte. However, smoking is banned in all bars and restaurants in the state. It is still legal to smoke on the street, though you may want to be considerate of others if you are in a crowded area. Smoking is also permitted at most nightclubs provided they do not serve food. At concert venues (such as the Spectrum Center) there are outdoor decks for smokers.

In general, it is a good idea to be polite about smoking, whether you smoke or not. If you smoke, try to do it in an area in which others won't be bothered by it. If you are a non-smoker, be aware that in North Carolina people tend to be much less sensitive to smoking than in other parts of the country, so you will likely be received with a bit of bewilderment if you make a scene about it."
Q30002,Chengdu,"thumb|A banner reminding people of Ponzi schemes

Thieves are prevalent around certain areas of Chengdu. Be careful around the Yanshikou markets, crowded buses, on bicycles and especially around the North Train Station.

Traffic can appear hectic, and all motorists and cyclists drive as if they assume they have right of way/priority. Reassuringly, due to the volume of traffic in cities, it never travels fast enough to cause any damage. Walk with confidence and be aware of your surroundings when crossing streets; even when the walk sign is green, traffic will cross your path. See Driving in China for more information.

Pyramid/ponzi schemes are endemic in Chengdu, and criminals operating these schemes can resort to violence if their scam is about to be exposed. Simply avoiding any dubious investment scheme is sufficient for normal visitors. You should also be careful if strangers try to talk to you in order to sell you something or lead you somewhere."
Q1297,Chicago,"thumb|A [[Ford Explorer SUV as a Chicago Police Department vehicle, 2021]]
Chicago's crime rate in 2020 was 3,926 per 100,000 people. Chicago experienced major rises in violent crime in the 1920s, in the late 1960s, and in the 2020s. Chicago's biggest criminal justice challenges have changed little over the last 50 years, and statistically reside with homicide, armed robbery, gang violence, and aggravated battery. Chicago has a higher murder rate than the larger cities of New York and Los Angeles. However, while it has a large absolute number of crimes due to its size, Chicago is not among the top-25 most violent cities in the United States.

Murder rates in Chicago vary greatly depending on the neighborhood in question. The neighborhoods of Englewood on the South Side, and Austin on the West side, for example, have homicide rates that are ten times higher than other parts of the city. Chicago has an estimated population of over 100,000 active gang members from nearly 60 factions. According to reports in 2013, ""most of Chicago's violent crime comes from gangs trying to maintain control of drug-selling territories,"" and is specifically related to the activities of the Sinaloa Cartel, which is active in several American cities. 

Violent crime rates vary significantly by area of the city, with more economically developed areas having low rates, but other sections have much higher rates of crime. In 2013, the violent crime rate was 910 per 100,000 people; the murder rate was 10.4 per 100,000 – while high crime districts saw 38.9 murders, low crime districts saw 2.5 murders per 100,000.

Chicago's long history of public corruption regularly draws the attention of federal law enforcement and federal prosecutors. From 2012 to 2019, 33 Chicago alderpersons were convicted on corruption charges, roughly one third of those elected in the time period. A report from the Office of the Legislative Inspector General noted that over half of Chicago's elected alderpersons took illegal campaign contributions in 2013. Most corruption cases in Chicago are prosecuted by the U.S. Attorney's office, as legal jurisdiction makes most offenses punishable as a federal crime."
Q298,Chile,"thumb|Chile is home to a number of impressive waterfalls.

Having relatively good standards in medicine throughout the country, it is not difficult to stay healthy. However, one will usually find more refined resources at a private medical facility.
In case of emergency, call 131, but don't expect an operator fluent in English.

Hepatitis A vaccine is recommended for all travelers. Other potential vaccines, depending on your travel situation include: Hepatitis B, Typhoid, Rabies and Influenza.

Tap water is safe to drink. Just know that water is produced from the mountains, so it might be harder for foreigners. In that case, it is advisable to buy bottled water. Locals in Santiago, the north, and rural areas also tend to buy bottled water for drinking for the same reason, as well as due to the use of chlorine and other chemicals to disinfect tap water.

The atmospheric ozone layer in Chile has thinned considerably, so the ultraviolet radiation, which is harmful to health, is very strong. The ozone problem is at its worst during midday and afternoon hours in spring from September to November and in summer from Christmas to March. Use sunscreen and wear long-seeved tops, hats and sunglasses.

Chile has both a public and a private health care system. Public hospitals are often poorly equipped. However, doctors are professional and highly qualified. The same doctors often work partly in the public and partly in the private sector. Private clinics and hospitals in Santiago are of a high standard. Private hospitals are called clínica, and public ones are called hospital. When travelling to Chile, you should take out comprehensive travel insurance.

The two largest private hospitals in Santiago are Clínica Alemana and Clínica Las Condes. The clinics' websites provide more detailed information about their health services, which are aimed at foreigners living in Chile. Medical care in private institutions is expensive. Most major hospitals generally accept credit cards, and sometimes payment can be made by bank transfer. Cash payments in hospitals are becoming less common.

Chile has two health insurance schemes. Both health insurance schemes can be accessed with a Chilean identity card and number (RUT). FONASA (Fondo Nacional de Salud) is the government's public health insurance scheme, which is only available to Chilean citizens and residence permit holders. FONASA covers both public hospitals and private clinics. The private scheme is called ISAPRES (Instituciones de Salud Previsional) and is made up of several companies providing ISAPRE health insurance. ISAPRES is somewhat more expensive and of higher quality and less congested than FONASA. Both schemes provide emergency care when needed.

Dental care in Chile is of high quality and often somewhat cheaper than in Western countries. There are several private dental clinics offering dental services. Public health centres (consultorios) also provide dental services, but these are mainly"
Q21197,Chișinău,"Pedestrians should pay attention to the vehicles on the roads, because driving skills tend to be rather poor and no one really follows normal traffic laws. Accidents often occur, and pedestrians should be very careful while crossing streets.

Crime is relatively low although usual precautions apply.

When entering some buildings at night, you will have to walk through unlit alleyways. So when traveling through Chișinău, always carry a small torch. The street lights are quite sparsely positioned and it is a good idea to plan your arrival for day-light hours.

Watch out about nightlife: the U.S. State Department warns about Russian dating schemes being also common in Moldova and another kind of financial scams. However, the average backpacker has very little to worry about unless looking for a Russian bride.

There is occasional police corruption aimed at foreigners. This will usually involve getting arrested for something ridiculously minor, with extra fictional offenses added on for dramatic effect, in an attempt to scare you into paying a ""high"" bribe (maybe a few euros). Most police will not speak any English, and you can expect a lengthy lecture in Romanian/Russian. Always carry at least a good quality photocopy of your passports. However, this corruption is rare and usually only happens after being caught doing something illegal.

Stray dogs are increasingly problematic in the city, with control of the population getting out of hand in the late 2010s. Take caution while walking in the city to avoid this hazard. If you are bitten, there is an anti-rabies clinic at the ""Centru"" Centrul Consulativ Diagnostic (public health clinic), at Strada 31 August 1989 #63 (i.e. building #63 on 31st August 1989 Street). The anti-rabies clinic is in Office (""Cabinetul"") #101; go in the main front doors and turn left down a short hallway to find it. The staff generally only speak Romanian/Moldovan and Russian, but at least one physician in the anti-rabies clinic has a working knowledge of English."
Q79990,Christchurch,"Christchurch has a problem with smog during the winter, but only at night. Although conditions have improved over the years due to the intervention of the city council, take care venturing out on calm frosty evenings if you have a breathing-related medical condition.

While violent crime is relatively rare, some people do have a tendency towards aggression when drunk, as in most cities. Linwood is one of the lower socio-economic area of Christchurch, and is rougher than some other neighborhoods, but is still considered safe. As in any city, take care late at night, especially on Friday and Saturdays, as levels of intoxication can lead to unwanted attention or unprovoked violence. Avoid dark alleyways and confrontations and, if in doubt, make haste to a populated area and call the police (dial 111).

Aftershocks from the 2010-11 earthquakes have long since subsided. There is still a risk of another major earthquake rocking Christchurch, but the chances are comparable to any other New Zealand city.

*
*"
Q43196,Cincinnati,"Cincinnati is a safe city to visit, however care should be taken when visiting certain neighborhoods. Some perceive downtown as unsafe, but according to a 2011 article by the Cincinnati Enquirer, Downtown is ""as safe as the suburbs.... The most common crime [downtown] is theft, which includes shoplifting but not muggings, and the most likely crime you'll suffer is having your car broken into."" Therefore, it's safer to park your car in a monitored lot than on the street. As always, be sure to take proactive steps to ensure your safety regardless of where you are by using common sense. There are a fair number of Panhandlers, most aren't harmful, use common sense and firmly say no if approached.

The safest neighborhood near downtown is Mount Adams, which statistically experiences almost no serious crime. Some neighborhoods you should use care in, particularly at night, include Avondale, Walnut Hills (though East Walnut hills is fine), The West End, and parts of Over-the-Rhine.

Over-the-Rhine is becoming a popular destination for locals and tourists alike, but it is still in a transition phase. As of 2015, the safest part of Over-the-Rhine is on Vine Street from Central Parkway to just north of 14th Street at the Cincinnati Color Company building (large sign) and Main Street up to Liberty as well as the area immediately surrounding and including Washington Park (which is monitored security cameras) as far north as Taft's Ale House, and Walnut Street up to 14th street just past the 16 bit bar. These areas is well lit at night, and have constant police presence. Use caution wandering off by yourself in Over-the-Rhine at night as the neighborhood is inconsistent in its makeup. A good rule of thumb for OTR is to stay on the major streets (Vine and Main) and stay south of Liberty. Travel in a group if possible, or call/hail a cab."
Q37320,Cleveland,"thumb|A Cleveland police officer with his partner.
When driving at night in the city, stay in your car along major urban corridors (like Euclid, Chester and Carnegie Avenues heading east and Detroit and Lorain Avenues heading west). At night, you may want to avoid inner city neighborhoods and the City of East Cleveland in its entirety.

Many of the city's so-called ""rough"" neighborhoods are on the east side. However, tourists in general wouldn't have any reason to visit these neighborhoods, and University Circle on the east side, where all the city's main cultural institutions are, is safe. Eastern inner-ring suburbs such as Cleveland Heights, University Heights, Beachwood and Shaker Heights are all very safe.

The city of Cleveland is ranked 7th in violent crime rate among major US cities.

When walking at night, avoid eye contact, walk assertively, stay in lit areas, be aware of your surroundings, and travel in groups if possible."
Q100188,Cluj-Napoca,"thumb|250px|Part of the old city centre, as viewed from Cetățuia

Cluj-Napoca and the surrounding area (Cluj County) had a rate of 268 criminal convictions per 100,000 inhabitants during 2006, just above the national average. After the revolution in 1989, the criminal conviction rate in the county entered a phase of sustained growth, reaching a historic high of 429 in 1998, when it began to fall. Although the overall crime rate is reassuringly low, petty crime can be an irritant for foreigners, as in other large cities of Romania. During the 1990s, two large financial institutions, Banca Dacia Felix and Caritas, went bankrupt due to large-scale fraud and embezzlement.

Also notorious was the case of serial killer Romulus Vereș, ""the man with the hammer""; during the 1970s, he was charged with five murders and several attempted murders, but never imprisoned on grounds of insanity: he had schizophrenia, blaming the Devil for his actions. Instead, he was institutionalised in the Ștei psychiatric facility in 1976, following a three-year forensic investigation during which four thousand people were questioned. Urban myths brought the number of victims up to two hundred women, though the actual number was much smaller. This confusion is probably explained by the lack of attention this case received, despite its magnitude, in the Communist press of the time.

A 2006 poll shows a high degree of satisfaction with the work of the local police department. More than half the people surveyed during a 2005–2006 poll declared themselves satisfied (62.3%) or very satisfied (3.3%) with the activity of the county police department. The study found the highest satisfaction with car traffic supervision, the presence of officers in the street, and road education; on the negative side, corruption and public transport safety remain concerns.

Efforts made by local authorities in the Cluj-Napoca district at the end of the 1990s to reform the protection of children's rights and assistance for street children proved insufficient due to lack of funding, incoherent policies and the absence of any real collaboration between the actors involved (Child Rights Protection Directorate, Social Assistance Service within the District Directorate for Labour and Social Protection, Minors Receiving Centre, Guardian Authority within the City Hall, Police). In 2007, it was reported that there were still high numbers of street children, whose poverty and lack of documented identity brought them into constant conflict with local law enforcement.

Following cooperation between the local governmental council and the Prison Fellowship Romania Foundation, homeless people, street children and beggars are taken, identified and accommodated within the Christian Centres for Street Children and Homeless People, respectively, and the Ruhama centre. The latter features a marshaling centre for beggars and street children, as well as a flophouse. As a consequence, the fluctuating movement of children, b"
Q365,Cologne,"Cologne's safety levels are historically average by German standards, but since the mid-2010s, the city has been plagued with significant waves of crime and decay. 

Tourists should take normal safety precautions, particularly in the city centre, where pickpockets are known to be active. Also, be careful on the Ring, which is full of clubs and night-time crowds in the streets. Day and night be careful in outlying neighbourhoods like and . In general, stay away from drunk people. At street crossings, watch the trams."
Q739,Colombia,"Drink only bottled water outside the major cities. The water in major cities is safe. Most drinking water in people's homes is either boiled or of the purified variety that comes in huge multi-gallon plastic bags (which you can find at any little grocery store). The coffee's delicious, though, so why not just start that habit!

The tourism website of Colombia has the current information on COVID-19.

Tropical diseases are a concern in lowland parts of the country, and more so outside of major cities. Mosquitoes carry malaria, Yellow fever, and Dengue, and infection rates are similar to other lowland parts of South America (i.e., much lower than in sub-Saharan Africa). Yellow fever has a vaccine, so get it—it's required for entry to many national parks, anyway. Dengue is not preventable beyond avoiding mosquito bites, so using bug spray regularly in lowland rural areas is good sense.

Malaria is a potential problem, so trips outside Bogotá, Medellín, Cartagena, and the Andean region warrant use of antimalarials, which can be bought very cheaply without a prescription from a droguería, which are everywhere in any city of any size throughout the country. Ask for Doxycicline tablets at a dosage of 100&nbsp;mg, with the number being 30 days plus the number of days in a malarial area (so you can start 1–2 days in advance, and take it daily continuing for 4 weeks past the end of your trip). The phrase you want is: doxyciclina, cien miligramos, [number] pastillas. Using some bug spray in the evening serves as a bit of extra protection.

Cases of Zika virus have been reported in Colombia. Zika is a mosquito-borne and sexually transmitted infection that can cause serious birth defects. Travellers who are pregnant or planning a pregnancy should avoid travel to this country."
Q35381,Colombo,"thumb|Galle Face Green, a park and beach
Colombo is like most other South Asian capitals. Although it is not as dangerous as one would think, tourists should be very vigilant. Many first time visitors to Colombo find themselves falling victim to scams and touts; however, seasoned visitors to Sri Lanka are rarely scammed and it is very simple to avoid being a victim of scammers as long as you take precautions such as:

*Being on guard for anybody trying to help you by giving you unsolicited directions or travel advice. Take any advice from taxi and auto drivers with a grain of salt, especially if they tell you the place you want to go to is closed, dangerous, or non-existent. If you are unsure, check a map.
*Not engaging in business with people who have to actively approach you for business such as Tuk Tuk drivers, street vendors, etc. If people have to approach or make overtures to you for business without you seeking them on your own volition, then they shouldn't be considered for business dealings. Because, you will likely be overcharged, as you have been denied the option of shopping around for the best price.
*If you have been told your hotel is closed or full, give them a call. If you are a first time visitor to Sri Lanka, don't admit it as it will make you a target for the scam artists.

Once you are past the scammers, Colombo is a far more welcoming destination than other South Asian cities. Certainly single women, although not advised to explore every nook and cranny of the city on their own late at night, will not find the pestering attentions of leering men. Sri Lankan women are also very ""western"" in their dress sense, so it is very normal to wear skirts, tank tops, etc. You may get a few whistles and hellos from bored school boys, but they are more friendly and not meant to be threatening, so just ignore it and they will leave you alone.

The civil war that once raged is now long over, with much development occurring since. The country is now generally free from terrorism, though in April 2019, an Islamist terrorist bomb attack against churches and hotels in Colombo and elsewhere in Sri Lanka killed 259 people and wounded more than 500."
Q970,Comoros,"There are 15 physicians per 100,000 people. The fertility rate was 4.7 per adult woman in 2004. Life expectancy at birth is 67 for females and 62 for males.

In the 2024 Global Hunger Index (GHI), Comoros ranks 81st out of 127 countries with sufficient data, with a score of 18.8, which indicates a moderate level of hunger."
Q1748,Copenhagen,"Emergency Rooms (ER) are called Skadestue in Danish, as with many other health related terms and phrases, the English term may not be understood by some Danes — but conveniently Hospital is the same in Danish. Hospitals with 24 hour Emergency Wards near the city centre include:

*
*
*

The public healthcare system also maintains doctors on call outside normal office hours, calls are screened by medical personnel, and doctors dispatched only when deemed necessary.

*

There is a 24-hour pharmacy in central Copenhagen, and 3 additional ones in the suburbs.

*"
Q800,Costa Rica,"thumb|Development of life expectancy in Costa Rica
thumb|Hospital Calderón Guardia, named after the [[Rafael Ángel Calderón Guardia|president who instituted universal health care across the country in 1941]]
According to the UNDP, in 2010, the life expectancy at birth for Costa Ricans was 79.3 years. The Nicoya Peninsula is considered one of the Blue Zones in the world, where people commonly live active lives past the age of 100 years. The New Economics Foundation (NEF) ranked Costa Rica first in its 2009 Happy Planet Index, and once again in 2012. The index measures the health and happiness they produce per unit of environmental input. According to NEF, Costa Rica's lead is due to its very high life expectancy which is second highest in the Americas, and higher than the United States. The country also experienced well-being higher than many richer nations and a per capita ecological footprint one-third the size of the United States'.

In 2002, there were 0.58 new general practitioner (medical) consultations 0.33 new specialist consultations per capita, and a hospital admission rate of 8.1%. Preventive health care is also successful. In 2002, 96% of Costa Rican women used some form of contraception, and antenatal care services were provided to 87% of all pregnant women. All children under one have access to well-baby clinics, and the immunization coverage rate in 2020 was above 95% for all antigens. Costa Rica has a very low malaria incidence of 48 per 100,000 in 2000 and no reported cases of measles in 2002. The perinatal mortality rate dropped from 12.0 per 1000 in 1972 to 5.4 per 1000 in 2001.
thumb|[[Hospital CIMA in Escazú]]
Costa Rica has been cited as Central America's great health success story. Its healthcare system is ranked higher than that of the United States, despite Costa Rica's much lower GDP. Before 1940, government hospitals and charities provided most health care. But since the 1941 creation of the Social Insurance Administration (Caja Costarricense de Seguro Social – CCSS), Costa Rica has provided universal health care to its wage-earning residents, with coverage extended to dependants over time. In 1973, the CCSS took over administration of all 29 of the country's public hospitals and all health care, also launching a Rural Health Program (Programa de Salud Rural) for primary care in rural areas, later extended to primary care services nationwide. In 1993, laws were passed to enable elected health boards that represented health consumers, social insurance representatives, employers, and social organizations. By 2000, social health insurance coverage was available to 82% of the Costa Rican population. Each health committee manages an area equivalent to one of the 83 administrative cantons of Costa Rica. There is limited use of private, for-profit services (around 14.4% of the national total health expenditure). About 7% of GDP is allocated to the health sector, and over 70% is government-funded.

Primary health care facilities"
Q224,Croatia,"No vaccinations are required when going to Croatia.

If you're going camping or hiking in continental Croatia during summer, you should be aware of ticks and tick-carrying diseases such as encephalitis and lyme disease. Approximately 3 ticks in 1000 carry the virus.

In Eastern Slavonia (particularly around the Kopački Rit near Osijek) wear long sleeves and take insect repellent.

Tap water in Croatia is perfectly safe, and in some areas considered the best in the world. However, you can still choose from several brands of excellent bottled water (Jamnica being the most popular, and Jana, several times awarded as the world's best bottled water.)

Though the water may be some of the best in the world, avoid drinking the home-made wine sold in refilled plastic jugs in many local farmer's markets as it may cause intestinal distress."
Q241,Cuba,"thumb|Bar in [[Varadero]]
Cuba is considered very healthy except for the water; even many Cubans boil their water. That said, some travelers drink untreated water without ill effect. The best solution is bottled water and lots of it, especially for visitors who are not used to the temperatures over 30°C/85°F. Bottled water (agua de botella) is easily found and costs between ~US$0.65-2 for a 1.5-L bottle, depending on the shop. The mineral count (total dissolved solids) of bottled water is quite high compared to elsewhere in the world, so if you are planning to visit Cuba for an extended period of time (e.g. as a student or on work permit), it might be a useful idea to bring a small jug/sports bottle water filter with a few cartridges along to further purify the water.

Cuban milk is usually unpasteurized, and can make visitors sick. Additionally, tourists should be wary of vegetables washed in tap water. Meat sold on the streets (esp. ""jamon"") often even looks barely edible, but meat served in the casas is usually OK. Despite the warnings, most Cuban food is safe to eat and you do not need to be paranoid.

The island is tropical and thus host to a number of diseases. Some recommend an aggressive program of inoculations when planning a trip to Cuba, but most travellers come with little or none. Hepatitis B and tetanus shots are recommended by most travel clinics. Hepatitis B is generally spread by direct blood or sexual contact, the inoculation course requires three injections over several weeks, followed by a blood test to determine if it actually worked; shorter courses are available. (Interestingly, the hepatitis B vaccine is produced in Cuba for worldwide use). Generally tetanus immunization is more important, since tetanus is a risk with any wound or cut, especially in a dirty, contaminated wound.

HIV/AIDS infection is less than 0.1%, however, as always, you should exercise care and make sure you or your partner wears a condom should you become sexually active while in Cuba.

Cuba has one of the highest number of doctors available per capita in the world (around one doctor for every 170 people), making doctors readily accessible throughout most of the island. Your hotel reception should be able to point you to the closest doctor. (So plentiful are doctors in Cuba, that it is not uncommon to see doctors selling paintings, books or other artwork to tourists at the flea market to make money to supplement their meager salaries.)

Finding some medications is, however, often difficult. It is highly recommended to stock up on over-the-counter medications before heading to Cuba, as pharmacies lack many medications that westerners might expect to find, such as aspirin, ibuprofen and imodium due to the U.S. embargo. Do not attempt to import psychoactive drugs into Cuba. Havana also features a clinic (and emergency room) for foreigners, which offers extremely prompt service. Similar clinics are available in other large cities, such as"
Q213,Czech Republic,"Grocery stores do not sell over-the-counter drugs, such as aspirin. You will need to go to a pharmacy (lékárna), which is usually open M-F 08:00-19:00. There are 24-hour pharmacies in the bigger cities, and you should find an address for the closest one to you listed in the window of the nearest pharmacy to you. If you are in Prague, the most central 24-hour one is in Prague 2 - on the corner of Belgická and Rumunská streets - they dispense both prescription and non-prescription drugs from a small window on Rumunská out of hours - ring the bell if there is no-one there.

Tap water is safe to drink. It's especially good in Prague although in small towns, the amount of chlorine added can be quite strong. Of course, mineral water from Karlovy Vary tastes great!

A reputable hospital in Prague is Nemocnice na Homolce, Address: Roentgenova 37/2, Prague 5 (tel 257 272 350). There is a foreigners' clinic (Cizinecké oddělení) there with English-speaking receptionists who can make appointments for you. Most doctors speak some English, and the level of care is of a very high standard.

Central Europe and parts of the Czech Republic have ticks (Ixodes ricinus) which can carry Encephalitis or Lyme Borreliosis. Ticks hide in tall grass and bushes, so try to stay on trails and inspect exposed areas of skin after a hike. Vaccination against Encephalitis is available and recommended. If you want to bushwhack, make sure you have the vaccination and wear long trousers. A good insect repellent (which contains DEET), might be helpful, too. thumb|Tick

Ticks like to cling to any soft, warm, well-perfused areas of your body (undersides of knees and elbows, skin around ankles, groins, neck area, behind your ears, etc.) and if not removed, they'll suck your blood until they grow about 1&nbsp;cm big. Never try to scratch a tick off or pull it out, because damaging it can cause you a serious infection. The sooner the tick is removed, the smaller the chance of infection. Either ask a physician to remove a tick for you, or try to remove it by yourself: gently wag a tick from side to side until it wobbles free ideally with tick tweezers from available at a pharmacy. Then flush it down the drain - never crush or burn it to avoid infection. Watch the affected spot: if you see a growing red spot developing there any time during next several months, immediately visit your physician and tell him that - you might have contracted Borreliosis. It is dangerous, but it can be easily treated with antibiotics during early stage. The American vaccination against Borreliosis most probably won't work against European strains (B. afzelii and B. garini). Ticks are sometimes present even in city parks, including Prague, usually in taller grass. Regularly cut low cut grass exposed to sun is not their preferred habitat."
Q16557,Dallas,"Tourists should avoid anywhere south of the Trinity River at night (and maybe even during the daytime), with the exceptions of North Oak Cliff, the Bishop Arts District, and Fair Park. There is little to see outside those areas anyway. South and West Dallas are mostly low-income, high-crime residential and industrial areas: as in any such area, know where you are going, stay there, and don't dawdle or wander, especially at night. Avoid Downtown's Government District at night (the few blocks around City Hall). It's not inherently dangerous, but it has a lot of homeless people running about. Stick to West End and the Arts District. Uptown and North Dallas are generally safe after dark.

Police officers in Texas are kind and helpful for the most part, and they will generally find ways to make you feel safe. Sadly, this does not (always) apply to police officers in Dallas. Texas law can be strict, but the Dallas Police Department is notorious for its ferocious zero-tolerance attitude to even the slightest of misdemeanors. When approached by a local police officer, listen, cooperate, and speak carefully at all times.

Also, avoid driving on the highways after 2AM on weekends, when all the bars have just closed and many tipsy drivers are in a hurry to get home.

In the event that you fall victim to identity theft while visiting Dallas, the Federal Bureau of Investigation (FBI) operates a major field office in Dallas."
Q3766,Damascus,"See the Syria article for information on the security situation. 

In rural and modern areas of Damascus, people have been known to be perfectly healthy, but to imitate beggars in order to get money. Often, they will attempt to con you by giving more money and have many tricks to do so. Exercise caution.

Also, for your safety, do not take advice or recommendations, especially about accommodation, doctors and dentists, from taxi drivers.

Damascus itself has not been an active war zone for several years now. Nonetheless, the political by-products of the war continue to negatively impact travellers. In particular, checkpoints are everywhere in the city and its environs, staffed by underpaid and notoriously corrupt soldiers and policemen. Especially if you are not Arab, Russian, or Iranian, you can expect to be repeatedly shaken down for bribes (ranging from food and cigarettes to cash). Do not get in these people's bad books under any circumstances; Syria is not a country where the rule of law applies. Nonetheless, Damascus is physically safe for tourists who are respectful and willing to ""pay to play"". Travelling with a guide at all times is strongly recommended, if only to make such interactions less stressful."
Q25282,Da Nang,"In general, you'll find that Da Nang is a safer and far more laid back city compared to hectic Hanoi or Ho Chi Minh City. As the number of tourists rises, of course, things begin to change. That doesn't mean you'll have to walk down the street clutching your bag like you would in bigger cities. Still, it pays to observe some rules of thumb to avoid unnecessary hassles:

* Avoid wearing ostentatious jewellery or clothing that flaunts your (comparatively) rich lifestyle.
* Carry cash and copies of important papers in a thin wallet rather than in a large purse.
* It's safe to leave a rented motorbike outside during the day, but be sure to bring it inside during the night.
* While cannabis is fairly common and sold at some bars it's still illegal and possession carries a stiff penalty.

Like other cities in Vietnam, crossing the road can be a challenge, since roads are wide and the traffic never stops. Walk at a predictable pace so motorbikes can swerve around you and try to cross together with locals until you get the hang of it.

One thing to beware of is the standard taxi scam: When going on a long trip to Ba Na Hills, Hue, or elsewhere, an unscrupulous taxi driver may stop and agree to a very low price for a return journey. Once you reach your destination, he triples or quadruples the price, knowing you have no other options. When you do return to your hotel—parking the car slightly away or out of sight of the main entrance—he locks the doors and demands the price first before letting you go. To avoid getting caught in this kind of situation, stick with taxis from reputable companies such as Mai Linh or Vinasun, and agree a price with them. To play it even safer, take your driver to the hotel reception to confirm the price again and leave the taxi details, including the licence plate number, with hotel reception.

Another scam that appears to be reported for transport from Da Nang airport to Hoi An at night, is that even when the driver confirms that he knows where the hostel is located, at some point he says he needs help from a passerby to locate it and, just by chance, this person will speak English fluently. This person then boards the taxi saying he will help the driver giving directions and eventually will start promoting his business to the passenger. To avoid this scenario it is suggested that for late arrivals a private transfer be arranged with a travel agency or with the hostel in advance. The extra cost may well be worth the peace of mind."
Q1960,Dar es Salaam,"Homosexuality is illegal in Tanzania, with a possibility of life imprisonment. Public displays of homosexuality like holding hands or kissing in public places could lead to arrest and imprisonment. 

Tanzania is one of the least policed countries in the world. Rapes and murders often go unreported and little data exist to suggest how common these crimes are. Domestic violence and sexual harassment, which often go well beyond verbal cat-calling, are extremely common. Foreign female students have documented multiple accounts of sexual assault and/or rape. These cases often go unreported/under-reported by universities with study abroad programs in Tanzania, and of course by the Tanzanian authorities themselves. Walking alone at night outside the most exclusive areas (such as Oyster Bay, the Slipway, Sea Cliff) is extremely inadvisable for foreigners. Slipway Road has been the site of muggings in late 2015. Men stand a high chance of being mugged, and women of being mugged and/or sexually assaulted. Dar is often very poorly lit. The city experiences a great many power outages. This makes lone women particularly vulnerable.

Most travellers who are in Dar on a short stay will, fortunately, not face these challenges. Similarly, most expatriates who live in Dar are sequestered well enough (with cars, security guards, in upscale neighbourhoods) not to have to worry about this sort of thing.

By far the most common crimes, and the biggest risk for most travelers, will be muggings and petty thefts. Muggings occur very frequently, including sometimes on the street in broad daylight. Sometimes, but not always, the victim gets roughed up. Foreign students at the University of Dar es Salaam have been mugged at machete point. Never carry your wallet anywhere easily accessible (a back pocket, an outside flap of a backpack or purse).

Avoid:
* walking on the beach (like Cocoa Beach) while carrying valuables, as many of these places are invisible from the road. Dar can be a friendly place, and you can certainly have a comfortable time there, but avoid carrying valuables as you may be unlucky. You can walk in the city in the evening but as it gets darker and you see fewer people on the street, exercise real caution. It might be better to take a taxi. If you are noticeably foreign, remember that many people will assume you are rich carrying large amounts of cash, and an easy target.
* Parking on dark sectors in the beach (coco beach) as thieves and junkies crouch in the dark waiting for the unaware foreigner to park, turn-off the engine and leave the car (to have a nice view of the Dar night from the beach) only to come in groups of 4-5 to steal as much as they can (in the case of a male foreigner). In the case of a female foreigner this is an absolute ""not to do"".
*Parking in a place without a guard runs you the serious risk of having lights or other car parts extracted. It is not uncommon for people to try to steal things through open windows, while"
Q11568,Darwin,"In an emergency dial 000 for ambulance, fire or police.
#Dial 000 and request the service that you need
#Remember to remain as calm as you can and give a clear description of your location
#Speak clearly and give the details as requested

Take care at night. While the tourist areas around the waterfront are pretty friendly, there are some rough areas in the city proper. Darwin has consistently been ranked as Australia's most dangerous city, with a crime rate similar to Tripoli (according to Numbeo). Avoid walking alone at night; the most common types of crime are break-ins, car vandalism, theft, knife crime, and pickpocketing, much of which is alcohol-fueled. Take extra care of your belongings and around bottle shops – don't leave any valuables unattended.

Royal Darwin Hospital is one of five public hospitals located within the Northern Territory. The hospital is on Rocklands Drive, Tiwi, on the northern side of Darwin. As you approach Casuarina, blue signs give directions to the hospital, but it is better to familiarise yourself with the Hospital's location before you may need to find it. Darwin Private hospital is situated across the road. Extensive delays may occur for treatment of anything other than very serious illness or trauma injuries at the Accident and emergency section of Royal Darwin Hospital. Be prepared for a long wait, especially on weekends.

Drink plenty of water; at least 1 litre of water for every hour of walking in very warm weather. Ensure you have an adequate fitness level for the bushwalk you plan to undertake.

Avoid walking in the hottest part of the day or walking alone, register with the overnight bushwalking register if you plan an extended walk. Carry a map of the area you're walking/camping in and know how to read it, tell someone your plan and when you expect to return. Carry a mobile telephone if in a potential coverage area but do not expect coverage anywhere other than very built up areas with good line of sight to a transponder tower. Under no circumstances should you rely on mobile telephony for essential communications unless within the city area. Ensure you are using a mobile telephone service that provides usable coverage in the Northern Territory. Not all of the service providers give even faintly adequate coverage throughout the Darwin area and much less so outside the immediate city and suburban area. Please see the Driving in Australia article for some useful tips that apply to travelling by road in the Northern Territory. Even locations very nearby to the city can present serious challenges and concerns unless properly skilled and prepared for the conditions. The effects of hot weather and exhaustion can set in quickly if you encounter difficulties. Even if you are successful in raising an alarm for assistance it may still be a long wait before it can arrive.

Malaria is not endemic in Australia. During the peak of the dry season (which is the preferred traveling season), mosquitoes are"
Q974,Democratic Republic of the Congo,"Excellent medical care is almost entirely non-existent in DRC, especially for non-citizens.

Ebola Virus – a virus which killed 49 people in DRC during a three-month outbreak in 2014 – remains present in the equatorial forest region of Bas-Uele province (bordering Central African Republic/CAR). On 1 August 2018, the Ministry of Health of the Democratic Republic of the Congo declared a new outbreak of Ebola virus disease in North Kivu and Ituri Provinces. Travellers should avoid eating bushmeat, avoid contact with persons that appear ill, practice good personal hygiene and seek medical advice before travel. As of September 2019, this outbreak is still ongoing with more than 3,000 cases and 2,000 deaths.

You will need a yellow fever vaccination in order to enter the country by air (this requirement is often ignored at land entry points, particularly the smaller ones). There are health officials at some major entry points, such as the airport in Kinshasa, who check this before you are allowed to enter.

Congo is malarial, although slightly less in the Kivu region due to the altitude, so use insect repellent and take the necessary precautions such as sleeping under mosquito nets. The riverside areas (such as Kinshasa) are quite prone to malaria.

If you need emergency medical assistance, it is advised that you go to your nation's embassy. The embassy doctors are normally willing and skilled enough to help. There are safe hospitals in Kinshasa, like ""CMK"" (Centre Medical de Kinshasa), which is private and was established by European doctors (a visit costs around US$20). Another private and non-profit hospital is Centre Hospitalier MONKOLE, in Mont-Ngafula district, with European and Congolese doctors. Dr Léon Tshilolo, a paediatrician trained in Europe and one of the African experts in sickle-cell anaemia, is the Monkole Medical Director.

Drink lots of water when outside. The heat and close proximity to the equator can easily give those not acclimated heatstroke after just a few hours outside without water. There are many pharmacies that are very well supplied but prices are a few times higher than in Europe.

Do not drink tap water. Bottled water seems to be cheap enough, but sometimes hard to find for a good price."
Q35,Denmark,"Health services in Denmark are of a high standard, although waiting times at emergency rooms can be quite long for non-emergencies. Except for surgical procedures there is no private healthcare system to speak of, all is taken care of by the public healthcare system and general practitioners. All visitors are provided with free emergency care, until you are deemed healthy enough to be transported back to your home country. Citizens of EU countries, Norway, Iceland, Switzerland and certain British dependencies are all entitled to additional basic medical services during their stay, but other nationalities should have a valid travel insurance for any additional medical care needed after any emergency is dealt with. Transportation home is also not covered by the system. English speakers should not have any trouble communicating with staff in English.

Danish doctors do not hand out prescriptions or pills at the rate common in North America, Japan and Southern Europe. There is a general trend of letting the body's own immune system take care of diseases, rather than using medicines. So if you show up at the local GP with minor illnesses like the common flu, expect to be sent back to your bed to rest, rather than receiving any treatment, if you are otherwise of good health. Pharmacies (Danish: Apotek) are usually well stocked, but brand names may differ from those in your own country – check the generic name (""INN""). Staff is highly trained, and major cities usually have one 24 hour pharmacy. Many drugs that are prescription-free in other countries, require prescription in Denmark, which is not trivial to get (see above). Medicines available in supermarkets and drug stores are very limited; i.e., allergy drugs and light painkillers (based on paracetamol/acetaminophen, acetylsalicylic acid or ibuprofen).

Dentists are only partly covered by the public healthcare system, and everyone, including Danes, pay to visit their dentist. Danes and other Nordic citizens have some of the expenses covered by the public healthcare system, while non-Scandinavians should generally be prepared to foot the entire bill themselves, or forward the expenses to their insurance company. Prices are notoriously high compared to the neighbouring countries, so unless it is urgent to see a dentist, it will probably be more economical to wait until you return home, or pass into Germany or Sweden.

Tap water is potable unless indicated, which is very rare indeed. The regulations for tap water in Denmark even exceeds that of bottled water in general, so do not be offended if you notice a waiter filling a pitcher of water at the sink, it's perfect for drinking. However, most places charges a fee for the service.

Restaurants and other places selling food are checked regularly by health inspectors. The ratings must be prominently displayed, so look out for the happy face when in doubt. 

Nearly all beaches are fine for bathing on sunny days – even parts of the Copenhag"
Q16554,Denver,"Denver is quite safe for a city its size. Use common sense when traveling, particularly in downtown and some of the other inner-city neighborhoods. Denver does have a visible population of people experiencing homelessness, but the city has strict laws about accosting for money. In general, panhandlers don't harm anyone. Downtown has a fairly active 24/7 population, especially in LoDo, so it's generally safe.

Still, it may be a good idea not to travel alone at night in some of the neighborhoods surrounding downtown. Although the inner-city neighborhoods are not as bad as those in some other cities, they have higher rates of crime than the rest of the city. The rest of Denver is safe, though.

Like the rest of the United States, the emergency number in Denver is 911. This will connect you to the local emergency services (police, medical, and fire). If you need to report a crime to the police, such as a burglary (not in progress), minor assault (no injuries and not in progress), car theft, etc. Dial and request for police assistance.

The Denver Police is the main police force for the Denver Metro area. Most police officers are polite and trustworthy individuals, so if you need assistance, approaching a police officer is a good idea.

thumb|350px|Mile High Marker on the State Capitol building

Altitude sickness or Acute Mountain Sickness is an ailment that potentially anyone can have when they visit areas with higher altitudes than they are used to, due to decreases in barometric pressure (though not oxygen content). Denver is called the Mile High City for a reason—at an altitude of a mile (1600 m) above sea level, one can start to experience some of the effects of altitude sickness, though this condition generally becomes more pronounced at elevations around 8000&nbsp;ft (2500 m) and above. Some normal changes may occur when people travel to higher altitudes that are not altitude sickness. These include the following:
* Hyperventilation (breathing faster and/or deeper than normal)
* Shortness of breath after exertion
* Changes in nightly breathing
* Awaking at night
* Increased urination

The above are generally nothing to worry about, though problems with breathing may be helped by a drug called acetazolamide. If you think you may have problems, get advice from your doctor before traveling to Denver.

Some people get Acute Mountain Sickness (AMS), which can be serious, at the higher elevations you will experience if you are touring through the Rocky Mountains. A diagnosis of AMS is usually given if a person has a headache accompanied by one or more of the following symptoms:
* Loss of appetite, vomiting and/or nausea
* Fatigue or weakness
* Dizziness or light-headedness
* Insomnia, difficulty sleeping

Some people liken AMS to a bad hangover or worse. It occurs because your brain tissue swells at higher elevations than it is used to. If you are feeling unwell at high altitudes, assume that you are suffering from AMS unless there is"
Q39709,Des Moines,"In any emergency which requires medical assistance, call 911.

All hospitals—not clinics—have 24-hour emergency services available."
Q12439,Detroit,"thumb|A 2025 Ford Police Interceptor
thumb|Detroit Police Underwater Recovery Team boat

Detroit has gained notoriety for its high amount of crime, having struggled with it for decades. The number of homicides in 1974 was 714. The homicide rate in 2022 was the third highest in the nation at 50.0 per 100,000. Downtown typically has lower crime than national and state averages.Booza, Jason C. (July 23, 2008).Reality v. Perceptions: An Analysis of Crime and Safety in Downtown Detroit. (Archive) Michigan Metropolitan Information Center, Wayne State University Center for Urban Studies. Retrieved August 14, 2011. According to a 2007 analysis, Detroit officials note about 65 to 70 percent of homicides in the city were drug related, with the rate of unsolved murders roughly 70%.

Although the rate of violent crime dropped 11% in 2008, violent crime in Detroit has not declined as much as the national average from 2007 to 2011. The violent crime rate is one of the highest in the United States. ""Neighborhoodscout.com"" reported a crime rate of 62.18 per 1,000 residents for property crimes, and 16.73 per 1,000 for violent crimes (compared to national figures of 32 per 1,000 for property crimes and 5 per 1,000 for violent crime in 2008). In 2012, crime in the city was among the reasons for more expensive car insurance.

Areas of the city adjacent to the Detroit River are also patrolled by the United States Border Patrol."
Q9310,Dili,"thumbnail|Crocodile warning in Dili city
The biggest risk in Dili is probably that of being involved in a traffic accident, It's a good idea to bring a quality good helmet in case you get a bike, or to use when riding on the back of other peoples’ bikes.

Basic precautions will ensure personal safety in Timor-Leste. As with many cities, it's generally considered unsafe for a ‘malae’ (foreigner) woman (and probably a malae man, too) to walk around alone after dark. There have been a few reported incidents of people riding in taxis after dark being robbed. There have been a few malae houses broken into overnight. Generally, though, it feels very safe to walk around Dili during the day – there are always lots of people around.

The only other security precaution in Dili is to avoid gang activity, which normally occurs at night, particularly in the Bairo Pite district of Dili. These gangs are based on martial arts groups within Dili which, after Timor Leste's history of violence and upheaval, is a social network for many unemployed males. Setesete, PSHT and Korak are the main gangs and their graffiti can be seen throughout Dili. Travellers should keep their distance from these martial arts venues and leave an area immediately if gang-related violence seems to be a possibility."
Q977,Djibouti,"thumb|upright|Entrance to the ISSS Faculty of Medicine in Djibouti City

The life expectancy at birth is around 64.7 for both males and females. Fertility is at 2.35 children per woman. In Djibouti there are about 18 doctors per 100,000 persons.

The 2010 maternal mortality rate per 100,000 births for Djibouti is 300. This is compared with 461.6 in 2008 and 606.5 in 1990. The under 5 mortality rate per 1,000 births is 95 and the neonatal mortality as a percentage of under 5's mortality are 37. In Djibouti the number of midwives per 1,000 live births is 6 and the lifetime risk of death for pregnant women 1 in 93.

About 93.1% of Djibouti's women and girls have undergone female genital mutilation (FGM, sometimes referred to as 'female circumcision'), a pre-marital custom mainly endemic to Northeast Africa and parts of the Near East.Bodman, Herbert L. and Tohidi, Nayereh Esfahlani (1998) Women in Muslim societies: diversity within unity . Lynne Rienner Publishers. p. 41. . Although legally proscribed in 1994, the procedure is still widely practiced, as it is deeply ingrained in the local culture. Encouraged and performed by women in the community, FGM is primarily intended to deter promiscuity and to offer protection from assault.Suzanne G. Frayser, Thomas J. Whitby, Studies in human sexuality: a selected guide , (Libraries Unlimited: 1995), p. 257 . About 94% of Djibouti's male population have also reportedly undergone male circumcision, a figure in line with adherence to Islam; the Shafi'i school of Islam, the predominant madhhab in the Horn of Africa, requires circumcision of males and females."
Q3604,Djibouti,"Health insurance is advisable. Doctors and hospitals may expect immediate cash payment for any medical treatment. A yellow fever vaccination certificate is required for visitors over one year of age coming from infected areas. Cholera is also a serious risk and precautions are essential. Up-to-date advice should be sought before deciding if these precautions should include vaccination as medical opinion is divided over its effectiveness. Typhoid immunization is usually advised.

Malaria risk, predominantly in the malignant falciparum form, exists year-round. Resistance to chloroquine has been reported. Mefloquine, doxycycline or atovaquone/proguanil are recommended.

The adult HIV/AIDS prevalence rate is over 3% or 1 in 33 adults. Protect yourself.

Tap water is not safe to drink unless it has been boiled or otherwise sterilized."
Q48256,Dnipro,"Be wary of groups of drunken people roaming around. Be careful drinking on the street at night because although the number has decreased since the 1990s, Gopniks still exist in Dnipro. They are people that enjoy drinking and fighting and little else and will not hesitate to fight you."
Q786,Dominican Republic,"thumb|[[Hospital Metropolitano de Santiago is the largest hospital in the Dominican Republic]]
In 2020, the Dominican Republic had an estimated birth rate of 18.5 per 1000 and a death rate of 6.3 per 1000.

In the 2024 Global Hunger Index (GHI), the Dominican Republic ranks 41st out of 127 countries with sufficient data. The Dominican Republic's GHI score is 7.8, which indicates a low level of hunger.

According to the WHO, the estimated incidence rate of tuberculosis (TB) in the Dominican Republic (42 cases per 100,000 people in 2023) is one of the highest in the Caribbean (after Haiti).

The Dominican Republic has a 0.9% prevalence rate of HIV/AIDS. Some urban areas of the Dominican Republic experience HIV/AIDS infection rates well in excess of 10%. In some parts of the Dominican Republic, HIV/AIDS has become one of the leading cause of death among teenagers and adults between 15–49 years old."
Q1295,Dortmund,"Dortmund is a relatively safe and welcoming city on the whole. As it is not a big tourist destination, it does not suffer from rampant pickpocket issues. Due to the decline of its prominent heavy industries, Dortmund and most of its neighboring suburbs (Castrop-Rauxel, Waltrop, Witten) are less well-off than other major cities in Germany, and socioeconomic disparities are some of the most glaring in the country. But this has surprisingly not translated to widespread crime. Some poorer neighborhoods in the northern quarters of the city may not look appealing, but being wary of your surroundings will suffice during the day. 

However, Dortmund Hauptbahnhof/Central station and its surrounding areas do suffer from lingering gang and drug-related activities. Be careful when in the vicinity of the station.

Football games in Dortmund are known to be some of the friendliest and safest in Europe. Some drunkards might show up but they will not harm you."
Q5468,Durban,"* Travel vaccines and general practitioner services available at Umhlanga Sports and Travel Clinic Umhlanga Hospital Helipad, 323 Umhlanga Rocks Drive, Umhlanga Rocks. +27 31 560-5569"
Q9365,Dushanbe,"Don't drink the water from the tap, nor use the water to brush your teeth, unless you're used to the tap water of the region. Always wash fresh produce with bottled water, especially when bought from the local bazaar. Some melons, although they are incredibly fresh and sweet, can be irrigated and fertilized with manure, so sometimes washing them will not help. Commonly foreigners from developed countries will get sick at least once while in Tajikistan, but this can be delayed by avoiding unwashed/unpeeled fruits and vegetables (be especially wary of this in restaurants).

Power and water cuts can happen at random, although not as frequently as in the past. This is more of an annoyance to the traveler, but you should still be prepared."
Q736,Ecuador,"thumb|Hospital Docente de Calderón, in Quito
The current structure of the Ecuadorian public health care system dates back to 1967.Larrea, Julio. ""25 Años de Vida Institucional"", Imprenta del Ministerio de Salud Publica, Quito 2008. The Ministry of the Public Health (Ministerio de Salud Pública del Ecuador) is the responsible entity of the regulation and creation of the public health policies and health care plans. The Minister of Public Health is appointed directly by the President of the Republic.

The philosophy of the Ministry of Public Health is the social support and service to the most vulnerable population, and its main plan of action lies around communitarian health and preventive medicine. Many American medical groups often conduct medical missions away from the big cities to provide medical health to poor communities.

The public healthcare system allows patients to be treated without an appointment in public general hospitals by general practitioners and specialists in the outpatient clinic (Consulta Externa) at no cost. This is done in the four basic specialties of pediatric, gynecology, clinic medicine, and surgery. There are also public hospitals specialized to treat chronic diseases, target a particular group of the population, or provide better treatment in some medical specialties.

Although well-equipped general hospitals are found in the major cities or capitals of provinces, there are basic hospitals in the smaller towns and canton cities for family care consultation and treatments in pediatrics, gynecology, clinical medicine, and surgery.

Community health care centers (Centros de Salud) are found inside metropolitan areas of cities and in rural areas. These are day hospitals that provide treatment to patients whose hospitalization is under 24 hours.
The doctors assigned to rural communities, where the Amerindian population can be substantial, have small clinics under their responsibility for the treatment of patients in the same fashion as the day hospitals in the major cities. The treatment in this case respects the culture of the community.

The public healthcare system should not be confused with the Ecuadorian Social Security healthcare service, which is dedicated to individuals with formal employment and who are affiliated obligatorily through their employers. Citizens with no formal employment may still contribute to the social security system voluntarily and have access to the medical services rendered by the social security system. The Ecuadorian Institute of Social Security (IESS) has several major hospitals and medical sub-centers under its administration across the nation.

Ecuador currently ranks 20, in most efficient health care countries, compared to 111 back in the year 2000. Ecuadorians have a life expectancy of 77.1 years. The infant mortality rate is 13 per 1,000 live births, a major improvement from approximately 76 in the early 1980s and 140 in 1950. Almost a quarter, or 23%, of children under five are ch"
Q23436,Edinburgh,"In emergency, dial 999 (preferably from a landline, a free call from any phone including payphones), 112 also works.

For advice on non-emergency medical problems, you can ring the free 24-hour NHS 24 service on 111 or for textphone users 18001 111.

 thumb | 300px | Burk & Hare supplied the medical students 
* 
* 

During normal shopping hours (M-F 9AM-5:30PM, Sa 9AM-12:30PM), you won't have any problem locating a pharmacy as they are dotted all around the city. Any row of local shops will usually include one. Common brands include Boots (city centre branches in the New Town at 101-103 Princes St and 48 Shandwick Pl; in the Old Town at 40-44 North Bridge), Alliance and Numark.

Outside of these hours you will face more of a challenge. There are no 24 h pharmacies in the city.

Some of the major supermarkets include a pharmacy counter, but the pharmacy does not necessarily follow the same opening hours as the supermarket. The pharmacy counter within the Tesco supermarket at 7 Broughton Road in Canonmills is quite close to the city centre and opens M-Sa 8AM-8PM and Su 10AM-4PM.

To find a pharmacy that is open on a Sunday or has late opening times call NHS inform on 0800 22 44 88 (between 8AM-10PM daily) or check online with NHS Inform."
Q43387,Edirne,"Floods are a hazard after heavy rain especially in winter. Districts such as Karaağaç may be cut off as the medieval bridges become inundated. Never try to cross a flooded bridge, see local advice on work-around safe routes."
Q2096,Edmonton,"Visiting Edmonton is no more risky than visiting any other large city. There are some areas where increased caution is advised, particularly after dark:

* The ""inner city"" area to the east of downtown (these neighbourhoods include: Boyle, Central McDougall, Chinatown, Little Italy, and Alberta Avenue) – a square bounded by Jasper Avenue (corresponds to 101 Avenue) on the south, 118 Avenue on the north, 97 Street on the west, and around 85th Street on the east – has parts that are best avoided. 118 Avenue and 107 Avenue feature numerous signs asking visitors to report prostitution by calling a 1-800 number. There is a large homeless and transient population in this area which has been followed with a serious drug and alcohol issue and gang violence. As well as the inner city, Stony Plain Road on the west side, 107 Avenue north of downtown, and a few areas in the city's northeast, particularly around 66th Street and Fort Road, and Abbotsfield (around 118 Ave and 34 Street) have higher crime rates and gang problems.
* There has been an increase in alcohol-fuelled disturbances on weekends near 82nd (Whyte) Avenue between 103 Street and 109 Street (the city's most concentrated party zone). Use caution and common sense here, be somewhat wary of the closing-time outflow after midnight on Friday and Saturday nights. Try to be out of the bar and on your way home by 1AM, or, at the very least, don't linger on the street after closing time, also travel in groups if possible.
* Since the start of the COVID-19 pandemic, there has been an increase in the amount of crime taking place on the city's light rail transit (LRT) system, with incidents of illicit drug use and violence occurring at train stations and on the trains themselves. These incidents are mostly concentrated at the underground stations downtown, and mostly tend to happen when the sun goes down. Regardless, travelers who take the LRT are advised to be wary of their surroundings at all times, especially if they are going downtown.

Panhandling has increased, particularly downtown and in the Old Strathcona area. Just decline politely and it shouldn't be an issue. Try to avoid parking lots that aren't gated shut, as there is a clear entrance for panhandlers to get in and be more aggressive.

Emergency - If you have an emergency, call 911.

Navigation in Edmonton is made easier by city's street grid and relative lack of traffic compared to most other major North American cities. Additional hazards are presented by winter driving in the city, especially during and after the first few snowfalls of the winter. Ice can be a problem, especially on bridges. Ice on roadways can be almost invisible, which is where the commonly used – and dreaded – term ""black ice"" comes from. Stay tuned to local radio stations, several of which have regular road reports, and be prepared to find alternate routes should weather conditions or accidents shut down some routes."
Q79,Egypt,"thumb|[[Children's Cancer Hospital Egypt|Egypt's children cancer hospital known as 57357 hospital]]

As of 2024, Egypt's average life expectancy stands at 75 years, with 73.8 years for males and 76.2 years for females. Healthcare access has significantly improved in both urban and rural areas, with immunisation programmes now covering 98% of the population. Life expectancy has risen from 45 years in the 1960s to its current level, reflecting advancements in medical services and disease prevention. The infant mortality rate has also declined sharply, dropping from 101 to 132 deaths per 1,000 live births in the 1970s and 1980s to 50–60 per 1,000 in 2000, and further to 16–18 per 1,000 in 2024.

The Ministry of Health and Population oversees most public hospitals, while the Ministry of Higher Education and Scientific Research manages university hospitals, offering free medical services. Other ministries operate hospitals for employees, and the Ministry of Defence and Ministry of Interior run facilities that require out-of-pocket payments for non-service members.

The private sector provides about 60% of healthcare services, including for-profit and nonprofit organisations, private hospitals, pharmacies, and independent practitioners. Numerous nongovernmental organisations also offer healthcare, including religious and charitable institutions. As of 2021, Egypt had 1,145 private hospitals, a 23.69% increase since 2011. Private healthcare facilities in Egypt are generally of high quality.

Egypt grants refugees and asylum-seekers access to public healthcare on equal terms with citizens, allowing them to receive care at primary health facilities either free or at low cost.

A 2008 report by the World Health Organisation estimated that 91.1% of Egypt's girls and women aged 15 to 49 have been subjected to genital mutilation. Government measures have reduced the practice among younger generations. By 2014, rates had dropped to 10.4% in urban areas and 15.9% in rural areas among girls aged 1–14. In June 2025 the Minister of Social Solidarity announced that the percentage of girls aged 15 to 17 who had undergone the practice dropped to 37 percent in 2021, compared to 61 percent in 2014. Public support for FGM has also fallen, with the proportion of women endorsing the practice decreasing from 75 percent in 2000 to 30 percent in 2021.
Legislative reforms, awareness campaigns, and stricter law enforcement contributed to this decline. In 2016, penalties for performing the practice were increased, with prison sentences of up to 15 years for practitioners and up to 3 years for guardians who facilitate the procedure."
Q16562,El Paso,"El Paso is rated the second Most Safe City in the United States for its size. San Diego took the first spot. All records are based on latest FBI reports.

Most of El Paso is safe from violent crime, and El Paso has a very low murder rate for a large American city. El Paso is generally very quiet and peaceful during the daytime, take normal precautions at night. Areas to avoid at night may include near the international bridges, but curfews on both sides of the border have cut down on the number of aggressive, intoxicated juveniles at night.

El Paso also has a good neighbor atmosphere, and is a military friendly city.

*Heat in the summer. During the summer months when temperatures nearly always stay around 90°-100° Fahrenheit, the biggest dangers facing visitors are dehydration and heat stroke. El Paso is in a desert and it is important for all visitors to remember to drink enough water at all times. Too many people fail to take the heat seriously. The dry heat can actually feel less 'hot' than it really is to many people. Learn to recognize the signs of danger for dehydration and heat stroke. Heat stroke is very serious. Take care of yourself in the heat. And remember a cowboy word of wisdom: If you're thirsty, you're already dehydrated. For more information, consult the article for this region.
*Sun. Not just for the heat, but the sun can be dangerous because of UV rays which are much stronger at El Paso's altitude than at sea level. Wear a hat, sunglasses and sunscreen. It is not uncommon to see pedestrians in El Paso walking with an umbrella to shield them from the sun.
*Rain. During the rainy season (usually late June to early October) be aware that flash flooding can occur during and after rainfall. Areas closer to the Rio Grande are much more susceptible to flooding and standing water. Poor drainage and the dry desert soil ensure that even moderate rainfall can result in street flooding, especially in underpasses. Visitors who are in El Paso during the rare times of rain should remember to never drive into a flooded street. In addition, since El Pasoans are not used to driving in the rain, accidents are more likely to occur.
*Snow and ice. While El Paso winters are generally mild, cold weather can occur. In general, winter is a dry season in El Paso; however, when snow and icy conditions exist, take extreme caution, as El Pasoans are not used to driving in these conditions.
*Wind and dust. El Paso's windy season is generally from January through April. During this time, high winds and blowing dust can make breathing difficult, especially for asthma sufferers. Blowing dust and sand can also reduce visibility on roads, especially in rural areas surrounding El Paso. Area highways may close during high winds.
*Mosquitoes. Along with rain comes mosquitoes. Yes, El Paso is a desert, but many residents own pools and water gardens. These can be a breeding ground for mosquitoes. The Rio Grande area also has mosquito problems. The We"
Q792,El Salvador,"Since the early twenty-first century, El Salvador has experienced high crime rates, including gang-related crimes and juvenile delinquency. El Salvador had the highest murder rate in the world in 2012 but experienced a sharp decline in 2019 with a new conservative government in power. In 2005 it was considered an epicentre of a gang crisis, along with Guatemala and Honduras. Several journalistic investigations indicate that the government administrations of Carlos Mauricio Funes Cartagena and Salvador Sánchez Cerén, far from working to eradicate violence and the actions of gang groups, made truces with the gangs Barrio 18 and Mara Salvatrucha to keep a certain control over criminal activities and murders in the Salvadoran territory.

In response to this, the government has set up countless programmes to try to guide the youth away from gang membership; so far its efforts have not produced any quick results. One of the government programmes was a gang reform called ""Super Mano Dura"" (Super Firm Hand). Super Mano Dura had little success and was highly criticized by the United Nations. It experienced temporary success in 2004 but there was a rise in crime after 2005.

In 2004, there were 41 intentional homicides per 100,000 citizens, with 60% of the homicides committed being gang-related. In 2012, the homicide rate had increased to 66 per 100,000 inhabitants, more than triple the rate in Mexico.Alma Guillermoprieto (10 November 2011). ""In the New Gangland of El Salvador"" , New York Review of Books, p.46 In 2011 there were an estimated 25,000 gang members at large in El Salvador, with another 9,000 in prison. The most well-known gangs, called ""maras"" in colloquial Spanish, are Mara Salvatrucha and their rivals Barrio 18. Maras are hunted by death squads including Sombra Negra.

In 2015, there were 6,650 homicides recorded in El Salvador. In 2016, at least 5,728 people were murdered. In 2017, there were 3,962 recorded homicides. In 2018, there were 3,340 recorded deaths. In 2019, authorities reported a total of 2,365 homicides. In 2020, there were only 1,322 reported homicides. In 2021, the country recorded 1,140 homicides. According to official data, 2021 had the lowest number of recorded murders since the end of the civil war in 1992.

By 2022, El Salvador had a homicide rate of 7.8 per 100,000 individuals. On 10 May 2023, Bukele stated on Twitter that El Salvador had completed one full year or 365 days since 2019 without a single homicide occurring. This announcement was accompanied by a video detailing his government's claims about this dramatic change in the occurrences of homicide. In 2024, El Salvador reported a homicide rate of 1.9 per 100,000 people, a figure lower than any other Latin American country. This rate represents a 98% decrease in nine years.

Beginning on 25 March 2022, three days of gang-related violence occurred that left 87 people dead. In response, President Bukele asked the Salvadoran parliament to ratify a state of emergency"
Q983,Equatorial Guinea,"Equatorial Guinea's malaria programs in the early 21st century achieved success in reducing malaria infection and mortality. Their program consists of twice-yearly indoor residual spraying (IRS), the introduction of artemisinin combination treatment (ACTs), the use of intermittent preventive treatment in pregnant women (IPTp), and the introduction of long-lasting insecticide-treated mosquito nets (LLINs). Their efforts resulted in a reduction in all-cause under-five mortality from 152 to 55 deaths per 1,000 live births (down 64%), a drop that coincided with the launch of the program.Marked Increase in Child Survival after Four Years of Intensive Malaria Control . Ajtmh.org. Retrieved on 5 May 2013.

In June 2014, four cases of polio were reported, making it the country's first outbreak of that disease."
Q986,Eritrea,"Eritrea has achieved significant improvements in health care and is one of the few countries to be on target to meet its Millennium Development Goals (MDG) for health, in particular child health. Life expectancy at birth increased from 39.1 years in 1960 to 66.44 years in 2020; maternal and child mortality rates dropped dramatically and the health infrastructure expanded.

The World Health Organisation (WHO) in 2008 found average life expectancy to be slightly less than 63 years, a number that has increased to 66.44 in 2020. Immunisation and child nutrition have been tackled by working closely with schools in a multi-sectoral approach; the number of children vaccinated against measles almost doubled in seven years, from 40.7% to 78.5% and the prevalence of underweight children decreased by 12% from 1995 to 2002 (severe underweight prevalence by 28%). The National Malaria Protection Unit of the Ministry of Health registered reductions in malarial mortality by as much as 85% and in the number of cases by 92% between 1998 and 2006. The Eritrean government has banned female genital mutilation (FGM), saying the practice was painful and put women at risk of life-threatening health problems.

However, Eritrea still faces many challenges. Although the number of physicians increased from only 0.2 in 1993 to 0.5 in 2004 per 1000 people, this is still very low. Malaria and tuberculosis are common. HIV prevalence for ages 15 to 49 years exceeds 2%. The fertility rate is about 4.1 births per woman.Health profile at Eritrea WHO Country Office. afro.who.int Maternal mortality dropped by more than half from 1995 to 2002 but is still high. Similarly, the number of births attended by skilled health personnel doubled from 1995 to 2002 but still is only 28.3%. Severe infection is a major cause of death in newborns. Per-capita expenditure on health is low."
Q2066,Essen,"Despite having a fairly strong economy compared to other cities in the Ruhr area, Essen has a very high crime rate by German standards. The poor northern suburbs of Essen (especially Altendorf, Altenessen and Karnap) suffer from occasional, potentially armed, robberies at night. Be aware of pickpockets on the Christmas Market and watch your bags in crowded bars and near the train station. Aggravated assaults have also been reported."
Q191,Estonia,"thumb|250px|Sosnowsky's Hogweed
For an Estonian, it is considered mauvais ton not to criticize the Estonian healthcare system. EU studies have shown, however, that Estonia occupies a healthy 4th place in the block by the basic public health service indicators, on the same level as Sweden. Around 1998-2000, the Estonian healthcare system was remodelled from the obsolete USSR model, directed to coping with disastrous consequences of large-scale war and made more up-to-date by the experts from Sweden. Estonia has harmonized its rules on travellers' health insurance with EU requirements. Information about health care in Estonia is provided by the government agency Eesti Haigekassa.

For fast aid or rescue, dial 112.

Estonia had Europe's second highest rate of adult HIV/AIDS infections, over 1.3% or 1 in 77 adults (2013), 28 adults per year 2019 . Generally, the rate is much higher in Russian-speaking regions like Narva or Sillamäe. Don't make the situation worse by not protecting yourself and others.

Ticks spread diseases like viral encephalitis and Lyme disease, which can be transmitted to humans, their season usually starts in April and lasts till October.

Beware of poisonous plants like Sosnowsky's Hogweed and Giant Hogweed. Wear protective clothes and goggles. If burned, clean your skin with water and soap and protect it from the sun for at least 48 hours.

Tap water is usually drinkable, though some people prefer bottled water."
Q1050,Eswatini,"As of 2019, Eswatini has the highest prevalence of HIV among people aged 15 to 49 in the world (27.1%).

Eswatini scores 15.7 in global hunger index 2024, with 74th rank."
Q115,Ethiopia,"thumb|Gelada baboons
Don't drink the tap water. It's full of parasites, and hotels generally recommend guests not to drink it, nor to eat salads and uncooked foodstuffs that are usually washed in tap water. This applies to ice as well – unless it is distilled, or you are at a reputable Western hotel like the Sheraton, Radisson Blu, or Hilton. Bottled water for drinking is available almost everywhere in small, medium and big bottles – popular brands are Yes (flat water) and Ambo (sparkling water). Make sure you drink enough, especially when the weather is hot.

Consult a doctor before going to Ethiopia about what vaccinations against infectious diseases you should consider. The risk of malaria is low to non-existent in the capital and the highlands, but high in the lake regions and lowlands. Doxycycline for malaria prevention is cheap in Addis.

If you get sick, go to one of the big private hospitals, e.g., Korean, Hayat, St Gabriels.

A large part of Ethiopia is at a high elevation. In those areas, people unaccustomed to breathing in thinner air may have a hard time moving around at first. It is advised to allow yourself a few days to acclimatize to the air. See altitude sickness."
Q702,Federated States of Micronesia,"Life expectancy was 66 for men and 69 for women in 2018.

Pingelap in Pohnpei State is notable for the prevalence of an extreme form of color blindness called achromatopsia, and known locally as maskun. Approximately 5% of the atoll's 3,000 inhabitants are afflicted."
Q80985,Fez,"Fez is somewhat safe, but crowded. Take standard precautions against pickpocketing.

If you hear ""Belek! Belek!"" behind you, stand aside because a heavily-laden donkey is bearing down on you!

Appear to know where you are going, even if you don't, or you will get offers from false guides. False guides are not dangerous but they can be exasperatingly tenacious. Best technique is to not even acknowledge their presence. That is rude and they won't be pleased, but it is better than to have them walk with you for half an hour. If you have to ask directions ask someone that is obviously busy in their own business or a shopkeeper behind a counter, and try to appear as sure as you can of the way you are going (""This way to Bab R'cif, right?""). Getting caught with a faux guide will cost you, but it will cost the faux guide more: they can receive up to 2 days imprisonment if they get caught. Police are often in plain clothes, so be wary! A useful strategy with false guides is to say all the lines they have been taught before they have said them to show you know what you are doing; they all say the same thing so just learn it and repeat.

Due to the maze like alleyways in Fes El Bali (Medina) touts will often attempt to mislead visitors by saying this road is closed further down, then offer to take you to a different direction, obviously with intention to turn quick profit out of the unsuspecting foreigner. This is especially endemic around the tanneries. It's best not to take advice from any locals in touristy areas.

As elsewhere in Morocco, lone women usually experience harassment in alleys.

You should also beware of hustlers (aka con-artists); Fez has far more of them than almost everywhere else and they use more sophisticated techniques. An example of a prominent and rampant scam occurs where you come into Fez by train or bus (even the bus driver) and someone talks to you saying he is coming to visit his relatives, and is actually a respectable outsider (e.g. an owner of a hotel). He will then ask you to come eat with his relatives (their ""cousins"" or ""brothers"") and when you get there they will spend most of the time trying to suggest accommodation, offering you tours where they gain commission from all the (especially Carpet) shops, and even organize expensive desert excursions that are actually just you driving in circles just outside the city for three days. Note, especially refrain from handing over your credit card in such situations, you will not get it back. Coming in by plane is the easiest and hassle free way of coming to Fez: there are no touts at the airport and the prices of the taxis are fixed by the government.

There are many other scams and annoyances trying to get you into a shop/restaurant/hotel with various degrees of lying in the stories people make up. If in doubt, be independent and look for yourself e.g. whether the hotel you want to go to is indeed closed or under construction.

This is unfortunately one of the s"
Q33,Finland,"You're unlikely to have tummy troubles in Finland, since tap water is always drinkable (except on trains etc., and there will be warnings in those cases) and generally quite tasty as well, and hygiene standards in restaurants are strict. Dairy products are nearly always pasteurised. If you have any sort of allergies, many restaurants often display in the menu the most common ingredients that people typically are allergic to. Examples: (L) = Lactose free, (VL) = Low Lactose, (G) = Gluten free, if you are unsure just ask the waitress or other restaurant staff.

At cottages and in the wilderness different considerations apply; quality of water from local sources varies. In much of the country even water of lakes and rivers is potable and tasty, but this varies and there is no guarantee. Usually boiling it for a few minutes is recommended, although hikers often drink good-looking water untreated. If there is tap water from a local well, your host should be able to tell whether it is safe to drink (this information is included in wilderness hut information folders).

The most dangerous pests are the ticks (Finnish: puutiainen or colloquially punkki, Swedish: fästing), which may carry Lyme's disease (borreliosis) or tick-borne viral encephalitis (TBE). They are most common in coastal areas, but can be encountered in most of the country, up to Simo, and are active when the temperature climbs over +5°C.

There are also a number of irritating insects, but if you are planning to stay in the centres of major cities, you are unlikely to encounter them. A serious nuisance in summer are mosquitoes (hyttynen, mygga, Sámi: čuoika), hordes of which appear in summer – particularly in northern Finland, where it and its colleagues are known as räkkä. There are also blackflies (mäkärä, knott, muogir), much smaller and also abundant in Lapland, and gadflies (paarma, broms; common where there is cattle). The deer keds (hirvikärpänen, älgfluga), appearing in late summer, seldom bite, but crawl around after losing its wings and are hard to get rid of.

Wasps sometimes gather to share your outdoor snack. Don't eat them together with the ham and juice (making their sting dangerous), but take turns getting bites – they are fascinating, flying away with a big load of tiny ham cubes – or go away if you cannot stand them. Also bumblebees and bees may sting, but only as provoked. In autumn wasps are irritable and best let alone altogether.

Medicines are strictly regulated. Any non-trivial medications, such as antibiotics, require a prescription. Also most prescription-free pharmaceuticals have to be bought at pharmacies (or by special arrangements in remote areas). If bringing your own, have the original packaging and your prescription. Especially if you bought a drug without prescription or the medication can be seen as narcotics (such as cannabis), check the rules. You mostly cannot order medicines from abroad.

Finnish healthcare is mostly public, in parti"
Q2044,Florence,"Florence is generally safe and healthy, but beware the inevitable purse-snatchers and pickpockets. They thrive in crowds, particularly around SMN railway station and on the buses, sometimes working with a decoy such as an insistent beggar. If you have a bag with a classy, noiseless zipper, it will be opened.

Also beware at night around tourist spots such as Ponte Vecchio where pickpocketers may approach you pretending to be drunk and friendly, and then snatch your belongings when your guard is down."
Q43463,Fortaleza,"If you travel west from Fortaleza, into the states of Maranhão, Pará or further, Brazilian authorities recommend that you get a yellow fever vaccination. An International Certificate of Vaccination can be issued if you have the shot taken at the airport or in the city center. If you already have your booklet, and only need a new shot and the corresponding entry, this is best done at the medical center at Avenida Antônio Justa, one block from Pão de Açúcar, weekdays 07:00 to 16:30, free of charge.

As elsewhere in Brazil, some beaches in Fortaleza are not suitable for bathing, and conditions can change from day to day. On the day of your visit, check the map of the latest bathing bulletin (in Portuguese, boletim de balneabilidade) of the state's Environment Department (SEMACE)."
Q16558,Fort Worth,"As with any other large city, be vigilant in Fort Worth. The city's central arts and entertainment district is well policed, however, as so long as you make sure you lock your car and hide any valuables inside, all that you need is a little extra awareness of your surroundings. The city's freeways can be quite dangerous if you are not accustomed to driving in such high volumes of rapidly moving traffic; keep this in mind when you are planning a trip.

Areas to avoid after dark are the East Side, Southeast Side (especially in the Stop Six section), the Como neighborhood, and the Trails/Calmont neighborhood, as these places have high rates of gun crimes from armed robberies to shootings.

The Stockyards bar and club district can get rowdy on Friday and Saturday nights, but the nightlife at Sundance Square in Downtown is more laid back."
Q142,France,"thumb|alt=Pitié-Salpêtrière Hospital in Paris, stone building with slate dome|The [[Pitié-Salpêtrière Hospital, a teaching hospital in Paris, is one of Europe's largest hospitals.How to conduct European clinical trials from the Paris Region ? Clinical Trials. Paris. February 2003]]
The French health care system is one of universal health care largely financed by government national health insurance. In its 2000 assessment of world health care systems, the World Health Organization (WHO) found that France provided the ""close to best overall health care"" in the world. The French health care system was ranked first worldwide by the WHO in 1997.The ranking, see spreadsheet details for a whole analysis photius.com In 2011, France spent 11.6% of its GDP on health care, or US$4,086 per capita, a figure much higher than the average spent by countries in Europe. Approximately 77% of health expenditures are covered by government-funded agencies.The World Health Report 2000: WHO

Care is generally free for people affected by chronic diseases such as cancer, AIDS or cystic fibrosis. The life expectancy at birth is 80 years for men and 85.6 years for women. There are 3.2 physicians for every 1000 inhabitants, 5.7 hospital beds for every 1000 inhabitants, and average health care spending per capita was US$8,630 in 2022, representing 12.1% of GDP. , approximately 140,000 inhabitants (0.4%) are living with HIV/AIDS."
Q1000,Gabon,"A private hospital was established in 1913 in Lambaréné by Albert Schweitzer. By 1985, there were 28 hospitals, 87 medical centres, and 312 infirmaries and dispensaries. , there were an estimated 29 physicians per 100,000 people, and ""approximately 90% of the population had access to health care services"".

In 2000, 70% of the population had access to ""safe drinking water"" and 21% had ""adequate sanitation"". A government health program treats such diseases as leprosy, sleeping sickness, malaria, filariasis, intestinal worms, and tuberculosis. Rates for immunization of children under the age of 1 were 97% for tuberculosis and 65% for polio. Immunization rates for DPT and measles were 37% and 56%, respectively. Gabon has a domestic supply of pharmaceuticals from a factory in Libreville.

The total fertility rate has decreased from 5.8 in 1960 to 4.2 children per mother during childbearing years in 2000. 10% of all births were ""low birth weight"". The maternal mortality rate was 520 per 100,000 live births as of 1998. In 2005, the infant mortality rate was 55.35 per 1,000 live births, and life expectancy was 55.02 years. As of 2002, the overall mortality rate was estimated at 17.6 per 1,000 inhabitants.

The HIV/AIDS prevalence is estimated to be 5.2% of the adult population (ages 15–49). , approximately 46,000 people were living with HIV/AIDS. There were an estimated 2,400 deaths from AIDS in 2009 – down from 3,000 deaths in 2003.

In the 2024 Global Hunger Index (GHI), Gabon ranks 78th out of 127 countries with sufficient data. Gabon's GHI score is 17.4, which indicates a moderate level of hunger."
Q71,Geneva,"In 2014 the incidence of crimes listed in the Swiss Criminal Code in Geneva was 143.9 per thousand residents. During the same period the rate of drug crimes was 33.6 per thousand residents. The rate of violations of immigration, visa and work permit laws was 35.7 per thousand residents.Statistical Atlas of Switzerland accessed 5 April 2016."
Q1449,Genoa,"Streets in Genoa are usually quite safe, especially in the main tourist areas and residential areas. Downtown, Quarto dei Mille, Quinto del Mare and Nervi are all safe districts during the day as well as the evening.

However, some limited areas in the historical centre off the main alleys might be subject to petty crime or just be uncomfortable for the general tourist (e.g. prostitutes waiting for clients in the middle of the day in dark side alleys just a couple of blocks away from a tourist attraction). Especially north of Piazza Caricamento/via Banchi/via Luccoli, around the Via Pré and in the Stazione Principe area, it is advisable to exercise extra caution and follow your common sense, e.g. avoid walking into narrower, darker, deserted alleys off the main paths unless you know where you are going. Pay special attention to your surroundings, avoid displaying flashy items and do not carry large amounts of cash or valuables.

Muggings or violence towards tourists are practically unheard of, however deft pickpockets are not. Be particularly careful in the via San Lorenzo/via San Bernardo/via San Donato area (which is a popular and very crowded nightlife zone for students and young people) and also on city buses.

When walking, you should not expect motorists (especially scooters and bikers) to be particularly disciplined. At unsignaled crosswalks, you might need to insist on your right of way by just starting to cross the road (with caution!), as Italian pedestrians normally do, rather than waiting for motorists to stop. If a car, van or truck has stopped to let you cross, be very careful and always assume there might be a scooter passing that vehicle at high speed without seeing you.

Virtually all beaches in Genoa and surroundings are made of cobbles, rocks and cliffs. The sea floor is normally very steep and you won't be able to touch the ground just some meters away from the shore, hence beware if your swimming skills are not good. When bathing, be extremely cautious as stones under water are mostly covered with vegetation and very slippery. Avoid bathing at all if the sea is not calm: waves that may seem innocent from the shore might be strong enough to turn getting out of the sea into a quite dangerous and scary undertaking, running the risk of being smashed into the shore or into a rock (that you perhaps can't see because it's under water). There is normally no lifeguard service on free public beaches."
Q10717,Georgetown,"Armed robberies occur regularly in Georgetown, especially in businesses and shopping districts. Particularly high crime areas of Georgetown include Tiger Bay, Albouystown, Sophia, and Agricola. Pickpocketing is a daily occurrence in the Stabroek Market area."
Q230,Georgia,"thumb|550px|Trashed cemetery in Tskneti, Tbilisi, Georgia

 ecology, Georgia has a lot of problems with waste management, especially in villages and small towns, where municipal services are almost non-existent. Many Georgians don't feel any guilt, when throwing away trash just outside their property. Whole slopes of hills could be filled with trash thrown out, even close to sacred places such as cemeteries.

Good quality prescription drugs can be easily obtained in pharmacies without any prescription. Highly recommended to pay attention to the warranties, since pharmacies would want to ditch outdated drugs as fast as possible.

In Tbilisi you will be able to find many gyms and fitness centres with swimming pools and brand new training equipment. In other cities they are rarer. The whole of Georgia is covered with white-blue outdoor fitness stations, but they are not functional to work as a gym replacement.

thumb|right|Macrovipera lebetina obtusa

While encounters are rare, one might stumble upon levant blunt-nosed vipers (Macrovipera lebetina obtusa). Locals call it გიურზა (from Persian gyurza). These vipers live in desert, semi-desert and mountain-steppe areas. They are common in dry foothills and on mountain slopes overgrown with bushes, in rocky gorges with streams and springs, in river valleys. Gyurzas are also found on the outskirts of large cities, where they have the necessary shelter and a good food base in the form of rats.

thumb|right|Euscorpius italicus
thumb|right|Euscorpius mingrelicus

In Central and Western parts of Georgia there are two types of scorpions: Euscorpius mingrelicus and Euscorpius italicus. Both types reach lengths of 4 cm. Locals assure, that these scorpion bites are not pleasant (similar to a wasp bite), but never deadly.

Take suitable measures in tick habitats. There is a small risk of tick-borne encephalitis (TBE).

Stray dogs are everywhere in Georgia, about a half of which are not vaccinated. Being a vestige of the old times and outdated needs, many locals get themselves a dog not as a pet, but to guard their property. Most of the time stray dogs are not aggressive, but there are quite some cases when people get bitten by them. Georgians are very cautious and afraid of dogs, and very often aggressive towards them; dogs in their turn are quite afraid of people (especially those holding a stick) and might get aggressive out of fear as well.

Passive smoking could be a big problem, since tobacco is very cheap compared to Western countries and many men smoke, even inside taxis, bars and restaurants.

Several industrial towns like Rustavi or Kaspi have problems with air pollution. Regulation concerning air pollution entered into force only in 2020, hence it's not advised to live in these places.

Giardia is a common issue for foreign visitors. Contraction is most likely via:
* tap water
* swallowed water from lakes, rivers, pools, or jacuzzis
* raw fruits & vegetables
* unpasteurized milk or othe"
Q183,Germany,"thumb|The [[Hospital of the Holy Spirit in Lübeck, established in 1286, is a precursor to modern hospitals.]]

Germany's system of hospitals, called , dates from medieval times, and the country has the world's oldest universal health care system, dating from Bismarck's social legislation of the 1880s. Since the 1880s, reforms and provisions have ensured a balanced health care system. The population is covered by a health insurance plan provided by statute, with criteria allowing some groups to opt for a private health insurance contract. According to the World Health Organization (WHO), Germany's health care system was 77% government-funded and 23% privately funded in 2013. In 2024, Germany spent 12.27% of its GDP on health care.

Germany ranked 21st in the world in 2019 in life expectancy with 78.7 years for men and 84.8 years for women according to the WHO, and it had a very low infant mortality rate of 4 deaths per 1,000 live births. , the principal cause of death was cardiovascular disease, at 37%. Obesity in Germany has been increasingly cited as a major health issue: a 2014 study showed that 52 percent of the adult German population was overweight or obese.

Germany has an extensive psychiatric care system, with rising demand for mental health services; roughly 27.8% of adults experience a mental disorder annually. While the system offers comprehensive, insurance-covered care, it faces a shortage of psychotherapists and a pandemic-driven surge in anxiety and depression. In 2023, 37.7% of adults rated their mental health as excellent or very good. Germany had the third-highest rate of chronic depression among EU countries in 2019."
Q1410,Gibraltar,"Gibraltar is part of the European Health Insurance Scheme and has a health service similar to the United Kingdom, with a modern hospital. If you are from a participating country, your EHIC card will entitle you to full free emergency medical treatment."
Q4093,Glasgow,"In a medical emergency, dial 999 or 112, free. 

For anything less than emergency, dial 111, free. This connects you to NHS24 who can advise, and direct you to assistance such as late-night pharmacies. Glasgow does not have an NHS walk-in centre. 

The two closest hospitals with Accident & Emergency (A&E) departments are:

* 
* 

The rules on access by overseas visitors to NHS care apply nationwide, see Scotland#Stay healthy. In brief, the NHS always provides lifesaving immediate care free. Anything beyond is free to residents of the UK or Ireland, and residents of the EEA or Switzerland with an EHIC card to prove it. This includes maternity care and treatment for pre-existing conditions."
Q41,Greece,"Greece has universal health care. The system is mixed, combining a national health service with social health insurance (SHI). Per a 2000 World Health Organisation report, its health system ranked 14th in overall performance of 191 countries surveyed. In a 2013 Save the Children report, Greece was ranked the 19th out of 176 countries for the state of mothers and newborn babies. , there were 124 public hospitals, of which 106 were general hospitals and 18 specialised hospitals, with a total capacity of about 30,000 beds.Hellenic Statistical Authority, 2018

Greece's health care expenditures was 9.6% of GDP in 2007. By 2015, it declined to 8.4%, compared with the EU average of 9.5%. Nevertheless, the country maintains the highest doctor-to-population ratio of any OECD country and the highest doctor-to-patient ratio in the EU.Economou C, Kaitelidou D, Karanikolos M, Maresso A. Greece: Health system review. Health Systems in Transition, 2017; 19(5):1–192.

Life expectancy is among the highest in the world; life expectancy in 2015 was 81.1 years, slightly above the EU average of 80.6. The island of Icaria has the highest percentage of nonagenarians in the world; 33% of islanders are 90 or older. Icaria is subsequently classified as a ""Blue Zone"", a region where people allegedly live longer than average and have lower rates of cancer, heart disease, or other chronic illnesses.

A 2011, OECD report showed Greece had the largest percentage of adult daily smokers of any of the 34 OECD members. The obesity rate is 18%, above the OECD average of 15%.

In 2008, infant mortality, with a rate of 3.6 deaths per 1,000 live births, was below the 2007 OECD average of 4.9."
Q1289,Grenoble,"Grenoble is generally a safe city for tourists, students, and residents. Like any urban area, it’s best to stay aware of your surroundings and take common-sense precautions, particularly at night or in less central areas.

* River safety: The Drac River, while appearing calm, can rise rapidly due to upstream dam releases. Avoid walking too close to its banks, especially with children or pets, and respect posted warnings.
* Crime awareness: Grenoble has had a reputation in French media for higher-than-average crime rates. However, this typically involves issues in specific residential districts and is unlikely to impact visitors. Violent crime is rare in tourist-friendly areas, and the city centre, campus zones, and major attractions are generally very safe.
* Neighbourhoods to avoid at night: Visitors are advised to avoid wandering through Villeneuve, Village Olympique, and Échirolles after dark. While these areas have seen social tensions and sporadic unrest, they are not tourist destinations and have no key attractions. If you're using tram line A or line E, take extra care when passing through stops like La Bruyère, Arlequin, and Grand'Place late in the evening.
* Tram and public transport: Pickpocketing is uncommon but can occur during busy times on tram and bus lines, especially at peak hours. Keep an eye on your belongings and use bags that zip or close securely.
* Prostitution zones: While the Stade Lesdiguières area has historically seen some late-night solicitation, it's typically discreet and not a concern for most travellers.

As with any city, exercising basic caution—especially after dark—and avoiding confrontations will go a long way in keeping your visit smooth and trouble-free."
Q5196,Grozny,"The political situation has stabilized, and Grozny is no longer a warzone. It is now as safe to visit as any other part of Russia, but be careful of approaching unidentified objects, as they could be unexploded ordnance left behind from the war."
Q774,Guatemala,"Guatemala has among the worst health outcomes in Latin America with some of the highest infant mortality rates, and one of the lowest life expectancies at birth in the region. With about 16,000 doctors for its 16 million people, Guatemala has about half the doctor-citizen ratio recommended by the WHO. Since the end of the Guatemalan Civil War in 1997, the Ministry of Health has extended healthcare access to 54% of the rural population.

Healthcare has received different levels of support from different political administrations who disagree on how best to manage distribution of services – via a private or a public entity – and the scale of financing that should be made available. , the Ministry of Health lacked the financial means to monitor or evaluate its programs.

Total healthcare spending, both public and private, has remained constant at between 6.4 and 7.3% of the GDP. Per-capita average annual healthcare spending was only $368 in 2012. Guatemalan patients choose between indigenous treatments or Western medicine when they engage with the health system.

In the 2024 Global Hunger Index (GHI), Guatemala ranks 81st out of 127 countries with sufficient data. Guatemala's GHI score is 18.8, which indicates a moderate level of hunger."
Q1555,Guatemala City,"Guatemala City is at a somewhat high elevation (about 1500 m) in the mountains (plus the air is very polluted in Zona 1), so if you are coming from a location near sealevel, you might wish to plan to take it easy and get extra rest on your first day while your body adjusts to the altitude.

Also, make sure that any food that you eat is well-washed and well-cooked, or you might get quite ill.

*Centro Médico, 6 Avenida 3-47, Zona 10. , , . 24-hour service.
*Hospital Bella Aurora, 10 Calle 2-31, Zona 14. Tel 384-3535. 24-hour service.
*Hospital Universitario Esperanza, 6 Avenida 7-49, Zona 10. .

Pharmacies are all over the city."
Q1006,Guinea,"In 2014, an outbreak of the Ebola virus occurred in Guinea which first started in a village called Meliandou. In response, the health ministry banned the sale and consumption of bats, thought to be carriers of the disease. The virus eventually spread from rural areas to Conakry, and by June 2014, had spread to Sierra Leone and Liberia. In August 2014, Guinea closed its borders to Sierra Leone and Liberia, as more new cases of the disease were being reported in those countries than in Guinea.

""Unsafe burials"" are a source of Ebola transmission. The World Health Organization (WHO) reported that the inability to engage with local communities hindered the ability of health workers to trace the origins and strains of the virus. While WHO terminated the Public Health Emergency of International Concern (PHEIC) on 29 March 2016, the Ebola Situation Report released on 30 March confirmed 5 more cases in the preceding 2 weeks, with viral sequencing relating 1 of the cases to the November 2014 outbreak. Healthcare visits by the population declined due to fear of infection and to mistrust in the health-care system, and the system's ability to provide routine health-care and HIV/AIDS treatments decreased due to the Ebola outbreak.

Ebola re-emerged in Guinea in January and February 2021.

An estimated 170,000 adults and children were infected at the end of 2004. Surveillance surveys conducted in 2001 and 2002 show higher rates of HIV in urban areas than in rural areas. Prevalence was highest in Conakry (5%) and in the cities of the Forest Guinea region (7%) bordering Côte d'Ivoire, Liberia, and Sierra Leone.

HIV is spread primarily through multiple-partner intercourse. Men and women are at nearly equal risk for HIV, with people aged 15 to 24 most vulnerable. Surveillance figures from 2001 to 2002 show the rates among commercial sex workers (42%), active military personnel (6.6%), truck drivers and bush taxi drivers (7.3%), miners (4.7%), and adults with tuberculosis (8.6%). Several factors were attributed to what fueled the HIV/AIDS epidemic in Guinea. They include unprotected sex, multiple sexual partners, illiteracy, endemic poverty, unstable borders, refugee migration, lack of civic responsibility, and scarce medical care and public services.

Malaria is transmitted year-round, with peak transmission from July through October. It is a cause of disability in Guinea.

The first case of COVID-19 was reported in Guinea on 13 March 2020. By the end of 2020, the total number of confirmed cases was 13,722. Of these, 13,141 had recovered, 500 were active, and 81 people had died.

The maternal mortality rate for Guinea was 576 per 100,000 births in 2021. This is compared with 680 in 2010, 859.9 in 2008, and 964.7 in 1990. The under-5 mortality rate per 1,000 births is 146, and the neonatal mortality as a percentage of under-5 mortality is 29. In Guinea, the number of midwives per 1,000 live births is 1 and the lifetime risk of death for pregnant women is 1 in 26."
Q734,Guyana,"Life expectancy at birth is estimated to be 69.5 years as of 2020.

The PAHO/ WHO Global Health Report 2014 (using statistics of 2012) ranked the country as having the highest suicide rate in the world, with a mortality rate of 44.2 per 100,000 inhabitants. According to 2011 estimates from the WHO, HIV prevalence is 1.2% of the teen/adult population (ages 15–49).WHO Health-Related Millennium Development Goals Report 2011 . Part1"
Q4970,Hangzhou,"The West Lake is home to many biting insects that may cause allergic reactions in visitors from outside the area.

* 
* 
*"
Q1715,Hanover,"* 
* 
*"
Q42956,Harbin,"While it is unlikely that you will be a victim of a crime, as in any large city be vigilant about your personal property, exercise care if you find yourself on a lightly traveled street, and always be aware of your surroundings.

Most trouble that people run into in Harbin revolves around drinking at the clubs. Harbin is famous in China for being a ""rough"" city, and locals pride themselves on their machismo. Fights are common on the weekends and while this may not directly involve you, it's best to leave at the first signs of conflict. Don't expect bar security to come to your rescue.

*Avoid going to clubs alone.
*Be vigilant of your personal property and be aware of your surroundings. Especially if you're taking the bus, Chinese buses are crowded and you will be shoved and pushed a lot, if you're standing at the doors it's all the worse.
*Be careful when crossing the street. Keep an eye on the locals and cross with them.
*Dress warmly and in layers during the winter months.
*Avoid fish caught in the Songhua River as it was contaminated by benzyne in November 2005 – fish is available from the many lakes surrounding Harbin.
*Avoid going into small bathhouses and small KTV alone, as you may end up being forced to pay for a bill you didn't order. If you choose to go, be mindful of what you are getting into and leave at the first sign of illegal activity. People interested in a ""massage"" with extras should avoid doing it in Harbin.

Free emergency telephone numbers:
*Police: 110.
*Fire alarm: 119.
*Medical care: 120.

Remember these three telephone numbers. They are valid on most of the Chinese mainland.

*
*
*"
Q25280,Harrisburg,"Keep in mind that Harrisburg's crime rate is higher than the national average. However, most areas that tourists and out-of-towners frequent are completely safe. Typical street smarts should keep most people out of trouble.

Harrisburg is within range of Three Mile Island nuclear reactor. If you hear a siren, turn your radio on."
Q33486,Hartford,"Despite what the media says, Hartford is generally a safe city. The areas where tourist attractions, colleges, shops, nightclubs and restaurants are is safe. Most of the violence is confined to the north end of Hartford which includes areas north and west of downtown (excluding the North Meadows and West End). A majority of the attractions and entertainment in Hartford is located in Downtown/Central Business District, the West End, South End, and North Meadows and these areas are fairly safe.

North Meadows safety: If you are a visitor you would visit the North Meadows if you were attending some sort of event. The Dodge Music Center, Connecticut Expo Center and the Greater Hartford Jaycees Community Boathouse are all in the North Meadows. This area is not a residential neighborhood, it is a commercial and industrial neighborhood and when major events take place there is a police presence in the area to make sure things don't get out of hand at a big concert for example.

West End safety: The West End is home to the Mark Twain House, Harriet Beecher Stowe House, UCONN School of Law, Hartford Seminary, University of Hartford, Governors Mansion, Elizabeth Park and Watkinson School. This area is extremely safe and since there are so many colleges University of Hartford and UCONN police patrol the area in addition to the Hartford Police Department

Downtown/ Central Business District safety: Downtown is home to the Old State House, Wadsworth Atheneum, State Capital, Capital Community College, Constitution Plaza, Hartford Civic Center, CT Convention Center and most of the major Hartford hotels (Marriott, Hilton, Holiday Inn Express Downtown, Goodwin, Residence Inn by Marriott, Homewood Suites by Hilton) as well as many of the well known nightclubs, bars and restaurants and so there are usually people downtown. If you are planning on going to the major nightclub/bar area by Union Station (Allyn Street, Union Place, Ann Street) there are sometimes police patrolling the area to make sure nothing gets out of control. Also when there are major events such as games or conventions there are also usually extra police on duty.

South End safety: The south end is safe but when driving in areas of the south end do be cautious as drivers can be wild and pedestrians many times do not confine themselves to crosswalks. Besides Franklin Avenue, Wethersfield Avenue and Maple Avenue many areas of the South End are residential so there is a sense of community and low crime

North End safety: Areas in the north end of Hartford (Albany Avenue between just north of downtown and the west end) and the surrounding neighborhood can be dangerous during the nighttime. Since it is better to be safe than sorry, if you are planning on driving through this area keep your doors locked."
Q2966,Heidelberg,"Heidelberg is an extremely safe city (even by German standards). However, people walking alone at night should take the usual precautions they would do anywhere else. Walking along the northern Neckar banks at night would not be advised, except in groups, particularly by the Studentenwohnheime (dorms). The shrubs are thick and it is very dark.

Usually there won't be a problem. To be extra safe you can take a taxi. Prices are reasonable.

Don't walk on bicycle lanes! Really don't! (they are often painted in red, but always separated from the pedestrian lanes by a white line): Heidelberg has more cyclists than motorists, and many of them do not slow down or move for pedestrians and have a rather cavalier way of riding. The southern parallel street to Hauptstraße (called Plöck) is the main traffic channel for student cyclists between Bismarkplatz and University Square. During the day it can be such a buzz, it's already a sight worth visiting. But watch out: many cyclists feel safe from the tourists there and lose all their good manners."
Q783,Honduras,"Crime in Honduras is rampant and criminals operate with a high degree of impunity. Honduras has one of the highest national murder rates in the world; cities such as San Pedro Sula and the Tegucigalpa likewise have registered homicide rates among the highest in the world. The violence is associated with drug trafficking as Honduras is often a transit point, and with a number of urban gangs, mainly the MS-13 and the 18th Street gang. Homicide violence reached a peak in 2012 with an average of 20 homicides a day. Official statistics from the Honduran Observatory on National Violence show Honduras's homicide rate was 60 per 100,000 in 2015 with the majority of homicide cases unprosecuted. But as recently as 2017, organizations such as InSight Crime's show figures of 42 per 100,000 inhabitants, a 26% drop from 2016 figures.

Highway assaults and carjackings at roadblocks or checkpoints set up by criminals with police uniforms and equipment occur frequently. Although reports of kidnappings of foreigners are not common, families of kidnapping victims often pay ransoms without reporting the crime to police out of fear of retribution, so kidnapping figures may be underreported.

Violence in Honduras increased after Plan Colombia was implemented and after Mexican President Felipe Calderón declared the war against drug trafficking in Mexico. Along with neighboring El Salvador and Guatemala, Honduras forms part of the Northern Triangle of Central America, which has been characterized as one of the most violent regions in the world. As a result of crime and increasing murder rates, the flow of migrants from Honduras to the U.S. also went up. The rise in violence in the region has received international attention.

Roatán and the other Bay Islands have lower crime rates than the Honduran mainland. This has been attributed to measures taken by government and business in 2014 to improve tourist safety.

In the less populated region of Gracias a Dios, narcotics-trafficking is rampant and police presence is scarce. Threats against U.S. citizens by drug traffickers and other criminal organizations have resulted in the U.S. Embassy placing restrictions on the travel of U.S. officials through the region."
Q16555,Houston,"While not as infamous as Detroit, Baltimore, or Memphis, the crime rate in Houston is high and the city has a reputation among Texans as a dangerous city. Houston is the largest hub for human trafficking into the United States and is also a major hub for drug and weapons trafficking. Certain areas of Houston are more dangerous than others, including the area within Loop 610 on the east side and some areas in Southwest Houston near Beltway 8 (Sam Houston Tollway).

As a general rule, the areas of or portions of Spring Branch, Alief, Fondren Southwest, Sharpstown, Hiram Clarke, and Gulfton should be avoided during the night. Even during the day time, it is best that you exercise special caution in these areas as they have relatively large homeless populations and moderate levels of gang activity. The Third & Fifth Wards, and Southeast/South Central (South Park, Sunnyside, South Acres, Yellowstone) areas should be avoided during the day and night as violent crime is common in these areas. Criminal elements in Houston are known to target random people. The city center is relatively safe during the day time, but special caution should be exercised in the early morning and evening hours, and it is best to avoid the city center during the night, especially if you are alone.

Travelers to Houston should follow common safety procedures: stay away from deserted areas in the middle of the night, keep your valuables stored out of sight, keep purses and wallets in a secure location, and always put valuables in a car trunk. Call 911 for emergency assistance or report a crime in progress. For non-emergency assistance and for crimes not in progress such as minor assault, car theft, home invasion, property damage, and theft, dial 713-884-3131 and request police assistance. The Houston Police Department also allows citizens to file online reports for minor property damage and theft if they are under $5,000 in damages. Residents of Texas are allowed to carry concealed firearms.

Like much of the Gulf Coast, Houston is very vulnerable to hurricanes. If a hurricane is forecast to make landfall anywhere near Houston, listen to officials and heed mandatory evacuation orders if applicable. Even if there isn't a mandatory evacuation order, consider avoiding the city if a hurricane is coming—officials may be hesitant to order an evacuation, even in severe situations, because the city is so huge. The last major hurricane to hit Houston was Hurricane Harvey in 2017, which caused historic flooding and widespread damage. Even tropical depressions and storms can pose a real threat, as Tropical Storm Imelda made landfall in September 2019 and brought flooding that rivaled or even exceeded that of Harvey in some areas. Hurricane season is June through November, peaking in September.

Houston is very hot and humid in the summer, with temperatures around 31-38°C (87-100°F), similar to tropical cities like Manila or Panama City during the summer. However, in the wint"
Q28,Hungary,"Food and water is generally safe, even in remote villages. It is safe to drink tap water anywhere, even in remote areas, however, due to the cleaning process the taste of the water can be really unpleasant. Best idea is to try before changing to the bottled water. Bottled waters has a large selection, both the fizzy (blue bottle cap) and still (red/pink bottle cap) water and it is cheap (starts from less than 100&nbsp;Ft for 1.5 litre). The only notable exception of the drinking water are trains where the tap water is not drinkable and other places where tap water is labeled as such.

It is widely available and good practice to have with you a bottle during hot summer.

Private health care providers are high quality, but limited in scope once outside Budapest. Dentistry is cheaper here than in Western Europe (8000–10,000&nbsp;Ft for an appointment and x-ray), and physiotherapy also (3000&nbsp;Ft for a half-hour treatment), but check the price with the provider before you confirm the appointment. Outside Budapest you will likely have to speak basic Hungarian to communicate your needs as few doctors will have any English or German skills.

Public health care is free for qualifying (insured) people, and is of adequate quality in urban areas.

The country has joined the EU, so basic coverage is present for EU citizens, but check before entering the country how far are you insured and what you have to pay for. Do not expect at this time that the local doctor will know the EU rules, prepare to provide info.

The European Health Insurance Card is required from EU citizens applying for free treatment under this regulation.

Pharmacies are everywhere, you may expect high prices, but good pharmaceutical coverage. Sadly the situation clearly has worsened a lot since early 2010, as many pharmacies can not maintain an adequate reserve of medicines. Another problem might be communicating with the pharmacist as most of them speak only Hungarian. Quite unexpectedly some rusty Latin might come handy. Due to reduced trade between Hungary and andania (as of Dec 2006), some of familiar medications are unavailable—so be prepared to find a substitute in advance."
Q1361,Hyderabad,"Hyderabad used to suffer from terrorism between 2007 and 2013. There were bomb blasts at Mecca Masjid, Lumbini Park, places often frequented by travellers and also at busy marketplaces. Since the city is free of terrorism since 2014, the chances that you will be in danger are quite low. However, you should still make your own risk assessment, as the intrusive security will more likely dampen your enjoyment of your Hyderabad vacation than any physical danger. Every shopping mall, theatre and palace has metal detectors and security guards patting you down.

The Old City used to be a communally sensitive zone, and a venue for religiously aggravated riots between Hindus and Muslims. It was common for the police to impose a curfew in that area while the rest of the city went about life without any problems. The area remains at the heart of Hyderabad's crime wave, and though many tourist attractions including Charminar are in this area, it is best to avoid late night visits, especially if you are a woman. 

Beyond these, Hyderabad is rather safe for visitors. Muggings and violent crime are uncommon, and most crime involves thefts. Chain snatching is common in the city, and one has to be watchful in crowded areas. The usual tourist-oriented scams in India are not as bad in Hyderabad as in other places. However, foreigners will be hounded for money at tourist sites like the old city. Just ignore the beggars and they will go away.

The Hyderabad Metropolitan Region is governed by three law enforcement agencies:
* Hyderabad City Police — covers Old City, Central Hyderabad, Secunderabad and South Hyderabad
* Cyberabad Police Commissionerate — covers Cyberabad and RGI Airport
* Malkajgiri Police Commissionerate (Rachakonda Police) — covers Malkajgiri

* 
* 
* 
* 
* 
* 
* 
*"
Q189,Iceland,"The medical facilities in Iceland are good and subsidised for those with a European Health Insurance Card (EHIC) and passport. Scandinavian citizens must show a valid passport to get subsidised medical costs.

Should EU citizens not have the necessary documents then they will be charged for the full cost of the medical treatment. Citizens outside of EU should check if their travel insurance covers medical treatment.

Infectious diseases aren't a problem in Iceland. Inoculations aren't required except if you are arriving from countries that suffer from infectious diseases like cholera.

The biggest threat to your health is likely to be accidental injury or bad weather. Always make sure you have more than adequately warm and waterproof clothing. Selection of appropriate clothing is especially important in Iceland and can even be a matter of life and death. Exercise extra caution in geothermal areas: What may appear to be solid ground can sometimes be not so solid, breaking from underneath your feet with you falling into potentially deadly boiling water.

The water quality in Iceland is excellent and tap water is always drinkable. The hot water coming from the tap smells a bit like sulphur, because it is heated by geothermal energy, but it is also safe to drink.

The hygiene in public kitchens is very good, and food poisoning rarely happens to tourists."
Q668,India,"Immunisation health workers in 2006. Eight years later, and three years after India's last case of polio, the WHO declared India to be polio-free.|thumb

India bears a disproportionately large burden of the world's tuberculosis rates, with World Health Organization (WHO) statistics for 2022 estimating 2.8 million new infections annually, accounting for 26% of the global total. It is estimated that approximately 40% of the population of India carry tuberculosis infection.

In 2018 chronic obstructive pulmonary disease was the leading cause of death after heart disease. The 10 most polluted cities in the world are all in India with more than 140 million people breathing air 10 times or more over the WHO safe limit. In 2017, air pollution killed 1.24 million Indians."
Q252,Indonesia,"The bad news is that every disease known to humans can be found somewhere in Indonesia &mdash; the good news is that you most probably will not go there.

Malaria prophylaxis is not necessary for Java or Bali, but is wise if travelling for extended periods in remote areas of Sumatra, Borneo, Lombok or points east.

Dengue fever can be contracted anywhere, so using insect repellents (DEET) and mosquito nets is highly advisable. The common advice to turn your air-con to its lowest setting to deter mosquitoes doesn't work - they simply fly under the covers and enjoy your body heat while sucking up a bloody cocktail; a fan on medium or high is much more effective. Dengue can take up to 10 days to manifest, and early symptoms resemble a bad flu with headache and muscle pains. If you get a red rash on your back or sides, particularly one that temporarily goes away when pressed, head to a doctor immediately.

Hepatitis B is also common, mainly in Lombok and Lesser Sunda Islands, and getting vaccinated before arriving in Indonesia is wise, but Hepatitis B cannot be transmitted by foods. Food hygiene is often questionable, and getting vaccinated for hepatitis A and possibly typhoid fever is a wise precaution. Both kinds of hepatitis vaccines should be administered 6 months before your itinerary. See a doctor if what seems like travellers' diarrhoea does not clear up within a few days, or is accompanied by a fever.

Oralit is a cheap, widely-available brand of rehydration salts, you should be able to find the sachets in even the smallest apotek. The usual advice - one dose after every bowel movement or every time you vomit. It tastes pretty lousy but is effective in making you feel a bit better.

The air quality in major cities, especially Jakarta and Surabaya, is poor, and the seasonal haze (June–October) from forest fires on Borneo and northern Sumatra can also cause respiratory problems. If you have asthma, bring your medicine and nebuliser/inhaler.

Polio has been eradicated from Indonesia now. Avian influenza (bird flu) has also made headlines, but outbreaks are sporadic and limited to people who deal with live or dead poultry in rural areas. Eating cooked chicken appears to be safe.

There is rabies in Indonesia, and it can be carried by any warm-blooded animal. Many are asymptomatic and appear healthy while being infectious. Bali has a known problem with its dog population. Cats and monkeys are still risky. If your travel involves handling animals in any way, you might want to get the shots first. Otherwise, try not to get too close.

The local Indonesian health care system is, in many cases, not up to western standards. While a short-term stay in an Indonesian hospital or medical centre for simple health problems is probably not markedly different to a western facility, serious and critical medical emergencies will stretch the system to the limit. However, some private hospitals in big cities (like SOS Medika klinik) — such as in"
Q794,Iran,"thumbnail|Pharmacies (drug stores) are called ""daru-khaneh"" in Persian. They sell prescription and non-prescription drugs.
Iran has state-of-the-art medical facilities in all its major cities. However, due to U.S. sanctions, there is a severe shortage of medical supplies, and you may need to be evacuated to another country in order to get satisfactory treatment for more serious cases; ensure that your travel insurance covers this.

Apart from being up to date with your usual travel vaccinations (tetanus, polio, etc.) no special preparation is needed for travel to Iran. For minor ailments, your hotel can contact an English-speaking doctor. In case of serious illness or accident, you can ask to be taken to a hospital with English-speaking staff (such as Milad Hospital, Atiyeh Hospital, Mehrad Hospital, Day Hospital or Khatam ol-Anbia Hospital in Tehran). Make sure that your travel insurance is appropriate.

Tap water is safe to drink in most of the country (and especially the cities), although you may find the chalkiness and taste off-putting in some areas (mainly Qom, Yazd, Hormozgan and Boushehr provinces). Bottled mineral water (āb ma'dani) is widely available. Also, on many streets and sites, public water fridges are installed to provide drinking water."
Q796,Iraq,"It is not safe for short term visitors to drink the water anywhere in Iraq. It is best to always drink bottled water. It will usually be sold at vendors and large stores, and will be easy to find. Most Iraqi water companies pump their water directly from the Tigris or Euphrates rivers, treat it with ozone, and then filter it into bottles. Those with sensitive systems should not drink it. Many street vendors will offer drinks such as water with a lemon twist, which should be presumed unsafe for foreign visitors.

Those with experience in Iraq should use their discretion and past experience when purchasing drinks.

Drinking the local tea (chai) can be safe for some people since it is brought to a boil before serving, but when in doubt, insist that bottled water be used. Many kinds of water-borne disease, pollution, and infectious agents are not affected by boiling of water, and are still present in the water after boiling.

As a walk past an Iraqi butcher shop will demonstrate, food preparation standards are not the same as in Western countries, and consumption of local food can make a visitor ill. Try to bring your own. As tap water is generally not potable, you should especially avoid uncooked foods.

Should you find your body in the uncomfortable position of rejecting food and water due to something you shouldn't have drunk, immediately find someone who speaks Arabic and send them to a local pharmacist and request a product known locally as ""InterStop"" (similar to co-phenotrope/Lomotil). This works better than any well-known western brands."
Q27,Ireland,"Tap water is generally drinkable. In some buildings you should avoid drinking water from bathroom sinks, which may be recycled or drawn from cisterns.

Almost all enclosed places of work in Ireland, including bars, restaurants, cafés, are designated as smoke-free. Ireland was the first European country to implement the smoking ban in pubs. Rooms in hotels and bed-and-breakfast establishments are not required by law to be smoke-free. Even though they are not obliged to enforce the ban, owners of these establishments can do so if they wish. Most hotels have some bedrooms or floors designated as smoking and some as non-smoking, so you should specify at the time of booking if you have a preference either way. The smoking ban also applies to common areas within buildings. This means for example that corridors, lobby areas and reception areas of buildings such as apartment blocks and hotels are also covered by the law.

Most larger bars and cafés will have a (covered) outdoor smoking area, often with heating. This is a great way to meet up with locals. A new concept called ""smirting"" has been developed: ""smoking"" and ""flirting"". If an outdoor smoking area does not exist, be aware that it is illegal to consume alcohol on the street, so you may have to leave your drink at the bar.

Any person found guilty of breaching the ban on smoking in the workplace may be subject to a fine of up to €3,000."
Q42053,Isfahan,:See the warnings at Iran#Stay safe.
Q801,Israel,"Emergency phone numbers:
* 
* 

There are no special medical issues in Israel, and no immunizations are required for entry. A hepatitis A vaccine is recommended, though. Travelers to West Bank and Gaza should strongly consider getting a typhoid vaccine and Hepatitis B vaccine as well.

Pharmacies and hospitals are available in all major cities and emergency and health care is to a very high Western standard. Pharmacists and all medical personnel speak adequate English. In Israeli pharmacies, the ""over-the-counter"" stuff is in fact over the counter. Ask the pharmacist if you need anything. Travel health insurance is highly recommended; although all Israelis are covered under the national health insurance system, foreigners will be expected to pay for any treatment received in the public hospitals or at a clinic.

Tap water is potable and perfectly safe for drinking all throughout Israel (but not in the West Bank or Gaza), big cities and rural parts alike. However, avoid taps that you might find within cultivated fields (e.g. while hiking); they may use recycled water which is only good for irrigation. Tap water near the Dead Sea is heavily salinated and hotels will typically provide bottles of water for guests. 

Street food is safe and clean, including fried dishes, fish and different salads. It's still wise to use common sense and avoid anything suspicious.

The hot climate in Israel is a major issue, especially in summer. Use sunscreen throughout your stay and drink a lot of water. See also sunburn and sun protection.

The southern Israel desert region offers amazing hiking trails in a beautiful landscape that possesses some unique geographical features not available anywhere else in the world. However, if you are inexperienced in hiking in the desert, do not hike there without an experienced hiker, proper equipment and clothes, plenty of water, and taking the necessary precautions. Dehydration on hot days, hypothermia on cold nights, and flash floods on rainy days are serious dangers!"
Q38,Italy,"thumb|right|[[Olive oil and vegetables are central to the Mediterranean diet.]]

Italy's life expectancy in 2015 was 80.5 years for men and 84.8 for women, placing the country 5th in the world. Compared to other Western countries, Italy has a low rate of adult obesity (below 10%), as the health benefits of the Mediterranean diet are very significant. In 2013, UNESCO, prompted by Italy, added the Mediterranean diet to the Representative List of the Intangible Cultural Heritage of Humanity of Italy, Morocco, Spain, Portugal, Greece, Cyprus, and Croatia.; 

The proportion of daily smokers was 22% in 2012, down from 24% in 2000 but above the OECD average. Since 2005, smoking in public places has been restricted to ""specially ventilated rooms"".

Since 1978, the state has run a universal public healthcare system. However, healthcare is provided to all citizens and residents by a mixed public-private system. The public part is the Servizio Sanitario Nazionale, which is organised under the Ministry of Health and administered on a devolved regional basis. Healthcare spending accounted for 10% of GDP in 2020. Italy's healthcare system has been consistently ranked among the best in the world;; according to research by the World Health Organization (WHO) dating back to 2000, Italy had the second best healthcare system in the world in terms of spending efficiency and access to public care for citizens, after France."
Q1008,Ivory Coast,"Life expectancy at birth was 42 for males in 2004; for females it was 47. Infant mortality was 118 of 1000 live births. Twelve physicians are available per 100,000 people. About a quarter of the population lives below the international poverty line of US$1.25 a day. About 36% of women have undergone female genital mutilation. According to 2010 estimates, Ivory Coast has the 27th-highest maternal mortality rate in the world. The HIV/AIDS rate was 19th-highest in the world, estimated in 2012 at 3.20% among adults aged 15–49 years."
Q35997,İzmir,"thumb|İzmir City Hospital during its construction

Air pollution in Turkey is a problem in the city, in part due to vehicle exhaust: a 2020 study of coal-fired residential heating estimated the cost of replacing it versus the reduction in illness and premature death. There are 21 public hospitals in İzmir. The healthcare system in Turkey consists of a mix of public and private hospitals. Turkey also has a universal health care insurance system (SGK) which provides medical treatment free of charge in public hospitals to residents registered with a Turkish identity card number. One of the largest hospitals in the Aegean Region, Izmir City Hospital is situated in the Bayraklı district of İzmir, constructed with a reported cost of 780 million Euros.

Eşrefpaşa Hospital serves as the only existing municipal hospital in Turkey, owned and operated by Izmir Metropolitan Municipality."
Q28198,Jackson,"High criminal activity, particularly the homicide rate, is a major reoccurring issue in the city. Crime has had a negative impact on the city's economy and population. Most parts of Jackson are considered a food desert because important grocery stores and restaurants have closed down or left the city as theft and other crimes have worsened since 2000.

In 2020, the city's homicide rate reached its highest in history with 79.69 homicides per 100,000 residents, with a total of 128 homicides. Of major U.S. cities, only St. Louis surpassed Jackson's homicide rate. The homicide rate in 2020 represented a significant spike after years of declining homicide rates in the early 2000s. Property crime remains much lower than in the 1990s and overall violent crime has not increased as significantly as homicide in recent years and is below the peak in 1994 as of 2020.

In 2021, a record number of homicides (160) were recorded, and at a rate of 104 per 100,000 was the highest in the United States. In late 2020, Police Chief James Davis along with the Mayor and other city leaders unveiled the virtual policing concept. After months of struggling to move the concept forward, Chief Davis began discussions with Eric B. Fox, a veteran Jackson Police Officer to return to the department. Fox returned officially in January 2022, and launched a new concept, the Real Time Command Center.

Also in 2021, the Jackson Police Department stated that the city had a serious street gang problem which is a major contributor to violent crimes. The city has had a gang presence since the 1980s but it has seemingly grown over the years. Several gangs from Chicago have settled in the city and are heavily involved in drug-selling territory wars and many other crimes.

In 2022, for the second year in a row Jackson had the highest homicide rate per capita in the United States, with the city reporting a total of 138 murders giving the city a slightly lower homicide rate of 89.8 per 100,000.

In 2023, Jackson murders dropped by 15% with 118 homicides being reported but the city still had the nation's highest homicide rate per capita with 78.8 per 100,000 residents. In 2023, Mayor Lumumba announced the opening of the Jackson Crime Center which is a facility that houses monitoring cameras strategically placed around the city to better identify criminals so they can be held accountable for their actions. The Jackson Police Department is short-staffed so the center will help the department as they work to increase recruitment and retention.

2024 saw a third consecutive decrease in murders with 111 being reported in the year, a 5.9% decrease but still the highest homicide rate in the United States with a homicide rate of 77.2 per 100,000 residents. In February 2024, Governor Reeves announced a new and tougher plan to lower rampant crime in the city and protect innocent residents."
Q66485,Jaipur,"Beyond the standard dangers of travelling in India (thieves, hustlers, touts, questionable drinking water), Jaipur has developed its own set of unique scams.

You may be approached by a local, sometimes youths on motorbikes, who claim that Westerners are unwilling to engage with the Indian people.
""Why don't tourists want to talk to me?"" or ""I am a student, I want to learn about your culture"" is a common opener. They may also try to make you feel guilty by claiming ""It is Indian culture to be help."" If you engage them, the scam artist will invite the visitor to drink tea. Frequently, the tourist will only be told of the gem stones the next day or after dinner. Usually it is some sort of tax problem. The unwitting mark is then sold fake stones for resale in his/her home country. Even if stones are posted in front of your eyes, you are more likely to see Elvis than the gems again. As a general rule, do not accept tea from strangers, but in addition be wary of any who invite you to talk in secluded areas. The easiest is a simple and polite refusal of any offer, even if just a drink and chat. You may need to firm in your refusal, and walk away.

If you are a Westerner and a person outside your hotel accosts you, then it's likely the person is scheming to acquire your money. There have been reports of smugglers trying to entice foreigners to assist in smuggling items. Under no circumstances accept: smuggling is a serious offence.

* 
*"
Q17,Japan,"thumb|[[University of Tokyo Hospital]]
Health care in Japan is provided by national and local governments. Payment for personal medical services is offered through a universal health insurance system that provides relative equality of access, with fees set by a government committee. People without insurance through employers can participate in a national health insurance program administered by local governments. Since 1973, all elderly persons have been covered by government-sponsored insurance.

Japan spent 11.42% of its total GDP on healthcare in 2022. In 2020, the overall life expectancy in Japan at birth was 85 years (82 years for men and 88 years for women), the highest in the world; while it had a very low infant mortality rate (2 per 1,000 live births). Since 1981, the principal cause of death in Japan is cancer, which accounted for 27% of the total deaths in 2018—followed by cardiovascular diseases, which led to 15% of the deaths. Japan has one of the world's highest suicide rates, which is considered a major social issue. Another significant public health issue is smoking among Japanese men. Japan has the lowest rate of heart disease in the OECD, and the lowest level of dementia among developed countries."
Q374365,Jeddah,"While Jeddah is not as conservative as Riyadh, it is recommended that you follow the various safety tips in Saudi Arabia article to stay out of trouble.

Perhaps the biggest danger you'll face is the extreme, scorching heat. Temperatures can reach as high as in the summers. Be sure to hydrate often and wear appropriate clothing to deal with the heat. 

Floods are not unusual in Jeddah, and they can be both violent and destructive, mainly because the city lacks the necessary infrastructure to protect itself against floods.

Refer to the various tips in the Flash floods article if the city experiences flooding."
Q34647,Johannesburg,"Tap water is completely safe to drink, Johannesburg's water has one of the highest ratings in the world.

There is a Travel Clinic at OR Tambo International Airport

* 
* 

It is best to avoid public hospitals as standards have declined, but private hospitals are of world class standard.

The following hospitals cater for 24-hour accident and emergency treatment:
* 
* 
*Netcare Garden City Hospital, 35 Bartlett Rd, Mayfair West, Johannesburg, 2092. +27 11 495 5000
*Life Flora Hospital, William Nicol St, Florida Park, Roodepoort, 1709. +27 11 470 7777
*Life Brenthurst Clinic, 4 Park Ln, Parktown, Johannesburg, 2193. +27 11 647 9000
*Clinix Lesedi Private Hospital, 7948 Chris Hani Road, Diepkloof Zone 6, Diepkloof, 1862. +27 11 933 5001
*Helen Joseph Hospital +27 11 489 1011
*Coronation Hospital for women and children; +27 11 470-9000
*Chris Hani Baragwanath Academic Hospital, 26 Chris Hani Rd, Diepkloof 319-Iq, Johannesburg, 1864. +27 11 933 8000"
Q1040,Karlsruhe,"Karlsruhe is maybe one of the safest cities in Germany especially the centre of the town. There are a lot of police officers walking and driving around, mainly because of the important courts. Maybe some suburbs should be avoided at night (Oberreut, Neureut and Daxlanden (not really)), but otherwise, one will feel safe in this city."
Q4115712,Kaunas,"Usual precautions about traffic, safeguarding valuables and avoiding damnfool drunks. 

The station area can be rough at night."
Q114,Kenya,"Protect yourself from mosquitoes, as they carry numerous diseases such as dengue fever, malaria and yellow fever. Get expert advice on malaria preventatives. Guard against mosquito bites. Wear long sleeves and long trousers and apply an effective insect repellent. If arriving from or travelling to other African countries, having a yellow fever vaccination certificate is typically mandatory. The vaccine can be administered at an affordable price at most reliable Nairobi clinics and hospitals.

Malaria medications are recommended if you are travelling to rural areas (Nairobi is not within the malaria zone). The prophylactics most commonly used in this region are doxycycline (an antibiotic) and malarone (a combination of atovaquone and proguanil, also sold locally as malanil). Chloroquine is not as useful because of the high incidence of resistance and Mefloquine, also known as lariam, mefliam, and mephaquin, is associated with various side effects, including a high incidence of mood disturbances and a lower risk of severe neurological disturbance. Consult your physician and government health advisories for current advice.

If you get flu-like symptoms, including fever, joint aches and vomiting, consult a doctor immediately. If no doctor is available, take a treatment dose of an appropriate anti-malarial and go immediately to a hospital. While the public hospitals are slightly cheaper, long waits and poor conditions and care at these facilities may make it worthwhile to go to a private clinic. Costs will vary, but a typical trip to the hospital for malaria testing, doctor's consultation, and medication will cost US$12-30 depending on the clinic. As malaria can become serious, a trip to the hospital is recommended at the first symptoms of malaria.

If you get such symptoms within twelve months of returning home, seek a doctor's advice very quickly and immediately tell them where you have been in the last year. Delayed treatment, even by just a few hours, can lead to permanent brain and liver damage or death.

Do not have unprotected sex as HIV/AIDS and other sexually transmitted diseases are a risk. The country's Adult HIV Prevalence rate (15th in the world) is over 6.1% or 1 in 16 adults. Voluntary Testing and Counselling (VCT) clinics offer free testing and counselling for HIV/AIDS.

Cholera is another danger. When in affected areas, see a doctor immediately and drink plenty of water.

All water should be treated, either by boiling or through purifying tablets or filters. This includes Nairobi as well as rural areas. Typhoid fever is a risk and, like malaria prophylactics, the vaccination is not 100% effective. It is advisable to buy bottled water for drinking. It is available countrywide. All fruits and vegetables should be thoroughly washed. While eating from the roadside kiosks is part of the cultural experience that one should not miss, such places do not always have the highest sanitary conditions and stomach illnesses can res"
Q3838,Kinshasa,"It is strongly recommended that you have someone with you at all times that is a local (besides while being in your hotel). Taxi drivers will usually stay with you too when going to local shops and making quick stops and will serve as your translator if you get a good one. Be careful with any equipment you have with you such as digital cameras and video equipment. Be careful also of what you take pictures of. Even if they say no photos only at the airport and of government buildings, a lot of times the police and UN people will get upset if you are taking videos at other places where it is supposed to be ok to do. Just be sure to have plenty of locals with you that know what they are doing and can provide security and a way out if you get stuck or in trouble. Follow their advice and pay attention when out and about. When in doubt about taking a photo of something, don't do it. Don't keep cameras in open view unless you've been cleared to take a photo. Also be equally prepared for hostility and positive reactions when taking photos.

When travelling by car, always lock all the doors before you set off, as it is not uncommon for opportunist thieves to try to open them and snatch belongings. For the same reason, keep bags and valuables out of reach and out of sight.

If you are approached by people claiming to be police, be wary. If they are not in uniform, they are probably not police but are most likely hoping to relieve you of your money and valuables. A common tactic is for a group of men in a car to show a fake police identity card and ask you to go with them to the police station. Do not get in the car; just walk away. Be prepared to run. Never lose your temper, but keep negotiating in a friendly way; in the end, they will give up.

Road scams include a group of fake police officers in an unmarked 4x4 vehicle that will pull over unsuspecting people driving alone in cars, then forcibly take them in to their vehicle, drive them out to the country, rob them of everything and leave them stranded. While the main targets have been UN staff in obvious white UN vehicles, all foreigners driving should be wary of this group or others operating like them. For general safety, you should never drive alone in a vehicle, especially after dark."
Q710,Kiribati,"thumb|upright=2|Prevalence of obesity in the adult population, top countries (2016), Kiribati has the seventh highest rate in the world.
The Gilbert Islands where 90% of the Kiribati population live, boast some of the highest population densities in the Pacific, rivalling cities like Hong Kong or Singapore without any skyscrapers or other forms of conventional high-density housing. This overcrowding produces a great amount of pollution, worsening the quality and length of life. Due to insufficient sanitation and water filtration systems, worsened by the fragility of the water lens of the atolls and by climate change, only about 66% have access to clean water. Waterborne diseases grow at record levels throughout the islands. Poor sanitation has led to an increase in cases of conjunctivitis, diarrhoea, dysentery, and fungal infections. Kiribati is the country with the third highest prevalence of smoking in the world, with 54–57% of the population reported as smokers. Due to this and other ""lifestyle diseases"", such as type 2 diabetes, there has been a drastic spike in amputations on the islands, doubling in a few years.

As a consequence, the population of Kiribati has a quite low life expectancy at birth of 68.46 years. Even if this data is of only 66.9 years, provided elsewhere, Kiribati ranks last in life expectancy out of the 20 nations of Oceania. This life expectancy is 64.3 for males, and 69.5 for females and there is an infant mortality rate of 41 deaths per 1,000 live births. Tuberculosis has a small presence in the country, with 365 cases per 100,000 a year. Government expenditure on health was at US$268 per capita (PPP) in 2006. In 1990–2007, there were 23 physicians per 100,000 persons. Since the arrival of Cuban doctors in 2006, the infant mortality rate has decreased significantly.

Most health problems are related to consumption of semi-raw seafood, limited food storage facilities, and bacterial contamination of fresh water supplies. In the early 2000s, between 1 and 7% of the population, depending on the island, were annually treated for food poisoning in a hospital. Modernization and cross-cultural exchange of the late 20th century brought new issues of unhealthy diet and lifestyle, heavy smoking, especially among the young, and external infections, including HIV/AIDS.

Fresh water remains a concern of Kiribati – during the dry season (Aumaiaki), water has been drilled for instead of using rain water tanks. In recent years, there has been a longer than usual Aumaikai season resulting in additional water having to be drilled from beneath the water table. This has introduced water-borne illnesses, compounding the health problems within Kiribati.

The Human Rights Measurement Initiative finds that Kiribati is fulfilling 77.2% of what it should be fulfilling for the right to health based on its level of income. When looking at the right to health with respect to children, Kiribati achieves 93.8% of what is expected based on its current"
Q776965,Klaipėda,"thumb | 300px | Nothing to see on Smiltynė nudist beach 
Klaipėda is a safe place but like anywhere you have to use common sense. Try to walk with a confident air and not look lost."
Q1348,Kolkata,"Air pollution is a major problem in Kolkata, with regular smog and haze. Since 2022, Kolkata is ranked as India's second most polluted city after Delhi, with pollution levels often in the ""very unhealthy"" or ""hazardous"" range. Anyone visiting the area should try to limit outdoor and exhausting activities. Elderly visitors are recommended not to get out in the morning due to diesel exausts in the air. Instead, they should get out in the evening. Have masks (single-use surgical masks are okay), tissues, and eyedrops ready when going out."
Q1246,Kosovo,"Foreigners can receive medical treatment at the public hospital in Pristina, where staff from your accommodation may be useful as translators to help with communication during your visit. However, it is important to be aware that the hospital’s conditions are not ideal: basic hygiene items like soap are often missing in the restrooms, and medical equipment such as intravenous infusions may be supported by makeshift or improvised stands, reflecting limited resources and infrastructure. Kosovo does not have a public health insurance system, which means that all medical expenses must be paid in cash at the time of service. Typically, a consultation with a doctor along with a few prescribed medications from the pharmacy will cost around €20.

Tap water in cities is safe and drinkable."
Q817,Kuwait,"thumb|alt=A hospital building in Kuwait|A hospital building in Kuwait
Kuwait has a state-funded healthcare system, which provides treatment without charge to Kuwaiti nationals. There are outpatient clinics in every residential area in Kuwait. A public insurance scheme exists to provide reduced cost healthcare to expatriates. Private healthcare providers also run medical facilities in the country, available to members of their insurance schemes. As part of Kuwait Vision 2035, many new hospitals recently opened. In the years leading up to the COVID-19 pandemic, Kuwait invested in its health care system at a rate that was proportionally higher than most other GCC countries. Under the Kuwait Vision 2035 healthcare strategy, the public hospital sector significantly increased its capacity. Many new hospitals recently opened, Kuwait currently has 20 public hospitals. The new Sheikh Jaber Al-Ahmad Hospital is the largest hospital in the Middle East. Kuwait also has 16 private hospitals.

Private sector hospitals in Kuwait offer multiple specialities. This trend is likely to grow further, especially in tapping opportunities to reduce treatments performed overseas and develop inbound medical tourism market by developing high end speciality hospitals."
Q813,Kyrgyzstan,"thumb|A village drug store in [[Tamchy]]
Your biggest risk in Kyrgyzstan are car wrecks and accidents while crossing the street, or falling into a hole in the sidewalk.

You should also exercise caution around stray animals and avoid approaching dogs. If dogs get too close, (pretend to) pick up a rock&mdash;most will understand this gesture and shy away. Please read the general article on Aggressive dogs how to handle situations correctly.

Healthcare in Kyrgyzstan is generally of low quality, and treatment is not up to Western standards even at private clinics. Kyrgyz people who can afford it will seek treatment in Russia (or in Western Europe), rather than Kyrgyzstan, for most procedures. If you need treatment, your best chance is to evacuate to a larger country with better facilities and medical staff. It is highly recommended that you obtain travel insurance that covers medical costs and the costs of emergency evacuation before traveling to Kyrgyzstan.

Food and drinking water safety vary substantially by region. Water is mostly potable, especially in the mountains where it comes from clean rivers&mdash;just ask the locals.

Note that in some villages they don't have electricity all the day. Therefore restaurants there might serve you quick-heated, pre-cooked meals or the meat was not stored in a fridge before it was prepared. The latter can cause food poisoning or parasite-borne illnesses because they don't always cook the meat long enough. Therefore try to eat only meals that were prepared the same day.

Kyrgyz claim the national drink, Kumys, is extremely healthy and will cure you of innumerable ailments. However, it is not recommended you rely on it to cure you of anything."
Q8673,Lagos,"The Council on Foreign Relations' Nigeria Security Tracker continuously records homicides (murder, manslaughter, etc.) by criminals, religious zealots (such as Boko Haram) and police attacks in Nigeria for each state.

Strikingly, according to the NST, Nigeria's two largest cities, Lagos and Kano, are significantly safer than rural areas when it comes to homicides. For Lagos State, the NST shows 135 such violent deaths in the past 24 months (as of July 2023), or 5.6 annually for every million inhabitants (for comparison, the United Kingdom's crime statistics in 2022 counted 10 homicides per million inhabitants or Turkey's 24). For Nigeria as a whole, this figure is 93, with 62% of these cases attributable to police violence (mainly vigilante justice). Boko Haram plays a negligible role (as of 2023) in Lagos."
Q11739,Lahore,"Lahore abounds with excellent street food, but unless you've been on the road for some time and developed an iron stomach, it's always wise to exercise some caution. Look for busier street stalls, especially those in Gowal Mandi (food street), and stick to food that's hot and has just been cooked. Salads can also cause problems - if you must, one of the fancier restaurants in Gulberg is probably a safer bet than eating a salad at a dhaba or street stall.

Bottled water is highly recommended. Some budget places offer free filtered water, but even that is suspect in Lahore.

Medical care is excellent for those who can afford it and, if you can, avoid public hospitals. The Fátima Memorial Hospital is usually a fair bet, with decent rates, good hygiene, and good care.

Doctors hospital on Canal and National Hospital in Defence Housing Authority offers excellent services but at a higher cost.

Farooq Hospital (West Wood Branch) near Thokar Niazbeg offer better Health services and is not very expensive.

Be aware that travelling as women only may be more challenging, as you will be the centre of a lot of attention, and a few people (taxi drivers and waiters) behave poorly (refusing to take you / give you the bill / telling you what you should be doing)."
Q819,Laos,"Laos is on track to hit its goal of eliminating malaria by 2030, but there are still occasional outbreaks, particularly in the south (Savannakhet and beyond). Anti-malarials are recommended if visiting those areas for an extended period, but check with health professionals: there is also a high incidence of drug-resistant parasites in Laos. Other mosquito-borne diseases, such as dengue, can be life-threatening, so make sure you bring at least 25% DEET insect repellent and ensure that you sleep with mosquito protection like nets or at least a fan. Vientiane seems to be malaria-free but not dengue-free. The mosquitoes that are active during the day carry dengue and those that are active in the evening carry malaria. 25% DEET insect repellents are almost impossible to find in Laos, so bring some from your home country.
thumb|A display of Tiger Head water and Beerlao in a shop in Vientiane. Note the similar logos
The usual precautions regarding food and water are needed. Tap water is not drinkable anywhere in Laos, but bottled water is cheap and widely available. In Laos, most bottled water is simply treated tap water, but quality can vary between brands. Tiger Head is recommended, which is made by the Laos Brewing Company (of Beerlao fame), and costing 5,000-6,000 kip. Thai-style roadside water kiosks that let you cheaply fill your own bottle with filtered water are not present in Laos. However, the communal water jars in temples, hotels and certain public buildings contain safe drinking water. Ask first.

Medical care in Laos is limited owing to a lack of resources. Vientiane has several medical clinics are associated with European embassies, and there are several private hospitals in Vientiane that are run to Western standards. Otherwise, you probably have to go to Thailand for treatment of serious injuries and illnesses. Udon Thani and Chiang Mai are recommended if you are nearby. Ubon Ratchathani and Chiang Rai might have suitable clinics, as well, and you can always fly to Bangkok direct from Luang Prabang, Vientiane and Pakse. Basically, if you are injured or get severely ill in Laos, and you are near the Thai border, get to Thailand as soon as possible.

Travel insurance that includes cover for medical evacuation is strongly recommended. Remember: if you can't afford travel insurance, then you can't afford to travel.

Laos had a population HIV rate of 0.4% in 2024. This low percentage does not equal low risk to you, so take the usual precautions against blood-borne illness."
Q211,Latvia,"You can turn to any doctor or hospital at any time during your stay. Depending on the circumstances, you may need to pay a fee for receiving urgent care.

In a sparsely-inhabited, remote area, it may be difficult to obtain medical care due to the low number of air ambulance helicopters in the country. Having a first aid kit around during those times is a good idea. The 112 (emergency service number) operators will be able to assist you in Latvian, English and Russian and will be able to either dispatch a team to you or connect you to the appropriate emergency services, if required.

Doctors usually are able to speak fluent Latvian and Russian. Some may not have good English skills. This mostly depends on the region and the age of the doctor.

You are suggested to bring your own medicine, if you require it, as there are few drugs that are available without a prescription.

Many doctors take undisclosed fees in the form of gifts from the patients ranging from a box of chocolates to raw cash. This is usually due to patients recognizing doctors receive low wages and feel the urge of expressing their gratitude. While this is made illegal by local law, it is estimated that 1 in 4 doctors has taken or is taking such donations when seeing patients.

You should seek immediate medical attention if bitten by a snake, a domestic or a wild animal. Snakes are not venomous in Latvia with the exception of the European adder. The common adder is not generally aggressive unless startled and feels like it must defend itself. The toxicity of the venom is relatively low, but you should seek professional medical care as soon as possible regardless of that. Bites by animals, such as dogs and cats, can carry the risk of rabies and you should seek medical care as soon as possible.

Mosquito bites do not carry any risk of disease, just causing irritation of the skin. Common sense is to resist scratching the itch. Mosquitoes are generally active during the Summer season and are not around during the colder Winter months at all.

Ticks exist in Latvia and are most active from May to September. They are mostly located in brushwood areas and forests, but can sometimes even be found in town parks. Upon discovering that you have been bitten by a tick, medical attention should be sought. Ticks carry the risk of tick-borne encephalitis (can be quite common; vaccination is possible before the season) and Lyme disease (less common; must be treated in a timely and adequate manner to avoid disabling symptoms).

Tap water is generally safe to drink. However, many locals, especially in larger cities, prefer to either boil the water before drinking or simply buy bottled water from stores instead."
Q807,Lausanne,"Dial 144 for emergency telephone assistance (in French).
* 
* 
* 
* 
* 
* 
*"
Q822,Lebanon,"As a key destination for health tourism in the region, Lebanon has a professional and private healthcare system. Located mainly in Beirut, key hospitals include:

* AUH (American University Hospital), Hamra area: +961-1-344704.
* RHUH (Rafic Hariri University Hospital), Bir Hassan area: +961-1-830000.
* Hotel Dieu de France, Ashrafieh area: +961-1-386791.
* Rizik Hospital, Ashrafieh area: +961-1-200800.
* Mont Liban Hospital, Hazmieh area: +961-1-955444.
* Sacré Coeur Hospital, Hazmieh area: +961-1-451704.
* Saint George Hospital, Ashrafieh area: +961-1-441000.
* Tel Shiha - Zahle, Beqaa
* Nini Hospital - Tripoli, North Lebanon: +961-6-431400.
* Hopital Albert Haykel - Koura, North Lebanon: +961-6-411111.
* Sahel Hospital - Airport Ave Area: +961-1-858333
* Jabal Amel Hospital - Jal Al Baher Area, Tyre: +961-7-740343, 07-740198, 07-343852, 03-280580
* Labib Medical Center - Abou Zahr Street, Sidon Area: +961-7-723444, 07-750715/6
* Bahman Hospital - Beirut, Haret Hreik Area: +961-1-544000 or 961-3-544000

It is extremely important that you get travel insurance prior to your departure to Lebanon. Hospitals in the country can be very expensive and, with the lack of insurance, cash payments may be expected beforehand.

It's recommended to drink bottled water rather than tap water."
Q39121,Leeds,"Leeds is known as a friendly city, but as with any other city, the usual tips about exercising a degree of common caution apply: leave no valuables unattended, avoid going to badly lit/shady/unknown places by yourself or walk around alone at night etc.

Leeds residents might have a healthy sense of humour but think twice before making harsh criticisms of their city which they are proud of.

There are some notorious areas of Leeds at night with seedy reputations, such as the unrejuvenated areas of Chapeltown , Holbeck and Mabgate. Whilst by and large these places are safe by day, it is best to proceed with caution after dark.

Avoid displaying any memorabilia or clothing of Manchester United (the main rival of local football club Leeds United), as these worn at the wrong place could make you a target of violence, especially on match days.

If you do encounter any trouble, the emergency services (police, ambulance, fire) number is the same as for the rest of the country: 999, or the new European wide emergency number: 112. To contact the police in a non emergency, dial 101.

If you do get ill in Leeds, there are NHS and private medical practices. The Light complex houses a NHS walk-in centre. Leeds is home to two of Europe's largest hospitals : Leeds General Infirmary (in the Civic Quarter) and rapidly expanding St James's University Hospital (a couple of miles east of the City Centre and just south of Harehills), and many smaller hospital and PCTs across the wider city area. As with the rest of the UK, tap water is safe to drink, and you are unlikely to come across any major health risks ."
Q1013,Lesotho,"The country is among the ""Low Human Development"" countries (rank 168 of 193 on the Human Development Index as classified by UNDP), with 50.3 years of life expectancy for men and 55.9 for women in 2022. Infant mortality is about 8.3%.

As of 2018, Lesotho's adult H.I.V./A.I.D.S. prevalence rate of 23.6% was the second-highest in the world, after Eswatini. In 2021, Lesotho had a 22.8% H.I.V. prevalence rate among people between 15 and 49 years of age. The country has the highest incidence of tuberculosis in the world.

According to the 2006 census of Lesotho, around 4% of the population is thought to have some sort of disability. There are concerns regarding the reliability of the methodologies used and the real figure is thought to be closer to the global estimate of 15%. According to a survey conducted by the Lesotho National Federation of Organisations of the Disabled in conjunction with SINTEF,Yusman Kamaleri and Arne H. Eide (eds.) (2011) Living Conditions of People with Disability in Lesotho . SINTEF Technology and Society. lnfod.org.ls people with disability in Lesotho face social and cultural barriers which prevent them from accessing education, health-care and employment on an equal basis with others. On 2 December 2008, Lesotho became the 42nd country in the world to sign the U.N. Convention on the Rights of Persons with Disabilities.

According to World Health Organization data, Lesotho has had the world's highest age-standardized rate of suicide since 2018."
Q5869,Lhasa,"Read the article on altitude sickness and study its symptoms, precautions, and treatments before traveling to Lhasa. Altitude sickness can easily ruin a holiday and can even be fatal. Lhasa is 3,650 m above sea level, so there is considerable risk of altitude sickness, especially if you fly in from a much lower altitude and your body does not have time to acclimatize: apparently as many as 2% of visitors arriving by plane are hospitalized. If you must fly to Lhasa, it would be wise to fly via an intermediate destination such as Zhongdian (3,200 m), Xining (2,300 m) or Kunming (1,950 m) and spend several days there to acclimatize before flying to Lhasa.

Do not under any circumstances give or show to monks or locals pictures of Dalai Lama as this can get you in trouble and cause severe trouble for the recipient. Keep in mind some monks may report to the authorities, or may not be monks at all.

Take common sense precautions when shopping at the many small kiosks around the Barkhor and along the Jokhang Temple circumambulation route. While problems are few, leaving large backpacks at your hotel and keeping your wallet well guarded are both good ideas.

Do not give to children begging and be cautious before giving to any beggars in this area at all; giving to one may attract a crowd."
Q1014,Liberia,"thumb|Development of life expectancy

Hospitals in Liberia include the John F. Kennedy Medical Center in Monrovia and several others. Life expectancy in Liberia is estimated to be 64.4 years in 2020. With a fertility rate of 5.9 births per woman, the maternal mortality rate stood at 990 per 100,000 births in 2010, and 1,072 per 100,000 births in 2017. A number of highly communicable diseases are widespread, including tuberculosis, diarrheal diseases and malaria. In 2007, the HIV infection rates stood at 2% of the population aged 15–49 whereas the incidence of tuberculosis was 420 per 100,000 people in 2008. Approximately 58.2–66UNICEF 2013; , p. 27. of women are estimated to have undergone female genital mutilation.

Liberia imports 90% of its rice, a staple food, and is extremely vulnerable to food shortages. In 2007, 20.4% of children under the age of five were malnourished. Liberia has a high level of hunger and food insecurity.

Approximately 95% of the country's healthcare facilities had been destroyed by the time civil war ended in 2003. In 2009, government expenditure on health care per capita was US$22, (~$ in ) accounting for 10.6% of total GDP. In 2008, Liberia had only one doctor and 27 nurses per 100,000 people.

In 2014, an outbreak of Ebola virus in Guinea spread to Liberia. , there were 2,812 confirmed deaths from the ongoing outbreak."
Q1016,Libya,"Prior to the fall of the Libyan Arab Jamahiriya, Libya had an excellent health care system. However, the civil wars that soon followed badly damaged and devastated that system. Many hospitals are in a state of disrepair and there's a shortage of medical supplies and staff. 

Good quality healthcare facilities can be found in major cities such as Tripoli. 

Medical care in the most remote parts of Libya is virtually non-existent. 

Even if you have travel health insurance it may not be valid in the country. It's advisable to check in advance with your insurer."
Q347,Liechtenstein,"There are excellent medical facilities in Liechtenstein, but it is more likely that you would be transferred to a hospital in Switzerland should you require medical attention. If you are an Austrian or EU citizen you may want to seek medical attention in next-door Feldkirch, Austria.

Tap water is safe to drink."
Q3992,Liège,"Liège is generally a safe city during daytime. However, be cautious at night, especially if you are a woman. It is not recommended for women to walk alone in the evenings, as many foreign female students have been followed late at night. Robbery is rare, but harassment of single females occurs often. It is mostly verbal, but some travelers have been assaulted in off-downtown areas. If where you're staying is more than a 5-min walk from the centre, it is safest to take a cab after 22:00."
Q37,Lithuania,"thumb | 300px | Romuva is a neo-pagan movement 
You need adequate health insurance: for visitors an annual multi-trip policy is often the best deal. An EHIC / GHIC card covers immediate life-saving treatment, always a good start, but doesn't go anywhere near the full cost of a hospital stay, and a medical repatriation could be ruinously expensive. 

Be up-to-date on all the immunisations recommended for your own country (including seasonal flu for older people), you don't need anything extra here. Along with your usual medications (plus a bit extra in case of travel delay) bring evidence that they were properly prescribed. 

Tap water is safe to drink. If you prefer bottled, a 5-litre bottle is not much more expensive than a one-litre bottle.

Lithuania was declared rabies-free in 2022. So if bitten by a dog or wild animal, get the cut seen to (it's likely to become infected) but you won't need anti-rabies vaccine. Re-introduction of rabies from Poland or Belarus remains an outside risk.

The only venomous snake is the European Viper (angis), with a bite no worse than a bad hornet sting to a healthy adult but possibly fatal to a dog or small child.

Mosquitoes are a confounded nuisance in summer: they carry no disease, but think twice about camping if you react badly to bites. Forest ticks confer a risk of Lyme disease or encephalitis."
Q437,Ljubljana,"Ljubljana is one of the safer capitals you'll visit in Europe. Remarkably safe during the day, you should have no problems wandering at night, provided you are not desperately looking for trouble.

With that said, be wise to not wander into the rougher parts of Ljubljana at night, though they are located far from the city centre and not commonly frequented by tourists. Areas to avoid include Fužine, Rakova Jelša, Štepanjsko naselje, southern Vič (near and south of the motorway), western parts of Šiška, and Moste. The streets immediately south of the train station have become seedier since 2020 but still remain relatively safe in comparison to other European cities.

Tivoli Park is generally safe and a very popular destination for picnics or taking an afternoon stroll for an average Ljubljanian, but just as anywhere in the world it is recommended that you don't put your guard down and avoid larger groups of teenagers hanging around in the park late at night, as thefts and sexual assaults have been reported.

After a long time there were reports in 2023 of new attacks on LGBT+ people in the center of Ljubljana on the Pride day."
Q580,Łódź,"Łódź has a rough reputation among Polish people from other cities, largely thanks to well-publicized events that shocked Poland in the late 1990s and early 2000s. Today, Łódź is a safe place. Contrary to typical newcomer's fears, the crime rate is relatively low and according to statistics is much lower than in any other large city in Poland (only 39 crimes per 1000 citizens were reported in the city in 2008). Also, violent crime is very rare. Some basic advice though:

Watch out for pickpockets. A common trick for thieves is to operate in groups and create artificial crowds on buses and trams which distract their victims' attention prior to being pickpocketed. Also, do not leave your belongings unattended and keep your wallet in your front pockets.

Do not visit the city parks after dark. During the day you are perfectly safe, but almost all city parks are open also during the night and there have been reported cases of muggings.

Avoid the following places. Even though the city is safe, the locals will tell that you should avoid certain places if going alone. These are: Włókiennicza Street (also a small part of Wschodnia and Kilińskiego Streets that is in the proximity of Włókiennicza), Abramowskiego Street, Solna Street and Limanowskiego Street.

Avoid displaying football-related emblems. The hooligan scene in Łódź is quite large and very divided. You never know who you will meet, so it is safer to keep your football affections to yourself. This is especially important during the local derby between ŁKS and Widzew football clubs. This advice holds for every Polish city.

Be careful when using pedestrian crossings. Even though pedestrians have right-of-way on pedestrian crossings, some Polish drivers do not respect that. So please be careful and always make sure that there are no cars approaching when you decide to cross the street. This applies to all Polish cities.

Łódź hasn't been developing residentially quite as rapidly as some other more successful Polish cities, and has some of the most deprived urban areas in Poland, but such issues are handled by the government and (especially) NGOs.

If you are keen to help, consider donating to an accountable charity, like the Polish Red Cross or Caritas Polska. If you still want to give something to a beggar, offer buying food for them (and notice their reaction)."
Q65,Los Angeles,"left|thumb|The [[Los Angeles Police Department|LAPD on May Day 2006 in front of the new Caltrans District 7 Headquarters]]
In 1992, the city of Los Angeles recorded 1,092 murders. Los Angeles experienced a significant decline in crime in the 1990s and late 2000s and reached a 50-year low in 2009 with 314 homicides. This is a rate of 7.8 per 100,000—down from 1980, when it was 34.2. In 2021, murders rose to their highest rate (8.5) since 2008, although by 2024 (6.1), the spike had receded.

In 2015, it was revealed that the LAPD had been under-reporting a category of crime between 2005 and 2012, making the rate in the city appear lower than it was for that period.

The Dragna crime family and Mickey Cohen dominated organized crime in the city during the Prohibition era and reached its peak during the 1940s and 1950s with the ""Battle of Sunset Strip"" as part of the American Mafia, but has gradually declined since then with the rise of various black and Hispanic gangs in the late 1960s and early 1970s.

According to the Los Angeles Police Department, the city is home to 45,000 gang members, organized into 450 gangs. Among them are the Crips and Bloods, which are both African American street gangs that originated in the South Los Angeles region. Latino street gangs such as the Sureños, a Mexican American street gang, and Mara Salvatrucha, which has mainly members of Salvadoran descent, as well as other Central American descendants, all originated in Los Angeles. This has led to the city being referred to as the ""Gang Capital of America""."
Q3897,Luanda,"Safety in Luanda is average for safety among African cities. Don't venture into the slums. Don't go out at night alone. Keep your car doors locked at all times. Violent crime has been on the rise, but it is mostly in the slums. The colonial part of the city is safe from violent crime; but like most African cities, pickpocketing or muggings are a fact of life. You will greatly reduce your chances of such if you stay low key: no fancy clothes or car, use a money belt, etc. The city is an expensive place to live and Angolans have realized that most expats in the city are high-salaried employees from large corporations, so you should especially avoid business attire.

Do not give beggars money; if you do, you will soon have a lot of them surrounding you.

This is Central Africa: many police in Luanda are very corrupt. Check for their identity number (should be located on an arm band near the shoulder) and you may present charges against any abuse. As a visitor, it's important to carry an authorised photocopy of your passport at all times. Otherwise, you will get an on the spot fine or worse, courtesy of the police. Do not carry your original; the police may ask for it and keep it until you pay a ""fine""."
Q37333,Lublin,"Lublin is generally considered a very safe city, both at day and at night, with police patrols frequent throughout the Old Town and in the city's student areas. Violent crime is quite rare in the city and elsewhere in Poland. Car theft has been an issue in the past, though common sense precautions can be easily taken. If an emergency should materialise, visitors can call the all-purpose emergency number 112 on their phone. For a better specification of the kind of emergency service being requested, people can dial 999 for an ambulance, 998 for a fire emergency, and 997 for the police."
Q32,Luxembourg,The food and tap water supply in Luxembourg is perfectly fine and the country's healthcare system is first class. The climate is average even though the summers can get hot. However these temperatures rarely rise much above 30 °C.
Q36036,Lviv,"Wartime dangers in Lviv are low. It is quite rare that drones or missiles actually attack the city (2-3 times per year, compared to nearly nightly raids against Kyiv), but it has happened before, tragically killing innocent people. 

To be notified of air raids and the type of possible incoming threat, download the Повитряна Тривога (Air Raid Alert) app (Google Play, Apple) and set the location to wherever you are in the country. It has full English functionality and is voiced by Mark Hammill (who will sternly remind you to take shelter when an air raid is announced and assure you when the all-clear is given). The app also announces when drones or missiles are flying in your general area.

If there is an air raid siren during the day in Lviv, it will almost certainly pass uneventfully (they are ordered across the country every time a certain type of Russian warplane starts flying). If a siren sounds during the night, a cautious person may wish to relocate to their hotel's basement or to remain in an area between two solid walls like a corridor or bathroom. If you decide to travel to Kyiv and cities further east, the air raid dangers increase significantly, and your safety protocols should be more strict.

Petty crime is low in comparison to much of the rest of Europe, and it is generally easy to stay safe by exercising common sense, not getting too drunk, and being a civil and polite person. That said, be mindful of pretty women at bars who seem a bit too friendly and watch your pockets in heavily-trafficked areas.

It is wise for men in particular to keep their passports or other proof that they are foreigners with them at all times during the war. Conscription officers (known locally as ТЦК/TeTseKa) sometimes patrol the cities (particularly the train station) and stop men to inspect their draft cards and even take them to the military. You will not be conscripted as a foreigner, but being able to prove that you are not Ukrainian will ensure that your interaction with these officers ends quickly. 

To maintain wartime security, there is a curfew every day from 00:00 until 05:00. It is not very strictly enforced in Lviv, but you can expect the streets to be basically empty during those times. If you find yourself on the street during curfew, it is best to make your way home. If you are stopped by police or other security forces, show them your documents, tell them you are on your way home, and then go home.

Uber does not operate during curfew, but apps like Uklon and Taxi838 do."
Q1309,Maastricht,"As with much of the Netherlands, Maastricht is a safe city if you are not looking for trouble. Pickpocketing and muggings have been known to occur in less tourist-friendly parts of the city, but tourists are rarely targeted."
Q1019,Madagascar,"Visitors to Madagascar should be aware of a vast number of health concerns. Diseases such as the plague, which are almost unheard of elsewhere, still occur in Madagascar. Drinking water is almost never safe for foreigners; treated or bottled water should always be used, and salads or dishes containing unpeeled fruits or vegetables should be avoided. While the AIDS epidemic has not reached the devastating level found in many southern African countries, it is widely assumed that the incidence of AIDS is underestimated and rising, so you should take no risks and avoid unprotected sex in all cases. When swimming, beware of the possibility of human waste in the water, which can cause cholera, typhoid, and a number of other diseases. Leeches and tropical parasites are also a concern.

Research malaria prophylaxis options, and follow through. If you are not taking any prophylactics, be sure to always use a mosquito net for sleeping, and apply mosquito repellents once dusk sets in. On-skin repellent (only repellents containing ~40% DEET are effective, such as NoBite, or Azeron Before Tropics) is good but should be used in combination with on-clothes repellent (i.e., NoBite). The clothes repellent is odorless approximately an hour after application, and clothes can be washed up to 4 times before it needs to be re-applied. If you wear long-sleeve clothing treated with the repellent and apply on-skin repellent to the skin parts not covered, you will be very safe against mosquito bites and can skip the prophylaxis with its notorious side effects. Take the repellent issue seriously, though, as it's very easy to fall into a more 'relaxed' mode after you've spent some time in the country.

Areas inhabited by humans will invariably have large populations of stray dogs. Avoid stray dogs, and although bites are rare, if bitten seek medical assistance promptly as rabies is not unheard of.

Remember that Madagascar is in the tropics and take precautions against sunburn and heat exhaustion seriously. Wear lots of sunscreen and keep hydrated. A cloudy day does not mean you won't get burnt."
Q43788,Madison,"Overall, Madison is a very safe city. However, as with all cities, be cautious at all times and pay attention to your surroundings. The downtown area is well populated and fairly well lit. South Madison is considered to be the ""bad"" part of town, and has a higher crime rate than the rest of the city. The areas that are recommended to avoid at night are isolated bike paths/alleys, Allied Drive, Badger Road, South Park Street (South of Regent Street) and also Britta Drive, Britta Parkway and Helene Parkway in the Dunn's Marsh Neighborhood, as well as Troy Drive on Madison's North Side. Bright red emergency markers are posted around the University of Wisconsin campus and its Lakeshore Path; press the button and the police should show up very quickly.

The Madison police are generally lax on drinking and rowdiness. However, they significantly step up enforcement during the weekends of Halloween and the Mifflin Street Block Party, and have even brought in riot police to disperse nonviolent crowds. Hundreds of arrests are made every year during these two events. The police will not hesitate to arrest you for extremely minor offenses - the most common being underage drinking, open containers in public, and public urination. Do not urinate in public under any circumstances (the police check alleys and corners for this specifically), and if you're underage, don't get obscenely drunk and call any attention to yourself. During Mifflin, make sure you drink only on private property; the police will immediately arrest anyone who attempts to walk down the sidewalk or cross the street with an open container. Out-of-towners make up a significant portion of the arrested every year, and the city responds by clamping down on the students — don't ruin Madison for the rest of us! Crimes do occur during the Mifflin Block Party. Robberies, assaults and sexual assaults have also occurred in past years. It's still a good idea to be careful around Mifflin during the party.

A tip to motorists, pedestrians and bicyclists: each should always be on the look out for the other two. This is especially true downtown and in the area of the UW campus. Cars racing through red lights as they change, pedestrians crossing streets in the middle of the block with traffic present, and bicycles running red lights and weaving in and out of traffic are all commonplace, along with a number of other similar behaviors. Also, pedestrians on and near the UW campus should always be on the look out for students driving mopeds and scooters on sidewalks; even though this is illegal in the City of Madison it is quite common.

Madison's lakes are rewarding, but there are some safety considerations visitors should be aware of.

The zebra mussel is an invasive species in the lake system, and they pose a significant hazard due to the sharp shells they leave behind. Except for specially designated areas that are actively maintained to remove detritus, you will need to have footwear resistant"
Q1020,Malawi,"Malawi has central hospitals, regional and private facilities. The public sector offers free health services and medicines, while non-government organizations offers services and medicines for fees. Private doctors offer fee-based services and medicines. Health insurance schemes have been established since 2000. The country has a pharmaceutical manufacturing industry consisting of four privately owned pharmaceutical companies.Malawi Investment Promotion Agency, 2008, p. 20 – Investment Guide Some of the major health facilities in the country are Blantyre Adventist Hospital, Mwaiwathu Private Hospital, and Kamuzu Central Hospitals.

Infant mortality rates are high, and life expectancy at birth is 50.03&nbsp;years. Abortion is illegal in Malawi, except to save the mother's life. The Penal Code punishes women who seek illegal or clinical abortion with 7 years in prison, and 14 years for those perform the abortion. There is a high adult prevalence rate of HIV/AIDS, with an estimated 1,006,633 people (94% of whom are adults aged over 15) living with the disease in 2022. There were approximately 11,931 deaths from HIV/AIDS,'Malawi HIV Fact Sheet'(2023)

National AIDS Commission (Malawi)

Retrieved 6 July 2025 and 440,000 children orphaned because of the disease (2022). Approximately 250 new people are infected each day, and at least 70% of Malawi's hospital beds are occupied by HIV/AIDS patients. The high rate of infection has resulted in an estimated 5.8% of the farm labour force dying of the disease. The government spends over $120,000 each year on funerals for civil servants who die of the disease.

There is a very high degree of risk for infectious diseases, including bacterial and protozoal diarrhoea, hepatitis A, typhoid fever, malaria, plague, schistosomiasis, and rabies. Over the years, Malawi has decreased child mortality and the incidences of HIV/AIDS, malaria and other diseases; however, the country has been ""performing dismally"" on reducing maternal mortality and promoting gender equality. Female genital mutilation (FGM), while not widespread, is practiced in some local communities.

In the 2024 Global Hunger Index (GHI), Malawi's score is 21.9, which indicates a serious level of hunger. Malawi is ranked 93rd out of 127 countries."
Q833,Malaysia,"Malaysia operates an efficient and widespread two-tier healthcare system, consisting of a universal healthcare system and a co-existing private healthcare system; provided by highly subsidized healthcare through its extensive network of public hospitals and clinics. The Ministry of Health is the main provider of healthcare services to the country's population. Malaysia's healthcare system is considered to be among the most developed in Asia, which contributes to its thriving medical tourism industry.

Malaysia spent 3.83% of its GDP on healthcare in 2019. In 2020, the overall life expectancy in Malaysia at birth was 76 years (74 years for males and 78 years for females), and it had an infant mortality rate of 7 deaths per 1000 births. Malaysia had a total fertility rate of 2.0 in 2020, which is just below the replacement level of 2.1. In 2020, the country's crude birth rate was 16 per 1000 people, and the crude death rate was 5 per 1000 people.

In 2021, the principal cause of death among Malaysian adults was coronary artery disease, representing 17% of the medically certified deaths in 2020 – being followed by pneumonia; which accounted for 11% of the deaths. Transport accidents are considered a major health hazard, as Malaysia, relative to its population, has one of the highest traffic fatality rates in the world. Smoking is also considered a major health issue across the country."
Q912,Mali,"Mali faces numerous health challenges related to poverty, malnutrition, and inadequate hygiene and sanitation.Mali country profile, p. 7. Mali's health and development indicators rank among the worst in the world. Life expectancy at birth is estimated to be 63.2 years in 2024. In 2000, 62–65% of the population was estimated to have access to safe drinking water and only 69% to sanitation services of some kind. In 2001, the general government expenditures on health totaled about US$4 per capita at an average exchange rate.Mali country profile, p. 8.

Efforts have been made to improve nutrition, and reduce associated health problems, by encouraging women to make nutritious versions of local recipes. For example, the International Crops Research Institute for the Semi-Arid Tropics (ICRISAT) and the Aga Khan Foundation, trained women's groups to make equinut, a healthy and nutritional version of the traditional recipe di-dèguè (comprising peanut paste, honey and millet or rice flour). The aim was to boost nutrition and livelihoods by producing a product that women could make and sell, and which would be accepted by the local community because of its local heritage.Nourishing communities through holistic farming , Impatient optimists, Gates Foundation. 30 April 2013.

thumb|Village in the [[Sahel region]]

Medical facilities in Mali are very limited, and medicines are in short supply. Malaria and other arthropod-borne diseases are prevalent in Mali, as are a number of infectious diseases such as cholera and tuberculosis. Mali's population also suffers from a high rate of child malnutrition and a low rate of immunization. An estimated 1.9% of the adult and children population was afflicted with HIV/AIDS that year, among the lowest rates in Sub-Saharan Africa. An estimated 85%–91% of Mali's girls and women have had female genital mutilation (2006 and 2001 data).WHO | Female genital mutilation and other harmful practices. Who.int (6 May 2011). Retrieved 4 May 2012.Female genital cutting in the Demographic Health Surveys: a critical and comparative analysis. Calverton, MD: ORC Marco; 2004 (DHS Comparative Reports No. 7) . (PDF). Retrieved 18 January 2013.

In 2024, approximately 7.1 million people in Mali, including over 3.8 million children, require urgent humanitarian assistance due to escalating conflict and climate crises. UNICEF is amplifying its efforts to provide essential services like health, education, and protection, while appealing for $133.5 million to address these needs. The situation is dire, with over 522,000 children lacking access to education and millions at risk of malnutrition amid underfunded humanitarian responses. Urgent action is needed to mitigate the impacts of violence, insecurity and climate change on vulnerable populations in Mali."
Q2211,Malmö,"While Malmö has a media picture of having issues with gang crime, the overall crime rate is moderate by European standards. Visitors who do not actively seek trouble are unlikely to be confronted by gangs. The city center, which can be described as anything within a 15-20 minute walk from the central train station, is very safe, so long as you do not do anything stupid. Areas on the outskirts have varying levels of insecurity, but they are rarely of interest to tourists.

As in other Swedish cities, drunk brawls, bicycle thefts and pickpocketing are among the most common risk factors for visitors. Anti-Semitic hate crimes have also been reported in Malmö, mostly tied to the many pro-Palestinian demonstrations seen by some as implicitly anti-Semitic.

In the traffic, keep an eye out for bicycles, as cyclists automatically expect others to yield."
Q233,Malta,"The main health risk in Malta is the fierce sun in the Spring and Summer, which can scorch unsuspecting tourists. Apply sunblock liberally to avoid getting sunburned!

Water from the tap is safe to drink but has a slightly salty taste to it because much of it is obtained through desalination.

There are many free and (usually) clean public toilets all over the country. Toilet paper is not always available though.

For ambulance, fire or police dial 112. The main hospitals are Mater Dei Telephone: +356 2545 0000 and Gozo General Hospital in Gozo, +356 2156 1600."
Q40236,Manaus,"Manaus is fairly safe for a Brazilian city of its size. As always, deserted streets are a bad idea after dark. Avoid the east zone, it has a really bad reputation."
Q18125,Manchester,"If you're uncomfortable around thousands of intoxicated young people, then you should probably avoid Friday and Saturday night taxi queues in the city centre. You should also avoid any conflict with door staff at bars, clubs and pubs.

All pubs, bars and clubs are best avoided on days where the Manchester derby football match is taking place. Relations between the two sets of supporters have never been amicable, to say the least, but things seem to have deteriorated. What starts out as ""banter"" quite commonly gets out of hand. Wearing Liverpool or Leeds Utd shirts while you are in Manchester may also draw some unwanted attention to yourself. If you do attend a football match at Old Trafford, or watch a game with fans in a pub, be careful not to raise the issue of the 1958 Munich Air Disaster, especially if you are openly identifying as a supporter of a rival team. While the disaster was more than 60 years ago, ""Munich chants"" and related slurs still cause deep anger and hostility, and could provoke a violent response. Similarly, talking about ""oil money"" around Man City fans - or accusing them of ""buying success"" - will cause hostility. As a general rule, on match days, if you want to openly show support for Man Utd, do so in the areas around Old Trafford in Salford and the Quays, and if you want to do the same as a Man City supporter go to the Etihad. If you want to openly support a rival club from another city (especially Liverpool or Leeds), go to those cities!

Persistent begging is an irritation in Piccadilly. There is also a problem with people walking up to you with a story like ""I've lost my wallet and need 50p for the bus home"". These people often say the same story for years. This is usually a ruse to get money from you or, in some cases, in the hope that you will get a wallet/purse out of your pocket so it can be stolen.

Piccadilly Gardens has become a place where drug addicts and dealers gather, with the open sale of drugs leading to a nasty atmosphere and gang activity. While the area is always very busy - being in between the main Piccadilly train station and Arndale shopping centre - and you are unlikely to be a victim of crime yourself here, quite violent crime can happen at any time. Most of this is between drug gangs or the ever growing groups of homeless people (drawn to the area by the easy access to drugs) but scary things do happen here. In January 2020 several people were hospitalised after a series of armed robberies and muggings during the same evening, while in February 2020 two people were stabbed outside the Travelodge hotel at lunchtime in what the police said was a ‘targeted attack’.

It is often impossible or impractical to avoid this area: it is a major transport interchange for the city, and several attractive areas (like Chinatown and the Northern Quarter) border here. The police tend to have high visibility in this area but they cannot be everywhere at all times. The best advice is to be very cau"
Q11299,Manhattan,"Manhattan and New York generally have experienced a major falloff in crime since the 1990s, and there is no need to be afraid to walk most of the streets by day and until around 11 PM or midnight. That said, precautions should be taken.

Keep your wits about yourself. Try your best to know or at least look like you know where you're going, particularly in areas which are deserted or otherwise feel potentially dangerous to you. Be aware of what's happening around you on the street, where the open shops are, where you may have spotted any police officers around, etc. Do not hesitate to calmly increase your pace, alter your route, or cross to the other side of the street if you sense it might be the safest course of action.

Beware of pickpockets. During the holiday season, pickpockets like to target shoppers near tourist attractions such as Times Square, Grand Central Station, 42nd Street, and Macy's, and anywhere where there is a crush of crowds. In order to foil pickpockets, never put your wallet or anything of value in your back pockets, but only in your front pockets. If you use a purse, make sure it is tightly closed and hold on to it. And when you sit down, such as in a restaurant, be careful to keep your valuables in places where an opportunistic thief would be hard pressed to snatch them and run.

Traffic hazards. Manhattan is in certain ways a pedestrian's paradise, but beware that traffic regulations are not always obeyed to the letter. Watch for aggressively turning cars and bicyclists, motorcyclists and people on scooters riding the wrong way on one-way streets or on sidewalks. Also, you'll note that jaywalking is commonplace among New Yorkers, but it can be hazardous to those not experienced in judging the speed of oncoming cars. So do not blindly follow a local, for there's a chance you'll be staring at the headlights of a car if you are not careful.

Bias crimes. New York saw a sharp increase in bias crimes during the pandemic, with the largest increase in crimes against people who are or look Asian, including some terrible incidents in Manhattan. Crime again dropped drastically after the end of the pandemic, but be alert, particularly if you're Asian and walking alone."
Q1461,Manila,*Manila Social Hygiene Clinic. 208 Quiricada Street Santa Cruz (in front of San Lazaro Hospital). Free STD and HIV testing and treatment. Monday - Thursday 8am - 3pm.
Q2119,Mannheim,"Most parts of Mannheim are safe, but there are a couple of districts that have higher crime rates (compared to other German cities; compared to non-European cities the whole of Mannheim is super safe). Examples are Vogelstang, Neckarstadt-West, Jungbusch (night) and some others. Street crime and violence, however, are very rare, so you will be perfectly ok if you simply use your common sense. In particular, it is not dangerous at all to visit the pubs and clubs of the Jungbusch or the Neckarstadt."
Q23482,Marseille,"Since the early 2020s, the city has struggled with a notable rise in narcotrafficking and other issues related to organized criminal networks, with 2023 being described as the city's ""deadliest year."" In November 2025, France's Justice Minister, Gérald Darmanin, described the threat posed by these groups as ""at least equivalent to terrorism."" According to The Global Initiative Against Transnational Organized Crime, Marseille ""has become a hotspot of violence,"" witnessing ""more than 300 drug-related killings in the last decade, with a 50 per cent increase between 2022 and 2023 alone."""
Q709,Marshall Islands,"The Castle Bravo test of the first deployable thermonuclear bomb had unforeseen additional nuclear reactions involving lithium-7 that resulted in the explosion being over twice as large as predicted resulting in much larger nuclear fallout than expected. The nuclear fallout spread eastward onto the inhabited Rongelap and Rongerik Atolls. These islands were not evacuated before the explosion. Many of the Marshall Islands natives have since suffered from radiation burns and radioactive dusting, suffering similar fates as the Japanese fishermen aboard the Daigo Fukuryū Maru, but have received little, if any, compensation from the federal government.

In 2010, it was noted the Marshallese were having a problem finding land to bury their dead due to limited land. One solution they developed was to make a double grave by burying another on the same plot."
Q1025,Mauritania,"For the majority of Westerners, the local water in any part of the country (including Nouakchott) is not safe to drink. Visitors should drink only bottled water if they don't have access to some type of water purifying or filtration system. The Sahara is a very dry climate. You may become dehydrated quite easily, and not be aware of it. The best rule of thumb is to be sure that you have urinated three times each day, at reasonable intervals. In the hottest part of the year, this might mean drinking several litres of water each day.

Malaria is endemic in the southern part of the country, and visitors should always use a mosquito net there. Mosquitoes are less common in the dry desert in the north of the country, but exist year-round in the south, if a bit less prevalent during the dry season (December-May)."
Q48278,Medellín,"* The water in Medellín is potable, although bottled water is always available everywhere for the extra-cautious.
* In Medellin, you are at no risk of many tropical diseases like malaria, cholera, yellow fever, leishmaniasis or Chagas disease because of its altitude and a very good vaccination program that eradicated all vectors for those diseases.
* If only staying in Medellin and/or Bogota no extra vaccinations are required. Though, if traveling to the far south a yellow fever vaccination is required and one might be asked to provide proof of it; you can get it for free Monday to Saturday, from AMm on, at Carrera 45 # 50-48 (El Palo con la Playa), Edificio El Doral, Consultorio 203 (first floor). It takes 10 days to become effective.
* Altitude is generally not a problem for foreigners since Medellín is approximately 1,500 m (4,921&nbsp;ft) above sea-level (about the same as Denver, USA). However, some who reside at or around sea-level may experience some minor effects their first night. If this is the case, it is advisable to drink plenty of water and avoid alcohol on the way there and on the first night."
Q3141,Melbourne,"thumb|[[Royal Children's Hospital]]
Among Australian capital cities, Melbourne ties with Canberra in first place for the highest male life expectancy (80.0 years) and ranks second behind Perth in female life expectancy (84.1 years). The Victorian Government's Department of Health oversees about 30 public hospitals in the Melbourne metropolitan region and 13 health services organisations.

Major medical, neuroscience and biotechnology research institutions located in Melbourne include the St. Vincent's Institute of Medical Research, Australian Stem Cell Centre, the Burnet Institute, the Peter Doherty Institute for Infection and Immunity, Australian Regenerative Medicine Institute, Victorian Institute of Chemical Sciences, Brain Research Institute, Peter MacCallum Cancer Centre, the Walter and Eliza Hall Institute of Medical Research, and the Melbourne Neuropsychiatry Centre.

The headquarters of Australian pharmaceutical company CSL Limited is located in the Melbourne Biomedical Precinct in Parkville, which contains over 40 biomedical and research institutions. It was announced in 2021 that a new Australian Institute for Infectious Disease would also be built in Parkville. Other institutions include the Howard Florey Institute, the Murdoch Children's Research Institute, Baker Heart and Diabetes Institute, and the Australian Synchrotron. Many of these institutions are associated with and located near to universities. Melbourne is also home to the Royal Children's Hospital and the Monash Children's Hospital."
Q16563,Memphis,"Memphis has some of the best hospitals in the region. Methodist, Baptist, and Saint Francis are the main hospitals in the city. The Regional Medical Center at Memphis (The Med), a city owned hospital, has one of the best trauma and burn centers in the Mid-South. There are many clinics in the area as well, many of which are operated by the hospital systems. Some of the hospitals in the city, though, can have long lines in emergency rooms. If you are not seriously injured, it would be best to go to one of the minor medical clinics or to drive to one of the hospitals in the suburbs of Memphis such as Methodist Germantown, Baptist East, or Saint Francis Bartlett. The Saint Jude Children's Research Hospital is world-renowned for its treatment of children's cancers."
Q22690,Metz,"Metz is quite a safe town. Even so, it might be a good idea to avoid suburbs like Borny or St Eloy, and the old town's small alleys by night.

In the centre, some people are likely to ask you to give them some money or a cigarette. Feel free to say no.

Don't walk from Lafayette to Resam (Résidence Arts & Métiers de Metz-Technopôle) late at night."
Q96,Mexico,"thumb|The [[Secretariat of Health (Mexico)|Secretariat of Health, Mexico City, Mexico]]
In the 1930s, Mexico made a commitment to rural health care, mandating that mostly urban medical students receive training in it and to make them agents of the state to assess marginal areas.Soto Laveaga, Gabriela. ""Bringing the Revolution to| Medical School: Social Service and a Rural Health Emphasis."" Mexican Studies/Estudios Mexicanos vol. 29 (2) summer 2013, 397–427. Since the early 1990s, Mexico entered a transitional stage in the health of its population and some indicators such as mortality patterns are identical to those found in highly developed countries like Germany or Japan. Mexico's medical infrastructure is highly rated for the most part and is usually excellent in major cities. Rural communities still lack equipment for advanced medical procedures, forcing patients in those locations to travel to the closest urban areas to get specialized medical care. Social determinants of health can be used to evaluate the state of health in Mexico.

State-funded institutions such as Mexican Social Security Institute (IMSS) and the Institute for Social Security and Services for State Workers (ISSSTE) play a major role in health and social security. Private health services are also very important and account for 13% of all medical units in the country. Medical training is done mostly at public universities, with many specializations done in vocational or internship settings. Some public universities in Mexico, such as the University of Guadalajara, have signed agreements with the U.S. to receive and train American students in medicine. Health care costs in private institutions and prescription drugs in Mexico are on average lower than that of its North American economic partners."
Q1489,Mexico City,"thumb|left|The [[XXI Century National Medical Center, managed by the Mexican Social Security Institute (IMSS)]]
Mexico City is home to some of the best private hospitals in the country, including Hospital Ángeles, Hospital ABC and Médica Sur. The national public healthcare institution for private-sector employees, IMSS, has its largest facilities in Mexico City—including the National Medical Center and the La Raza Medical Center—and has an annual budget of over 6&nbsp;billion pesos. The IMSS and other public health institutions, including the ISSSTE (Public Sector Employees' Social Security Institute) and the National Health Ministry (SSA) maintain large specialty facilities in the city. These include the National Institutes of Cardiology, Nutrition, Psychiatry, Oncology, Pediatrics, Rehabilitation, among others."
Q8652,Miami,"Miami's crime rate is a routine topic of news media, but the city is only relatively dangerous for the passing tourist in certain areas. Almost all crime is related to the illegal drug trade, owing to Miami's proximity to the Gulf of Mexico and the Caribbean Sea, which makes it a major transit point for narcotics from South America. Overtown (next to Liberty City) has the highest violent crime rate in the city and is best avoided altogether. Little Haiti is also best avoided at night. If you are in any crime-afflicted neighborhood, take the same precautions as you would in other dangerous neighborhoods in the US: mind your own business, be aware of your surroundings at night and in high-traffic areas, get to your destination quickly, and avoid wearing flashy jewelry and electronics.

The emergency telephone number for fire, police and rescue emergencies is 911. If you require non-emergency assistance, do not call 911. To contact police in a non-emergency situation, call +1 305 4POLICE."
Q37836,Milwaukee,"Milwaukee, like all major American cities, has a relatively high crime rate. Since most crime is concentrated in specific poorer areas, the majority of the city is perfectly safe. Though virtually all tourist destinations in and around Milwaukee are safe and accessible during the day and night, common sense should always apply. Like anywhere else, it helps to be aware of your surroundings. As in most American cities, dangerous neighborhoods tend to be very run down.

The areas of Milwaukee along the lakeshore (also where most attractions are) tend to be the safest.

The west and south sides of Milwaukee also offer interesting tourist opportunities that include Milwaukee's famous Basilica and Frank Lloyd Wright's Greek Orthodox church. Crime can happen anywhere; don't let geographic stereotypes dictate your travels.

The area bounded by I-43 on the east, Capitol Dr on the north, North Ave on the south and Sherman Blvd on the west contains some of the poorest areas of the city and is especially dangerous. The Near South Side also has serious gang-related crime problems but is fine during the day, especially along the main commercial streets."
Q36091,Minneapolis,"Dial 911 for emergencies and 311 for non-emergencies.

As with any major American city, keep your eyes open and your wits about you, particularly at night. Crime is relatively low in most parts of Minneapolis that you're likely to visit, but is not unknown. Violent crimes have occurred in all parts of the city.

As in all other cities, these crimes receive a disproportionate amount of attention from local media. These tragic events are typically not random so they will probably not impact your visit. You are more likely to be a victim of crimes of opportunity.

When traveling, do not leave any items that can be quickly converted to cash in plain view in cars or unattended at restaurants and other public areas. These crimes can and do occur in all areas.

When you take in the great park system or travel to the unique urban shopping destinations ensure that all valuables remain with you or are secured out-of-view in your vehicle.

Also if you are going to secure your valuables in a vehicle, make sure you store them prior to arriving at your destination."
Q2280,Minsk,"Minsk has the highest crime rate in Belarus&nbsp;– 193.5 crimes per 10,000 citizens. 20–25% of all serious crimes in Belarus, 55% of bribes and 67% of mobile phone thefts are committed in Minsk. However, attorney general Grigory Vasilevich stated that the homicide rate in Minsk in 2008 was ""relatively fine"".

The crime rate grew significantly in 2009 and 2010: for example, the number of corruption crimes grew by 36% in 2009 alone. Crime detection level varies from 13% in burglary to 92% in homicide with an average 40.1%. Many citizens are concerned for their safety at night and the strongest concern was expressed by residents of Chizhovka and Shabany microdistricts (both in Zavodski District).Рейтинг всех служб и подразделений ГУВД Мингорисполкома вырос, National Law Portal of Belarus (10 February 2006). 

The SIZO-1 detention center, IK-1 general prison, and the KGB special jail called ""Amerikanka"" are all located in Minsk. Alexander Lukashenko's rivals in the 2010 presidential election were imprisoned in the KGB jailLukashenka's presidential rivals held in KGB jail , Belarus News (21 December 2010) along with other prominent politicians and civil activists. Ales Michalevic, who was kept in this jail, accused the KGB of using torture.Mikhalevich to complain to UN Committee Against Torture about his detention conditions in KGB jail , Belarus News (28 February 2011)Belarus 'tortured protesters in jail' , BBC News (1 March 2011)

On 15 November 2020, more than 1,000 protesters were arrested during an anti-government protest. Protesters took to the streets in the capital, Minsk, following the death of an opposition activist, Raman Bandarenka. The activist died after allegedly being beaten up by the security forces. The protesters put flowers at the site where he was detained before succumbing to his injuries.
thumb|[[2020–2021 Belarusian protests|2020–21 Belarusian protests — Minsk, 30 August 2020]]"
Q217,Moldova,"Very few healthcare facilities are on par with Western standards, and accessibility may be hindered if you're not proficient in Romanian and/or Russian. 

In the event of a serious medical emergency, it is strongly recommended that you make every effort to seek medical care elsewhere. Neighbouring Romania may have better healthcare facilities than neighbouring Ukraine. 

The US Embassy in Moldova maintains a list of facilities that provide services in English. Refer to for more information. 

The heavy use of agricultural chemicals, including banned pesticides such as DDT, has contaminated soil and groundwater. If you are concerned, water for drinking, cooking and oral hygiene should be taken from a known safe source, as ordinary water treatment, including boiling, does not remove such chemical contamination."
Q711,Mongolia,"thumb|Air pollution in Ulaanbaatar
* Nomads' dogs may have rabies. As a precaution, consider having a rabies shot before coming.
* Marmots should not be eaten at certain times of the year because they can carry bubonic plague. That said, the disease is carried by the marmot's fleas so the afflicted tend to be fur traders, and marmot is not a mainstream dish even in Mongolia.
* Hepatitis and tuberculosis are common throughout Mongolia.
* Tap water is unsafe to drink.

Ulaanbaatar has polluted air, largely due to pervasive coal-burning for domestic heating. 

If you suffer from a respiratory disease and plan to visit Mongolia in winter, consult a medical professional for advice."
Q6022566,Monte Águila,"Monte Águila is a safe city, although it is recommended to take traditional precautions: do not expose valuables, do not leave the city center, and be aware of your belongings. If you are a victim of a crime, you can call the Chilean national police for free, at 133 (number of the Chilean police: Carabineros de Chile) or contact an officer of the institution. The complaint can also be made at the checkpoint located on Florencio Arrivillaga streets with Zañartu.

* CESFAM (Family Health Center): Public health assistance center."
Q1335,Montevideo,"thumbnail|Fruit stand at the pedestrian street Perez Castellano
The city has several public and private hospitals, with a cluster of them in the area around Tres Cruces bus terminal. Among the publics, there are:
* 
* 
* 
* 

Among the private institutions, there are: British Hospital, Italian Hospital, Médica Uruguaya, Asociación Española, and some other minor ones. Also, there are many policlínicas (medical consultories) for minor cases around the city. The Hospital Policial and Hospital Militar are for the police and the armed forces respectively — these are not open to the public.

The emergency number is 104."
Q29364,Montgomery,"For emergencies dial 911 for medical and police assistance. Avoid the West and Southwestern parts of the city, as these tend to be where most of the crime is concentrated. Carjacking is not uncommon, so keep your doors locked when not around your vehicle. The Eastern portion of the city, specifically from the Eastern Blvd onward, offers many safe and family friendly shopping attractions and venues."
Q6441,Montpellier,"As in any other large city, tourists and locals alike are the targets of scammers in Montpellier. As a general rule, beware of people putting their hand out for money. But specifically, Montpellier has a bit of a problem with foreigners who have come to the city to beg. There are several common places you see them:

* Collecting for charities: People often walk around with a piece of paper claiming to be raising money for the deaf or disabled. They may pretend to be deaf while asking for a donation and for you to sign their document. If you refuse, they will put the pressure on with moans and sad faces but they're generally harmless. They have been seen pretending to be deaf, then after being refused will walk away talking to their fellow collector.
* Trying to help you with tram ticket machines around the main train station. Afterwards they will want money for their ""service"". It's also common to be asked for your change without the help with the machine.
Central Montpellier is generally safe; outer areas tend to have high crime rates by French standards."
Q340,Montreal,"For emergencies call 9-1-1.

Although Montreal is Canada's second largest city, it shares Canada's low violent crime rates making it relatively safe. However, property crimes, including car theft, are remarkably high: make sure to lock your doors and keep your valuables with you. Take extra care if you want to visit Montréal-Nord or Saint-Michel. These neighbourhoods are the worst of the city and shootings are not unheard of in these areas. There is, however, little for tourists to do and they are unlikely to enter by accident.

The men and women of the SPVM (Service de Police de la Ville de Montréal) are hard-working, professional and approachable if you need assistance or have any safety concerns. Do know, though, that they deal with many annoyances and big-city problems and take a no-nonsense approach that many from other countries (or even other cities in Canada) may not be used to. Young men in groups (especially visible minorities) can and frequently are stopped by patrol officers late at night in seedier areas, including parts of downtown. They may check ID and ask cursory questions but usually nothing more. 

Part of Montreal's Sainte-Catherine downtown corridor is arguably where crime is common in the city, especially east of Place des Arts. There are homeless people panhandling during the summer and fall. Although most of them are polite, there are some that are more aggressive. Avoid individuals wandering on the streets that appear intoxicated. The street is at its most dangerous around 03:00 when closing clubs and bars empty their drunken crowds into the street. You may also come across occasional pockets of street prostitution, especially around strip clubs.

In Montreal, pickpockets are not very common, but keep an eye on things when watching street performances in the Old City or in other crowds.

If you are concerned about safety on the metro, use the first metro car where the driver is. Emergency intercoms are on every metro car. Emergency phone booths are on every platform throughout the metro system, which is generally safe. While written instructions are in both English and French, most announcements (usually about delays) are in French only so if you think you heard something in the announcement that may affect you, just try asking a fellow passenger for a translation.

The STM offers a ""between stops"" (entre deux arrêts) service that allows women travelling alone at night to get off the bus between two regularly designated stops if the bus driver feels they can stop the bus safely.

Pedestrians and bike-riders should be especially careful. Crosswalks are rarely respected. Motorists have a general contempt for pedestrians, especially when they are trying to make a right turn at an intersection.

Wasps are a considerable menace during the height of summer. Consider carrying vinegar with you in case of stings to help neutralize the sting. Otherwise, see below if you are allergic for the nearest hospital.

Montreal"
Q1028,Morocco,"thumb|left|The [[Mohammed VI University Hospital Centre in Tangier]]
Many efforts are made by countries around the world to address health issues and eradicate disease, Morocco included. Morocco is a developing country that has made many strides to improve these categories. According to research published, in 2005, only 16% of citizens in Morocco had health insurance or coverage. According to Afrobarometer, as of 2025, 85% of Moroccans have health insurance and medical coverage. World Bank data indicates that Morocco experiences infant mortality rates at 15 deaths per 1,000 births (2024)'Mortality rate, infant (per 1,000 live births) - Morocco, World Bank, 2024, https://data.worldbank.org/indicator/SP.DYN.IMRT.IN?locations=MA. and maternal mortality rates at 70 deaths per 100,000 births (2023).70 women die per 100,000 live births due to pregnancy-related causes in Morocco, World Bank Gender Data, 2023, https://genderdata.worldbank.org/en/economies/morocco. 

The government of Morocco sets up surveillance systems within the already existing healthcare system to monitor and collect data. Mass education in hygiene is implemented in primary education schools which are free for residents of Morocco. In 2005, the government of Morocco approved two reforms to expand health insurance coverage. The first reform was a mandatory health insurance plan for public and private sector employees to expand coverage from 16 percent of the population to 30 percent. The second reform created a fund to cover services for the poor. Both reforms improved access to high-quality care. Since 1960, infant mortality has improved significantly (from 144 deaths per 1,000 live births to 15 deaths per 1,000 live births in 2022). The country's under-five mortality rate dropped by 60% between 1990 and 2011.

According to data from the World Bank, the present mortality rate is still very high, over seven times higher than in neighbouring country Spain. In 2014, Morocco adopted a national plan to increase progress on maternal and child health. The Moroccan Plan was started by the Moroccan Minister of Health, El Houssaine Louardi and Ala Alwan, WHO Regional Director for the Eastern Mediterranean Region, on 13 November 2013 in Rabat. Morocco has made significant progress in reducing deaths among both children and mothers. Based on World Bank data, the nation's maternal mortality ratio fell by 67% between 1990 and 2010.

In 2014, spending on healthcare accounted for 5.9% of the country's GDP. Since 2014, spending on healthcare as part of the GDP has decreased. However, health expenditure per capita (PPP) has steadily increased since 2000. In 2015, the Moroccan health expenditure was $435.29 per capita. In 2016, the life expectancy at birth was 74.3, or 73.3 for men and 75.4 for women, and there were 6.3 physicians and 8.9 nurses and midwives per 10,000 inhabitants. In 2024, according to the World Factbook, life expectancy for Morocco is 74.2 years."
Q649,Moscow,"Moscow enjoys a relatively low crime rate.
thumb|Patrol Police vehicle
Drunk people are the most likely sources of problems. In the past years, lots of policemen were corrupt, and it was best to avoid them. Nowadays Moscow has a Tourist Police force, whose officers are able to speak foreign languages and help tourists. Police officers are equipped with body-cameras.

It is preferable to avoid some parts of the outer districts of Moscow, especially in the south. Some of those areas are notorious for gopniks (drunkards notorious for muggings and starting fights with strangers, and will do so seemingly unprovoked), who normally hang out in sparse residential areas and in industrial zones. The same problems can be witnessed in the surrounding regions and in other Russian cities as well.

While traveling in Moscow, as in the rest of Russia, you should always have your passport with you. If you look non-white, your papers may get checked more often than otherwise. The police may demand to see your papers to check if you have been registered within 7 business days of your arrival into Moscow. Always remember that if you stay in a hotel then you are automatically registered and will be handed a confirmation paper at a time of check-in, so don't worry in this case. The police are usually looking for migrants from Central Asia and unless you fit this profile, you are unlikely to be questioned.

Women should take caution walking alone late at night since they may receive unwanted attention from drunk men. Women should also stay clear of large companies of men in front of bars, restaurants, etc. It is best to walk with a friend if possible.

Streets can become very slippery in winter. Wear shoes or, even better, boots with decent grip to prevent twisted ankles. Ice patches can be hard to spot. A waterproof raincoat is also sensible.

Traffic is poorly handled, and vehicle accident rates are very high.

If you need help with translation, ask students or pupils: younger people are more likely to be able to help you than the older generations."
Q1029,Mozambique,"thumb|upright=1.3|The increase in the number of HIV positive Mozambicans on [[Antiretroviral drug|Antiretroviral treatment, 2003–14]]

The fertility rate is at about 5.5 births per woman. Public expenditure on health was at 2.7% of the GDP in 2004, whereas private expenditure on health was at 1.3% in the same year. Health expenditure per capita was 42 US$ (PPP) in 2004. In the early 21st century there were 3 physicians per 100,000 people in the country. Infant mortality was at 100 per 1,000 births in 2005. The 2010 maternal mortality rate per 100,000 births for Mozambique is 550. This is compared with 598.8 in 2008 and 385 in 1990. The under 5 mortality rate, per 1,000 births is 147 and the neonatal mortality as a percentage of under 5s mortality is 29. In Mozambique the number of midwives per 1,000 live births is 3 and the lifetime risk of death for pregnant women 1 in 37.

The official HIV prevalence in 2011 was 11.5% of the population aged between 15 and 49 years. In the southern parts of Mozambique—Maputo and Gaza provinces, as well as the city of Maputo—the official figures are more than twice as high as the national average. In 2011, the health authorities estimated about 1.7&nbsp;million Mozambicans were HIV-positive, of whom 600,000 were in need of anti-retroviral treatment. As of December 2011, 240,000 were receiving such treatment, increasing to 416,000 in March 2014, according to the health authorities.

Mozambique has been experiencing high levels of acute food insecurity for years."
Q836,Myanmar,"The general state of health care in Myanmar is poor. The government spends anywhere from 0.5% to 3% of the country's GDP on health care, consistently ranking among the lowest in the world. Although health care is nominally free, in reality, patients have to pay for medicine and treatment, even in public clinics and hospitals. Public hospitals lack many of the basic facilities and equipment. The 2010 maternal mortality rate per 100,000 births for Myanmar is 240. This is compared with 219.3 in 2008 and 662 in 1990. The under-5 mortality rate, per 1,000 births, is 73, and the neonatal mortality as a percentage of under-5s mortality is 47. According to Doctors without Borders, 25,000 Burmese AIDS patients died in 2007, deaths that could largely have been prevented by antiretroviral therapy drugs and proper treatment.A preventable fate: The failure of ART scale-up in Myanmar. Médecins Sans Frontières. November 2008

HIV/AIDS, recognised as a disease of concern by the Myanmar Ministry of Health, is most prevalent among sex workers and intravenous drug users. In 2005, the estimated adult HIV prevalence rate in Myanmar was 1.3% (200,000–570,000 people), according to UNAIDS, and early indicators of any progress against the HIV epidemic are inconsistent. However, the National AIDS Programme Myanmar found that 32% of sex workers and 43% of intravenous drug users in Myanmar have HIV."
Q1030,Namibia,"The HIV infection rate in Namibia is around 17%, which is lower than before but is still the leading cause of death in the country.

Namibia's medical system is modern and capable of attending to whatever needs you may have. Staff are well trained and so HIV transmission in hospitals is not an issue. This applies to government and private hospitals alike, though line-ups are often shorter at private hospitals, and there have been cases of incorrect diagnosis in government hospitals. Should you become a victim of violence, private doctors and hospitals will send you away. The reason is that staff treating you will be summoned as witnesses to subsequent court cases without compensation, and lose valuable working time. In state hospitals, where productivity is not an issue, you will be treated at almost no charge. Thereafter do consult a private practice to confirm diagnosis and treatment. All private medical facilities expect cash or credit card in advance, no matter if or where you are insured. A visit to the doctor will be about 500 N$, for a night in hospital you'll have to deposit at least 10,000 N$.

The northern part of Namibia is in a malaria-risk zone, so consult a doctor before leaving, and take appropriate malaria precautions when travelling in these areas.

Ensure you are well stocked with water when journeying through the hot and sparsely populated country. On main roads take along at least 2 liters of potable water per person. In lesser travelled areas, 5 litres per person are the absolute minimum. If your car breaks down it can take days (!) for someone else to pass through. Namibia's water supply is usually safe to drink, except where labelled otherwise. Campsites next to rivers often get their water directly from the river. This water is clean but still disturbs some stomachs. Windhoek has the oldest direct water reclamation plant in the world. ""Direct"" means toilet-to-tap in one go, and many Windhoekers are uncomfortable with that and only drink bottled water. However, the water is completely safe, it just doesn't taste very good.

Having said all this, make sure you consult a physician specializing in health issues of Southern Africa, as well as things like the Centre for Disease Control web page. Make sure you satisfy yourself of the safety of anything you're getting into."
Q16666,Nanjing,"There have been many instances where foreign guys accompanied by Chinese girls in bar areas have been harassed or even stabbed and killed in fights. You are generally safe if you avoid conflict, even if this means swallowing your pride and walking away from someone insulting you or your girlfriend. There is little to gain by escalating a conflict instead of running away, especially in China where police will commonly side with Chinese citizens. Most crime happens late at night with at least one person under the influence of alcohol, and armed robbery is unheard of. However, unsecured possessions may be stolen at night such as unlocked mopeds.

Pickpocketing is a problem in Fuzimiao as well as on crowded buses, the subway and around the main transport hubs. Because Nanjing has a relatively small number of foreigners for a city its size, the common scams seen in Shanghai and Beijing are almost non-existent, however you may still see the occasional dodgy salesman selling counterfeit goods in Fuzimiao.

Be careful if taking the bus to the airport from Zhonghuamen bus station as many touts claim to be the official bus service, however there is a strong risk of being overcharged or driven to a location several kilometres from the actual airport. The official bus departs from Gate 7 and tickets should be paid for at the gate. Bus tickets are ¥20 as of July 2012. Also be careful of fake taxis operating from the bus stations and occasionally the railway station - always use the official taxi stand and ignore any taxi touts.

Although traffic is slightly calmer than most Chinese cities it can still be much more manic than most Western countries - take the usual precautions when crossing the road and also remember that right turns on a red light are sometimes legal in China (however in Nanjing most of the case there should be a dedicated right turn signal for right turn lane) so people driving across the crosswalk while the 'walk' sign is showing aren't actually breaking the law. Also be careful of motorbikes and bicycles driving on the pavement.

Many Nanjingese may have a resentment towards the Japanese because of the events during World War II. If you are Japanese, don't let this put you off visiting as the locals will still be very welcoming, however it's recommended not to appear too conspicuously Japanese (such as wearing a kimono in public) and keep any opinions to yourself. The Nanjing Massacre killed and displaced such a large number of Nanjingnese that most of the people living there now are descended from those that arrived within the last few decades to repopulate the area. Younger Nanjingese are more open and will often be more than happy to discuss the war."
Q12191,Nantes,"thumb | 300px | Jules Verne grew up in Nantes 
Standard precautions about avoiding drunks, low-life and demos, any of which can turn violent. Central areas and the trams are well policed."
Q23197,Nashville,"Avoid walking in North Nashville, especially the Bordeaux and MetroCenter districts, and use caution when driving through the district at night.

Use caution when walking around Downtown Nashville at night, especially along the avenues south of Broadway. Use designated parking and avoid leaving valuables in your vehicle. Panhandlers do exist around these areas as well."
Q2467,Nassau,"thumb|240px|Colonial wreck, Over-the-Hill

The ""Over-the-Hill"" area south of downtown is the poorest part of Nassau, and tourists might want to be wary. It is, however, much nicer than ""slums"" in the Third World and, indeed, parts of the United States.

Some criminals target restaurants and nightclubs frequented by tourists. The most common approach is to offer victims a ride, either as a ""personal favor"" or by claiming to be a taxi, and then robbing and/or assaulting the passenger once in the car. Take care to ride only in licensed taxis, identifiable by their yellow license plates.

Be wary of touts offering goods and services. As in other tourist destinations, some people try to take advantage of visitors. Common ploys in Nassau are to try to convince you to join on jet-skiing or booze cruise excursions.

Locals may solicit tourists with offers of marijuana, hairbraiding services, or a taxi ride. It gets monotonous but a friendly ""no, thank you"" and moving on will keep both you and the local happy.

Most Cuban cigars for sale in Nassau are counterfeit. Buy only from reputable dedicated tobacconists. See warning on main Bahamas page.

There is a high crime rate in Nassau. US Dept of State has labelled New Providence ""Critical"" and Grand Bahama ""High"". Crime previously among drug-related groups has now moved toward armed robberies of tourists. Recent local news reports suggest this is not abating."
Q697,Nauru,"thumb|Nauruan residents walking around [[Nauru International Airport. Nauruans are among the most obese people in the world.]]
Nauru has one of the highest child mortality rates in the Pacific Island Countries and Territories (PICTs) region at 2.9% in 2020, according to a UNICEF study.United Nations Children’s Fund, Situation Analysis of Children in Nauru, UNICEF, Suva, 2017

In 2009, life expectancy, which averages in child mortality, in Nauru was 60.6&nbsp;years for males and 68.0&nbsp;years for females.

By measure of mean body mass index (BMI), Nauruans are the most overweight people in the world; 97% of men and 93% of women are overweight or obese. In 2012, the obesity rate was 71.7%.

Nauru has the world's highest level of type 2 diabetes, with more than 40% of the population affected. Other significant dietary-related problems on Nauru include kidney disease and heart disease.

Nauru has the world's highest tobacco smoking rate (48.3% in 2022)."
Q837,Nepal,"thumb|Samosas for sale on the [[street food|street in Kathmandu]]
*Minimizing gastrointestinal problems - Since most of Nepal still gets along without modern sanitation, these are endemic. They range from self-limiting attacks of diarrhea where dehydration is the main risk, through intestinal parasites, amoebic dysentery and giardiasis which are chronic without proper medical treatment, to immediately life-threatening infections like cholera and typhoid. Habituation even to common intestinal flora generally takes about a year and many unpleasant bouts of stomach problems, so tourists contemplating shorter stays should take extensive precautions. Filter or treat your own water, use bottled water, checking to make sure lid is sealed (limit use of bottled water since there's no place to dispose of the used bottles) or stick with beverages made from water that has been thoroughly boiled and filtered. Tea or coffee from cafes catering to tourists are 'generally' safe. See also Travellers' diarrhea.
**Water is unsafe for drinking without being chemically treated or boiled, which is one reason to stick to tea or bottled water. It may be possible to buy filtered, treated water in cities and many villages. The Annapurna Conservation Area Project (ACAP) has installed a number of safe water stations along the Annapurna Circuit where water may be purchased for a reasonable cost.
** When trekking carry iodine or other chemical means of treating water and be sure to follow directions, i.e. don't drink the water before the specified time interval to ensure that resistant cysts are deactivated. In trailside teashops, although glasses may be washed in questionable water, tea is made by pouring boiling water through tea dust into your glass. The chances of disease-causing organisms surviving that are small but not zero.
**Brush teeth with prepared drinking water and avoid water entering the mouth when showering.
**Salads, especially in the wet season, should be treated as suspect. Some restaurants wash salad greens with lightly iodised water to make it safe.
**Wash hands regularly and especially before eating. Carry hand sanitiser and use it regularly.
**Thoroughly wash fruit and vegetables for raw consumption using boiled and filtered water. Also consider peeling them.
** Look for freshly-cooked food and avoid anything that has been cooked and then left sitting around without refrigeration (which can expose you to a buildup of harmful bacteria), or without protection from flies (which can transfer disease-causing organisms and parasite eggs to the food).
** Also see the Travellers' diarrhea article.
* Get vaccinated and consider prophylactic treatment. You may be exposed to typhoid, cholera, hepatitis malaria and possibly even rabies. Read the article on Tropical diseases and review travel plans with your health care provider.
*Practice safe sex or do without. Nepali women are sought after in India and the Middle East and so there is human traffi"
Q55,Netherlands,"The Netherlands has some of the best tap water in the world. It is even considered to be of similar or better quality than bottled natural mineral or spring water due to high standards that are strictly enforced and are even more strict than the already high food standards. Due to the high quality of both the water production and the distribution network, there is no need to add chlorine.
At the majority of the train stations and even in some natural reserves, there is a water tap point, where the water is also of very good quality. Food (either bought in a supermarket or eaten at a restaurant) shouldn't pose any problems either.

The health care system of the Netherlands is up to par with the rest of Europe. Hospitals are mostly situated in larger cities, and all have English-speaking medical staff. General practitioners can be found in almost all towns, except for small villages, and they can typically speak English too. In case of a potential life-threatening emergency: call 112 and if necessary an ambulance will be sent and bring you to the most suitable emergency department (Dutch: Spoedeisende Hulp/SEH) of a hospital. In case of a non-life-threatening emergency call the local GP (Dutch: Huisarts) during office hours or the night GP (Dutch: Huisartsenpost) after office hours. If necessary the GP will send an ambulance or make a referal to the most suitable emergency department. If you have a non-life-threatening emergency do not go to the emergency department without referral as you will be denied access until a GP has seen you first. 

Two health risks are particularly relevant for travellers:

* When walking or camping in forests and dunes, be aware of ticks and tick-carrying diseases. It is advisable to wear long sleeves and to put trousers into your socks. If you discover a red ring on your body in the following weeks, be sure to visit a doctor to check for Lyme disease, which can be lethal without proper medical care.
* In summer, open air recreational (mainly fresh water) swimming areas might suffer from the notorious blue algae, a rather smelly cyanobacteria which when it dies, releases toxins into the water. When these occur, a signpost at the entrance to the area or near the water should tell you so by stating something like ""Waarschuwing: blauwalg"". If in doubt, ask someone."
Q34404,New Orleans,"New Orleans is considered one of the most dangerous cities in the nation. As in comparable U.S. cities, the incidence of homicide and other violent crimes is usually highly concentrated in certain lower income neighborhoods. PDF Arrested offenders in New Orleans are almost exclusively black males from lower income neighborhoods: in 2011, 97% were black and 95% were male; 91% of victims were black as well. 

The city's murder rate has been historically high and consistently among the highest rates nationwide since the 1970s. From 1994 to 2013, New Orleans was the country's ""Murder Capital"", annually averaging over 200 murders. The first record was broken in 1979 when the city reached 242 homicides. The record was broken again reaching 250 by 1989 to 345 by the end of 1991. By 1993, New Orleans had 395 murders: 80.5 for every 100,000 residents. 

In 1994, the city was officially named the ""Murder Capital of America"", hitting a historic peak of 424 murders. The murder count was one of the highest in the world and surpassed that of such cities as Gary, Indiana, Washington, D.C., and Baltimore. In 1999, the city's murder rate dropped down to a low of 158 and climbed to the high 200s in the early 2000s. Between 2000 and 2004, New Orleans had the highest homicide rate per capita of any city in the U.S., with 59 people killed per year per 100,000 citizens.

In 2006, with nearly half the population gone and widespread disruption and dislocation because of deaths and refugee relocations from Hurricane Katrina, the city hit another record of homicides. It was ranked as the most dangerous city in the country. By 2009, there was a 17% decrease in violent crime, a decrease seen in other cities across the country. But the homicide rate remained among the highest in the United States, at between 55 and 64 per 100,000 residents. In 2010, New Orleans's homicide rate dropped to 49.1 per 100,000, but increased again in 2012, to 53.2,Louisiana Offenses Known to Law Enforcement FBI. Retrieved August 10, 2012 the highest rate among cities of 250,000 population or larger.Uniform Crime Reporting Tool FBI. Retrieved August 10, 2012.

The violent crime rate is a key issue in every modern mayoral race. In January 2007, several thousand New Orleans residents marched to City Hall for a rally demanding police and city leaders tackle the crime problem. Then-Mayor Ray Nagin said he was ""totally and solely focused"" on addressing the problem. Later, the city implemented checkpoints during late night hours in problem areas. The murder rate climbed 14% in 2011 to 57.88 per 100,000 rising to No. 21 in the world. In 2016, according to annual crime statistics released by the New Orleans Police Department (NOPD), 176 were murdered.Bullington, Jonathan (January 4, 2017). ""New Orleans last homicide of 2016 preliminarily ruled justifiable, NOPD says."" The Times-Picayune. Retrieved January 15, 2017. 

In 2017, New Orleans had the highest rate of gun violence, surpassing the more"
Q664,New Zealand,"New Zealand has very high levels of ultraviolet radiation, around 40% more intense than you will find in the Mediterranean during summer, and consequently has high rates of skin cancer. Sun hats, sunglasses and sunscreen are highly recommended.

Smog is a perennial winter problem in many South Island towns and cities, especially Alexandra, Christchurch and Timaru. Like Los Angeles and Vancouver, these areas are affected by temperature inversion, whereby a layer of warm air traps cold air full of pollutants from vehicles and wood fires close to the ground. Be wary in these areas if you have any respiratory problems (including asthma).

New Zealand has high and equitable standards of professional health care, comparable with Sweden or Australia.

Tap water in New Zealand is regarded as some of the cleanest in the world; it is safe to drink in all cities. Most comes from artesian wells or freshwater reservoirs, but some comes from rivers, which can be chlorinated to be made safe, but does not always taste very nice. Tap water in places such as Christchurch is usually not chlorinated at all as it is drawn from the pure artesian aquifers of the Canterbury Plains. Bottled water is commonly available if you prefer. Precautions should be taken against Giardia when tramping: do not drink water from rural streams without boiling it first. Risk may be lower in the highlands of the South Island, especially where streams are strong and come directly from melting snow in the mountain.

It is also recommended that you are up-to-date with vaccinations for whooping cough (pertussis) and measles, as there have been sporadic outbreaks, especially among children and teenagers. It may pay to get a flu vaccination if you are travelling in the New Zealand winter season.

thumb|Southern Cross Hospital, Christchurch
Healthcare in New Zealand is generally of a similar standard to other developed countries. In certain situations, the government will provide subsidize medical costs.

Everyone regardless of visa type is subsidized for injury treatment thanks to ACC.

Subsidy for illnesses is available for: citizens and permanent residents of Australia or New Zealand; work visa holders authorised to stay in New Zealand for at least two years; and British citizens (acute conditions only). Funding for illnesses is not available for short term workers; international students; and visitors, for which travel insurance is highly recommended. Students and other middle-term stayers may be required to take up private health insurance as part of their visa conditions, and do wisely to check their insurance regardless.

There are three ways to see the doctor: general practice (GP), urgent care clinics, and emergency departments.

There are many general practices around the country. If you're not eligible for funding you can be seen as a casual patient, which will cost around $100 depending on location, although if you're subsidized you pay a lower cost. Not all GPs see"
Q19491,Nha Trang,"The risk of petty crime in Nha Trang, especially late at night, is high compared to most other places in Asia. The most common crime is pick pocketing after midnight near the Sailing Club. During the day, it is relatively safe though bag snatching on the beach is not uncommon, so don't take any valuables to the beach. Do not wear too much jewellery, and keep an eye on your belongings. It would be smart to travel in groups when you are out roaming the streets at night. Also, people coming home from the clubs should take a taxi and not a motorbike taxi. Single males walking back to their hotels in the early hours from clubs and bars such as the Sailing Club and Why Not Bar, especially if a little drunk, should beware of ladies approaching, typically in twos or threes, but often with a couple of guys on motorbikes watching closely from a distance ready to be get-away drivers or to get involved if things get nasty. They come over all friendly and touchy-feely, first checking to see what valuables you have and where, then relieve you of them. Often the victim doesn't even know he's been robbed until he gets back to his room or after he wakes up. You can watch this spectacle almost nightly, perhaps helping out a fellow drunken tourist being robbed. Strangely, no police are seen, and no hotel or bar security staff ever get involved.

If you want your hotel to lock up your money, they will usually be happy to do so in their hotel safe. Passports are kept separate from other valuables as they need access to these for reporting each day your stay to the government. Better than giving the passport to the hotel is handing over a photocopy (personal data page and visa). It is never a good idea to give your passport to anyone other than officials. Never store money in your passport. Keep some money in a different pocket to your wallet/money belt. Do not display it when paying for small purchases.

Drive-by motorcycle theft is fairly common in Nha Trang. Money and valuables have been snatched from tourists' hands.

If hiring a motorbike, check what coverage your insurance company gives for riding motorbikes in Asia, as it is frequently none.

Do not argue with locals who try to hustle money from you. This includes tourist touts, moto taxis, etc. They can become violent and aggressive easily, often resorting to the use of rocks or even concealed weapons. Although they can be a bit harder to get rid of than in other places, it is best to avoid these people altogether.

There was one negative report about TM Brothers buses. It's claimed their buses are in a poor state of repair and some are infested with cockroaches. However, their buses are usually a few dollars cheaper than other companies."
Q3856,Nicosia,"Crime rates are generally low in Cyprus. Pickpockets and petty theft are a risk at touristed areas, and some scams may be prevalent in bars, though may be less of a problem than at the beach resorts.

Don't stray into the buffer zone other than at designated crossing points, and don't feel tempted to photograph military and police installations."
Q1033,Nigeria,"Travellers to Nigeria are required to vaccinate themselves against yellow fever, preferably 10 days before arrival in Nigeria. As malaria is prevalent, malaria pills and mosquito nets are also recommended. Polio vaccination in Nigeria is intermittent and there is a high rate of infection in the North.

Water is sold in different sizes (sachet and bottle). The bottled water and other soft drinks are safe. It is approx ₦200 for a small bottle and ₦400 for a big bottle (June 2024). The satchet/pure water is sold at ₦30 per one and ₦50 for two. The cheap ""pure water"" sold in plastic bags is cheaper but not as ""pure"" as Eva water, a brand by Coca Cola Company, or Nestle water by Nestle Nigeria. Do not buy water that does not have NAFDAC registration printed on the bottle. It is advisable to purchase bottled water from convenience stores rather than by the roadside. These upscale convenience stores usually purchase their supplies directly from the suppliers.

For the latest traveller's health information pertaining to Nigeria, including advisories and recommendations, visit the Centers for Disease Control and Prevention Nigeria destination website."
Q34020,Niue,"Healthcare in Niue is administered by the Niue Department of Health (NDOH), with the Niue Foou Hospital serving as a hub for the majority of the country's healthcare services. The hospital provides only primary and secondary care, and patients requiring tertiary care are sent to hospitals in New Zealand. Specialist healthcare providers from New Zealand visit Niue regularly to provide clinics."
Q423,North Korea,"Drinking water in North Korea is apparently untreated and there are reports of foreigners being hospitalized in the DPRK after drinking the water; therefore, sticking to bottled water is highly recommended.

Medical training is considered on par with the West, but outside of Pyongyang the facilities may be outdated or sparse. In the capital there are two major hospitals that may or may not be able to handle complex medical care.

If you fall seriously ill it may be in your best interest to be airlifted to China for medical treatment. Travel insurance is strongly recommended and in fact required on most organized tours. Contact your embassy or consulate in North Korea (if your country has one) for further advice."
Q221,North Macedonia,"Water is safe to drink and there are public drinking water fountains in most public places. It is advisable to wash all fruit and vegetables.

Use caution when eating red meat at restaurants. Although Macedonian cuisine typically revolves around grills (""skara"") there are some restaurants that do not use proper or clean methods of cooking, which if practised in many Western countries would be seen as a violation of certain health regulations. Bad restaurants can be spotted easily; they will probably not look very appealing and will not have many customers. However, the vast majority of restaurants in North Macedonia serve good quality food."
Q20,Norway,"* The water quality in Norway is adequate and mostly good or very good. Unlike continental Europe, most of the tap water in Norway is from surface water like rivers and lakes typically in hills above towns. Unlike groundwater, surface water is mostly low in calcium and rarely hard. Tap water is always drinkable (except on boats, trains etc.) and there is generally no need to buy bottled water (in fact, bottled water often comes from the same source as tap water). In the mountains, water from streams and rivers is usually drinkable and often high quality, but some common sense is needed to judge the source.
* The hygiene in public kitchens is very good, and food poisoning rarely happens to tourists.
* Norway can get relatively warm in the summer, but be prepared to bring warm clothes (sweater, wind breaking/waterproof jacket), as they might come in handy. It's hard to predict the weather, and in summer, you may experience severe weather changes during your stay.
* Tourists hiking in the high mountains (above the forest) should bring sports wear for temperatures down to freezing (0 °C) also in summer. Rain and strong wind can occur at any time adding to the cooling effect.
* Norway has a high density of pharmacies. Nose sprays and standard painkillers (paracetamol, aspirin) can also be purchased in grocery stores and gas stations.
* Do not underestimate the power of the Nordic sun! The sun is generally not as strong as in Southern Europe, but the air is often very clear and clean in the North and UV-levels can be quite high despite the low sun, especially in the high mountains. This sometimes applies also in cloudy weather. Snow fields and water surfaces multiplies the radiation. And in cool conditions (low temperatures or wind) you don't feel that the sun burns your skin. Bring sunglasses when you go to the high mountains, when you go skiing in spring and when you go to the beach.

;Animals and insects
* In southern Norway, there are ticks (flått) in summer. They can transmit Lyme disease (borreliosis) or TBE (tick-borne encephalitis) through a bite. Both can be very serious. The risk areas for TBE are mainly along the coast from Oslo to Trondheim. Although incidents are relatively rare and not all ticks carry diseases, it's advisable to wear long trousers rather than shorts if you plan to walk through dense or tall grass areas (the usual habitat for ticks). You can buy special tick tweezers from the pharmacy that can be used to remove a tick safely if you happen to get bitten. You should remove the tick from your skin as soon as possible and preferably with the tick tweezers to reduce the risks of getting an infection. If the tick bite starts to form red rings on the skin around it or if you experience other symptoms relating to the bite, you should go visit a doctor as soon as possible. Since ticks are black, they are more easily found if you wear bright clothes. It is advisable to inspect the skin after a day out, particularly"
Q41262,Nottingham,"While overall a safe city, Nottingham has been highlighted by the media for gun and knife crime in its suburbs, acquiring the (mostly tongue-in-cheek) nickname 'Shottingham'. It is best to avoid walking late at night through St Ann's (a council estate northeast of the Victoria shopping centre) and The Meadows (between the railway station and the river). Normal precautions for large western European cities should be undertaken by individuals after dark, especially for lone females."
Q226,Nuuk,"* 

Nuuk is only a small town, with a population of about 15,000. Crime rates are very low, there are no slums and no places you should avoid."
Q17042,Oakland,"Oakland has some problems with both property and violent crime. Smash-and-grab attacks on parked cars are common, so do not leave anything visible in your car, not even cell phone mounts or bags that might look like they could contain valuables. Lock your bicycle with a U-lock or a chain, not a flexible cable lock, and make sure you secure the front wheel.

The parts of the city with the most serious crime problems are unlikely to be interesting to tourists, but be careful when you venture into areas where there are not many people on the streets, keep your wits about yourself, and be aware of where you are at all times. The hills of Oakland are safe when it comes to violent crime but there is still property crime there. Think twice about going to West Oakland (south of 580 and west of 980) or East Oakland (southeast of Lake Merritt), especially at night.

The number of reckless drivers in Oakland seems to be higher than in the average US city. As a pedestrian, pay attention when crossing the street, even if you have the right of way; as a driver, drive defensively; and as a cyclist, stay alert and don't rely on cars to accommodate you. International Boulevard in particular is notorious for traffic fatalities and speeding.

The quality of Oakland's roads is relatively poor. Residents complain bitterly about persistent potholes, and if you're driving or biking, you should take that as a warning."
Q34863,Oklahoma City,"A little bit of common sense goes a long way. On the whole, the city is quite safe, but you shouldn't take that as a cue to be careless. If you're downtown or in what looks like a sketchy neighborhood, nothing will probably happen to you, but you should still lock your car door, keep your valuables secure, and not put yourself in potentially dangerous situations. Some of the worst areas are in the inner-city districts just surrounding downtown, particularly parts of Mulligan Flats (SE-SW 15th Between I-35 and Western), NE 23rd St., NE 36th Street, Martin Luther King Boulevard, NW 10th Street, South Central Avenue, South Shields Boulevard, and South Robinson Avenue; you might want to avoid being there after it gets dark. Also steer clear of particularly seedy-looking bars, although not all are created equal. Keep your wits about you and you'll be fine almost anywhere in Oklahoma City.

You might want to check the Tornado safety page if you are visiting Oklahoma City, as it sits in the heart of ""Tornado Alley"", but the local media are always all over any developing severe weather. Peak tornado season is in the spring, with April and May being the months with the most severe storms.

Summertime heat is also a concern, as average high temperatures during July and August are typically in the mid 90s °F (mid 30s °C) though humidity levels are usually not as high as parts of the adjacent deep south. Temperatures over are also very common during the summer months, but all businesses are air conditioned, as well as hotel rooms and other public places. While snow is not uncommon in the winter, it typically falls only a few times and in small amounts, but just a few inches of snow can be enough to cause much more havoc than in more northern locations... drive safely!"
Q842,Oman,"thumb|In the hot climate, drinking enough water is essential
Bottled drinking (mineral) water is easily available at most stores. Tap water is generally safe; however, most Omanis drink bottled water and to be safe, you should too. 500ml bottles of water will generally cost 100bz in the majority of shops with a 1.5l bottle costing only 200bz.

thumb|right|300px|Wahiba Sands
Oman is warm year-round and summers can be extremely hot. Always carry drinking water with you and be wary of de-hydration in high temperatures. If you're not used to the heat it can sneak up on you and cause serious health problems.

Several people have tried to cross stretches of the Omani desert on their own in a rented 4WD. Some of these people have died or got rescued just in time.

Travelling through a desert requires proper preparation. It looks easy from a modern air-conditioned 4WD, but if that fails you are suddenly back to basics.

Never go off-road alone. A minimum of two to three cars (of the same make) is the rule. Leave your itinerary with a friend with clear instructions if you do not return in time.
Take at least:
* recovery tools: spades, rope (and attachments), sand mats or ladders
* two spare tires and all required equipment
* a good air pump (high capacity)
* sufficient water (at least 25 litres more than you think you will need for drinking)
* sufficient petrol: there are no petrol stations in the middle of nowhere.

If you have &ndash; or can get &ndash; a satellite phone, take it. (Mobile phones work only in limited areas.)
Check your car before embarking on such a trip."
Q898,Omsk,"Dangerous areas of the city are Neftyaniki (town of oilmen), Amurskiy posyolok (Amur settlement), Port Arthur, Staryi Kirovsk (Old Kirovsk), and the area of the Omsk tire plant."
Q49233,Orlando,"Like most cities in America, there are certain areas of Orlando which are more dangerous than others. Some areas travelers should be cautious of are:
*Parramore District, area in downtown Orlando is a location where a lot of the area's homeless population congregates and crime rates are higher in this area.
*Orange Blossom Trail, north of Sand Lake Road is known to be a bit of an unofficial red light district. Drug and prostitution-related crime is common here. Prostitution is not legal in Orlando, so you could spend a night in jail if you decide to indulge.
*Pine Hills, around Silver Star Road and Pine Hills Road west of John Young Parkway. This is a lower income area that has struggled with high crime rates. The Greyhound bus station is in Pine Hills and is a place to use caution.

While it is unlikely that any one individual would experience serious crime in these areas, tourists stand out in these areas, and can unwittingly do things that can make them targets for criminal behavior, so it is sensible to stay away.

While crime in the Orlando area is not particularly high, with the annual tourists far outnumbering the regional population (~2 million), a substantial amount of local crime ends up being directed at tourists. The most common crimes are theft of items from cars and hotels, so following common sense travel precautions are particularly important in an area like Orlando.

* Never leave valuable items in your car unattended, and get any purchased items to your hotel room as soon as possible. Consider utilizing the hotel room safe.
* Never leave small children unattended for any length of time, especially at a pool. Most hotel pools do not have lifeguards.
* Hotel room invasions do occur, especially open-air hotel and motel rooms when the victim leaves their hotel room unlocked and not dead-bolted. When you are in a hotel room, always lock your doors behind you, even if you expect someone in a minute or two.

While hurricanes attract most of the attention, the proximity to two coasts also brings frequent, and sometimes dangerous, thunderstorms. These occur nearly every day during the rainy season from mid-June through September. While some days it may only rain for 10 minutes, other thunderstorms can last for hours and it's not unheard of for one location to remain dry while another spot 10 miles away gets a couple inches of rain on an afternoon. The summer thunderstorms are the main reason that Florida is the lightning capital of the western hemisphere. During these storms it is best to remain indoors due to the danger posed by frequent cloud-to-ground lightning. Golfers are especially vulnerable. A couple of dozen people are killed each year by lightning in Florida and many more spend much time receiving treatment for lightning strikes.

Pets are better off left with a friend or in a kennel. If you choose to bring your pet, note that most theme parks and hotels prohibit pets but may provide kennels for a fee. Under the"
Q35765,Osaka,"Osaka has a reputation among the Japanese for being crime-ridden, but it is still remarkably safe compared to any Western city of similar size. However, some areas in the southern suburbs, particularly Shinsekai and Tobita Shinchi, may be a little dodgy at night and the Airin/Kamagasaki area — Japan's largest slum, home to a lot of jobless and/or homeless people — south of Shin-Imamiya is best avoided after dark.

Incidentally, despite the movie stereotype of gangsters speaking in Osakan dialect, the actual base of Japan's biggest yakuza families is neighboring Kobe — and the most gang violence occurs in Tokyo. Unless you're dealing drugs or engaging in prostitution, you're unlikely to get involved with the local mafia.

Osaka is a city where people use bicycles heavily, so much and chaotic that even traffic police regular does ""raids"" along bicycle ways to check whether cyclist adhere to the rules.

As a pedestrian it can become quite nerve-wrecking to have cyclist speeding on the sidewalk while you are trying to enjoy your travels.

It's better to pay a little more attention in Osaka when changing route or sidewalks. And always try to walk at one side of the sidewalk and not in the middle, so cyclists don't run you over."
Q585,Oslo,"thumb|Norway Supreme Court
Oslo is commonly regarded as one of the safest capitals in Europe. The Oslo Police District received reported crimes in 2020, and crime is generally on the decrease in the city. The category of reported crime that's decreasing the quickest in Oslo is property theft. 11.6% of all crimes in Norway are reported to be within Oslo's six central boroughs, as of 2020.

thumb|Grønland police station
Oslo Police District is Norway's largest police district with over 2,300 employees. Over 1,700 of those are police officers, nearly 140 police lawyers and 500 civilian employees. Oslo Police District has five police stations located around the city at Grønland, Sentrum, Stovner, Majorstuen and Manglerud. The National Criminal Investigation Service is located in Oslo, which is a Norwegian special police division under the NMJP. PST is also located in the Oslo District. PST is a security agency which was established in 1936 and is one of the non-secret agencies in Norway.

* One part of the 2011 Norway attacks occurred within the Oslo centre on 22 July 2011. The Oslo government offices were bombed by a neo-Nazi with political motives.
* The 2022 Oslo shooting happened on 25 June 2022. The attack was a shooting at a pub known to be associated with the queer environment of Oslo, and the attack was targeted towards the LGBTQ movement. Police declared the incident as an ""act of Islamist terrorism"". Two people were killed, and a further 21 injured. Due to safety concerns, the pride parade in Oslo planned for 26 June was quickly cancelled."
Q3777,Ouagadougou,"Ouagadougou has both state and private hospitals. The two state hospitals in the city are the Centre hospitalier national Yalgado Ouedraogo (CHNYO) and the Centre hospitalier national pédiatrique Charles de Gaulle (CHNP-CDG). Despite that, the local population still largely can only afford traditional local medicine and the ""pharmacopée""."
Q34217,Oxford,"In a life-threatening medical emergency, dial 999 or 112. For urgent, but not life-threatening emergency issues it is recommended to call 111 and ask for assistance.

Although there are many hospitals in clinics in Oxford, the following are most likely to be of use to the sickly traveller.

* 
*"
Q843,Pakistan,"Pakistan has lower hygiene standards than those of Western nations.

Visitors are strongly advised to refrain from drinking tap water; many Pakistani locals themselves drink boiled or purified water. Take every precaution to drink only boiled, filtered or bottled water. Tap water is known to contain many impurities. Ice is usually made from regular tap-water, and may be even harder to avoid. Fresh milk from the carrier should be boiled and cooled before consumption. Non-pasteurized dairy can spread tuberculosis, which might be the cause of those hacking coughs you hear on the street. Trusted brands are available at most grocery stores, including Nestle Milk Pack, Haleeb Milk and Olpers.

Take precautions against both dengue fever and malaria, which are both spread by mosquitoes. The first and most effective way is to avoid getting bitten, but if you plan to stay in a place where malaria is common, you will need to take prophylactic medicines such as Proguanil, doxycycline, or mefloquine. The risk of getting malaria decreases with higher altitudes and is usually negligible above .

No prophylaxis or cure is available for dengue fever. It is prevalent during summer, especially during the monsoon (July to September) and can be fatal. It is caused by mosquitoes that bite during the day and the most widespread outbreaks of dengue are expected in the province Punjab.

In the summer it gets very hot, so stay hydrated. Temperatures may rise to 50°C in June and July, but, as soon as monsoon rains set in during Aug–Sept, it cools to around 30°C – but with high levels of humidity.

Do not eat food that has been lying out for some time, as high temperatures speed up deterioration. Avoid posh but unfrequented restaurants.

Some Pakistani dishes can be very spicy! Always notify your host, cook or waiter if you cannot tolerate very spicy food."
Q2656,Palermo,"Palermo is a quite safe city during the day but it can be an intimidating city at night, especially on week days in the winter, when there are not many students, visitors and locals around. Even if crimes against visitors are quite rare, just remember that:
*Use common sense all day but especially after dark, especially outside the main streets and if you are a woman
*You should book a hotel/B&B in the city centre (the areas around Piazza Ruggero Settimo, Fontana della Ninfa and Piazza Giuseppe Verdi are fine), both for security reasons and also because public transportation between the city centre and suburbs is not reliable at night. Accommodation in Palermo is quite cheap compared to Italian and European standards, even in the best areas.

During the day just remember to be aware of pickpockets on the streets and city buses as well as motorcycle-riding snatch thieves targeting handbags, wallets and mobile phones.

In summer the city centre of Palermo is safe even during the night, as there are hundreds of bars and pubs open all night and many people around. However don't forget to use common sense.

Driving and crossing the streets in Palermo is quite dangerous as the rules of the road are not followed. Also remember that vehicle theft is a major problem in Italy, but, as evinced by latest figures made available by Italian Police, Palermo is safer than Rome, Naples, Milan, Bari, Catania and Turin, but if you want avoid any risk so the use of private, secure car parks is to be preferred. If you've rented a car, your insurance may not be valid if you do not park in a secure car park."
Q219060,Palestine,"thumb|A hospital in [[Bethlehem]]
According to the Palestinian Ministry of Health (MOH), as of 2017, there were 743 primary health care centers in Palestine (583 in the West Bank and 160 in Gaza), and 81 hospitals (51 in the West Bank, including East Jerusalem, and 30 in Gaza). The largest hospital of the West Bank is in Nablus, while Al-Shifa Hospital is largest in the Gaza Strip.

Operating under the auspices of the World Health Organization (WHO), the Health Cluster for the occupied Palestinian territory (oPt) was established in 2009 and represents a partnership of over 70 local and international nongovernmental organizations and UN agencies providing a framework for health actors involved in the humanitarian response for the oPt. The Cluster is co-chaired by the MOH to ensure alignment with national policies and plans.
The report of WHO Director-General of 1 May 2019 describes health sector conditions in the oPt identifying strategic priorities and current obstacles to their achievement pursuant to the country cooperation strategy for WHO and the Occupied Palestinian Territory 2017–2020."
Q733,Paraguay,"* Hospitals in Paraguay range from decent to unsanitary and unequipped. If you get desperately ill, try to get to the best hospital even if it takes a bit longer: you may not find surgical gloves in the worst of them.
* There are many stray dogs running the streets - avoid them. They usually won't bother you.

As usual with diseases – prevention is better than cure. Maintaining good hygiene can help prevent illness.
thumb|Mural in Encarnación: ""Let's all fight dengue and yellow fever""
Be sure to cover up your feet when treading on unclean floors, soil and sand by using sturdy shoes as you may pick up a foot flea known locally as pique. These pests will usually collect around your toes and lay their eggs under the skin, usually around the toes which if not taken care of can lead to tungiasis.

If you have picked up a pique, you may notice itching or tenderness in your feet. It's recommended to seek medical attention, though oil-based products which you can acquire yourself without a prescription seem to be best at suffocating these:

* NYDA® – the World Health Organization (WHO) states that NYDA® which is used to kill head lice is the most effective as it kills adults and eggs.
* Vaseline – you could also use Vaseline to suffocate the adults, but the eggs would remain and you would need to apply it consistently so buy several tins.
* Hydrogen Peroxide (H2O2) – another albeit more dangerous option is to use a piercing needle, pour hydrogen peroxide at a concentration of one to 5 liters (169 fl oz.) of clean water over them and then dig the bugs out.

Tungiasis can lead to serious bacterial infections if left untreated including gangrene, so make sure to get this early!

Paraguay is also in the risk zone for the two most common tropical fevers carried by mosquitoes: dengue and yellow fever.

Tap water in Asunción, and possibly Ciudad del Este, is potable. Tap water in the rest of Paraguay should be treated to make it safe for drinking. There have been efforts by PLAN International to bring safe, potable water to communities in rural areas (if there is such water available, it is safe to drink). Ask before drinking water in rural areas: many Paraguayans will claim their water is safe to drink even if it's not purified."
Q148,People's Republic of China,"thumb|Public toilets in China run the gamut from this one in the Shenzhen metro...
thumb|...to ones like this in Tibet. This one isn't even that bad, as it's a squat toilet and has privacy dividers.

Outside major cities, public washrooms range from mildly unpleasant to utterly repulsive. In cities, it varies from place to place. High-quality bathrooms can be found inside major tourist attractions, at international hotels, office buildings, and upper-class department stores. Washrooms in foreign restaurant chains, or any of the coffee chains listed in the drink section are usually more or less clean. While those in common restaurants and hotels are barely acceptable, those in hotel rooms are generally clean. Public toilets are free. Separate facilities are always provided for men (男 nán) and women (女 nǚ), but sometimes there are no doors on the front of the stalls.

The sit-down toilet familiar to Westerners is rare in China in public areas. Hotels will generally have them in rooms, but in places where Westerners are scarce, expect to find squat toilets more often than not. Many private homes in urban areas now have sit-down toilets. Western establishments such as McDonald's or Starbucks will have a western toilet, but may not have toilet paper.

Carry your own tissue paper (卫生纸 wèishēngzhǐ, or 面纸 miànzhǐ) as it is rarely provided. You can buy it in bars, restaurants, convenience stores and Internet cafés for ¥2. Put used paper in the bucket next to the toilet; do not flush it away as it may block the often poor plumbing systems. There may not be soap in the public washrooms either.

The Chinese tend to distrust the cleanliness of bathtubs, and while in China, you should too. In hotels with fixed bathtubs, disposable plastic bathtub liners may be provided. If you feel like having a bath, use them.

Wash your hands often with soap if you can find any, carry some disposable disinfectant tissues (found in almost any department or cosmetics store), or use alcohol gel.

Each major city has an inspection regime that requires each establishment to prominently display the result (good, average or poor). It is hard to say how effective this is. Restaurants generally prepare hot food when you order. Even in the smallest of restaurants, hot dishes are usually freshly prepared, instead of reheated, and rarely cause health problems.

When buying street food, make certain it is cooked thoroughly while you are watching; also, visit stalls frequented by locals, and look for plastic-wrapped disposable chopsticks.

Minor stomach discomfort may still be experienced from street food and restaurant food alike, but is said to pass as one becomes accustomed to the local food. Ginger can be effective against nausea.

Chinese people do not drink water straight from the tap, even in the cities. All hotels provide an electric kettle you can use to boil tap water or a sealed plastic bottle of commercial mineral water. Tap water is safe to drink after boili"
Q915,Perm,"Reckless drivers are probably the biggest safety threat. Pickpocketing is common in the crowded public transport and in the Central and Chinese Bazars. Occasional drunkards may be somewhat annoying but rarely pose any menace. It is wise to stay out of city parks, Balatovo Park, during the night."
Q3183,Perth,"alt=|thumb|[[Perth Children's Hospital]]
Perth has ten large hospitals with emergency departments. , Royal Perth Hospital in the city centre is the largest, with others spread around the metropolitan area: Armadale Health Service, Joondalup Health Campus, King Edward Memorial Hospital for Women in Subiaco, Rockingham General Hospital, Sir Charles Gairdner Hospital in Nedlands, St John of God Murdoch and Subiaco Hospitals, Midland Health Campus in Midland, and Fiona Stanley Hospital in Murdoch. Perth Children's Hospital is the state's only specialist children's hospital, and Graylands Hospital is the only public stand-alone psychiatric teaching hospital. Most of these are public hospitals, with some operating under public-private partnerships. St John of God Murdoch and Subiaco Hospitals, and Hollywood Hospital are large privately owned and operated hospitals.

A number of other public and private hospitals operate in Perth."
Q1345,Philadelphia,"Philadelphia has a major crime problem. As early as the late 1980s it was bestowed the notorious moniker of 'Killadelphia'. Even to this day the city suffers from some of the worst crime rates in the USA. However, as a rule of thumb, the places visitors are likely to spend time in are safe and well policed, so be informed about places that are popular with tourists. 

Center City and surrounding neighborhoods have very low crime rates (some of the lowest in the country). Wealthier neighborhoods like Rittenhouse Square, Old City, and Society Hill, are safe, as are Northeast Philadelphia (for the most part), Northwest Philadelphia, the Art Museum Area, Chinatown, the Parkway, and Bella Vista. Some petty crimes (mostly pickpocketing) happen but much less often than the media suggest. South Philadelphia is generally safe, though certain parts should be avoided at night (especially those near I-95).

On the flip side, other parts of the city struggle with rampant crime. The city's criminal activities are overwhelmingly concentrated in North Philadelphia (with the very notable exception of Temple University), far West Philadelphia (though this area has seen improvements), and Southwest Philadelphia. These areas are of little interest to tourists, but do be careful if you do end up venturing there.

While Philadelphia has a history of crime, the rest of the Delaware Valley is one of the safest metropolitan areas in the U.S., though certain locations like Camden (across the Delaware river in New Jersey), Reading, Tinicum Township, and Chester have very high crime rates, so visitors should exercise caution when visiting these regions.

Pickpocketing and scams are nowhere nearly as common in Philadelphia as they are in other cities, but the threat of being mugged or approached by unwanted individuals remains real, so keep an eye on your belongings. One known scam is being ""photographed"" by homeless men near the Rocky statue at the Philadelphia Museum of Arts.

Be careful of traffic when crossing at major intersections—in Philadelphia, as in many major cities, one must always walk, cross, and drive defensively. The winding Schuylkill expressway provides some beautiful views, particularly around Boathouse Row, but do not try to enjoy them from your car; with the high speeds, the river on one side, and jagged rocks on the other, this is a sure way to cause an accident.

Although it is frequently blown out of proportion, Philadelphia sports fans have earned a reputation as a very passionate and notorious bunch. It is advised to be extra vigilant when attending a major sports match at the Sports Complex, particularly those who have the courage to wear the opposing team's gear in hostile territory. For these fans, it is best not to provoke the Philadelphia faithful and take their jabs in stride, as fans have been assaulted and even seriously injured in fights in and around the Sports Complex and around town."
Q1850,Phnom Penh,"As in most developing world countries, avoiding cold, uncooked food is desirable to prevent stomach upsets. Salads are also suspect at times.

As of 2019, antimalarials are not needed for Phnom Penh (unlike most of the rest of the country), but you should use mosquito repellent as there is a risk of dengue.

NGOs have reduced HIV prevalence in the general population significantly over the past decade, but emerging risky behaviours and limited awareness of safe practices may reverse this progress. Condoms are strongly advised.

*"
Q16556,Phoenix,"Despite being a nice vacation destination, Phoenix is a major American city and as such does contain a fair amount of violent crime. Some parts of the city (and even a few parts of some of the suburbs) should be avoided at night. Downtown Phoenix is safe during the day, but does have a problem with the homeless/transients, some of whom approach well-dressed office workers and tourists asking for spare change. South Phoenix can be unsafe in some areas.

Maryvale, a commercial/residential district on the west side of the city of Phoenix (extending north into Glendale as well), should be avoided at almost all times unless there is a specific reason to go there.

Most of the suburban areas are safe during day and night; however, parts of Mesa and Glendale can be dangerous at night. There have been assaults on a few university students in some portions of Tempe, near the main campus of Arizona State University (ASU). The ASU campus is equipped with several emergency call boxes.

The Sunnyslope area (north central city of Phoenix) has some homeless and other crime issues but a police station at Peoria and 7th Ave has dramatically reduced crime.

The town of Guadalupe (immediately west of Tempe and bounded by Interstate 10 on the west) is unsafe at night, but is an incredibly interesting Hispanic/Native American community to visit during the day. Be warned though that the speed limit suddenly falls from 40mph to 25mph as you enter the town.

In every portion of the Phoenix area, just use common sense and be aware of your surroundings.

Phoenix also has one of the highest car theft rates in the country, with a car stolen every 7 minutes. In addition, red light running is more common in Phoenix than any other city in the U.S. Use caution at every turn.

Speeding, tailgating and aggressive driving are common on the freeways.

Be aware of traffic and speed enforcement cameras at most major intersections. Always anticipate someone attempting to beat the amber light before it turns red to avoid being issued a very expensive traffic ticket (usually in the amount of $300 or more). If you see sudden braking, make sure you're going the speed limit. Sometimes, camera vans are set up on the side of the road to snatch speeders, especially in the Northeastern parts of the Valley.

In Phoenix, your car can easily get dangerously hot if parked in the sun. This is an easy way to give yourself heatstroke if you spend much time in it."
Q1342,Pittsburgh,"* As in most of the United States, the phone number to dial for emergencies is 911.
* Crime in Pittsburgh is generally comparable to other large cities in the US: while overall crime rates may look high on paper, the vast majority of violent crimes occur in run-down residential areas that are of little interest to most visitors. Common-sense rules (don't flash large amounts of money or jewelry, walk only along lighted streets at night, etc.) are enough to keep one safe in most cases. As a general rule, the following neighborhoods should be avoided (especially at night); while this list appears to be large, the average tourist will go to few, if any, of these neighborhoods (with noted exceptions):
**Central: The Hill District, Crawford-Roberts, Bedford Dwellings, Uptown near the Lower Hill.
***Additionally, Downtown, the Central Business District area, can also be unsafe after the business crowd leaves, and common precautions suitable to urban US city centers should be followed. The area near 2nd Avenue and Allegheny County Jail should be particularly avoided even during the day.
**East: Homewood-Brushton, Wilkinsburg, Lincoln-Larimar, Lemington, Belmar, Garfield, East Allegheny, East Hills.
**North: Central North Side, Spring Hill, Perry, Perry South, California-Kirkbride, Northview Heights, Morningside Heights, Stanton Heights
**South: Mt. Oliver, Hazelwood, Beltzhoover, Arlington Heights, St. Clair Village, Upper Homestead, Allentown, Beechview, Knoxville, and parts of Brookline.
**West: West End, Fairywood, Sheraden.
**Outside the city: McKeesport, Penn Hills, McKees Rocks, though a tourist is highly unlikely to visit any of these. 
* On Sundays in the fall and winter, some fans of the local football team (the Steelers) tend to be very rowdy. While the great majority won't bother you, it is suggested that out of town fans not wear the clothing of the team they are playing that day or that of their main rivals (the Baltimore Ravens and Cleveland Browns) at any time. The least you'll encounter is ridicule, and although assaults at sporting events are especially rare (Pittsburgh is largely a hospitable town), some incidents have occurred. It is also advisable to not wear any athletic apparel of the rival hockey team, the Philadelphia Flyers under any circumstance. Pittsburghers do take their sports loyalty to another level.
* Whether driving, bicycling, or walking, watch out for drivers making the ""Pittsburgh Left"" (see By Car, above)."
Q36,Poland,"Tap water is safe to drink in entire Poland. If you stay in any larger settlement, there is no reason to worry about water quality. The only complaint may be excessive chlorine treatment and the resulting unpleasant smell. However in some rural locations residents may prefer to source water from wells, which usually will be contaminated with iron and unsafe to drink.
 
Poland relies heavily on coal and wood for home heating, and thus has a serious smog problem, which is particularly pronounced in winter and in the southern regions, especially in mountain valleys."
Q34261,Port-au-Prince,"See the warning on the Haiti article for information on the security situation.

You should not be outside on the streets after dark unless you are wandering around the busy Champs-de-Mars area."
Q6106,Portland,"According to the Federal Bureau of Investigation's Uniform Crime Report in 2009, Portland ranked 53rd in violent crime out of the top 75 U.S. cities with a population greater than 250,000. The murder rate in Portland in 2013 averaged 2.3 murders per 100,000 people per year, which was lower than the national average. In 2011, 72% of arrested male subjects tested positive for illegal drugs, and the city was dubbed the ""deadliest drug market in the Pacific Northwest"" due to drug-related deaths.

In the Portland Metropolitan statistical area, which includes Clackamas, Columbia, Multnomah, Washington, and Yamhill Counties, OR, and Clark and Skamania Counties, WA, for 2017, the murder rate was 2.6, and violent crime was 283.2 per 100,000 people per year. In 2017, the population within the city of Portland was 649,408, and there were 24 murders and 3,349 violent crimes.

In the years following the COVID pandemic, the city saw an increase in crime, with car theft rates in Portland reaching the fifth-highest of any US metropolitan area in 2023. More than 11,000 vehicles were stolen in 2022, up from 6,500 in 2019.
Similarly, an increase in violent crime peaked in 2022 with a record 101 homicides. In 2021, Portland recorded 90 homicides, compared with 20 in 2016, and 27 in 2017.

, violent crime in the city saw a marked decline, representing the highest drop of any city covered by the Major City Chiefs Mid-Year Report at a 51% decrease from 2024. However, Portland has the second highest property crime per 100,000 population in the United States. The city saw just 17 homicides in the period from January 1, 2025, to June 30 as opposed to 35 during the same time frame in the previous year. Car theft also saw a significant decrease starting in 2024, with the city seeing the lowest number of cars stolen since recording began in 2015."
Q3929,Port Louis,"Crime rates have fallen over the years. Plus, there are police presence and camera surveillance at places with many tourists. Still there are some unsafe spots in town, such as the Citadel."
Q36526,Port Moresby,"Port Moresby is well known for its crime. Carjackings, muggings and worse are common. Women are particularly at risk. Foreigners are sometimes specifically targeted. As such, it has been rated as one of the least livable cities in the world.

There is a great deal of concern about the level of crime and civil disorder and about the ability and willingness of the police to cope. Police officers have been found to be complicit in major crime. Police brutality against minor offenders, complainants and witnesses has been the subject of criticism from the international group Human Rights Watch.

It is possible to minimise the chances of becoming a victim of crime by being aware of your surroundings, avoiding places where large groups are gathered and avoiding places where offences are prevalent. The Waigani area, particularly the area around the traffic lights and the Port Moresby Golf Club, has experienced numerous carjackings. The Morata district is well known by locals for its riots during the weekends. It's best to not walk between locations in Port Moresby, or travel at night.

Still, the local people are mainly friendly and peaceful. The main risks are from idle young people, mostly having fun and struggling for money. But traditionally, a wrong or bad or negative behaviour often has the other side of the mirror, which is known as ""pay back"", also called in some cases compensation, but always wild and violent.

It is always wise to seek the advice of a person familiar with Port Moresby before venturing into unknown areas.

Saltwater crocodiles (Crocodylus porosus) are still common throughout all of Papua New Guinea. However, you are extremely unlikely to run into one."
Q36433,Porto,"There may be pickpockets in heavily crowded areas and on public buses and trains; however, pickpocketing is not common in Porto. Travelling by bus or metro is generally safe and one of the best ways to go from a place to another.

Porto is generally a safe place to be if you take normal precautions like walking in well-illuminated streets at night.

One part of Porto, near the Tourist Information Office between the cathedral and the steps to the small church, often has drunk people that could cause you trouble. There's no reason for alarm because many of them are inoffensive, but it is best to use some caution, as you would elsewhere.

If you take the main road from the bus station to the cathedral and tourist information centre, walk back to the bus station after you're done and then walk from there to the other sites. Avoid the shortcut from the tourist information centre downstairs because near there have been many incidents there.

Call 112 if you have an emergency."
Q40269,Porto Alegre,The number of violent crimes has been dropping steadily since 2018.
Q45,Portugal,"Portugal adheres to all international protocols and guidelines concerning consumer products and health care.

Major cities are well served with medical and emergency facilities and public hospitals are at European standards. The national emergency number is 112. The Serviço Nacional de Saúde (National Health Service) 24-hour hotline is 808 24 24 24.

Many municipalities have pharmacies that take turns being open late or even 24 hours. These can be found online.

Portugal's water sources are perfectly safe, but some people may prefer bottled/spring water (água mineral). In so far as restaurants and other food and drink establishments or outlets are concerned, Portugal has a vigorously enforced system of national high standards to ensure a healthy chain of supply from producers to consumers, therefore the risk of food or drink poisoning is negligible. Star ratings are ascribed for levels of establishment luxury (5* to 1*) and not the quality of food or beverage, since those are strictly governed anyway.

Citizens of the European Union are covered by Portugal's National Healthcare System as long as they carry the free European Health Insurance Card (EHIC), obtainable from their own national health care authority. Non European Union travellers are advised to purchase traveller's basic medical insurance to cover serious physical injury treatment costs, in case of an accident."
Q37806,Port Vila,"Port Vila is generally a safe place. However, opportunistic theft is a concern and walking around Port Vila at night is best avoided, especially on Fridays and Saturdays."
Q1711,Potsdam,Potsdam is a safe city for tourists. During daylight the city is full of tourists that visit the amazing palaces and gardens.
Q268,Poznań,"In general you should feel safe in Poznań, crime (including petty crime) is low. City is not very popular among tourists, so prevalence of pick-pocketing and various common tourist scams is very low. Walking alone at night should not be a problem in most of the city. However you need to expect some weird looks if you are openly homosexual or are not white, especially in suburbs.

Do not trust strangers on Stary Rynek or Wrocławska street who want you to visit a club/bar with them. They are going to scam you, possibly steal your credit card data or at best bring you to a very overpriced place. 

On Friday and Saturday evenings in summer a lot of youth go to west bank of Warta river close to city centre. It is one of the few places in the city where you can legally drink alcohol outdoors, resulting in a large number of drunken people and troublemakers gathering there. Do not venture to west bank especially late at night, you may be insulted at best or beaten and robbed at worst. Instead go to the much calmer east bank of the river.

When looking for accommodation or food avoid places close to rail, rail stations (e.g. Poznań Wschód, Poznań Dębiec) and final bus/tram stations (e.g. Rondo Rataje, Górczyn PKM). These places may feel unsafe as they tend to attract homeless and beggars."
Q3926,Pretoria,"Pretoria is considered to be a relatively safe city by South African standards and violent crime against tourists is somewhat rare. That said, basic common sense should still be used. Ask locals before you do things. Life after sunset stops a bit and moves to the big shopping centers outside the city. Avoid walking around after dark, even in a group or at Union Buildings. The city centre becomes deserted after nightfall, so it would not be wise to hang around at these times. The shop owners will close their security blinds to protect their property so there is little to see. Hatfield Plaza and all other major shopping centers are busy with shoppers, students, tourists, police and car minders until approximately 22:00 there is very little chance of any real trouble happening, but it can be annoying and daunting for tourists as the beggars are quite insistent but occurs less in guarded shopping centers. That said, the Hatfield area is usually perfectly safe. Consider that you still have to move from the safe area to your hotel through an unsafe area. In case of trouble, here are important telephone numbers. Be especially vigilant at night by traffic lights and stop signs. Car-jacking and smash and grab thefts do occur.

* 107 - Emergency
* 10111 - Police
* 10177 - Ambulance
* 082911 - Netcare911

* 112 - Emergency
* 911 - Netcare911"
Q18383,Providence,"Providence is not known for scams or pick-pocketing so the biggest issues are drug and gang violence. If you do not use drugs then you should not have any issues. It is best to stay East of the highway 95 North with the exception of Federal Hill and a few other notable places, most of the poverty lies on the West end of the City.

Providence is a relatively safe city for its size, though proper caution and common sense should not be abandoned. The downtown area can be dodgy at night, especially around Kennedy Plaza and Washington Street. The club areas on the outskirts of downtown have also been known to draw some issues, though most are gang related. Another area to avoid at night is the Camp Street area of the East Side. There is some known gang activity and there has been some violent behavior in the past. Also, late nights on Federal Hill are a great place for drunken misbehavior, so exercise caution whilst in the bar and club area of this historic neighborhood.

As far as violent crime goes, it is best to avoid South Providence and the Olneyville neighborhoods of the city. There is little reason for most tourists to go to these locations, though the city's three main hospitals are relegated to the South Side. Olneyville's New York System was featured on Food Network's Best Thing I Ever Ate series, and while there are two other locations within driving distance of Providence (Rhode Island is the smallest state, after all), a quick visit here to get a few hot dogs will not result in a problem unless you decide to walk around the neighborhood a bit and it's 1:00 in the morning.

* 
*"
Q1538,Pune,"Pune is by and large a very safe place. Violent crime is low, although it's important to keep an eye on your belongings in public, as petty theft can occur. Do report any such activity to the police. Keep away from the touts and beggars. At times, on Fergusson Road, JM Road or in touristy places, plain-clothed people may approach you, pretending to be tourists who ran out of money or missed their bus or train, asking for money to buy a ticket to go home or to feed their children (who may be accompanying them). Most likely it is going to be a scam. A polite but firm ""No"" will suffice to get rid of them. 

Chain-snatching has become the most infamous nuisance. Elderly women need to be particularly careful. Preventive measures include not wearing jewellery even in the daytime.

Locals are by and large friendly and mild-mannered, though incidents of mugging have been reported on the outskirts of Pune, especially on highways and desolate stretches. If you face a vehicle breakdown after dark, it's best to stay in the vehicle and phone for help.

Although Pune is generally safe for women, it's advisable not to venture out alone into dark and isolated places. Hiring cabs at night without one or more companions is not recommended. Climbing the surrounding hills alone is tempting but unwise-and this goes for both sexes! Having said that, women can confidently walk the streets or visit the shops/pubs/restaurants in popular residential or commercial areas after sunset.

Driving in Pune is not for the weak-hearted. Like that of other Indian metros, Pune's vehicle traffic has expanded considerably, and the infrastructure is struggling to keep pace. Lack of discipline especially during overtaking and driving on the wrong side is rampant in the city and on highways. It's common to see rude and impatient drivers at intersections honking away at pedestrians. Enforcement of traffic rules leaves a lot to be desired, by contrast with Mumbai or other major cities. Road conditions deteriorate especially in heavy traffic areas during the monsoon. If you are driving, drive defensively. Be courteous to fellow motorists and maintain lane discipline. Though the helmet rule is not strictly enforced, it's always a good idea to wear a helmet while riding a two-wheeler. In cars or SUVs, wearing a seatbelt is mandatory.

*"
Q1437,Rajasthan,"As always, be cautious of your environment and be vigilant like any other tourist place. Most cities are closed by evening so it is advisable to not roam around unless you feel safe. Beware of touts. One of the safest ways to travel around is by having a driver who knows their way around Rajasthan.

There are many clinics and hospitals in major cities which provide treatment of reasonable quality at relatively inexpensive prices."
Q41087,Raleigh,"Raleigh's crime rate is below average for an American city of its size (and one of the lowest in the Southern USA), but one still must be cautious and intelligent. In particular, stick to the busy and well-lit parts of downtown after dark, and avoid the neighborhoods immediately south or east of downtown after dark. The NC State University campus and vicinity are safe and heavily trafficked during the day and evening, but use the university's public safety escort service in the early hours of the morning. Throughout Raleigh, you should think before using an automated teller machine (ATM) after dark, unless it's in a mall or other heavily travelled, well-lit area."
Q158119,Ramallah,"Generally speaking, Ramallah is safe for non-Israeli foreigners. The Palestinian residents are usually quite happy to have foreign nationals visit them. Theft is relatively rare, although do not interpret that statement as an OK to let your guard down.

Bear in mind that although Ramallah has been under military occupation for a long time, the city is relatively stable. However, very rarely the Israeli military enters the city to arrest wanted Palestinians. This usually only happens in the dead of night, and they disappear before anyone realizes that they were there. However, the Israeli military can enter Ramallah bluntly, and in large numbers. If this should happen while you are staying in Ramallah, do what the majority of Palestinians do, and stay inside until they leave and away from any soldiers or military vehicles. Do not assume that just because you are a foreign national that you will be safe.

That said, Ramallah hasn't seen any widespread violence since 2006 and it is highly unlikely to happen (unless there are escalations with Israel, which will be very apparent via international media). In the cases where the Israelis enter, it is usually to arrest a wanted Palestinian in an outskirts refugee camp in the middle of the night. They will rarely enter the city centre, so as to avoid an unnecessary confrontation with large crowds of civilians."
Q48344,Recife,"As elsewhere in Brazil, some beaches in Recife are not suitable for bathing, and conditions can change from day to day. On the day of your visit, check the map of the latest weekly bathing report (in Portuguese, informativo de balneabilidade) of the state's Environment Department (CPRH). There is also a website (in Portuguese) with information about beach water quality. 

* 
* 
* 
*"
Q647,Rennes,"thumb | 300px | Parc du Thabor 
Standard advice over care of valuables, traffic, and staying clear of unruly drunks."
Q971,Republic of the Congo,"Public expenditure health was at 8.9% of the GDP in 2004 whereas private expenditure was at 1.3%.
, the HIV/AIDS prevalence was at 2.8% among 15- to 49-year-olds. Health expenditure was at US$30 per capita in 2004. A proportion of the population is undernourished, and malnutrition is a problem in Congo. There were 20 physicians per 100,000 persons in the 2000s (decade).

, the maternal mortality rate was 560 deaths/100,000 live births, and the infant mortality rate was 59.34 deaths/1,000 live births. Female genital mutilation (FGM) is confined to limited geographic areas."
Q43421,Richmond,"Richmond has a fairly high crime rate, but the vast majority of serious crime occurs in and around the city's public housing projects, located mostly in the northeast, eastern and southside sections of the city. Muggings and purse snatchings, however, occur throughout the city, so be careful when walking or standing around at night.

Popular night-spots around downtown, such as The Fan District, the areas around Virginia Commonwealth University and Shockoe Bottom can become dodgy at night, so it is best to avoid walking alone or on side streets. While all of the night spots are generally safe, it is also wise to avoid any confrontations inside or outside of nightclubs, especially in Shockoe Bottom, as incidents have sometimes lead to stabbings or shootings. This goes for fights between other people; just go the other way.

In addition, much of the free and cheap parking in Shockoe Bottom is located under the freeway and train overpasses and have many dark areas; be aware of your surroundings when returning to your car after dark. As always, use common sense and avoid walking or parking in any areas that seem unsafe.

Most areas of the city are also notorious for car break-ins, so it is always best to have nothing visible inside your car, including shoes, clothing or trash if you park on the street, in open lots, or in unsecured parking garages.

Avoid swimming or wading in the James River within the city, as the currents and dropoffs are notorious for getting the best of even those most experienced with the river. If swimming, restrict yourself to public-access beaches or stretches of rocks such as Pony Pasture or Belle Isle's northern side, or avail yourself of local guidance. In addition, if on the riverbanks, be aware of weather conditions, as some areas around the riverfront are prone to flash-flooding."
Q3692,Riyadh,"thumb|Ministry of Islamic Affairs
Riyadh is more conservative than Jeddah or the Eastern Province. Women mostly cover themselves with an abaya (available in shops everywhere in Riyadh) but covering the face has become less common as of 2018. Read, understand and follow the guidelines in the Saudi Arabia article to stay out of trouble.

LGBT rights are not recognized in the kingdom and public displays of affection, (For both LGBT and straight couples) are frowned on and might lead to criminal prosecutions.

In 2002-2004, Riyadh was the site of numerous terrorist attacks on Westerners, including shootings, car bombings and kidnappings, culminating in the May 12, 2003 compound bombings that killed 35 and injured over 160. In response, Saudi security forces cracked down brutally, and there have been no terrorist attacks in Riyadh since 2004. Security remains very tight though, particularly at housing compounds for foreigners, and police and army units, often heavily armed, are a common sight in the city.

Although Riyadh is sometimes alleged to have one of the lowest crime rates in the world, standard precautions should be taken. The most significant danger to you is driving. Most drivers originate from areas in developing countries and the Middle East which lack traffic laws, driving schools, or even roads for that matter. It's a 'driving culture' where seat belts, mirrors, lane stripes, turn signals and speed limits are ignored. A four-lane highway can easily transform into a seven-lane 'racetrack'. Don't be shy with your horn. Also, whatever you do, do not flip someone the finger/bird, as it is taken much more seriously in Saudi Arabia than in Western countries, including fines and even jail time (fines of up to 10,000 Riyals and jail for 5 years have been mentioned), and some drivers might kill you in retaliation."
Q218,Romania,"Tap water is generally potable, but most people choose to drink bottled water instead.

Conditions in Romanian hospitals may vary from the very clean and sparkling, with all the latest technological utilities, to the downright drab, dark and cold. Some hospitals, however, may be, as aforementioned, uncomfortable, with dimness, temperature problems (hot in summer, cold in winter) and outdated equipment, although medical staff are usually experienced. You won't usually face problems such as significant lack of cleanliness.

Your travel health insurance might prove to be insufficient if the medical condition is severe. In this case, you will be asked to pay for the medical services, and prices are not very low compared to Western Europe.

Citizens of the European Union are covered by Romania's National Healthcare System as long as they carry an E111 European Health Insurance Card, obtainable from their own national healthcare authority and valid for all EU countries.

Dental procedures in Romania, especially those in private clinics, are of an excellent quality. In fact, many Western Europeans come to Romania to have their teeth done for the quarter of the price they pay in their home country. Quality is particularly high in clinics in Transylvania and Bucharest."
Q30974,Rouen,"CHU de Rouen has five hospitals in the Rouen area.

*"
Q159,Russia,"thumb|right|270px|'Sobriety is a Standard of Our Life!'.A Soviet-time mosaic on the wall of a hospital in [[Kaliningrad]]
Medical facilities in general vary. A majority of hospitals are extremely well equipped, clean, and possess all of the latest technologies, while there are some that are well below Western standards, with shortages in medication and neglected equipment.

Ensure that all of your vaccinations are up to date, and you have sufficient amounts of any prescription medicine you may be taking. Pharmacies are common in major cities and carry quality Western medications.

Quality of tap water varies around the country, and may even be variable within cities. In old buildings tap water can be non-potable. In the big cities of European Russia, the water is clean of biological contaminants, but often suffers from the presence of heavy metals, due to outdated city plumbing. If you can't buy bottled water, boil water before drinking, or better yet use a special filter for tap water, which you could buy in any supermarket. Bottled water costs only about for .

Besides local doctors (generally good quality but often working in poor facilities) there are several Western-styled medical centres in major Russian cities. These all have different policies for payment so make sure you know what you are paying for (and when and how) before you agree to any services.

Be careful not to buy fake vodka, which can be dangerous (seriously here, 'dangerous' doesn't mean 'strong'; it can contain methanol). Only buy vodka in large stores or specialized ones, with the sticker over the cap and/or the region's barcode on the side.

Significant number of food stores, including some food/goods chains, standalone food shops, kiosks and food markets are famous for selling food of bad quality, including out-of-date or even out-of-date with expire date reprinted with a later date. Although most of them are quite good, when possible, check the quality of the food with visual observation, don't especially trust expire date labels, that are added in a replaceable way. Also you can take note of what others are buying, sometimes you can even ask other buyers which product is better, it's considered normal. That could help you make a good choice. Examples of usually bad quality food sold are most of fish products, including smoked and spicy salted (be especially care), pre-made salads, fresh vegetables and fruits, when you can't handpick them (at markets check them after shop-women picked them for you, you can usually change those you don't like, at shops they usually don't allow to change, and use to add some bad ones into bag), vegetables conservatives sold with discount (and with older production date usually), cheaper dairy products, though less consistent, checking what others buy may help you here. Producers of juices can not mark their production as juice (rus: сок) if it isn't 100% juice. Today, all low quality juices marked as nectar (rus: нектар) a"
Q1037,Rwanda,"thumb|left|[[Butaro Hospital at Burera, Northern Province |alt=Photograph depicting a hospital building, with Rwandan flag, viewed from the entrance pathway]]
The quality of healthcare in Rwanda has historically been very low, both before and immediately after the 1994 genocide. In 1998, more than one in five children died before their fifth birthday, often from malaria.

President Kagame has made healthcare one of the priorities for the Vision 2020 development programme, boosting spending on health care to 6.5% of the country's gross domestic product in 2013, compared with 1.9% in 1996. The government has devolved the financing and management of healthcare to local communities, through a system of health insurance providers called mutuelles de santé. The mutuelles were piloted in 1999, and were made available nationwide by the mid-2000s, with the assistance of international development partners. Premiums under the scheme were initially US$2 per annum; since 2011 the rate has varied on a sliding scale, with the poorest paying nothing, and maximum premiums rising to US$8 per adult. , more than 90% of the population was covered by the scheme. The government has also set up training institutes including the Kigali Health Institute (KHI), which was established in 1997 and is now part of the University of Rwanda. In 2005, President Kagame also launched a programme known as The Presidents' Malaria Initiative. This initiative aimed to help get the most necessary materials for prevention of malaria to the most rural areas of Rwanda, such as mosquito nets and medication.
thumb|Historical development of life expectancy in Rwanda
In recent years Rwanda has seen improvement on a number of key health indicators. Between 2005 and 2013, life expectancy increased from 55.2 to 64.0, under-5 mortality decreased from 106.4 to 52.0 per 1,000 live births, and incidence of tuberculosis has dropped from 101 to 69 per 100,000 people. The country's progress in healthcare has been cited by the international media and charities. The Atlantic devoted an article to ""Rwanda's Historic Health Recovery"". Partners In Health described the health gains ""among the most dramatic the world has seen in the last 50 years"".

Despite these improvements, however, the country's health profile remains dominated by communicable diseases, and the United States Agency for International Development has described ""significant health challenges"", including the rate of maternal mortality, which it describes as ""unacceptably high"", as well as the ongoing HIV/AIDS epidemic. According to the American Centers for Disease Control and Prevention, travellers to Rwanda are highly recommended to take preventive malaria medication as well as make sure they are up to date with vaccines such as yellow fever.

Rwanda also has a shortage of medical professionals, with only 0.84 physicians, nurses, and midwives per 1,000 residents. The United Nations Development Programme (UNDP) is monitoring the country's healt"
Q18013,Sacramento,"Downtown has a lot of one-way streets which can be confusing and are not always well marked so look at the direction in which cars are parked.

Sacramento is generally a safe place to visit. As with any other urban area, no matter where you are, stay safe. Be aware of your surroundings, lock your car doors, don't carry a large amount of cash, and don't wear flashy clothing or jewelry.

As with other large metropolitan areas, there are neighborhoods that deserve more caution than others at night. Be cautious while in the following areas:

* South Sacramento Area—especially at night. It has been cleaned up but there are still rough patches especially around Martin Luther King Junior Boulevard, Fruitridge Road, Franklin Boulevard, Mack Road, and Meadowview Road.
* North Highlands — Watt Avenue between Roseville Road and I-80 can be unsafe at night. The motels at Longview Drive and I-80 are among the worst in the north Sacramento area and are best avoided.
* Del Paso Heights used to be of the worst crime infested areas in the Sacramento Region, but has attracted numerous galleries, boutiques and restaurants. Stay safe, but there's no reason to avoid it."
Q36947,Salvador,"As elsewhere in Brazil, some beaches in Salvador are not suitable for bathing, and conditions can change frequently. On the day of your visit, check the latest weekly bathing bulletin (in Portuguese, boletim de balneabilidade) of the state's Environment Department (INEMA)."
Q683,Samoa,"A measles outbreak began in October 2019. By the time the outbreak subsided in early January, the number of deaths reached 83 (0.31 per 1,000, based on a population of 201,316) and over 4,460 cases (2.2% of the population) of measles in Samoa, mainly children under four years old, and 10 reported cases in Fiji."
Q2471,Sanaa,"As of October 2016, there are 88 health facilities in the Sanaa metro area. These include 5 primary-level health units (covering 1,000–5,000 people each), 56 health centres (covering over 50,000 people each — higher than the national average of 36,340, as well as the recommended standard of 5,000–20,000 per health centre), and 19 hospitals (covering on average some 390,000 people, over twice the recommended amount of 150,000 each). The hospitals have on average 6.9 beds per 10,000 people, which is slightly above the national average of 6.2 but well below the recommended minimum of 10. As of 2016 there are also 25 ambulances in the city. As of 2019, 77 healthcare facilities in Sanaa are supported by Health Cluster partners, including provision of outpatient consultations, medical interventions, fuel and water support, and staff training.

Sanaa's healthcare providers also serve people from surrounding governorates. It is one of two Yemeni cities offering tertiary healthcare services. The largest of the country's 6 blood transfusion centres is located at Sanaa's As-Sabeen Maternal Hospital. Additionally, most of Yemen's 40 providers of psychiatric care are located in Sanaa as of 2016.

The ongoing conflict has severely affected the health sector in Sanaa. In 2018, the total cost of damage to the health sector in Sanaa was estimated to be between 191 million and US$233 million. As of 2016, there was a ratio of 20 healthcare workers for every 10,000 people; this ratio had decreased to 14 by 2018, well below the World Health Organization's recommended minimum of 22 health staff per 10,000 people. There are severe shortages of medicines in Sanaa, with 57 types of cancer medicines and 8 kidney dialysis medicines being commercially unavailable. Those medicines that are available are subjected to large price increases. On 27 April 2018, As-Sabeen Maternal Hospital was hit by an airstrike and made inoperational. As of 2020, no information is available about its status.

Additionally, the closure of Sanaa International Airport to commercial flights in August 2016 prevented Yemenis from traveling abroad to receive specialised medical treatment unavailable in the country. Before it shut down, an estimated 7,000 Yemenis traveled through the airport to do so, including treatment for heart, kidney, and liver conditions, blood conditions, and cancer.

Sanaa was hit hard by the cholera outbreak in Yemen that lasted from 2016 to 2022, with Bani al-Harith District reporting the highest number of cases in January–August 2019. The Amanat al-Asimah governorate also had the second-highest number of measles cases in Yemen in 2019, behind only Saada Governorate.

In May 2020, during the coronavirus pandemic, the local Houthi authorities responded by closing down several markets and locking down streets in 10 districts after suspected cases rose. At the same time, however, they have been suppressing all information about the scale of the outbreak, refusing to re"
Q975,San Antonio,"By American standards, San Antonio is safe for its size; despite a rather high poverty rate and the racial tensions that flared up around the country since 2017, the Alamo City managed to avoid most of the crime waves that hit other American cities during the pandemic. As long as you take elementary precautions, you'll have a fantastic time. Even when there are crowds for such events like the Alamo Bowl, it is still relatively safe. The River Walk always has something going on, but if you're in one of the quieter spots at night, exercise some caution. 

San Antonio has a high rate of cars break-ins. Do not leave any belongings in your car.

Some neighborhoods in the east (Eastwood Village, Wheatley Heights, Arena District) should be approached with caution at night, though they are of little interest to tourists unless you. In San Antonio, if a place looks iffy, don't go there at night.

San Antonio has a large homeless population with several large encampments which are to be avoided. The most notable is directly adjacent to the central Via Bus Station / HQ at 123 N. Medina St. You can mostly avoid uncomfortable or dangerous interactions by keeping a reasonable distance and not engaging with aggravated individuals. However, the vast majority of homeless people in San Antonio are passive and will not bother anyone."
Q16552,San Diego,"thumb|left|[[San Diego Police Department]]
Like most major cities, San Diego had a declining crime rate from 1990 to 2000. 1991 would mark the city's deadliest year, registering 179 homicides within city limits (while the region as a whole peaked at 278 homicides), capping off an unabated, eight-year climb in murders, rapes, robberies, and assault dating back to 1983. At the time, the city was ranked last among the 10 most populous U.S. cities in homicides per 1,000 population, and ninth in crimes per 1,000. From 1980 to 1994, San Diego surpassed 100 murders ten times before tapering off to 91 homicides in 1995. That number would not exceed 79 for the next 15 years. Crime in San Diego increased in the early 2000s. In 2004, San Diego had the sixth lowest crime rate of any U.S. city with over half a million residents. From 2002 to 2006, the crime rate overall dropped 0.8%, though not evenly by category. While violent crime decreased 12.4% during this period, property crime increased 1.1%. Total property crimes per 100,000 people were lower than the national average in 2008.

According to Uniform Crime Report statistics compiled by the Federal Bureau of Investigation (FBI) in 2010, there were 5,616&nbsp;violent crimes and 30,753&nbsp;property crimes. Of these, the violent crimes consisted of forcible rapes, 73 robberies and 170 aggravated assaults, while 6,387&nbsp;burglaries, 17,977&nbsp;larceny-thefts, 6,389 motor vehicle thefts and 155 acts of arson defined the property offenses. In 2013, San Diego had the lowest murder rate of the ten largest cities in the United States."
Q62,San Francisco,"thumb|left|[[SFPD mounted police officers]]

San Francisco's violent crime rate is low compared to other major cities.

In 2011, 50 murders were reported, which is 6.1 per 100,000 people. There were about 134 rapes, 3,142 robberies, and about 2,139 assaults. There were about 4,469 burglaries, 25,100 thefts, and 4,210 motor vehicle thefts. The Tenderloin area has the highest crime rate in San Francisco: 70% of the city's violent crimes, and around one-fourth of the city's murders, occur in this neighborhood. The Tenderloin also sees high rates of drug abuse, gang violence, and prostitution. 

Another area with high crime rates is the Bayview-Hunters Point area. In the first six months of 2015 there were 25 murders, compared to 14 in the first six months of 2014. However, the murder rate is still much lower than in past decades. That rate rose again by the close of 2016. According to the San Francisco Police Department, there were 59 murders in the city in 2016, an annual total that marked a 13.5% increase in the number of homicides (52) from 2015.Bodley, Michael (January 4, 2017). ""SF cops say they notch 2 arrests in last 2 homicides of 2016"". SFGate. Retrieved January 17, 2017. The city has also gained a reputation for car break-ins, with over 19,000 car break-ins occurring in 2021.

During the first half of 2018, human feces on San Francisco sidewalks were the second-most-frequent complaint of city residents, with about 65 calls per day. The city has formed a ""poop patrol"" to attempt to combat the problem.
thumb|right|SFPD [[parking enforcement officers]]

Several street gangs have operated in the city over the decades, including MS-13, the Sureños and Norteños in the Mission District.

African-American street gangs familiar in other cities, including the Bloods, Crips, and their sets, have struggled to establish footholds in San Francisco, while police and prosecutors have been accused of liberally labeling young African-American males as gang members.
 
Criminal Triad groups, such as the Wo Hop To, were active in San Francisco in the 20th century. 

According to statistics released by SFPD in April 2024, the crime figures were down in the first 100 days of the year, namely in terms of robberies, burglaries and larceny. In the first half of 2024, San Francisco experienced a 32% decrease in overall crime compared to the previous year. Personal property theft saw a 41% reduction, and violent crimes, including gun-related incidents, decreased by 30%."
Q16553,San Jose,"Like most large cities, crime levels had fallen significantly after rising in the 1980s. From 2002 to 2006, Morgan Quitno Press named San Jose the safest city in the United States with a population over 500,000 people. Crime in San Jose had been lower than in other large American cities until 2013, when crime rates in San Jose climbed above California and U.S. averages.

In 2020, violent crime per 100,000 people has been the lowest the city has seen in 2017 while the homicide rate has been the highest since 2016; property crime per 100,000 people has been the lowest the city has seen in over ten years.

;2021 mass shooting

On May 26, 2021, a mass shooting occurred at a Santa Clara Valley Transportation Authority (VTA) rail yard in San Jose. Ten people were killed, including the gunman, 57-year-old VTA employee Samuel James Cassidy, who shot and killed himself. The shooting led to a day-long suspension of light rail services in the area. It is the deadliest mass shooting in the history of the San Francisco Bay Area.

In June 2021, roughly a month following the shooting, San Jose became the first city in the United States to require gun owners to carry liability insurance after a unanimous vote by the city council."
Q1848,San Marino,"This is a very healthy place. If you become ill, procedures are the same as the European Union, although serious conditions will likely see you transferred to Rimini.

Tap water is drinkable."
Q3110,San Salvador,"San Salvador has had a history of violence. San Salvador was considered the most dangerous city in the world in 1992. Today, El Salvador has made tremendous progress combatting crime with a hard-line approach to the gang crisis. The current homicide rate sits at one of the lowest in the Americas at 2.4 per 100,000. At one point it had some of the highest homicide rates in the world, and it was an epicenter of the gang crisis, along with Guatemala and Honduras. Still some precautions should be observed and common sense should prevail.

To stay safe:
* Don't walk on streets that look abandoned and dark.
* Use only licensed taxis or rent a car. If you are adventurous, watch your valuables and put away jewelry when using the public buses. Most major hotels have taxis that they have approved as safe and legitimate. If unsure about a taxi, call your hotel and they can generally have a safe taxi dispatched to your location.
* At best, walk in tourist areas.

You are not likely to have a problem in the malls or inside major stores or museums, and most public buildings are full of security guards, alarms, fire extinguishers, etc.

In San Salvador’s downtown areas, the malls, the Zona Rosa, most tourist attractions, and the upmarket neighborhoods are generally the safest areas. Doing your homework and avoiding gangland areas will ensure you have a hassle free and enjoyable experience.

No matter how adventurous you may feel, it is strongly advisable to stay away from the city's poorer districts of Soyapango, Barrio Mejico and Apopa and their surroundings on the east and north sides of the city."
Q34820,Santo Domingo,"Poverty, though not as bad as next door Haiti, is still rampant and it is best you take precautions. Do not flash obvious wealth in poorer or middle class sections of the city (lots of jewelry, expensive camera, big watches, etc.) Keep your bag away from the street when walking as it can be snatched by kids on mopeds and keep a firm grip on it. Keep your passport at your accommodation and in a safe (some maids can steal). If you are Caucasian or Asian (no matter how you are dressed), expect to have a lot of insincerely friendly people on the streets follow you and strike up conversation with you. They are only talking to you in order to get money from you. They inevitably steer the conversation towards money and are looking for handouts or, worse, 'protection money' to protect you from the more undesirable elements of society. Do not engage in a conversation with them in the first place, as they are very persistent and could even follow you until you relent. When walking on the side walk do not stand too close to the street. There are robbers on mo-peds/motorcycles that will pass by and yank your purse from you. Some men and maybe even women carry a gun on them; do not let this alarm you. You will see men in civilian clothes relaxing on their patio or on the streets playing dominoes, with a gun they could be security guards.

Walk confidently. Don't dress like a tourist. Be yourself but if yourself is flashing Gucci and Prada where ever you go, maybe you need to dress down a bit. If you get lost at any time ask a local person walking by for directions. They are always more than happy to help foreigners at everything. Do not follow anyone that offers to take you to your destination. They will usually expect some payment for their effort. Even worse, they could be setting you up.

Be careful when trying to get an Uber in a touristic area (such as the Zona Colonial and the Los Tres Ojos entrance). Often you will have people in uniforms, taxi drivers or even the Tourist Police coming to you and forcing you to take local run-down taxi instead. They might even follow you if you refuse. Be aware of your surroundings, do not appear like you are waiting for an Uber (e.g. by standing on the side of the street while checking your phone the whole time), and find a safe place to get an Uber (such as inside a chain restaurant or a supermarket).

Do not drink the tap water. It is not processed to be ingested by people. You can get sick. Bottled water is really cheap and sold everywhere. Ice is okay.

The National Police (Policía Nacional) and the Tourist Police (Policía Turística) are in charge of implementing the city safety. The national police station is at Av. Leopoldo Navarro #402, you can also contact +1 809-682-2151 for the central line, but in case of an emergency dial 911."
Q3932,São Tomé,"Safety is not an issue in São Tomé, though the roadway traffic is hazardous as in other parts of Africa. Violent crime in public is almost unheard of. However, with an increase in tourism there has been an increase in crime against tourists.

The Typhoid fever vaccine is not required of foreign visitors, but is advisable."
Q1039,São Tomé and Príncipe,See Health in São Tomé and Príncipe
Q851,Saudi Arabia,"There are no major health risks for traveling in Saudi Arabia: water is generally drinkable, and food is usually, but not always, hygienic. No vaccinations are required for general travel to the Kingdom, but for pilgrims joining the Hajj and its extraordinary concentrations of pilgrims from all corners of the globe, a comprehensive series of vaccinations is required as a condition for entry. See the Hajj article for details.

Smoking is the one sin that clerics haven't got around to banning yet, and consequently everybody smokes everywhere: hotel lobbies, airport lounges, shopping mall food courts, drivers in their taxis, etc. If this is a problem, be sure to request non-smoking rooms in hotels.

The Kingdom has a wide-reaching national health-care system, but the services provided by this program are quite basic. Private hospitals are often run with the participation of foreign partners. These facilities range from fairly rudimentary to very advanced and very expensive. Pharmacies are widely available, and prescriptions are not required for most medications. Psychoactive medications are tightly controlled and available only through government pharmacies.

Tap water in the major cities is generally considered safe, although it's not always particularly tasty, and in the summer can be very hot. In the winter floodwater can seep into tanks, with an estimated 70% of storage in Jeddah affected by major flooding in January 2011 and some cases of dysentery reported.

Bottled water is readily available and cheap at SR2 or less for a 1.5 litre bottle, so many visitors and residents choose to play it safe. Many residents prefer to buy drinking water from purification stations."
Q5083,Seattle,"Smog can cover the skies of Puget Sound when high pressure causes still air, typically during the hottest days of summer and the (rare) sunny and dry days in winter, as there is no wind to clear out pollutants and moisture. If an Air Stagnation Advisory or Burn Ban is issued, take precautions if you have breathing problems. On these days, consider heading to the mountains, where you're more likely to experience sunshine and slightly warmer temperatures.

Wildfire smoke sometimes drifts in, most often during August and September. If you have breathing problems, you should take precautions. Unfortunately, the usual remedy of heading to the mountains doesn't work.

Smoking is not allowed in any public places, and must be done at least 25 feet away from doors, windows, or ventilation shafts.

Tap water is safe to drink. It is among the best quality in the United States, from undisturbed and uncontaminated water sources fed by snow melt in the Cascade Mountains. It's probably better than your average bottled water!"
Q1041,Senegal,"Get necessary vaccines before arrival. Officially, certification of yellow fever vaccine is required upon arrival if coming from a country in a yellow fever zone, but it is not commonly checked.

Take anti-malarials.

Avoid tap water and all dishes prepared with it. Bottled water, such as Kirene which is most common and bottled in Senegal, is widely available and inexpensive.

To prevent serious effects of dehydration, it is wise to carry around packets of rehydration salts to mix with water, should you become dehydrated. These are widely available at pharmacies and are inexpensive. Alternatively, a proper mix of table salt and sugar can replace these.

Emergency numbers and contact details for health services:

* Ambulance (SAMU): 15 15
* SOS Médecins: +221 33 889 15 15 15
* Hôpital Principal (Dakar): +221 33 839 50 50 (poste 5555)
* Clinique de la Madeleine (Dakar): +221 33 889 94 70
* Clinique de l'Océan (Dakar): +221 33 825 69 37"
Q403,Serbia,"Tap water is generally safe to drink, and mainly of a good quality, too, albeit heavily chlorinated in some areas. Urban areas (especially Belgrade) should be noted for their particularly hard water, which gives the water a cloudy look that dissipates after a couple of seconds. There are also many springs and fountains with excellent-quality drinking water - the most popular ones being the fountain on Knez Mihailova in Belgrade, and the many fountains in the city of Nis.

Pay attention to water in Vojvodina. Some regions (like Kikinda and Zrenjanin) have heavily polluted water that is not even used for cooking, only as industrial water and is not safe to drink. If you aren't sure, asking a local is always a safe bet. 

Emergency care is always free. Serbian public healthcare is generally not up to the standards of Western European nations and acquiring care under it is very hard for travelling foreigners, although private clinics exist throughout almost all urban areas and offer an excellent quality of care, albeit at a price. Getting good travel insurance is highly recommended as Serbia is not an EU member state and generally does not recognize the EHIC card, with few exceptions. Some notable private networks offering services in English include MediGroup (english site), Euromedik and Belmedic (Belgrade only). 

The Serbian National Health Insurance Fund, responsible for the payment of public healthcare in Serbia, does maintain agreements with several nations (site in Serbian) from which health insurance is recognized, although exercising the right to this might be very difficult for foreigners to achieve."
Q15174,Shenzhen,"Despite its sensationalized reputation among Hong Kong residents for being crime-ridden during the 2000s, Shenzhen's crime rate compares favorably with those of American and European cities of similar size. Violent crime is rare, and it is generally safe for women to walk down the street alone at night. Nevertheless, as always, a little common sense goes a long way.

The main crimes tourists are likely to encounter are scams and petty thefts. Pickpocketing is not as common as it used to be because the popularity of mobile payments means that many locals do not carry cash on them, but be careful in crowded shopping centres, subway trains, buses, stations and around the theme parks - keep your wallet in your front pocket.

Being scammed is not as common as in Beijing or Shanghai but be alert for people touting for business (massage, watches, shoes etc.) around the Luohu area, as they sell below-standard fakes at inflated prices. The 'touts' in Luohu bus station are not necessarily touts — there is no ticket office so they are simply there to direct you to your bus and don't require any payment — you should buy your ticket on the bus.

You will encounter beggars but they are confined to a few places. Notable among these places are border crossings, underpasses, Shekou and Christian churches. Ordinary Chinese rarely give beggars money so they concentrate in places where the punters are either ignorant or have just heard a sermon. They are not aggressive and are mostly harmless; just ignore them and you will be left alone. Give money at your own risk — beggars are controlled by criminal gangs and your donation will be funding organized crime — giving food or a drink is more beneficial to them. Particularly avoid giving money to child beggars. There have been several high profile court cases against gangs who buy children from impoverished families, mutilate them, and use them in the begging racket.

As an industrial megacity, Shenzhen has a smog problem. Though it's nothing compared to the notorious smog levels in some northern Chinese cities, you may notice it if you're from somewhere with clean air. Tap water is safe to drink in the Meilin district and several nearby districts, but probably not in the area where you are staying. Use the free bottled water or distilled water provided by your hotel or buy some. It's easily available in all convenience stores and supermarkets. However, if you are buying water for ¥5 a bottle, you are getting ripped off. Hepatitis is common in China and is most usually spread by eating undercooked food. Ask for ""gōng kuài"" if they aren't provided. Otherwise minor travellers' stomach upsets are the worst things which you have to fear health-wise.

Driving in China can be dangerous, and care should be taken when crossing the street.

Prostitution is common — particularly around Luohu and Shekou. Scantily-clad, available-looking women may be prostitutes. However, be aware that prostitution is illegal in China"
Q1044,Sierra Leone,"The CIA estimated that the average life expectancy in Sierra Leone was 57.39 years.

The prevalence of HIV/AIDS in the population is 1.6%, higher than the world average of 1% but lower than the average of 6.1% across Sub-Saharan Africa.

Medical care is not readily accessible, with doctors and hospitals out of reach for many villagers. While free health care may be provided in some villages, the medical staff is poorly paid and sometimes charge for their services, taking advantage of the fact that the villagers are not aware of their right to free medical care.

According to an Overseas Development Institute report, private health expenditure accounts for 85.7% of total spending on health.DuBois, Marc, and Caitlin Wake, with Scarlett Sturridge and Christina Bennett (2015) ""The Ebola response in West Africa: Exposing the politics and culture of international aid"" . London: Overseas Development Institute

Having had no formal emergency medical services previously, the First Responder Coalition of Sierra Leone (FRCSL) was formed in June 2019 in Makeni to facilitate the development of emergency first responder programs nationwide. The founding members of the Coalition included the Sierra Leone Red Cross Society (the first chairing organisation), LFR International (proposed the formation), the University of Makeni, Agency for Rural Community Transformation, and the Holy Spirit Hospital. The establishment of the Coalition was concurrent with the declaration by the 72nd World Health Assembly that emergency care systems are essential to universal health coverage. Between June and July 2019, the FRCSL trained 1,000 community members from Makeni to be first responders and equipped each with a first aid kit.

Sierra Leone suffers from epidemic outbreaks of diseases, including yellow fever, cholera, Ebola, lassa fever and meningitis. Yellow fever and malaria are endemic to Sierra Leone.

According to 2017 estimates, Sierra Leone has the third highest maternal mortality rate in the world.Country Comparison: Maternal Mortality Rate . The World Factbook Central Intelligence Agency. For every 100 liveborn children, one mother dies due to complications of giving birth.

In the Multiple Indicator Cluster Survey (MICS) conducted by UNICEF in 2012, the prevalence of female genital mutilation in Sierra Leone was 94%.Sipsma, Heather L., et al. ""Female Genital Cutting: Current Practices and Beliefs in Western Africa."" Bulletin of the World Health Organization 90.2 (2012): 120–127F. Print. , Sierra Leone was estimated as having the 11th highest infant mortality rate in the world.Country Comparison :: Infant Mortality Rate . The World Factbook Central Intelligence Agency.

One of the consequences women in Sierra Leone face after a prolonged and obstructed labour that would have required a c-section is obstetric fistula. This condition often drives women into poverty and isolation.

The AWC- Aberdeen Women's Centre in Freetown, the second busiest hospital in"
Q334,Singapore,"Tap water is safe for drinking with very high sanitation standards. The hot and humid climate means that drinking plenty of water is advisable.

Malaria is not an issue, but dengue fever is endemic to the region and there are occasional cases of Zika virus. Singapore maintains strict mosquito control (leaving standing water around will get you fined), but the government's reach does not extend into the island's nature reserves, so if you're planning on hiking bring along mosquito repellent.

The standard of medical care in Singapore is uniformly excellent, and Singapore is a popular destination for medical tourism and medical evacuations in the region. Despite the lower prices, standards are usually as good as those in the West at both public and private clinics and hospitals, making this a good place to get your jabs and tabs if heading off into the jungle elsewhere. You'll still want to make sure your insurance is in order before a prolonged hospitalisation and/or major surgery.

For minor ailments, head down to the nearest suburban shopping mall or HDB shopping district and look for a general practitioner (GP), or do a search in SingHealth's comprehensive Find-a-GP directory. They usually receive patients without appointment and can prescribe drugs on the spot or refer you to specialists, and the total cost of a consultation, medicine included, rarely exceeds $30. Public polyclinics, while cheaper for locals, are usually more expensive at unsubsidised rates (from $50) and generally have longer waits. All clinics, private or public, are generally only open during business hours Monday-Friday and Saturday mornings.

* 

For urgent problems, head to a hospital emergency department or call 995 for an ambulance. The ambulance is free in the event of a genuine medical emergency, but you will be charged a $274 callout fee and refused transport otherwise. Public hospitals are heavily subsidised by the government for Singapore citizens and permanent residents, but will charge the full rate for visitors. They are legally required to provide emergency medical care regardless of your ability to pay, but you will be billed at a later date.

*Raffles Hospital, Raffles Medical Group (near Bugis MRT station). [Tel: +65 6311 1111 +65 6311 1111]. 585 North Bridge Road. Singapore's largest homegrown private healthcare provider. Raffles Medical Group is the only private medical provider in Singapore that owns and operates a fully integrated healthcare organization comprising of a tertiary hospital, a network of family medicine and dental clinics, insurance services, Japanese and traditional Chinese medicine clinics, and a consumer healthcare division. Raffles Accident and Emergency (A&E) Department is fully equipped and staffed to manage high-risk injuries and critical medical conditions.
*
*
*
*
*
*

Alternatively, practitioners of traditional Chinese medicine (TCM) are widespread in Singapore. Eu Yan Sang runs a chain of over 20 clinics, while"
Q384,Skopje,"Skopje has several public and private hospitals and specialised medical institutions, such as the Filip II Hospital, a psychiatric hospital, two obstetric hospitals, a gerontology hospital, and institutes for respiratory and ocular diseases. In 2012, Skopje had a ratio of one physician per 251.6 inhabitants, a figure higher than the national ratio (one per 370.9). The ratio of medical specialists was also higher than in the rest of the country. However, the ratio of hospital beds, pharmacists and dentists was lower in Skopje. The population in Skopje enjoys better health standards than other Macedonians. In 2010, the mortality rate was at 8.6‰ in Skopje and 9.3‰ on the national level. The infant mortality rate was at 6.8‰ in Skopje and 7.6‰ in North Macedonia."
Q214,Slovakia,"thumb|Liptovská Mara water reservoir in [[Central Slovakia]]
No vaccination is necessary to visit or stay in Slovakia, although if you plan to visit countryside areas, a tick vaccination is recommended. Hepatitis A and B vaccination is also advisable as with all European countries.

Despite its many issues, the standard of healthcare is relatively high, but the language barrier might be a problem as not many doctors speak English. However, this should not be a problem in major towns, which have a Fakultná nemocnica.

The huge majority of foods and drinks are perfectly safe, and the hygiene standards in Slovakia are the same as elsewhere in the European Union.

Tap water is drinkable everywhere - according to one study, water used as tap water in the Bratislava-Vienna region is the cleanest in the world. If you prefer mineral waters, you can choose from a multitude of brands, since Slovakia has quite possibly the highest number of natural mineral water springs per capita.

The High Tatras might not be the biggest or tallest mountain range, but some trails may feature strenuous climbs, and rocky terrain, and the weather may prove unpredictable. Take proper gear, do not overestimate your abilities, and use common sense.

If you decide to swim in the local rivers/natural pools/lakes, as many locals do, remember that unless expressly stated otherwise, these activities are not supervised by a lifeguard, and you are doing so at your own risk.

Ticks can be found in the countryside forests and also sometimes in larger parks, and in some areas they may carry tick-borne encephalitis. When going hiking try to avoid thick undergrowth and always check all over your body when you return (ticks tend to seek warm spots), as ticks reside in bushes and tall grass. Remove the tick as soon as possible, by gently wiggling it out of the bite by its head (never break off or squeeze the body as the head will stay lodged in the skin and might become infected). Do not touch the tick at any stage with bare hands, use tweezers and latex gloves.

There are no over-the-counter drugs sold in Slovakia in supermarkets or drug stores, you will need to head to a pharmacy even if you just need an aspirin. Even in smaller cities, there should be one open 24/7. Look out for the nearest green cross sign - even if this particular pharmacy is closed, a sign in the door will point you towards the nearest open one. If you need a specific medicine, make sure you have your prescription ready as many drugs require it."
Q215,Slovenia,"There are no unusual health concerns in Slovenia. Hygiene standards are high and tap water is potable.

While in nature, always use tick repellents, due to the Borreliosis and Meningitis danger. Borreliosis is very widespread in the country.

There are two species of venomous adders in the Julian Alps. You are unlikely to be bitten, but if you are, you should seek medical help as antiserums are available (although actually seldom administered). In the forests in the south, you may encounter a bear; Slovenia contains the highest bear population in Europe, but attacks are very rare. Normally, in countries that have been domesticated for several thousand years, the indigenous wild fauna will be either very skittish or very comfortable with humans. It depends on the area you are in, of course, but use your head. If you go camping in the Julian Alps and bring a lot of sausage and bacon, chances are you will attract some unwanted visitors."
Q472,Sofia,"With a murder rate of 1.7/per 100.000 people () Sofia is a relatively safe capital city. Nevertheless, in the 21st century, crimes, including Bulgarian mafia killings, caused problems in the city, where authorities had difficulties convicting the actors, which had caused the European Commission to warn the Bulgarian government that the country would not be able to join the EU unless it curbed crime (Bulgaria eventually joined in 2007). Many of the most severe crimes are contract killings that are connected to organised crime, but these had dropped in recent years after several arrests of gang members. Corruption in Bulgaria also affects Sofia's authorities. According to the director of Sofia District Police Directorate, the largest share of the crimes are thefts, making up 62.4% of all crimes in the capital city. Increasing are frauds, drug-related crimes, petty theft and vandalism.Crime Rates in Bulgaria's Sofia on the Rise Novinite According to a survey, almost a third of Sofia's residents say that they never feel safe in the Bulgarian capital, while 20% always feel safe. , the consumer-reported perceived crime risk on the Numbeo database was ""high"" for theft and vandalism and ""low"" for violent crimes; safety while walking during daylight was rated ""very high"", and ""moderate"" during the night. With 1,600 prisoners, the incarceration rate is above 0.1%;The prison in Sofia . Gdin however, roughly 70% of all prisoners are part of the Romani minority."
Q685,Solomon Islands,"In 2018, there were 59,191 confirmed cases of malaria infections, of which 59.3% (35,072) were Plasmodium vivax and 26.7% (15,771) Plasmodium falciparum. A small-scale study had once reported a 20% case of Chlamydia trachomatis out of 296 women. In 2021, the top cause of deaths, according to the WHO, was ischaemic heart disease, followed by stroke and diabetes mellitus. Another prevalent case is the Zika virus and Dengue virus. Dengue fever in the country was first reported in 1982 in Honiara. A subsequent outbreak in 2013 resulted in its first reported deaths. Later, the Solomon Islands recorded its first Zika virus outbreak in 2015."
Q1045,Somalia,"thumb|right|Life expectancy in Somalia, 1950 to 2023
Until the collapse of the federal government in 1991, the organisational and administrative structure of Somalia's healthcare sector was overseen by the Ministry of Health. Regional medical officials enjoyed some authority, but healthcare was largely centralised. The socialist government of former President of Somalia Siad Barre had put an end to private medical practice in 1972.Maxamed Siyaad Barre (1970) My country and my people: the collected speeches of Major-General Mohamed Siad Barre, President, the Supreme Revolutionary Council, Somali Democratic Republic, Vol. 3, Ministry of Information and National Guidance, p. 141. Much of the national budget was devoted to military expenditure, leaving few resources for healthcare, among other services.

Somalia's public healthcare system was largely destroyed during the ensuing civil war. As with other previously nationalised sectors, informal providers have filled the vacuum and replaced the former government monopoly over healthcare, with access to facilities witnessing a significant increase. Many new healthcare centres, clinics, hospitals and pharmacies have in the process been established through home-grown Somali initiatives. The cost of medical consultations and treatment in these facilities is low, at US$5.72 per visit in health centres (with a population coverage of 95%), and US$1.89–3.97 per outpatient visit and US$7.83–13.95 per bed day in primary through tertiary hospitals.

Comparing the 2005–2010 period with the half-decade just prior to the outbreak of the conflict (1985–1990), life expectancy actually increased from an average of 47 years for men and women to 48.2 years for men and 51 years for women.UNDP (2001). Human Development Report 2001-Somalia. New York: UNDP. Similarly, the number of one-year-olds fully immunised against measles rose from 30% in 1985–1990 to 40% in 2000–2005,World Bank and UNDP (2003). Socio-Economic Survey-Somalia-2004. Washington, D.C./New York: UNDP and World Bank. and for tuberculosis, it grew nearly 20% from 31% to 50% over the same period.

The number of infants with low birth weight fell from 16 per 1,000 to 0.3, a 15% drop in total over the same time frame.World Bank and UNDP (2003). Socio-Economic Survey-Somalia-1999. Washington, D.C./New York: UNDP and World Bank. Between 2005 and 2010 as compared to the 1985–1990 period, infant mortality per 1,000 births also fell from 152 to 109.6. Significantly, maternal mortality per 100,000 births fell from 1,600 in the pre-war 1985–1990 half-decade to 1,100 in the 2000–2005 period.UNDP (2006). Human Development Report 2006. New York: UNDP. The number of physicians per 100,000 people also rose from 3.4 to 4 over the same time frame, as did the percentage of the population with access to sanitation services, which increased from 18% to 26%.

According to United Nations Population Fund data on the midwifery workforce, there is a total of 429 midwives (including n"
Q34754,Somaliland,"thumb|upright=1|[[Edna Adan Maternity Hospital in Hargeisa]]
While 40.5% of households in Somaliland have access to improved water sources, almost a third of households lie at least an hour away from their primary source of drinking water. 1 in 11 children die before their first birthday, and 1 in 9 die before their fifth birthday.

The UNICEF multiple indicator cluster survey (MICS) in 2006 found that 94.8% of women in Somaliland had undergone some form of female genital mutilation; in 2018 the Somaliland government issued a fatwa condemning the two most severe forms of FGM, but no laws are present to punish those responsible for the practice."
Q258,South Africa,"There are a number of independent emergency assist companies in South Africa

* 
* 
* 

It is best to avoid public hospitals where possible. Private hospitals are of world class standard.

The major pharmacy chains found at shopping centres catering to tourists (e.g., Sandton City, V&A Waterfront) is Clicks and Dischem. Some supermarket chains like Checkers have in-store pharmacies.

South African pharmacies are generally comparable to their counterparts in Europe and North America. However, the retail shelves of South African pharmacies tend to have a smaller selection of drugs than their North American counterparts, and a more dietary supplements. South African pharmacies do carry many OTC drugs, but if you don't see them on the shelf, you'll have to ask for them at the counter when the pharmacist is in.

Municipal tap water is usually safe to drink throughout the country. In the Western Cape mountain water is safe, even if it has been stained brown due to vegetation. A strong risk of bilharzia exists for still-standing water.

Many activities in South Africa are outdoors, see the sunburn and sun protection travel topic for tips on how to protect yourself.

South Africa has one of the highest HIV infection rates world-wide. 5.4 million people out of a population of 48 million are HIV-positive.

The HIV infection rate in the total population older than 2 years varies from around 2% in the Western Cape to over 17% in KwaZulu-Natal, and all together 18.8% of South Africans over 15 years of age are HIV-Positive. One in four females and one in five males aged 20 to 40 is estimated to be infected.

thumb|Dawn in Kruger National Park

The north-eastern areas of the country (including the Kruger National Park and St. Lucia and surrounds) are seasonal malaria zones, from about November to May. The peak danger time is just after the wet season from March to May. Consult a physician regarding appropriate precautions, depending on the time of year you will be travelling. The most important defences against malaria are:
* using a DEET-based mosquito repellent
* covering your skin with long-sleeved clothing, especially around dusk; and
* using mosquito nets while sleeping.

Tabbard and Peaceful Sleep are commonly used mosquito repellents and can be bought almost anywhere.

Also read the Malaria and Mosquitoes travel topics.

Smoking is banned in all enclosed public spaces, these include airports, pubs, shopping malls and theaters. However, this is largely ignored.

Most restaurants do have smoking sections, either ventilated indoor areas or outdoor open areas."
Q884,South Korea,"thumb|Development of life expectancy in North Korea and South Korea
South Korea has a universal health care system. Health at a Glance 2015 |OECD READ edition . Keepeek.com. Retrieved June 20, 2016. According to Health Care Index rankings, it has the world's second-best healthcare system. South Korean hospitals have advanced medical equipment and facilities readily available, ranking 4th for MRI units per capita and 6th for CT scanners per capita in the OECD. Health at a Glance 2015 |OECD READ edition . Keepeek.com. Retrieved June 20, 2016. It also had the OECD's second largest number of hospital beds per 1000 people at 9.56 beds. Life expectancy has been rising rapidly and South Korea ranked 6th in the world for life expectancy at 83.5 years in 2023. It also has the third highest health adjusted life expectancy in the world. Suicide in South Korea is the 12th highest in the world according to the World Health Organization, as well as the highest suicide rate in the OECD."
Q958,South Sudan,"South Sudan is acknowledged to have some of the worst health indicators in the world. The under-five infant mortality rate is 135.3 per 1,000, whilst maternal mortality is the highest in the world at 2,053.9 per 100,000 live births. In 2004, there were only three surgeons serving in southern Sudan, with three proper hospitals, and in some areas there was just one doctor for every 500,000 people.

The epidemiology of HIV/AIDS in the South Sudan is poorly documented but the prevalence is believed around 3.1%. According to a 2013 study, South Sudan ""probably has the highest malaria burden in sub-Saharan Africa""."
Q29,Spain,"The health care system of Spain (Spanish National Health System) is considered one of the best in the world, in 7th position in the ranking elaborated by the World Health Organisation.World Health Organization, World Health Staff, (2000), Haden, Angela; Campanini, Barbara, eds., The world health report 2000 – Health systems: improving performance (PDF), Geneva: World Health Organization, The health care is public, universal and free for any legal citizen of Spain. The total health spending is 9.4% of the GDP, slightly above the average of 9.3% of the OECD. The life expectancy in Spain has improved from 79.1 years in 2000 to 82.7 years in 2021."
Q854,Sri Lanka,"* Vaccinations are recommended for Hepatitis A+B and Tetanus. Typhus vaccination is also recommended for travellers heading outside of tourist areas especially in the wet season. The CDC also recommends vaccination against Japanese encephalitis.
* Dengue fever: During the rainy season use mosquito repellent. When head and joint aches occur see a doctor. There are two vaccines available: Dengvaxia and Qdenga.
* Chikungunya disease: this mosquito-borne viral infection has been reported by travellers in Galle as recently as October 2025. Its symptoms are painful and long-lasting. Wear DEET-based insect repellent and cover your skin where possible.
* Malaria: since 2016 Sri Lanka is declared malaria free zone by WHO
* Yellow fever: Sri Lanka, like the rest of Asia is free from yellow fever, but a vaccination certificate is required from travellers over 1 year of age coming from infected areas.
* Aggressive dogs are a problem in Sri Lanka — stray dogs can be found virtually anywhere in this country. While during the day they are too exhausted to pose a threat, at night they can become a serious issue — best to carry a stick at night for protection if you walk through badly light neigbourhood. Getting a Rabies vaccination could make sense, especially if you stay longer.
* Visitors should not drink tap water. Stick to bottled water for drinking and tooth-brushing.
* Although snake bites are extremely rare among tourists (comparable to being struck by lightning), anyone bitten should seek prompt medical care. This is true even if the bite doesn't result in any pain and swelling. The National Emergency number is 119. In Colombo, dial either 119 or if you want an emergency ambulance - 110.
* There are tiny little flies that live in the sand (inland only, not on the beaches). Any contact with the dry sand usually results in bites and subsequent painful itching.
* Outside of Colombo, tampons are hard to find. Bring enough for your trip.
As always, if you can't afford travel insurance, you can't afford to travel. Government hospitals are not free for tourists, regardless of what you may read online. Government hospitals are cheaper than private hospitals, but they take cash only, and do not accept travel insurance like private hospitals do."
Q36262,St. John's,"While St. John's is generally regarded as a safe city, increases in the crime rate have been reported. Panhandling is very common in downtown, however simply replying ""no"" or ignoring those individuals usually does the trick, while a few more may be more persistent. Very rarely will these people become violent, and are usually not a problem.

As in any other city of comparable size, use caution when travelling after dark. Common areas to avoid after dark include Buckmaster Circle, Old and New Penneywell Road, areas immediately around Hamlyn Road, Livingstone Street, Water Street west (Springdale Street west to the beginning of Waterford Bridge Road including Victoria Park) and Shea Heights. Most of these places are not areas which tourists would normally be in, and shouldn't be a huge problem.

Caution should be used when on George Street, especially on Friday and Saturday nights. With excessive drinking and drug use, there is a high tendency for people to turn violent. However, it's unlikely that you'll fall victim to assault if you keep out of trouble. Take caution at 24-hour restaurants and convenience stores across town, especially in the downtown area. Patrons from George Street often stagger into such restaurants after last call and can be violent, sometimes attacking unsuspecting individuals. As well, a rise in armed robberies in the metropolitan area have left 24-hour convenience an easy target for criminals.

However, with crime rates much lower than the national average, little is to fear about walking around St. John's at most times of day or night. With some basic caution, there is no reason why your visit to the city can't be a safe one."
Q38022,St. Louis,"St. Louis' designation as the ""most dangerous city in America"" should not deter the potential visitor. In reality St.&nbsp;Louis is just as safe as any other Midwestern city—that is to say, extremely safe in suburbs and wealthy neighborhoods, and quite dangerous in inner-city slums. The statistical discrepancy is because, unlike most cities, St Louis' municipal boundaries include mostly slums and very few suburb-like areas. The areas of the city proper that are most often visited by tourists, such as Downtown, the Central West End, and Forest Park, have quite low crime rates.

Some economically depressed North County suburbs like Wellston, Pagedale and parts of Normandy and Jennings, as well as many parts of North St.&nbsp;Louis city are unsafe. The post-war exodus to the suburbs has taken a huge economic toll on these areas, leaving many buildings abandoned, decaying, or demolished. East St. Louis, in Illinois, is also noted for its high crime rate (this is not true of Alton or Belleville, in Illinois to the north and south). When in the city, a general guideline (though politically incorrect and somewhat simplistic) is that areas north of Delmar Blvd are unsafe, and should be entirely avoided after dark. Most tourists, however, will have little reason to visit any of these places, so it should not present reason for much concern.

Some Metrolink stations are in areas some may find questionable after dark as well. But most downtown areas around Busch Stadium, and Union Station, as well as the St. Louis University area and commuter lots near the airport, are generally safe and patrolled.

St. Louis sits on a fault line, whose last big earthquake changed the course of the Mississippi River. Another earthquake remains a possibility, albeit a remote one according to most scientists.

St. Louis gets a lot of urban tornadoes, so make sure you understand tornado safety precautions."
Q1022,Stuttgart,"Stuttgart is quite safe. Even at night one may walk alone through the city without fear. One rare exception is the central city park, which should be avoided during late night hours. The biggest danger for a pedestrian in Stuttgart is probably the cars (or the bicycles in the parks). As the city centre is at the bottom of a relatively deep valley and the traffic situation is far from satisfactory, Stuttgart has an endemic smog problem that gets worse when the weather ""traps"" the air in the valley. While there are attempts to combat the air pollution, for example by issuing discounted or free public transit tickets on smog days, the problem is likely to persist for some time.

Pretty much the whole state of Baden-Württemberg is a risk zone for ticks. Some of them spread encephalitis or borreliosis. So keep your feet covered or use repellant in forest areas."
Q2907,Sucre,"The plain-clothed police officer scam seems to be popular (but seldom) in Sucre, especially targeting women travelers. Read all about it under Bolivia#Stay safe and be aware. If you are near the central plaza and this happens to you, walk there, as there are usually uniformed police there."
Q1049,Sudan,"thumb|Somewhere in the Upper Nile region
Sudan is a malarial region, so be especially cautious during the rainy season. Poisonous snakes, spiders and scorpions are common in the southern areas.

Be cautious when drinking water. Make sure you choose bottled water, or use purifying tablets. Also, avoid any fruit drinks, as they are obviously made with the local water. And remember, that any ice cubes (for example, in sodas) are only frozen local water.

On long trips (particularly during the hot season) on public transport it is often impossible - or would be expensive - to carry the amount of bottled water you need, and it may be scarce at certain remote stops. Therefore, keep plenty of your chosen means of purification close at hand (not in your luggage strapped to the roof!). Sanitation in some areas is nonexistent, so wash your hands frequently.

Food from streetside vendors is generally fine if it is being prepared and served frequently. Empty restaurants and street cafes often indicate that food is standing uncovered and unrefrigerated for hours at a time.

Sudanese currency is notoriously dirty, and even the Sudanese handle small bills as little as possible. A hint would be to carry antibacterial wipes or gel in your luggage to treat your hands after handling filthy currency notes or shaking too many unwashed hands.

Sudan reported Ebola outbreaks in 2004 and it is not advised to take local hospital treatments unless there is a real urgency. If you have malaria-like symptoms, seek medical assistance when possible, medical treatment is also available in many private clinics with high standards and reasonable prices. Here are some of these private clinics: (Doctors clinic, Africa St, Fidail medical center, Hospital road Downtown, Yastabshiron medical center, Riyadh area, Modern medical center, Africa St, International Hospital, Khartoum north-Alazhary St)

Schistosomiasis/Bilharzia - Avoid bathing or walking through slow-flowing fresh waterways. If you have been in contact with such water or develop an itchy rash or fevers after your return, seek medical attention. Doctors in the West may only think to test you for malaria - you may need to see a tropical medicine specialist."
Q3492,Sumatra,"*The whole of Sumatra is a malaria zone; talk to a doctor about whether you need to take medication.
*Drink only bottled water, and to be totally safe also use only bottled water when you brush your teeth.
*In the dry season, local farmers often set fire to the forest to clear land for farming, often resulting in a thick haze. This may cause problems for those with respiratory diseases."
Q11462,Surabaya,"Avoid drinking tap water. Bottled water is available in most places. One of the trusted brands is Cheers, the official drinking water of Sparkling Surabaya.

Surabaya has hospitals with 24 hr emergency rooms Unit Gawat Darurat (UGD) (ER)

* 
* 
* 
* 
* 
* 
* 
* 
* 
* 
* 
*"
Q730,Suriname,"thumb|[[Academic Hospital Paramaribo is the largest hospital in Suriname with 465 beds]]
The Global Burden of Disease Study provides an on-line data source for analyzing updated estimates of health for 359 diseases and injuries and 84 risk factors from 1990 to 2017 in most of the world's countries. Comparing Suriname with other Caribbean nations show that in 2017 the age-standardized death rate for all causes was 793 (males 969, females 641) per 100,000, far below the 1219 of Haiti, somewhat below the 944 of Guyana but considerably above the 424 of Bermuda. In 1990, the death rate was 960 per 100,000. Life expectancy in 2017 was 72 years (males 69, females 75). The death rate for children < 5 years was 581 per 100,000 compared to 1308 in Haiti and 102 in Bermuda. In 1990 and 2017, the leading causes of age-standardized death rates were cardiovascular disease, cancer, and diabetes/chronic kidney disease."
Q38807,Suva,"Suva is a friendly city, but there are some pickpockets and thieves. Avoid people who approach you asking for your name and country. They often want to lead you to a shop and then try to sell you overpriced souvenirs they might have hand-made themselves. Goods sold by these people are very overpriced -- tourists are strongly not advised to purchase anything from these places.

Do not let anyone lead you off to another location to see something such as a ship from your country as this is a scam to isolate you and put you in a weak position. You may later encounter something such as a robbery. Offers of anything free are probably not, even in friendly Fiji."
Q34,Sweden,"Certified pharmacies carry a green cross sign and the text Apotek. For small medical problems the pharmacy is sufficient. Major cities carry one pharmacy open at night. Many supermarkets carry non-prescription supplies such as band aid and antiseptics, but strong painkillers and other actual medicines are sold only at pharmacies, even those that don't require a prescription.

Swedish health care is usually of high quality, but can be quite challenging for foreigners to receive. Most medical clinics are run by the public sector, and their accessibility varies. Therefore, getting a time within a week at some medical centres could prove difficult. In case of a medical emergency, most provinces (and of course, the major cities) have a regional hospital with an around-the-clock emergency ward. However, if you are unlucky you can expect a long wait before getting medical attention. Call 112 for emergencies, and 1177 for non-emergency medical consulting, as well as directions for open medical clinics. Bring your European Health Insurance Card, if you are eligible to one.

Tap water in Sweden is of great quality, and contains close to zero bacteria. Water in mountain resorts might contain rust, and water on islands off the coast might be brackish, but it is still safe to drink. There is no real reason for buying bottled water in Sweden. Also, there is bottled water that doesn't meet the requirements to be used as tap water in Sweden.

There are few serious health risks in Sweden. Your primary concern in winter will be cold weather, particularly if hiking or skiing in the northern parts. Northern Sweden is sparsely populated and, if heading out into the wilderness, it is imperative that you register your travel plans with a friend or the authorities so they can come looking for you if you fail to show up. Dress warmly in layers and bring along a good pair of sunglasses to prevent snow blindness, especially in the spring. In snowy mountains, avalanches might be a problem.

Mosquitoes (myggor) are a serious nuisance particularly in the north and during wet summers. While they do not carry diseases, their bites are itchy and their distinctive whining sound can get highly irritating. As usual, they are most active around dawn and sunset – which, in a land of the Midnight Sun, may mean most of the night in summer. Supermarkets have many types of mosquito repellents (myggmedel).

Other summer nuisances are gadflies (bromsar), whose painful but non-venomous bites can leave a mark lasting for days, and wasps (getingar) whose stings in very rare cases can be deadly for allergics. Use mosquito repellent, ensure your tent has good mosquito netting, and bring proper medication if you know that you're allergic to wasp stings.

Ticks (fästingar) appear in summer, especially in tall grass. They can transmit Lyme's disease (borreliosis) and TBE (tick-borne encephalitis) through a bite. The risk areas for TBE are mainly parts of Götaland and Svealand (map"
Q39,Switzerland,"Generally there is no problem with food and water in Switzerland. Restaurants are controlled by strict rules. Water is drinkable everywhere, even out of every tap, especially so of public fountains, unless explicitly marked with ""Kein Trinkwasser"", ""Non potable"" or ""Non potabile"". Do not drink from temporarily installed trough on a meadow in order to water the cattle served by the close-by brook.

Switzerland has a dense network of hospitals and clinics, and public hospitals will admit you in an emergency. There are also some 24 hour ""permanence"" clinics at major railway stations including Zurich, Basel and Lucerne which can provide treatment for non-urgent illness without an appointment. Treatment costs may quickly mount up, so you will require a travel insurance with a good level of coverage if you cannot pay these fees out of pocket."
Q3130,Sydney,"If you need an ambulance, call 000.

Medical centres with general practitioners are available for minor ailments without an appointment around the city and suburbs. Expect to wait around an hour or so to see a doctor. Upfront charges are usually around $75 for a standard 15-minute consultation, and most centres accept credit cards. Many medical centres remain open until 10PM or so, and a few remain open 24 hours. Those with an Australian Medicare card will find many medical centres in Sydney that ""bulk-bill"".

Most hospitals in Sydney have emergency departments, but check before attending as some do not. Those emergency departments are open 24 hours. See the Australia article for more details on health charges.

Many pharmacies stay open after normal business hours, often in proximity to medical centres, and there are a few that stay open 24 hours. You can call to find the location of your closest after hours pharmacy.

Relatively speaking, Sydney has low levels of pollution compared to other major world cities. There are however regular burn-offs of vegetation around Sydney and its surrounds during cooler and dry periods in order to reduce the risk of bush fires through summer, and these can lead to heavy smog over the greater Sydney area. Asthmatics and others with respiratory problems should take care not to spend too much time outside during these days. Wearing a P2 or N95 mask is a must during days of high pollution levels.

Sydney sometimes experiences high levels of smoke due bushfires, the most recent being December 2019. It was enough to warrant (temporary) inclusion in the world's top 10 polluted cities and the smoke was severe enough to prevent most outdoor activities. Although widespread bushfires are not a regular occurrence, scientists point to more happening in future due to global heating."
Q858,Syria,"Healthcare in Syria is well below Western standards, and essential medication is not always available.

If you have a treatment, take it with you. Only expect to find some medicines in Syria. Ask for a ""foreign"" EU or US brand if you have to buy something from a pharmacy. You will have to pay a premium for that, but at least you will increase the chances of having actual medicine. According to certain local pharmacists, some products come from uncertain origins and are ineffective. Pharmacists often speak a little bit of English. 

You can ask your hotel to call a doctor to visit your hotel room.

Of course, the best treatment is to stay healthy in the first place. When eating, pick busy restaurants.

Generally you can drink water from the tap. It should be safe, but ask the locals first. This water is free compared to bottled water."
Q393,Szczecin,"Szczecin used to be infamous in Poland for its organized crime, but these days are long gone; nearly all the gangsters are dead or in prison. Now it is a very safe city. However, you should stay away from some of its ""bad"" suburbs, like Gocław, especially after dark.

Be careful when crossing streets as jaywalking is a crime in Poland and the police often lie in wait for tourists crossing streets when the pedestrian crossing is on red. If stopped, claim that your money and passport are in your hotel, and you may get away with it."
Q865,Taiwan,"Air pollution can be significant with the highest ratio of scooters per person in the world and a high west coast urban density. You can check air quality real time monitoring on this page. For reference the USA standard for fine particles (PM2.5) over 24 hours should be below 35&nbsp;µg/m³. It is a good idea to use a mask that can filter fine particles (how to choose a mask), especially when traveling with the elderly or children.

Water quality in Taiwan varies depending on location and time. According to the sole water company of Taiwan, tap water is in general safe to drink. However, most locals prefer to boil the tap water before drinking in order to eliminate residual chlorine and bacteria.

Taiwan is prone to typhoons and earthquakes, which adversely affects water quality. Some buildings, particularly older ones, may have poorly maintained water towers and/or pipes, resulting in poor quality that is beyond the control of the water company. Depending on the severity, one might either filter the water in addition to boiling or avoid the taps altogether. Alternative options include buying bottled water or going to a ""water station"" where water is sold through a metered tap. Water from these sources is licensed to be safe for drinking. Bottled water can be bought in 24 hour convenience stores.

Water quality in Kaohsiung used to be very poor. As a result, most people today use alternative sources. However, there is little evidence that this is necessary today as the quality has improved drastically. In addition, the mentioned alternative sources today are mostly filtered tap water and do not circumvent the historical source of contamination.

Medicines are available for minor ailments at drug stores. You may also find common drugs requiring a prescription in the west (like asthma inhalers and birth control pills) cheaply available from drug stores without a prescription.

Taiwan has both Chinese physicians and Western doctors, both of which are taken equally seriously. However, as a foreigner, the assumption would generally be to direct you to a Western doctor. The quality of the hospitals in Taiwan is excellent and on par with, if not better than those found in the West. Taiwan's healthcare system is considered to be one of the best in the world. Legal residents with a National Health Card can avail themselves of the very convenient and efficient national health service, which covers treatment and medication using both Western and traditional Chinese medicine. However, this service is not available to short term visitors on tourist visas; nor does it cover major hospitalization expenses. Still, hospital visits and medicine in Taiwan tends to be far less expensive than in Western countries. Most Taiwanese doctors are able to communicate in at least basic English, and in fact, many of the top ones have obtained their medical qualifications in the US and are able to speak English fluently. However, you may find the nurses to"
Q863,Tajikistan,"thumb|A hospital in Dushanbe
The state's Ministry of Labor and Social Welfare reported that 104,272 disabled people are registered in Tajikistan (2000). The government of Tajikistan and the World Bank considered activities to support this part of the population described in the World Bank's Poverty Reduction Strategy Paper. Public expenditure on health was at 1% of the GDP in 2004.

Life expectancy at birth was estimated to be 69 years in 2020. The infant mortality rate was approximately 30.42 deaths per 1,000 children in 2018. In 2014, there were 2.1 physicians per 1,000 people, higher than any other low-income country after North Korea.

Tajikistan has experienced a decrease in per capita hospital beds since 1992 following the dissolution of the USSR, while the number remains at 4.8 beds per 1,000 people, above the world average of 2.7.

According to the World Bank, 96% of births are attended by skilled health staff, rising from 66.6% in 1999.

In 2010, the country experienced an outbreak of polio that caused more than 457 cases of polio in both children and adults and resulted in 29 deaths before being brought under control.

In the summer of 2021, coronavirus ravaged the country, and the Tajik president's sister reportedly died in a hospital of COVID-19. According to local media, the president's sister's sons physically assaulted the health minister and a senior doctor.Dixon, Robyn. After the Tajik president's sister died of covid, her sons beat up the country's top health officials. Washington Post 27 August 2021.

In 2023, according to the World Health Organization, Tajikistan received its certification, declaring its status as a malaria-free country."
Q49255,Tampa,"Be aware while in Suitcase City, the part of town surrounding Busch Gardens, USF and University Square Mall. Hitchhiking is also prevalent in this area, but do not stop! However, few tourists or visitors would find their way to this area of the city or have much a reason to be walking about in it; driving through is perfectly safe."
Q924,Tanzania,"thumb|upright=1.2|Development of life expectancy
, life expectancy at birth was 61 years. The under-five mortality rate in 2012 was 54 per 1,000 live births. The maternal mortality rate in 2013 was estimated at 410 per 100,000 live births. Prematurity and malaria were tied in 2010 as the leading cause of death in children under five years old. The other leading causes of death for these children were, in decreasing order, malaria, diarrhoea, HIV, and measles.

Malaria in Tanzania causes death and disease and has a ""huge economic impact"".""Focus on Mainland Tanzania"", Roll Back Malaria Progress & Impact Series, The Roll Back Malaria Partnership, January 2012, accessed 19 October 2014 There were approximately 11.5&nbsp;million cases of clinical malaria in 2008. In 2007–08, malaria prevalence among children aged 6 months to five years was highest in the Kagera Region (41.1 per cent) on the western shore of Lake Victoria and lowest in the Arusha Region (0.1 per cent).

According to the 2010 Tanzania Demographic and Health Survey 2010, 15 per cent of Tanzanian women had undergone female genital mutilation (FGM)Tanzania Demographic and Health Survey 2010, National Bureau of Statistics, Tanzania Ministry of Health and Social Welfare, April 2011 and 72 per cent of Tanzanian men had been circumcised. FGM is most common in the Manyara, Dodoma, Arusha, and Singida regions and nonexistent in Zanzibar. The prevalence of male circumcision was above 90 per cent in the eastern (Dar es Salaam, Pwani, and Morogoro regions), northern (Kilimanjaro, Tanga, Arusha, and Manyara regions), and central areas (Dodoma and Singida regions) and below 50 per cent only in the southern highlands zone (Mbeya, Iringa, and Rukwa regions).

2012 data showed that 53 per cent of the population used improved drinking water sources (defined as a source that ""by nature of its construction and design, is likely to protect the source from outside contamination, in particular from faecal matter"") and 12 per cent used improved sanitation facilities (defined as facilities that ""likely hygienically separates human excreta from human contact"" but not including facilities shared with other households or open to public use).""Global Health Observatory Data Repository"". World Health Organization. On 21 January 2025, Tanzania's president, Samia Suluhu Hassan, confirmed an outbreak of the Marburg virus, a highly infectious disease similar to Ebola. She expressed confidence in the country's ability to overcome the outbreak, emphasizing the importance of public awareness and adherence to health guidelines. The government is implementing measures to contain the virus's spread and is collaborating with international health organizations to manage the situation."
Q13972,Tartu,"*

In emergencies, . This includes social services, although for non-urgent matters you could contact the social services directly."
Q269,Tashkent,"Tashkent is generally safe. Beware traffic, safeguard valuables, don't get mixed up in local politics like demonstrations and suspect a scam if a suave local approaches you.

Unified emergency service number: 112 - for all emergencies. A 24/7 service operating without holidays. Call here in any urgent situation.https://www.caj.uz/en/emergency 

Optionally, individual emergency numbers are 103 for medical, 101 for fire and 102 for police. 

Seek advice from your accommodation on nearby medical, dental or pharmacy services. Standards of health care are well below those in the west, and anything serious will probably need a medical evacuation flight. Your hotelier will know which doctors and hospitals are doing their best within limited facilities, and which are seeking to empty your wallet."
Q33935,Tel Aviv,"thumb|[[Tel Aviv Sourasky Medical Center]] 
Tel Aviv is home to Tel Aviv Sourasky Medical Center, the third-largest hospital complex in Israel. It contains Ichilov Hospital, the Ida Sourasky Rehabilitation Center, Lis Maternity and Women's Hospital, and Dana-Dwek Children's Hospital. The city also contains Assuta Medical Center, a private hospital which offers surgical and diagnostic services in all fields of medicine and has an IVF clinic."
Q869,Thailand,"Being a tropical country, Thailand has its fair share of exotic tropical diseases. Malaria is generally not a problem in any of the major tourist destinations, but is endemic in rural areas along the borders with Cambodia (including Ko Chang in Trat Province), Laos, and Myanmar. As is the case throughout Southeast Asia, dengue fever can be encountered just about anywhere, including the most modern cities. The only prevention is avoiding mosquito bites. Wear long pants and long sleeves at dusk in mosquito areas and use repellent (available at any corner shop or pharmacy).

Food hygiene levels in Thailand are reasonably high, and it's generally safe to eat at street markets and to drink any water offered to you in restaurants. Using common sense &mdash; e.g., avoiding the vendor who leaves raw meat sitting in the sun with flies buzzing around &mdash; and following the precautions listed in our article on travellers' diarrhea is still advisable.

Tap water is usually not drinkable in Thailand outside of Bangkok. In many places in Bangkok however, particularly in new buildings, drinking tap water is perfectly safe. However, if you don't want to chance it, buying a bottle of water is the obvious solution. Bottled water (น้ำเปล่า naam plao) is cheap and ubiquitous at 5–20 baht a bottle depending on its size and brand, and drinking water served in restaurants is always at least boiled (น้ำต้ม naam tom). Ice (น้ำแข็ง naam khaeng) in Thailand usually comes packaged straight from the factory and is safe; there is only reason to worry if you are served hand-cut ice. You can buy a large package of ice in most 7-Elevens for 7 baht, too. Diarrhoeal diseases, however, are uncommon, and cholera or any severe disease is extremely rare and virtually unknown outside of the Myanmar border.

Mainly in residential areas, machines selling water into your own bottle (1 baht/L, or 50 satang (0.5 baht/L) if paid more than 5 baht) are often available, located in some (Thai mostly) hotels, local shops, or just on the street near one. This is a clean (the water is cleaned and UV-treated on the spot) and extremely cheap option, also, this way you'll avoid making unnecessary plastic waste from empty bottles.

The sun is harsher than at higher latitudes. A couple of hours in the sun with unprotected skin will result in redness and a painful night even on a cloudy day.

Thailand has a high rate of HIV. The estimated adult (15-49) HIV prevalence was 1% of residents in 2021, which is double the global average and more than 10 times the rate in countries like Australia. Other sexually transmitted diseases are common, especially among sex workers. Condoms are sold in all convenience stores, supermarkets, pharmacies, etc. Avoid injection drug use.

There's a pharmacy on every block in Thailand and most are happy to sell you anything you want without a prescription. However, this is illegal, and police have been known to bust tourists occasionally for possessing medic"
Q1005,The Gambia,"In the 2024 Global Hunger Index (GHI), the Gambia ranks 88th out of 127 countries, with a score of 19.9. This score indicates a moderate level of hunger."
Q19689,Tirana,"There are numerous public and private hospitals as well as smaller public and private health care facilities in the territory of Tirana. The Mother Teresa University Hospital is one of the largest medical tertiary institutions of the country. Other medical institutions include the Shefqet Ndroqi University Hospital, Koço Gliozheni Hospital, Mbretëresha Gjeraldinë Hospital and the Military Hospital."
Q945,Togo,"The Human Rights Measurement Initiative finds that Togo is fulfilling 73.1% of what it should be fulfilling for the right to health based on its level of income. When looking at the right to health with respect to children, Togo achieves 93.8% of what is expected based on its current income. In regards to the right to health amongst the adult population, the country achieves 88.2% of what is expected based on the nation's level of income. It falls into the ""very bad"" category when evaluating the right to reproductive health because the nation is fulfilling 37.3% of what the nation is expected to achieve based on the resources (income) it has available.

Health expenditure in Togo was 5.2% of GDP in 2014, which ranks the country in 45th place in the world. The infant mortality rate is approximately 43.7 deaths per 1,000 children in 2016. Male life expectancy at birth was at 62.3 in 2016, whereas it was at 67.7 years for females. There were 5 physicians per 100,000 people in 2008 According to a 2013 UNICEF report,UNICEF 2013 , p. 27. 4% of women in Togo have undergone female genital mutilation.

, the maternal mortality rate per 100,000 births for Togo is 368, compared with 350 in 2010 and 539.7 in 1990. The under 5 mortality rate per 1,000 births is 100, and the neonatal mortality as a percentage of under 5's mortality is 32. In Togo the number of midwives per 1,000 live births is 2 and the lifetime risk of death for pregnant women is 1 in 67. Accessed August 2011.

In 2016, Togo had 4100 (2400–6100) new HIV infections and 5100 (3100–7700) AIDS-related deaths. There were 100,000 (73,000-130,000) people living with HIV in 2016, among whom 51% (37-67%) were accessing antiretroviral therapy. Among pregnant women living with HIV, 86% (59% - >95%) were accessing treatment or prophylaxis to prevent transmission of HIV to their children. An estimated 

AFD is working to enhance living conditions in Lomé, the coastal city with a population of 1.4 million, by modernizing solid waste management services. The project involves enhancing garbage collection through the construction of a new landfill that meets international standards.

In 2024, a Universal Health Insurance program was launched, covering 800,000 people within six months and implemented through the National Social Security Fund and the National Health Insurance Institute."
Q678,Tonga,"By some published surveys, Tonga has one of the highest obesity rates in the world. World Health Organization data published in 2014 indicate that Tonga stands fourth overall in terms of countries listed by mean body mass index data. In 2011, 90% of the adult population were considered overweight using NIH interpretation of body mass index (BMI) data, with more than 60% of those obese.Sands, Neil (10 April 2011) ""Pacific island nations battle obesity epidemic"" , Agence France-Presse. 70% of Tongan females aged 15–85 are obese. Tonga and Nauru have the world's highest overweight and obese populations.Mark Henderson (18 February 2008) Welcome to the town that will make you lose weight . Times Online. www.timesonline.co.uk

In late October 2021, Tonga reported its first case of COVID-19 based on a New Zealand air passenger's positive test."
Q41057,Topeka,"As far as crime goes, Topeka is generally a safe city, but some areas around downtown (not including the downtown core) and on the eastern side of the city are best avoided at night. As long as you follow common sense, you will be safe in Topeka. Despite its bad reputation in Kansas, most of the crime in Topeka is gang-related, so a traveler is highly unlikely to come across any sort of serious danger. 

Being in Kansas, it is important to be well aware of the weather in Topeka. During the spring and summer months, tornadoes and severe thunderstorms in general are possible, while the winter can bring blizzard conditions. All weather warnings will be broadcast by local radio stations, and most people will get an emergency alert on their smartphone. Furthermore, during a tornado warning, tornado sirens will be sounded throughout the city, which are easy to hear from basically anywhere. When in doubt, ask the locals, but a good rule of thumb during tornadoes is to get on the lowest floor of the building and as far away from windows as you can."
Q25330,Trenton,It's best not to let your guard down; the New Jersey state capitol city isn't without some street crime.
Q3138,Trier,Trier is a relatively safe city. Standard travel safety applies. The railway station can be intimidating at night.
Q546,Trieste,"Trieste has long been Italy's safest city (possibly due to being a border city and, therefore, formerly being full of border police and other security services), and according to an increasing number of reports, the city ranks among the safest in Europe. There are very few problems with regards to walking the streets at night, taking taxis or pickpocketing. Obviously, normal precautions should be taken and like elsewhere in Italy be careful of drivers who tend to think that they own the road.

Partially as a result of its geographic location, Trieste finds itself smacked in the middle of many migrant routes from the Middle East to the rest of Europe, and the main railway station has made headlines for attracting hordes of dodgy and suspicious-looking individuals. Simply avoiding eye-contact and looking sure about where you're going is enough to avoid trouble."
Q754,Trinidad and Tobago,"Trinidad and Tobago has in recent decades suffered from a relatively high crime rate; there are roughly 500 murders per year. The country is a noted transshipment centre for the trafficking of illegal drugs from South America to the rest of the Caribbean and beyond to North America. Some estimates put the size of the ""hidden economy"" as high as 20–30% of measured GDP. On July 18, 2022 Prime Minister Dr Keith Rowley announced his government will look at the issue of violence and crime from a public health perspective. Also that a committee was formed with the task with defining the issue and developing a plan of action."
Q3579,Tripoli,"Women may choose to dress modestly: long sleeves and long skirts or pants are considered most appropriate when shopping or sightseeing. Libya is not a conservative Muslim country, so head scarves are not necessary."
Q3572,Tunis,"As with Tunisia in general, medical staff are skilful and highly educated, but the public hospitals are usually fairly basic. If you get ill, try to get to a private clinic — these are better-equipped and more modern - charges are modest by European/USA standards."
Q948,Tunisia,"thumb|Saharan sun

Tunisia, especially in tourist destinations and major cities, has hospitals of international standard. The quality of medical care is generally better and more accessible in the capital Tunis and other major cities. Public health services in the larger cities are reasonably functional, but often suffer from a lack of resources.

There are several private clinics of international standard in the Tunisian capital and tourist centres. Private clinics operate in a hospital-like manner and perform a wide range of procedures. The availability of specialised health care services can be limited. International clinics are staffed by English-speaking doctors, but other staff, especially on the public side, often speak only Arabic or French. Ambulance services are limited outside urban areas.

A few clinics in the capital Tunis include Clinique Internationale Hannibal, Les Cliniques El Manar, Clinique Saint Augustin and Polyclinique Les Berges du Lac.

Dental care in Tunis is provided by DENTYSS (Montplaisir).

In Soussé, some hotels have their own doctors who will make medical visits if necessary. Other clinics in the town include Clinique Essalem and Clinique Les Oliviers.There is also a private clinic in Hammamet, Polyclinique Hammamet.

For more information on public health care prices, visit the Tunisian Ministry of Health website in French. Prices should be verified separately on the spot.

It is highly recommended that you have comprehensive travel insurance when travelling to Tunisia. Without insurance, medical fees can often be quite high. Health care providers often require a cash advance. Most places do not accept payment commitments from certain insurance companies, and only some accept credit cards.

Pharmacies in Tunisia are easy to find and are usually open late. The contact details of the pharmacy on duty can often be found on the doors or windows of pharmacies.

* - Please remember that the sun is frequently your biggest enemy and frequently apply a high (factor 30 or better) sun screen. It is usually cheaper in your local super market than at the holiday destination.
*Be careful what and where you eat and drink (remember the ice cubes too); diarrhea is a common complaint from incautious travellers. The tap water in the high-end Tunis-Carthage-Marsa area seems to be safe (2006).

Always check with your doctor 4-8 weeks before traveling (the 4-8 weeks is important, as some vaccinations take weeks to become effective, and with polio you can be contagious for a while too):

* is required for all travelers arriving from a yellow-fever-infected area in Africa or the Americas.
*Hepatitis A is usually recommended Two Havrix injections, given 6 months apart, provide 10 years of Hep A protection
*Typhoid
*Polio
*Hepatitis B - Highly recommended if likely to have intimate contact with locals or if visiting for more than 6 months."
Q495,Turin,"thumb|Pickpocket warning sign in Porta Nuova train station
Turin is generally safe. But the top end of Via Nizza, flanking Porta Nuova railway station, can be seedy or even dangerous in the small hours. The nearby San Salvario area (Via Nizza to Parco del Valentino) is lively, going on raucous, but attracts drug peddlers and similar low-life. The areas between Porta Palazzo and the Dora River can be dangerous at night.

As in other European cities, beware pickpockets in any busy place, especially if you have luggage or backpacks.

Don't wear a football shirt or other club colours, unless you've come mob-handed with thousands of fellow supporters. Any Italian or major European club colours will be a red rag to the young bulls of either Juventus (black and white) or Torino (brownish red) or both. In particular, avoid wearing the jersey of Milanese club Internazionale, as they have a very heated rivalry with local club Juventus, and violent confrontations have been known to occur between the supporters of both clubs."
Q43,Turkey,"thumb|[[Başakşehir Çam and Sakura City Hospital in Istanbul. It contains 2,068 seismic base isolation units to withstand earthquakes.]]

The Ministry of Health has run a universal public healthcare system since 2003. Known as Universal Health Insurance (), it is funded by a tax surcharge on employers, currently at 5%. Public-sector funding covers approximately 75.2% of health expenditures. Despite the universal health care, total expenditure on health as a share of GDP in 2018 was the lowest among OECD countries at 6.3% of GDP, compared to the OECD average of 9.3%. There are many private hospitals in the country. The government planned several hospital complexes, known as city hospitals, to be constructed since 2013. Turkey is one of the top 10 destinations for health tourism.

Average life expectancy is 78.6 years (75.9 for males and 81.3 for females), compared with the EU average of 81 years. Turkey has high rates of obesity, with 29.5% of its adult population having a body mass index (BMI) value of 30 or above. Air pollution is a major cause of early death."
Q38511,Turku,"Turku is generally a safe city.

Turku faces some problems with street violence and organised crime, but common street sense should be enough in most cases. There are no no-go areas.

On weekend nights drunken people may cause annoyance, especially after last call. Swimming in the river is forbidden for good reason: the river banks provide very little access to the shore; what was intended as a quick refreshing dip will result in an expensive rescue operation or worse.

In emergencies, always call 112, which is the general emergency number for police affairs, fire, medical care and social services. If in doubt, it is always better to call and ask.

For non-emergency medical care, the City of Turku provides medical advice over the phone at . Lines are open weekdays 08:00–15:00. The hearing-impaired have their own service for the evaluation of medical care, counselling and making an appointment at a health centre. This can be contacted during office hours by sending an SMS message to .

Turku University Hospital's T-Hospital is the region’s accident and emergency hospital, as well as healthcare centre off hours and for non-locals. It provides specialized medical care and treatment around the clock to those who have fallen suddenly ill or sustained injury.

* 
* Emergency social services can be contacted through 112; in business hours (weekdays 08:30–15:30) call . Also life management.
* 

In daytime there are several pharmacies to choose from, some with quite long hours. If you get a prescription, you could ask about the handiest one.
*"
Q672,Tuvalu,"The Princess Margaret Hospital on Funafuti is the only hospital in Tuvalu and the primary provider of medical services.

Since the late 20th century, the biggest health problems in Tuvalu have been obesity-related. The leading cause of death has been heart disease, which is closely followed by diabetes and high blood pressure. In 2016 the majority of deaths resulted from cardiac diseases, with diabetes mellitus, hypertension, obesity, and cerebral-vascular disease among the other causes of death."
Q911,Ufa,"Ufa is a fairly tranquil city, and ""disadvantaged"" neighborhoods are located far from the center. Nevertheless, it pays to be prudent after dark while walking outside the center, if only because small streets are poorly lit, especially in one-story, residential neighborhoods.

In Ufa, the ban on consumption of alcoholic beverages in public places is taken seriously, and you risk a fine."
Q1036,Uganda,"thumb|Mulago National Referral Hospital
There were eight physicians per 100,000 persons in the early 2000s. Uganda's elimination of user fees at state health facilities in 2001 has resulted in an 80 per cent increase in visits, with over half of this increase coming from the poorest 20 per cent of the population.The MDGs and equity. Overseas Development Institute, June 2010 This policy has been cited as a key factor in helping Uganda achieve its Millennium Development Goals and as an example of the importance of equity in achieving those goals. Despite this policy, many users are denied care if they do not provide their own medical equipment, as happened in the highly publicised case of Jennifer Anguko. Poor communication within hospitals, low satisfaction with health services and distance to health service providers undermine the provision of quality health care to people living in Uganda, and particularly for those in poor and elderly-headed households. The provision of subsidies for poor and rural populations, along with the extension of public private partnerships, have been identified as important provisions to enable vulnerable populations to access health services.

thumb|Development of life expectancy
Life expectancy at birth was estimated to be 63.4 years in 2019. The infant mortality rate was approximately 61 deaths per 1,000 children in 2012.CIA World Factbook : Infant Mortality ranks

In July 2012, there was an Ebola outbreak in the Kibaale District of the country. On 4 October 2012, the Ministry of Health officially declared the end of the outbreak after at least 16 people had died.

The Health Ministry announced on 16 August 2013 that three people had died in northern Uganda from a suspected outbreak of Congo Crimean Hemorrhagic Fever.

Uganda has been among the rare HIV success stories. Infection rates of 30 per cent of the population in the 1980s fell to 6.4 per cent by the end of 2008.Kelly, Annie (1 December 2008), ""Background: HIV/Aids in Uganda "". The Guardian. Meanwhile, the practice of abstinence was found to have decreased.

Less than half of all sexually active unmarried women use a modern contraceptive method, a fraction that has barely changed from 2000 to 2011. However, only ≈26% of married women used contraceptives in 2011. The use of contraceptives also differs substantially between poor (≈15%) and wealthy women (≈40%). As a result, Ugandan women have ≈6 children while they prefer to have around ≈4. According to the 2011 Uganda Demographic and Health Survey (DHS), more than 40% of births are unplanned. In 2010, the Ugandan Ministry of Health estimated that unsafe abortion accounted for 8% of the country's maternal deaths. The 2006 Uganda Demographic Health Survey (UDHS) indicated that roughly 6,000 women die each year from pregnancy-related complications. Pilot studies in 2012 by Future Health Systems have shown that this rate could be significantly reduced by implementing a voucher scheme for health services and tran"
Q212,Ukraine,"thumb|300px|Pripyat next to the Chernobyl plant can actually be visited by tour

As a rule, avoid drinking tap water. The major reason for this is that water in many regions is disinfected using chlorine, so taste is horrible. Whenever possible buy bottled water, which is widely available,

Ukraine has the highest adult HIV prevalence rate in Europe at nearly 1.5%. Rabies is on the rise, especially in the Chernobyl Exclusion Zone. Vaccinations against hepatitis A + B, rabies, meningitis, MMR, tetanus, diphtheria and polio, chickenpox, shingles, tick-borne encephalitis, typhoid, pneumonia and influenza are recommended by the British National Health Service.

There is radiation contamination in the northeast from the accident at Chernobyl nuclear power plant in 1986. However, the effect is negligible unless you permanently live in the Chernobyl area itself. There are even tours to the town of Pripyat' which is the closest one to the station. The town is famous for the haunting scenery of blocks of apartment buildings abandoned in 1986, now standing out amid the vegetation which spawned from years of neglect."
Q23430,Ulaanbaatar,"While crime rates in Ulaanbaatar are said to be among the highest of any Asian city, this generally applies less to the city center than the underdeveloped ger districts on the outskirts of town: poorly lit shantytowns crisscrossed by maze-like dirt alleys and row upon row of fences; not the kind of place most tourists would be interested in to begin with. Nonetheless, it might be a good idea to avoid going out at night alone (though it's usually perfectly fine to do so in groups). This goes double for relatively deserted areas away from major routes, and for rowdy nightlife districts. Although most large buildings have security guards, they're only there to keep drunks and homeless people out, so don't expect much help from them if a crime is committed against you.

Unfortunately, xenophobia and violence towards foreigners is common. Alcoholism is a huge social problem and Mongolia has some of the highest rates of liver cancer in the world. Do not acknowledge or approach any Mongolian man under the influence of alcohol. Many foreigners who go to bars and clubs at night report assault and general aggression.

While muggings, assaults, and taxi scams all occasionally occur, the main crime for foreigners to be concerned about is pickpocketing. This is especially a problem at the Naran Tuul market, at the bus stops close to the State Department Store, and on crowded buses in general. If you've been attacked or pickpocketed, take time to make a deposition at the district police station, and let your country's embassy know.

Though unmarked taxis are common and generally nothing to fear, it's probably a good idea to get a local to serve as an interpreter and explain the fare system, and to keep an eye on where the taxi is taking you. Sometimes unmarked taxi drivers will try to take people, especially drunk tourists, down a dark alley and demand their cell phone or cash.

Vacation home hosting is common in UB, foreign investors, locals, and real estate developers list available apartments on the usual booking sites. The frequency of fraud or crime with these listings is probably just as common as in established hotels elsewhere in the world, but there are some additional things to look out for, when an established hotel might seem to otherwise provide safety in numbers.

Always be aware when walking on the sidewalk at any time, as there are open manholes, reckless drivers, and (from October to March) ice on the surface to contend with. Nowadays, there are many locals riding e-scooters or bikes on the sidewalk. Always be alert from ones especially when coming from your behind, as e-scooters do not produce sound at all. It is always best to maintain straight path while walking and let the e-scooter riders swirl around you. The automobile culture in UB is too new for safe driving systems and habits to have taken root among the public.

In winter, be mindful of the cold at all times. Even being outside for a couple of minutes in -35°C can ca"
Q878,United Arab Emirates,"In 2018, the life expectancy at birth in the UAE was 76.96 years.Gazetteer – The World – Life Expectancy – Top 100+ By Country (2018) . Geoba.se (28 April 2016). Retrieved on 21 August 2018. Cardiovascular disease is the principal cause of death in the UAE, constituting 28% of total deaths; other major causes are accidents and injuries, malignancies, and congenital anomalies. According to World Health Organization data from 2016, 34.5% of adults in the UAE are clinically obese, with a body mass index (BMI) score of 30 or more.

In February 2008, the Ministry of Health unveiled a five-year health strategy for the public health sector in the northern emirates, which fall under its purview and which, unlike Abu Dhabi and Dubai, do not have separate healthcare authorities. The strategy focuses on unifying healthcare policy and improving access to healthcare services at reasonable cost, at the same time reducing dependence on overseas treatment. The ministry plans to add three hospitals to the current 14, and 29 primary healthcare centres to the current 86. Nine were scheduled to open in 2008.

The introduction of mandatory health insurance in Abu Dhabi for expatriates and their dependents was a major driver in reform of healthcare policy. Abu Dhabi nationals were brought under the scheme in June 2008 and Dubai followed for its government employees. Eventually, under federal law, every Emirati and expatriate in the country will be covered by compulsory health insurance under a unified mandatory scheme.
The UAE has benefited from medical tourists from all over the Cooperation Council for the Arab States of the Gulf. The UAE attracts medical tourists seeking cosmetic surgery and advanced procedures, cardiac and spinal surgery, and dental treatment, as health services have higher standards than other Arab countries in the Persian Gulf."
Q145,United Kingdom,"thumb|[[NHS Scotland's Queen Elizabeth University Hospital in Glasgow, the largest hospital campus in Europe]]

The modern system of universal publicly funded healthcare in the United Kingdom has its origins in the creation of the National Health Service (NHS) in 1949 is the primary healthcare provider in the United Kingdom. The widespread popularity of the NHS has led to it being described as a ""national religion"". Healthcare in the United Kingdom is a devolved matter and each country has its own system of universal publicly funded healthcare (NHS England, NHS Scotland, Health and Social Care (Northern Ireland) and NHS Wales), although private healthcare is also available. Public healthcare is provided to all UK permanent residents and is mostly free at the point of need, being paid for from general taxation. The World Health Organization, in 2000, ranked the provision of healthcare in the United Kingdom as fifteenth-best in Europe and eighteenth in the world.; 

Since 1979 expenditure on healthcare has increased significantly. The 2018 OECD data, which incorporates in health a chunk of what in the UK is classified as social care, has the UK spending £3,121 per person. In 2017 the UK spent £2,989 per person on healthcare, near the median for members of the Organisation for Economic Co-operation and Development.

Regulatory bodies are organised on a UK-wide basis such as the General Medical Council, the Nursing and Midwifery Council and non-governmental-based, such as the Royal Colleges. Political and operational responsibility for healthcare lies with four national governments; healthcare in England is the responsibility of the UK Government; healthcare in Northern Ireland is the responsibility of the Northern Ireland Executive; healthcare in Scotland is the responsibility of the Scottish Government; and healthcare in Wales is the responsibility of the Welsh Government. Each National Health Service has different policies and priorities.;"
Q30,United States,"thumb|The [[Texas Medical Center in Houston is the largest medical complex in the world. In 2018, it employed 120,000 people and treated 10 million patients.]]

According to the Centers for Disease Control and Prevention (CDC), average U.S. life expectancy at birth reached 79.0 years in 2024, its highest recorded level. This was an increase of 0.6 years over 2023. The CDC attributed the improvement to a significant fall in the number of fatal drug overdoses in the country, noting that ""heart disease continues to be the leading cause of death in the United States, followed by cancer and unintentional injuries."" In 2024, life expectancy at birth for American men rose to 76.5 years (+0.7 years compared to 2023), while life expectancy for women was 81.4 years (+0.3 years). Starting in 1998, life expectancy in the U.S. fell behind that of other wealthy industrialized countries, and Americans' ""health disadvantage"" gap has been increasing ever since.

The Commonwealth Fund reported in 2020 that the U.S. had the highest suicide rate among high-income countries. Approximately one-third of the U.S. adult population is obese, and another third is overweight. The U.S. healthcare system far outspends that of any other country, measured both in per capita spending and as a percentage of GDP, but attains worse healthcare outcomes when compared to peer countries for reasons that are debated. The United States is the only developed country without a system of universal healthcare, and a significant proportion of the population that does not carry health insurance. Government-funded healthcare coverage for the poor (Medicaid) and for those age 65 and older (Medicare) is available to Americans who meet the programs' income or age qualifications. In 2010, then-President Obama passed the Patient Protection and Affordable Care Act. Abortion in the United States is not federally protected, and is illegal or restricted in 17 states."
Q25286,Uppsala,"Uppsala is generally a safe city. In an emergency, always call 112 for SOS Alarm, for an ambulance, police, fire service, or priest on call. English-speaking operators are available. The national non-emergency number to the police is 114 14. As for other Swedish cities, drunk brawls are one of few risk factors to travellers. Stay extra attentive during weekend nights, especially in the city centre and around the Central Station.

If you venture into the forested countryside, beware of ticks. In Uppsala Municipality, there have been reported cases of both TBE and lyme disease. However, you can vaccinate against TBE, and lyme disease can be avoided by removing the tick within 12 to 24 hours. A simple precaution against ticks is to wear long-sleeved shirts and long trousers when moving through brushwood.

While there are several pharmacies in Uppsala, most of them close around 19:00&ndash;20:00, and none are open at night. The pharmacy with the best opening hours is (Kålsängsgränd 10C, +46 18-580 21 10) which is open from 08:00 to 22:00 every day.

* 
* 
*"
Q803,Utrecht,"Utrecht as a student city is quite safe, although there are some neighbourhoods in the outskirts that you probably don't want to visit. As always, don’t flash your wallet at markets and have a natural caution for pickpockets in the city centre. Unfortunately, bike thefts are a common nuisance, so if you travel by bike, make sure you have good locks and park your bike at a bike parking spots. Parking your bike in the city centre is easy as Utrecht has it own bike parking route. Parking lots for bikes are located under the Vredenburg (entrance between Zara and The Sting), the Neude (Neudeflat), Zadelstraat, under the City Hall, under the stairs at the Stationsplein West or the Jaarbeursplein.

You are unlikely to have any business in the lower-income and immigrant neighbourhoods such as Kanaleneiland and Overvecht south-west and north of the city center. While serious crime rarely takes place, they are best avoided unless you want to tempt fate. If for some reason you do end up in these neighbourhoods it is strongly advised to keep your mobile phone and camera concealed. The youth in this area is known to act aggressively if they suspect they are being filmed or photographed."
Q23800,Valletta,"Most of the usual petty crime that travelers are confronted with happens in Sliema and St. Julians, but it's something to keep in mind."
Q79980,Varanasi,"Violent crime is rare, but still do be careful in the lanes after dark.

Carry a light or phone; power outages are now rare, but due to sleeping cows and broken paving stones, the alleys are hard enough to navigate in daylight, let alone in pitch dark.

Though generally well behaved, packs of stray dogs can become aggressive at night

Rickshaw and taxi scams are common in Varanasi, and the driver will inevitably tell you that the hotel that you wish to go to has burned down, is flooded, or closed. Don't believe him. Drivers receive commission from hotels for bringing in new guests, and this is one way to trick newcomers to going to these places. Don't get annoyed, but see the exchange as playful banter and part of the Varanasi experience. However, if the driver continuously refuses to follow your instructions, threaten to get out of the rickshaw. If after all this you still end up to a different place, just refuse to pay until you arrive at your hotel. The same procedure will need to be followed when sight seeing, as drivers will inevitably try to take you to handicraft stores, from which they receive commission. If calling for a pickup from a more respectable hostel, be wary that other taxi drivers may listen in to your phone conversation then tell another taxi driver who will pick you up pretending to be your hostel, then take you to a commission charging hostel.

As you approach Manikarnika Ghat, you will be approached by touts posing as cremators or volunteers in a local hospice. These people will explain the cremation process and even lead you to a good viewpoint. They will then take advantage of your emotions by asking you to pay for some wood to burn the body of someone who can't afford it. They will usually insist on receiving ₹500; if you offer less, it will initially be declined. This is a scam. Either tell him you have no money or that you don't feel comfortable donating.

Varanasi is one of the most polluted cities in the world. Many websites show air quality readings taken in the early morning, when pollution is at its lowest. Hourly air quality data is available here. Keep an eye on air quality data and consider wearing a (certified) mask, especially if you are spending an extended period of time in the city."
Q237,Vatican City,"thumb|The crowds of tourists in [[St. Peter's Square are a target for pickpockets]]

Crime in Vatican City consists largely of purse snatching, pickpocketing and shoplifting by outsiders. The tourist foot-traffic in St Peter's Square is one of the main locations for pickpockets in Vatican City. If crimes are committed in the square, the perpetrators may be arrested and tried by the Italian authorities, since that area is normally patrolled by Italian police.Glatz, Carol (19 December 2013) ""Man seriously injured after setting self on fire in St. Peter's Square"" . Catholic News Service

Under the Lateran Treaty, Italy will, at the request of the Holy See, punish individuals for crimes committed within the Vatican City and will itself proceed against the person who committed the offence, if that person takes refuge in Italian territory. Persons accused of crimes recognized as such both in Italy and in Vatican City that are committed in Italian territory will be handed over to the Italian authorities if they take refuge in the Vatican City or in buildings that enjoy immunity under the treaty.

The Vatican City has no prison system, apart from a few detention cells for pre-trial detention. People convicted of committing crimes in the Vatican serve terms in Italian prisons (Polizia Penitenziaria), with costs covered by the Vatican.""Is the Vatican a Rogue State? "" Spiegel Online. 19 January 2007. Retrieved 25 August 2010."
Q717,Venezuela,"thumb|University Hospital, [[Central University of Venezuela]]
Venezuela has a national universal health care system. The current government has created a program to expand access to health care known as Misión Barrio Adentro, although its efficiency and work conditions have been criticized. As of December 2014 an estimated 80% of Barrio Adentro establishments are abandoned.Matheus, Ricardo. Abandonados 70% de módulos de BA Diario 2001 (29 July 2007).

Infant mortality was 19 deaths per 1,000 births for 2014, which was lower than the South American average. To compare: The U.S. figure was 6 deaths per 1,000 births in 2013. In 2006, child malnutrition was 17%. Delta Amacuro and Amazonas had the nation's highest rates.. FAO.org. In 2018, 32% of Venezuelans lacked adequate sanitation, primarily those living in rural areas.Venezuela . Unicef.org. In 2006, diseases ranging from diphtheria, plague, malaria, typhoid fever, yellow fever, cholera, hepatitis A, hepatitis B, and hepatitis D were present in the country.Venezuela Guardian. 25 October 2006. Retrieved 20 September 2006. In 2021, obesity was prevalent in approximately 30% of the adult population.

In 2004, Venezuela had 150 sewage treatment plants. 13% of the population lacked access to drinking water, but this number had been dropping. During the economic crisis under Maduro's presidency, medical professionals were forced to perform outdated treatments on patients, and electricity blackouts also affect care."
Q881,Vietnam,"thumb|Development of life expectancy in Vietnam since 1950
By 2015, 97% of the population had access to improved water sources. In 2016, Vietnam's national life expectancy stood at 80.9 years for women and 71.5 for men, and the infant mortality rate was 17 per 1,000 live births. Since the partition, North Vietnam has established a public health system that has reached down to the hamlet level. After the national reunification in 1975, a nationwide health service was established. In the late 1980s, the quality of healthcare declined to some degree as a result of budgetary constraints, a shift of responsibility to the provinces, and the introduction of charges. Inadequate funding has also contributed to a shortage of nurses, midwives and hospital beds; in 2000, Vietnam had only 24.7 hospital beds per 10,000 people before declining to 23.7 in 2005 as stated in the annual report of Vietnamese Health Ministry. The controversial use of herbicides as a chemical weapon by the US military during the war left tangible, long-term impacts upon the Vietnamese people that persist in the country today. For instance, it led to three million Vietnamese people suffering health problems, one million birth defects caused directly by exposure to the chemical, and 24% of Vietnam's land being defoliated.

Since the early 2000s, Vietnam has made significant progress in combating malaria. The malaria mortality rate fell to about five per cent of its 1990s equivalent by 2005 after the country introduced improved antimalarial drugs and treatment. Tuberculosis (TB) cases, however, are on the rise. TB has become the second most infectious disease in the country after respiratory-related illness. With an intensified vaccination programme, better hygiene, and foreign assistance, Vietnam hopes to reduce sharply the number of TB cases and new TB infections. In 2004, government subsidies covered about 15% of health care expenses. That year, the United States announced Vietnam would be one of 15 states to receive funding as part of its global AIDS relief plan. By the following year, Vietnam had diagnosed 101,291 human immunodeficiency virus (HIV) cases, of which 16,528 progressed to acquired immune deficiency syndrome (AIDS); 9,554 had died. The actual number of HIV-positive individuals is estimated to be much higher. On average, between 40 and 50 new infections are reported daily in the country. In 2007, 0.4% of the population was estimated to be infected with HIV, and the figure has remained stable since 2005. More global aid is being delivered through The Global Fund to Fight AIDS, Tuberculosis and Malaria to fight the spread of the disease in the country. In September 2018, the Hanoi People's Committee urged the citizens of the country to stop eating dog and cat meat as it can cause diseases like rabies and leptospirosis. More than 1,000 stores in the capital city of Hanoi were found to be selling both meats. The decision prompted positive comments among Vietnamese on social m"
Q21194,Vũng Tàu,"Sand flies on beach can be a problem and cause allergic reaction on your legs. If you experience this, just use anti-mosquito spray all over your legs before you enter the beach, it will minimize amount of bites you will have. Note that you might not immediately notice the sand flies at the beach, but you will definitely wonder where you got all those ""mosquito"" bites from the next day — so be prepared.

Blue-Bottle Jellyfish (a.k.a. Portuguese Man-of-War) at certain times of year can infest the beach (both in the water, riding on waves as they wash onto shore, & scattered all up & down the beach on sand). These jellyfish are small but have medium to long blue stringy tentacles that can sting if touched (instantly upon skin contact) & the stings are extremely painful (the intense pain can last for hours). Pouring isopropyl alcohol (not vinegar) on the skin helps (alleviate some pain), as does soaking in very warm (but not scolding hot) water. As of Jan 2025, there are no signs anywhere warning about the dangers of the jellyfish, & life guards on the beach don't seem to help or do anything useful at all (and people are constantly getting stung)."
Q1223,Washington,"In the Cascade Mountains (which divide the state into halves) there can be significant snow accumulations during the late fall and winter months. This poses a danger for avalanches whenever these areas experience warm up periods, regardless of how brief they may be. Mountain passes are sometimes closed for avalanche control and may effect travel plans, especially along I-90 from Yakima to Seattle. Check the Washington State Department of Transportation (WSDOT) website for information regarding Avalanche control.

If going into the mountains during winter and early spring months, refer to the Northwest Avalanche Center for current avalanche information.

Washington is generally very safe and the chance of you running into any trouble is very, very low. Certain areas of Seattle, Tacoma, Spokane and Yakima can become seedy after dark and it is therefore advised that one avoid being out alone very late at night; this is especially true in unlit places where you are an easy target for any crime or other illegal activity. See the ""Stay Safe"" section of the Seattle, Spokane, Tacoma, and Yakima articles. 

Always be confident, or at least fake confidence. Obviously, pick pockets and such tend to target people who look vulnerable. Avoid wearing excessive amounts of jewelry and other expensive items which might catch a robber's eye. Be sure to secure personal belongings where they will not be tampered with or stolen. Property crime is the largest threat in the state to a tourist.

If you find yourself in an emergency situation (of any kind), dial 9-1-1.

thumb|The Columbia River flows through central Washington before defining Washington's southern border.
East of the Cascade Mountains, the state's terrain begins to turn into desert and temperatures often exceed in regions such as the Yakima Valley and the Columbia River Plateau. If you are planning on hiking into these locations, follow desert survival guidelines. Be sure to take plenty of water (at least one gallon per person, per day), sunscreen and wear light clothing. Let someone know where you are going and when you expect to return. 

Also, it is best to hike during the earlier part of the day, as thunderstorms tend to develop suddenly during the afternoon. In the event you encounter inclement weather conditions, seek high ground immediately. Thunderstorms can cause flash flooding in canyons and other low laying areas.

Washington is one of a handful of states where recreational marijuana use is legal. Under state law, any adult aged 21 or over may possess up to 1 ounce (28 g) of usable marijuana (the harvested flowers or ""bud""), 16 ounces (450 g) of marijuana-infused product in solid form, 72 fluid ounces (2.1 L) in liquid form, or any combination of these. You can buy marijuana only at retail stores licensed by the state to sell marijuana.

Smoking pot in public is illegal, even in areas where it is legal to smoke tobacco. Driving while high is illegal; the DUI limit is 5 nanograms"
Q2135,Winnipeg,"Winnipeg has a moderately high crime rate by Canadian standards, but low violent crime by American or global standards. Much crime is gang or alcohol related and rarely involves tourists who exercise the same degree of caution they would in any other urban centre. Areas where higher degree of caution is advised at night include areas north of City Hall on Main St and the area surrounding Central Park.

Panhandlers are less numerous in Winnipeg compared to cities like Vancouver and Victoria, BC and they are very seldom aggressive, however displays of obvious wealth such as jewellery and expensive digital cameras should be kept to a minimum. It is best to kindly refuse panhandlers and keep walking.

As in any city, common sense should prevail. Never leave a vehicle unlocked and under no circumstances should any object be left in the car interior where it can be seen, no matter what the value (includes gloves, clothing, tools, etc.) Keep all items in the trunk. Most importantly, never leave any coins, no matter what the amount in your ashtray or console. An individual with drugs or alcohol dependency will not hesitate to smash a car window even for less than $1.

If you rent a vehicle, ensure with your rental agency that it is equipped with an immobilizer. If you drive your own vehicle here, Manitoba Public Insurance offers a most-at-risk vehicle assessment. While this is aimed at those intending to register vehicles in Manitoba, tourists may use this to consider if their vehicle is at an elevated risk for theft. Out of province tourists may also consult with their automobile insurance agent."
Q5826,Xi'an,"Xi'an is, like other Chinese cities, generally quite safe. Just watch out for pickpockets in crowds, on the bus, and during national holidays."
Q6610,Yakutsk,"The center of the city, where you'll find the hotels, cultural activities, and the principal sights, is quite safe at any time of the day. The central streets are well lit and frequently patrolled by the police (who are probably more trouble than any actual criminal activity downtown). Do not drink in public at night or you will have problems with the police.

There are street robberies/pickpocketing (especially on public transport), but such crimes are very rarely violent or even overt. Demonstrate the minimum level of prudence and you should not have any troubles.

Although some locals may suggest to avoid some of the poorer neighborhoods at night, like the 17th Quarter (квартал) and Saisary (Сайсары), those neighborhoods have changed for the better and are as safe as anywhere else in Yakutsk. 

Hold on to your things, or keep them in inaccessible pockets, on public transport and crowded markets. It's also worthwhile to note that some hold a ridiculous suspicion of the ethnic minorities here, but that's purely a myth. Yakutsk is a harmoniously multi-ethnic and tolerant city, open to anyone who's happy to be here.

The biggest danger in the city, without a doubt, is the extreme cold of the Siberian winter. In the winter, the cold can kill you quickly, and even if you're careful, you can very quickly lose a nose or a couple toes. When going out in -50° Celsius weather, layer every article of clothing you own (fur is best), and plan to spend no more than ten minutes outside directly exposed to the air. If walking, you will become exhausted very quickly—avoid walking entirely and take taxis door to door everywhere you go.

Be aware of stray dogs, especially in winter time. They tend to form a pack and attack when they cannot find enough food when it is freezing.

Also if you want to have a little fun, take a pot of boiling water outside and immediately toss the water into the air. It will freeze instantly in the air and make an extremely loud hissing noise."
Q37995,Yangon,"* Yangon can be extremely hot with intense sun; near-40°C weather and an UV index of 8-11 is common around noon. Wear long-sleeved, light-coloured clothing, bring an umbrella, drink plenty of water, and stay indoors during the noon hours.
* Yangon's tap water is not potable, and remains questionable even after boiling due to heavy metal contamination. Always buy bottled water or refill bottles at purified water jars. Temples supply free purified water (large steel tanks), and most shop keepers are happy to let you top up at their water jugs.
* Mosquitoes may carry dengue and malaria. Insist on using a mosquito net at night if it is available. Make sure there are no holes or gaps left in the net. Your second line of defense is mosquito coils and mosquito repellent.
* Street food is almost universally unsafe and can be a source of everything from diarrhea to typhoid and parasites. Stick to indoor restaurants and tea shops with non-dirt floors.
* Street dogs are occasionally rabid: pass them with caution, and be aware that can form aggressive packs.
* There are open sewers all over Yangon, usually under the footpaths. Be extremely wary during rainy season when many flood. You could accidentally find yourself standing chest deep in a sewer. Some sections of sewer are covered for ease of walking, others are not. During rainy season, be cautious of any cuts you may have on your feet as the flooded water in the streets is contaminated and can lead to infections.
* Drivers are reckless. If your taxi driver is behaving recklessly, tell them to slow down. Be insistent; traffic deaths are extremely common.
* Many drugs in pharmacies are fake. Golden Bell Pharmacy listed below is reputable.

Tuberculosis and AIDS (known as ""A-I-D Five"" among locals) afflict a disproportionately high percentage of the people. However, HIV infection is not at the epidemic level (infection rates are much less than 1%). There is a risk of dengue fever. Malaria is a risk in rural areas.

Medical care is limited, but is most expedient at private medical clinics. Most guest houses and hotels will be able to provide you with the address of a private doctor with experience in treating foreigners. Be sure to take the proper vaccinations before you leave for your trip. Carry a small first-aid kit with you containing at least painkillers, band-aid, ORS and a loperamide-like medicine. Anti-malarial pills and DEET are recommended. For more serious medical issues, you will probably need to travel to Bangkok or Singapore for treatment.

* 
* 
* 
*"
Q805,Yemen,"thumb|A Yemeni doctor examines an infant in a USAID-sponsored health care clinic.
Despite the significant progress the government has made to expand and improve its health care system over the past decade, the system remains severely underdeveloped. Total expenditures on health care in 2002 constituted 3.7 percent of GDP. In that same year, the per capita expenditure for health care was very low, as compared with other Middle Eastern countries—US$58 according to United Nations statistics and US$23 according to the World Health Organization.

According to the World Bank, the number of doctors rose by an average of more than 7 percent between 1995 and 2000, but as of 2004, there were still only three doctors per 10,000 persons. In 2003, Yemen had only 0.6 hospital beds available per 1,000 persons. Health care services are particularly scarce in rural areas. Only 25 percent of rural areas are covered by health services, as compared with 80 percent of urban areas. Emergency services, such as ambulance service and blood banks, are non-existent."
Q1953,Yerevan,"Smoking is illegal in all indoor and outdoor restaurant and cafe spaces, with the exception of hookah lounges. It's also illegal on transport, taxis, in offices and stores. Smoking rates are still very high among men however, and some establishments are lax in enforcing the rules, but generally smoking should not be present in most places a visitor would spend time.

Yerevan offers some world-class medical treatments for fraction of the price in the west. The most common are heart surgeries, fertility treatments, nose jobs, hair removal and laser eye surgery."
Q42462,York,"* 

* 
*"
Q953,Zambia,"Zambia is experiencing a generalised HIV/AIDS epidemic, with a national HIV prevalence rate of 12.10 per cent among adults. However, the country has made progress over the past decade: The prevalence rate of HIV/AIDS for adults aged 15–49 decreased to 13 per cent in 2013/14, compared to 16 per cent roughly a decade earlier. Other health outcomes have also improved significantly, despite remaining poor by global standards. The maternal mortality rate in 2020 was 135 per 100,000 live births, compared to 169 in 2014 and 296 in 2007; over the same period, the mortality rate of children under five dropped to 59.3 per 1,000 live births in 2020 from 69.2 and 93.3 in 2014 and 2007 respectively."
Q30340,Zhengzhou,"* Henan Provincial People's Hospital (河南省人民医院). No. 7 Weifu Road, Jinshui District. This 117-year-old hospital is a government-run medical instituti."
Q954,Zimbabwe,"thumb|upright=1.5|Life expectancy in select Southern African countries, 1950–2019. [[HIV/AIDS has caused a fall in life expectancy.]]
thumb|Mother of Peace AIDS orphanage, [[Mutoko (2005)]]

At independence, the policies of racial inequality were reflected in the disease patterns of the black majority. The first five years after independence saw rapid gains in areas such as immunisation coverage, access to health care, and contraceptive prevalence rate.Davies, R. and Sanders, D. (1998). ""Adjustment policies and the welfare of children: Zimbabwe, 1980–1985"". In: Cornia, G.A., Jolly, R. and Stewart, F. (eds.) Adjustment with a human face, Vol. II: country case studies. Clarendon Press, Oxford, pp. 272–99; . Zimbabwe was thus considered internationally to have achieved a good record of health development.

Zimbabwe suffered occasional outbreaks of acute diseases. The gains on the national health were eroded by structural adjustment in the 1990s, the impact of the HIV/AIDS pandemic and the economic crisis since 2000. In 2006, Zimbabwe had one of the lowest life expectancies in the world according to UN figure—44 for men and 43 for women, down from 60 in 1990, but recovered to 60 in 2015. The rapid drop was ascribed mainly to the HIV/AIDS pandemic. Infant mortality rose from 6% in the late 1990s to 12.3% by 2004. Official fertility rates over the last decade were 3.6 (2002), 3.8 (2006) and 3.8 (2012). The 2014 maternal mortality rate per 100,000 births for Zimbabwe was 614 compared to 960 in 2010–11 and 232 in 1990. The under five mortality rate, per 1,000 births was 75 in 2014 (94 in 2009). The number of midwives per 1,000 live births was unavailable in 2016 and the lifetime risk of death for pregnant women 1 in 42.

In 2006 an association of doctors in Zimbabwe made calls for Mugabe to make moves to assist the ailing health service. The HIV infection rate in Zimbabwe was estimated to be 14% for people aged 15–49 in 2009. UNESCO reported a decline in HIV prevalence among pregnant women from 26% in 2002 to 21% in 2004. By 2016 HIV/AIDS prevalence had been reduced to 13.5% compared to 40% in 1998.

At the end of November 2008, some operations at three of Zimbabwe's four major referral hospitals had shut down, along with the Zimbabwe Medical School, and the fourth major hospital had two wards and no operating theatres working. Those hospitals still open were not able to obtain basic drugs and medicines. The situation changed drastically after the Unity Government and the introduction of the multi-currency system in February 2009 although the political and economic crisis also contributed to the emigration of the doctors and people with medical knowledge.
thumb|Map showing the spread of [[cholera in and around Zimbabwe put together from several sources]]
In August 2008 large areas of Zimbabwe were struck by the ongoing cholera epidemic. By December 2008 more than 10,000 people had been infected in all but one of Zimbabwe's provinces, and the outbreak had"
Q72,Zurich,"thumb|Central police station
Zürich, like all cities in Switzerland, is relatively safe. Nevertheless, be on guard for thieves and pickpockets. Carry your wallet or purse in a secure way, not in your hip pocket or a backpack outer pocket. In particular, thieves are known to operate around the Zurich main train station. Do not let your bags out of sight for even a moment.

Certain areas along the lakefront are frequented by young people who sometimes try to pick a fight when they are drunk. Do not let them provoke you, as they are likely to be there in numbers and will use any excuse to go at you. You may also notice many of said young people smoking something that isn't a cigarette. Switzerland is surprisingly lenient about such things but it is hardly a cause for alarm.

Public transport is very safe. You can use it without any special precautions.

If you decide to bicycle in the city, understand that Zurich is a city of public transport. Beware of tram tracks which can get your wheel stuck and send you flying into traffic, of the trams themselves which travel these tracks frequently (and may scare you into getting stuck into the track), and the buses, which make frequent stops in the rightmost lane. In short, bicycling downtown should be only done by those experienced with cycling with such traffic.

Being Switzerland's most liberal city (the socialist and green parties now fare extremely well here), Zurich is the favourite place to live for Switzerland's (German-speaking) gays and lesbians. The Canton of Zurich was the second canton, after Geneva, to allow registered partnerships for same-sex partners for example. The city of Zurich is probably the place in Switzerland that offers the most open environment for gays and lesbians. Gays and lesbians need not take special precaution for their safety on the streets. It is always possible for random homophobic behaviour to happen, though."
