unique_id,cluster_id
dest_Q22931546,dest_Q22931546
dest_Q16126094,dest_Q16126094
dest_Q16121570,dest_Q16121570
dest_Q12209613,dest_Q12209613
dest_Q12212724,dest_Q12212724
dest_Q4518645,dest_Q4518645
dest_Q4518873,dest_Q4518873
dest_Q4518953,dest_Q4518953
dest_Q4518507,dest_Q4518507
dest_Q4873416,dest_Q4873416
dest_Q12189864,dest_Q12189864
dest_Q110905518,dest_Q110905518
dest_Q16120959,dest_Q16120959
dest_Q4518983,dest_Q4518983
dest_Q124014067,dest_Q124014067
dest_Q12245564,dest_Q12245564
dest_Q4518509,dest_Q4518509
dest_Q16124827,dest_Q16124827
dest_Q5303330,dest_Q5303330
dest_Q115765914,dest_Q115765914
dest_Q4803317,dest_Q4803317
dest_Q2177676,dest_Q2177676
dest_Q325180,dest_Q325180
dest_Q4518631,dest_Q4518631
dest_Q25455056,dest_Q22931546
dest_Q43257212,dest_Q43257212
dest_Q2177667,dest_Q2177667
dest_Q7926541,dest_Q7926541
dest_Q111974597,dest_Q111974597
dest_Q124459841,dest_Q124459841
dest_Q6751724,dest_Q6751724
dest_Q12189311,dest_Q12189311
dest_Q6872745,dest_Q6872745
dest_Q6827256,dest_Q6827256
dest_Q106095757,dest_Q106095757
dest_Q25455058,dest_Q124014067
dest_Q13141224,dest_Q13141224
dest_Q12236288,dest_Q12236288
dest_Q92225704,dest_Q92225704
dest_Q4519109,dest_Q4518932
dest_Q12193879,dest_Q12193879
dest_Q62118360,dest_Q62118360
dest_Q4518932,dest_Q4518932
dest_Q4518634,dest_Q4518634
dest_Q115766554,dest_Q115765914
dest_Q12236559,dest_Q12236559
dest_Q139773,dest_Q139773
dest_Q7579542,dest_Q7579542
dest_Q12209659,dest_Q12209659
dest_Q4519131,dest_Q4519131
dest_Q20379397,dest_Q20379397
dest_Q2336958,dest_Q2336958
dest_Q16930908,dest_Q16930908
dest_Q16327851,dest_Q16327851
dest_Q18434849,dest_Q18434849
dest_Q4705789,dest_Q4705789
dest_Q4818367,dest_Q4818367
dest_Q2984861,dest_Q2984861
dest_Q22812304,dest_Q22812304
dest_Q4210097,dest_Q4210097
dest_Q16329653,dest_Q16329653
dest_Q5207476,dest_Q5207476
dest_Q7286396,dest_Q7286396
dest_Q3565106,dest_Q3565106
dest_Q20379939,dest_Q20379939
dest_Q25394732,dest_Q25394732
dest_Q18380203,dest_Q18380203
dest_Q5564200,dest_Q5564200
dest_Q2613980,dest_Q2613980
dest_Q3559293,dest_Q3559293
dest_Q3559296,dest_Q3559296
dest_Q3565693,dest_Q3565693
dest_Q14201638,dest_Q14201638
dest_Q14201636,dest_Q14201636
dest_Q14201642,dest_Q14201642
dest_Q14201640,dest_Q14201640
dest_Q1709244,dest_Q1709244
dest_Q2336790,dest_Q2336790
dest_Q119893663,dest_Q119893663
dest_Q2336973,dest_Q2336973
dest_Q19343677,dest_Q19343677
dest_Q125167037,dest_Q125167037
dest_Q1795153,dest_Q1795153
dest_Q3562495,dest_Q3562495
dest_Q2336938,dest_Q2336938
dest_Q3559407,dest_Q3559407
dest_Q4289513,dest_Q4289513
dest_Q3559354,dest_Q3559354
dest_Q4704513,dest_Q4704513
dest_Q18397136,dest_Q18397136
dest_Q17347085,dest_Q17347085
dest_Q2614266,dest_Q2614266
dest_Q12540108,dest_Q12540108
dest_Q20379381,dest_Q20379381
dest_Q3562033,dest_Q3562033
dest_Q394004,dest_Q394004
dest_Q2336899,dest_Q2336899
dest_Q6377750,dest_Q6377750
dest_Q4769819,dest_Q4769819
dest_Q3559425,dest_Q3559425
dest_Q20380238,dest_Q20380238
dest_Q18433573,dest_Q18433573
dest_Q2336913,dest_Q2336913
dest_Q4810484,dest_Q4810484
dest_Q2614281,dest_Q2614281
dest_Q3559328,dest_Q20379381
dest_Q96399267,dest_Q96399267
dest_Q6799717,dest_Q6799717
dest_Q7302678,dest_Q7302678
dest_Q6799822,dest_Q6799822
dest_Q56230635,dest_Q56230635
dest_Q135656985,dest_Q135656983
dest_Q625413,dest_Q625413
dest_Q7419748,dest_Q7419147
dest_Q5550382,dest_Q5550382
dest_Q135656983,dest_Q135656983
dest_Q14202228,dest_Q14202228
dest_Q1203550,dest_Q1203550
dest_Q135656986,dest_Q135656983
dest_Q7196461,dest_Q7196461
dest_Q7698018,dest_Q7698018
dest_Q113037620,dest_Q113037620
dest_Q5297374,dest_Q5297374
dest_Q7413476,dest_Q16628493
dest_Q109673798,dest_Q109673798
dest_Q5531753,dest_Q5531753
dest_Q760497,dest_Q760497
dest_Q4702388,dest_Q4702388
dest_Q6723436,dest_Q6723436
dest_Q311315,dest_Q311315
dest_Q12209409,dest_Q12209409
dest_Q118917838,dest_Q118917838
dest_Q5531857,dest_Q5531857
dest_Q21082989,dest_Q21082989
dest_Q30590557,dest_Q30590557
dest_Q5696780,dest_Q5696780
dest_Q3348058,dest_Q3348058
dest_Q12209284,dest_Q12209284
dest_Q5743948,dest_Q5743948
dest_Q118907493,dest_Q118907493
dest_Q8049378,dest_Q8049378
dest_Q6728774,dest_Q6728774
dest_Q7930274,dest_Q7930274
dest_Q6726310,dest_Q6726310
dest_Q2950140,dest_Q2950140
dest_Q5551783,dest_Q5551783
dest_Q7419869,dest_Q7419147
dest_Q34053037,dest_Q34053037
dest_Q56230655,dest_Q56230655
dest_Q13014945,dest_Q13014945
dest_Q7406477,dest_Q7406477
dest_Q2896966,dest_Q2896966
dest_Q292151,dest_Q292151
dest_Q12209413,dest_Q12209413
dest_Q48548089,dest_Q48548089
dest_Q7322569,dest_Q7322569
dest_Q28716948,dest_Q28716948
dest_Q6159446,dest_Q6159446
dest_Q6669105,dest_Q6669105
dest_Q5558741,dest_Q5558741
dest_Q5051801,dest_Q5051801
dest_Q12184591,dest_Q12184591
dest_Q7930447,dest_Q7930447
dest_Q4883386,dest_Q4883386
dest_Q760487,dest_Q760487
dest_Q7419147,dest_Q7419147
dest_Q6095312,dest_Q6095312
dest_Q7702607,dest_Q7702607
dest_Q120765111,dest_Q120765111
dest_Q4702196,dest_Q4702196
dest_Q4949206,dest_Q4949206
dest_Q5576904,dest_Q5576904
dest_Q60764101,dest_Q60764101
dest_Q8067575,dest_Q8067575
dest_Q4703341,dest_Q4703341
dest_Q7414427,dest_Q7414427
dest_Q7936430,dest_Q7936430
dest_Q11930004,dest_Q11930004
dest_Q7413307,dest_Q7413307
dest_Q1191316,dest_Q1191316
dest_Q122919578,dest_Q122919578
dest_Q5411304,dest_Q5411304
dest_Q7413570,dest_Q7413570
dest_Q7420510,dest_Q7420510
dest_Q5304094,dest_Q5304094
dest_Q25112081,dest_Q25112081
dest_Q6765600,dest_Q6765600
dest_Q8050714,dest_Q8050714
dest_Q9094392,dest_Q9094392
dest_Q5720479,dest_Q5720479
dest_Q139891837,dest_Q139891837
dest_Q139126273,dest_Q139126273
dest_Q9074492,dest_Q9074492
dest_Q139588490,dest_Q139588355
dest_Q116749943,dest_Q116749943
dest_Q139587795,dest_Q139587417
dest_Q16628493,dest_Q16628493
dest_Q139376450,dest_Q139376450
dest_Q8068238,dest_Q8068238
dest_Q139376850,dest_Q139376450
dest_Q11691086,dest_Q11691086
dest_Q139588542,dest_Q139588542
dest_Q139376258,dest_Q139376258
dest_Q139126369,dest_Q139126369
dest_Q8059823,dest_Q8059823
dest_Q139501868,dest_Q139501868
dest_Q125960108,dest_Q125960079
dest_Q139556473,dest_Q139556473
dest_Q139552514,dest_Q139552514
dest_Q139556186,dest_Q139556186
dest_Q139556257,dest_Q139556257
dest_Q139251377,dest_Q139251377
dest_Q97200896,dest_Q97200896
dest_Q139502235,dest_Q139502161
dest_Q139587510,dest_Q139587417
dest_Q9020482,dest_Q9020482
dest_Q9020477,dest_Q9020477
dest_Q139556279,dest_Q139556279
dest_Q124660859,dest_Q124660859
dest_Q139556458,dest_Q139556458
dest_Q139503415,dest_Q139503415
dest_Q139376306,dest_Q139376306
dest_Q139377241,dest_Q139377241
dest_Q139380563,dest_Q139380563
dest_Q139892700,dest_Q139892700
dest_Q139503300,dest_Q139503025
dest_Q139501760,dest_Q139501760
dest_Q139556483,dest_Q139556473
dest_Q139556267,dest_Q139556267
dest_Q6432487,dest_Q6432487
dest_Q139501691,dest_Q139501691
dest_Q139587417,dest_Q139587417
dest_Q139588355,dest_Q139588355
dest_Q139892325,dest_Q139892325
dest_Q9024046,dest_Q9024046
dest_Q125960079,dest_Q125960079
dest_Q131056240,dest_Q131056240
dest_Q1388385,dest_Q1388385
dest_Q125959986,dest_Q125959986
dest_Q139503025,dest_Q139503025
dest_Q139503367,dest_Q139503367
dest_Q139380725,dest_Q139380725
dest_Q139501721,dest_Q139501721
dest_Q3056514,dest_Q3056514
dest_Q139892131,dest_Q139892131
dest_Q139376938,dest_Q139376450
dest_Q4166549,dest_Q4166549
dest_Q139587894,dest_Q139587894
dest_Q59815528,dest_Q59815528
dest_Q139502161,dest_Q139502161
dest_Q139588097,dest_Q139587894
dest_Q5076164,dest_Q5076164
dest_Q138875218,dest_Q138875218
dest_Q4863280,dest_Q4863280
dest_Q138875697,dest_Q138875697
dest_Q4899540,dest_Q4899540
dest_Q5142561,dest_Q5142561
dest_Q138879619,dest_Q138879619
dest_Q139033077,dest_Q139033077
dest_Q138921059,dest_Q138921059
dest_Q139124437,dest_Q139124437
dest_Q16122053,dest_Q16122053
dest_Q4881871,dest_Q4881871
dest_Q5094038,dest_Q5094038
dest_Q28041183,dest_Q28041183
dest_Q4972438,dest_Q4972438
dest_Q5273671,dest_Q5273671
dest_Q5046662,dest_Q5046662
dest_Q138875805,dest_Q138875805
dest_Q6805283,dest_Q6805283
dest_Q4966810,dest_Q4966810
dest_Q138920640,dest_Q138920640
dest_Q136868279,dest_Q136868279
dest_Q4852875,dest_Q18343711
dest_Q138875506,dest_Q138875506
dest_Q5002463,dest_Q5002463
dest_Q5033858,dest_Q5033858
dest_Q5199228,dest_Q5199228
dest_Q138914990,dest_Q138914990
dest_Q5168875,dest_Q5168875
dest_Q5092363,dest_Q5092363
dest_Q5327782,dest_Q5327782
dest_Q138915682,dest_Q138915682
dest_Q138876280,dest_Q138876280
dest_Q4884109,dest_Q4884109
dest_Q139124092,dest_Q139124092
dest_Q5297582,dest_Q5297582
dest_Q5083136,dest_Q5083136
dest_Q6801050,dest_Q6801050
dest_Q4940186,dest_Q4940186
dest_Q5195683,dest_Q5195683
dest_Q4974708,dest_Q4974708
dest_Q5026403,dest_Q5026403
dest_Q139125371,dest_Q139125371
dest_Q5057055,dest_Q5057055
dest_Q138886400,dest_Q138886400
dest_Q2818026,dest_Q2818026
dest_Q139124821,dest_Q139124821
dest_Q138915491,dest_Q138915491
dest_Q4874987,dest_Q4874987
dest_Q139124227,dest_Q139124227
dest_Q4879649,dest_Q4879649
dest_Q3155606,dest_Q3155606
dest_Q13109240,dest_Q13109240
dest_Q138916124,dest_Q138916124
dest_Q4962638,dest_Q4962638
dest_Q2844152,dest_Q2844152
dest_Q5056971,dest_Q5056971
dest_Q5021794,dest_Q5021794
dest_Q138914197,dest_Q138914197
dest_Q6797143,dest_Q6797143
dest_Q4859913,dest_Q4859913
dest_Q7396117,dest_Q7396117
dest_Q3038329,dest_Q3038329
dest_Q14691879,dest_Q14691879
dest_Q7360371,dest_Q7360371
dest_Q7416984,dest_Q7416984
dest_Q7899346,dest_Q7899346
dest_Q7933334,dest_Q7933334
dest_Q5340126,dest_Q5340126
dest_Q7400878,dest_Q7400878
dest_Q5602122,dest_Q5602122
dest_Q6924492,dest_Q14692259
dest_Q7281477,dest_Q7281477
dest_Q8039970,dest_Q8039970
dest_Q3256694,dest_Q3256694
dest_Q7315317,dest_Q7315317
dest_Q7959585,dest_Q7959585
dest_Q7109423,dest_Q7109423
dest_Q6913495,dest_Q6913495
dest_Q6436825,dest_Q6436825
dest_Q6911798,dest_Q6911798
dest_Q5490735,dest_Q5490735
dest_Q5432552,dest_Q5432552
dest_Q8024631,dest_Q8024631
dest_Q7755288,dest_Q7755288
dest_Q6666145,dest_Q110130665
dest_Q7113776,dest_Q7113776
dest_Q6074885,dest_Q6074885
dest_Q7571862,dest_Q7571862
dest_Q5366199,dest_Q5366199
dest_Q6275410,dest_Q6275410
dest_Q7162090,dest_Q7162090
dest_Q6284874,dest_Q6284874
dest_Q8023162,dest_Q8023162
dest_Q8032346,dest_Q109941453
dest_Q4792243,dest_Q4792243
dest_Q7886036,dest_Q7886036
dest_Q7619387,dest_Q7619387
dest_Q5763033,dest_Q5763033
dest_Q8040140,dest_Q8040140
dest_Q7898643,dest_Q7898643
dest_Q2685630,dest_Q2685630
dest_Q7456798,dest_Q7456798
dest_Q5604332,dest_Q5604332
dest_Q8047386,dest_Q8047386
dest_Q8032394,dest_Q8032394
dest_Q5591458,dest_Q5591458
dest_Q6664997,dest_Q6664997
dest_Q4666688,dest_Q4666688
dest_Q6537749,dest_Q6537749
dest_Q7368466,dest_Q7368466
dest_Q2470296,dest_Q14692020
dest_Q6898600,dest_Q6898600
dest_Q7988807,dest_Q7988807
dest_Q7194648,dest_Q7194648
dest_Q7137770,dest_Q7137770
dest_Q6924327,dest_Q6924327
dest_Q7966687,dest_Q7966687
dest_Q5567924,dest_Q5567539
dest_Q4804656,dest_Q4804656
dest_Q6499640,dest_Q6499640
dest_Q5644746,dest_Q5644746
dest_Q5645967,dest_Q5645967
dest_Q7971934,dest_Q7971934
dest_Q764664,dest_Q764664
dest_Q5524555,dest_Q5524555
dest_Q7289221,dest_Q7289221
dest_Q6916202,dest_Q6916202
dest_Q5338962,dest_Q5338962
dest_Q7604266,dest_Q7604266
dest_Q5567539,dest_Q5567539
dest_Q7311815,dest_Q7311815
dest_Q7689994,dest_Q7689994
dest_Q7332769,dest_Q7332769
dest_Q5604567,dest_Q5604567
dest_Q6840721,dest_Q6840721
dest_Q5469042,dest_Q112689525
dest_Q5685167,dest_Q5685167
dest_Q6841316,dest_Q6841316
dest_Q6395258,dest_Q6395258
dest_Q4793596,dest_Q4793596
dest_Q5615899,dest_Q5615899
dest_Q7074104,dest_Q7074104
dest_Q7593326,dest_Q7593326
dest_Q7148457,dest_Q109975136
dest_Q7169045,dest_Q7169045
dest_Q7856675,dest_Q7856675
dest_Q7989571,dest_Q7989571
dest_Q5623871,dest_Q5623871
dest_Q6268673,dest_Q6268673
dest_Q5417147,dest_Q109975687
dest_Q5677875,dest_Q5677875
dest_Q6478748,dest_Q6478748
dest_Q7961310,dest_Q7961310
dest_Q7310494,dest_Q7310494
dest_Q5889472,dest_Q5889472
dest_Q5492159,dest_Q109975679
dest_Q7087363,dest_Q7087363
dest_Q7193467,dest_Q7193467
dest_Q3912215,dest_Q3912215
dest_Q109975462,dest_Q109975462
dest_Q17041322,dest_Q17041322
dest_Q112687930,dest_Q112687930
dest_Q6398631,dest_Q6398631
dest_Q109975133,dest_Q109975133
dest_Q4313166,dest_Q4313166
dest_Q18343711,dest_Q18343711
dest_Q109975469,dest_Q109975469
dest_Q18356801,dest_Q18356801
dest_Q112689525,dest_Q112689525
dest_Q19866867,dest_Q19866867
dest_Q109975467,dest_Q109975467
dest_Q109975678,dest_Q109975678
dest_Q18149353,dest_Q18149353
dest_Q112689565,dest_Q112689565
dest_Q2657236,dest_Q2657236
dest_Q111926746,dest_Q111926746
dest_Q109975679,dest_Q109975679
dest_Q107920315,dest_Q107920315
dest_Q111926764,dest_Q111926764
dest_Q111926726,dest_Q111926726
dest_Q109743315,dest_Q109743315
dest_Q110130652,dest_Q110130652
dest_Q109974075,dest_Q109974075
dest_Q526313,dest_Q526313
dest_Q16903191,dest_Q110130652
dest_Q16894351,dest_Q16894351
dest_Q109975130,dest_Q109975130
dest_Q109975691,dest_Q109975691
dest_Q20658060,dest_Q20658060
dest_Q17183884,dest_Q17183884
dest_Q110130665,dest_Q110130665
dest_Q111926770,dest_Q111926770
dest_Q111908598,dest_Q111908598
dest_Q109975129,dest_Q109975129
dest_Q111926734,dest_Q111926734
dest_Q110130648,dest_Q110130648
dest_Q16900366,dest_Q16900366
dest_Q109975132,dest_Q107015686
dest_Q109975689,dest_Q109975689
dest_Q108044418,dest_Q108044418
dest_Q109974958,dest_Q109974958
dest_Q111908603,dest_Q111908603
dest_Q109975471,dest_Q109975471
dest_Q111926767,dest_Q111926767
dest_Q109975706,dest_Q109975706
dest_Q112689801,dest_Q112689801
dest_Q111926759,dest_Q111926759
dest_Q112689806,dest_Q112689806
dest_Q109975687,dest_Q109975687
dest_Q109975713,dest_Q109975713
dest_Q421618,dest_Q421618
dest_Q107980076,dest_Q107980076
dest_Q110130647,dest_Q110130647
dest_Q110130651,dest_Q110130651
dest_Q108084235,dest_Q108084235
dest_Q14692259,dest_Q14692259
dest_Q803856,dest_Q803856
dest_Q16892389,dest_Q16892389
dest_Q14692106,dest_Q14692106
dest_Q109918080,dest_Q109918080
dest_Q107015686,dest_Q107015686
dest_Q109975138,dest_Q109975138
dest_Q15956769,dest_Q15956769
dest_Q109941453,dest_Q109941453
dest_Q14692020,dest_Q14692020
dest_Q18153030,dest_Q18153030
dest_Q109975001,dest_Q109975001
dest_Q109975131,dest_Q109975131
dest_Q18158432,dest_Q18158432
dest_Q110130654,dest_Q110130654
dest_Q109975470,dest_Q109975470
dest_Q4026908,dest_Q4026908
dest_Q18346359,dest_Q18346359
dest_Q23137124,dest_Q23137124
dest_Q1026043,dest_Q1026043
dest_Q109975134,dest_Q109975134
dest_Q19864968,dest_Q19864968
dest_Q111645386,dest_Q111645386
dest_Q109975710,dest_Q109975710
dest_Q110130649,dest_Q110130649
dest_Q109975136,dest_Q109975136
dest_Q110094734,dest_Q110094734
dest_Q1027553,dest_Q1027553
dest_Q111926779,dest_Q111926779
dest_Q109975690,dest_Q109975690
dest_Q109975452,dest_Q109975452
dest_Q20657747,dest_Q20657747
dest_Q109975465,dest_Q109975465
dest_Q14692484,dest_Q14692484
dest_Q864153,dest_Q864153
dest_Q111903594,dest_Q111903594
dest_Q109975712,dest_Q109975712
dest_Q112620855,dest_Q112620855
dest_Q109975711,dest_Q109975711
dest_Q111903877,dest_Q111903877
dest_Q110158116,dest_Q110158116
dest_Q109975140,dest_Q109975140
dest_Q109975708,dest_Q109975708
dest_Q2356612,dest_Q2356612
dest_Q2598913,dest_Q2598913
dest_Q4777485,dest_Q4777485
dest_Q5647014,dest_Q5647014
dest_Q20422139,dest_Q20422139
dest_Q2535189,dest_Q2535189
dest_Q2637926,dest_Q2637926
dest_Q2222537,dest_Q2222537
dest_Q5160787,dest_Q5160787
dest_Q124477576,dest_Q124477576
dest_Q2669661,dest_Q2669661
dest_Q130735986,dest_Q130735986
dest_Q5302412,dest_Q5302412
dest_Q2632339,dest_Q2632339
dest_Q18087920,dest_Q18087920
dest_Q5953702,dest_Q5953702
dest_Q5127694,dest_Q5127694
dest_Q2695475,dest_Q2695475
dest_Q5501867,dest_Q5501867
dest_Q2167634,dest_Q2167634
dest_Q25080135,dest_Q25080135
dest_Q33100360,dest_Q33100360
dest_Q137372080,dest_Q137372080
dest_Q5168813,dest_Q5168813
dest_Q5121393,dest_Q5121393
dest_Q5518696,dest_Q5518696
dest_Q5328062,dest_Q5328062
dest_Q2184035,dest_Q2184035
dest_Q2202037,dest_Q2202037
dest_Q5303358,dest_Q5303358
dest_Q2599360,dest_Q2599360
dest_Q13743261,dest_Q13743261
dest_Q53843788,dest_Q130735986
dest_Q2546057,dest_Q2546057
dest_Q2164884,dest_Q2164884
dest_Q1863253,dest_Q1863253
dest_Q4393394,dest_Q4393394
dest_Q4980781,dest_Q4980781
dest_Q2238084,dest_Q2238084
dest_Q110709443,dest_Q110709443
dest_Q5242625,dest_Q5242625
dest_Q5329287,dest_Q5329287
dest_Q2590292,dest_Q2590292
dest_Q5434618,dest_Q5434618
dest_Q3198910,dest_Q3198910
dest_Q267663,dest_Q267663
dest_Q5184631,dest_Q5184631
dest_Q124477599,dest_Q124477599
dest_Q109451391,dest_Q109451391
dest_Q2394100,dest_Q2394100
dest_Q2015985,dest_Q2015985
dest_Q1921437,dest_Q1910791
dest_Q2320889,dest_Q2320889
dest_Q137996982,dest_Q137996982
dest_Q5756174,dest_Q5756174
dest_Q8022250,dest_Q8022250
dest_Q4960599,dest_Q4960599
dest_Q7103400,dest_Q7103400
dest_Q6552624,dest_Q6552624
dest_Q5867121,dest_Q5867121
dest_Q7654700,dest_Q7654700
dest_Q6546412,dest_Q6546412
dest_Q7401446,dest_Q7401446
dest_Q14204287,dest_Q14204287
dest_Q6908097,dest_Q6908097
dest_Q6759728,dest_Q6759728
dest_Q5603724,dest_Q5603724
dest_Q14204290,dest_Q14204290
dest_Q8024629,dest_Q8024629
dest_Q7051865,dest_Q7051865
dest_Q6523180,dest_Q6523180
dest_Q7073540,dest_Q7073540
dest_Q14204289,dest_Q14204289
dest_Q14710362,dest_Q14710362
dest_Q7054323,dest_Q7054323
dest_Q14711054,dest_Q14711054
dest_Q4865640,dest_Q4865640
dest_Q14204286,dest_Q14204286
dest_Q6931948,dest_Q6931948
dest_Q4219909,dest_Q4219909
dest_Q14711175,dest_Q14711175
dest_Q16256843,dest_Q16256843
dest_Q8024664,dest_Q8024664
dest_Q6650032,dest_Q6650032
dest_Q976253,dest_Q976253
dest_Q7056235,dest_Q7056235
dest_Q16979696,dest_Q16979696
dest_Q6316403,dest_Q6316403
dest_Q7686721,dest_Q7686721
dest_Q16840162,dest_Q16840162
dest_Q6552164,dest_Q6552164
dest_Q7567783,dest_Q7567783
dest_Q7284862,dest_Q7284862
dest_Q7568328,dest_Q7568328
dest_Q8071899,dest_Q8071888
dest_Q7368139,dest_Q7368139
dest_Q5773411,dest_Q5773411
dest_Q6843343,dest_Q6843343
dest_Q14710347,dest_Q14710347
dest_Q7085404,dest_Q7085404
dest_Q7566891,dest_Q7566891
dest_Q5602815,dest_Q5602815
dest_Q17087713,dest_Q17087713
dest_Q6843071,dest_Q6843071
dest_Q7073949,dest_Q7073949
dest_Q6763253,dest_Q6763253
dest_Q7581751,dest_Q7581751
dest_Q5611426,dest_Q5611426
dest_Q973421,dest_Q973421
dest_Q7984644,dest_Q7984644
dest_Q4731078,dest_Q4731078
dest_Q7836267,dest_Q7836267
dest_Q8034068,dest_Q8034068
dest_Q6697750,dest_Q6697750
dest_Q8071888,dest_Q8071888
dest_Q7084042,dest_Q7084042
dest_Q5911432,dest_Q5911432
dest_Q980453,dest_Q980453
dest_Q7988806,dest_Q7988806
dest_Q7060072,dest_Q7060072
dest_Q5522251,dest_Q5522251
dest_Q5456090,dest_Q5456089
dest_Q5337868,dest_Q5337868
dest_Q5327753,dest_Q5327753
dest_Q5105351,dest_Q5105351
dest_Q4892076,dest_Q4892076
dest_Q5303356,dest_Q5303356
dest_Q14686850,dest_Q14686850
dest_Q5147167,dest_Q5147167
dest_Q14204005,dest_Q14204005
dest_Q4925035,dest_Q4925035
dest_Q2989183,dest_Q2989183
dest_Q3895380,dest_Q3895380
dest_Q2333137,dest_Q2333137
dest_Q5457056,dest_Q5457056
dest_Q18378142,dest_Q18378142
dest_Q5059303,dest_Q5059303
dest_Q14686661,dest_Q14686661
dest_Q4983128,dest_Q2333137
dest_Q17081849,dest_Q17081849
dest_Q18217604,dest_Q18217604
dest_Q4856285,dest_Q4856285
dest_Q4770699,dest_Q4770699
dest_Q5035960,dest_Q14686605
dest_Q16901628,dest_Q16901628
dest_Q17043730,dest_Q17043730
dest_Q1946907,dest_Q1946907
dest_Q14686700,dest_Q14686700
dest_Q14686951,dest_Q14686951
dest_Q14686880,dest_Q14686880
dest_Q4890368,dest_Q4890368
dest_Q14204040,dest_Q14204005
dest_Q4789688,dest_Q4789688
dest_Q4816551,dest_Q4816551
dest_Q5096481,dest_Q5096481
dest_Q5476197,dest_Q5476197
dest_Q16992226,dest_Q16992226
dest_Q4983131,dest_Q2333137
dest_Q14686605,dest_Q14686605
dest_Q5039208,dest_Q5039208
dest_Q5059164,dest_Q5059164
dest_Q18217485,dest_Q18217485
dest_Q4949645,dest_Q4949630
dest_Q14686693,dest_Q14686693
dest_Q14686601,dest_Q14686601
dest_Q5456089,dest_Q5456089
dest_Q4678474,dest_Q4678474
dest_Q4975219,dest_Q4975219
dest_Q5048133,dest_Q5048133
dest_Q14686780,dest_Q14686780
dest_Q43079988,dest_Q43079988
dest_Q18149872,dest_Q18149872
dest_Q14686716,dest_Q14686716
dest_Q5303354,dest_Q5303354
dest_Q14686690,dest_Q14686690
dest_Q5328768,dest_Q5328768
dest_Q14686834,dest_Q14686834
dest_Q4949630,dest_Q4949630
dest_Q14686620,dest_Q14686620
dest_Q5430540,dest_Q5430540
dest_Q15226905,dest_Q15226905
dest_Q7195209,dest_Q7195209
dest_Q65240960,dest_Q65240960
dest_Q7637599,dest_Q7637599
dest_Q7567082,dest_Q7567082
dest_Q106808933,dest_Q106808933
dest_Q7395147,dest_Q7395147
dest_Q7857184,dest_Q7857184
dest_Q7169009,dest_Q7169009
dest_Q3462468,dest_Q3462468
dest_Q7227614,dest_Q7227614
dest_Q7195206,dest_Q7195206
dest_Q7989743,dest_Q7989743
dest_Q7738497,dest_Q7738497
dest_Q5303345,dest_Q5303345
dest_Q7655208,dest_Q7655208
dest_Q7191512,dest_Q7191512
dest_Q6471490,dest_Q6471490
dest_Q2944771,dest_Q2944771
dest_Q14707108,dest_Q14707108
dest_Q3095483,dest_Q3095483
dest_Q7692583,dest_Q7692583
dest_Q3321296,dest_Q3321296
dest_Q7971632,dest_Q7971632
dest_Q3024876,dest_Q3024876
dest_Q4784759,dest_Q4784759
dest_Q3212442,dest_Q3212442
dest_Q7566057,dest_Q7566057
dest_Q3208659,dest_Q3208659
dest_Q7045560,dest_Q7045560
dest_Q3463360,dest_Q3463360
dest_Q7199219,dest_Q7199219
dest_Q7989708,dest_Q7989708
dest_Q6392495,dest_Q6392495
dest_Q177748,dest_Q177748
dest_Q4860406,dest_Q4860406
dest_Q5948664,dest_Q5948664
dest_Q7702856,dest_Q7702856
dest_Q7166089,dest_Q7166089
dest_Q7587486,dest_Q7587486
dest_Q3190384,dest_Q3190384
dest_Q7294297,dest_Q7294297
dest_Q7157704,dest_Q7157704
dest_Q7438151,dest_Q7438151
dest_Q7338406,dest_Q7338406
dest_Q2894674,dest_Q2894674
dest_Q2056352,dest_Q2056352
dest_Q7495529,dest_Q7495529
dest_Q3215478,dest_Q3215478
dest_Q77167976,dest_Q77167976
dest_Q16994553,dest_Q16994553
dest_Q7538381,dest_Q7538381
dest_Q7157712,dest_Q7157712
dest_Q7494895,dest_Q7494895
dest_Q108398873,dest_Q108398873
dest_Q113865133,dest_Q113865133
dest_Q108404636,dest_Q108404636
dest_Q113785428,dest_Q113785428
dest_Q113456234,dest_Q113456234
dest_Q22687631,dest_Q22687631
dest_Q108398294,dest_Q108398294
dest_Q17070398,dest_Q17070398
dest_Q64217566,dest_Q64217566
dest_Q12209248,dest_Q12209248
dest_Q1190862,dest_Q1190862
dest_Q65228824,dest_Q65228824
dest_Q113128794,dest_Q113128794
dest_Q112898932,dest_Q112898932
dest_Q6763832,dest_Q6763832
dest_Q28497150,dest_Q28497150
dest_Q5588865,dest_Q5588865
dest_Q108441936,dest_Q108441936
dest_Q108398890,dest_Q108398890
dest_Q16125743,dest_Q16125743
dest_Q34924557,dest_Q34924557
dest_Q108398830,dest_Q108398830
dest_Q108398908,dest_Q108398908
dest_Q86662245,dest_Q86662245
dest_Q65070577,dest_Q65070577
dest_Q107776956,dest_Q107776956
dest_Q85797382,dest_Q85797382
dest_Q107778902,dest_Q107778902
dest_Q846844,dest_Q846844
dest_Q5303349,dest_Q5303349
dest_Q36937256,dest_Q36937256
dest_Q108402592,dest_Q108402592
dest_Q34921448,dest_Q34921448
dest_Q12210186,dest_Q12210186
dest_Q85784179,dest_Q85784179
dest_Q108402606,dest_Q108402606
dest_Q113872130,dest_Q113872130
dest_Q65040834,dest_Q65040834
dest_Q15982270,dest_Q15982270
dest_Q14691936,dest_Q14691936
dest_Q14691938,dest_Q14691938
dest_Q14691961,dest_Q14691961
dest_Q4944002,dest_Q4944002
dest_Q112689888,dest_Q112689888
dest_Q7415823,dest_Q7415823
dest_Q108394982,dest_Q108394982
dest_Q113945816,dest_Q113945816
dest_Q108402620,dest_Q108402606
dest_Q7575934,dest_Q7575934
dest_Q108398155,dest_Q108398155
dest_Q108181372,dest_Q108181372
dest_Q108398975,dest_Q108398975
dest_Q112689824,dest_Q112689824
dest_Q108402628,dest_Q108402606
dest_Q66317743,dest_Q66317743
dest_Q114733043,dest_Q114733043
dest_Q108371767,dest_Q108371767
dest_Q6400100,dest_Q6400100
dest_Q108402638,dest_Q108402606
dest_Q108441935,dest_Q108441935
dest_Q14691901,dest_Q14691901
dest_Q108371768,dest_Q108371768
dest_Q91127843,dest_Q91127843
dest_Q3398741,dest_Q3398741
dest_Q4837224,dest_Q4837224
dest_Q108398852,dest_Q108398852
dest_Q85792863,dest_Q85792863
dest_Q86662222,dest_Q86662222
dest_Q115346634,dest_Q115346604
dest_Q118946364,dest_Q118946364
dest_Q5242871,dest_Q5242871
dest_Q7122906,dest_Q7122906
dest_Q1112511,dest_Q1112511
dest_Q14715757,dest_Q14715757
dest_Q1400626,dest_Q1400626
dest_Q14715430,dest_Q14715430
dest_Q104870705,dest_Q104870705
dest_Q128646642,dest_Q128646642
dest_Q136327588,dest_Q136327588
dest_Q5132091,dest_Q5132091
dest_Q67433989,dest_Q67433989
dest_Q809901,dest_Q809901
dest_Q7898299,dest_Q7898299
dest_Q677514,dest_Q677514
dest_Q6794181,dest_Q6794181
dest_Q7428250,dest_Q7428250
dest_Q16845013,dest_Q16845013
dest_Q125400280,dest_Q125400280
dest_Q387659,dest_Q387659
dest_Q115346604,dest_Q115346604
dest_Q3263623,dest_Q3263623
dest_Q184483,dest_Q184483
dest_Q17053428,dest_Q17053428
dest_Q986020,dest_Q986020
dest_Q55536372,dest_Q55536372
dest_Q60642915,dest_Q60642915
dest_Q187083,dest_Q187083
dest_Q1381137,dest_Q1381137
dest_Q6176380,dest_Q6176380
dest_Q1540440,dest_Q1540440
dest_Q5150692,dest_Q5150692
dest_Q14324264,dest_Q14324264
dest_Q69862563,dest_Q69862563
dest_Q7886037,dest_Q7886037
dest_Q7055313,dest_Q7055313
dest_Q125399897,dest_Q125399897
dest_Q14202642,dest_Q14202642
dest_Q1245759,dest_Q1245759
dest_Q4805681,dest_Q4805681
dest_Q16984761,dest_Q16984761
dest_Q1667374,dest_Q1667374
dest_Q128642313,dest_Q128642313
dest_Q107231224,dest_Q107231224
dest_Q7102296,dest_Q7102296
dest_Q990957,dest_Q990957
dest_Q67207096,dest_Q67207096
dest_Q5207102,dest_Q5207102
dest_Q97600544,dest_Q97600544
dest_Q4012846,dest_Q4012846
dest_Q19776680,dest_Q19776680
dest_Q672888,dest_Q672888
dest_Q1106961,dest_Q1106961
dest_Q2706,dest_Q2706
dest_Q85311293,dest_Q85311293
dest_Q4008365,dest_Q4008365
dest_Q92923282,dest_Q92923282
dest_Q19567851,dest_Q19567851
dest_Q17623876,dest_Q17623876
dest_Q2407620,dest_Q2407620
dest_Q19567949,dest_Q19567949
dest_Q2598960,dest_Q2598960
dest_Q14205970,dest_Q14205970
dest_Q48760652,dest_Q48760652
dest_Q60656450,dest_Q60656450
dest_Q3862345,dest_Q3862345
dest_Q16600079,dest_Q16600079
dest_Q3593599,dest_Q3593599
dest_Q59311278,dest_Q59311278
dest_Q20008720,dest_Q20008720
dest_Q63386889,dest_Q63386889
dest_Q116003748,dest_Q116003748
dest_Q24936631,dest_Q24936631
dest_Q24886592,dest_Q24886592
dest_Q60658129,dest_Q60658129
dest_Q19568045,dest_Q19568045
dest_Q302365,dest_Q302365
dest_Q18646576,dest_Q18646576
dest_Q7912839,dest_Q7912839
dest_Q1149931,dest_Q1149931
dest_Q2191791,dest_Q2191791
dest_Q65089766,dest_Q65089766
dest_Q19567908,dest_Q19567908
dest_Q60656510,dest_Q60656510
dest_Q111901161,dest_Q111901161
dest_Q127413565,dest_Q127413565
dest_Q949445,dest_Q949445
dest_Q85311324,dest_Q85311324
dest_Q2320557,dest_Q2320557
dest_Q115180808,dest_Q115180808
dest_Q28472160,dest_Q28472160
dest_Q87776014,dest_Q87776014
dest_Q2772297,dest_Q2772297
dest_Q3777242,dest_Q3777242
dest_Q86434467,dest_Q86434467
dest_Q18729102,dest_Q18729102
dest_Q20871560,dest_Q20871560
dest_Q730506,dest_Q730506
dest_Q393442,dest_Q393442
dest_Q6058876,dest_Q2886949
dest_Q104879039,dest_Q104878786
dest_Q24928003,dest_Q24928003
dest_Q60642854,dest_Q60642854
dest_Q5720556,dest_Q5720556
dest_Q2943078,dest_Q2943078
dest_Q4985514,dest_Q4985514
dest_Q109377412,dest_Q109377412
dest_Q5725073,dest_Q5725073
dest_Q4882670,dest_Q4882670
dest_Q3206639,dest_Q3206639
dest_Q5720820,dest_Q5720820
dest_Q3045547,dest_Q3045547
dest_Q5720825,dest_Q5720825
dest_Q30595043,dest_Q30595043
dest_Q104879876,dest_Q104879876
dest_Q941689,dest_Q941689
dest_Q3320699,dest_Q3320699
dest_Q3413269,dest_Q3413118
dest_Q5720466,dest_Q5720466
dest_Q9054795,dest_Q2886949
dest_Q5716821,dest_Q5716821
dest_Q3319496,dest_Q3319496
dest_Q3413216,dest_Q3413118
dest_Q3413118,dest_Q3413118
dest_Q5321074,dest_Q5321074
dest_Q15271532,dest_Q15271532
dest_Q6058869,dest_Q6058869
dest_Q16530866,dest_Q16530866
dest_Q2886949,dest_Q2886949
dest_Q5970313,dest_Q5970313
dest_Q4880636,dest_Q4880636
dest_Q108872415,dest_Q108872415
dest_Q104879578,dest_Q104879578
dest_Q3413224,dest_Q3413224
dest_Q4863739,dest_Q4863739
dest_Q3813816,dest_Q3813816
dest_Q123964229,dest_Q123964229
dest_Q2563873,dest_Q2563873
dest_Q2910676,dest_Q2910676
dest_Q5321082,dest_Q5321082
dest_Q96949757,dest_Q96949757
dest_Q2328190,dest_Q2328190
dest_Q3429967,dest_Q3429967
dest_Q5521044,dest_Q5521044
dest_Q111444776,dest_Q111444776
dest_Q5720731,dest_Q5720731
dest_Q5720198,dest_Q5720198
dest_Q2910678,dest_Q2910676
dest_Q7334412,dest_Q7334412
dest_Q16488122,dest_Q16488122
dest_Q104878786,dest_Q104878786
dest_Q104879582,dest_Q104879578
dest_Q524311,dest_Q524311
dest_Q7413590,dest_Q7413590
dest_Q112132220,dest_Q112132220
dest_Q3909924,dest_Q3909924
dest_Q111578020,dest_Q111578020
dest_Q2651388,dest_Q2651388
dest_Q612854,dest_Q612854
dest_Q63790129,dest_Q63790129
dest_Q115718977,dest_Q115718977
dest_Q6746220,dest_Q6746220
dest_Q5761010,dest_Q5761010
dest_Q11952456,dest_Q11952456
dest_Q7272603,dest_Q7272603
dest_Q115697906,dest_Q115697906
dest_Q16897443,dest_Q16897443
dest_Q11908564,dest_Q11908564
dest_Q6081619,dest_Q6081619
dest_Q7367170,dest_Q7367170
dest_Q24035652,dest_Q24035652
dest_Q1953997,dest_Q1953997
dest_Q5962781,dest_Q5962781
dest_Q12771419,dest_Q12771419
dest_Q5732422,dest_Q5732422
dest_Q11930541,dest_Q11930541
dest_Q5889837,dest_Q5889837
dest_Q5719192,dest_Q5719192
dest_Q6017789,dest_Q6017789
dest_Q7808491,dest_Q7808491
dest_Q1233391,dest_Q1233391
dest_Q17147045,dest_Q17147045
dest_Q108196497,dest_Q108196497
dest_Q5351018,dest_Q5351018
dest_Q116871803,dest_Q116871803
dest_Q20892012,dest_Q20892012
dest_Q193478,dest_Q193478
dest_Q110825743,dest_Q110825743
dest_Q5047504,dest_Q5047504
dest_Q5822192,dest_Q5822192
dest_Q20107330,dest_Q20107330
dest_Q13538322,dest_Q13538322
dest_Q5558651,dest_Q5558651
dest_Q8025985,dest_Q8025985
dest_Q8242920,dest_Q8242920
dest_Q11955636,dest_Q11955636
dest_Q7618104,dest_Q7618104
dest_Q2059902,dest_Q2059902
dest_Q2648340,dest_Q2648340
dest_Q5970623,dest_Q5970623
dest_Q1227695,dest_Q1227695
dest_Q2244515,dest_Q2244515
dest_Q7861736,dest_Q7861736
dest_Q11341632,dest_Q11341632
dest_Q2823875,dest_Q2823875
dest_Q11341889,dest_Q11341889
dest_Q11341732,dest_Q11341732
dest_Q11341664,dest_Q11341603
dest_Q12059686,dest_Q12059686
dest_Q16589334,dest_Q16589334
dest_Q12156072,dest_Q12156072
dest_Q138566689,dest_Q138566689
dest_Q12193780,dest_Q12193780
dest_Q25454544,dest_Q25454544
dest_Q393476,dest_Q393476
dest_Q131175914,dest_Q131175914
dest_Q12186666,dest_Q12186666
dest_Q22581354,dest_Q22581354
dest_Q61361745,dest_Q61361745
dest_Q2238435,dest_Q2238435
dest_Q14207404,dest_Q14207404
dest_Q12832476,dest_Q12832476
dest_Q4597367,dest_Q4597367
dest_Q5294654,dest_Q5294654
dest_Q14207411,dest_Q14207411
dest_Q11341603,dest_Q11341603
dest_Q11341955,dest_Q10816603
dest_Q14207414,dest_Q14207414
dest_Q11342272,dest_Q11342272
dest_Q131840544,dest_Q131840544
dest_Q11342029,dest_Q11342029
dest_Q12186205,dest_Q12186205
dest_Q3247237,dest_Q3247237
dest_Q2944781,dest_Q2944781
dest_Q12203148,dest_Q12203148
dest_Q14207412,dest_Q14207412
dest_Q2925833,dest_Q11341603
dest_Q16985642,dest_Q16985642
dest_Q16605297,dest_Q16605297
dest_Q3507601,dest_Q3507601
dest_Q133902540,dest_Q133902540
dest_Q12045363,dest_Q12045363
dest_Q139997863,dest_Q139997863
dest_Q4893397,dest_Q4893397
dest_Q131338279,dest_Q131338279
dest_Q3947213,dest_Q3947213
dest_Q138565494,dest_Q138565494
dest_Q3496275,dest_Q3496275
dest_Q48746636,dest_Q48746636
dest_Q122923270,dest_Q122923270
dest_Q11341920,dest_Q11341920
dest_Q3565523,dest_Q3565523
dest_Q101218885,dest_Q101218885
dest_Q10816603,dest_Q10816603
dest_Q16580095,dest_Q16580095
dest_Q76761752,dest_Q76761752
dest_Q894482,dest_Q894482
dest_Q12027201,dest_Q12027201
dest_Q11342332,dest_Q11341603
dest_Q21002698,dest_Q21002698
dest_Q12035017,dest_Q12035017
dest_Q10284840,dest_Q10284840
dest_Q20962888,dest_Q20962888
dest_Q3565077,dest_Q11341920
dest_Q14907214,dest_Q14907214
dest_Q10861698,dest_Q10861698
dest_Q11341807,dest_Q11341807
dest_Q58195599,dest_Q58195599
dest_Q18474080,dest_Q18474080
dest_Q3564800,dest_Q3564800
dest_Q2906879,dest_Q2906879
dest_Q23438253,dest_Q23438253
dest_Q588860,dest_Q588860
dest_Q54875140,dest_Q54875140
dest_Q3782700,dest_Q3782700
dest_Q108881116,dest_Q108881116
dest_Q3201812,dest_Q3201812
dest_Q106676468,dest_Q106676468
dest_Q3322472,dest_Q3322472
dest_Q4877626,dest_Q4877626
dest_Q17079923,dest_Q17079923
dest_Q6391397,dest_Q6391397
dest_Q483296,dest_Q483296
dest_Q3515800,dest_Q3515800
dest_Q7573312,dest_Q7573312
dest_Q3555372,dest_Q3555372
dest_Q2924335,dest_Q2924335
dest_Q108881148,dest_Q108881148
dest_Q14227507,dest_Q14227507
dest_Q5522236,dest_Q5522236
dest_Q16379292,dest_Q16379292
dest_Q7054326,dest_Q7054326
dest_Q16895927,dest_Q16895927
dest_Q7338364,dest_Q7338364
dest_Q7222565,dest_Q7222565
dest_Q5748283,dest_Q5748283
dest_Q18542113,dest_Q18542113
dest_Q3206776,dest_Q3206776
dest_Q3560726,dest_Q3560726
dest_Q3233720,dest_Q3233720
dest_Q16255551,dest_Q16255551
dest_Q11919440,dest_Q11919440
dest_Q138545539,dest_Q138545539
dest_Q3281750,dest_Q3281750
dest_Q16256867,dest_Q16256867
dest_Q30681723,dest_Q30681723
dest_Q2118416,dest_Q2118416
dest_Q16255749,dest_Q16255749
dest_Q108881129,dest_Q108881129
dest_Q5607800,dest_Q5607800
dest_Q88186078,dest_Q88186078
dest_Q2891678,dest_Q2891678
dest_Q6423253,dest_Q6423253
dest_Q7894863,dest_Q7894863
dest_Q12744341,dest_Q12744341
dest_Q7899011,dest_Q7899011
dest_Q2523697,dest_Q2523697
dest_Q3516953,dest_Q3516953
dest_Q1305269,dest_Q1305269
dest_Q512335,dest_Q512335
dest_Q16919582,dest_Q16919582
dest_Q7566450,dest_Q7566450
dest_Q3528514,dest_Q3528514
dest_Q16981496,dest_Q16981496
dest_Q7894719,dest_Q7894719
dest_Q108881059,dest_Q108881059
dest_Q3433968,dest_Q3433968
dest_Q3209356,dest_Q3209356
dest_Q10366971,dest_Q10366971
dest_Q2905456,dest_Q2905456
dest_Q10298266,dest_Q10298266
dest_Q3509863,dest_Q3509863
dest_Q2385749,dest_Q2385749
dest_Q9672382,dest_Q9672382
dest_Q5367001,dest_Q5367001
dest_Q10298262,dest_Q10298262
dest_Q4732045,dest_Q4732045
dest_Q1622370,dest_Q1622370
dest_Q3660391,dest_Q3660391
dest_Q9698047,dest_Q9698047
dest_Q3090882,dest_Q3090882
dest_Q9652730,dest_Q9652730
dest_Q10260426,dest_Q10260426
dest_Q10315827,dest_Q10315827
dest_Q10343472,dest_Q10343472
dest_Q108938161,dest_Q108938161
dest_Q3264004,dest_Q3264004
dest_Q61438721,dest_Q61438721
dest_Q10260503,dest_Q10260503
dest_Q10338029,dest_Q10338029
dest_Q3637885,dest_Q3637885
dest_Q5329354,dest_Q5329354
dest_Q3961953,dest_Q3961953
dest_Q3635206,dest_Q3635206
dest_Q10275106,dest_Q10275106
dest_Q3698802,dest_Q3698802
dest_Q9697296,dest_Q9697296
dest_Q5031019,dest_Q5031019
dest_Q10305426,dest_Q10305426
dest_Q9670956,dest_Q9670956
dest_Q10337832,dest_Q10337832
dest_Q10350197,dest_Q10350197
dest_Q10367816,dest_Q10367816
dest_Q2946143,dest_Q2946143
dest_Q9649231,dest_Q9649231
dest_Q9643781,dest_Q9643781
dest_Q10321125,dest_Q10321125
dest_Q10375851,dest_Q10375851
dest_Q10349800,dest_Q10349800
dest_Q10282839,dest_Q10282839
dest_Q5142366,dest_Q5142366
dest_Q10375679,dest_Q10375679
dest_Q10293184,dest_Q10293184
dest_Q2345215,dest_Q2345215
dest_Q10335878,dest_Q10335878
dest_Q5388276,dest_Q5388276
dest_Q5328890,dest_Q5328890
dest_Q10337793,dest_Q10337793
dest_Q590564,dest_Q590564
dest_Q107345977,dest_Q107345977
dest_Q10368129,dest_Q10368129
dest_Q10283086,dest_Q10283086
dest_Q5253283,dest_Q5253283
dest_Q10379119,dest_Q10379119
dest_Q9660883,dest_Q9660883
dest_Q10368051,dest_Q10368051
dest_Q10352350,dest_Q10352350
dest_Q10351133,dest_Q10351133
dest_Q1747441,dest_Q1747441
dest_Q87456343,dest_Q87456343
dest_Q9659649,dest_Q9659649
dest_Q9674449,dest_Q9674449
dest_Q16498063,dest_Q16498063
dest_Q111921493,dest_Q111921228
dest_Q111921502,dest_Q111921228
dest_Q16497580,dest_Q16497580
dest_Q111921228,dest_Q111921228
dest_Q111921490,dest_Q111921228
dest_Q10390726,dest_Q10390726
dest_Q111921495,dest_Q111921228
dest_Q16501841,dest_Q16501841
dest_Q111921501,dest_Q111921228
dest_Q16502121,dest_Q16501841
dest_Q111921498,dest_Q111921228
dest_Q10390575,dest_Q10390575
dest_Q111921504,dest_Q111921228
dest_Q16502146,dest_Q16502146
dest_Q138026938,dest_Q138026938
dest_Q111921491,dest_Q111921228
dest_Q111921492,dest_Q111921228
dest_Q111921494,dest_Q111921228
dest_Q111921230,dest_Q111921228
dest_Q111921499,dest_Q111921228
dest_Q111921500,dest_Q111921228
dest_Q10389757,dest_Q10389757
dest_Q4119512,dest_Q4119512
dest_Q1311356,dest_Q1311356
dest_Q2925167,dest_Q2925167
dest_Q3047557,dest_Q3047557
dest_Q90915986,dest_Q90915986
dest_Q2862800,dest_Q2862800
dest_Q3038326,dest_Q3038326
dest_Q2872106,dest_Q2872106
dest_Q32184634,dest_Q32184634
dest_Q135919166,dest_Q135919166
dest_Q70626,dest_Q70626
dest_Q2746759,dest_Q2746759
dest_Q2846139,dest_Q2846139
dest_Q97063816,dest_Q97063816
dest_Q92279870,dest_Q92279870
dest_Q2873264,dest_Q2873264
dest_Q2963739,dest_Q2963739
dest_Q3077066,dest_Q3077066
dest_Q1304199,dest_Q1304199
dest_Q1867529,dest_Q1867529
dest_Q2746395,dest_Q2746395
dest_Q3115998,dest_Q3115998
dest_Q3116067,dest_Q3116067
dest_Q2816105,dest_Q2816105
dest_Q102355253,dest_Q102355253
dest_Q425765,dest_Q425765
dest_Q2895725,dest_Q2895725
dest_Q2746504,dest_Q2746504
dest_Q3047608,dest_Q3047608
dest_Q3492258,dest_Q3492258
dest_Q3090789,dest_Q3090789
dest_Q2895017,dest_Q2895017
dest_Q113509377,dest_Q113509377
dest_Q986328,dest_Q2746762
dest_Q1914334,dest_Q1914334
dest_Q119478340,dest_Q119478340
dest_Q3492277,dest_Q3492277
dest_Q598857,dest_Q1795453
dest_Q2934414,dest_Q2934414
dest_Q1309979,dest_Q1309979
dest_Q3077156,dest_Q3077156
dest_Q1865650,dest_Q1865650
dest_Q1954441,dest_Q1954441
dest_Q285218,dest_Q285218
dest_Q2874478,dest_Q2874478
dest_Q3041364,dest_Q3041364
dest_Q2746755,dest_Q2746755
dest_Q1795453,dest_Q1795453
dest_Q737825,dest_Q737825
dest_Q67210079,dest_Q67210079
dest_Q682357,dest_Q682357
dest_Q2746762,dest_Q2746762
dest_Q56292884,dest_Q56292884
dest_Q3113533,dest_Q3113533
dest_Q3037975,dest_Q3037975
dest_Q3046503,dest_Q3046503
dest_Q2978759,dest_Q2978759
dest_Q3030757,dest_Q3030757
dest_Q3344167,dest_Q3344167
dest_Q7296577,dest_Q7296577
dest_Q7972105,dest_Q737825
dest_Q7337657,dest_Q7337657
dest_Q8001537,dest_Q8001537
dest_Q3344148,dest_Q3344148
dest_Q3344273,dest_Q3344273
dest_Q7237813,dest_Q7237813
dest_Q5040760,dest_Q5040760
dest_Q5584067,dest_Q5584067
dest_Q6517926,dest_Q6517925
dest_Q5061396,dest_Q5061396
dest_Q3567449,dest_Q3567449
dest_Q7355670,dest_Q7355670
dest_Q7061647,dest_Q7061647
dest_Q3344139,dest_Q3344139
dest_Q3216469,dest_Q3216469
dest_Q3195328,dest_Q3195328
dest_Q7194099,dest_Q7194099
dest_Q3257855,dest_Q3257855
dest_Q6693089,dest_Q6693089
dest_Q7930303,dest_Q7930303
dest_Q3303680,dest_Q3303680
dest_Q7998334,dest_Q7998334
dest_Q7245290,dest_Q7245290
dest_Q5246967,dest_Q5246967
dest_Q3347847,dest_Q3347847
dest_Q3388524,dest_Q3388524
dest_Q7350303,dest_Q7350303
dest_Q3264397,dest_Q3264397
dest_Q3143666,dest_Q3143666
dest_Q5508457,dest_Q5508457
dest_Q6479369,dest_Q6479369
dest_Q4650326,dest_Q4650326
dest_Q7296558,dest_Q7296558
dest_Q6517925,dest_Q6517925
dest_Q3344108,dest_Q3344108
dest_Q5015848,dest_Q5015848
dest_Q3500287,dest_Q3500287
dest_Q3344136,dest_Q3344136
dest_Q5136804,dest_Q5136804
dest_Q6807529,dest_Q6807529
dest_Q3567445,dest_Q2746759
dest_Q3322499,dest_Q3322499
dest_Q7972119,dest_Q737825
dest_Q3134251,dest_Q3134251
dest_Q5578644,dest_Q5578644
dest_Q3337593,dest_Q2746762
dest_Q5999557,dest_Q5999557
dest_Q3143236,dest_Q3143236
dest_Q3141595,dest_Q3141595
dest_Q4823292,dest_Q4823292
dest_Q3150102,dest_Q3150102
dest_Q7083904,dest_Q7083904
dest_Q4661775,dest_Q4661775
dest_Q14211284,dest_Q14211284
dest_Q109277716,dest_Q109277716
dest_Q5101159,dest_Q5101159
dest_Q7604064,dest_Q7604064
dest_Q4879863,dest_Q4879863
dest_Q106468220,dest_Q106468220
dest_Q14687650,dest_Q14687650
dest_Q4767373,dest_Q4767373
dest_Q97184281,dest_Q97184281
dest_Q2072728,dest_Q2072728
dest_Q5148870,dest_Q5148870
dest_Q14211259,dest_Q14211257
dest_Q5604796,dest_Q5604796
dest_Q24907662,dest_Q24907662
dest_Q2718134,dest_Q2718134
dest_Q3276293,dest_Q3276293
dest_Q97078405,dest_Q97078405
dest_Q1916794,dest_Q1916794
dest_Q1753737,dest_Q1753737
dest_Q5043295,dest_Q5043295
dest_Q137830457,dest_Q137830457
dest_Q25388960,dest_Q14687765
dest_Q5392618,dest_Q5392618
dest_Q4831893,dest_Q4831893
dest_Q25383226,dest_Q25383226
dest_Q14211256,dest_Q14211256
dest_Q14211257,dest_Q14211257
dest_Q14211262,dest_Q14211262
dest_Q217341,dest_Q217341
dest_Q14211261,dest_Q14211257
dest_Q14687433,dest_Q14687433
dest_Q14211267,dest_Q14211267
dest_Q14687765,dest_Q14687765
dest_Q3535050,dest_Q3535050
dest_Q14211270,dest_Q14211270
dest_Q17040905,dest_Q17040905
dest_Q3929844,dest_Q3929844
dest_Q16997341,dest_Q16997341
dest_Q14211278,dest_Q14211278
dest_Q81645230,dest_Q81645230
dest_Q7427192,dest_Q7427192
dest_Q2716320,dest_Q2716320
dest_Q5147067,dest_Q5147067
dest_Q2454031,dest_Q2454031
dest_Q3537400,dest_Q3537400
dest_Q2725612,dest_Q2725612
dest_Q1646915,dest_Q1646915
dest_Q101096828,dest_Q101096828
dest_Q4615048,dest_Q4615048
dest_Q2992462,dest_Q2992462
dest_Q5101291,dest_Q5101291
dest_Q5329481,dest_Q5329481
dest_Q380144,dest_Q380144
dest_Q19804779,dest_Q19804779
dest_Q4800748,dest_Q4800748
dest_Q4738370,dest_Q4738370
dest_Q2716680,dest_Q2716680
dest_Q138509081,dest_Q138509081
dest_Q5584218,dest_Q5584218
dest_Q4739849,dest_Q4739849
dest_Q5350460,dest_Q5350460
dest_Q4805906,dest_Q4805906
dest_Q7375147,dest_Q7375147
dest_Q25544771,dest_Q25544771
dest_Q7292642,dest_Q7292642
dest_Q24950936,dest_Q24950936
dest_Q30621719,dest_Q30621719
dest_Q7447447,dest_Q7447447
dest_Q7159043,dest_Q7159043
dest_Q6427082,dest_Q6427082
dest_Q7126919,dest_Q7126919
dest_Q7141806,dest_Q7141806
dest_Q7571852,dest_Q7571852
dest_Q7586465,dest_Q7586465
dest_Q3242297,dest_Q3242297
dest_Q5124506,dest_Q5124506
dest_Q6323457,dest_Q6323457
dest_Q6715767,dest_Q6715767
dest_Q7785335,dest_Q7785328
dest_Q7168957,dest_Q7168957
dest_Q7490606,dest_Q7490606
dest_Q7285503,dest_Q7285503
dest_Q6025044,dest_Q6025044
dest_Q6997127,dest_Q6997127
dest_Q6890454,dest_Q6890454
dest_Q12435937,dest_Q12435937
dest_Q31441182,dest_Q31441182
dest_Q24945732,dest_Q24945732
dest_Q7668549,dest_Q7668549
dest_Q6907355,dest_Q6907355
dest_Q6434879,dest_Q6434879
dest_Q7785365,dest_Q7785365
dest_Q7814248,dest_Q7814248
dest_Q7282939,dest_Q7282939
dest_Q6432988,dest_Q6432988
dest_Q7048167,dest_Q7048167
dest_Q116207645,dest_Q116207645
dest_Q12061460,dest_Q12061460
dest_Q7426155,dest_Q7426155
dest_Q7488711,dest_Q7488711
dest_Q82926,dest_Q82926
dest_Q6434366,dest_Q6434366
dest_Q5580594,dest_Q5580594
dest_Q7785328,dest_Q7785328
dest_Q7081965,dest_Q7081965
dest_Q5617831,dest_Q5617831
dest_Q7375146,dest_Q7375146
dest_Q6747920,dest_Q6747920
dest_Q5972193,dest_Q5972193
dest_Q7708590,dest_Q7708590
dest_Q28172398,dest_Q28172398
dest_Q7449705,dest_Q7449705
dest_Q6434029,dest_Q6434029
dest_Q17082536,dest_Q17082536
dest_Q91756614,dest_Q91756614
dest_Q139884614,dest_Q139882412
dest_Q6022192,dest_Q6022192
dest_Q139884398,dest_Q139882412
dest_Q60837853,dest_Q60837805
dest_Q126453641,dest_Q126453641
dest_Q108250894,dest_Q108250894
dest_Q60838015,dest_Q60837805
dest_Q5962784,dest_Q5962784
dest_Q4866091,dest_Q4866091
dest_Q119852919,dest_Q119852919
dest_Q108209953,dest_Q108209953
dest_Q3831804,dest_Q3831804
dest_Q1527848,dest_Q1527848
dest_Q139882700,dest_Q139882412
dest_Q96395867,dest_Q96395867
dest_Q24942957,dest_Q24942957
dest_Q19834475,dest_Q19834475
dest_Q3303175,dest_Q136244181
dest_Q3947279,dest_Q3947279
dest_Q139883568,dest_Q139882412
dest_Q3676325,dest_Q3676325
dest_Q108150764,dest_Q108150764
dest_Q139659858,dest_Q139659858
dest_Q3874861,dest_Q3874861
dest_Q139883953,dest_Q139882412
dest_Q60054914,dest_Q60054914
dest_Q108254637,dest_Q108254637
dest_Q125074334,dest_Q125074334
dest_Q3748758,dest_Q3748758
dest_Q139882641,dest_Q139882412
dest_Q139882534,dest_Q139882412
dest_Q139882412,dest_Q139882412
dest_Q3861850,dest_Q3861850
dest_Q60837805,dest_Q60837805
dest_Q19984455,dest_Q19984455
dest_Q2918779,dest_Q2918779
dest_Q108254387,dest_Q108254387
dest_Q91639091,dest_Q91639091
dest_Q139882732,dest_Q139882412
dest_Q5648636,dest_Q5648636
dest_Q60837625,dest_Q60837625
dest_Q18289033,dest_Q18289033
dest_Q56597465,dest_Q56597465
dest_Q139882583,dest_Q139882412
dest_Q108227837,dest_Q108227837
dest_Q60837955,dest_Q60837955
dest_Q139882605,dest_Q139882412
dest_Q5720669,dest_Q5720669
dest_Q139883801,dest_Q139882412
dest_Q108228329,dest_Q108228329
dest_Q3947469,dest_Q3947469
dest_Q108266881,dest_Q108266881
dest_Q108208378,dest_Q108208378
dest_Q55120291,dest_Q55120291
dest_Q60836635,dest_Q60836635
dest_Q4837226,dest_Q4837226
dest_Q5978978,dest_Q5978978
dest_Q108223053,dest_Q108223053
dest_Q136231407,dest_Q136231407
dest_Q99521942,dest_Q99521942
dest_Q136230899,dest_Q136230899
dest_Q6835684,dest_Q6835684
dest_Q7253832,dest_Q7253832
dest_Q12209198,dest_Q12209198
dest_Q109971488,dest_Q109971488
dest_Q12213102,dest_Q12213102
dest_Q24621741,dest_Q24621741
dest_Q131601747,dest_Q131601747
dest_Q3023564,dest_Q3023564
dest_Q24911343,dest_Q24911343
dest_Q136245937,dest_Q136245937
dest_Q136231293,dest_Q136230899
dest_Q99522187,dest_Q99522187
dest_Q136248692,dest_Q136248692
dest_Q3416225,dest_Q3416225
dest_Q136231484,dest_Q136231484
dest_Q3128796,dest_Q3128796
dest_Q6346212,dest_Q6346212
dest_Q12212232,dest_Q12212232
dest_Q136244181,dest_Q136244181
dest_Q136231003,dest_Q136231003
dest_Q3358280,dest_Q3358280
dest_Q958673,dest_Q958673
dest_Q25452831,dest_Q25452831
dest_Q7266466,dest_Q7266466
dest_Q3128797,dest_Q3128797
dest_Q6206773,dest_Q6206773
dest_Q24911353,dest_Q24911353
dest_Q10292339,dest_Q10292339
dest_Q3023562,dest_Q3023562
dest_Q2895173,dest_Q2895173
dest_Q2922347,dest_Q2922347
dest_Q136278747,dest_Q136278747
dest_Q2405581,dest_Q2405581
dest_Q636253,dest_Q636253
dest_Q136231560,dest_Q136231560
dest_Q99522233,dest_Q99522233
dest_Q136243509,dest_Q136243509
dest_Q12191324,dest_Q12191324
dest_Q1070799,dest_Q1070799
dest_Q8267848,dest_Q8267848
dest_Q6959247,dest_Q6959247
dest_Q136231615,dest_Q136231615
dest_Q20394024,dest_Q20394024
dest_Q136231228,dest_Q136231228
dest_Q136231078,dest_Q136231078
dest_Q2933970,dest_Q2933970
dest_Q134463512,dest_Q134463512
dest_Q15209731,dest_Q15209731
dest_Q16900910,dest_Q16900910
dest_Q5160811,dest_Q5160811
dest_Q7996858,dest_Q7996858
dest_Q7894472,dest_Q7894472
dest_Q2871841,dest_Q2871841
dest_Q7054363,dest_Q7054363
dest_Q15301215,dest_Q15301215
dest_Q4891968,dest_Q4891968
dest_Q7137776,dest_Q7137776
dest_Q17088919,dest_Q17088919
dest_Q5303415,dest_Q5303415
dest_Q5123356,dest_Q5123356
dest_Q15266790,dest_Q15266790
dest_Q7638553,dest_Q7638553
dest_Q5645997,dest_Q5645997
dest_Q6175554,dest_Q6175554
dest_Q15301218,dest_Q15301218
dest_Q5641339,dest_Q5641339
dest_Q16902935,dest_Q16902935
dest_Q5177227,dest_Q5177227
dest_Q7930455,dest_Q7930455
dest_Q4815612,dest_Q4815612
dest_Q4882035,dest_Q4882035
dest_Q16890996,dest_Q16890996
dest_Q5571034,dest_Q5571034
dest_Q12622736,dest_Q12622736
dest_Q7912840,dest_Q7912840
dest_Q2369973,dest_Q2369973
dest_Q1436575,dest_Q1436575
dest_Q7886061,dest_Q107619371
dest_Q5130144,dest_Q5130144
dest_Q5579897,dest_Q5579897
dest_Q5092308,dest_Q5092308
dest_Q5142608,dest_Q5142608
dest_Q5035880,dest_Q5035880
dest_Q5066787,dest_Q5066787
dest_Q4849089,dest_Q4849089
dest_Q6904529,dest_Q6904529
dest_Q5764046,dest_Q5764046
dest_Q7575736,dest_Q7575736
dest_Q2830454,dest_Q2830454
dest_Q7309316,dest_Q7309316
dest_Q5758593,dest_Q5758593
dest_Q6694146,dest_Q6694146
dest_Q6904572,dest_Q6904572
dest_Q7934649,dest_Q7934649
dest_Q2961964,dest_Q2961964
dest_Q14207786,dest_Q14207786
dest_Q4862003,dest_Q4862003
dest_Q6550902,dest_Q6550902
dest_Q7984857,dest_Q7984857
dest_Q7313308,dest_Q7313308
dest_Q6650920,dest_Q6650920
dest_Q7899411,dest_Q7899411
dest_Q7083894,dest_Q7083894
dest_Q5330997,dest_Q5330997
dest_Q6478471,dest_Q6478471
dest_Q6690554,dest_Q6690554
dest_Q6476164,dest_Q6476164
dest_Q7927526,dest_Q7927526
dest_Q7488863,dest_Q7488863
dest_Q969371,dest_Q969371
dest_Q107619371,dest_Q107619371
dest_Q7060014,dest_Q7060014
dest_Q6395153,dest_Q6395153
dest_Q7566354,dest_Q7566354
dest_Q18217588,dest_Q18217588
dest_Q4792384,dest_Q4792384
dest_Q6916555,dest_Q6916555
dest_Q7060477,dest_Q7060477
dest_Q7991936,dest_Q7991936
dest_Q7060471,dest_Q7060471
dest_Q6475413,dest_Q6475413
dest_Q6512553,dest_Q6512553
dest_Q5016479,dest_Q5016479
dest_Q5421608,dest_Q5421608
dest_Q6681886,dest_Q6681886
dest_Q7829933,dest_Q7829933
dest_Q7984924,dest_Q7984924
dest_Q16862730,dest_Q16862730
dest_Q3038331,dest_Q3038331
dest_Q7073621,dest_Q7073621
dest_Q6155048,dest_Q6155048
dest_Q7241911,dest_Q7241911
dest_Q16911475,dest_Q16911475
dest_Q6461076,dest_Q6461076
dest_Q17091420,dest_Q17091420
dest_Q7925355,dest_Q7925355
dest_Q5124078,dest_Q5124078
dest_Q5366948,dest_Q5366948
dest_Q5469034,dest_Q5469034
dest_Q3021127,dest_Q3021127
dest_Q5434588,dest_Q5434588
dest_Q7055091,dest_Q7055091
dest_Q18154243,dest_Q18154243
dest_Q14710475,dest_Q14710475
dest_Q8032399,dest_Q8032399
dest_Q16984072,dest_Q16984072
dest_Q5047891,dest_Q5047891
dest_Q18217437,dest_Q18217437
dest_Q7567011,dest_Q7567011
dest_Q4682057,dest_Q4682057
dest_Q5047495,dest_Q5047495
dest_Q8040221,dest_Q8040221
dest_Q4878743,dest_Q4878743
dest_Q6479342,dest_Q18154243
dest_Q5506435,dest_Q5506435
dest_Q48806577,dest_Q48806577
dest_Q4718105,dest_Q4718105
dest_Q7989286,dest_Q7989286
dest_Q5325093,dest_Q5325093
dest_Q16995692,dest_Q16995692
dest_Q6460573,dest_Q6460573
dest_Q7241913,dest_Q7241913
dest_Q5646226,dest_Q5646226
dest_Q6411174,dest_Q6411174
dest_Q7086393,dest_Q7086393
dest_Q137399452,dest_Q137399452
dest_Q5176188,dest_Q5176188
dest_Q6093010,dest_Q6093010
dest_Q5308065,dest_Q5308065
dest_Q5303399,dest_Q5303399
dest_Q106808795,dest_Q106808795
dest_Q5567708,dest_Q5567708
dest_Q7495530,dest_Q7495530
dest_Q6939287,dest_Q6939287
dest_Q7894582,dest_Q7894582
dest_Q5086205,dest_Q5086205
dest_Q7203570,dest_Q7203570
dest_Q5262602,dest_Q5262602
dest_Q5277098,dest_Q5277098
dest_Q7565319,dest_Q7565319
dest_Q5175471,dest_Q5175471
dest_Q5666150,dest_Q5666150
dest_Q7566789,dest_Q7566789
dest_Q7043910,dest_Q7043910
dest_Q5492146,dest_Q5492146
dest_Q105571631,dest_Q105571631
dest_Q5469043,dest_Q5469043
dest_Q7268496,dest_Q7268496
dest_Q106498617,dest_Q106498617
dest_Q14708177,dest_Q14708177
dest_Q1420834,dest_Q1420834
dest_Q5072671,dest_Q5072671
dest_Q14210964,dest_Q14210964
dest_Q7602129,dest_Q7602129
dest_Q7084631,dest_Q7084631
dest_Q24260853,dest_Q24260853
dest_Q1826015,dest_Q1826015
dest_Q5548015,dest_Q5548015
dest_Q4851439,dest_Q4851439
dest_Q5134300,dest_Q5134300
dest_Q7567181,dest_Q7567181
dest_Q6924331,dest_Q6924331
dest_Q4904072,dest_Q4904072
dest_Q6984365,dest_Q6984365
dest_Q7084650,dest_Q7084650
dest_Q5092309,dest_Q5092309
dest_Q4895958,dest_Q4895958
dest_Q7445223,dest_Q7445223
dest_Q5327949,dest_Q5327949
dest_Q5758754,dest_Q5758754
dest_Q7619195,dest_Q7619195
dest_Q7085539,dest_Q7085539
dest_Q4788877,dest_Q4788877
dest_Q4962691,dest_Q4962691
dest_Q7138208,dest_Q7138208
dest_Q110902778,dest_Q110902778
dest_Q4789830,dest_Q4789830
dest_Q5362242,dest_Q5362242
dest_Q5328161,dest_Q5328161
dest_Q6947425,dest_Q6947425
dest_Q5330720,dest_Q5330720
dest_Q5463688,dest_Q5463688
dest_Q29470802,dest_Q29470802
dest_Q7054790,dest_Q7054790
dest_Q7073947,dest_Q7073947
dest_Q14716451,dest_Q14716451
dest_Q5100137,dest_Q5100137
dest_Q12736155,dest_Q12736155
dest_Q20710400,dest_Q20710400
dest_Q4966515,dest_Q4966515
dest_Q4738792,dest_Q4738792
dest_Q3889343,dest_Q3889343
dest_Q61081733,dest_Q61081733
dest_Q20433144,dest_Q20433144
dest_Q16892552,dest_Q16892552
dest_Q20429335,dest_Q20429335
dest_Q4961743,dest_Q4961743
dest_Q19706031,dest_Q19706031
dest_Q7927342,dest_Q7927342
dest_Q7894680,dest_Q7894680
dest_Q4664088,dest_Q4664088
dest_Q4854871,dest_Q4854871
dest_Q20709717,dest_Q20709717
dest_Q124003303,dest_Q124003303
dest_Q19882003,dest_Q19882003
dest_Q19709815,dest_Q19709815
dest_Q5184369,dest_Q5184369
dest_Q115817876,dest_Q115817876
dest_Q19703785,dest_Q19703785
dest_Q8032857,dest_Q8032857
dest_Q7566881,dest_Q7566881
dest_Q5353782,dest_Q5353782
dest_Q7719499,dest_Q7719499
dest_Q20431996,dest_Q20431996
dest_Q14212186,dest_Q14212186
dest_Q14212187,dest_Q14212186
dest_Q5469013,dest_Q5469013
dest_Q4339884,dest_Q4339884
dest_Q4099199,dest_Q4099199
dest_Q14212188,dest_Q14212188
dest_Q3851278,dest_Q3851278
dest_Q19703855,dest_Q19703855
dest_Q19707556,dest_Q19707556
dest_Q25021700,dest_Q25021700
dest_Q19706008,dest_Q19706008
dest_Q19874038,dest_Q19874038
dest_Q20711358,dest_Q20711358
dest_Q8031872,dest_Q8031872
dest_Q7414825,dest_Q7414825
dest_Q7763979,dest_Q7763979
dest_Q17081307,dest_Q17081307
dest_Q5035878,dest_Q5035878
dest_Q19708282,dest_Q19708282
dest_Q4439756,dest_Q4439756
dest_Q5566526,dest_Q5566526
dest_Q16995420,dest_Q16995420
dest_Q19708929,dest_Q19708929
dest_Q12743730,dest_Q12743730
dest_Q19707818,dest_Q19707818
dest_Q4807855,dest_Q4807855
dest_Q7338078,dest_Q7338078
dest_Q5303424,dest_Q5303424
dest_Q14716455,dest_Q14716455
dest_Q7988810,dest_Q7988810
dest_Q20429771,dest_Q20429771
dest_Q17091359,dest_Q17091359
dest_Q7587555,dest_Q7587555
dest_Q115978322,dest_Q115978322
dest_Q115978275,dest_Q115978275
dest_Q115978285,dest_Q115978285
dest_Q115978321,dest_Q115978321
dest_Q6512873,dest_Q6512873
dest_Q115978300,dest_Q115978300
dest_Q7083549,dest_Q7083549
dest_Q115978295,dest_Q115978295
dest_Q135105174,dest_Q135105174
dest_Q6859931,dest_Q6859931
dest_Q7838129,dest_Q7838129
dest_Q115978349,dest_Q115978349
dest_Q7080770,dest_Q7080770
dest_Q115978337,dest_Q115978337
dest_Q5683612,dest_Q5683612
dest_Q1427378,dest_Q1427378
dest_Q7912188,dest_Q7912188
dest_Q7281349,dest_Q7281349
dest_Q22375752,dest_Q22375752
dest_Q4983055,dest_Q4983055
dest_Q4974774,dest_Q4974774
dest_Q139583175,dest_Q134487652
dest_Q115978294,dest_Q115978294
dest_Q7054857,dest_Q7054857
dest_Q14874895,dest_Q14874895
dest_Q115978299,dest_Q115978299
dest_Q5127124,dest_Q5127124
dest_Q5265832,dest_Q5265832
dest_Q115978306,dest_Q115978306
dest_Q14357997,dest_Q14357997
dest_Q7566418,dest_Q7566418
dest_Q19876404,dest_Q19876404
dest_Q115978288,dest_Q115978288
dest_Q5060229,dest_Q5060229
dest_Q115978380,dest_Q115978380
dest_Q5569399,dest_Q5569399
dest_Q7079895,dest_Q7079895
dest_Q6358795,dest_Q6358795
dest_Q5147468,dest_Q5147468
dest_Q6801832,dest_Q6801832
dest_Q7969288,dest_Q7969288
dest_Q115978367,dest_Q115978367
dest_Q63922471,dest_Q63922471
dest_Q6905332,dest_Q6905332
dest_Q115978282,dest_Q115978282
dest_Q22643956,dest_Q22643956
dest_Q5121043,dest_Q5121043
dest_Q115978327,dest_Q115978327
dest_Q8032901,dest_Q8032901
dest_Q7148420,dest_Q7148420
dest_Q5430141,dest_Q5430141
dest_Q7512651,dest_Q7512651
dest_Q7857183,dest_Q7857183
dest_Q7138494,dest_Q7138494
dest_Q115978323,dest_Q115978323
dest_Q134487652,dest_Q134487652
dest_Q6842606,dest_Q6842606
dest_Q115978366,dest_Q115978366
dest_Q17084027,dest_Q17084027
dest_Q3656821,dest_Q3656821
dest_Q3003366,dest_Q3003366
dest_Q1032736,dest_Q1032736
dest_Q7250752,dest_Q7250752
dest_Q38249760,dest_Q38249760
dest_Q2846500,dest_Q2846500
dest_Q60785687,dest_Q60785687
dest_Q846416,dest_Q846416
dest_Q12055120,dest_Q12055120
dest_Q14211820,dest_Q14211820
dest_Q54958278,dest_Q54958278
dest_Q92803820,dest_Q92803820
dest_Q21197549,dest_Q21197549
dest_Q96414452,dest_Q96414452
dest_Q14716767,dest_Q14716767
dest_Q14716463,dest_Q14716463
dest_Q60231373,dest_Q60231373
dest_Q3133873,dest_Q3133873
dest_Q3118185,dest_Q3118185
dest_Q764866,dest_Q764866
dest_Q7715561,dest_Q7715561
dest_Q5329614,dest_Q5329614
dest_Q6919525,dest_Q6919525
dest_Q60766886,dest_Q60766886
dest_Q715962,dest_Q715962
dest_Q8032845,dest_Q8032845
dest_Q6070079,dest_Q6070079
dest_Q66661563,dest_Q66661563
dest_Q107331679,dest_Q107331679
dest_Q5178950,dest_Q5178950
dest_Q110433355,dest_Q110433355
dest_Q3322688,dest_Q3322688
dest_Q21015963,dest_Q21015963
dest_Q368523,dest_Q368523
dest_Q590050,dest_Q590050
dest_Q7987922,dest_Q7987922
dest_Q39060247,dest_Q39060247
dest_Q1179001,dest_Q1179001
dest_Q7242586,dest_Q7242586
dest_Q5865818,dest_Q5865818
dest_Q14716500,dest_Q14716500
dest_Q65078634,dest_Q65078634
dest_Q42309947,dest_Q42309947
dest_Q96381240,dest_Q96381240
dest_Q96384383,dest_Q96384383
dest_Q3227459,dest_Q3227459
dest_Q281611,dest_Q281611
dest_Q1107222,dest_Q1107222
dest_Q547401,dest_Q547401
dest_Q31179909,dest_Q31179909
dest_Q8078652,dest_Q8078652
dest_Q3211880,dest_Q3211880
dest_Q3462570,dest_Q122142242
dest_Q2802173,dest_Q2802173
dest_Q140673,dest_Q140673
dest_Q2016251,dest_Q2016251
dest_Q12012813,dest_Q12012813
dest_Q1604760,dest_Q1604760
dest_Q18612678,dest_Q18612678
dest_Q3100985,dest_Q3100985
dest_Q6427173,dest_Q6427173
dest_Q17559064,dest_Q17559064
dest_Q105731296,dest_Q105731296
dest_Q116795603,dest_Q116795603
dest_Q665502,dest_Q665502
dest_Q15708848,dest_Q15708848
dest_Q2176982,dest_Q2176982
dest_Q117157277,dest_Q117157277
dest_Q2293430,dest_Q2293430
dest_Q572882,dest_Q572882
dest_Q2425888,dest_Q2425888
dest_Q2974613,dest_Q2974613
dest_Q2400293,dest_Q2400293
dest_Q2779440,dest_Q2524363
dest_Q2103082,dest_Q2103082
dest_Q3148843,dest_Q3148843
dest_Q2332648,dest_Q2332648
dest_Q2805919,dest_Q2805919
dest_Q27956158,dest_Q27956158
dest_Q996614,dest_Q996614
dest_Q2444112,dest_Q2444112
dest_Q2607323,dest_Q2607323
dest_Q248321,dest_Q248321
dest_Q2653102,dest_Q2653102
dest_Q1910791,dest_Q1910791
dest_Q2802143,dest_Q2802143
dest_Q2342305,dest_Q2342305
dest_Q2328897,dest_Q2328897
dest_Q2027237,dest_Q2027237
dest_Q116795620,dest_Q116795620
dest_Q63935,dest_Q63935
dest_Q607749,dest_Q607749
dest_Q115200269,dest_Q115200269
dest_Q2662453,dest_Q2662453
dest_Q122142242,dest_Q122142242
dest_Q2212461,dest_Q2212461
dest_Q2198374,dest_Q2198374
dest_Q2181950,dest_Q2181950
dest_Q2441527,dest_Q2441527
dest_Q2077086,dest_Q2077086
dest_Q2524363,dest_Q2524363
dest_Q63923,dest_Q63923
dest_Q5471827,dest_Q5471827
dest_Q3935734,dest_Q3935734
dest_Q3637034,dest_Q3637034
dest_Q1434980,dest_Q1434980
dest_Q893562,dest_Q893562
dest_Q14213463,dest_Q14213463
dest_Q2328876,dest_Q2328876
dest_Q13058896,dest_Q13058896
dest_Q58477585,dest_Q58477585
dest_Q14213470,dest_Q14213470
dest_Q3947862,dest_Q3947862
dest_Q833231,dest_Q833231
dest_Q14213469,dest_Q14213469
dest_Q24943561,dest_Q24943561
dest_Q683384,dest_Q683384
dest_Q49580672,dest_Q49580672
dest_Q833878,dest_Q833878
dest_Q1737874,dest_Q1737874
dest_Q3860284,dest_Q3860284
dest_Q111891175,dest_Q111891175
dest_Q3319451,dest_Q3319451
dest_Q866267,dest_Q866267
dest_Q627950,dest_Q627950
dest_Q972864,dest_Q972864
dest_Q3649084,dest_Q3649084
dest_Q745392,dest_Q745392
dest_Q24054815,dest_Q24054815
dest_Q3842272,dest_Q3842272
dest_Q29024984,dest_Q29024984
dest_Q3620822,dest_Q3620822
dest_Q833262,dest_Q833262
dest_Q963477,dest_Q963477
dest_Q1048759,dest_Q1048759
dest_Q1406182,dest_Q1406182
dest_Q57320646,dest_Q57320646
dest_Q3909329,dest_Q3909329
dest_Q2219563,dest_Q2219563
dest_Q531979,dest_Q531979
dest_Q125503635,dest_Q125503635
dest_Q111164568,dest_Q111164568
dest_Q3651971,dest_Q3651971
dest_Q2123040,dest_Q2123040
dest_Q3637888,dest_Q3637888
dest_Q5435842,dest_Q5435842
dest_Q3693986,dest_Q3693986
dest_Q3401166,dest_Q3401166
dest_Q3642510,dest_Q3642510
dest_Q22346276,dest_Q22346276
dest_Q3642831,dest_Q3642831
dest_Q136445228,dest_Q136445228
dest_Q3641485,dest_Q3641485
dest_Q111145850,dest_Q111145850
dest_Q9344109,dest_Q9344109
dest_Q98923687,dest_Q98923687
dest_Q3776889,dest_Q3776889
dest_Q3997860,dest_Q3997860
dest_Q1376033,dest_Q1376033
dest_Q9394372,dest_Q9394372
dest_Q110289285,dest_Q110289285
dest_Q2570650,dest_Q2570650
dest_Q16604104,dest_Q16604104
dest_Q3775772,dest_Q3775772
dest_Q11740361,dest_Q11740361
dest_Q2109346,dest_Q2109346
dest_Q2588725,dest_Q2588725
dest_Q8957,dest_Q8957
dest_Q1593953,dest_Q1593953
dest_Q2566830,dest_Q2566830
dest_Q113471550,dest_Q113471550
dest_Q109769722,dest_Q109769722
dest_Q1922140,dest_Q1922140
dest_Q116170808,dest_Q116170808
dest_Q1272301,dest_Q1272301
dest_Q2567721,dest_Q2567721
dest_Q110739631,dest_Q110739631
dest_Q6906110,dest_Q6906110
dest_Q808571,dest_Q808571
dest_Q9284043,dest_Q9284043
dest_Q9338920,dest_Q9338920
dest_Q104841190,dest_Q104841190
dest_Q98923685,dest_Q98923685
dest_Q2563689,dest_Q2563689
dest_Q1236497,dest_Q1236497
dest_Q9336592,dest_Q9336592
dest_Q2707802,dest_Q2707802
dest_Q475064,dest_Q475064
dest_Q2569992,dest_Q2569992
dest_Q110289283,dest_Q110289283
dest_Q26882863,dest_Q26882863
dest_Q866378,dest_Q866378
dest_Q3569818,dest_Q3569818
dest_Q7567862,dest_Q7567862
dest_Q11924577,dest_Q11924577
dest_Q3776868,dest_Q3776868
dest_Q920229,dest_Q920229
dest_Q3642522,dest_Q3642522
dest_Q5594334,dest_Q5594334
dest_Q3916711,dest_Q3916711
dest_Q3775851,dest_Q3775851
dest_Q21282768,dest_Q21282768
dest_Q1094030,dest_Q1094030
dest_Q5331540,dest_Q5331540
dest_Q5048754,dest_Q5048754
dest_Q5249118,dest_Q5249118
dest_Q5191427,dest_Q5191427
dest_Q4923182,dest_Q4923182
dest_Q4884855,dest_Q4884855
dest_Q4856954,dest_Q4856954
dest_Q4789843,dest_Q4789843
dest_Q4968477,dest_Q4968477
dest_Q5182900,dest_Q5182900
dest_Q4891691,dest_Q4891691
dest_Q5018997,dest_Q5018997
dest_Q5431793,dest_Q5431793
dest_Q4664412,dest_Q4664412
dest_Q5033455,dest_Q5033448
dest_Q5069684,dest_Q5069684
dest_Q3389931,dest_Q3389931
dest_Q5392471,dest_Q5392471
dest_Q4877527,dest_Q4877527
dest_Q4952532,dest_Q4952532
dest_Q5366979,dest_Q5366933
dest_Q5054861,dest_Q5054861
dest_Q14515876,dest_Q14515876
dest_Q5021705,dest_Q5021705
dest_Q5047149,dest_Q5047149
dest_Q4711580,dest_Q4711580
dest_Q5049296,dest_Q5049296
dest_Q5302543,dest_Q5302543
dest_Q5050062,dest_Q5050062
dest_Q4929649,dest_Q4929648
dest_Q5350551,dest_Q5350551
dest_Q4883882,dest_Q4883683
dest_Q5073386,dest_Q5073386
dest_Q5365178,dest_Q5365177
dest_Q4731137,dest_Q4731137
dest_Q5022203,dest_Q5022203
dest_Q4969315,dest_Q4969315
dest_Q5366933,dest_Q5366933
dest_Q4876780,dest_Q4876780
dest_Q5184653,dest_Q5184653
dest_Q4905941,dest_Q4905941
dest_Q4899535,dest_Q4899535
dest_Q4960035,dest_Q4960035
dest_Q4884292,dest_Q4884292
dest_Q4709270,dest_Q4709270
dest_Q4975090,dest_Q4975090
dest_Q3677322,dest_Q3677322
dest_Q5296879,dest_Q5296879
dest_Q4922742,dest_Q4922742
dest_Q5374109,dest_Q5374109
dest_Q4882693,dest_Q4882693
dest_Q5016916,dest_Q5016916
dest_Q4956678,dest_Q4956678
dest_Q5417150,dest_Q5417150
dest_Q4875929,dest_Q4875929
dest_Q5330999,dest_Q5330999
dest_Q4713656,dest_Q4713656
dest_Q5303426,dest_Q5303426
dest_Q4858395,dest_Q4858395
dest_Q4807812,dest_Q4807812
dest_Q5035355,dest_Q5035355
dest_Q5254861,dest_Q5254861
dest_Q5193811,dest_Q5193811
dest_Q4815600,dest_Q4815600
dest_Q5033448,dest_Q5033448
dest_Q2910301,dest_Q2910301
dest_Q5312515,dest_Q5312515
dest_Q4731983,dest_Q4731983
dest_Q5033269,dest_Q5033269
dest_Q5415982,dest_Q5415982
dest_Q4997205,dest_Q4997205
dest_Q5061414,dest_Q5061414
dest_Q4929648,dest_Q4929648
dest_Q5084246,dest_Q5084246
dest_Q4829349,dest_Q4829349
dest_Q65558758,dest_Q65558758
dest_Q5273712,dest_Q5273712
dest_Q4741534,dest_Q4741534
dest_Q5126910,dest_Q5126910
dest_Q5365177,dest_Q5365177
dest_Q4884275,dest_Q4884275
dest_Q5049295,dest_Q5049295
dest_Q5331460,dest_Q5331460
dest_Q5041336,dest_Q5041336
dest_Q5022204,dest_Q5022203
dest_Q5265030,dest_Q5265030
dest_Q5197292,dest_Q5197292
dest_Q5254966,dest_Q5254966
dest_Q5211780,dest_Q5211780
dest_Q4883683,dest_Q4883683
dest_Q4999699,dest_Q4999699
dest_Q5126911,dest_Q5126910
dest_Q4853144,dest_Q4853144
dest_Q5042937,dest_Q5042937
dest_Q5187580,dest_Q5187580
dest_Q4873368,dest_Q4873368
dest_Q5135926,dest_Q115978283
dest_Q6296833,dest_Q5191427
dest_Q7059587,dest_Q7059587
dest_Q6487356,dest_Q6487356
dest_Q6797338,dest_Q6797338
dest_Q6744380,dest_Q6744380
dest_Q6725748,dest_Q6725748
dest_Q5523315,dest_Q5523315
dest_Q7125166,dest_Q7125166
dest_Q5755986,dest_Q115978312
dest_Q5598299,dest_Q5598299
dest_Q6802215,dest_Q6802215
dest_Q6522353,dest_Q6522353
dest_Q5713289,dest_Q5713289
dest_Q6671169,dest_Q6671169
dest_Q5639571,dest_Q5639571
dest_Q6858575,dest_Q6858575
dest_Q5583590,dest_Q5583590
dest_Q5568531,dest_Q5568531
dest_Q6415788,dest_Q6415788
dest_Q6514802,dest_Q6514802
dest_Q6803396,dest_Q6803396
dest_Q7116553,dest_Q7116553
dest_Q5468897,dest_Q5468897
dest_Q6394224,dest_Q6394224
dest_Q6497842,dest_Q6497842
dest_Q6863337,dest_Q6863337
dest_Q6536544,dest_Q6536544
dest_Q6391403,dest_Q6391403
dest_Q6423126,dest_Q6423126
dest_Q6117128,dest_Q6117128
dest_Q6858450,dest_Q6858450
dest_Q6419736,dest_Q6419736
dest_Q6411477,dest_Q6411477
dest_Q6517995,dest_Q6517995
dest_Q5739099,dest_Q14874799
dest_Q6406705,dest_Q6406705
dest_Q5890582,dest_Q5890582
dest_Q5596848,dest_Q5596848
dest_Q6826545,dest_Q115978329
dest_Q6464373,dest_Q6464373
dest_Q6859523,dest_Q6859523
dest_Q5567209,dest_Q5567209
dest_Q5688057,dest_Q5688057
dest_Q7115201,dest_Q7115201
dest_Q6374589,dest_Q6374589
dest_Q5881317,dest_Q5881317
dest_Q5604629,dest_Q5603922
dest_Q6835675,dest_Q115978330
dest_Q7103480,dest_Q7103480
dest_Q5595572,dest_Q5595572
dest_Q7086432,dest_Q7086432
dest_Q7113754,dest_Q7113754
dest_Q6858451,dest_Q6858450
dest_Q5685236,dest_Q5685236
dest_Q6479345,dest_Q6479345
dest_Q5508453,dest_Q5508453
dest_Q5569426,dest_Q5569426
dest_Q6413867,dest_Q6413867
dest_Q6708143,dest_Q6708143
dest_Q6395260,dest_Q6395260
dest_Q6383471,dest_Q6383471
dest_Q6164021,dest_Q6164021
dest_Q6721871,dest_Q6721871
dest_Q6472227,dest_Q6472227
dest_Q7020040,dest_Q7020040
dest_Q6164030,dest_Q6164030
dest_Q5603922,dest_Q5603922
dest_Q5586619,dest_Q5586619
dest_Q5989949,dest_Q5989949
dest_Q5637716,dest_Q5637716
dest_Q6389281,dest_Q6389281
dest_Q6826539,dest_Q6826539
dest_Q6357062,dest_Q6357062
dest_Q5764149,dest_Q5764149
dest_Q6499715,dest_Q6499715
dest_Q5687212,dest_Q5687212
dest_Q6680311,dest_Q6680311
dest_Q5569280,dest_Q5569279
dest_Q5759322,dest_Q5759322
dest_Q6800241,dest_Q6800241
dest_Q7080053,dest_Q7080053
dest_Q6801862,dest_Q6801862
dest_Q7087366,dest_Q7087366
dest_Q6501786,dest_Q6501786
dest_Q5569279,dest_Q5569279
dest_Q5611497,dest_Q5611497
dest_Q5523598,dest_Q5523598
dest_Q6797148,dest_Q6797148
dest_Q6906446,dest_Q6906446
dest_Q7109467,dest_Q7109467
dest_Q5569247,dest_Q5569247
dest_Q5578585,dest_Q5578585
dest_Q5928495,dest_Q5928495
dest_Q7055493,dest_Q7055493
dest_Q6859021,dest_Q6859021
dest_Q6753956,dest_Q6753823
dest_Q5876174,dest_Q5876174
dest_Q6788346,dest_Q6788346
dest_Q6753823,dest_Q6753823
dest_Q7989839,dest_Q7989839
dest_Q7402866,dest_Q7402866
dest_Q7615806,dest_Q7615806
dest_Q7161904,dest_Q7161904
dest_Q7271425,dest_Q7271425
dest_Q7738696,dest_Q7738696
dest_Q7374204,dest_Q7374204
dest_Q7755287,dest_Q7755287
dest_Q7494743,dest_Q7494743
dest_Q7981299,dest_Q7981299
dest_Q7235260,dest_Q7235260
dest_Q7270463,dest_Q7270463
dest_Q7332576,dest_Q7332576
dest_Q7332837,dest_Q7332837
dest_Q7985872,dest_Q7985872
dest_Q14874826,dest_Q14874826
dest_Q7934445,dest_Q7934445
dest_Q8033496,dest_Q8033496
dest_Q7294329,dest_Q7294329
dest_Q7847810,dest_Q7847810
dest_Q7637621,dest_Q7637621
dest_Q7858096,dest_Q7858096
dest_Q7204139,dest_Q7204139
dest_Q7383311,dest_Q7383311
dest_Q7290126,dest_Q7290126
dest_Q7320270,dest_Q7320270
dest_Q7338079,dest_Q7338079
dest_Q7369756,dest_Q7369756
dest_Q7537969,dest_Q7537969
dest_Q14246714,dest_Q14246714
dest_Q7978688,dest_Q7978688
dest_Q7989763,dest_Q7989763
dest_Q7243846,dest_Q7243846
dest_Q7989630,dest_Q7989630
dest_Q7138203,dest_Q7138187
dest_Q7432115,dest_Q7432115
dest_Q7330449,dest_Q7330426
dest_Q7987169,dest_Q7987169
dest_Q7622093,dest_Q7622057
dest_Q7495478,dest_Q7495478
dest_Q7379784,dest_Q7379784
dest_Q7796343,dest_Q115978364
dest_Q7705371,dest_Q14874902
dest_Q14874801,dest_Q14874801
dest_Q14252628,dest_Q14252628
dest_Q8024666,dest_Q8024666
dest_Q7225581,dest_Q7225581
dest_Q7368606,dest_Q7368606
dest_Q7138187,dest_Q7138187
dest_Q7680857,dest_Q7680857
dest_Q7606888,dest_Q7606888
dest_Q7270178,dest_Q7270178
dest_Q7979183,dest_Q7979183
dest_Q7633696,dest_Q7633696
dest_Q7194460,dest_Q7194460
dest_Q14214726,dest_Q14214726
dest_Q7145625,dest_Q7145625
dest_Q14214727,dest_Q14214727
dest_Q8055337,dest_Q8055337
dest_Q7138741,dest_Q7138741
dest_Q7511858,dest_Q7511858
dest_Q14874833,dest_Q14874833
dest_Q14874799,dest_Q14874799
dest_Q7808809,dest_Q7808809
dest_Q7602089,dest_Q7602089
dest_Q14252654,dest_Q14252654
dest_Q7338113,dest_Q7338079
dest_Q7369882,dest_Q7369882
dest_Q7857459,dest_Q7857459
dest_Q14252610,dest_Q14252610
dest_Q7985574,dest_Q7985573
dest_Q7515849,dest_Q7515849
dest_Q14252662,dest_Q14252662
dest_Q7622057,dest_Q7622057
dest_Q7336651,dest_Q7336651
dest_Q7568628,dest_Q7568628
dest_Q7581387,dest_Q7581387
dest_Q7737523,dest_Q7737523
dest_Q7637666,dest_Q7637621
dest_Q14874821,dest_Q14874821
dest_Q7962185,dest_Q7962185
dest_Q7571488,dest_Q7571488
dest_Q14874832,dest_Q14874832
dest_Q7755950,dest_Q7755950
dest_Q7703176,dest_Q7703176
dest_Q7703104,dest_Q7703104
dest_Q8024112,dest_Q8024111
dest_Q7985573,dest_Q7985573
dest_Q7655323,dest_Q7655323
dest_Q14874811,dest_Q14874811
dest_Q7330426,dest_Q7330426
dest_Q7244224,dest_Q7244224
dest_Q7426363,dest_Q7426363
dest_Q7989316,dest_Q7989316
dest_Q7443910,dest_Q7443910
dest_Q7980260,dest_Q7980260
dest_Q14874810,dest_Q14874810
dest_Q8024111,dest_Q8024111
dest_Q8032543,dest_Q8032543
dest_Q7335337,dest_Q7335337
dest_Q115978272,dest_Q115978272
dest_Q115978315,dest_Q115978315
dest_Q115978286,dest_Q115978286
dest_Q115978290,dest_Q115978290
dest_Q115978293,dest_Q115978293
dest_Q138504513,dest_Q138504513
dest_Q115978355,dest_Q115978355
dest_Q115978303,dest_Q115978303
dest_Q115978330,dest_Q115978330
dest_Q115978332,dest_Q115978332
dest_Q115978369,dest_Q115978369
dest_Q115978273,dest_Q115978273
dest_Q115978346,dest_Q115978346
dest_Q115978333,dest_Q115978333
dest_Q115978281,dest_Q115978281
dest_Q115978358,dest_Q115978358
dest_Q115978354,dest_Q115978354
dest_Q115978377,dest_Q115978377
dest_Q115978344,dest_Q115978344
dest_Q115978302,dest_Q115978302
dest_Q115978278,dest_Q115978278
dest_Q115978342,dest_Q115978342
dest_Q115978329,dest_Q115978329
dest_Q115978371,dest_Q115978371
dest_Q139854273,dest_Q139854273
dest_Q115978320,dest_Q115978320
dest_Q115978343,dest_Q115978343
dest_Q115978313,dest_Q115978313
dest_Q115978291,dest_Q115978290
dest_Q115978378,dest_Q115978378
dest_Q115978308,dest_Q115978308
dest_Q115978370,dest_Q115978370
dest_Q115978310,dest_Q115978310
dest_Q115978379,dest_Q115978379
dest_Q115978325,dest_Q115978325
dest_Q115978296,dest_Q115978296
dest_Q115978287,dest_Q115978287
dest_Q115978274,dest_Q115978274
dest_Q115978368,dest_Q115978368
dest_Q115978326,dest_Q115978326
dest_Q115978283,dest_Q115978283
dest_Q115978347,dest_Q115978347
dest_Q115978334,dest_Q115978334
dest_Q115978305,dest_Q115978305
dest_Q115978362,dest_Q115978362
dest_Q115978373,dest_Q115978373
dest_Q115978304,dest_Q115978304
dest_Q115978338,dest_Q115978338
dest_Q115978312,dest_Q115978312
dest_Q115978364,dest_Q115978364
dest_Q105810673,dest_Q105044662
dest_Q105768324,dest_Q105044662
dest_Q105810976,dest_Q105044662
dest_Q105775944,dest_Q105044662
dest_Q106040787,dest_Q106040786
dest_Q105768325,dest_Q105044662
dest_Q105809548,dest_Q105044662
dest_Q106080131,dest_Q106040786
dest_Q1800579,dest_Q1800579
dest_Q105799029,dest_Q105044662
dest_Q106085930,dest_Q106040786
dest_Q105793502,dest_Q105044662
dest_Q16671828,dest_Q16671828
dest_Q108692298,dest_Q108692298
dest_Q106095976,dest_Q106040786
dest_Q106063120,dest_Q106040786
dest_Q106043747,dest_Q106040786
dest_Q105776708,dest_Q105044662
dest_Q914859,dest_Q914859
dest_Q107214732,dest_Q107214731
dest_Q1777672,dest_Q1777672
dest_Q106040786,dest_Q106040786
dest_Q105771300,dest_Q105044662
dest_Q804669,dest_Q804669
dest_Q5313598,dest_Q5313598
dest_Q16671826,dest_Q16671818
dest_Q105810672,dest_Q105044662
dest_Q804959,dest_Q804959
dest_Q106087495,dest_Q106040786
dest_Q106078031,dest_Q106040786
dest_Q106043866,dest_Q106040786
dest_Q105806227,dest_Q105044662
dest_Q107216820,dest_Q107214731
dest_Q105787595,dest_Q105044662
dest_Q107094038,dest_Q107094038
dest_Q3233099,dest_Q3233099
dest_Q106095071,dest_Q106040786
dest_Q106063112,dest_Q106040786
dest_Q16510559,dest_Q16510553
dest_Q106095073,dest_Q106095073
dest_Q106065773,dest_Q106040786
dest_Q106095072,dest_Q106040786
dest_Q105771299,dest_Q105044662
dest_Q105816067,dest_Q105044662
dest_Q105787596,dest_Q105044662
dest_Q105771298,dest_Q105044662
dest_Q16510557,dest_Q16510553
dest_Q125374556,dest_Q125374556
dest_Q16510554,dest_Q16510553
dest_Q16510558,dest_Q16510553
dest_Q105787593,dest_Q105044662
dest_Q7984405,dest_Q7984405
dest_Q107214733,dest_Q107214731
dest_Q106080411,dest_Q106040786
dest_Q105780443,dest_Q105044662
dest_Q107214734,dest_Q107214731
dest_Q106085927,dest_Q106040786
dest_Q106082359,dest_Q106040786
dest_Q105778722,dest_Q105044662
dest_Q106091818,dest_Q106040786
dest_Q107214731,dest_Q107214731
dest_Q105807964,dest_Q105044662
dest_Q4703589,dest_Q4703589
dest_Q105773413,dest_Q105044662
dest_Q16510553,dest_Q16510553
dest_Q106085928,dest_Q106040786
dest_Q106042334,dest_Q106040786
dest_Q105813037,dest_Q105044662
dest_Q106068724,dest_Q106040786
dest_Q106095074,dest_Q106040786
dest_Q16671818,dest_Q16671818
dest_Q105813039,dest_Q105044662
dest_Q105775941,dest_Q105044662
dest_Q107013908,dest_Q107013908
dest_Q106042394,dest_Q106040786
dest_Q105815869,dest_Q105044662
dest_Q16510556,dest_Q16510553
dest_Q105793501,dest_Q105044662
dest_Q105793499,dest_Q105044662
dest_Q105768326,dest_Q105044662
dest_Q105810975,dest_Q105044662
dest_Q106043746,dest_Q106040786
dest_Q16507400,dest_Q16507400
dest_Q105809546,dest_Q105044662
dest_Q105815870,dest_Q105044662
dest_Q104675114,dest_Q104672475
dest_Q47005403,dest_Q47005403
dest_Q97165293,dest_Q97165293
dest_Q105155602,dest_Q105044662
dest_Q20190835,dest_Q20190835
dest_Q104698921,dest_Q104672475
dest_Q105136152,dest_Q105044662
dest_Q25381046,dest_Q25381046
dest_Q105124908,dest_Q105044662
dest_Q104675104,dest_Q104672475
dest_Q104675066,dest_Q104672475
dest_Q104698925,dest_Q104672475
dest_Q104675129,dest_Q104672475
dest_Q104672474,dest_Q104672474
dest_Q104675098,dest_Q104672475
dest_Q104675076,dest_Q104672475
dest_Q105106142,dest_Q105044662
dest_Q105137976,dest_Q105044662
dest_Q105106381,dest_Q105044662
dest_Q25387654,dest_Q25381046
dest_Q104675061,dest_Q104672475
dest_Q104675079,dest_Q104672475
dest_Q100268239,dest_Q100268237
dest_Q105062208,dest_Q105044662
dest_Q104675091,dest_Q104672475
dest_Q25381564,dest_Q25381564
dest_Q100268238,dest_Q100268237
dest_Q100268237,dest_Q100268237
dest_Q104675101,dest_Q104672475
dest_Q105130112,dest_Q105044662
dest_Q105130857,dest_Q105044662
dest_Q105153847,dest_Q105044662
dest_Q105126550,dest_Q105044662
dest_Q18616727,dest_Q18616727
dest_Q104675125,dest_Q104672475
dest_Q104675117,dest_Q104672475
dest_Q104675136,dest_Q104672475
dest_Q105153843,dest_Q105044662
dest_Q97164997,dest_Q97164997
dest_Q104675110,dest_Q104672475
dest_Q104675064,dest_Q104672475
dest_Q105137622,dest_Q105044662
dest_Q105106144,dest_Q105044662
dest_Q105071426,dest_Q105044662
dest_Q105115031,dest_Q105044662
dest_Q105116513,dest_Q105044662
dest_Q21938002,dest_Q21938002
dest_Q104675115,dest_Q104672475
dest_Q101064568,dest_Q101064568
dest_Q101004026,dest_Q101004026
dest_Q104675089,dest_Q104672475
dest_Q104675143,dest_Q104672475
dest_Q104698923,dest_Q104672475
dest_Q105044664,dest_Q105044662
dest_Q105071592,dest_Q105044662
dest_Q104675127,dest_Q104672475
dest_Q105135597,dest_Q105044662
dest_Q105130114,dest_Q105044662
dest_Q104672478,dest_Q104672475
dest_Q104675077,dest_Q104672475
dest_Q105137018,dest_Q105044662
dest_Q105119755,dest_Q105044662
dest_Q105113702,dest_Q105044662
dest_Q105044665,dest_Q105044662
dest_Q25381180,dest_Q25381046
dest_Q104698920,dest_Q104672475
dest_Q105119756,dest_Q105044662
dest_Q25381194,dest_Q25381046
dest_Q105044662,dest_Q105044662
dest_Q105138842,dest_Q105044662
dest_Q105153844,dest_Q105044662
dest_Q105116512,dest_Q105044662
dest_Q104675063,dest_Q104672475
dest_Q104675088,dest_Q104672475
dest_Q104675102,dest_Q104672475
dest_Q105123456,dest_Q105044662
dest_Q104675141,dest_Q104672475
dest_Q105071425,dest_Q105044662
dest_Q100776007,dest_Q100776007
dest_Q104698922,dest_Q104672475
dest_Q104675074,dest_Q104672475
dest_Q105106145,dest_Q105044662
dest_Q90925160,dest_Q90925160
dest_Q105123458,dest_Q105044662
dest_Q104675131,dest_Q104672475
dest_Q96144600,dest_Q47005403
dest_Q105044599,dest_Q105044599
dest_Q55725070,dest_Q55725070
dest_Q105062219,dest_Q105044662
dest_Q105062220,dest_Q105044662
dest_Q105134547,dest_Q105044662
dest_Q104698924,dest_Q104672475
dest_Q105071591,dest_Q105044662
dest_Q105044663,dest_Q105044662
dest_Q105113703,dest_Q105044662
dest_Q104672475,dest_Q104672475
dest_Q104672479,dest_Q104672475
dest_Q105062211,dest_Q105044662
dest_Q105111729,dest_Q105044662
dest_Q100251508,dest_Q100251508
dest_Q105453979,dest_Q105044662
dest_Q105171818,dest_Q105044662
dest_Q105173768,dest_Q105044662
dest_Q105359296,dest_Q105044662
dest_Q105479853,dest_Q105044662
dest_Q105342564,dest_Q105044662
dest_Q105490311,dest_Q105044662
dest_Q105173766,dest_Q105044662
dest_Q105597868,dest_Q105044662
dest_Q105334652,dest_Q105044662
dest_Q105454122,dest_Q105044662
dest_Q105327168,dest_Q105044662
dest_Q105462530,dest_Q105044662
dest_Q105325530,dest_Q105044662
dest_Q105477294,dest_Q105044662
dest_Q105171817,dest_Q105044662
dest_Q105325529,dest_Q105044662
dest_Q105477999,dest_Q105044662
dest_Q105585235,dest_Q105044662
dest_Q105177358,dest_Q105044662
dest_Q105372851,dest_Q105044662
dest_Q105491324,dest_Q105044662
dest_Q105155601,dest_Q105044662
dest_Q105366818,dest_Q105044662
dest_Q105337211,dest_Q105044662
dest_Q105459570,dest_Q105044662
dest_Q105323653,dest_Q105044662
dest_Q105176747,dest_Q105044662
dest_Q105340086,dest_Q105044662
dest_Q105600803,dest_Q105044662
dest_Q105475312,dest_Q105044662
dest_Q105600814,dest_Q105044662
dest_Q105372855,dest_Q105044662
dest_Q105452546,dest_Q105044662
dest_Q105356969,dest_Q105044662
dest_Q105462528,dest_Q105044662
dest_Q105327166,dest_Q105044662
dest_Q105600807,dest_Q105044662
dest_Q105337213,dest_Q105044662
dest_Q105491328,dest_Q105044662
dest_Q105372845,dest_Q105044662
dest_Q105174835,dest_Q105044662
dest_Q105335956,dest_Q105044662
dest_Q105338213,dest_Q105044662
dest_Q105335959,dest_Q105044662
dest_Q105452061,dest_Q105044662
dest_Q105479391,dest_Q105044662
dest_Q105336427,dest_Q105044662
dest_Q105488180,dest_Q105044662
dest_Q105335957,dest_Q105044662
dest_Q105323657,dest_Q105044662
dest_Q105592356,dest_Q105044662
dest_Q105459568,dest_Q105044662
dest_Q105336834,dest_Q105044662
dest_Q105592349,dest_Q105044662
dest_Q105340087,dest_Q105044662
dest_Q105334651,dest_Q105044662
dest_Q105465005,dest_Q105044662
dest_Q105474980,dest_Q105044662
dest_Q105366817,dest_Q105044662
dest_Q105340088,dest_Q105044662
dest_Q105171815,dest_Q105044662
dest_Q105324308,dest_Q105044662
dest_Q105598089,dest_Q105044662
dest_Q105451551,dest_Q105044662
dest_Q105356967,dest_Q105044662
dest_Q105177357,dest_Q105044662
dest_Q105366815,dest_Q105044662
dest_Q105325531,dest_Q105044662
dest_Q105478000,dest_Q105044662
dest_Q105336835,dest_Q105044662
dest_Q105358522,dest_Q105044662
dest_Q105359295,dest_Q105044662
dest_Q105158401,dest_Q105044662
dest_Q105475664,dest_Q105044662
dest_Q105179625,dest_Q105044662
dest_Q105322714,dest_Q105044662
dest_Q105477293,dest_Q105044662
dest_Q105342563,dest_Q105044662
dest_Q105452060,dest_Q105044662
dest_Q105600812,dest_Q105044662
dest_Q105157346,dest_Q105044662
dest_Q105336833,dest_Q105044662
dest_Q105463804,dest_Q105044662
dest_Q105456505,dest_Q105044662
dest_Q105372846,dest_Q105044662
dest_Q105342565,dest_Q105044662
dest_Q105176275,dest_Q105044662
dest_Q105171820,dest_Q105044662
dest_Q105459666,dest_Q105044662
dest_Q105337212,dest_Q105044662
dest_Q105368192,dest_Q105044662
dest_Q105176089,dest_Q105044662
dest_Q105327164,dest_Q105044662
dest_Q105356970,dest_Q105044662
dest_Q105323655,dest_Q105044662
dest_Q105451550,dest_Q105044662
dest_Q105372843,dest_Q105044662
dest_Q105482550,dest_Q105044662
dest_Q116007925,dest_Q116007925
dest_Q116132913,dest_Q116007925
dest_Q105715609,dest_Q105044662
dest_Q105701699,dest_Q105044662
dest_Q105703290,dest_Q105044662
dest_Q105702469,dest_Q105044662
dest_Q105623385,dest_Q105044662
dest_Q105703664,dest_Q105044662
dest_Q116009675,dest_Q116007925
dest_Q116142325,dest_Q116007925
dest_Q105764057,dest_Q105044662
dest_Q105620706,dest_Q105044662
dest_Q105712277,dest_Q105712277
dest_Q105618212,dest_Q105044662
dest_Q105716004,dest_Q105044662
dest_Q105604967,dest_Q105044662
dest_Q105616947,dest_Q105044662
dest_Q105715746,dest_Q105044662
dest_Q116142352,dest_Q116007925
dest_Q105701697,dest_Q105044662
dest_Q105764058,dest_Q105044662
dest_Q105602886,dest_Q105044662
dest_Q105604965,dest_Q105044662
dest_Q105604964,dest_Q105044662
dest_Q116141643,dest_Q116007925
dest_Q105695240,dest_Q105044662
dest_Q115990029,dest_Q115990029
dest_Q116046424,dest_Q116007925
dest_Q116071954,dest_Q116007925
dest_Q105703287,dest_Q105044662
dest_Q116061469,dest_Q116007925
dest_Q105715926,dest_Q105044662
dest_Q116142287,dest_Q116007925
dest_Q105623383,dest_Q105044662
dest_Q105620014,dest_Q105044662
dest_Q105623382,dest_Q105044662
dest_Q105701698,dest_Q105044662
dest_Q116142508,dest_Q116007925
dest_Q105703288,dest_Q105044662
dest_Q115300055,dest_Q115300055
dest_Q116133545,dest_Q116007925
dest_Q105764056,dest_Q105044662
dest_Q105621015,dest_Q105044662
dest_Q105716052,dest_Q105044662
dest_Q105610456,dest_Q105044662
dest_Q116142509,dest_Q116007925
dest_Q105618213,dest_Q105044662
dest_Q134580719,dest_Q134580719
dest_Q105715611,dest_Q105044662
dest_Q105602357,dest_Q105044662
dest_Q105703292,dest_Q105044662
dest_Q116046425,dest_Q116007925
dest_Q7984652,dest_Q7984652
dest_Q5254494,dest_Q5254494
dest_Q7128256,dest_Q7128256
dest_Q7969997,dest_Q7969997
dest_Q5328476,dest_Q5328476
dest_Q7291868,dest_Q7291868
dest_Q7054912,dest_Q7054912
dest_Q5330280,dest_Q5330280
dest_Q7138552,dest_Q7138552
dest_Q7986783,dest_Q7986782
dest_Q7209346,dest_Q7209346
dest_Q4979695,dest_Q4979695
dest_Q14213425,dest_Q14213425
dest_Q4952583,dest_Q4952583
dest_Q4967555,dest_Q4967555
dest_Q8022009,dest_Q8022009
dest_Q8032418,dest_Q8032418
dest_Q5049174,dest_Q5049174
dest_Q5926826,dest_Q5926826
dest_Q7986797,dest_Q7984652
dest_Q6435854,dest_Q6435854
dest_Q6693924,dest_Q6693924
dest_Q7986784,dest_Q7986782
dest_Q7970631,dest_Q7970631
dest_Q5602126,dest_Q5602126
dest_Q6843078,dest_Q6843078
dest_Q4972407,dest_Q4972407
dest_Q14716093,dest_Q14716093
dest_Q14716076,dest_Q14716076
dest_Q5303416,dest_Q5303416
dest_Q7971699,dest_Q7971699
dest_Q7137630,dest_Q7137630
dest_Q4815906,dest_Q4815906
dest_Q6471484,dest_Q6471484
dest_Q14716135,dest_Q14716135
dest_Q7894679,dest_Q7894679
dest_Q7105745,dest_Q7105745
dest_Q6608368,dest_Q6608368
dest_Q7581270,dest_Q7581270
dest_Q5035910,dest_Q5035910
dest_Q6861759,dest_Q6861759
dest_Q7495532,dest_Q7495532
dest_Q7986782,dest_Q7986782
dest_Q12908963,dest_Q12908963
dest_Q8033561,dest_Q8033561
dest_Q14716069,dest_Q14716069
dest_Q14213423,dest_Q14213423
dest_Q2166813,dest_Q2166813
dest_Q14213420,dest_Q14213420
dest_Q14213421,dest_Q14213421
dest_Q6826129,dest_Q6826129
dest_Q14213426,dest_Q14213420
dest_Q6175347,dest_Q6175347
dest_Q5158203,dest_Q5158203
dest_Q7634833,dest_Q7634833
dest_Q5170878,dest_Q5170878
dest_Q86755073,dest_Q86755073
dest_Q6785080,dest_Q6785080
dest_Q7128278,dest_Q7128278
dest_Q5049159,dest_Q5049159
dest_Q6843110,dest_Q6843110
dest_Q12060727,dest_Q12060727
dest_Q15261081,dest_Q15261081
dest_Q7801108,dest_Q7801108
dest_Q4703298,dest_Q4703298
dest_Q7619751,dest_Q7619751
dest_Q5155112,dest_Q5155112
dest_Q8059777,dest_Q8059777
dest_Q7641273,dest_Q7641273
dest_Q25446533,dest_Q25446533
dest_Q7936438,dest_Q7936438
dest_Q7396322,dest_Q7396322
dest_Q7979188,dest_Q7979188
dest_Q7492961,dest_Q7492961
dest_Q6032612,dest_Q6032612
dest_Q6821686,dest_Q6821686
dest_Q4702333,dest_Q4702333
dest_Q14716247,dest_Q14716247
dest_Q2323509,dest_Q2323509
dest_Q4061226,dest_Q4061226
dest_Q7639189,dest_Q7639189
dest_Q92628735,dest_Q92628735
dest_Q8032711,dest_Q8032711
dest_Q7227025,dest_Q7227025
dest_Q131464999,dest_Q131464999
dest_Q1895076,dest_Q1895076
dest_Q113493912,dest_Q113493912
dest_Q7619174,dest_Q7619174
dest_Q14716233,dest_Q14716233
dest_Q6394139,dest_Q6394139
dest_Q4762024,dest_Q4762024
dest_Q7137734,dest_Q7137734
dest_Q24260738,dest_Q24260738
dest_Q4974623,dest_Q4974623
dest_Q6925291,dest_Q6925291
dest_Q130401757,dest_Q130401757
dest_Q7055626,dest_Q7055626
dest_Q10380279,dest_Q10380279
dest_Q25442131,dest_Q25442131
dest_Q125470156,dest_Q125470156
dest_Q131465268,dest_Q131465268
dest_Q104880156,dest_Q104880156
dest_Q1544077,dest_Q1544077
dest_Q16161544,dest_Q16161544
dest_Q30608753,dest_Q30608753
dest_Q16890142,dest_Q16890142
dest_Q7683032,dest_Q7683032
dest_Q134390835,dest_Q134390835
dest_Q16979299,dest_Q16979299
dest_Q5647485,dest_Q5647485
dest_Q4452111,dest_Q4452111
dest_Q14874864,dest_Q14874864
dest_Q14874837,dest_Q14874837
dest_Q14874860,dest_Q14874860
dest_Q14874900,dest_Q14874900
dest_Q14874902,dest_Q14874902
dest_Q111360284,dest_Q111360284
dest_Q14874854,dest_Q14874854
dest_Q14874857,dest_Q14874857
dest_Q19460301,dest_Q19460301
dest_Q14874863,dest_Q14874863
dest_Q14874856,dest_Q14874856
dest_Q14874891,dest_Q14874891
dest_Q108742131,dest_Q108742131
dest_Q1588645,dest_Q1588645
dest_Q2916142,dest_Q2916142
dest_Q18628210,dest_Q18628210
dest_Q654128,dest_Q654128
dest_Q2916738,dest_Q2916738
dest_Q2900311,dest_Q2900311
dest_Q2904253,dest_Q2904253
dest_Q2749900,dest_Q2749900
dest_Q2901594,dest_Q2426848
dest_Q4837212,dest_Q4837212
dest_Q2778124,dest_Q2778124
dest_Q25621661,dest_Q25621661
dest_Q2915231,dest_Q2915231
dest_Q2897611,dest_Q2897611
dest_Q2920000,dest_Q2920000
dest_Q3496746,dest_Q3496746
dest_Q110313002,dest_Q110313002
dest_Q2919398,dest_Q2919398
dest_Q2915596,dest_Q2915596
dest_Q197095,dest_Q197095
dest_Q97725306,dest_Q97725306
dest_Q1485757,dest_Q1485757
dest_Q788634,dest_Q788634
dest_Q2778223,dest_Q2778223
dest_Q2917976,dest_Q2917976
dest_Q14219324,dest_Q14219324
dest_Q2918285,dest_Q2918285
dest_Q14219329,dest_Q14219329
dest_Q134591385,dest_Q134591385
dest_Q2904793,dest_Q2904793
dest_Q2905169,dest_Q2905169
dest_Q2905445,dest_Q2905445
dest_Q21869270,dest_Q21869270
dest_Q2916387,dest_Q2916387
dest_Q134599781,dest_Q134599781
dest_Q2919764,dest_Q2904338
dest_Q4874908,dest_Q4874908
dest_Q2920377,dest_Q2920377
dest_Q179839,dest_Q179839
dest_Q121030681,dest_Q121030681
dest_Q1325461,dest_Q1325461
dest_Q2432007,dest_Q2432007
dest_Q2918536,dest_Q2918536
dest_Q4900339,dest_Q4900339
dest_Q2889452,dest_Q2889452
dest_Q2916464,dest_Q2916464
dest_Q2918594,dest_Q2918594
dest_Q2903043,dest_Q2903043
dest_Q193163,dest_Q193163
dest_Q98215475,dest_Q98215475
dest_Q334924,dest_Q334924
dest_Q2919891,dest_Q2919891
dest_Q3302981,dest_Q3302981
dest_Q2897537,dest_Q2897537
dest_Q753882,dest_Q753882
dest_Q2900268,dest_Q2900268
dest_Q27530903,dest_Q27530903
dest_Q2776725,dest_Q2776725
dest_Q4253400,dest_Q4253400
dest_Q2904338,dest_Q2904338
dest_Q48757027,dest_Q48757027
dest_Q1003453,dest_Q1003453
dest_Q12042270,dest_Q12042270
dest_Q10395160,dest_Q10395160
dest_Q25491310,dest_Q25491310
dest_Q115183984,dest_Q115183984
dest_Q6863226,dest_Q6863226
dest_Q11868697,dest_Q11868697
dest_Q1645501,dest_Q1645501
dest_Q6856202,dest_Q6856202
dest_Q12411697,dest_Q12411697
dest_Q10729062,dest_Q10729062
dest_Q17012943,dest_Q12042270
dest_Q16133193,dest_Q16133193
dest_Q10398221,dest_Q10398221
dest_Q12411908,dest_Q12411908
dest_Q1781931,dest_Q1781931
dest_Q12411647,dest_Q12411647
dest_Q8071863,dest_Q2778223
dest_Q7216227,dest_Q7216227
dest_Q123694303,dest_Q123694303
dest_Q1584365,dest_Q1584365
dest_Q12038256,dest_Q12038256
dest_Q7421250,dest_Q7421250
dest_Q1022487,dest_Q1022487
dest_Q1936208,dest_Q1936208
dest_Q12404761,dest_Q12404761
dest_Q86004299,dest_Q86004299
dest_Q17014956,dest_Q17014956
dest_Q951590,dest_Q2778124
dest_Q1391891,dest_Q1391891
dest_Q7884739,dest_Q7884739
dest_Q7221475,dest_Q7221475
dest_Q12016620,dest_Q12016620
dest_Q83884378,dest_Q83884378
dest_Q6913032,dest_Q6913032
dest_Q31197298,dest_Q31197298
dest_Q7630688,dest_Q7630688
dest_Q12406782,dest_Q12406782
dest_Q12040825,dest_Q12040825
dest_Q2213440,dest_Q2213440
dest_Q12057208,dest_Q12057208
dest_Q55650578,dest_Q55650578
dest_Q7492907,dest_Q7492907
dest_Q1186403,dest_Q1186403
dest_Q1898349,dest_Q1898349
dest_Q7897432,dest_Q7897432
dest_Q123686546,dest_Q123686546
dest_Q123979817,dest_Q123979817
dest_Q2426848,dest_Q2426848
dest_Q11060794,dest_Q11060794
dest_Q108607684,dest_Q108607684
dest_Q4841716,dest_Q4841716
dest_Q4901138,dest_Q4901138
dest_Q4866790,dest_Q4866790
dest_Q2221675,dest_Q2221675
dest_Q4880619,dest_Q4880619
dest_Q2726158,dest_Q2726158
dest_Q65147878,dest_Q65147878
dest_Q5448954,dest_Q5448954
dest_Q4840924,dest_Q4840924
dest_Q6399080,dest_Q6399080
dest_Q4860900,dest_Q4860900
dest_Q3463932,dest_Q3463932
dest_Q65130232,dest_Q65130139
dest_Q3201627,dest_Q3201627
dest_Q111188742,dest_Q111188742
dest_Q4855814,dest_Q4855814
dest_Q2955799,dest_Q2955799
dest_Q3559209,dest_Q3559209
dest_Q6355590,dest_Q6355590
dest_Q65130139,dest_Q65130139
dest_Q5070853,dest_Q5070853
dest_Q5395477,dest_Q5395477
dest_Q116503664,dest_Q116503664
dest_Q4726597,dest_Q4726597
dest_Q5272113,dest_Q5272113
dest_Q3062215,dest_Q3062215
dest_Q6301868,dest_Q6301868
dest_Q3144087,dest_Q3144087
dest_Q4880628,dest_Q4880628
dest_Q4682781,dest_Q4682781
dest_Q6371291,dest_Q6371291
dest_Q15968504,dest_Q15968504
dest_Q116503666,dest_Q116503664
dest_Q4141623,dest_Q4141623
dest_Q5679334,dest_Q5679334
dest_Q130312956,dest_Q130312956
dest_Q125941299,dest_Q125941299
dest_Q3344661,dest_Q3344661
dest_Q5289878,dest_Q5289878
dest_Q6103141,dest_Q6103141
dest_Q3593250,dest_Q3593250
dest_Q5638316,dest_Q5638316
dest_Q3395589,dest_Q3395589
dest_Q4955539,dest_Q4955539
dest_Q4851059,dest_Q4851059
dest_Q2899119,dest_Q2899119
dest_Q6372705,dest_Q6372705
dest_Q5071478,dest_Q5071478
dest_Q4667611,dest_Q4667611
dest_Q5097440,dest_Q5097440
dest_Q21027425,dest_Q21027425
dest_Q134173588,dest_Q134173588
dest_Q4850068,dest_Q4850068
dest_Q6947634,dest_Q6947634
dest_Q7289756,dest_Q7289756
dest_Q7042147,dest_Q7042147
dest_Q6961259,dest_Q6961259
dest_Q19458874,dest_Q19458874
dest_Q30624459,dest_Q30624459
dest_Q7802044,dest_Q7802044
dest_Q6809260,dest_Q6809260
dest_Q7970941,dest_Q7970941
dest_Q6474591,dest_Q6474591
dest_Q17009236,dest_Q17009236
dest_Q24929945,dest_Q24929945
dest_Q6437460,dest_Q6437460
dest_Q7083679,dest_Q7083679
dest_Q7586420,dest_Q7586420
dest_Q6741188,dest_Q6741188
dest_Q6726462,dest_Q6726462
dest_Q8049130,dest_Q8049130
dest_Q7198170,dest_Q7198170
dest_Q7559127,dest_Q7559127
dest_Q55631095,dest_Q55631095
dest_Q28223554,dest_Q28223554
dest_Q15243443,dest_Q15243443
dest_Q6941245,dest_Q6941245
dest_Q7499318,dest_Q7499318
dest_Q131549544,dest_Q131549544
dest_Q6886534,dest_Q6886534
dest_Q7420698,dest_Q7420698
dest_Q55631735,dest_Q55631735
dest_Q6908533,dest_Q6908533
dest_Q7686384,dest_Q7686384
dest_Q16257024,dest_Q16257024
dest_Q7636646,dest_Q7636646
dest_Q55610310,dest_Q55610310
dest_Q7292971,dest_Q7292971
dest_Q6957137,dest_Q6957137
dest_Q7400016,dest_Q7400016
dest_Q6958903,dest_Q6958903
dest_Q7531659,dest_Q7531659
dest_Q7260358,dest_Q7260358
dest_Q7928205,dest_Q7928205
dest_Q6965556,dest_Q6965556
dest_Q17146804,dest_Q17146804
dest_Q16057830,dest_Q16057830
dest_Q113625129,dest_Q113625129
dest_Q7415536,dest_Q7415536
dest_Q15260865,dest_Q15260865
dest_Q6684782,dest_Q6684782
dest_Q21153517,dest_Q21153517
dest_Q7418523,dest_Q7418523
dest_Q3069455,dest_Q3068786
dest_Q3133413,dest_Q3133413
dest_Q3069585,dest_Q3069585
dest_Q124017551,dest_Q124017551
dest_Q3070552,dest_Q3070552
dest_Q3069659,dest_Q3069659
dest_Q3070009,dest_Q3070009
dest_Q18625111,dest_Q18625111
dest_Q3090204,dest_Q3090204
dest_Q60762470,dest_Q60762470
dest_Q3070494,dest_Q3070494
dest_Q3069669,dest_Q3068665
dest_Q3133428,dest_Q3133405
dest_Q139418464,dest_Q139418464
dest_Q3069590,dest_Q3069590
dest_Q3069686,dest_Q3069686
dest_Q3070542,dest_Q3070542
dest_Q3069698,dest_Q3069698
dest_Q3070105,dest_Q3070105
dest_Q7258518,dest_Q7258518
dest_Q15825556,dest_Q15825556
dest_Q3070055,dest_Q3070055
dest_Q3069439,dest_Q3069439
dest_Q3133446,dest_Q3069709
dest_Q3069442,dest_Q3069442
dest_Q3069709,dest_Q3069709
dest_Q3070039,dest_Q3070039
dest_Q3133436,dest_Q3133436
dest_Q3070169,dest_Q3070169
dest_Q3118720,dest_Q3118720
dest_Q402656,dest_Q402656
dest_Q3069429,dest_Q3069429
dest_Q3070075,dest_Q3070075
dest_Q139340,dest_Q139340
dest_Q3069448,dest_Q3069448
dest_Q3069446,dest_Q3069446
dest_Q3070019,dest_Q3070019
dest_Q3070070,dest_Q3070070
dest_Q3069731,dest_Q3069731
dest_Q3069713,dest_Q3069713
dest_Q3069436,dest_Q3069436
dest_Q3087991,dest_Q3087991
dest_Q2267125,dest_Q2267125
dest_Q1721504,dest_Q1721504
dest_Q3133450,dest_Q3133450
dest_Q3130945,dest_Q3130945
dest_Q130236957,dest_Q130236957
dest_Q3070063,dest_Q3070063
dest_Q3070029,dest_Q3070029
dest_Q3069628,dest_Q3069628
dest_Q3133405,dest_Q3133405
dest_Q3069421,dest_Q3069421
dest_Q1569858,dest_Q1569858
dest_Q3069676,dest_Q3069676
dest_Q1748851,dest_Q1748851
dest_Q3070050,dest_Q3070050
dest_Q3069726,dest_Q3069726
dest_Q3069596,dest_Q3069596
dest_Q104420442,dest_Q104420442
dest_Q3069071,dest_Q3069071
dest_Q5245100,dest_Q5245100
dest_Q2739592,dest_Q2739592
dest_Q11901460,dest_Q11901460
dest_Q15701342,dest_Q15701342
dest_Q3069090,dest_Q3069090
dest_Q18660899,dest_Q18660899
dest_Q3068665,dest_Q3068665
dest_Q431539,dest_Q431539
dest_Q965557,dest_Q3069726
dest_Q3068786,dest_Q3068786
dest_Q3135412,dest_Q3135412
dest_Q2608603,dest_Q2608603
dest_Q18659123,dest_Q18659123
dest_Q3218525,dest_Q3218525
dest_Q3200719,dest_Q3200719
dest_Q3069410,dest_Q3069410
dest_Q5214994,dest_Q5214994
dest_Q3068810,dest_Q3068810
dest_Q3558230,dest_Q3558230
dest_Q10549429,dest_Q10549429
dest_Q2364040,dest_Q2364040
dest_Q2370085,dest_Q2370085
dest_Q2749924,dest_Q2749924
dest_Q11894073,dest_Q11894073
dest_Q3068689,dest_Q3068689
dest_Q18660144,dest_Q18660144
dest_Q11873967,dest_Q11873967
dest_Q3558235,dest_Q3558235
dest_Q3069100,dest_Q3069100
dest_Q3133454,dest_Q3133454
dest_Q588219,dest_Q2364040
dest_Q3069318,dest_Q3069318
dest_Q3069081,dest_Q3069081
dest_Q3068656,dest_Q3068656
dest_Q3069143,dest_Q3069143
dest_Q28721497,dest_Q139340
dest_Q5492372,dest_Q5492372
dest_Q2388682,dest_Q2388682
dest_Q3069364,dest_Q3068665
dest_Q2655652,dest_Q2655652
dest_Q65243172,dest_Q65243172
dest_Q761948,dest_Q761948
dest_Q3069196,dest_Q3069196
dest_Q10532082,dest_Q10532082
dest_Q2636783,dest_Q2636783
dest_Q18660220,dest_Q18660220
dest_Q2739584,dest_Q2739584
dest_Q3470021,dest_Q3470021
dest_Q10559609,dest_Q10559609
dest_Q6359102,dest_Q6359102
dest_Q6739281,dest_Q6739281
dest_Q7506066,dest_Q7506066
dest_Q4975116,dest_Q4975116
dest_Q136766459,dest_Q136766459
dest_Q16895628,dest_Q16895628
dest_Q6399010,dest_Q6399010
dest_Q5050619,dest_Q5050619
dest_Q137909993,dest_Q137909993
dest_Q2405555,dest_Q2405555
dest_Q5325325,dest_Q5325325
dest_Q3528016,dest_Q3528016
dest_Q6427484,dest_Q6427484
dest_Q1778661,dest_Q1778661
dest_Q2370093,dest_Q2370093
dest_Q4063181,dest_Q4063181
dest_Q106518194,dest_Q106518194
dest_Q2611233,dest_Q2611233
dest_Q137910001,dest_Q137910001
dest_Q6359912,dest_Q6359912
dest_Q2467967,dest_Q2467967
dest_Q32005019,dest_Q32005019
dest_Q2130750,dest_Q2130750
dest_Q5065997,dest_Q5065997
dest_Q5432023,dest_Q5432023
dest_Q5303465,dest_Q5303465
dest_Q97341275,dest_Q97341275
dest_Q51910893,dest_Q51910893
dest_Q7408506,dest_Q7408506
dest_Q16900028,dest_Q16900028
dest_Q5175521,dest_Q5175521
dest_Q884296,dest_Q884296
dest_Q137845015,dest_Q137845015
dest_Q137909964,dest_Q137909964
dest_Q6433943,dest_Q6433943
dest_Q5142611,dest_Q5142611
dest_Q5087630,dest_Q5087630
dest_Q124248061,dest_Q124248061
dest_Q1824252,dest_Q1824252
dest_Q5623989,dest_Q5623989
dest_Q105882514,dest_Q105882514
dest_Q136826070,dest_Q136826070
dest_Q7967174,dest_Q7967174
dest_Q4868785,dest_Q4868785
dest_Q4987003,dest_Q4987003
dest_Q4787906,dest_Q4787906
dest_Q7976929,dest_Q7976929
dest_Q1194717,dest_Q1194717
dest_Q182666,dest_Q182666
dest_Q4439802,dest_Q4439802
dest_Q5103975,dest_Q5103975
dest_Q8033241,dest_Q8033241
dest_Q5474764,dest_Q5474764
dest_Q3972233,dest_Q3972233
dest_Q6023057,dest_Q6023057
dest_Q5458812,dest_Q5458812
dest_Q5088009,dest_Q5088009
dest_Q14688417,dest_Q14688417
dest_Q3497036,dest_Q3497036
dest_Q5682493,dest_Q5682493
dest_Q842372,dest_Q842372
dest_Q7986067,dest_Q7986067
dest_Q5067760,dest_Q5067760
dest_Q907887,dest_Q104830541
dest_Q6398518,dest_Q6398518
dest_Q6665420,dest_Q6665420
dest_Q6665445,dest_Q6665445
dest_Q7050044,dest_Q7050044
dest_Q7055716,dest_Q7055716
dest_Q14688526,dest_Q14688526
dest_Q6650040,dest_Q6650040
dest_Q835342,dest_Q835342
dest_Q6819382,dest_Q6819382
dest_Q6819278,dest_Q6819278
dest_Q7338377,dest_Q7338377
dest_Q5773562,dest_Q5773562
dest_Q14688501,dest_Q14688501
dest_Q3971843,dest_Q3971843
dest_Q103174819,dest_Q103174819
dest_Q6784186,dest_Q6784186
dest_Q963152,dest_Q963152
dest_Q110373615,dest_Q110373615
dest_Q5568322,dest_Q5568322
dest_Q15278,dest_Q15278
dest_Q7997573,dest_Q7997573
dest_Q17108872,dest_Q17108872
dest_Q7084642,dest_Q7084642
dest_Q7296569,dest_Q7296569
dest_Q5579558,dest_Q5579558
dest_Q6927937,dest_Q6927937
dest_Q7967050,dest_Q7967050
dest_Q770689,dest_Q770689
dest_Q7894720,dest_Q7894720
dest_Q3849453,dest_Q104661331
dest_Q5530248,dest_Q5530248
dest_Q7137868,dest_Q7137868
dest_Q30324474,dest_Q30324474
dest_Q16992220,dest_Q16992220
dest_Q4420558,dest_Q4420558
dest_Q6754074,dest_Q6754074
dest_Q7022165,dest_Q7022165
dest_Q7399828,dest_Q7399828
dest_Q7399840,dest_Q7399840
dest_Q5647810,dest_Q108881113
dest_Q2918627,dest_Q2918627
dest_Q1884475,dest_Q1884475
dest_Q10892945,dest_Q10892945
dest_Q7602449,dest_Q7602449
dest_Q7549333,dest_Q7549333
dest_Q7195688,dest_Q105835967
dest_Q6450141,dest_Q6450141
dest_Q7415183,dest_Q7415183
dest_Q7675797,dest_Q104661310
dest_Q7849702,dest_Q7849702
dest_Q6886286,dest_Q6886286
dest_Q7487352,dest_Q7487352
dest_Q7256867,dest_Q7256867
dest_Q7820930,dest_Q7820930
dest_Q6914022,dest_Q6914022
dest_Q8032010,dest_Q108169639
dest_Q7125358,dest_Q10903952
dest_Q7675819,dest_Q104661310
dest_Q6701566,dest_Q111666671
dest_Q7696228,dest_Q7696228
dest_Q7504743,dest_Q107021246
dest_Q8423815,dest_Q10930081
dest_Q3408377,dest_Q3408377
dest_Q7399830,dest_Q7399830
dest_Q6482802,dest_Q6482802
dest_Q10900758,dest_Q10900758
dest_Q7459890,dest_Q22100842
dest_Q6519759,dest_Q6519759
dest_Q2031506,dest_Q2031506
dest_Q10903952,dest_Q10903952
dest_Q6378626,dest_Q6378626
dest_Q7807820,dest_Q7807820
dest_Q5636451,dest_Q5636451
dest_Q5877943,dest_Q5877943
dest_Q7849695,dest_Q7849695
dest_Q8028942,dest_Q8028942
dest_Q10905033,dest_Q10905033
dest_Q6497612,dest_Q6497612
dest_Q8032035,dest_Q8032035
dest_Q7849588,dest_Q7849588
dest_Q6473582,dest_Q109535447
dest_Q6668520,dest_Q6668520
dest_Q7820922,dest_Q7820922
dest_Q5509142,dest_Q105676517
dest_Q7188502,dest_Q7188502
dest_Q7487827,dest_Q7487827
dest_Q7407059,dest_Q10865813
dest_Q6378621,dest_Q6378621
dest_Q5433552,dest_Q5433552
dest_Q10879128,dest_Q10879128
dest_Q11176691,dest_Q108169639
dest_Q10928603,dest_Q108881113
dest_Q15914211,dest_Q15914211
dest_Q10868505,dest_Q10868505
dest_Q10932837,dest_Q10932837
dest_Q10930081,dest_Q10930081
dest_Q10918787,dest_Q10918787
dest_Q11054665,dest_Q109083453
dest_Q15900631,dest_Q15900631
dest_Q15932375,dest_Q15932375
dest_Q15901929,dest_Q15901929
dest_Q11115682,dest_Q11115682
dest_Q11176683,dest_Q108169639
dest_Q11122342,dest_Q11122342
dest_Q10927480,dest_Q104661331
dest_Q10406419,dest_Q10406419
dest_Q10936007,dest_Q104661310
dest_Q10867482,dest_Q104476898
dest_Q15930727,dest_Q15930727
dest_Q15895213,dest_Q15895213
dest_Q11174937,dest_Q11174937
dest_Q11129597,dest_Q107021246
dest_Q15909378,dest_Q15909378
dest_Q11176273,dest_Q108169639
dest_Q11104560,dest_Q11104560
dest_Q13163528,dest_Q13163528
dest_Q11176688,dest_Q108169639
dest_Q11175176,dest_Q11175176
dest_Q15934296,dest_Q15934296
dest_Q11131856,dest_Q11131856
dest_Q15488901,dest_Q15488901
dest_Q13163929,dest_Q13163929
dest_Q11082918,dest_Q100366755
dest_Q10344946,dest_Q10344946
dest_Q13163381,dest_Q13163381
dest_Q15899886,dest_Q15899886
dest_Q15277189,dest_Q104476898
dest_Q10376281,dest_Q10376281
dest_Q10945058,dest_Q10945058
dest_Q15916678,dest_Q15916678
dest_Q15915233,dest_Q15915233
dest_Q10865813,dest_Q10865813
dest_Q11121235,dest_Q109083453
dest_Q10512938,dest_Q10512938
dest_Q10937276,dest_Q104661310
dest_Q10446402,dest_Q10446402
dest_Q10882479,dest_Q105063163
dest_Q13163691,dest_Q13163691
dest_Q13357968,dest_Q13357968
dest_Q10886842,dest_Q10886842
dest_Q15904100,dest_Q15904100
dest_Q10958479,dest_Q104733470
dest_Q100348533,dest_Q100348533
dest_Q22100094,dest_Q13163929
dest_Q17164166,dest_Q17164166
dest_Q16923860,dest_Q16923860
dest_Q20091833,dest_Q20091833
dest_Q22101545,dest_Q22101545
dest_Q22099142,dest_Q22099142
dest_Q28415689,dest_Q28415689
dest_Q16923599,dest_Q112651671
dest_Q22101280,dest_Q22101280
dest_Q16922975,dest_Q104661310
dest_Q60992908,dest_Q60992908
dest_Q55719444,dest_Q55719444
dest_Q19854397,dest_Q19854397
dest_Q48929661,dest_Q48929661
dest_Q28413738,dest_Q28413738
dest_Q16923977,dest_Q16923977
dest_Q19854810,dest_Q16923103
dest_Q22099817,dest_Q22099817
dest_Q30942334,dest_Q30942334
dest_Q22100842,dest_Q22100842
dest_Q22099015,dest_Q22099015
dest_Q16924260,dest_Q16924260
dest_Q48928456,dest_Q19854397
dest_Q100347232,dest_Q100347232
dest_Q16922687,dest_Q104733470
dest_Q22100902,dest_Q111797193
dest_Q24834127,dest_Q24834127
dest_Q100574511,dest_Q100574511
dest_Q16923325,dest_Q16923325
dest_Q22098938,dest_Q22098938
dest_Q40640834,dest_Q40640834
dest_Q16923571,dest_Q16923571
dest_Q102249125,dest_Q102249125
dest_Q22100473,dest_Q105676517
dest_Q24835915,dest_Q24835915
dest_Q16924318,dest_Q16924318
dest_Q19854881,dest_Q19854881
dest_Q55719486,dest_Q16923278
dest_Q23724327,dest_Q104661331
dest_Q20091915,dest_Q105857939
dest_Q27963092,dest_Q27963092
dest_Q22100994,dest_Q104661310
dest_Q16923843,dest_Q16923843
dest_Q38265654,dest_Q38265654
dest_Q28417750,dest_Q28417750
dest_Q55719438,dest_Q104661310
dest_Q22100305,dest_Q108169639
dest_Q16923278,dest_Q16923278
dest_Q25054029,dest_Q25054029
dest_Q16923103,dest_Q16923103
dest_Q100366755,dest_Q100366755
dest_Q16924235,dest_Q16924235
dest_Q16924023,dest_Q16924023
dest_Q104734010,dest_Q104734010
dest_Q105042261,dest_Q105042261
dest_Q97192001,dest_Q97192001
dest_Q88099577,dest_Q7487352
dest_Q96333402,dest_Q96333402
dest_Q104834202,dest_Q104834202
dest_Q96381433,dest_Q96381433
dest_Q89137736,dest_Q89137736
dest_Q85885330,dest_Q85885330
dest_Q104834750,dest_Q104834750
dest_Q104740918,dest_Q104661310
dest_Q96657287,dest_Q96657287
dest_Q98594800,dest_Q108169639
dest_Q98594785,dest_Q98594785
dest_Q104661310,dest_Q104661310
dest_Q104660797,dest_Q104660797
dest_Q98078753,dest_Q98078753
dest_Q86754997,dest_Q7820922
dest_Q86726156,dest_Q86726156
dest_Q94385256,dest_Q94385256
dest_Q94084489,dest_Q94084489
dest_Q98663179,dest_Q109083453
dest_Q87234902,dest_Q19854397
dest_Q97977841,dest_Q97977841
dest_Q85535661,dest_Q11131856
dest_Q104658894,dest_Q104658894
dest_Q96324128,dest_Q96324128
dest_Q104830682,dest_Q104830682
dest_Q104740602,dest_Q104740602
dest_Q97351658,dest_Q104661310
dest_Q104661331,dest_Q104661331
dest_Q86755053,dest_Q86755053
dest_Q104740213,dest_Q104740213
dest_Q96404890,dest_Q100366755
dest_Q96335514,dest_Q96335514
dest_Q97977601,dest_Q106506037
dest_Q104734204,dest_Q104734204
dest_Q88731254,dest_Q88731254
dest_Q97977343,dest_Q104661310
dest_Q94378097,dest_Q94378097
dest_Q94385273,dest_Q19854397
dest_Q97357410,dest_Q97357410
dest_Q85544467,dest_Q10344946
dest_Q105422575,dest_Q105422575
dest_Q104434921,dest_Q104434921
dest_Q98410264,dest_Q104661310
dest_Q83873544,dest_Q83873544
dest_Q105063163,dest_Q105063163
dest_Q104661627,dest_Q104661627
dest_Q104521243,dest_Q104521243
dest_Q87400438,dest_Q87400438
dest_Q105423308,dest_Q105423308
dest_Q96739151,dest_Q100366755
dest_Q87332562,dest_Q10930081
dest_Q88568834,dest_Q88568834
dest_Q104476314,dest_Q104476314
dest_Q96335312,dest_Q96335312
dest_Q87068341,dest_Q87068341
dest_Q98078740,dest_Q102249125
dest_Q104830685,dest_Q104830685
dest_Q96323989,dest_Q104476898
dest_Q84697497,dest_Q84697497
dest_Q87471835,dest_Q7820922
dest_Q96636856,dest_Q13163381
dest_Q96323972,dest_Q96323972
dest_Q97597337,dest_Q97597337
dest_Q95690343,dest_Q89137736
dest_Q85883859,dest_Q842372
dest_Q96324122,dest_Q102249125
dest_Q97596713,dest_Q97596713
dest_Q87344609,dest_Q100366755
dest_Q97195341,dest_Q97195341
dest_Q98293698,dest_Q106177627
dest_Q97780356,dest_Q112862404
dest_Q104741585,dest_Q104741585
dest_Q97196719,dest_Q97196719
dest_Q96314859,dest_Q104661310
dest_Q96176984,dest_Q96176984
dest_Q87064999,dest_Q87064999
dest_Q98078782,dest_Q98078782
dest_Q104830541,dest_Q104830541
dest_Q104733470,dest_Q104733470
dest_Q94084466,dest_Q107021246
dest_Q105063145,dest_Q100366755
dest_Q94384438,dest_Q10446402
dest_Q94390334,dest_Q107021246
dest_Q104661392,dest_Q104661392
dest_Q96624237,dest_Q108881113
dest_Q96324013,dest_Q96324013
dest_Q88823055,dest_Q88823055
dest_Q96399406,dest_Q96399406
dest_Q84044415,dest_Q100366755
dest_Q96194880,dest_Q107021246
dest_Q104830676,dest_Q104830676
dest_Q87328358,dest_Q28417750
dest_Q104666568,dest_Q104666568
dest_Q96314892,dest_Q110923347
dest_Q104476898,dest_Q104476898
dest_Q86246687,dest_Q100348533
dest_Q106152666,dest_Q106152666
dest_Q107020929,dest_Q107020929
dest_Q112039020,dest_Q112039020
dest_Q111912474,dest_Q104661310
dest_Q105972118,dest_Q105972118
dest_Q108453627,dest_Q108453627
dest_Q106838226,dest_Q100366755
dest_Q105962201,dest_Q105962201
dest_Q106029335,dest_Q106029335
dest_Q105753042,dest_Q105753042
dest_Q106662802,dest_Q106662802
dest_Q106177627,dest_Q106177627
dest_Q111797335,dest_Q104661310
dest_Q112408234,dest_Q108952674
dest_Q108649279,dest_Q105857939
dest_Q106506037,dest_Q106506037
dest_Q106662763,dest_Q106662763
dest_Q105676517,dest_Q105676517
dest_Q112442555,dest_Q112442555
dest_Q106838225,dest_Q106838225
dest_Q106223066,dest_Q100366755
dest_Q108881113,dest_Q108881113
dest_Q111797193,dest_Q111797193
dest_Q112421764,dest_Q112421764
dest_Q112228459,dest_Q112228459
dest_Q112342045,dest_Q112342045
dest_Q105860847,dest_Q105860847
dest_Q111802904,dest_Q104661310
dest_Q105835937,dest_Q105835937
dest_Q106354820,dest_Q106354820
dest_Q105835967,dest_Q105835967
dest_Q105676514,dest_Q105676514
dest_Q107021039,dest_Q107021039
dest_Q108169639,dest_Q108169639
dest_Q107022952,dest_Q105845779
dest_Q106546289,dest_Q106546289
dest_Q112274050,dest_Q112274050
dest_Q108779651,dest_Q108779651
dest_Q108161009,dest_Q108160783
dest_Q106152661,dest_Q106152661
dest_Q107021608,dest_Q104661331
dest_Q108160783,dest_Q108160783
dest_Q106687547,dest_Q106687547
dest_Q107021355,dest_Q107021246
dest_Q105716735,dest_Q105716735
dest_Q111911613,dest_Q104661310
dest_Q106152667,dest_Q106152667
dest_Q106152693,dest_Q106152693
dest_Q111796661,dest_Q111796661
dest_Q107412238,dest_Q104661310
dest_Q105423364,dest_Q100366755
dest_Q108169697,dest_Q108169697
dest_Q111796713,dest_Q111796713
dest_Q107021246,dest_Q107021246
dest_Q105716598,dest_Q105716598
dest_Q105676507,dest_Q100366755
dest_Q107021182,dest_Q104476898
dest_Q112074822,dest_Q112074822
dest_Q105857939,dest_Q105857939
dest_Q105845779,dest_Q105845779
dest_Q107210003,dest_Q107210003
dest_Q108169822,dest_Q108160783
dest_Q114774278,dest_Q104476898
dest_Q112862404,dest_Q112862404
dest_Q112876531,dest_Q112876531
dest_Q110833520,dest_Q110833520
dest_Q110909904,dest_Q10903952
dest_Q108952674,dest_Q108952674
dest_Q109535447,dest_Q109535447
dest_Q109083453,dest_Q109083453
dest_Q111795921,dest_Q108169639
dest_Q111181058,dest_Q111181058
dest_Q118403619,dest_Q118403619
dest_Q113127310,dest_Q113127310
dest_Q110664583,dest_Q110664583
dest_Q109824374,dest_Q109824374
dest_Q108939422,dest_Q108939422
dest_Q112862624,dest_Q112862624
dest_Q113134053,dest_Q104661310
dest_Q111665845,dest_Q111665845
dest_Q109316613,dest_Q109316613
dest_Q110664588,dest_Q108169697
dest_Q110924151,dest_Q10918787
dest_Q113127326,dest_Q104661310
dest_Q113127349,dest_Q104661310
dest_Q112619755,dest_Q104476898
dest_Q112665674,dest_Q108169639
dest_Q119842461,dest_Q100366755
dest_Q109536183,dest_Q104476898
dest_Q109424058,dest_Q109424058
dest_Q110916949,dest_Q108169639
dest_Q108956880,dest_Q104661310
dest_Q112682914,dest_Q110833520
dest_Q108887231,dest_Q108887231
dest_Q111666295,dest_Q111666295
dest_Q111796323,dest_Q105422575
dest_Q112837268,dest_Q112837268
dest_Q110255374,dest_Q110255374
dest_Q108919501,dest_Q108919501
dest_Q109316750,dest_Q105676517
dest_Q112651671,dest_Q112651671
dest_Q111493476,dest_Q105857939
dest_Q111666671,dest_Q111666671
dest_Q111272112,dest_Q111272112
dest_Q112867663,dest_Q10930081
dest_Q116027040,dest_Q116027040
dest_Q109656795,dest_Q100366755
dest_Q112652133,dest_Q112652133
dest_Q110923347,dest_Q110923347
dest_Q112911352,dest_Q112911352
dest_Q113127347,dest_Q100366755
dest_Q111796277,dest_Q104661310
dest_Q110938000,dest_Q110938000
dest_Q112651561,dest_Q112651561
dest_Q110923729,dest_Q110923729
dest_Q111740025,dest_Q111740025
dest_Q112837314,dest_Q108169639
dest_Q121462057,dest_Q104661310
dest_Q114772498,dest_Q114772498
dest_Q112619743,dest_Q112619743
dest_Q109086716,dest_Q109086716
dest_Q7055756,dest_Q7055756
dest_Q5617871,dest_Q5617871
dest_Q7402943,dest_Q7402943
dest_Q6966689,dest_Q6966689
dest_Q5617289,dest_Q5617289
dest_Q6127672,dest_Q6127672
dest_Q6881581,dest_Q6881581
dest_Q5226112,dest_Q5226112
dest_Q5580757,dest_Q5580757
dest_Q7070365,dest_Q7070365
dest_Q6982788,dest_Q6982788
dest_Q7283103,dest_Q7283103
dest_Q4832736,dest_Q4832736
dest_Q4850438,dest_Q4850438
dest_Q5436136,dest_Q5436136
dest_Q2477877,dest_Q2477877
dest_Q6743810,dest_Q6743810
dest_Q4999385,dest_Q4999385
dest_Q5556086,dest_Q5556086
dest_Q6431410,dest_Q6431410
dest_Q6965489,dest_Q6965489
dest_Q5522240,dest_Q5522240
dest_Q7133062,dest_Q7133062
dest_Q6370699,dest_Q6370699
dest_Q5522177,dest_Q5522177
dest_Q6383492,dest_Q6383492
dest_Q7118893,dest_Q7118893
dest_Q6400257,dest_Q6400257
dest_Q5529036,dest_Q5529036
dest_Q7461247,dest_Q7461247
dest_Q5617258,dest_Q5617258
dest_Q5565942,dest_Q5565942
dest_Q6759677,dest_Q6759677
dest_Q7118894,dest_Q7118894
dest_Q5451241,dest_Q5451241
dest_Q4854557,dest_Q4854557
dest_Q6484553,dest_Q6484553
dest_Q6843281,dest_Q6843281
dest_Q7489072,dest_Q7489072
dest_Q5617689,dest_Q18357545
dest_Q6888229,dest_Q6888229
dest_Q4783917,dest_Q4783917
dest_Q5068345,dest_Q5068345
dest_Q5556053,dest_Q5556053
dest_Q4670420,dest_Q4670420
dest_Q5209896,dest_Q5209896
dest_Q7561213,dest_Q7561213
dest_Q7461050,dest_Q7461050
dest_Q6743819,dest_Q6743819
dest_Q7489700,dest_Q7489700
dest_Q7524138,dest_Q7524138
dest_Q7124522,dest_Q7124522
dest_Q7489391,dest_Q7489391
dest_Q6734547,dest_Q6734547
dest_Q4752642,dest_Q4752642
dest_Q5522361,dest_Q5522240
dest_Q5954010,dest_Q5954010
dest_Q5349984,dest_Q5349984
dest_Q4841835,dest_Q4841835
dest_Q4699143,dest_Q4699143
dest_Q5515432,dest_Q5515432
dest_Q6907968,dest_Q6907968
dest_Q4733738,dest_Q4733738
dest_Q4180430,dest_Q4180430
dest_Q15983337,dest_Q15983337
dest_Q6554289,dest_Q6554289
dest_Q147617,dest_Q147617
dest_Q5769095,dest_Q5769095
dest_Q3141400,dest_Q3141400
dest_Q106516951,dest_Q106516951
dest_Q4675101,dest_Q4675101
dest_Q6815367,dest_Q14711039
dest_Q3141390,dest_Q3141390
dest_Q5569337,dest_Q5569337
dest_Q7973336,dest_Q7973336
dest_Q6984383,dest_Q14711112
dest_Q15982487,dest_Q15982487
dest_Q18357545,dest_Q18357545
dest_Q7056642,dest_Q7056642
dest_Q5604556,dest_Q5604556
dest_Q15982892,dest_Q15982892
dest_Q25653809,dest_Q25653809
dest_Q6754091,dest_Q6754091
dest_Q1644021,dest_Q1644021
dest_Q18345552,dest_Q18345552
dest_Q25654038,dest_Q25654038
dest_Q14914641,dest_Q14914641
dest_Q6488791,dest_Q6488791
dest_Q3337596,dest_Q3337596
dest_Q6826462,dest_Q6826462
dest_Q3038339,dest_Q3038339
dest_Q24912902,dest_Q24912902
dest_Q5916550,dest_Q5916550
dest_Q6912999,dest_Q6912999
dest_Q5643720,dest_Q5643720
dest_Q6061498,dest_Q6061498
dest_Q5568206,dest_Q5568206
dest_Q132177924,dest_Q132177924
dest_Q2383459,dest_Q2383459
dest_Q5720875,dest_Q5720875
dest_Q18346100,dest_Q18346100
dest_Q6374417,dest_Q6374417
dest_Q15982488,dest_Q15982488
dest_Q117193976,dest_Q117193976
dest_Q4681070,dest_Q4681070
dest_Q6843062,dest_Q6843062
dest_Q6731897,dest_Q6731897
dest_Q18378230,dest_Q18378230
dest_Q18393940,dest_Q18393940
dest_Q7051203,dest_Q7051203
dest_Q4690833,dest_Q4690833
dest_Q5759243,dest_Q5759243
dest_Q15228938,dest_Q15228938
dest_Q581308,dest_Q581308
dest_Q6815349,dest_Q6815349
dest_Q18386095,dest_Q18386095
dest_Q6947519,dest_Q6947519
dest_Q18109344,dest_Q18109344
dest_Q6747225,dest_Q6747225
dest_Q6171836,dest_Q6171836
dest_Q5916501,dest_Q5916501
dest_Q19891691,dest_Q19891691
dest_Q5533417,dest_Q5533417
dest_Q4965800,dest_Q4965798
dest_Q7323061,dest_Q7323061
dest_Q7595789,dest_Q7595789
dest_Q5328251,dest_Q5328251
dest_Q4874001,dest_Q4874001
dest_Q7204143,dest_Q7204143
dest_Q7784997,dest_Q7784997
dest_Q4874003,dest_Q4874003
dest_Q7588219,dest_Q7588219
dest_Q5184654,dest_Q5184654
dest_Q7443638,dest_Q7443638
dest_Q5522358,dest_Q5522358
dest_Q5259732,dest_Q5259732
dest_Q5123346,dest_Q5123346
dest_Q5170689,dest_Q5170689
dest_Q7568142,dest_Q7568142
dest_Q5476195,dest_Q5476195
dest_Q7569199,dest_Q7569199
dest_Q5135967,dest_Q5135967
dest_Q7985055,dest_Q7985055
dest_Q8022332,dest_Q8022332
dest_Q5060553,dest_Q5060553
dest_Q7898724,dest_Q7898724
dest_Q7899434,dest_Q7899434
dest_Q7989266,dest_Q7985055
dest_Q7494147,dest_Q7494147
dest_Q7571298,dest_Q7569348
dest_Q7191805,dest_Q7191805
dest_Q7777133,dest_Q7777133
dest_Q5454057,dest_Q5454057
dest_Q4961744,dest_Q4961744
dest_Q7640843,dest_Q7640843
dest_Q7930702,dest_Q7930702
dest_Q7337661,dest_Q7337661
dest_Q5134200,dest_Q5134200
dest_Q7430816,dest_Q7430816
dest_Q7987189,dest_Q7987189
dest_Q5522273,dest_Q5522273
dest_Q7490440,dest_Q7490440
dest_Q8032835,dest_Q8032835
dest_Q8022398,dest_Q8022398
dest_Q14218569,dest_Q14218569
dest_Q14218574,dest_Q14218574
dest_Q4958563,dest_Q4958563
dest_Q4972008,dest_Q4972008
dest_Q7972340,dest_Q7972340
dest_Q7460963,dest_Q7460963
dest_Q7641360,dest_Q7641360
dest_Q4949656,dest_Q4949656
dest_Q8024724,dest_Q8024724
dest_Q4955295,dest_Q4955295
dest_Q4965803,dest_Q4965803
dest_Q7323028,dest_Q7323028
dest_Q8022396,dest_Q8022396
dest_Q7137921,dest_Q7137921
dest_Q7987225,dest_Q7987225
dest_Q4974481,dest_Q4974481
dest_Q5447575,dest_Q5447575
dest_Q7533196,dest_Q7533196
dest_Q7495550,dest_Q7495550
dest_Q7338621,dest_Q7338621
dest_Q5331000,dest_Q5331000
dest_Q7894843,dest_Q7894843
dest_Q7158614,dest_Q7158614
dest_Q5328626,dest_Q5328626
dest_Q7456873,dest_Q7456873
dest_Q7683034,dest_Q7683034
dest_Q7083517,dest_Q7083517
dest_Q5124272,dest_Q4111516
dest_Q7331007,dest_Q7331007
dest_Q4874029,dest_Q4874029
dest_Q5027362,dest_Q5027362
dest_Q4929686,dest_Q4929686
dest_Q5470482,dest_Q5470482
dest_Q7352928,dest_Q7352928
dest_Q7580395,dest_Q7580395
dest_Q7963562,dest_Q7963562
dest_Q7195399,dest_Q7195399
dest_Q5175510,dest_Q5175510
dest_Q7570788,dest_Q7569085
dest_Q4965798,dest_Q4965798
dest_Q4955351,dest_Q4955351
dest_Q5429996,dest_Q5429996
dest_Q5130741,dest_Q5130741
dest_Q8022431,dest_Q8022431
dest_Q4944717,dest_Q4944717
dest_Q5528937,dest_Q5528937
dest_Q7230683,dest_Q7230683
dest_Q7113563,dest_Q7113563
dest_Q7059720,dest_Q7056642
dest_Q7569348,dest_Q7569348
dest_Q7569259,dest_Q7569259
dest_Q7986102,dest_Q7986102
dest_Q5100139,dest_Q5100139
dest_Q7569085,dest_Q7569085
dest_Q5328286,dest_Q5328286
dest_Q5473067,dest_Q5473067
dest_Q7073460,dest_Q7073460
dest_Q4697377,dest_Q4697377
dest_Q4883951,dest_Q4883951
dest_Q6454270,dest_Q6454270
dest_Q4716572,dest_Q4716572
dest_Q5100138,dest_Q5100138
dest_Q3878263,dest_Q3878263
dest_Q14686286,dest_Q14686286
dest_Q5763984,dest_Q5763984
dest_Q4874329,dest_Q4874329
dest_Q48834680,dest_Q48834680
dest_Q7104308,dest_Q7104308
dest_Q7046300,dest_Q7046300
dest_Q62304609,dest_Q62304609
dest_Q5035869,dest_Q5035869
dest_Q15191710,dest_Q15191710
dest_Q5250994,dest_Q5250994
dest_Q29568196,dest_Q29568196
dest_Q5250828,dest_Q5250828
dest_Q14685833,dest_Q14685833
dest_Q7498041,dest_Q7498041
dest_Q6770724,dest_Q6770724
dest_Q254861,dest_Q254861
dest_Q5303452,dest_Q5303452
dest_Q9054884,dest_Q9054884
dest_Q6092800,dest_Q6092800
dest_Q14686391,dest_Q14686391
dest_Q115701586,dest_Q115701586
dest_Q62607751,dest_Q62607751
dest_Q28747876,dest_Q28747876
dest_Q16888914,dest_Q16888914
dest_Q9051473,dest_Q9051473
dest_Q5035876,dest_Q5035876
dest_Q15254597,dest_Q15254597
dest_Q7338641,dest_Q7338641
dest_Q7405857,dest_Q7405857
dest_Q5328558,dest_Q5328558
dest_Q6730719,dest_Q6730719
dest_Q6739512,dest_Q6739512
dest_Q6886409,dest_Q6886409
dest_Q6349111,dest_Q6349111
dest_Q28747870,dest_Q28747870
dest_Q7580928,dest_Q7580928
dest_Q7338192,dest_Q7338192
dest_Q5378110,dest_Q5378110
dest_Q7569194,dest_Q7569194
dest_Q7969070,dest_Q7969070
dest_Q5303462,dest_Q5303462
dest_Q5027104,dest_Q5027104
dest_Q4705099,dest_Q4705099
dest_Q6843069,dest_Q6843069
dest_Q6117927,dest_Q6117927
dest_Q14218480,dest_Q14218480
dest_Q14218481,dest_Q14218481
dest_Q14218486,dest_Q14218480
dest_Q6460978,dest_Q6460978
dest_Q6367414,dest_Q6367414
dest_Q4732759,dest_Q4732759
dest_Q62607750,dest_Q62607750
dest_Q5303468,dest_Q5303468
dest_Q3285429,dest_Q3285429
dest_Q6352609,dest_Q6352609
dest_Q3273127,dest_Q3273127
dest_Q12048855,dest_Q12048855
dest_Q168215,dest_Q168215
dest_Q7193606,dest_Q7193606
dest_Q12048872,dest_Q12018279
dest_Q12048850,dest_Q12048850
dest_Q111941500,dest_Q111941500
dest_Q7212307,dest_Q7212307
dest_Q7289098,dest_Q16129216
dest_Q18648952,dest_Q18648952
dest_Q115160557,dest_Q115160557
dest_Q12028751,dest_Q12028751
dest_Q12018313,dest_Q12018313
dest_Q2655674,dest_Q152387
dest_Q110915858,dest_Q110915858
dest_Q6521299,dest_Q6521299
dest_Q7218758,dest_Q7218758
dest_Q2630079,dest_Q2630079
dest_Q2413425,dest_Q2413425
dest_Q12040826,dest_Q12040826
dest_Q2919842,dest_Q2919842
dest_Q12036243,dest_Q12036243
dest_Q12040827,dest_Q12040827
dest_Q152567,dest_Q152567
dest_Q28125051,dest_Q28125051
dest_Q12018279,dest_Q12018279
dest_Q124739943,dest_Q124739943
dest_Q2897547,dest_Q2897547
dest_Q12029192,dest_Q12029192
dest_Q12048862,dest_Q12048862
dest_Q2897599,dest_Q2897599
dest_Q48792158,dest_Q31823935
dest_Q12412037,dest_Q12412037
dest_Q5470121,dest_Q5470121
dest_Q10396846,dest_Q10396846
dest_Q152387,dest_Q152387
dest_Q6587082,dest_Q6587082
dest_Q7899418,dest_Q7899418
dest_Q2899850,dest_Q2899850
dest_Q135756937,dest_Q135756937
dest_Q12048845,dest_Q12018279
dest_Q12028752,dest_Q12028752
dest_Q185687,dest_Q152387
dest_Q12048864,dest_Q12018279
dest_Q12048851,dest_Q12048850
dest_Q125407866,dest_Q125407866
dest_Q130466906,dest_Q130466906
dest_Q7221532,dest_Q7221532
dest_Q2920415,dest_Q2920415
dest_Q12410036,dest_Q12410036
dest_Q3488200,dest_Q3488200
dest_Q810685,dest_Q810685
dest_Q135432,dest_Q135432
dest_Q12404212,dest_Q12404212
dest_Q12048856,dest_Q12018279
dest_Q7710229,dest_Q7710229
dest_Q12048863,dest_Q12048863
dest_Q18388129,dest_Q18388129
dest_Q12408554,dest_Q12408554
dest_Q7217342,dest_Q7217342
dest_Q12048844,dest_Q12018279
dest_Q12050988,dest_Q12018279
dest_Q12040823,dest_Q12040823
dest_Q10396702,dest_Q10396702
dest_Q135756924,dest_Q135756924
dest_Q12028749,dest_Q12018279
dest_Q16920629,dest_Q16920629
dest_Q17058950,dest_Q17058950
dest_Q16129216,dest_Q16129216
dest_Q31823935,dest_Q31823935
dest_Q16909411,dest_Q16909411
dest_Q28455729,dest_Q28455729
dest_Q22059296,dest_Q22059296
dest_Q17039412,dest_Q17039412
dest_Q17091384,dest_Q17091384
dest_Q17088581,dest_Q17088581
dest_Q17039568,dest_Q17039568
dest_Q28454432,dest_Q28454432
dest_Q12209484,dest_Q12209484
dest_Q131460467,dest_Q131460467
dest_Q16996551,dest_Q16996551
dest_Q112916786,dest_Q112916786
dest_Q16985229,dest_Q16985229
dest_Q16996809,dest_Q16996809
dest_Q14218573,dest_Q14218573
dest_Q5723282,dest_Q5723282
dest_Q14218578,dest_Q14218569
dest_Q16999038,dest_Q16999038
dest_Q14711039,dest_Q14711039
dest_Q14218580,dest_Q14218580
dest_Q134303586,dest_Q134303586
dest_Q17083981,dest_Q17083981
dest_Q17081799,dest_Q17081799
dest_Q137384516,dest_Q137384516
dest_Q14711112,dest_Q14711112
dest_Q17084886,dest_Q17084886
dest_Q16998604,dest_Q16998604
dest_Q16997174,dest_Q16997174
dest_Q125497780,dest_Q125497780
dest_Q16118571,dest_Q16118571
dest_Q20708860,dest_Q20708860
dest_Q111738163,dest_Q111738163
dest_Q17077796,dest_Q17077796
dest_Q2555601,dest_Q2555601
dest_Q1059628,dest_Q1059628
dest_Q1638396,dest_Q1638396
dest_Q1370207,dest_Q1370207
dest_Q1482230,dest_Q1482230
dest_Q909975,dest_Q17154820
dest_Q3932198,dest_Q3932198
dest_Q587064,dest_Q587064
dest_Q804862,dest_Q16243437
dest_Q5033666,dest_Q5033666
dest_Q758277,dest_Q758277
dest_Q5050112,dest_Q5050112
dest_Q3047014,dest_Q3047014
dest_Q3503914,dest_Q3503914
dest_Q1466308,dest_Q1466308
dest_Q634624,dest_Q634624
dest_Q3566344,dest_Q3566344
dest_Q1054483,dest_Q1054483
dest_Q5093683,dest_Q5093683
dest_Q2928231,dest_Q17154858
dest_Q2517109,dest_Q2517109
dest_Q34006,dest_Q16995694
dest_Q995043,dest_Q995043
dest_Q3135438,dest_Q3135438
dest_Q4146165,dest_Q4146165
dest_Q5328620,dest_Q5328620
dest_Q1687279,dest_Q1687279
dest_Q4111516,dest_Q4111516
dest_Q3138354,dest_Q3138354
dest_Q3519423,dest_Q3519423
dest_Q2543669,dest_Q2543669
dest_Q4120016,dest_Q4120016
dest_Q804866,dest_Q16243437
dest_Q2783491,dest_Q2783491
dest_Q2841135,dest_Q2841135
dest_Q3229192,dest_Q3229192
dest_Q4147619,dest_Q4147619
dest_Q5328408,dest_Q5328408
dest_Q5093828,dest_Q5093828
dest_Q4162186,dest_Q4162186
dest_Q86768,dest_Q86768
dest_Q2367505,dest_Q2367505
dest_Q3315812,dest_Q3315812
dest_Q1143552,dest_Q1143552
dest_Q2923029,dest_Q2923029
dest_Q2092136,dest_Q2092136
dest_Q1795364,dest_Q1795364
dest_Q3312605,dest_Q3312605
dest_Q2182407,dest_Q2182407
dest_Q1057444,dest_Q1057444
dest_Q4899523,dest_Q16254518
dest_Q4961774,dest_Q17154820
dest_Q4792323,dest_Q4792323
dest_Q6478300,dest_Q6478300
dest_Q6748002,dest_Q6748002
dest_Q5430171,dest_Q5430171
dest_Q6763883,dest_Q6763883
dest_Q5368570,dest_Q5368570
dest_Q5882751,dest_Q16995694
dest_Q5491571,dest_Q5491571
dest_Q6813660,dest_Q6813660
dest_Q6840673,dest_Q6840673
dest_Q6471521,dest_Q6471521
dest_Q4887255,dest_Q4887255
dest_Q6747515,dest_Q6747515
dest_Q5368572,dest_Q5368572
dest_Q5336982,dest_Q5336982
dest_Q4899639,dest_Q4899639
dest_Q4454029,dest_Q4454029
dest_Q4850611,dest_Q16243437
dest_Q5368569,dest_Q5368569
dest_Q6922581,dest_Q6922581
dest_Q4820695,dest_Q4820695
dest_Q4875891,dest_Q4875891
dest_Q5184670,dest_Q5184670
dest_Q6682727,dest_Q6682727
dest_Q4540147,dest_Q43401394
dest_Q4490700,dest_Q4490700
dest_Q5882678,dest_Q16995694
dest_Q5413749,dest_Q5413749
dest_Q4400835,dest_Q4400835
dest_Q4299606,dest_Q4299606
dest_Q4299604,dest_Q4299604
dest_Q4899563,dest_Q4899563
dest_Q4252148,dest_Q4252148
dest_Q4272085,dest_Q4272085
dest_Q5579890,dest_Q5579890
dest_Q4356724,dest_Q4356724
dest_Q5593630,dest_Q5593630
dest_Q6840677,dest_Q6840673
dest_Q4842231,dest_Q4842231
dest_Q4961757,dest_Q17154820
dest_Q4975114,dest_Q4975114
dest_Q4737882,dest_Q4737882
dest_Q5953596,dest_Q5953596
dest_Q4762767,dest_Q4762767
dest_Q5654598,dest_Q5654598
dest_Q6488793,dest_Q6488793
dest_Q5647060,dest_Q5647060
dest_Q6414091,dest_Q6414091
dest_Q5858908,dest_Q17107760
dest_Q5430100,dest_Q5430100
dest_Q5285400,dest_Q5285400
dest_Q4899601,dest_Q16254518
dest_Q5123507,dest_Q5123507
dest_Q6474890,dest_Q6474890
dest_Q6499868,dest_Q6499868
dest_Q4619624,dest_Q4619624
dest_Q4899499,dest_Q16254518
dest_Q10336698,dest_Q10336698
dest_Q8024704,dest_Q8024704
dest_Q12072699,dest_Q12072699
dest_Q7555715,dest_Q7555715
dest_Q17154883,dest_Q17154883
dest_Q7568344,dest_Q7568344
dest_Q8022895,dest_Q8022891
dest_Q16993506,dest_Q16993506
dest_Q17108525,dest_Q17108525
dest_Q7996570,dest_Q7996570
dest_Q7989722,dest_Q7989722
dest_Q7043919,dest_Q7043919
dest_Q7460524,dest_Q7460524
dest_Q7926916,dest_Q7926916
dest_Q16995502,dest_Q16995502
dest_Q17086939,dest_Q17086939
dest_Q17154742,dest_Q17154742
dest_Q16994466,dest_Q16994466
dest_Q7428691,dest_Q7428691
dest_Q17162754,dest_Q122570446
dest_Q17154820,dest_Q17154820
dest_Q7128429,dest_Q7128429
dest_Q17108513,dest_Q17108513
dest_Q17154858,dest_Q17154858
dest_Q7919977,dest_Q7919977
dest_Q19460202,dest_Q19460202
dest_Q7641298,dest_Q7641298
dest_Q19866396,dest_Q19866396
dest_Q7382484,dest_Q7382484
dest_Q17034247,dest_Q17034247
dest_Q16995694,dest_Q16995694
dest_Q14683463,dest_Q14683463
dest_Q7190998,dest_Q7190998
dest_Q16243437,dest_Q16243437
dest_Q17107835,dest_Q17107835
dest_Q7112843,dest_Q7112843
dest_Q7981498,dest_Q7981498
dest_Q16198465,dest_Q16198465
dest_Q8022891,dest_Q8022891
dest_Q14682123,dest_Q14682123
dest_Q17107760,dest_Q17107760
dest_Q16994894,dest_Q16994894
dest_Q7574138,dest_Q7574138
dest_Q7137866,dest_Q7137866
dest_Q7653340,dest_Q7653340
dest_Q7894855,dest_Q4400835
dest_Q7921730,dest_Q7921730
dest_Q16256587,dest_Q122570446
dest_Q16256906,dest_Q16256906
dest_Q7367787,dest_Q7367787
dest_Q8022897,dest_Q8022891
dest_Q16954033,dest_Q16954033
dest_Q7777418,dest_Q7777418
dest_Q7912076,dest_Q7912076
dest_Q33214506,dest_Q33214506
dest_Q16254518,dest_Q16254518
dest_Q7987324,dest_Q7987324
dest_Q55439168,dest_Q55439168
dest_Q66971645,dest_Q66971645
dest_Q139829581,dest_Q139829581
dest_Q110832155,dest_Q110832155
dest_Q8345179,dest_Q8345179
dest_Q16896055,dest_Q16896055
dest_Q18058512,dest_Q18058512
dest_Q19937106,dest_Q19937105
dest_Q19937105,dest_Q19937105
dest_Q12794131,dest_Q12794131
dest_Q11797719,dest_Q11797719
dest_Q9190086,dest_Q9190086
dest_Q11720636,dest_Q11720636
dest_Q18330750,dest_Q18330750
dest_Q52154375,dest_Q52154375
dest_Q9258809,dest_Q9258809
dest_Q39060229,dest_Q39060229
dest_Q9344080,dest_Q9344080
dest_Q9397121,dest_Q9397121
dest_Q12799630,dest_Q12799630
dest_Q18164887,dest_Q18058512
dest_Q987548,dest_Q987548
dest_Q10261863,dest_Q10261863
dest_Q9336837,dest_Q9336837
dest_Q9275185,dest_Q9275185
dest_Q11821793,dest_Q11821793
dest_Q11770943,dest_Q11770943
dest_Q123291992,dest_Q123291992
dest_Q10272685,dest_Q10272685
dest_Q11689939,dest_Q11689939
dest_Q9345942,dest_Q9345942
dest_Q739700,dest_Q739700
dest_Q9210510,dest_Q9210510
dest_Q43401394,dest_Q43401394
dest_Q12797139,dest_Q12797139
dest_Q9394032,dest_Q9394032
dest_Q122570446,dest_Q122570446
dest_Q11751164,dest_Q11751164
dest_Q9640593,dest_Q9640593
dest_Q19935588,dest_Q19935588
dest_Q9356989,dest_Q9356989
dest_Q12791128,dest_Q12791128
dest_Q11793633,dest_Q11793633
dest_Q9257542,dest_Q9257542
dest_Q106039884,dest_Q106039884
dest_Q12786126,dest_Q12786126
dest_Q20206704,dest_Q20206704
dest_Q18147950,dest_Q18147950
dest_Q11763099,dest_Q11763099
dest_Q18354070,dest_Q18354070
dest_Q25554825,dest_Q25554825
dest_Q112735342,dest_Q112735342
dest_Q4220347,dest_Q4220347
dest_Q55657123,dest_Q55657123
dest_Q1691091,dest_Q1691091
dest_Q3557836,dest_Q3557836
dest_Q2021526,dest_Q2021526
dest_Q50741391,dest_Q50741391
dest_Q117383617,dest_Q117383617
dest_Q677756,dest_Q677756
dest_Q5523285,dest_Q5523285
dest_Q56478544,dest_Q56478544
dest_Q870499,dest_Q870499
dest_Q693498,dest_Q693498
dest_Q1486347,dest_Q1486347
dest_Q61137092,dest_Q61137092
dest_Q136436719,dest_Q136436719
dest_Q663930,dest_Q663930
dest_Q2150962,dest_Q2150962
dest_Q110763129,dest_Q110763129
dest_Q5211973,dest_Q5211973
dest_Q2214630,dest_Q2214630
dest_Q107099337,dest_Q107099337
dest_Q137425038,dest_Q137425038
dest_Q2983441,dest_Q2983441
dest_Q61150346,dest_Q61150346
dest_Q204651,dest_Q204651
dest_Q64821183,dest_Q64821183
dest_Q109986207,dest_Q109986207
dest_Q53902093,dest_Q53902093
dest_Q4158704,dest_Q4158704
dest_Q55812980,dest_Q55812980
dest_Q2531193,dest_Q2531193
dest_Q1898513,dest_Q1898513
dest_Q110763084,dest_Q110763084
dest_Q7649902,dest_Q7649902
dest_Q106814101,dest_Q106814101
dest_Q18621011,dest_Q18621011
dest_Q1790015,dest_Q1790015
dest_Q61119677,dest_Q61119677
dest_Q2974822,dest_Q2974822
dest_Q693291,dest_Q693291
dest_Q693439,dest_Q693439
dest_Q6805124,dest_Q6805124
dest_Q10322951,dest_Q10322951
dest_Q63197255,dest_Q63197255
dest_Q117814486,dest_Q117814486
dest_Q28496357,dest_Q28496357
dest_Q6824072,dest_Q6824072
dest_Q569906,dest_Q569906
dest_Q4448026,dest_Q4448026
dest_Q4855623,dest_Q4855623
dest_Q5215954,dest_Q5215954
dest_Q22685030,dest_Q22685030
dest_Q7586182,dest_Q7586182
dest_Q12198212,dest_Q12198212
dest_Q12187969,dest_Q12187969
dest_Q12689326,dest_Q12689326
dest_Q25483844,dest_Q25483844
dest_Q4320830,dest_Q4320830
dest_Q6393223,dest_Q6393223
dest_Q124518106,dest_Q124518106
dest_Q12186959,dest_Q12186959
dest_Q104030626,dest_Q104030626
dest_Q106584306,dest_Q106584306
dest_Q105044470,dest_Q105044470
dest_Q591717,dest_Q12684392
dest_Q12684440,dest_Q12684440
dest_Q20465794,dest_Q20465794
dest_Q121775100,dest_Q121775100
dest_Q17049670,dest_Q17049670
dest_Q12204108,dest_Q12204108
dest_Q124504691,dest_Q124504691
dest_Q3045579,dest_Q3045579
dest_Q107453897,dest_Q107453897
dest_Q12190454,dest_Q12190454
dest_Q12684392,dest_Q12684392
dest_Q7359444,dest_Q7359444
dest_Q20386551,dest_Q20386551
dest_Q15824036,dest_Q15824036
dest_Q7403491,dest_Q7403491
dest_Q22686163,dest_Q22686163
dest_Q6359466,dest_Q6359466
dest_Q4157563,dest_Q4157563
dest_Q124504683,dest_Q124504683
dest_Q106917679,dest_Q106917679
dest_Q1955281,dest_Q1955281
dest_Q7359486,dest_Q7359486
dest_Q87410560,dest_Q87410560
dest_Q6359484,dest_Q6359484
dest_Q4378982,dest_Q4378982
dest_Q109769246,dest_Q109769246
dest_Q7359496,dest_Q7359486
dest_Q4507157,dest_Q4507157
dest_Q2541972,dest_Q2541972
dest_Q3239125,dest_Q3239125
dest_Q20396013,dest_Q20396013
dest_Q121263379,dest_Q121263379
dest_Q2964626,dest_Q2964626
dest_Q14468058,dest_Q14468058
dest_Q107769588,dest_Q107769588
dest_Q3258893,dest_Q3258893
dest_Q3571094,dest_Q3571094
dest_Q3077193,dest_Q3077193
dest_Q139270534,dest_Q139270534
dest_Q139270535,dest_Q139270535
dest_Q113674989,dest_Q113674989
dest_Q920378,dest_Q920378
dest_Q3530478,dest_Q3530478
dest_Q3320442,dest_Q3320442
dest_Q111095964,dest_Q111095964
dest_Q3198221,dest_Q3198221
dest_Q139270506,dest_Q139270506
dest_Q139270504,dest_Q139270504
dest_Q139270505,dest_Q139270505
dest_Q139270510,dest_Q139270510
dest_Q139270511,dest_Q139270511
dest_Q62712241,dest_Q62712241
dest_Q139270508,dest_Q139270508
dest_Q139270509,dest_Q139270509
dest_Q139270514,dest_Q139270514
dest_Q3346726,dest_Q3346726
dest_Q139270519,dest_Q139270519
dest_Q139270516,dest_Q139270516
dest_Q139270517,dest_Q139270517
dest_Q139270522,dest_Q139270522
dest_Q139270523,dest_Q139270523
dest_Q139270520,dest_Q139270520
dest_Q139270521,dest_Q139270521
dest_Q139270526,dest_Q139270526
dest_Q139270527,dest_Q139270527
dest_Q139270524,dest_Q139270524
dest_Q139270525,dest_Q139270525
dest_Q139270529,dest_Q139270529
dest_Q139270531,dest_Q139270531
dest_Q139270528,dest_Q139270528
dest_Q5963235,dest_Q5963235
dest_Q139270532,dest_Q139270532
dest_Q139270538,dest_Q139270538
dest_Q139270536,dest_Q139270536
dest_Q139270539,dest_Q139270520
dest_Q110321744,dest_Q110321744
dest_Q139270537,dest_Q139270537
dest_Q139270512,dest_Q139270512
dest_Q139270513,dest_Q139270513
dest_Q3532754,dest_Q3532754
dest_Q2844067,dest_Q2844067
dest_Q139592953,dest_Q139592953
dest_Q3043306,dest_Q3043306
dest_Q139270515,dest_Q139270515
dest_Q597653,dest_Q597653
dest_Q2821673,dest_Q2821673
dest_Q113674990,dest_Q113674990
dest_Q139270518,dest_Q139270518
dest_Q3524089,dest_Q3524089
dest_Q3120526,dest_Q3120526
dest_Q7085256,dest_Q7085256
dest_Q2874615,dest_Q2874615
dest_Q3220860,dest_Q3220860
dest_Q3555527,dest_Q3555527
dest_Q3039963,dest_Q3039963
dest_Q6433753,dest_Q6433753
dest_Q3219807,dest_Q3219807
dest_Q55598786,dest_Q55598786
dest_Q2908914,dest_Q2908914
dest_Q3259080,dest_Q3259080
dest_Q3464441,dest_Q3464339
dest_Q44214398,dest_Q44214398
dest_Q28018904,dest_Q28018904
dest_Q3462714,dest_Q3462714
dest_Q28032114,dest_Q28032114
dest_Q3092719,dest_Q3092719
dest_Q42305095,dest_Q42305095
dest_Q3415956,dest_Q3415956
dest_Q3464339,dest_Q3464339
dest_Q5532709,dest_Q5532709
dest_Q2997647,dest_Q2997647
dest_Q38249714,dest_Q38249714
dest_Q28032136,dest_Q28032136
dest_Q3092701,dest_Q3092701
dest_Q139270540,dest_Q139270521
dest_Q3413308,dest_Q3413308
dest_Q28007398,dest_Q28007398
dest_Q109019183,dest_Q109019183
dest_Q3462326,dest_Q3462326
dest_Q28008600,dest_Q28008600
dest_Q3335201,dest_Q3335201
dest_Q2981920,dest_Q2981920
dest_Q111211756,dest_Q111211756
dest_Q1329756,dest_Q1329756
dest_Q106686979,dest_Q106686979
dest_Q3740854,dest_Q3740854
dest_Q139858902,dest_Q139858902
dest_Q3387907,dest_Q3387907
dest_Q3191685,dest_Q3191685
dest_Q76656102,dest_Q76656102
dest_Q2998559,dest_Q2998559
dest_Q2928439,dest_Q2928439
dest_Q22082386,dest_Q22082386
dest_Q2842792,dest_Q2842792
dest_Q3462831,dest_Q3462831
dest_Q3553360,dest_Q3553360
dest_Q628233,dest_Q628233
dest_Q60752358,dest_Q60752358
dest_Q2016824,dest_Q2016824
dest_Q1649171,dest_Q1649171
dest_Q3338970,dest_Q3338970
dest_Q4972254,dest_Q4972254
dest_Q7571311,dest_Q7571311
dest_Q11820337,dest_Q11820337
dest_Q5035956,dest_Q5035956
dest_Q11830067,dest_Q11830067
dest_Q1423367,dest_Q1423367
dest_Q11689268,dest_Q11689268
dest_Q7353161,dest_Q7353161
dest_Q7204058,dest_Q7204058
dest_Q7259205,dest_Q7259205
dest_Q5328849,dest_Q5328849
dest_Q11747928,dest_Q11747928
dest_Q16257896,dest_Q16257896
dest_Q123412555,dest_Q123412555
dest_Q1433149,dest_Q1433149
dest_Q1318298,dest_Q1318298
dest_Q1886262,dest_Q1886262
dest_Q7196319,dest_Q7196319
dest_Q9189309,dest_Q9189309
dest_Q4965812,dest_Q4965812
dest_Q1922816,dest_Q1922816
dest_Q5762767,dest_Q5762767
dest_Q11555803,dest_Q11555803
dest_Q7269123,dest_Q7269123
dest_Q9394237,dest_Q9394237
dest_Q11832359,dest_Q11832359
dest_Q740246,dest_Q740246
dest_Q9395163,dest_Q9395163
dest_Q1957983,dest_Q1957983
dest_Q3529961,dest_Q3529961
dest_Q4973014,dest_Q4973014
dest_Q27897951,dest_Q27897951
dest_Q2105575,dest_Q2105575
dest_Q96695180,dest_Q96695180
dest_Q7338123,dest_Q7338123
dest_Q6220886,dest_Q6220886
dest_Q8032937,dest_Q8032937
dest_Q14221649,dest_Q14221649
dest_Q11744093,dest_Q11744093
dest_Q5061209,dest_Q5061209
dest_Q14681440,dest_Q14681440
dest_Q7969212,dest_Q7969212
dest_Q15222994,dest_Q15222994
dest_Q10343950,dest_Q10343950
dest_Q2179535,dest_Q2179535
dest_Q49182886,dest_Q49182886
dest_Q445680,dest_Q445680
dest_Q5642592,dest_Q5642592
dest_Q60541355,dest_Q60541355
dest_Q50355274,dest_Q50355274
dest_Q3413179,dest_Q3413133
dest_Q990548,dest_Q990548
dest_Q27670213,dest_Q27670213
dest_Q13735867,dest_Q13735867
dest_Q136804870,dest_Q136804870
dest_Q3413049,dest_Q3413049
dest_Q3413104,dest_Q3413104
dest_Q136783241,dest_Q136783241
dest_Q124294028,dest_Q124294028
dest_Q124352599,dest_Q124352599
dest_Q108614054,dest_Q108614054
dest_Q50347065,dest_Q50347065
dest_Q3413128,dest_Q3413128
dest_Q56403562,dest_Q56403562
dest_Q124294031,dest_Q124294031
dest_Q50211416,dest_Q50211416
dest_Q2944797,dest_Q2944797
dest_Q3413133,dest_Q3413133
dest_Q55765753,dest_Q55765753
dest_Q108613892,dest_Q108613892
dest_Q61652573,dest_Q61652573
dest_Q24309967,dest_Q24309967
dest_Q11863410,dest_Q11863410
dest_Q124290971,dest_Q124290971
dest_Q3413035,dest_Q3413035
dest_Q138497216,dest_Q138497216
dest_Q11891558,dest_Q11891558
dest_Q115919984,dest_Q115919984
dest_Q7918624,dest_Q7918624
dest_Q23045042,dest_Q23045042
dest_Q3115775,dest_Q3115775
dest_Q132089012,dest_Q132089012
dest_Q3860903,dest_Q3860903
dest_Q55100828,dest_Q28669603
dest_Q8399,dest_Q8399
dest_Q113483560,dest_Q113483560
dest_Q49433993,dest_Q49433993
dest_Q2690160,dest_Q2690160
dest_Q4949177,dest_Q4949177
dest_Q52145937,dest_Q52145932
dest_Q1065214,dest_Q1065214
dest_Q113840523,dest_Q113840523
dest_Q28669603,dest_Q28669603
dest_Q3208393,dest_Q3208393
dest_Q3206923,dest_Q3206923
dest_Q3977779,dest_Q3977779
dest_Q52145932,dest_Q52145932
dest_Q3977792,dest_Q3977792
dest_Q3927209,dest_Q28669603
dest_Q3773564,dest_Q3773564
dest_Q134411314,dest_Q134411314
dest_Q3940173,dest_Q3940173
dest_Q2680076,dest_Q2680076
dest_Q3748091,dest_Q28669603
dest_Q4024698,dest_Q2494319
dest_Q97170623,dest_Q97170623
dest_Q3863029,dest_Q3863029
dest_Q111676874,dest_Q111676874
dest_Q65127945,dest_Q65127945
dest_Q3954892,dest_Q3954892
dest_Q730701,dest_Q3908720
dest_Q3863196,dest_Q3863196
dest_Q8297,dest_Q8297
dest_Q426609,dest_Q426609
dest_Q2689406,dest_Q2689406
dest_Q2494319,dest_Q2494319
dest_Q3674984,dest_Q3674984
dest_Q8656,dest_Q8656
dest_Q8030,dest_Q8030
dest_Q3927954,dest_Q3927954
dest_Q2680238,dest_Q2680238
dest_Q16939420,dest_Q16939420
dest_Q3678603,dest_Q3678603
dest_Q3651047,dest_Q3651047
dest_Q729978,dest_Q729978
dest_Q3857803,dest_Q3857803
dest_Q2706299,dest_Q2706299
dest_Q3886246,dest_Q3886246
dest_Q111699000,dest_Q111699000
dest_Q3927288,dest_Q3927288
dest_Q3907981,dest_Q3907981
dest_Q134411431,dest_Q134411431
dest_Q3927169,dest_Q3927169
dest_Q3908720,dest_Q3908720
dest_Q2803491,dest_Q2803491
dest_Q2510554,dest_Q2510554
dest_Q2350291,dest_Q2350291
dest_Q2093521,dest_Q2093521
dest_Q723799,dest_Q723799
dest_Q15617000,dest_Q15616999
dest_Q1954753,dest_Q1954753
dest_Q2250920,dest_Q2250920
dest_Q1969048,dest_Q1969048
dest_Q2448744,dest_Q2448744
dest_Q2430134,dest_Q2430134
dest_Q2789582,dest_Q15616999
dest_Q4991979,dest_Q4991979
dest_Q1969069,dest_Q1969069
dest_Q2282494,dest_Q2282494
dest_Q2250737,dest_Q2250737
dest_Q2377675,dest_Q2377675
dest_Q2119925,dest_Q2119925
dest_Q61677441,dest_Q15616999
dest_Q2594435,dest_Q2594435
dest_Q2259478,dest_Q2259478
dest_Q723795,dest_Q2800672
dest_Q2657951,dest_Q2657951
dest_Q2650299,dest_Q2650299
dest_Q2255511,dest_Q2255511
dest_Q723851,dest_Q723851
dest_Q2863862,dest_Q15616999
dest_Q4034023,dest_Q4034023
dest_Q65415142,dest_Q65415142
dest_Q2409482,dest_Q2409482
dest_Q15617021,dest_Q15616999
dest_Q2303166,dest_Q2303166
dest_Q978650,dest_Q978650
dest_Q2619174,dest_Q2619174
dest_Q66816517,dest_Q66816517
dest_Q15616999,dest_Q15616999
dest_Q675034,dest_Q675034
dest_Q2800672,dest_Q2800672
dest_Q723272,dest_Q723272
dest_Q723261,dest_Q723261
dest_Q2113924,dest_Q2113924
dest_Q2264675,dest_Q2264675
dest_Q1940801,dest_Q1940801
dest_Q3300941,dest_Q3300941
dest_Q2406980,dest_Q110713490
dest_Q1880644,dest_Q1880644
dest_Q723255,dest_Q723255
dest_Q61677442,dest_Q15616999
dest_Q2558552,dest_Q2558552
dest_Q2652501,dest_Q2652501
dest_Q740775,dest_Q740775
dest_Q2053359,dest_Q2053359
dest_Q4863736,dest_Q123134373
dest_Q54849684,dest_Q54849684
dest_Q986348,dest_Q986348
dest_Q984382,dest_Q984382
dest_Q123134373,dest_Q123134373
dest_Q984427,dest_Q984382
dest_Q16830801,dest_Q16830801
dest_Q16606349,dest_Q16606349
dest_Q1002986,dest_Q1002986
dest_Q1812900,dest_Q1812900
dest_Q14623011,dest_Q14623011
dest_Q984511,dest_Q984511
dest_Q6118839,dest_Q6118839
dest_Q984193,dest_Q984193
dest_Q177318,dest_Q177318
dest_Q4891600,dest_Q4891600
dest_Q13479688,dest_Q122396855
dest_Q2524993,dest_Q124293321
dest_Q18419382,dest_Q18419382
dest_Q808953,dest_Q808953
dest_Q984388,dest_Q984388
dest_Q984873,dest_Q984873
dest_Q984797,dest_Q984797
dest_Q984515,dest_Q984515
dest_Q17633166,dest_Q17633166
dest_Q984835,dest_Q984835
dest_Q205621,dest_Q205621
dest_Q984919,dest_Q984919
dest_Q122396855,dest_Q122396855
dest_Q984180,dest_Q984180
dest_Q984425,dest_Q984425
dest_Q110713490,dest_Q110713490
dest_Q985110,dest_Q985110
dest_Q124293321,dest_Q124293321
dest_Q14202542,dest_Q14202542
dest_Q123120867,dest_Q123120867
dest_Q588205,dest_Q588205
dest_Q1806010,dest_Q1806010
dest_Q1026427,dest_Q1026427
dest_Q120682381,dest_Q120682381
dest_Q5795042,dest_Q5795042
dest_Q984422,dest_Q984422
dest_Q6669159,dest_Q6669159
dest_Q2118579,dest_Q2118579
dest_Q985021,dest_Q985021
dest_Q10345885,dest_Q10345885
dest_Q109311463,dest_Q109311463
dest_Q5775694,dest_Q5775694
dest_Q785318,dest_Q785318
dest_Q6441316,dest_Q6441316
dest_Q115864416,dest_Q115864416
dest_Q29350744,dest_Q29350744
dest_Q2576505,dest_Q2576505
dest_Q96680092,dest_Q96680092
dest_Q3076623,dest_Q3076623
dest_Q5705313,dest_Q5705313
dest_Q118150854,dest_Q118150854
dest_Q1532809,dest_Q1532809
dest_Q61123359,dest_Q61123359
dest_Q137766118,dest_Q137766118
dest_Q21006361,dest_Q21006361
dest_Q137766102,dest_Q137766102
dest_Q6053286,dest_Q6053286
dest_Q138756249,dest_Q138756249
dest_Q54666153,dest_Q54666153
dest_Q1662968,dest_Q1662968
dest_Q4126420,dest_Q4126420
dest_Q138756242,dest_Q138756242
dest_Q137766105,dest_Q137766105
dest_Q29350750,dest_Q29350750
dest_Q137766117,dest_Q137766048
dest_Q138756106,dest_Q138756106
dest_Q137766177,dest_Q137766066
dest_Q116170766,dest_Q116170766
dest_Q137766171,dest_Q137766171
dest_Q17276937,dest_Q17276937
dest_Q21010217,dest_Q21010217
dest_Q5721097,dest_Q5721097
dest_Q137766110,dest_Q137766110
dest_Q29479464,dest_Q29479464
dest_Q30103075,dest_Q30103075
dest_Q118640281,dest_Q118640281
dest_Q4322792,dest_Q4322792
dest_Q97173659,dest_Q97173659
dest_Q23901115,dest_Q23901115
dest_Q137766091,dest_Q137766091
dest_Q2521757,dest_Q2521757
dest_Q56070180,dest_Q56070180
dest_Q137766093,dest_Q137766093
dest_Q56319317,dest_Q56319317
dest_Q137766088,dest_Q137766088
dest_Q137766090,dest_Q137766090
dest_Q26833686,dest_Q26833686
dest_Q12155912,dest_Q12155912
dest_Q18410135,dest_Q18410135
dest_Q12155913,dest_Q12155912
dest_Q102180077,dest_Q102180077
dest_Q137766152,dest_Q137766054
dest_Q137766103,dest_Q137766103
dest_Q137766084,dest_Q137766084
dest_Q137766136,dest_Q137766136
dest_Q137766107,dest_Q137766107
dest_Q30578711,dest_Q30578711
dest_Q137766097,dest_Q137766097
dest_Q137766089,dest_Q137766089
dest_Q28671202,dest_Q28671202
dest_Q2526327,dest_Q2526327
dest_Q24288527,dest_Q24288527
dest_Q30578640,dest_Q30578640
dest_Q137766087,dest_Q137766087
dest_Q6083767,dest_Q6083767
dest_Q131690802,dest_Q131690802
dest_Q5963222,dest_Q5963222
dest_Q31438269,dest_Q31438269
dest_Q137766108,dest_Q137766093
dest_Q139042301,dest_Q139042301
dest_Q137766067,dest_Q137766067
dest_Q134862804,dest_Q134862804
dest_Q137766044,dest_Q137766044
dest_Q137766048,dest_Q137766048
dest_Q139758485,dest_Q139758485
dest_Q137766077,dest_Q137766077
dest_Q12184424,dest_Q12184424
dest_Q138756402,dest_Q138756402
dest_Q139042344,dest_Q139042344
dest_Q137766052,dest_Q137766052
dest_Q2389648,dest_Q2389648
dest_Q139758486,dest_Q139758486
dest_Q139758484,dest_Q139758484
dest_Q137766070,dest_Q137766066
dest_Q139400260,dest_Q139400260
dest_Q138868412,dest_Q138868412
dest_Q5614511,dest_Q5614511
dest_Q137766075,dest_Q137766075
dest_Q138761642,dest_Q138761642
dest_Q137766053,dest_Q137766053
dest_Q131546626,dest_Q131546626
dest_Q137766081,dest_Q137766081
dest_Q2383196,dest_Q2383196
dest_Q6304734,dest_Q6304734
dest_Q137766078,dest_Q137766040
dest_Q137766066,dest_Q137766066
dest_Q139400059,dest_Q139400059
dest_Q138756418,dest_Q138756418
dest_Q137766064,dest_Q137766064
dest_Q138761643,dest_Q138761643
dest_Q138761648,dest_Q138761648
dest_Q139043478,dest_Q139042286
dest_Q139042378,dest_Q139042378
dest_Q2853220,dest_Q2853220
dest_Q138761633,dest_Q138761633
dest_Q137766040,dest_Q137766040
dest_Q138880249,dest_Q138880249
dest_Q137766073,dest_Q137766048
dest_Q137766038,dest_Q137766038
dest_Q137766058,dest_Q137766058
dest_Q138756422,dest_Q138756422
dest_Q137766047,dest_Q137766047
dest_Q137766027,dest_Q137766027
dest_Q137766046,dest_Q137766046
dest_Q137766063,dest_Q137766063
dest_Q137766054,dest_Q137766054
dest_Q139042286,dest_Q139042286
dest_Q137766068,dest_Q137766066
dest_Q23984135,dest_Q23984135
dest_Q20024719,dest_Q20024719
dest_Q57313408,dest_Q57313408
dest_Q57354820,dest_Q57354820
dest_Q3324957,dest_Q3324957
dest_Q104711448,dest_Q104711448
dest_Q2745589,dest_Q2745589
dest_Q9009720,dest_Q9009720
dest_Q57313421,dest_Q57313408
dest_Q5124275,dest_Q5124275
dest_Q4965978,dest_Q4965976
dest_Q2749961,dest_Q2749961
dest_Q4985433,dest_Q4985433
dest_Q1660549,dest_Q1660549
dest_Q338167,dest_Q338167
dest_Q371251,dest_Q371251
dest_Q6827304,dest_Q6827304
dest_Q665413,dest_Q2745589
dest_Q7580504,dest_Q7580504
dest_Q500402,dest_Q500402
dest_Q7761162,dest_Q7761162
dest_Q3237805,dest_Q3237805
dest_Q2512858,dest_Q2512858
dest_Q5597014,dest_Q5597014
dest_Q18155370,dest_Q18155370
dest_Q7881737,dest_Q7881737
dest_Q18151859,dest_Q18151859
dest_Q3552093,dest_Q3552093
dest_Q2215877,dest_Q2215877
dest_Q6843092,dest_Q6843092
dest_Q5169514,dest_Q5169514
dest_Q57313481,dest_Q57313408
dest_Q4965976,dest_Q4965976
dest_Q223000,dest_Q223000
dest_Q57313511,dest_Q57313511
dest_Q7138138,dest_Q7138138
dest_Q57313363,dest_Q57313363
dest_Q11259,dest_Q11259
dest_Q3358937,dest_Q3358937
dest_Q3398373,dest_Q3398373
dest_Q137526148,dest_Q137526148
dest_Q7985157,dest_Q7985157
dest_Q6590930,dest_Q6590930
dest_Q3047558,dest_Q3047558
dest_Q1018680,dest_Q1018680
dest_Q18158674,dest_Q18158674
dest_Q22058810,dest_Q22058810
dest_Q16895139,dest_Q16895139
dest_Q57313388,dest_Q57313388
dest_Q602140,dest_Q602140
dest_Q8040258,dest_Q8040258
dest_Q3030402,dest_Q3030402
dest_Q1139313,dest_Q1139313
dest_Q3936298,dest_Q3936274
dest_Q14706778,dest_Q14706778
dest_Q113685631,dest_Q113685631
dest_Q111196698,dest_Q111196698
dest_Q2103252,dest_Q2103252
dest_Q15890357,dest_Q15890357
dest_Q8053526,dest_Q8053526
dest_Q675391,dest_Q675391
dest_Q113131921,dest_Q113131921
dest_Q4012843,dest_Q4012828
dest_Q136893733,dest_Q136893733
dest_Q4914229,dest_Q4914229
dest_Q15897281,dest_Q15897281
dest_Q3376514,dest_Q3376514
dest_Q4012828,dest_Q4012828
dest_Q17651720,dest_Q17651720
dest_Q3775942,dest_Q3775942
dest_Q132175491,dest_Q132175491
dest_Q1588578,dest_Q1588578
dest_Q104418012,dest_Q104418012
dest_Q1478163,dest_Q1478163
dest_Q17651727,dest_Q17651727
dest_Q130678881,dest_Q130678881
dest_Q111196692,dest_Q111196692
dest_Q1857393,dest_Q1857393
dest_Q4883658,dest_Q4883658
dest_Q3947479,dest_Q3947479
dest_Q3936274,dest_Q3936274
dest_Q25491412,dest_Q25491412
dest_Q118112344,dest_Q118112344
dest_Q14706462,dest_Q14706462
dest_Q1139990,dest_Q1139990
dest_Q10878959,dest_Q10878959
dest_Q3936286,dest_Q3936274
dest_Q111283923,dest_Q111283923
dest_Q1131513,dest_Q1131513
dest_Q3655391,dest_Q3655391
dest_Q63842644,dest_Q63842644
dest_Q28413824,dest_Q28413824
dest_Q15905212,dest_Q15905212
dest_Q55848411,dest_Q55848411
dest_Q16469447,dest_Q16469447
dest_Q988404,dest_Q988404
dest_Q11083032,dest_Q11083032
dest_Q4891109,dest_Q4891109
dest_Q1511813,dest_Q1511813
dest_Q1857997,dest_Q1857997
dest_Q11179238,dest_Q11179238
dest_Q1633837,dest_Q1633837
dest_Q7051784,dest_Q7051784
dest_Q14709904,dest_Q14709904
dest_Q5494046,dest_Q5494046
dest_Q7286875,dest_Q7286875
dest_Q7495524,dest_Q7495524
dest_Q7567938,dest_Q7567938
dest_Q7114028,dest_Q7114028
dest_Q7284846,dest_Q7284846
dest_Q7070428,dest_Q7070428
dest_Q7194883,dest_Q7194883
dest_Q7899413,dest_Q7899413
dest_Q5751206,dest_Q5751206
dest_Q7567876,dest_Q7567876
dest_Q3519090,dest_Q3519090
dest_Q5167737,dest_Q5167737
dest_Q17088686,dest_Q17088686
dest_Q7138824,dest_Q7138824
dest_Q3397744,dest_Q3397744
dest_Q5061118,dest_Q5061118
dest_Q2426692,dest_Q2426692
dest_Q5096197,dest_Q5096197
dest_Q5953593,dest_Q5953593
dest_Q5328968,dest_Q5328968
dest_Q66601459,dest_Q66601459
dest_Q5302162,dest_Q5302162
dest_Q3231310,dest_Q3231310
dest_Q7989845,dest_Q7989845
dest_Q3413305,dest_Q3413305
dest_Q5417153,dest_Q5417153
dest_Q14710055,dest_Q14710055
dest_Q7571032,dest_Q7571032
dest_Q17153146,dest_Q17153146
dest_Q5303503,dest_Q5303503
dest_Q6843063,dest_Q6843063
dest_Q7338396,dest_Q7338396
dest_Q3230687,dest_Q3230687
dest_Q6931356,dest_Q6931356
dest_Q7099674,dest_Q7099674
dest_Q8029964,dest_Q8029964
dest_Q3116683,dest_Q3116683
dest_Q18157935,dest_Q18157935
dest_Q5882500,dest_Q5882500
dest_Q5756220,dest_Q5756220
dest_Q7493387,dest_Q7493387
dest_Q7996008,dest_Q7996008
dest_Q6523145,dest_Q6523145
dest_Q3413177,dest_Q3413177
dest_Q7995430,dest_Q7995430
dest_Q339453,dest_Q339453
dest_Q17513028,dest_Q17513028
dest_Q7927343,dest_Q7927343
dest_Q16118390,dest_Q16118390
dest_Q5019782,dest_Q5019782
dest_Q6758563,dest_Q6758563
dest_Q7236026,dest_Q7236026
dest_Q7497460,dest_Q7497460
dest_Q5169845,dest_Q5169845
dest_Q6551327,dest_Q6551327
dest_Q4884790,dest_Q4884790
dest_Q7960484,dest_Q7960484
dest_Q6552322,dest_Q6552322
dest_Q7683028,dest_Q7683028
dest_Q4820246,dest_Q4820246
dest_Q7587085,dest_Q7587085
dest_Q5880820,dest_Q5880820
dest_Q138647600,dest_Q138647600
dest_Q1226555,dest_Q1226555
dest_Q7598636,dest_Q7598636
dest_Q120633378,dest_Q120633378
dest_Q6801898,dest_Q6801898
dest_Q6773801,dest_Q6773801
dest_Q5060190,dest_Q5060190
dest_Q7030305,dest_Q7030305
dest_Q2351324,dest_Q2351324
dest_Q6667116,dest_Q6667116
dest_Q6708294,dest_Q6708294
dest_Q7057795,dest_Q7057795
dest_Q5527232,dest_Q5527232
dest_Q12195524,dest_Q12195524
dest_Q5025710,dest_Q5025710
dest_Q6390943,dest_Q6390943
dest_Q7458169,dest_Q7458169
dest_Q6681270,dest_Q6681270
dest_Q7057958,dest_Q7057795
dest_Q5303606,dest_Q5303606
dest_Q7920392,dest_Q7920392
dest_Q5167724,dest_Q5167724
dest_Q5685527,dest_Q5685527
dest_Q7059662,dest_Q7055995
dest_Q4854148,dest_Q4854148
dest_Q6843099,dest_Q17108470
dest_Q7250792,dest_Q7250792
dest_Q7894476,dest_Q7894476
dest_Q55450444,dest_Q55450444
dest_Q5149782,dest_Q5149782
dest_Q6708603,dest_Q6708603
dest_Q7055995,dest_Q7055995
dest_Q6709462,dest_Q6709462
dest_Q4980532,dest_Q4980532
dest_Q7587104,dest_Q7587085
dest_Q5508389,dest_Q5508389
dest_Q7494866,dest_Q7494866
dest_Q4949020,dest_Q4949020
dest_Q7596500,dest_Q7596500
dest_Q4792898,dest_Q4792898
dest_Q5155114,dest_Q5155114
dest_Q138647601,dest_Q138647600
dest_Q7637950,dest_Q7637950
dest_Q6673772,dest_Q6673772
dest_Q5365545,dest_Q5365545
dest_Q12188214,dest_Q12188214
dest_Q7048097,dest_Q14692946
dest_Q7185866,dest_Q7185866
dest_Q14692655,dest_Q14692655
dest_Q28125588,dest_Q28125588
dest_Q7996860,dest_Q7996860
dest_Q28125603,dest_Q28125603
dest_Q28125602,dest_Q28125602
dest_Q28125606,dest_Q28125606
dest_Q8024320,dest_Q8024320
dest_Q8003359,dest_Q8003359
dest_Q28125614,dest_Q28125614
dest_Q28125583,dest_Q28125583
dest_Q14692744,dest_Q14692744
dest_Q28125582,dest_Q28125582
dest_Q28125579,dest_Q28125579
dest_Q16982483,dest_Q14692921
dest_Q14692946,dest_Q14692946
dest_Q28125619,dest_Q28125619
dest_Q28125597,dest_Q28125597
dest_Q28125593,dest_Q28125593
dest_Q17034341,dest_Q17034341
dest_Q28125569,dest_Q28125569
dest_Q14692635,dest_Q14692635
dest_Q28125576,dest_Q28125576
dest_Q28125590,dest_Q28125590
dest_Q28125599,dest_Q28125599
dest_Q14692921,dest_Q14692921
dest_Q28125594,dest_Q28125594
dest_Q28125605,dest_Q28125605
dest_Q28125578,dest_Q28125578
dest_Q28125621,dest_Q28125621
dest_Q28125538,dest_Q28125538
dest_Q28125577,dest_Q28125577
dest_Q28125592,dest_Q28125592
dest_Q28125580,dest_Q28125580
dest_Q6474606,dest_Q6474606
dest_Q28125571,dest_Q28125571
dest_Q6817273,dest_Q6817273
dest_Q28125581,dest_Q28125581
dest_Q28125585,dest_Q28125585
dest_Q28125584,dest_Q28125584
dest_Q28125572,dest_Q28125572
dest_Q28125565,dest_Q28125565
dest_Q28125575,dest_Q28125575
dest_Q28125601,dest_Q28125601
dest_Q28125591,dest_Q28125591
dest_Q5596857,dest_Q5596857
dest_Q6775333,dest_Q6775333
dest_Q28125573,dest_Q28125573
dest_Q6551179,dest_Q6551179
dest_Q28125598,dest_Q28125598
dest_Q28125574,dest_Q28125574
dest_Q4874146,dest_Q4874146
dest_Q28125570,dest_Q28125570
dest_Q14692670,dest_Q14692670
dest_Q28125587,dest_Q28125587
dest_Q28125607,dest_Q28125607
dest_Q17108470,dest_Q17108470
dest_Q5329356,dest_Q5329356
dest_Q28125624,dest_Q28125624
dest_Q6275227,dest_Q6275227
dest_Q28125596,dest_Q28125596
dest_Q28125600,dest_Q28125600
dest_Q28125589,dest_Q28125589
dest_Q16984248,dest_Q16984248
dest_Q19060383,dest_Q19060383
dest_Q16979368,dest_Q16979368
dest_Q10267962,dest_Q10267962
dest_Q6772577,dest_Q6772577
dest_Q54952946,dest_Q54952946
dest_Q54952906,dest_Q54952906
dest_Q54952922,dest_Q54952922
dest_Q137380417,dest_Q137380417
dest_Q12108012,dest_Q12108012
dest_Q10315595,dest_Q10315595
dest_Q54952899,dest_Q54952899
dest_Q3067310,dest_Q3067310
dest_Q3377319,dest_Q3377319
dest_Q3413214,dest_Q3413214
dest_Q86661236,dest_Q86661236
dest_Q2967971,dest_Q2967971
dest_Q3412297,dest_Q3412297
dest_Q3478781,dest_Q3478676
dest_Q37847964,dest_Q37847964
dest_Q4320900,dest_Q4320900
dest_Q60852936,dest_Q60852936
dest_Q1241308,dest_Q1241308
dest_Q3322870,dest_Q3322870
dest_Q1867640,dest_Q1867640
dest_Q20968662,dest_Q20968662
dest_Q76735438,dest_Q76735438
dest_Q113064268,dest_Q113064268
dest_Q5757835,dest_Q5757835
dest_Q2527881,dest_Q2527881
dest_Q19910300,dest_Q19910300
dest_Q49755148,dest_Q49755148
dest_Q20968661,dest_Q20968661
dest_Q137190277,dest_Q137190277
dest_Q133230007,dest_Q133230007
dest_Q815949,dest_Q815949
dest_Q19915865,dest_Q19915865
dest_Q576507,dest_Q576507
dest_Q55600164,dest_Q55600164
dest_Q11975544,dest_Q11975544
dest_Q113064269,dest_Q113064269
dest_Q21637228,dest_Q21637228
dest_Q20971437,dest_Q20971437
dest_Q4124453,dest_Q4124453
dest_Q2165205,dest_Q2165205
dest_Q28040572,dest_Q28040572
dest_Q3345157,dest_Q3345157
dest_Q3412465,dest_Q3412465
dest_Q20723084,dest_Q20723084
dest_Q3413125,dest_Q3413125
dest_Q321621,dest_Q321621
dest_Q86661049,dest_Q86661049
dest_Q1002971,dest_Q1002971
dest_Q28671472,dest_Q28671472
dest_Q55596887,dest_Q3067310
dest_Q3478676,dest_Q3478676
dest_Q4074570,dest_Q4074570
dest_Q21644457,dest_Q21644457
dest_Q4825852,dest_Q4825852
dest_Q3067309,dest_Q3067309
dest_Q16591378,dest_Q16591378
dest_Q5121900,dest_Q5121900
dest_Q5100150,dest_Q5100150
dest_Q5003979,dest_Q5003979
dest_Q4959100,dest_Q4959100
dest_Q894210,dest_Q894210
dest_Q7042158,dest_Q7042158
dest_Q16667491,dest_Q16667491
dest_Q12453031,dest_Q12453031
dest_Q1931371,dest_Q1931371
dest_Q1445905,dest_Q1445905
dest_Q1779622,dest_Q1779622
dest_Q5251164,dest_Q5251164
dest_Q1243547,dest_Q1243547
dest_Q252910,dest_Q252910
dest_Q5102434,dest_Q5102434
dest_Q256012,dest_Q256012
dest_Q259879,dest_Q259879
dest_Q262879,dest_Q262879
dest_Q7461578,dest_Q7461578
dest_Q435614,dest_Q435614
dest_Q1494695,dest_Q1494695
dest_Q1411255,dest_Q1411255
dest_Q13564478,dest_Q13564478
dest_Q807728,dest_Q807728
dest_Q166011,dest_Q166011
dest_Q1439699,dest_Q1439699
dest_Q263163,dest_Q263163
dest_Q1188927,dest_Q1188927
dest_Q4856518,dest_Q4856518
dest_Q1779529,dest_Q1779529
dest_Q267364,dest_Q267364
dest_Q3630462,dest_Q3630462
dest_Q1523383,dest_Q1523383
dest_Q5088579,dest_Q5088579
dest_Q7685715,dest_Q7685715
dest_Q533054,dest_Q533054
dest_Q1402773,dest_Q1402773
dest_Q55621755,dest_Q55621755
dest_Q1934607,dest_Q1934607
dest_Q4890949,dest_Q4890949
dest_Q4803461,dest_Q4803461
dest_Q6351737,dest_Q6351737
dest_Q109839877,dest_Q109839877
dest_Q758481,dest_Q758481
dest_Q7525343,dest_Q7525343
dest_Q1352417,dest_Q1352417
dest_Q1494702,dest_Q1494702
dest_Q445524,dest_Q445524
dest_Q1307506,dest_Q1307506
dest_Q5226775,dest_Q5226775
dest_Q4058882,dest_Q4058882
dest_Q4087599,dest_Q4087599
dest_Q105086896,dest_Q105086896
dest_Q4086623,dest_Q115134591
dest_Q2011498,dest_Q2011498
dest_Q4063570,dest_Q4063570
dest_Q23785406,dest_Q23785406
dest_Q102163487,dest_Q102163487
dest_Q110769397,dest_Q110769397
dest_Q3473720,dest_Q3473720
dest_Q1602663,dest_Q1602663
dest_Q2350859,dest_Q2350859
dest_Q15789861,dest_Q15789861
dest_Q12119385,dest_Q12119385
dest_Q96035330,dest_Q96035330
dest_Q24757285,dest_Q24757285
dest_Q4210774,dest_Q4210774
dest_Q2282641,dest_Q2282641
dest_Q3344626,dest_Q3344626
dest_Q1674117,dest_Q1674117
dest_Q110595940,dest_Q110595940
dest_Q117089369,dest_Q117089369
dest_Q110827658,dest_Q110827658
dest_Q124415977,dest_Q124415977
dest_Q2284265,dest_Q2284265
dest_Q55082548,dest_Q55082548
dest_Q2588027,dest_Q2588027
dest_Q110780500,dest_Q110780500
dest_Q51924802,dest_Q51924790
dest_Q4012854,dest_Q4012854
dest_Q2282681,dest_Q2282681
dest_Q109356315,dest_Q109356315
dest_Q3905188,dest_Q3905188
dest_Q118383167,dest_Q118383167
dest_Q3554856,dest_Q3554856
dest_Q3356503,dest_Q139935143
dest_Q3554592,dest_Q139919683
dest_Q2526184,dest_Q1674117
dest_Q2122362,dest_Q2122362
dest_Q25392385,dest_Q25392385
dest_Q1601548,dest_Q1601548
dest_Q113799350,dest_Q113799350
dest_Q110824427,dest_Q110824427
dest_Q2419722,dest_Q2419722
dest_Q98807039,dest_Q98807039
dest_Q4139711,dest_Q4139711
dest_Q2526193,dest_Q2526193
dest_Q1998030,dest_Q1998030
dest_Q109690267,dest_Q109690267
dest_Q61793503,dest_Q61793503
dest_Q47512894,dest_Q47512894
dest_Q51924790,dest_Q51924790
dest_Q110796976,dest_Q110796976
dest_Q96084390,dest_Q96084390
dest_Q4082975,dest_Q139918968
dest_Q3391022,dest_Q3391022
dest_Q98764321,dest_Q98764321
dest_Q4141332,dest_Q4141332
dest_Q23786102,dest_Q23786102
dest_Q5170859,dest_Q5170859
dest_Q4394356,dest_Q115134667
dest_Q4468460,dest_Q4468460
dest_Q4330664,dest_Q4330664
dest_Q5366930,dest_Q5366930
dest_Q4333437,dest_Q4333436
dest_Q1723642,dest_Q1723642
dest_Q5572050,dest_Q5572050
dest_Q5159783,dest_Q5159783
dest_Q4448417,dest_Q4448417
dest_Q5061589,dest_Q5061589
dest_Q4239999,dest_Q139919011
dest_Q5330983,dest_Q5330983
dest_Q5123490,dest_Q5123490
dest_Q5178556,dest_Q5178556
dest_Q5191128,dest_Q5191128
dest_Q4479824,dest_Q139934479
dest_Q4262243,dest_Q4262243
dest_Q4416362,dest_Q4416362
dest_Q4337550,dest_Q139918806
dest_Q5056974,dest_Q5056974
dest_Q5346081,dest_Q5346081
dest_Q4289194,dest_Q4289194
dest_Q4333436,dest_Q4333436
dest_Q5124314,dest_Q5124314
dest_Q4451261,dest_Q4451261
dest_Q4442642,dest_Q139918698
dest_Q4215620,dest_Q4215620
dest_Q5432394,dest_Q5432394
dest_Q5567610,dest_Q5567610
dest_Q5163503,dest_Q5163503
dest_Q1639083,dest_Q1639083
dest_Q4491810,dest_Q4491810
dest_Q5211553,dest_Q5211553
dest_Q4263011,dest_Q4263011
dest_Q4416363,dest_Q4416363
dest_Q5432448,dest_Q5432448
dest_Q5566067,dest_Q5566067
dest_Q995134,dest_Q995134
dest_Q784440,dest_Q5572050
dest_Q5454802,dest_Q5454802
dest_Q5446522,dest_Q5446522
dest_Q4396877,dest_Q4396877
dest_Q5449981,dest_Q5449981
dest_Q5193819,dest_Q4210774
dest_Q5318349,dest_Q5318349
dest_Q5518500,dest_Q5518500
dest_Q5046933,dest_Q139935049
dest_Q5168376,dest_Q5168376
dest_Q5455701,dest_Q5455701
dest_Q5579898,dest_Q5579898
dest_Q4506841,dest_Q4506841
dest_Q5572083,dest_Q5572050
dest_Q4497833,dest_Q139918194
dest_Q5041224,dest_Q139934800
dest_Q4394348,dest_Q4394348
dest_Q5073005,dest_Q139934297
dest_Q4215248,dest_Q105038013
dest_Q5042878,dest_Q5042878
dest_Q5369521,dest_Q5369521
dest_Q5073149,dest_Q5073149
dest_Q5315658,dest_Q5315658
dest_Q4309859,dest_Q4309859
dest_Q5366189,dest_Q5366189
dest_Q5743475,dest_Q5743475
dest_Q5615891,dest_Q5615891
dest_Q6520431,dest_Q6520431
dest_Q8033157,dest_Q8033157
dest_Q6994612,dest_Q1639083
dest_Q4805985,dest_Q4805985
dest_Q5945636,dest_Q5945636
dest_Q6911519,dest_Q6911519
dest_Q4969280,dest_Q4969280
dest_Q4881692,dest_Q4881692
dest_Q6709550,dest_Q6709550
dest_Q6801773,dest_Q6801773
dest_Q17089050,dest_Q139935006
dest_Q4827526,dest_Q4827526
dest_Q4944486,dest_Q139919643
dest_Q5607469,dest_Q5607469
dest_Q6373384,dest_Q6373384
dest_Q5743498,dest_Q5743475
dest_Q6771687,dest_Q6771687
dest_Q4863459,dest_Q4863459
dest_Q5602145,dest_Q5602145
dest_Q6650472,dest_Q6650472
dest_Q6982065,dest_Q6982065
dest_Q17073771,dest_Q17073771
dest_Q4922685,dest_Q4922685
dest_Q4792411,dest_Q4792411
dest_Q6360717,dest_Q1723642
dest_Q6673811,dest_Q6673811
dest_Q4881693,dest_Q4881693
dest_Q6801774,dest_Q6801774
dest_Q7974456,dest_Q7974456
dest_Q7084682,dest_Q4333436
dest_Q6377608,dest_Q6377608
dest_Q4784627,dest_Q4784627
dest_Q6207602,dest_Q6207602
dest_Q4878225,dest_Q4878225
dest_Q6936916,dest_Q139918732
dest_Q6387035,dest_Q139935702
dest_Q6391532,dest_Q6391532
dest_Q5943920,dest_Q105063509
dest_Q7935681,dest_Q7935681
dest_Q7922043,dest_Q7922043
dest_Q6501289,dest_Q6501289
dest_Q19876508,dest_Q19876508
dest_Q4955325,dest_Q4955325
dest_Q7085096,dest_Q7085096
dest_Q4966963,dest_Q4966963
dest_Q5758938,dest_Q5758938
dest_Q6389456,dest_Q6389456
dest_Q7987280,dest_Q7987280
dest_Q7063566,dest_Q7063566
dest_Q8033122,dest_Q8033122
dest_Q4874792,dest_Q4874792
dest_Q6531059,dest_Q139918990
dest_Q5000458,dest_Q5000458
dest_Q4928442,dest_Q139919486
dest_Q5646259,dest_Q5646259
dest_Q97671322,dest_Q97671322
dest_Q16890744,dest_Q16890744
dest_Q865816,dest_Q865816
dest_Q116193097,dest_Q116193097
dest_Q115184869,dest_Q115184869
dest_Q105038013,dest_Q105038013
dest_Q115134591,dest_Q115134591
dest_Q115134592,dest_Q115134591
dest_Q115178416,dest_Q115178416
dest_Q1150618,dest_Q1150618
dest_Q14875131,dest_Q14875131
dest_Q7268627,dest_Q139918974
dest_Q115134605,dest_Q115134605
dest_Q14875358,dest_Q139918774
dest_Q115178529,dest_Q115178529
dest_Q115178297,dest_Q115178297
dest_Q7138839,dest_Q7138839
dest_Q7338560,dest_Q115134667
dest_Q7567909,dest_Q7567909
dest_Q115134658,dest_Q115134658
dest_Q115134662,dest_Q115134662
dest_Q14875256,dest_Q14875256
dest_Q24190635,dest_Q24190635
dest_Q16965648,dest_Q16965648
dest_Q15245310,dest_Q15245310
dest_Q110416364,dest_Q110416364
dest_Q115178224,dest_Q115178224
dest_Q97169486,dest_Q97169486
dest_Q115134661,dest_Q115134661
dest_Q15218271,dest_Q15218271
dest_Q115134676,dest_Q115134676
dest_Q7271127,dest_Q16965648
dest_Q115178417,dest_Q115178416
dest_Q1242592,dest_Q1242592
dest_Q115178302,dest_Q115178302
dest_Q115178085,dest_Q115178085
dest_Q115134618,dest_Q115134618
dest_Q977244,dest_Q977244
dest_Q115178219,dest_Q115178219
dest_Q7332584,dest_Q7332584
dest_Q115178378,dest_Q115178378
dest_Q115134667,dest_Q115134667
dest_Q16952674,dest_Q139934780
dest_Q7244405,dest_Q7244405
dest_Q7306473,dest_Q7306473
dest_Q115134664,dest_Q115134664
dest_Q7271129,dest_Q7271129
dest_Q115225250,dest_Q115225250
dest_Q16821731,dest_Q16821731
dest_Q97354680,dest_Q97354680
dest_Q16961252,dest_Q16961252
dest_Q115178129,dest_Q115178129
dest_Q1170747,dest_Q1170747
dest_Q115134669,dest_Q115134669
dest_Q7492670,dest_Q7492670
dest_Q115134620,dest_Q115134620
dest_Q115178096,dest_Q115178096
dest_Q15272542,dest_Q15272542
dest_Q7537874,dest_Q7537874
dest_Q105063509,dest_Q105063509
dest_Q14875398,dest_Q14875398
dest_Q14875295,dest_Q14875295
dest_Q16821029,dest_Q139919039
dest_Q115134587,dest_Q115134587
dest_Q883691,dest_Q883691
dest_Q16901136,dest_Q16901136
dest_Q115178058,dest_Q115134591
dest_Q14875404,dest_Q14875404
dest_Q139919486,dest_Q139919486
dest_Q139935126,dest_Q115178129
dest_Q139918698,dest_Q139918698
dest_Q1594302,dest_Q1594302
dest_Q139934683,dest_Q139934683
dest_Q1784102,dest_Q1784102
dest_Q1549537,dest_Q1549537
dest_Q139934865,dest_Q139934865
dest_Q139918194,dest_Q139918194
dest_Q139919660,dest_Q139919660
dest_Q1746817,dest_Q1746817
dest_Q20820351,dest_Q20820351
dest_Q139918852,dest_Q139918852
dest_Q139934951,dest_Q139934951
dest_Q139919781,dest_Q139919781
dest_Q139919740,dest_Q139919740
dest_Q139935006,dest_Q139935006
dest_Q1772589,dest_Q1772589
dest_Q1394236,dest_Q1394236
dest_Q139919729,dest_Q139919729
dest_Q139934709,dest_Q139918968
dest_Q139918508,dest_Q139918508
dest_Q139918774,dest_Q139918774
dest_Q139919039,dest_Q139919039
dest_Q139918806,dest_Q139918806
dest_Q139935032,dest_Q139935032
dest_Q139919564,dest_Q139919564
dest_Q139934829,dest_Q115134667
dest_Q139934349,dest_Q139934349
dest_Q139934660,dest_Q139934660
dest_Q139919756,dest_Q139919756
dest_Q139919721,dest_Q139919721
dest_Q139918732,dest_Q139918732
dest_Q1613838,dest_Q1613838
dest_Q139935143,dest_Q139935143
dest_Q1643425,dest_Q1643425
dest_Q139919024,dest_Q115134667
dest_Q139918605,dest_Q139918605
dest_Q139934800,dest_Q139934800
dest_Q1538632,dest_Q1538632
dest_Q1524621,dest_Q1524621
dest_Q139919652,dest_Q139919652
dest_Q139918990,dest_Q139918990
dest_Q139918968,dest_Q139918968
dest_Q139919628,dest_Q116193097
dest_Q1558831,dest_Q1558831
dest_Q20820346,dest_Q20820346
dest_Q139919663,dest_Q139919660
dest_Q1980834,dest_Q1980834
dest_Q303447,dest_Q303447
dest_Q139919004,dest_Q139919004
dest_Q139919705,dest_Q115134658
dest_Q20180366,dest_Q20180366
dest_Q139934322,dest_Q139934297
dest_Q139919472,dest_Q139919472
dest_Q139919714,dest_Q139919714
dest_Q139918889,dest_Q139918889
dest_Q1249420,dest_Q1249420
dest_Q1530673,dest_Q1530673
dest_Q139919589,dest_Q139919589
dest_Q139919011,dest_Q139919011
dest_Q1537325,dest_Q1537325
dest_Q139919495,dest_Q139918605
dest_Q1573695,dest_Q1573695
dest_Q1981559,dest_Q1981559
dest_Q139919517,dest_Q139919517
dest_Q139918974,dest_Q139918974
dest_Q139919043,dest_Q139919043
dest_Q139935134,dest_Q115178129
dest_Q2555275,dest_Q2555275
dest_Q139935038,dest_Q115178416
dest_Q139934629,dest_Q139934629
dest_Q139919643,dest_Q139919643
dest_Q1346507,dest_Q1346507
dest_Q139935049,dest_Q139935049
dest_Q1958594,dest_Q1958594
dest_Q139919813,dest_Q115178129
dest_Q139934479,dest_Q139934479
dest_Q2247979,dest_Q2247979
dest_Q1645790,dest_Q1645790
dest_Q139919747,dest_Q139919747
dest_Q139919691,dest_Q139919683
dest_Q139919599,dest_Q139919599
dest_Q139919683,dest_Q139919683
dest_Q139919527,dest_Q139919517
dest_Q139919615,dest_Q115134667
dest_Q2554939,dest_Q2554939
dest_Q139934297,dest_Q139934297
dest_Q139918927,dest_Q139918927
dest_Q139934780,dest_Q139934780
dest_Q139934585,dest_Q139934585
dest_Q139918716,dest_Q139918698
dest_Q139918869,dest_Q139918869
dest_Q139919771,dest_Q139919771
dest_Q139918019,dest_Q139918019
dest_Q1868161,dest_Q1868161
dest_Q1790051,dest_Q1790051
dest_Q139919538,dest_Q139919538
dest_Q1747001,dest_Q1747001
dest_Q139934768,dest_Q139934768
dest_Q858208,dest_Q858208
dest_Q3867158,dest_Q3867158
dest_Q134570668,dest_Q134570668
dest_Q3867162,dest_Q3867158
dest_Q3867160,dest_Q3867158
dest_Q3881992,dest_Q3881992
dest_Q2898344,dest_Q2898344
dest_Q113365571,dest_Q113365571
dest_Q102344533,dest_Q102344533
dest_Q646019,dest_Q646019
dest_Q3855120,dest_Q3855120
dest_Q134570732,dest_Q134570732
dest_Q134429774,dest_Q134429774
dest_Q2518208,dest_Q2518208
dest_Q3902749,dest_Q3902749
dest_Q4011529,dest_Q4011529
dest_Q832957,dest_Q832957
dest_Q124317090,dest_Q124317090
dest_Q119960914,dest_Q119960914
dest_Q134570922,dest_Q134570922
dest_Q3642538,dest_Q3642538
dest_Q111728942,dest_Q111728942
dest_Q3867159,dest_Q3867158
dest_Q3076923,dest_Q3076923
dest_Q132486131,dest_Q132486131
dest_Q65010552,dest_Q65010552
dest_Q48801022,dest_Q48801022
dest_Q97032382,dest_Q97032382
dest_Q59278532,dest_Q59278532
dest_Q111780235,dest_Q111780235
dest_Q2515720,dest_Q2515720
dest_Q4006979,dest_Q4006967
dest_Q122762278,dest_Q122762278
dest_Q100715759,dest_Q100715759
dest_Q1114092,dest_Q1114092
dest_Q96781860,dest_Q96781860
dest_Q3773100,dest_Q3773100
dest_Q137732971,dest_Q137732971
dest_Q3290373,dest_Q3290373
dest_Q2282338,dest_Q2282338
dest_Q124317096,dest_Q124317096
dest_Q132445120,dest_Q132445120
dest_Q4006967,dest_Q4006967
dest_Q112220841,dest_Q112220841
dest_Q130391959,dest_Q130391959
dest_Q128600850,dest_Q128600850
dest_Q121736949,dest_Q121736949
dest_Q133256171,dest_Q133256171
dest_Q115941560,dest_Q115941560
dest_Q4392658,dest_Q137732971
dest_Q1273933,dest_Q1273933
dest_Q7449471,dest_Q7449469
dest_Q7191533,dest_Q7191494
dest_Q4680391,dest_Q4680391
dest_Q2956357,dest_Q2956357
dest_Q7056205,dest_Q7056205
dest_Q7306505,dest_Q7306505
dest_Q7131522,dest_Q7131522
dest_Q14683911,dest_Q14683911
dest_Q1833634,dest_Q1833634
dest_Q20949418,dest_Q20949418
dest_Q4731987,dest_Q4731987
dest_Q5569383,dest_Q5569383
dest_Q14682148,dest_Q14682148
dest_Q7449469,dest_Q7449469
dest_Q4899266,dest_Q4899266
dest_Q16507666,dest_Q16507666
dest_Q3593074,dest_Q3593074
dest_Q7074013,dest_Q7074013
dest_Q6904576,dest_Q6904576
dest_Q16826484,dest_Q16826484
dest_Q5330805,dest_Q5330805
dest_Q2894914,dest_Q2894914
dest_Q4974709,dest_Q4974709
dest_Q107395223,dest_Q107395223
dest_Q115804746,dest_Q115804746
dest_Q7166903,dest_Q7166903
dest_Q63759180,dest_Q63759180
dest_Q5597467,dest_Q5597467
dest_Q14682249,dest_Q14682249
dest_Q5028170,dest_Q5028170
dest_Q28091048,dest_Q28091048
dest_Q24936825,dest_Q24936825
dest_Q6673776,dest_Q6673776
dest_Q5329066,dest_Q5329066
dest_Q24236262,dest_Q24236262
dest_Q5366751,dest_Q5366751
dest_Q3060677,dest_Q3060677
dest_Q7332774,dest_Q7332774
dest_Q7452569,dest_Q7452569
dest_Q5303527,dest_Q5303527
dest_Q5126292,dest_Q5126292
dest_Q7191494,dest_Q7191494
dest_Q6113733,dest_Q1833634
dest_Q7698094,dest_Q7698094
dest_Q7413288,dest_Q7413288
dest_Q5028171,dest_Q5028170
dest_Q5506470,dest_Q5506470
dest_Q6499723,dest_Q6499723
dest_Q115299938,dest_Q115299938
dest_Q5100154,dest_Q1073644
dest_Q4674537,dest_Q4674537
dest_Q5001569,dest_Q5001569
dest_Q7838850,dest_Q7838850
dest_Q5594722,dest_Q5594722
dest_Q7073983,dest_Q7073983
dest_Q6693337,dest_Q6693337
dest_Q7084649,dest_Q7084649
dest_Q14682013,dest_Q14682013
dest_Q5124273,dest_Q267874
dest_Q7930622,dest_Q7930622
dest_Q20190954,dest_Q20190954
dest_Q4974606,dest_Q4974606
dest_Q133889812,dest_Q133889812
dest_Q7355548,dest_Q7355548
dest_Q6813624,dest_Q6813624
dest_Q6796139,dest_Q6796139
dest_Q3038103,dest_Q3038103
dest_Q6525001,dest_Q6525001
dest_Q5134031,dest_Q5134031
dest_Q15054550,dest_Q15054550
dest_Q7899442,dest_Q7899442
dest_Q6860030,dest_Q6860030
dest_Q7986100,dest_Q7986100
dest_Q5277739,dest_Q5277739
dest_Q5187320,dest_Q5187320
dest_Q7074041,dest_Q7074041
dest_Q7550192,dest_Q7550192
dest_Q6479073,dest_Q6479073
dest_Q5579418,dest_Q5579418
dest_Q7415040,dest_Q7415040
dest_Q14683533,dest_Q14683533
dest_Q1689582,dest_Q1689582
dest_Q2911849,dest_Q2911849
dest_Q6665892,dest_Q6665892
dest_Q5288482,dest_Q5288482
dest_Q5066013,dest_Q5066013
dest_Q2008553,dest_Q2008553
dest_Q116041173,dest_Q116041173
dest_Q6942604,dest_Q6942604
dest_Q5533653,dest_Q5533650
dest_Q7738495,dest_Q7738495
dest_Q602939,dest_Q602939
dest_Q6479352,dest_Q6479352
dest_Q509251,dest_Q509251
dest_Q693275,dest_Q693275
dest_Q6478012,dest_Q6478012
dest_Q5885041,dest_Q5885041
dest_Q5060554,dest_Q5060554
dest_Q6471697,dest_Q6471697
dest_Q6731941,dest_Q6731941
dest_Q22073195,dest_Q22073195
dest_Q6479017,dest_Q6479017
dest_Q6850475,dest_Q6850475
dest_Q131684635,dest_Q131684635
dest_Q6693664,dest_Q6693664
dest_Q3067307,dest_Q3067307
dest_Q134876943,dest_Q134876943
dest_Q5004681,dest_Q5004681
dest_Q5449159,dest_Q5449159
dest_Q5264492,dest_Q5264483
dest_Q5983982,dest_Q5983982
dest_Q1765308,dest_Q1765308
dest_Q5329024,dest_Q5329024
dest_Q109406227,dest_Q109406227
dest_Q4883895,dest_Q4883895
dest_Q6860201,dest_Q6860201
dest_Q6813600,dest_Q6813600
dest_Q6144478,dest_Q6144478
dest_Q6693486,dest_Q6693486
dest_Q134877434,dest_Q134876943
dest_Q1969858,dest_Q1969858
dest_Q3413178,dest_Q3413178
dest_Q5522239,dest_Q5522239
dest_Q4972251,dest_Q4972251
dest_Q4921444,dest_Q4921444
dest_Q921648,dest_Q921648
dest_Q2379632,dest_Q2379632
dest_Q133799941,dest_Q133799941
dest_Q5276863,dest_Q5276863
dest_Q6860203,dest_Q6860201
dest_Q3554134,dest_Q3554134
dest_Q2937760,dest_Q2937760
dest_Q5329284,dest_Q5329284
dest_Q4724230,dest_Q4724224
dest_Q5602659,dest_Q5602659
dest_Q6800969,dest_Q6800969
dest_Q3558059,dest_Q3558059
dest_Q7084198,dest_Q7084198
dest_Q5284939,dest_Q5284939
dest_Q5882395,dest_Q5882395
dest_Q5328034,dest_Q5328034
dest_Q5454428,dest_Q5454428
dest_Q7010705,dest_Q7010705
dest_Q2870881,dest_Q2870881
dest_Q5177240,dest_Q5177240
dest_Q6840675,dest_Q6840675
dest_Q5461557,dest_Q5461186
dest_Q2974576,dest_Q2974576
dest_Q5533650,dest_Q5533650
dest_Q6070587,dest_Q6070587
dest_Q5295659,dest_Q5295659
dest_Q16920578,dest_Q16920578
dest_Q1133795,dest_Q1133795
dest_Q134876988,dest_Q134876943
dest_Q3593556,dest_Q3593556
dest_Q7142357,dest_Q7142357
dest_Q4724224,dest_Q4724224
dest_Q2892310,dest_Q2892310
dest_Q5553222,dest_Q5553222
dest_Q5303522,dest_Q5303522
dest_Q5438049,dest_Q5438049
dest_Q5264483,dest_Q5264483
dest_Q5430431,dest_Q5430431
dest_Q5330332,dest_Q5330332
dest_Q6526522,dest_Q6526522
dest_Q19600311,dest_Q19600311
dest_Q5461186,dest_Q5461186
dest_Q6982113,dest_Q6982113
dest_Q5533655,dest_Q5533650
dest_Q5022225,dest_Q5022225
dest_Q16995452,dest_Q16995452
dest_Q4822447,dest_Q4822447
dest_Q113297926,dest_Q113297926
dest_Q5046646,dest_Q5046646
dest_Q66314364,dest_Q66314364
dest_Q7056226,dest_Q7056226
dest_Q10940450,dest_Q10940450
dest_Q7591616,dest_Q7591616
dest_Q11439906,dest_Q11439906
dest_Q16933039,dest_Q16933039
dest_Q7591941,dest_Q7591941
dest_Q6843095,dest_Q6843095
dest_Q5329072,dest_Q5329072
dest_Q116685675,dest_Q116685675
dest_Q7985034,dest_Q7985034
dest_Q967547,dest_Q967547
dest_Q7986383,dest_Q7986383
dest_Q7457754,dest_Q7457754
dest_Q5559936,dest_Q5559936
dest_Q4806365,dest_Q4806365
dest_Q15242392,dest_Q15242392
dest_Q7753594,dest_Q7753594
dest_Q14691606,dest_Q14691606
dest_Q7057355,dest_Q7057355
dest_Q116685678,dest_Q116685678
dest_Q6650470,dest_Q6650470
dest_Q5578636,dest_Q5578636
dest_Q7587301,dest_Q7587301
dest_Q7236978,dest_Q7236978
dest_Q7195566,dest_Q7195566
dest_Q4801460,dest_Q4801460
dest_Q5250152,dest_Q5250152
dest_Q12061083,dest_Q12061083
dest_Q5650983,dest_Q5650983
dest_Q4885131,dest_Q4885131
dest_Q7829350,dest_Q7829350
dest_Q7899444,dest_Q7899444
dest_Q7899415,dest_Q7899415
dest_Q7549011,dest_Q7549011
dest_Q17075907,dest_Q17075907
dest_Q4686499,dest_Q4686499
dest_Q7851911,dest_Q7851911
dest_Q4966039,dest_Q4966039
dest_Q5177243,dest_Q5177243
dest_Q6434663,dest_Q6434663
dest_Q5303532,dest_Q5303532
dest_Q17053278,dest_Q17053278
dest_Q4890293,dest_Q4890293
dest_Q6649210,dest_Q6649210
dest_Q130475119,dest_Q130475119
dest_Q5000191,dest_Q5000191
dest_Q7587078,dest_Q7587078
dest_Q7985677,dest_Q7985677
dest_Q126859684,dest_Q126859684
dest_Q7840060,dest_Q7840060
dest_Q5035882,dest_Q5035882
dest_Q6955985,dest_Q6955985
dest_Q7587613,dest_Q7587613
dest_Q5303531,dest_Q5303531
dest_Q5460529,dest_Q5460529
dest_Q4826667,dest_Q4826667
dest_Q7084107,dest_Q7084107
dest_Q7228089,dest_Q7228089
dest_Q5366984,dest_Q5366984
dest_Q5330919,dest_Q5330919
dest_Q7439238,dest_Q7439238
dest_Q14704959,dest_Q14704959
dest_Q793493,dest_Q793493
dest_Q5146496,dest_Q5146496
dest_Q115163790,dest_Q115163790
dest_Q2570546,dest_Q2570546
dest_Q18158236,dest_Q18158236
dest_Q6475762,dest_Q6475762
dest_Q14686216,dest_Q14686216
dest_Q14704962,dest_Q14704962
dest_Q2429132,dest_Q2429132
dest_Q139935218,dest_Q139935143
dest_Q134309178,dest_Q134309178
dest_Q7100187,dest_Q7100187
dest_Q14704978,dest_Q14704978
dest_Q139935702,dest_Q139935702
dest_Q139935188,dest_Q139935188
dest_Q7985148,dest_Q7985148
dest_Q139935171,dest_Q139935171
dest_Q88652674,dest_Q88652674
dest_Q7250753,dest_Q7250753
dest_Q139935712,dest_Q139935712
dest_Q4754620,dest_Q4754620
dest_Q7307993,dest_Q7307993
dest_Q139935155,dest_Q139935155
dest_Q139935277,dest_Q139935277
dest_Q7986113,dest_Q7986113
dest_Q5608817,dest_Q5608817
dest_Q134126749,dest_Q134126749
dest_Q89444898,dest_Q89444898
dest_Q7832874,dest_Q7832874
dest_Q109298489,dest_Q109298489
dest_Q16929821,dest_Q16929821
dest_Q7423339,dest_Q7423339
dest_Q7568065,dest_Q7568065
dest_Q7084476,dest_Q7084476
dest_Q6477133,dest_Q6477133
dest_Q139935303,dest_Q139935303
dest_Q48971667,dest_Q48971667
dest_Q134838903,dest_Q134838903
dest_Q139935596,dest_Q139935596
dest_Q139935210,dest_Q139935143
dest_Q14704958,dest_Q14704958
dest_Q139935725,dest_Q139935725
dest_Q139935656,dest_Q139935656
dest_Q7103076,dest_Q7103076
dest_Q7963615,dest_Q7963615
dest_Q5303533,dest_Q5303533
dest_Q14231293,dest_Q14231293
dest_Q133731299,dest_Q133731299
dest_Q1584104,dest_Q1584104
dest_Q3821030,dest_Q3821030
dest_Q16487726,dest_Q16487726
dest_Q9263343,dest_Q9263343
dest_Q135254218,dest_Q135254218
dest_Q3105219,dest_Q3105219
dest_Q3991151,dest_Q3991151
dest_Q1031426,dest_Q1031426
dest_Q1751443,dest_Q1751443
dest_Q1814200,dest_Q1814200
dest_Q3945531,dest_Q3945531
dest_Q14925212,dest_Q14925212
dest_Q11171297,dest_Q11171297
dest_Q7825282,dest_Q7825282
dest_Q14209440,dest_Q14209440
dest_Q9283611,dest_Q9283611
dest_Q1368481,dest_Q1368481
dest_Q1056642,dest_Q1056642
dest_Q512151,dest_Q512151
dest_Q137461648,dest_Q137461648
dest_Q102114571,dest_Q102114571
dest_Q1319348,dest_Q1319348
dest_Q3631312,dest_Q3631312
dest_Q733107,dest_Q733107
dest_Q1110986,dest_Q1110986
dest_Q1049920,dest_Q1049920
dest_Q106091097,dest_Q106091097
dest_Q1052943,dest_Q1052943
dest_Q3532195,dest_Q3532195
dest_Q2223892,dest_Q2223892
dest_Q14218994,dest_Q14218994
dest_Q122971789,dest_Q122971789
dest_Q1031342,dest_Q1031342
dest_Q2052302,dest_Q2052302
dest_Q112708581,dest_Q112708581
dest_Q261246,dest_Q261246
dest_Q532968,dest_Q532968
dest_Q1419959,dest_Q1419959
dest_Q893556,dest_Q893556
dest_Q2223960,dest_Q2223960
dest_Q1329671,dest_Q1329671
dest_Q1614425,dest_Q1614425
dest_Q1666696,dest_Q1666696
dest_Q386273,dest_Q386273
dest_Q14914985,dest_Q14914985
dest_Q28945384,dest_Q28945384
dest_Q1548355,dest_Q1548355
dest_Q3277019,dest_Q3277019
dest_Q3747488,dest_Q3747488
dest_Q7971580,dest_Q7971580
dest_Q11689938,dest_Q11689938
dest_Q4828224,dest_Q4828224
dest_Q3413054,dest_Q3413032
dest_Q4865792,dest_Q4865792
dest_Q11876948,dest_Q11876948
dest_Q7568464,dest_Q7568464
dest_Q56310295,dest_Q56310295
dest_Q29033837,dest_Q29033837
dest_Q4061514,dest_Q4061514
dest_Q3413036,dest_Q3413032
dest_Q9340838,dest_Q9340838
dest_Q6825998,dest_Q6825998
dest_Q3413147,dest_Q3413147
dest_Q7056740,dest_Q7056740
dest_Q102123417,dest_Q102123417
dest_Q3050836,dest_Q3050836
dest_Q4322118,dest_Q4322118
dest_Q3413031,dest_Q3413031
dest_Q3413040,dest_Q3413040
dest_Q11729423,dest_Q11729423
dest_Q3413032,dest_Q3413032
dest_Q1625018,dest_Q1625018
dest_Q125448155,dest_Q125448155
dest_Q4884438,dest_Q4884438
dest_Q3413142,dest_Q3413032
dest_Q3413086,dest_Q3413032
dest_Q4805996,dest_Q4805996
dest_Q1717906,dest_Q1717906
dest_Q132730876,dest_Q132730876
dest_Q3344194,dest_Q3344194
dest_Q3413081,dest_Q3413081
dest_Q4880459,dest_Q4880459
dest_Q9394130,dest_Q9394130
dest_Q37819251,dest_Q37819251
dest_Q3413114,dest_Q3413114
dest_Q3413143,dest_Q3413143
dest_Q6773461,dest_Q6773461
dest_Q5087707,dest_Q5087707
dest_Q4055739,dest_Q4055739
dest_Q3413066,dest_Q3413032
dest_Q139902481,dest_Q139902481
dest_Q4883378,dest_Q4883378
dest_Q1716654,dest_Q1716654
dest_Q5193210,dest_Q5193210
dest_Q89500908,dest_Q89500908
dest_Q16657653,dest_Q16657653
dest_Q1099025,dest_Q1099025
dest_Q14329793,dest_Q14329793
dest_Q2739353,dest_Q2739353
dest_Q92427867,dest_Q92427867
dest_Q1444808,dest_Q1444808
dest_Q74546432,dest_Q74546432
dest_Q9394094,dest_Q9394094
dest_Q4763845,dest_Q4763845
dest_Q4313092,dest_Q4313092
dest_Q4671358,dest_Q4671358
dest_Q5329115,dest_Q5329115
dest_Q5455455,dest_Q5455455
dest_Q5350822,dest_Q5350822
dest_Q5329064,dest_Q5329064
dest_Q5492157,dest_Q5492157
dest_Q5876958,dest_Q5876958
dest_Q5883359,dest_Q5883359
dest_Q15181054,dest_Q15181054
dest_Q5350987,dest_Q5350987
dest_Q279890,dest_Q279890
dest_Q5184451,dest_Q5184451
dest_Q6698826,dest_Q6698826
dest_Q6666905,dest_Q6666905
dest_Q5484253,dest_Q5484253
dest_Q6092834,dest_Q6092834
dest_Q6537848,dest_Q6537848
dest_Q8055796,dest_Q8055796
dest_Q5666653,dest_Q5666653
dest_Q6797109,dest_Q6797109
dest_Q5569443,dest_Q5569443
dest_Q5061824,dest_Q5061824
dest_Q767950,dest_Q767950
dest_Q15223130,dest_Q15223130
dest_Q636358,dest_Q636358
dest_Q5003951,dest_Q5003951
dest_Q8040216,dest_Q8040216
dest_Q6919296,dest_Q6919296
dest_Q4998778,dest_Q4998778
dest_Q5330988,dest_Q5330988
dest_Q6913496,dest_Q6913496
dest_Q6693641,dest_Q6693641
dest_Q5309005,dest_Q5309005
dest_Q4731359,dest_Q4731359
dest_Q5522228,dest_Q5522228
dest_Q15223379,dest_Q15223379
dest_Q5637657,dest_Q5637657
dest_Q6313023,dest_Q6313023
dest_Q4920408,dest_Q4920408
dest_Q5052258,dest_Q5052258
dest_Q6413196,dest_Q6413196
dest_Q6888467,dest_Q6888467
dest_Q6747156,dest_Q6747156
dest_Q8040217,dest_Q8040216
dest_Q5315405,dest_Q5315405
dest_Q5130900,dest_Q5130900
dest_Q5046604,dest_Q5046604
dest_Q5050688,dest_Q5050688
dest_Q5455145,dest_Q5455145
dest_Q6757790,dest_Q6757790
dest_Q5267207,dest_Q5267207
dest_Q6667162,dest_Q6666905
dest_Q5430480,dest_Q5430480
dest_Q5056821,dest_Q5056821
dest_Q6436921,dest_Q6436921
dest_Q4966146,dest_Q4966146
dest_Q5328331,dest_Q5328331
dest_Q5273739,dest_Q5273739
dest_Q5056959,dest_Q5056821
dest_Q5138834,dest_Q5138834
dest_Q5430620,dest_Q5430620
dest_Q3569467,dest_Q3569467
dest_Q6503683,dest_Q6503683
dest_Q5002210,dest_Q5002210
dest_Q5598347,dest_Q5598347
dest_Q3565585,dest_Q3565585
dest_Q5444478,dest_Q5444478
dest_Q5184597,dest_Q5184597
dest_Q6016115,dest_Q6016115
dest_Q5366980,dest_Q5366980
dest_Q5564154,dest_Q5564154
dest_Q5492164,dest_Q5484253
dest_Q5944933,dest_Q5944933
dest_Q15221118,dest_Q15221118
dest_Q6189525,dest_Q6189525
dest_Q5022934,dest_Q5022934
dest_Q5093930,dest_Q5093930
dest_Q15208341,dest_Q15208341
dest_Q6503688,dest_Q6503688
dest_Q6858222,dest_Q6858222
dest_Q518920,dest_Q518920
dest_Q12501215,dest_Q12501215
dest_Q4962698,dest_Q4962698
dest_Q7141794,dest_Q7141794
dest_Q6922265,dest_Q6919296
dest_Q42310661,dest_Q42310661
dest_Q15261191,dest_Q15261191
dest_Q7207970,dest_Q7207970
dest_Q7996600,dest_Q7996600
dest_Q7580501,dest_Q7580501
dest_Q17082334,dest_Q17082334
dest_Q16994950,dest_Q16994950
dest_Q20708590,dest_Q20708590
dest_Q7229371,dest_Q7229371
dest_Q16895967,dest_Q16895967
dest_Q7582328,dest_Q7582328
dest_Q7113573,dest_Q7113562
dest_Q17087276,dest_Q17087276
dest_Q7674051,dest_Q7674051
dest_Q7138829,dest_Q7138829
dest_Q7054719,dest_Q7054719
dest_Q7986179,dest_Q7986179
dest_Q7163122,dest_Q7163122
dest_Q17082775,dest_Q17082775
dest_Q15262294,dest_Q15262294
dest_Q7600217,dest_Q7600217
dest_Q7230887,dest_Q7230887
dest_Q8027734,dest_Q8027734
dest_Q7056321,dest_Q3344194
dest_Q8023846,dest_Q8023846
dest_Q7898692,dest_Q7898692
dest_Q6927591,dest_Q6927591
dest_Q7372385,dest_Q7372385
dest_Q16903583,dest_Q16903583
dest_Q28175124,dest_Q28175124
dest_Q7115273,dest_Q7115273
dest_Q7559941,dest_Q7559941
dest_Q7060161,dest_Q3344194
dest_Q7270549,dest_Q7270549
dest_Q15273922,dest_Q15273922
dest_Q7653384,dest_Q7653384
dest_Q7163520,dest_Q7163520
dest_Q7568216,dest_Q54953898
dest_Q7427460,dest_Q7427460
dest_Q16896125,dest_Q16896125
dest_Q7571235,dest_Q7571235
dest_Q7581414,dest_Q7581414
dest_Q7698839,dest_Q7698839
dest_Q7142888,dest_Q7142888
dest_Q15239665,dest_Q15239665
dest_Q17090767,dest_Q17090767
dest_Q7568214,dest_Q54953898
dest_Q7990695,dest_Q7990695
dest_Q7053042,dest_Q7053042
dest_Q7236156,dest_Q7236156
dest_Q7138697,dest_Q20657539
dest_Q15256384,dest_Q15256384
dest_Q7433088,dest_Q7433088
dest_Q7016967,dest_Q7016967
dest_Q15245667,dest_Q15245667
dest_Q16993066,dest_Q16993066
dest_Q7113567,dest_Q7113562
dest_Q15253409,dest_Q15253409
dest_Q7113562,dest_Q7113562
dest_Q7088444,dest_Q7088444
dest_Q7182628,dest_Q7182628
dest_Q16991562,dest_Q16991562
dest_Q7827075,dest_Q7827075
dest_Q7986099,dest_Q7986099
dest_Q7571337,dest_Q54953898
dest_Q7985604,dest_Q7985604
dest_Q7085536,dest_Q7085536
dest_Q7571113,dest_Q7571113
dest_Q16902392,dest_Q16902392
dest_Q7972222,dest_Q7972222
dest_Q7490486,dest_Q7490486
dest_Q7163164,dest_Q7163164
dest_Q7122947,dest_Q7122947
dest_Q7320274,dest_Q7320274
dest_Q16986313,dest_Q16986313
dest_Q7622456,dest_Q7622456
dest_Q7058627,dest_Q7058627
dest_Q7571352,dest_Q7571352
dest_Q7164487,dest_Q7164487
dest_Q1986080,dest_Q1986080
dest_Q2385786,dest_Q2385786
dest_Q2085553,dest_Q2085553
dest_Q54953898,dest_Q54953898
dest_Q6432111,dest_Q6432111
dest_Q1976899,dest_Q1976899
dest_Q54953895,dest_Q54953895
dest_Q6400523,dest_Q6400523
dest_Q54953906,dest_Q54953906
dest_Q24939818,dest_Q24939818
dest_Q19804937,dest_Q19804937
dest_Q54953891,dest_Q3344194
dest_Q1978424,dest_Q1978424
dest_Q117254618,dest_Q117254618
dest_Q54953886,dest_Q3344194
dest_Q4991803,dest_Q4991803
dest_Q2394313,dest_Q2394313
dest_Q2632576,dest_Q2632576
dest_Q30591367,dest_Q30591367
dest_Q15128993,dest_Q15128993
dest_Q131931,dest_Q131931
dest_Q6373821,dest_Q6373821
dest_Q1981692,dest_Q1981692
dest_Q13116603,dest_Q13116603
dest_Q108391954,dest_Q108391954
dest_Q83109400,dest_Q83109400
dest_Q2003467,dest_Q2003467
dest_Q7936018,dest_Q7936018
dest_Q5321111,dest_Q5321111
dest_Q23759940,dest_Q23759940
dest_Q1983101,dest_Q1983101
dest_Q49369144,dest_Q49369144
dest_Q105322696,dest_Q105322696
dest_Q108733328,dest_Q108733328
dest_Q54953902,dest_Q54953898
dest_Q16877410,dest_Q16877410
dest_Q1410100,dest_Q1410100
dest_Q2382335,dest_Q2382335
dest_Q86749812,dest_Q2739353
dest_Q25932637,dest_Q25932637
dest_Q895599,dest_Q895599
dest_Q17143684,dest_Q17143684
dest_Q6354979,dest_Q6354979
dest_Q63226374,dest_Q63226374
dest_Q99979908,dest_Q99979908
dest_Q1392441,dest_Q1392441
dest_Q2047201,dest_Q2047201
dest_Q2394234,dest_Q2394234
dest_Q17051804,dest_Q17051804
dest_Q31746708,dest_Q31746708
dest_Q23758821,dest_Q23758821
dest_Q65122970,dest_Q65122970
dest_Q878722,dest_Q878722
dest_Q4821875,dest_Q4821875
dest_Q896887,dest_Q896887
dest_Q3625536,dest_Q3625536
dest_Q6951146,dest_Q6951146
dest_Q4904609,dest_Q4904609
dest_Q114243447,dest_Q111937634
dest_Q4993603,dest_Q4993603
dest_Q109626761,dest_Q109626761
dest_Q124655677,dest_Q124655677
dest_Q4992826,dest_Q4992826
dest_Q4813157,dest_Q4813157
dest_Q18493886,dest_Q18493886
dest_Q4829378,dest_Q4829378
dest_Q12242270,dest_Q12242270
dest_Q120497699,dest_Q120497699
dest_Q120737289,dest_Q120737289
dest_Q4155058,dest_Q4155058
dest_Q16866868,dest_Q16866868
dest_Q7917734,dest_Q7917734
dest_Q124161648,dest_Q124161648
dest_Q111937634,dest_Q111937634
dest_Q97278256,dest_Q97278256
dest_Q3658439,dest_Q3658439
dest_Q20385807,dest_Q20385807
dest_Q4539654,dest_Q4539654
dest_Q14468721,dest_Q14468721
dest_Q4084015,dest_Q4084015
dest_Q14468727,dest_Q14468721
dest_Q124661332,dest_Q124661332
dest_Q7533949,dest_Q7533949
dest_Q110127894,dest_Q110127894
dest_Q14468731,dest_Q14468721
dest_Q131279467,dest_Q131279467
dest_Q7403689,dest_Q7403689
dest_Q7940147,dest_Q7940147
dest_Q12193226,dest_Q12193226
dest_Q122199238,dest_Q122199238
dest_Q4703271,dest_Q4703271
dest_Q7577344,dest_Q7577344
dest_Q112274135,dest_Q112274135
dest_Q35846022,dest_Q35846022
dest_Q114257522,dest_Q114257522
dest_Q4960493,dest_Q4960493
dest_Q116205349,dest_Q116205349
dest_Q131735839,dest_Q131735839
dest_Q6420387,dest_Q6420387
dest_Q124693303,dest_Q124693303
dest_Q1388229,dest_Q1388229
dest_Q12209399,dest_Q12209399
dest_Q12186897,dest_Q12186897
dest_Q97233476,dest_Q97233476
dest_Q104070088,dest_Q104070088
dest_Q4110153,dest_Q4110153
dest_Q12209469,dest_Q12209469
dest_Q28040603,dest_Q28040603
dest_Q110146795,dest_Q110146795
dest_Q97232300,dest_Q97232300
dest_Q17003523,dest_Q17003523
dest_Q124540202,dest_Q124540202
dest_Q124661337,dest_Q124661337
dest_Q4957753,dest_Q4957753
dest_Q4247168,dest_Q4247168
dest_Q124661305,dest_Q124661305
dest_Q110123921,dest_Q110123921
dest_Q7849230,dest_Q7849230
dest_Q3625542,dest_Q3625542
dest_Q3743220,dest_Q3743220
dest_Q135932917,dest_Q135932917
dest_Q115382229,dest_Q115380657
dest_Q115406213,dest_Q115406139
dest_Q6392067,dest_Q6392067
dest_Q115380657,dest_Q115380657
dest_Q115407123,dest_Q115407123
dest_Q115406520,dest_Q115406520
dest_Q2974616,dest_Q2974616
dest_Q115382069,dest_Q115380657
dest_Q115406286,dest_Q115406286
dest_Q115387178,dest_Q115387178
dest_Q113568577,dest_Q113568302
dest_Q115387784,dest_Q115387178
dest_Q48771477,dest_Q48771477
dest_Q115575918,dest_Q115575918
dest_Q115388088,dest_Q115388088
dest_Q115406395,dest_Q115406139
dest_Q115384042,dest_Q115384042
dest_Q115387489,dest_Q115387389
dest_Q115382106,dest_Q115380657
dest_Q115381196,dest_Q115381196
dest_Q115406554,dest_Q115406554
dest_Q115406852,dest_Q115406520
dest_Q115407008,dest_Q115407008
dest_Q115406408,dest_Q115406408
dest_Q115387510,dest_Q115387420
dest_Q115379468,dest_Q115379468
dest_Q115405960,dest_Q115405896
dest_Q115381811,dest_Q115381811
dest_Q115521928,dest_Q115521928
dest_Q115578191,dest_Q115578191
dest_Q28232234,dest_Q28232234
dest_Q115387366,dest_Q115387366
dest_Q115588095,dest_Q115588095
dest_Q115387970,dest_Q115387389
dest_Q28469826,dest_Q28469826
dest_Q115406121,dest_Q115406121
dest_Q115387520,dest_Q115387420
dest_Q115381951,dest_Q115380657
dest_Q115382274,dest_Q115382274
dest_Q113568302,dest_Q113568302
dest_Q115383031,dest_Q115383031
dest_Q115522493,dest_Q115380657
dest_Q28232321,dest_Q28232321
dest_Q115387232,dest_Q115387232
dest_Q115406139,dest_Q115406139
dest_Q55634963,dest_Q55634963
dest_Q115387390,dest_Q115387389
dest_Q115387389,dest_Q115387389
dest_Q55637122,dest_Q55637122
dest_Q115388140,dest_Q115388140
dest_Q115387847,dest_Q115387178
dest_Q113840232,dest_Q113840232
dest_Q115406449,dest_Q115406449
dest_Q115382151,dest_Q115380657
dest_Q115387702,dest_Q115387389
dest_Q115521956,dest_Q115521956
dest_Q115381637,dest_Q115381637
dest_Q115380658,dest_Q115380657
dest_Q115382005,dest_Q115382005
dest_Q115380810,dest_Q115380810
dest_Q115406913,dest_Q115406139
dest_Q115406167,dest_Q115406167
dest_Q115406812,dest_Q115406812
dest_Q28232307,dest_Q28232307
dest_Q55606417,dest_Q55606417
dest_Q115406617,dest_Q115406167
dest_Q115388170,dest_Q115388140
dest_Q30622553,dest_Q30622553
dest_Q4673353,dest_Q4673353
dest_Q115387420,dest_Q115387420
dest_Q115523343,dest_Q115523343
dest_Q115406478,dest_Q115406408
dest_Q115387573,dest_Q115387573
dest_Q28448579,dest_Q28448579
dest_Q115387279,dest_Q115387279
dest_Q113835253,dest_Q113568302
dest_Q115579894,dest_Q115579894
dest_Q115382183,dest_Q115382183
dest_Q115523352,dest_Q115523352
dest_Q115406336,dest_Q115406336
dest_Q115407022,dest_Q115406286
dest_Q28448578,dest_Q28448578
dest_Q115388036,dest_Q115388036
dest_Q115406640,dest_Q115406408
dest_Q115407095,dest_Q115407095
dest_Q115382041,dest_Q115382041
dest_Q30624712,dest_Q30624712
dest_Q30592100,dest_Q30592100
dest_Q115405896,dest_Q115405896
dest_Q28449594,dest_Q28448914
dest_Q48771146,dest_Q48771146
dest_Q115407047,dest_Q115406286
dest_Q115407101,dest_Q115407101
dest_Q30592462,dest_Q30592462
dest_Q28448914,dest_Q28448914
dest_Q115406657,dest_Q115406167
dest_Q115406062,dest_Q115406062
dest_Q115387911,dest_Q115387911
dest_Q115383411,dest_Q115383411
dest_Q115387608,dest_Q115387608
dest_Q7232420,dest_Q7232420
dest_Q4974718,dest_Q4974718
dest_Q4795009,dest_Q4795009
dest_Q5361209,dest_Q5361209
dest_Q8002442,dest_Q8002442
dest_Q5882686,dest_Q5882686
dest_Q5469044,dest_Q5469044
dest_Q7158073,dest_Q7158073
dest_Q5568491,dest_Q5568491
dest_Q4711829,dest_Q4711829
dest_Q4938437,dest_Q4938437
dest_Q4966961,dest_Q4966961
dest_Q4705849,dest_Q4705849
dest_Q5940233,dest_Q5940233
dest_Q6923978,dest_Q6923978
dest_Q7060089,dest_Q7060018
dest_Q5686747,dest_Q5686747
dest_Q5596392,dest_Q5596392
dest_Q7113805,dest_Q7113805
dest_Q7138626,dest_Q7138626
dest_Q4961747,dest_Q4961747
dest_Q6770979,dest_Q6770979
dest_Q6858370,dest_Q6858370
dest_Q8032860,dest_Q8032860
dest_Q5473613,dest_Q5473613
dest_Q6904502,dest_Q6904502
dest_Q266126,dest_Q266126
dest_Q369322,dest_Q369322
dest_Q7330732,dest_Q7330732
dest_Q6410970,dest_Q6410970
dest_Q7085276,dest_Q7085276
dest_Q5184655,dest_Q5184655
dest_Q7367681,dest_Q7367681
dest_Q4877538,dest_Q4877538
dest_Q5686334,dest_Q5686334
dest_Q7236111,dest_Q7236111
dest_Q7138628,dest_Q7138626
dest_Q5584062,dest_Q5584062
dest_Q5000148,dest_Q5000148
dest_Q5147409,dest_Q5147409
dest_Q11337693,dest_Q11337693
dest_Q5434614,dest_Q5434614
dest_Q11285830,dest_Q11285830
dest_Q4787976,dest_Q4787976
dest_Q8032986,dest_Q8032860
dest_Q5691472,dest_Q5691472
dest_Q7056924,dest_Q7056924
dest_Q7060018,dest_Q7060018
dest_Q5158940,dest_Q5158940
dest_Q5184606,dest_Q5184606
dest_Q6469281,dest_Q6469281
dest_Q4792329,dest_Q4792329
dest_Q6523399,dest_Q6523399
dest_Q5330810,dest_Q5330810
dest_Q5329185,dest_Q5329185
dest_Q5890484,dest_Q5890484
dest_Q5059110,dest_Q5059110
dest_Q7204051,dest_Q7204051
dest_Q5763866,dest_Q5763767
dest_Q4804751,dest_Q4804751
dest_Q5303551,dest_Q5303551
dest_Q7191484,dest_Q7191484
dest_Q6728081,dest_Q6728081
dest_Q4784768,dest_Q4784768
dest_Q6554632,dest_Q6554632
dest_Q6500069,dest_Q6500069
dest_Q6411156,dest_Q6411156
dest_Q7368757,dest_Q7368757
dest_Q4983400,dest_Q4983400
dest_Q5328155,dest_Q5328155
dest_Q6754094,dest_Q6754094
dest_Q12068682,dest_Q12068682
dest_Q5763767,dest_Q5763767
dest_Q5052259,dest_Q5052259
dest_Q11339891,dest_Q11339891
dest_Q6662383,dest_Q6662383
dest_Q7157746,dest_Q7157746
dest_Q6935166,dest_Q6935166
dest_Q8033394,dest_Q8033394
dest_Q7306608,dest_Q7306608
dest_Q5193066,dest_Q5193066
dest_Q5688154,dest_Q5688154
dest_Q6394231,dest_Q6394231
dest_Q7232080,dest_Q7232080
dest_Q7060058,dest_Q7060018
dest_Q111921423,dest_Q111921423
dest_Q7568812,dest_Q7568812
dest_Q121226781,dest_Q121226781
dest_Q16874271,dest_Q16874271
dest_Q27914909,dest_Q27914909
dest_Q10302631,dest_Q10302631
dest_Q111921226,dest_Q111921226
dest_Q7636365,dest_Q7636365
dest_Q7396102,dest_Q7396102
dest_Q56066033,dest_Q56066033
dest_Q10384546,dest_Q10384546
dest_Q10390582,dest_Q10390582
dest_Q7589002,dest_Q7589002
dest_Q7640856,dest_Q7640856
dest_Q3899054,dest_Q3899054
dest_Q5439194,dest_Q5439194
dest_Q7566456,dest_Q7566456
dest_Q7568607,dest_Q56066033
dest_Q10326562,dest_Q10326562
dest_Q60836904,dest_Q60836904
dest_Q7894856,dest_Q7894856
dest_Q579694,dest_Q579694
dest_Q7639683,dest_Q7639683
dest_Q10306131,dest_Q10306131
dest_Q51804553,dest_Q51804553
dest_Q4012911,dest_Q4012911
dest_Q63380880,dest_Q63380880
dest_Q3634714,dest_Q3634714
dest_Q14709275,dest_Q14709275
dest_Q3935752,dest_Q3935752
dest_Q7922044,dest_Q7922044
dest_Q7568264,dest_Q56066033
dest_Q111972162,dest_Q111972162
dest_Q10298363,dest_Q10298363
dest_Q3896524,dest_Q3896524
dest_Q122914961,dest_Q122914961
dest_Q7571295,dest_Q7571295
dest_Q7637944,dest_Q7637944
dest_Q56682739,dest_Q56682739
dest_Q51805044,dest_Q51805044
dest_Q18490409,dest_Q18490409
dest_Q10270027,dest_Q10270027
dest_Q3000035,dest_Q3000035
dest_Q98546791,dest_Q98546791
dest_Q15217506,dest_Q15217506
dest_Q7986285,dest_Q7986285
dest_Q116857615,dest_Q116857615
dest_Q10316374,dest_Q10316374
dest_Q10391089,dest_Q10391089
dest_Q7381301,dest_Q7381301
dest_Q10323371,dest_Q10323371
dest_Q98568413,dest_Q98567933
dest_Q98567928,dest_Q98567928
dest_Q98568230,dest_Q98568230
dest_Q6980202,dest_Q6980202
dest_Q24031792,dest_Q24031792
dest_Q5366752,dest_Q5366752
dest_Q6922848,dest_Q6922848
dest_Q5366939,dest_Q5366939
dest_Q5674387,dest_Q5674387
dest_Q3038341,dest_Q3038341
dest_Q98567933,dest_Q98567933
dest_Q5252960,dest_Q5252960
dest_Q5168769,dest_Q5168769
dest_Q98568067,dest_Q98567933
dest_Q22058558,dest_Q22058558
dest_Q98547123,dest_Q98547123
dest_Q6752156,dest_Q6752156
dest_Q24031891,dest_Q24031891
dest_Q12070511,dest_Q12070511
dest_Q7571066,dest_Q7571066
dest_Q7335355,dest_Q7335355
dest_Q6693835,dest_Q6693835
dest_Q5074708,dest_Q5074708
dest_Q5264006,dest_Q5264006
dest_Q24031897,dest_Q24031897
dest_Q5579430,dest_Q5579430
dest_Q98567998,dest_Q98567998
dest_Q14680315,dest_Q14680315
dest_Q3046491,dest_Q3046491
dest_Q4961782,dest_Q4961782
dest_Q24031852,dest_Q24031852
dest_Q24031893,dest_Q24031893
dest_Q5195851,dest_Q5195851
dest_Q4785120,dest_Q4785120
dest_Q5366753,dest_Q5366753
dest_Q5424001,dest_Q5424001
dest_Q98568337,dest_Q98568337
dest_Q7571338,dest_Q7568218
dest_Q4913624,dest_Q4913624
dest_Q5060398,dest_Q5060398
dest_Q98568142,dest_Q98568142
dest_Q5375306,dest_Q5375306
dest_Q5148324,dest_Q5148324
dest_Q7568218,dest_Q7568218
dest_Q108719916,dest_Q108719916
dest_Q5329357,dest_Q5329357
dest_Q5146421,dest_Q5146421
dest_Q4885208,dest_Q4885208
dest_Q6843107,dest_Q6843107
dest_Q24031884,dest_Q24031884
dest_Q7053581,dest_Q7053581
dest_Q7073651,dest_Q7073651
dest_Q6781798,dest_Q6781780
dest_Q5146431,dest_Q5146421
dest_Q6781780,dest_Q6781780
dest_Q5466474,dest_Q5466474
dest_Q60609396,dest_Q60609396
dest_Q7715028,dest_Q7715028
dest_Q7968093,dest_Q7968093
dest_Q5468843,dest_Q5468843
dest_Q7229401,dest_Q7229401
dest_Q56796227,dest_Q56796227
dest_Q7985036,dest_Q7985036
dest_Q14709417,dest_Q14709417
dest_Q4960386,dest_Q4960386
dest_Q18168496,dest_Q18168496
dest_Q111734710,dest_Q111734710
dest_Q3555290,dest_Q3555290
dest_Q111281420,dest_Q111281420
dest_Q4646708,dest_Q4646708
dest_Q5758942,dest_Q5758942
dest_Q5060557,dest_Q5060557
dest_Q15217232,dest_Q15217232
dest_Q7400984,dest_Q7400984
dest_Q5758944,dest_Q5758944
dest_Q5243468,dest_Q5243468
dest_Q28457471,dest_Q28457471
dest_Q4923386,dest_Q4923386
dest_Q7634836,dest_Q7634836
dest_Q78549592,dest_Q78549592
dest_Q14711476,dest_Q14711476
dest_Q5376959,dest_Q5376959
dest_Q7898927,dest_Q7898927
dest_Q17066619,dest_Q17066619
dest_Q5035890,dest_Q5035883
dest_Q14709388,dest_Q14709388
dest_Q7637750,dest_Q7637750
dest_Q7367885,dest_Q7367885
dest_Q60608821,dest_Q60608821
dest_Q5505308,dest_Q5505308
dest_Q17109478,dest_Q17109478
dest_Q17082019,dest_Q17082019
dest_Q7911966,dest_Q7911966
dest_Q5035883,dest_Q5035883
dest_Q118957159,dest_Q118957159
dest_Q7567174,dest_Q7567174
dest_Q111371154,dest_Q111371154
dest_Q7986469,dest_Q7986469
dest_Q5440242,dest_Q5440242
dest_Q5568331,dest_Q5568331
dest_Q7315302,dest_Q7315302
dest_Q5303570,dest_Q5303570
dest_Q60609139,dest_Q60609139
dest_Q7516121,dest_Q7516121
dest_Q7654252,dest_Q7654252
dest_Q31175246,dest_Q31175246
dest_Q7545171,dest_Q7545171
dest_Q3413027,dest_Q3413027
dest_Q16501879,dest_Q16501879
dest_Q134637717,dest_Q134637717
dest_Q24779,dest_Q24779
dest_Q48977178,dest_Q48977178
dest_Q3413042,dest_Q3413042
dest_Q10316157,dest_Q10316157
dest_Q6728363,dest_Q25247598
dest_Q6674453,dest_Q6674453
dest_Q25247598,dest_Q25247598
dest_Q4928386,dest_Q4928386
dest_Q10305634,dest_Q10305634
dest_Q7339794,dest_Q7339794
dest_Q126598839,dest_Q126598839
dest_Q140026942,dest_Q140026942
dest_Q7986316,dest_Q7986316
dest_Q5035877,dest_Q5035877
dest_Q5260803,dest_Q5260803
dest_Q5460963,dest_Q5460963
dest_Q14707962,dest_Q14707962
dest_Q125568244,dest_Q125568244
dest_Q5773585,dest_Q5773585
dest_Q133867403,dest_Q133867403
dest_Q17513782,dest_Q17513782
dest_Q3413126,dest_Q3413126
dest_Q4869853,dest_Q4869853
dest_Q5573685,dest_Q5573685
dest_Q3413057,dest_Q3413028
dest_Q133248604,dest_Q133248604
dest_Q134006278,dest_Q134006278
dest_Q3413043,dest_Q3413028
dest_Q7055633,dest_Q7055633
dest_Q3413100,dest_Q3413028
dest_Q16490914,dest_Q16490914
dest_Q6908231,dest_Q6908231
dest_Q5026332,dest_Q17513782
dest_Q7056486,dest_Q7056486
dest_Q124300671,dest_Q124300671
dest_Q10275279,dest_Q10275279
dest_Q5750225,dest_Q5750225
dest_Q3413028,dest_Q3413028
dest_Q5329216,dest_Q5329216
dest_Q140030941,dest_Q140030941
dest_Q10295527,dest_Q10295527
dest_Q4952509,dest_Q4952509
dest_Q5569452,dest_Q5569452
dest_Q5026402,dest_Q17513782
dest_Q110688104,dest_Q110688104
dest_Q33707919,dest_Q33707919
dest_Q22061064,dest_Q22061064
dest_Q5439065,dest_Q5439065
dest_Q6735383,dest_Q6735383
dest_Q5569490,dest_Q5569490
dest_Q3067018,dest_Q3067018
dest_Q8032836,dest_Q8032836
dest_Q5069604,dest_Q5069604
dest_Q7085295,dest_Q7085295
dest_Q5741844,dest_Q5741844
dest_Q5433597,dest_Q5433597
dest_Q16979297,dest_Q16979297
dest_Q8027943,dest_Q8027943
dest_Q7987081,dest_Q7987081
dest_Q4865632,dest_Q4865632
dest_Q5758955,dest_Q5758955
dest_Q7499924,dest_Q19460060
dest_Q6123287,dest_Q6123287
dest_Q7898916,dest_Q7898916
dest_Q16900468,dest_Q16900468
dest_Q5563291,dest_Q5563291
dest_Q5508435,dest_Q5508435
dest_Q18154393,dest_Q18154393
dest_Q7499926,dest_Q7499926
dest_Q19460060,dest_Q19460060
dest_Q7056739,dest_Q7056739
dest_Q5328293,dest_Q5328293
dest_Q6915378,dest_Q6915378
dest_Q7074281,dest_Q7074281
dest_Q6665476,dest_Q6665476
dest_Q4915323,dest_Q4915323
dest_Q7972091,dest_Q7972091
dest_Q6117793,dest_Q6117793
dest_Q5047522,dest_Q5047522
dest_Q5519680,dest_Q5519680
dest_Q6747234,dest_Q6747234
dest_Q4801461,dest_Q4801461
dest_Q7885760,dest_Q7885760
dest_Q7797380,dest_Q7797380
dest_Q65076328,dest_Q65076328
dest_Q5430621,dest_Q5430621
dest_Q5602945,dest_Q5602945
dest_Q4956676,dest_Q4956676
dest_Q5047756,dest_Q5047756
dest_Q26257914,dest_Q26257914
dest_Q124814011,dest_Q124814011
dest_Q7811494,dest_Q7811494
dest_Q65077604,dest_Q65077604
dest_Q5116604,dest_Q5116604
dest_Q7571040,dest_Q7571040
dest_Q16909409,dest_Q16909409
dest_Q49535986,dest_Q49535986
dest_Q7985059,dest_Q7985059
dest_Q17086401,dest_Q17086401
dest_Q5562569,dest_Q5562569
dest_Q104587597,dest_Q104587597
dest_Q7195083,dest_Q7195083
dest_Q7596506,dest_Q7596506
dest_Q5039564,dest_Q5039564
dest_Q8024598,dest_Q8024598
dest_Q5184007,dest_Q5184007
dest_Q65078901,dest_Q65078901
dest_Q5178223,dest_Q5178223
dest_Q5061538,dest_Q5061538
dest_Q115588194,dest_Q115588194
dest_Q139570567,dest_Q139570567
dest_Q10303506,dest_Q10303506
dest_Q130665880,dest_Q130665880
dest_Q115590301,dest_Q115590301
dest_Q48770631,dest_Q48770631
dest_Q115592414,dest_Q115592414
dest_Q10301224,dest_Q10301224
dest_Q106590041,dest_Q106590041
dest_Q10308029,dest_Q10308029
dest_Q10272776,dest_Q10272776
dest_Q10277583,dest_Q10277583
dest_Q4702870,dest_Q4702870
dest_Q10301456,dest_Q10301456
dest_Q10272960,dest_Q10272960
dest_Q10267866,dest_Q10267866
dest_Q80459576,dest_Q80459576
dest_Q115589471,dest_Q115589471
dest_Q10267880,dest_Q10267880
dest_Q10286492,dest_Q10286492
dest_Q10306148,dest_Q10306148
dest_Q10292338,dest_Q10292338
dest_Q10260539,dest_Q10260539
dest_Q130665234,dest_Q130665234
dest_Q115591899,dest_Q115591899
dest_Q10299705,dest_Q10299705
dest_Q10263410,dest_Q10263410
dest_Q10301071,dest_Q10301071
dest_Q10260419,dest_Q10260417
dest_Q10260417,dest_Q10260417
dest_Q115590422,dest_Q115590422
dest_Q115592520,dest_Q115592520
dest_Q10303513,dest_Q10303513
dest_Q115591177,dest_Q115591177
dest_Q10295843,dest_Q10295843
dest_Q4357085,dest_Q4357085
dest_Q129666927,dest_Q129666927
dest_Q1073644,dest_Q1073644
dest_Q3061804,dest_Q3061804
dest_Q6671309,dest_Q6671309
dest_Q2857899,dest_Q2857899
dest_Q6693691,dest_Q6693515
dest_Q7989906,dest_Q7989906
dest_Q1819474,dest_Q1819474
dest_Q7469,dest_Q7469
dest_Q7241541,dest_Q7241541
dest_Q7987437,dest_Q7987437
dest_Q6070817,dest_Q6070817
dest_Q1855438,dest_Q1855438
dest_Q7138610,dest_Q7138610
dest_Q7334615,dest_Q7334615
dest_Q7191708,dest_Q7191708
dest_Q6053170,dest_Q6053170
dest_Q7936299,dest_Q7936299
dest_Q3077158,dest_Q3077158
dest_Q4859490,dest_Q4859490
dest_Q3026094,dest_Q3026094
dest_Q933336,dest_Q933336
dest_Q1027700,dest_Q1027700
dest_Q7111991,dest_Q7111991
dest_Q6032653,dest_Q124309053
dest_Q5061031,dest_Q5061031
dest_Q7076102,dest_Q7076102
dest_Q7138699,dest_Q7138699
dest_Q1344297,dest_Q1344297
dest_Q5142696,dest_Q5142696
dest_Q965932,dest_Q965932
dest_Q527972,dest_Q527972
dest_Q6818074,dest_Q6818074
dest_Q3296615,dest_Q3296615
dest_Q3400108,dest_Q3400108
dest_Q3342640,dest_Q3342640
dest_Q5311050,dest_Q5311050
dest_Q3128858,dest_Q3128858
dest_Q267874,dest_Q267874
dest_Q7466,dest_Q14232120
dest_Q5172127,dest_Q5172127
dest_Q956169,dest_Q956169
dest_Q1755360,dest_Q1755360
dest_Q7989883,dest_Q7989883
dest_Q1414197,dest_Q1414197
dest_Q3413299,dest_Q3413299
dest_Q5187311,dest_Q5187311
dest_Q2892361,dest_Q2892361
dest_Q6693515,dest_Q6693515
dest_Q5288411,dest_Q5288411
dest_Q427116,dest_Q427116
dest_Q3343204,dest_Q3343204
dest_Q1283754,dest_Q1283754
dest_Q599301,dest_Q599301
dest_Q55992745,dest_Q55992745
dest_Q8081369,dest_Q8081369
dest_Q17082744,dest_Q17082744
dest_Q130236395,dest_Q130236395
dest_Q7066525,dest_Q7066525
dest_Q7998972,dest_Q7998972
dest_Q7031688,dest_Q7031688
dest_Q106857780,dest_Q106857780
dest_Q68031258,dest_Q68031258
dest_Q7207621,dest_Q7207621
dest_Q7620762,dest_Q7620762
dest_Q106857777,dest_Q106857777
dest_Q393089,dest_Q393089
dest_Q5581059,dest_Q5581059
dest_Q116460110,dest_Q116460110
dest_Q4987058,dest_Q4987058
dest_Q4792045,dest_Q4792045
dest_Q7108290,dest_Q7108290
dest_Q8082044,dest_Q8082044
dest_Q12277764,dest_Q12277764
dest_Q14232120,dest_Q14232120
dest_Q106326688,dest_Q106326688
dest_Q8067420,dest_Q8067420
dest_Q7856590,dest_Q7856590
dest_Q106857797,dest_Q106857797
dest_Q16967356,dest_Q16967356
dest_Q40442445,dest_Q40442445
dest_Q4994125,dest_Q4994125
dest_Q106857788,dest_Q106857788
dest_Q9302472,dest_Q9302472
dest_Q7536219,dest_Q7536219
dest_Q7777269,dest_Q7777269
dest_Q4987125,dest_Q4987125
dest_Q56145892,dest_Q56145892
dest_Q8082133,dest_Q8082133
dest_Q14682502,dest_Q14682502
dest_Q16937192,dest_Q16937192
dest_Q6439934,dest_Q6439934
dest_Q125360680,dest_Q125360680
dest_Q125297233,dest_Q125297233
dest_Q2335740,dest_Q106857788
dest_Q5618140,dest_Q5618140
dest_Q2103441,dest_Q2103441
dest_Q7588003,dest_Q7588003
dest_Q7265118,dest_Q7265118
dest_Q5627733,dest_Q5627733
dest_Q10306145,dest_Q10306145
dest_Q106857808,dest_Q106857808
dest_Q7699632,dest_Q7699632
dest_Q10305897,dest_Q10305897
dest_Q124309053,dest_Q124309053
dest_Q16984091,dest_Q16984091
dest_Q7031013,dest_Q106857788
dest_Q2167229,dest_Q2167229
dest_Q10550983,dest_Q10550983
dest_Q115155420,dest_Q115155403
dest_Q115155430,dest_Q115155403
dest_Q10550992,dest_Q10550992
dest_Q12209534,dest_Q12209534
dest_Q5303571,dest_Q5303571
dest_Q10550989,dest_Q10550983
dest_Q4974985,dest_Q4974985
dest_Q122912610,dest_Q122912610
dest_Q18491619,dest_Q18491619
dest_Q122912703,dest_Q122912703
dest_Q6061488,dest_Q6061488
dest_Q17154094,dest_Q17154094
dest_Q122912673,dest_Q122912673
dest_Q10551014,dest_Q10550983
dest_Q17108857,dest_Q17108857
dest_Q10550963,dest_Q10550963
dest_Q12220316,dest_Q12220316
dest_Q115155470,dest_Q115155403
dest_Q27805712,dest_Q27805712
dest_Q18491929,dest_Q18491929
dest_Q115155473,dest_Q115155403
dest_Q109771229,dest_Q109771229
dest_Q6904949,dest_Q6904949
dest_Q10551004,dest_Q10550983
dest_Q10550999,dest_Q10550983
dest_Q10550996,dest_Q10550996
dest_Q10550987,dest_Q10550983
dest_Q10551017,dest_Q10551017
dest_Q10707815,dest_Q10707815
dest_Q10550958,dest_Q10550958
dest_Q10550990,dest_Q10550983
dest_Q10900609,dest_Q10900609
dest_Q7158620,dest_Q7158620
dest_Q10551016,dest_Q10551016
dest_Q7795730,dest_Q7795730
dest_Q49006130,dest_Q49006130
dest_Q122912672,dest_Q122912672
dest_Q115155387,dest_Q115155387
dest_Q10550978,dest_Q10550978
dest_Q6461519,dest_Q6461519
dest_Q122912426,dest_Q122912426
dest_Q10551013,dest_Q10551013
dest_Q122912715,dest_Q122912715
dest_Q115155403,dest_Q115155403
dest_Q10550982,dest_Q10550958
dest_Q63280922,dest_Q63280922
dest_Q6734695,dest_Q6734695
dest_Q122911746,dest_Q122911746
dest_Q10551029,dest_Q10551029
dest_Q7619001,dest_Q7619001
dest_Q10550969,dest_Q10550969
dest_Q122912671,dest_Q122912671
dest_Q6543544,dest_Q6543544
dest_Q3087440,dest_Q3087440
dest_Q6825280,dest_Q6825280
dest_Q4919012,dest_Q4919012
dest_Q3413999,dest_Q3413999
dest_Q3153248,dest_Q3153248
dest_Q6731842,dest_Q6731842
dest_Q6530303,dest_Q6530303
dest_Q5062012,dest_Q5062012
dest_Q6728063,dest_Q6728063
dest_Q731067,dest_Q731067
dest_Q6027594,dest_Q6027594
dest_Q5546959,dest_Q5546959
dest_Q5259222,dest_Q5259222
dest_Q13370119,dest_Q13370119
dest_Q98574557,dest_Q98574557
dest_Q5149644,dest_Q5149644
dest_Q125116278,dest_Q125116278
dest_Q98573978,dest_Q98573978
dest_Q75885714,dest_Q75884620
dest_Q5056822,dest_Q5056822
dest_Q7005114,dest_Q7005114
dest_Q3428047,dest_Q3428047
dest_Q4980534,dest_Q4980534
dest_Q125535136,dest_Q125535136
dest_Q130418211,dest_Q127420818
dest_Q125116544,dest_Q125116544
dest_Q98574279,dest_Q98574279
dest_Q75886644,dest_Q75886644
dest_Q5602737,dest_Q5602737
dest_Q5330707,dest_Q5330707
dest_Q5453075,dest_Q5453075
dest_Q124156616,dest_Q124156616
dest_Q6791486,dest_Q6791486
dest_Q5763347,dest_Q5763347
dest_Q6728675,dest_Q6728675
dest_Q75886098,dest_Q75884620
dest_Q127420818,dest_Q127420818
dest_Q6693743,dest_Q6693743
dest_Q2001177,dest_Q2001177
dest_Q5438236,dest_Q5438236
dest_Q75887226,dest_Q75887226
dest_Q75885217,dest_Q75884620
dest_Q5060713,dest_Q5060713
dest_Q5642894,dest_Q5642894
dest_Q6753924,dest_Q6753924
dest_Q2341532,dest_Q2341532
dest_Q75884620,dest_Q75884620
dest_Q6045533,dest_Q6045533
dest_Q75886413,dest_Q75886413
dest_Q2940831,dest_Q2940831
dest_Q4816245,dest_Q4816245
dest_Q135448360,dest_Q135448360
dest_Q6728665,dest_Q6728665
dest_Q967732,dest_Q967732
dest_Q1041704,dest_Q1041704
dest_Q16536465,dest_Q16536465
dest_Q5676237,dest_Q5676237
dest_Q3388921,dest_Q3388921
dest_Q7442239,dest_Q7442239
dest_Q8024113,dest_Q8024113
dest_Q14232948,dest_Q14232948
dest_Q3538834,dest_Q3538834
dest_Q7366399,dest_Q7366399
dest_Q65175157,dest_Q65175157
dest_Q3072628,dest_Q3072628
dest_Q12062108,dest_Q12062108
dest_Q8052916,dest_Q8052916
dest_Q7313550,dest_Q7313550
dest_Q43082351,dest_Q43082351
dest_Q23193275,dest_Q23193275
dest_Q3390988,dest_Q3390988
dest_Q7284901,dest_Q7284901
dest_Q7548990,dest_Q7548990
dest_Q3413232,dest_Q3095482
dest_Q7979189,dest_Q7979189
dest_Q3304712,dest_Q3304712
dest_Q7894977,dest_Q7894977
dest_Q3395580,dest_Q3395580
dest_Q98398937,dest_Q98398937
dest_Q3564945,dest_Q3564945
dest_Q3398655,dest_Q3398655
dest_Q3198242,dest_Q3198242
dest_Q3003711,dest_Q3003711
dest_Q7567178,dest_Q7567178
dest_Q41202516,dest_Q41202516
dest_Q3355094,dest_Q3355094
dest_Q7458185,dest_Q7458185
dest_Q7641284,dest_Q7641284
dest_Q3400005,dest_Q3400005
dest_Q2995416,dest_Q2995416
dest_Q3051743,dest_Q3051743
dest_Q7972093,dest_Q7972093
dest_Q3095482,dest_Q3095482
dest_Q7568147,dest_Q7568147
dest_Q7567765,dest_Q7567765
dest_Q14713815,dest_Q14713815
dest_Q14713802,dest_Q14713802
dest_Q7059492,dest_Q7059435
dest_Q3199991,dest_Q3199991
dest_Q29567809,dest_Q29567809
dest_Q3437004,dest_Q3437004
dest_Q3328275,dest_Q3328275
dest_Q7415850,dest_Q7415850
dest_Q3338708,dest_Q3338708
dest_Q7195498,dest_Q7195498
dest_Q16205464,dest_Q16205464
dest_Q7059435,dest_Q7059435
dest_Q3058436,dest_Q3058436
dest_Q7582298,dest_Q7582298
dest_Q3414684,dest_Q3414684
dest_Q3128607,dest_Q3128607
dest_Q1962068,dest_Q1962068
dest_Q3127310,dest_Q3127310
dest_Q13902883,dest_Q13902883
dest_Q3038344,dest_Q3038344
dest_Q2975157,dest_Q2975157
dest_Q547878,dest_Q547878
dest_Q16546177,dest_Q16546177
dest_Q10983982,dest_Q10983982
dest_Q9381041,dest_Q9381041
dest_Q7083702,dest_Q7083702
dest_Q3046544,dest_Q3046544
dest_Q2885640,dest_Q2885640
dest_Q838468,dest_Q838468
dest_Q2998097,dest_Q2998097
dest_Q593933,dest_Q3316774
dest_Q1895943,dest_Q1895943
dest_Q10984955,dest_Q10984955
dest_Q12627615,dest_Q12627615
dest_Q965606,dest_Q965606
dest_Q3436419,dest_Q3436419
dest_Q490517,dest_Q490517
dest_Q15714082,dest_Q15714082
dest_Q2532340,dest_Q2532340
dest_Q13085214,dest_Q13085214
dest_Q6471080,dest_Q6471080
dest_Q462894,dest_Q20714907
dest_Q643387,dest_Q643387
dest_Q2400463,dest_Q2400463
dest_Q3930115,dest_Q3930115
dest_Q150041,dest_Q150041
dest_Q10866369,dest_Q10866369
dest_Q24042682,dest_Q24042682
dest_Q31855737,dest_Q31855737
dest_Q483351,dest_Q483351
dest_Q1568607,dest_Q1568607
dest_Q11183515,dest_Q11183515
dest_Q2905192,dest_Q2905192
dest_Q6810506,dest_Q6810506
dest_Q18380076,dest_Q18380076
dest_Q2354196,dest_Q2354196
dest_Q482929,dest_Q482929
dest_Q3070502,dest_Q3070502
dest_Q623794,dest_Q623794
dest_Q18409303,dest_Q18409303
dest_Q371981,dest_Q371981
dest_Q2997214,dest_Q2997214
dest_Q929138,dest_Q929138
dest_Q1170473,dest_Q1170473
dest_Q12597445,dest_Q12597445
dest_Q1043538,dest_Q1043538
dest_Q2984565,dest_Q2984565
dest_Q2878820,dest_Q2878820
dest_Q806738,dest_Q806738
dest_Q2598076,dest_Q2598076
dest_Q47517338,dest_Q47517338
dest_Q2840283,dest_Q2840283
dest_Q3070530,dest_Q3070530
dest_Q5252924,dest_Q5252919
dest_Q6981619,dest_Q6981619
dest_Q6132812,dest_Q6132812
dest_Q7801843,dest_Q7801843
dest_Q5557568,dest_Q5557568
dest_Q4999167,dest_Q4999167
dest_Q7827092,dest_Q7827090
dest_Q17089271,dest_Q17089271
dest_Q7075943,dest_Q7075943
dest_Q7290840,dest_Q7290840
dest_Q7827090,dest_Q7827090
dest_Q7894727,dest_Q7894578
dest_Q3492266,dest_Q3492266
dest_Q5347887,dest_Q5347887
dest_Q18150179,dest_Q18150179
dest_Q7290968,dest_Q7290840
dest_Q7680225,dest_Q7680225
dest_Q6843224,dest_Q6843224
dest_Q7108480,dest_Q14683584
dest_Q4874012,dest_Q4874012
dest_Q4916004,dest_Q4916004
dest_Q4737873,dest_Q4737873
dest_Q6463252,dest_Q6463252
dest_Q3499609,dest_Q3499609
dest_Q6667062,dest_Q6667062
dest_Q15242389,dest_Q15242389
dest_Q7413506,dest_Q7413506
dest_Q6464487,dest_Q6464487
dest_Q9033543,dest_Q371981
dest_Q9089128,dest_Q7827090
dest_Q7076110,dest_Q7076110
dest_Q7910670,dest_Q7910670
dest_Q5252919,dest_Q5252919
dest_Q6843065,dest_Q6843065
dest_Q3350222,dest_Q3350222
dest_Q15197669,dest_Q15197669
dest_Q14683154,dest_Q14683154
dest_Q20714397,dest_Q20714397
dest_Q14683584,dest_Q14683584
dest_Q7569260,dest_Q7569260
dest_Q7563690,dest_Q7563687
dest_Q5527189,dest_Q5527189
dest_Q5654626,dest_Q5654626
dest_Q7617418,dest_Q7617418
dest_Q15217229,dest_Q15217229
dest_Q7493879,dest_Q7493879
dest_Q4921351,dest_Q4921351
dest_Q7134280,dest_Q7134280
dest_Q5495230,dest_Q5495230
dest_Q5596261,dest_Q5596261
dest_Q7360534,dest_Q22078230
dest_Q16254824,dest_Q16254824
dest_Q8032559,dest_Q8032559
dest_Q6842078,dest_Q6842078
dest_Q7073653,dest_Q7073653
dest_Q7122489,dest_Q7122489
dest_Q6921281,dest_Q6921281
dest_Q6997951,dest_Q6997951
dest_Q7569385,dest_Q6132812
dest_Q7495183,dest_Q7495183
dest_Q7930734,dest_Q7930734
dest_Q3135663,dest_Q3135663
dest_Q6911365,dest_Q6911365
dest_Q4972446,dest_Q4972446
dest_Q3471592,dest_Q3471592
dest_Q5370446,dest_Q5370446
dest_Q4806717,dest_Q4806717
dest_Q3344149,dest_Q3344149
dest_Q7801137,dest_Q7801137
dest_Q6552040,dest_Q6552040
dest_Q16901656,dest_Q16901656
dest_Q5146325,dest_Q5146325
dest_Q7054827,dest_Q7054827
dest_Q5043305,dest_Q5043305
dest_Q5596700,dest_Q5596261
dest_Q3306323,dest_Q3306323
dest_Q5252876,dest_Q5252876
dest_Q4732575,dest_Q4732575
dest_Q7641247,dest_Q7641247
dest_Q7894578,dest_Q7894578
dest_Q4874052,dest_Q4874052
dest_Q7455180,dest_Q7455180
dest_Q14232075,dest_Q14232075
dest_Q3316774,dest_Q3316774
dest_Q6391415,dest_Q6391415
dest_Q7978873,dest_Q7978873
dest_Q6084205,dest_Q6084205
dest_Q7128023,dest_Q7128023
dest_Q6763769,dest_Q6763769
dest_Q7368721,dest_Q7368721
dest_Q14681967,dest_Q14681967
dest_Q4832135,dest_Q4832135
dest_Q7291165,dest_Q7291165
dest_Q7493960,dest_Q7493960
dest_Q5104360,dest_Q5104360
dest_Q7563687,dest_Q7563687
dest_Q6925307,dest_Q6925307
dest_Q5337027,dest_Q5337027
dest_Q114341258,dest_Q114341258
dest_Q6958870,dest_Q6958870
dest_Q5329324,dest_Q5329324
dest_Q7568379,dest_Q7568379
dest_Q17299395,dest_Q17299395
dest_Q1706198,dest_Q1706198
dest_Q4894856,dest_Q4894856
dest_Q2739143,dest_Q2739143
dest_Q43401885,dest_Q43401885
dest_Q107426122,dest_Q107426122
dest_Q258341,dest_Q258341
dest_Q1616386,dest_Q1616386
dest_Q3094060,dest_Q3094060
dest_Q5180093,dest_Q5180093
dest_Q5417156,dest_Q5417156
dest_Q125549762,dest_Q125549762
dest_Q2214519,dest_Q2214519
dest_Q105534655,dest_Q105534655
dest_Q105596176,dest_Q105596176
dest_Q14684269,dest_Q14684269
dest_Q6721665,dest_Q6721665
dest_Q8023776,dest_Q8023776
dest_Q5303573,dest_Q5303573
dest_Q7986751,dest_Q7986751
dest_Q7419949,dest_Q7419949
dest_Q6412179,dest_Q6412179
dest_Q7986426,dest_Q7986426
dest_Q7515982,dest_Q7515982
dest_Q22077824,dest_Q22077824
dest_Q106210187,dest_Q106210187
dest_Q120837367,dest_Q120837367
dest_Q55641284,dest_Q55641284
dest_Q2839069,dest_Q2839069
dest_Q7415136,dest_Q7415136
dest_Q16965445,dest_Q16965445
dest_Q17088872,dest_Q17088872
dest_Q58440536,dest_Q58440536
dest_Q7367727,dest_Q7367727
dest_Q1307143,dest_Q1307143
dest_Q43401420,dest_Q43401420
dest_Q120837276,dest_Q120837276
dest_Q7128043,dest_Q7128043
dest_Q83645632,dest_Q83645632
dest_Q127145527,dest_Q127145527
dest_Q48842012,dest_Q48842012
dest_Q1277862,dest_Q1277862
dest_Q4928448,dest_Q4928448
dest_Q6803359,dest_Q6803359
dest_Q4738319,dest_Q4738319
dest_Q7490587,dest_Q7490587
dest_Q7914521,dest_Q7914521
dest_Q7589640,dest_Q7589640
dest_Q5157163,dest_Q5157163
dest_Q7164635,dest_Q7164635
dest_Q7963644,dest_Q7963641
dest_Q7564429,dest_Q7564429
dest_Q138313917,dest_Q138313917
dest_Q5062019,dest_Q5062019
dest_Q7338715,dest_Q7338715
dest_Q4948450,dest_Q4948450
dest_Q5146422,dest_Q5146422
dest_Q7936309,dest_Q7936309
dest_Q7963641,dest_Q7963641
dest_Q7719484,dest_Q7719484
dest_Q85764600,dest_Q85764600
dest_Q7772693,dest_Q7739677
dest_Q4840739,dest_Q4840739
dest_Q7829658,dest_Q14704506
dest_Q7535461,dest_Q7535461
dest_Q7738379,dest_Q7738379
dest_Q5502747,dest_Q5502747
dest_Q7801181,dest_Q7801181
dest_Q5090178,dest_Q5090178
dest_Q1800164,dest_Q1800164
dest_Q4890594,dest_Q4890594
dest_Q5133231,dest_Q5133231
dest_Q110391773,dest_Q110391773
dest_Q7571279,dest_Q7571279
dest_Q5243855,dest_Q5243855
dest_Q4671325,dest_Q4671325
dest_Q4949646,dest_Q4949646
dest_Q5045984,dest_Q5045984
dest_Q5045516,dest_Q5045516
dest_Q7739677,dest_Q7739677
dest_Q136791184,dest_Q136791184
dest_Q5100155,dest_Q5100155
dest_Q7589670,dest_Q7589640
dest_Q4899691,dest_Q4899691
dest_Q7569094,dest_Q7569094
dest_Q7244962,dest_Q7244962
dest_Q955498,dest_Q955498
dest_Q5150123,dest_Q5150123
dest_Q5130169,dest_Q5130169
dest_Q7985043,dest_Q7985043
dest_Q4890597,dest_Q4890594
dest_Q5244025,dest_Q5244025
dest_Q7157268,dest_Q7157268
dest_Q7491136,dest_Q7491136
dest_Q3113550,dest_Q3113550
dest_Q139971101,dest_Q139971101
dest_Q7981618,dest_Q7981618
dest_Q131916857,dest_Q131916857
dest_Q137294309,dest_Q137294309
dest_Q44059583,dest_Q44059583
dest_Q5365104,dest_Q5365104
dest_Q7084636,dest_Q7084636
dest_Q6770072,dest_Q6770071
dest_Q15260041,dest_Q15260041
dest_Q7056532,dest_Q14704467
dest_Q5882049,dest_Q5882049
dest_Q14704467,dest_Q14704467
dest_Q8039677,dest_Q8039677
dest_Q5476852,dest_Q5476852
dest_Q5474745,dest_Q5474745
dest_Q7055531,dest_Q14704467
dest_Q6173181,dest_Q6173181
dest_Q6984378,dest_Q6984378
dest_Q14704506,dest_Q14704506
dest_Q5492912,dest_Q5492912
dest_Q30690203,dest_Q30690203
dest_Q5303588,dest_Q5303588
dest_Q6801921,dest_Q6801921
dest_Q6433014,dest_Q6433014
dest_Q5288483,dest_Q5288483
dest_Q6413738,dest_Q6413721
dest_Q5469069,dest_Q5469069
dest_Q14704473,dest_Q14704473
dest_Q5317504,dest_Q5317504
dest_Q6552411,dest_Q6552411
dest_Q5303607,dest_Q5303588
dest_Q5526985,dest_Q5526985
dest_Q38249712,dest_Q38249712
dest_Q4967787,dest_Q4967787
dest_Q6460877,dest_Q6460877
dest_Q14704297,dest_Q14704297
dest_Q5953609,dest_Q5953609
dest_Q5598090,dest_Q5598090
dest_Q5430427,dest_Q5430427
dest_Q6536966,dest_Q6536966
dest_Q11870691,dest_Q11870691
dest_Q6843106,dest_Q6843106
dest_Q18662234,dest_Q18662234
dest_Q7071786,dest_Q7071786
dest_Q6412973,dest_Q6412973
dest_Q26845691,dest_Q26845691
dest_Q112577755,dest_Q112577755
dest_Q3116516,dest_Q3116516
dest_Q6770071,dest_Q6770071
dest_Q6764235,dest_Q6764235
dest_Q5600811,dest_Q5600811
dest_Q11871823,dest_Q11871823
dest_Q7144314,dest_Q7144314
dest_Q5750241,dest_Q5750241
dest_Q6413721,dest_Q6413721
dest_Q7989660,dest_Q115653934
dest_Q20714520,dest_Q20714520
dest_Q7986632,dest_Q7986632
dest_Q115653934,dest_Q115653934
dest_Q7989658,dest_Q115653934
dest_Q14686284,dest_Q14686284
dest_Q20714765,dest_Q20714765
dest_Q14685936,dest_Q14685936
dest_Q20714907,dest_Q20714907
dest_Q20714607,dest_Q20714607
dest_Q8032890,dest_Q8032890
dest_Q7986381,dest_Q7986381
dest_Q14686185,dest_Q14686185
dest_Q22078230,dest_Q22078230
dest_Q14686319,dest_Q14686319
dest_Q14685841,dest_Q14685841
dest_Q14685886,dest_Q14685886
dest_Q14685977,dest_Q14685977
dest_Q7985873,dest_Q7985873
dest_Q7057859,dest_Q7057859
dest_Q5307257,dest_Q5307257
dest_Q5146427,dest_Q5146427
dest_Q4876828,dest_Q4876828
dest_Q7985434,dest_Q7985434
dest_Q3572050,dest_Q3572050
dest_Q5444445,dest_Q5444445
dest_Q5178139,dest_Q5178139
dest_Q7054220,dest_Q7054220
dest_Q7703188,dest_Q7703188
dest_Q7056931,dest_Q7056930
dest_Q4884364,dest_Q4884364
dest_Q3143667,dest_Q3143667
dest_Q7568015,dest_Q7568015
dest_Q6723277,dest_Q6723277
dest_Q7681720,dest_Q7681720
dest_Q7619420,dest_Q7619420
dest_Q7899452,dest_Q7899452
dest_Q7353205,dest_Q7353205
dest_Q4820248,dest_Q4820248
dest_Q7981787,dest_Q7981787
dest_Q5646312,dest_Q5646312
dest_Q6045536,dest_Q6045536
dest_Q5598175,dest_Q5598175
dest_Q7355969,dest_Q7355969
dest_Q7636548,dest_Q7636548
dest_Q5468951,dest_Q5468951
dest_Q5330174,dest_Q5330174
dest_Q5524562,dest_Q5524562
dest_Q7568612,dest_Q7568612
dest_Q7554746,dest_Q7554746
dest_Q5596399,dest_Q5596399
dest_Q7681721,dest_Q7681721
dest_Q7449514,dest_Q7449514
dest_Q4881740,dest_Q4881740
dest_Q5047532,dest_Q5047532
dest_Q4851543,dest_Q4851543
dest_Q7894937,dest_Q7894937
dest_Q7230976,dest_Q7230976
dest_Q7569386,dest_Q7568407
dest_Q7073656,dest_Q7073656
dest_Q7934447,dest_Q7934447
dest_Q7055685,dest_Q7055685
dest_Q5515194,dest_Q5515194
dest_Q7311578,dest_Q7311578
dest_Q7057932,dest_Q7057932
dest_Q7295983,dest_Q7295983
dest_Q5329482,dest_Q5329482
dest_Q7653608,dest_Q7653608
dest_Q7138565,dest_Q7138565
dest_Q7128113,dest_Q7128113
dest_Q5460807,dest_Q5460807
dest_Q7338106,dest_Q7338106
dest_Q5241918,dest_Q5241918
dest_Q5773526,dest_Q5773526
dest_Q5654826,dest_Q5654826
dest_Q7073877,dest_Q7073877
dest_Q4875739,dest_Q4875737
dest_Q7128114,dest_Q7128113
dest_Q4874845,dest_Q4874845
dest_Q7568407,dest_Q7568407
dest_Q4940936,dest_Q4940936
dest_Q5429883,dest_Q5429883
dest_Q7641318,dest_Q7641318
dest_Q7570325,dest_Q7570325
dest_Q6781368,dest_Q6781368
dest_Q7338501,dest_Q7338501
dest_Q5192867,dest_Q5192867
dest_Q5520790,dest_Q5520790
dest_Q7128359,dest_Q7128359
dest_Q7084950,dest_Q7084950
dest_Q7332860,dest_Q7332860
dest_Q5580611,dest_Q5580611
dest_Q5284841,dest_Q5284841
dest_Q7056930,dest_Q7056930
dest_Q7698509,dest_Q7698509
dest_Q4875737,dest_Q4875737
dest_Q7681713,dest_Q7681713
dest_Q7012045,dest_Q7012045
dest_Q7876636,dest_Q7876636
dest_Q5286992,dest_Q5286992
dest_Q5329718,dest_Q5329718
dest_Q7059870,dest_Q7059870
dest_Q5759034,dest_Q5759034
dest_Q5524027,dest_Q5524027
dest_Q6694170,dest_Q6694169
dest_Q7337471,dest_Q7337471
dest_Q5303592,dest_Q5303592
dest_Q6694169,dest_Q6694169
dest_Q4793122,dest_Q4793122
dest_Q4874801,dest_Q4874801
dest_Q5192868,dest_Q5192868
dest_Q4874796,dest_Q4874796
dest_Q7338082,dest_Q7338082
dest_Q4951319,dest_Q4951319
dest_Q5072389,dest_Q5072389
dest_Q7905968,dest_Q7905968
dest_Q6655368,dest_Q6655368
dest_Q7568923,dest_Q7568923
dest_Q5125829,dest_Q5125829
dest_Q5242033,dest_Q5242033
dest_Q4953749,dest_Q4953749
dest_Q4972875,dest_Q4972875
dest_Q3077160,dest_Q3077160
dest_Q5047848,dest_Q5047848
dest_Q1022897,dest_Q1022897
dest_Q5589444,dest_Q5589444
dest_Q5756002,dest_Q5756002
dest_Q5348073,dest_Q5348073
dest_Q3195260,dest_Q3195260
dest_Q5281907,dest_Q5281907
dest_Q5721114,dest_Q5721114
dest_Q4356710,dest_Q4356710
dest_Q4875017,dest_Q4875017
dest_Q5939841,dest_Q5939841
dest_Q3125013,dest_Q3125013
dest_Q3127309,dest_Q3127309
dest_Q4745898,dest_Q4745898
dest_Q5877300,dest_Q5877300
dest_Q5328203,dest_Q5328203
dest_Q5184434,dest_Q5184434
dest_Q4793777,dest_Q4793777
dest_Q5331415,dest_Q5331415
dest_Q3236730,dest_Q3236730
dest_Q4928408,dest_Q4928408
dest_Q5762875,dest_Q5762875
dest_Q5940737,dest_Q5940737
dest_Q5125399,dest_Q5125399
dest_Q738848,dest_Q738848
dest_Q3048712,dest_Q3048712
dest_Q3365446,dest_Q3365446
dest_Q2963746,dest_Q2963746
dest_Q5303305,dest_Q5303305
dest_Q5579656,dest_Q5579656
dest_Q5429989,dest_Q5429989
dest_Q5436727,dest_Q5436727
dest_Q5472427,dest_Q5472427
dest_Q3441634,dest_Q3441634
dest_Q5458601,dest_Q5458601
dest_Q5230217,dest_Q5230217
dest_Q4892578,dest_Q4892578
dest_Q5348082,dest_Q5348082
dest_Q4869120,dest_Q4869120
dest_Q5939833,dest_Q5939833
dest_Q4966950,dest_Q4966950
dest_Q1089761,dest_Q1089761
dest_Q5293647,dest_Q5293647
dest_Q5522237,dest_Q5522237
dest_Q5041255,dest_Q5041255
dest_Q5939810,dest_Q5939810
dest_Q3066528,dest_Q3066528
dest_Q4713776,dest_Q4713776
dest_Q4838382,dest_Q4838382
dest_Q4720721,dest_Q4720721
dest_Q7516816,dest_Q7516816
dest_Q6487427,dest_Q6487427
dest_Q6504455,dest_Q6504455
dest_Q7084519,dest_Q7084519
dest_Q6512564,dest_Q6512564
dest_Q7338121,dest_Q7338121
dest_Q7442027,dest_Q7442027
dest_Q6311785,dest_Q6311785
dest_Q7545493,dest_Q7545493
dest_Q7744696,dest_Q7744696
dest_Q6152978,dest_Q6152978
dest_Q7161628,dest_Q7161628
dest_Q7085252,dest_Q7085252
dest_Q7588527,dest_Q7588527
dest_Q6481589,dest_Q6481589
dest_Q7653653,dest_Q7653653
dest_Q6413692,dest_Q6413692
dest_Q6843067,dest_Q6843067
dest_Q6908197,dest_Q6908197
dest_Q7074333,dest_Q7074333
dest_Q7132555,dest_Q7132555
dest_Q7083896,dest_Q7083896
dest_Q14875446,dest_Q14875446
dest_Q16891605,dest_Q16891605
dest_Q6084325,dest_Q6084325
dest_Q7731829,dest_Q7731829
dest_Q7319368,dest_Q7319368
dest_Q14875346,dest_Q14875346
dest_Q6651410,dest_Q3125013
dest_Q6859634,dest_Q6859634
dest_Q7204102,dest_Q7204102
dest_Q7759036,dest_Q7759036
dest_Q6771091,dest_Q6771091
dest_Q7898480,dest_Q7898480
dest_Q7380070,dest_Q7380070
dest_Q6862232,dest_Q6862232
dest_Q7796352,dest_Q7796352
dest_Q7355000,dest_Q7355000
dest_Q7244624,dest_Q7244624
dest_Q7826348,dest_Q7826348
dest_Q14875490,dest_Q14875490
dest_Q7071745,dest_Q7071745
dest_Q14875402,dest_Q14875402
dest_Q14875320,dest_Q14875320
dest_Q7743816,dest_Q7743816
dest_Q6672409,dest_Q6672409
dest_Q6510301,dest_Q6510301
dest_Q7138842,dest_Q7138842
dest_Q7715974,dest_Q7715974
dest_Q7128335,dest_Q7128335
dest_Q7786498,dest_Q7786498
dest_Q7637596,dest_Q7637596
dest_Q7589470,dest_Q7589470
dest_Q7605815,dest_Q7605815
dest_Q7331120,dest_Q7331120
dest_Q14875342,dest_Q14875342
dest_Q3635186,dest_Q3635186
dest_Q12696331,dest_Q12696331
dest_Q7967977,dest_Q7967977
dest_Q3858753,dest_Q3858753
dest_Q3642514,dest_Q3642514
dest_Q4008486,dest_Q4008486
dest_Q16465406,dest_Q16465406
dest_Q3664397,dest_Q3664397
dest_Q12064429,dest_Q12064429
dest_Q135948179,dest_Q135948179
dest_Q3634795,dest_Q3634795
dest_Q3664899,dest_Q3664899
dest_Q9357917,dest_Q9357917
dest_Q4008222,dest_Q4008222
dest_Q16472293,dest_Q16472293
dest_Q12684290,dest_Q12684290
dest_Q124521386,dest_Q124521386
dest_Q3678413,dest_Q3678413
dest_Q3838399,dest_Q3838399
dest_Q137593568,dest_Q137593568
dest_Q20711479,dest_Q20711479
dest_Q85754170,dest_Q85754170
dest_Q3698145,dest_Q3698145
dest_Q3738555,dest_Q3738555
dest_Q3642450,dest_Q3642450
dest_Q3642451,dest_Q3642451
dest_Q3682776,dest_Q3682776
dest_Q3642452,dest_Q3642452
dest_Q7927128,dest_Q7927128
dest_Q3842708,dest_Q3842708
dest_Q33512062,dest_Q33512062
dest_Q374731,dest_Q374731
dest_Q14875138,dest_Q14875138
dest_Q3678258,dest_Q3678258
dest_Q3858754,dest_Q3858753
dest_Q10947581,dest_Q10947581
dest_Q48791490,dest_Q48791490
dest_Q65075544,dest_Q65075544
dest_Q8039572,dest_Q8039572
dest_Q3642487,dest_Q3642487
dest_Q3744907,dest_Q3744907
dest_Q12657436,dest_Q12657436
dest_Q3652013,dest_Q3652013
dest_Q3638941,dest_Q3638941
dest_Q7984975,dest_Q7984975
dest_Q7989243,dest_Q7989243
dest_Q3642528,dest_Q3642528
dest_Q85798224,dest_Q85798224
dest_Q3842627,dest_Q3842627
dest_Q14875084,dest_Q14875084
dest_Q1877070,dest_Q1877070
dest_Q4737030,dest_Q4737030
dest_Q21282773,dest_Q21282773
dest_Q984079,dest_Q2581182
dest_Q1811125,dest_Q1811125
dest_Q3948045,dest_Q3948045
dest_Q126897513,dest_Q126897513
dest_Q110879987,dest_Q110879987
dest_Q3947341,dest_Q3947341
dest_Q649030,dest_Q649030
dest_Q1190585,dest_Q1190585
dest_Q126898985,dest_Q126897513
dest_Q629542,dest_Q629542
dest_Q3877402,dest_Q3877402
dest_Q2171290,dest_Q2171290
dest_Q3908757,dest_Q3908757
dest_Q1884831,dest_Q1884831
dest_Q1992895,dest_Q1992895
dest_Q2091241,dest_Q2091241
dest_Q3931209,dest_Q3931209
dest_Q2247396,dest_Q2247396
dest_Q774588,dest_Q774588
dest_Q2041570,dest_Q2041570
dest_Q1913166,dest_Q1913166
dest_Q3966748,dest_Q3966748
dest_Q3895792,dest_Q3895792
dest_Q52423,dest_Q52423
dest_Q18503395,dest_Q18503395
dest_Q1938488,dest_Q1938488
dest_Q1943378,dest_Q1943378
dest_Q2283581,dest_Q2283581
dest_Q1816478,dest_Q1816478
dest_Q17992312,dest_Q17992312
dest_Q1907559,dest_Q1907559
dest_Q3667399,dest_Q3667399
dest_Q1855110,dest_Q1855110
dest_Q1821863,dest_Q1821863
dest_Q2109219,dest_Q2109219
dest_Q1997993,dest_Q1997993
dest_Q3947924,dest_Q3947924
dest_Q3949235,dest_Q3949235
dest_Q3947018,dest_Q3947018
dest_Q113688367,dest_Q113688367
dest_Q126898382,dest_Q126897513
dest_Q3931885,dest_Q3931885
dest_Q2266895,dest_Q2266895
dest_Q2052727,dest_Q2052727
dest_Q19937183,dest_Q19937183
dest_Q3909757,dest_Q3909757
dest_Q2036725,dest_Q2036725
dest_Q18443090,dest_Q18443090
dest_Q2672641,dest_Q2672641
dest_Q2364166,dest_Q2364166
dest_Q2382892,dest_Q2382892
dest_Q2112676,dest_Q2112676
dest_Q2321954,dest_Q2321954
dest_Q2305287,dest_Q2305287
dest_Q2302806,dest_Q2302806
dest_Q2376560,dest_Q2376560
dest_Q2331048,dest_Q2331048
dest_Q2640561,dest_Q2526868
dest_Q2778238,dest_Q2778238
dest_Q2677854,dest_Q2677854
dest_Q2668227,dest_Q2668227
dest_Q2683344,dest_Q2683344
dest_Q2776714,dest_Q2776714
dest_Q2678615,dest_Q2678615
dest_Q2299356,dest_Q2299356
dest_Q2744044,dest_Q2744044
dest_Q2140052,dest_Q2140052
dest_Q2214588,dest_Q2214588
dest_Q2779730,dest_Q2779730
dest_Q2355594,dest_Q2355594
dest_Q2199577,dest_Q2199577
dest_Q2356251,dest_Q2356251
dest_Q2382961,dest_Q2382961
dest_Q2855872,dest_Q2855872
dest_Q2294293,dest_Q2294293
dest_Q2749905,dest_Q2749905
dest_Q2603397,dest_Q2603397
dest_Q2687015,dest_Q2687015
dest_Q2220620,dest_Q2220620
dest_Q2671196,dest_Q2671196
dest_Q2362531,dest_Q2362531
dest_Q2175326,dest_Q2175326
dest_Q2589938,dest_Q2589938
dest_Q2787459,dest_Q2787459
dest_Q2585394,dest_Q2585394
dest_Q2289295,dest_Q2112676
dest_Q2346084,dest_Q2346084
dest_Q2201906,dest_Q2201906
dest_Q2772913,dest_Q2772913
dest_Q2219375,dest_Q2219375
dest_Q2192088,dest_Q2192088
dest_Q2191232,dest_Q2191232
dest_Q2790960,dest_Q2790960
dest_Q2355581,dest_Q2355581
dest_Q2658516,dest_Q2658516
dest_Q2293273,dest_Q2293273
dest_Q2299585,dest_Q2299585
dest_Q2195741,dest_Q2195741
dest_Q2673275,dest_Q2673275
dest_Q2695075,dest_Q2695075
dest_Q2662576,dest_Q2662576
dest_Q2858759,dest_Q2858759
dest_Q2674659,dest_Q2674659
dest_Q2581182,dest_Q2581182
dest_Q2623638,dest_Q2623638
dest_Q2180876,dest_Q2180876
dest_Q2334329,dest_Q2334329
dest_Q90374296,dest_Q90374296
dest_Q134385909,dest_Q134385909
dest_Q4378956,dest_Q4378956
dest_Q134394267,dest_Q134394267
dest_Q64334547,dest_Q64334547
dest_Q138447658,dest_Q138447658
dest_Q2521903,dest_Q2521903
dest_Q134394271,dest_Q134394271
dest_Q128396967,dest_Q128396967
dest_Q4604327,dest_Q4604327
dest_Q121461167,dest_Q121461167
dest_Q13739920,dest_Q13739920
dest_Q52063315,dest_Q52063315
dest_Q3917096,dest_Q3917096
dest_Q2524844,dest_Q2524844
dest_Q3022292,dest_Q3022292
dest_Q77020839,dest_Q77020839
dest_Q133816751,dest_Q133816751
dest_Q3332334,dest_Q3332334
dest_Q4379940,dest_Q4379940
dest_Q2452273,dest_Q2452273
dest_Q2470406,dest_Q2470406
dest_Q3981273,dest_Q3981273
dest_Q133816777,dest_Q133816777
dest_Q3230538,dest_Q3230538
dest_Q133816735,dest_Q133816735
dest_Q13743069,dest_Q13743069
dest_Q2523756,dest_Q2523756
dest_Q3066840,dest_Q3066840
dest_Q3020221,dest_Q2446812
dest_Q46723222,dest_Q46723222
dest_Q3003246,dest_Q3003246
dest_Q3012687,dest_Q3012687
dest_Q24935280,dest_Q24935280
dest_Q2446812,dest_Q2446812
dest_Q5157743,dest_Q2191232
dest_Q12012941,dest_Q12012941
dest_Q13439412,dest_Q13439412
dest_Q134385562,dest_Q134385562
dest_Q3542904,dest_Q3542904
dest_Q2526868,dest_Q2526868
dest_Q4352681,dest_Q4352681
dest_Q101626753,dest_Q101626753
dest_Q5363315,dest_Q5363315
dest_Q2429817,dest_Q2299356
dest_Q3336516,dest_Q3336516
dest_Q122210450,dest_Q122210450
dest_Q13769779,dest_Q13769779
dest_Q39297398,dest_Q39297398
dest_Q28163917,dest_Q28163917
dest_Q12871042,dest_Q12871042
dest_Q16695827,dest_Q16695827
dest_Q11614688,dest_Q11614688
dest_Q213263,dest_Q213263
dest_Q139827017,dest_Q139827017
dest_Q236680,dest_Q236680
dest_Q11279727,dest_Q11279727
dest_Q240489,dest_Q240489
dest_Q317830,dest_Q317830
dest_Q242882,dest_Q242882
dest_Q12864448,dest_Q12864448
dest_Q12863039,dest_Q12863039
dest_Q130437988,dest_Q130437988
dest_Q134696688,dest_Q134696688
dest_Q12863688,dest_Q12863688
dest_Q80340,dest_Q80340
dest_Q210628,dest_Q210628
dest_Q210661,dest_Q210661
dest_Q114372972,dest_Q114372972
dest_Q244911,dest_Q244911
dest_Q131280117,dest_Q131279749
dest_Q16371150,dest_Q16371150
dest_Q208863,dest_Q208863
dest_Q31354788,dest_Q31354788
dest_Q236197,dest_Q236197
dest_Q212494,dest_Q212494
dest_Q269634,dest_Q269634
dest_Q16369017,dest_Q16369017
dest_Q16369776,dest_Q16369776
dest_Q15646877,dest_Q15646877
dest_Q210667,dest_Q210667
dest_Q12866277,dest_Q12866277
dest_Q4153420,dest_Q4153420
dest_Q242885,dest_Q242885
dest_Q242874,dest_Q242874
dest_Q213278,dest_Q213278
dest_Q253741,dest_Q253741
dest_Q138567670,dest_Q138567670
dest_Q4293565,dest_Q4293565
dest_Q317834,dest_Q317834
dest_Q139826161,dest_Q139826161
dest_Q12862189,dest_Q12862189
dest_Q237683,dest_Q237683
dest_Q287771,dest_Q287771
dest_Q131279749,dest_Q131279749
dest_Q14212613,dest_Q14212613
dest_Q208818,dest_Q208818
dest_Q7473516,dest_Q7473516
dest_Q4197653,dest_Q4197653
dest_Q12867251,dest_Q12867251
dest_Q1716764,dest_Q1716764
dest_Q1706267,dest_Q1706267
dest_Q1290757,dest_Q1290757
dest_Q1671849,dest_Q1671849
dest_Q1454897,dest_Q1454897
dest_Q2010012,dest_Q2010012
dest_Q901452,dest_Q901452
dest_Q877374,dest_Q877374
dest_Q1569132,dest_Q1569132
dest_Q1255079,dest_Q1255079
dest_Q1667009,dest_Q1667009
dest_Q1718608,dest_Q1718608
dest_Q1503013,dest_Q1503013
dest_Q1361527,dest_Q1361527
dest_Q1587233,dest_Q1587233
dest_Q877274,dest_Q877274
dest_Q1670128,dest_Q1670128
dest_Q631475,dest_Q631475
dest_Q442410,dest_Q442410
dest_Q1991933,dest_Q1991933
dest_Q822070,dest_Q822070
dest_Q1613671,dest_Q1613671
dest_Q1136683,dest_Q1136683
dest_Q456497,dest_Q456497
dest_Q1486199,dest_Q1486199
dest_Q1531174,dest_Q1531174
dest_Q1730731,dest_Q1730731
dest_Q1496772,dest_Q1496772
dest_Q654786,dest_Q654786
dest_Q906418,dest_Q906322
dest_Q1788552,dest_Q1788552
dest_Q1637799,dest_Q1637799
dest_Q1526933,dest_Q1526933
dest_Q1984648,dest_Q1984648
dest_Q1800722,dest_Q1800722
dest_Q1808279,dest_Q1808279
dest_Q877354,dest_Q877354
dest_Q1980858,dest_Q1980858
dest_Q440448,dest_Q440448
dest_Q906322,dest_Q906322
dest_Q1764894,dest_Q1764894
dest_Q1625764,dest_Q1625764
dest_Q263534,dest_Q263534
dest_Q1240897,dest_Q1240897
dest_Q1256512,dest_Q1256512
dest_Q1228247,dest_Q1228247
dest_Q1586529,dest_Q1586529
dest_Q1979250,dest_Q1979250
dest_Q1261352,dest_Q1261352
dest_Q1515094,dest_Q1515094
dest_Q1883844,dest_Q1883844
dest_Q1981716,dest_Q1981716
dest_Q1546296,dest_Q1546296
dest_Q9248436,dest_Q9248436
dest_Q19545309,dest_Q19545309
dest_Q3211563,dest_Q3211563
dest_Q2651458,dest_Q2651458
dest_Q2141712,dest_Q2141712
dest_Q16533237,dest_Q16533237
dest_Q21681799,dest_Q21681799
dest_Q2302204,dest_Q2302204
dest_Q741794,dest_Q741794
dest_Q2232067,dest_Q2232067
dest_Q3642552,dest_Q3642518
dest_Q2245976,dest_Q2245976
dest_Q15056064,dest_Q15056064
dest_Q3216089,dest_Q3216089
dest_Q2265656,dest_Q2265656
dest_Q3642554,dest_Q3642554
dest_Q3032832,dest_Q3032832
dest_Q4007597,dest_Q4007597
dest_Q2897107,dest_Q2897107
dest_Q3305162,dest_Q3305162
dest_Q2274278,dest_Q2274278
dest_Q1388524,dest_Q1388524
dest_Q98032493,dest_Q98032493
dest_Q107034859,dest_Q107034859
dest_Q19971328,dest_Q19971328
dest_Q4010177,dest_Q4010177
dest_Q62888241,dest_Q62888241
dest_Q22665854,dest_Q22665854
dest_Q2160909,dest_Q2160909
dest_Q13400194,dest_Q13400194
dest_Q19971521,dest_Q19971521
dest_Q79411737,dest_Q79411737
dest_Q3642518,dest_Q3642518
dest_Q2122363,dest_Q2122363
dest_Q41721430,dest_Q41721430
dest_Q82470694,dest_Q82470694
dest_Q3927201,dest_Q3927201
dest_Q2287228,dest_Q2287228
dest_Q2174345,dest_Q2174345
dest_Q3773185,dest_Q3773185
dest_Q2576216,dest_Q2576216
dest_Q2974661,dest_Q2974661
dest_Q2583694,dest_Q2583694
dest_Q2069816,dest_Q2069816
dest_Q2430175,dest_Q2430175
dest_Q3642548,dest_Q3642548
dest_Q118176227,dest_Q118176227
dest_Q2069566,dest_Q2069566
dest_Q134717342,dest_Q134717342
dest_Q2238893,dest_Q2238893
dest_Q24286968,dest_Q24286968
dest_Q20748959,dest_Q20748959
dest_Q2941256,dest_Q2405790
dest_Q3119561,dest_Q3114567
dest_Q3216514,dest_Q2405790
dest_Q12194853,dest_Q12194853
dest_Q3188362,dest_Q3188362
dest_Q3216127,dest_Q3212691
dest_Q2910746,dest_Q2405790
dest_Q2922427,dest_Q2922427
dest_Q3212443,dest_Q3212443
dest_Q548081,dest_Q3463381
dest_Q5793187,dest_Q5793187
dest_Q3012267,dest_Q2405790
dest_Q97293093,dest_Q97293093
dest_Q112056632,dest_Q112056632
dest_Q4120455,dest_Q4120455
dest_Q3183145,dest_Q2405790
dest_Q2893263,dest_Q2893263
dest_Q12189876,dest_Q12189876
dest_Q3003239,dest_Q3003239
dest_Q2892385,dest_Q2892385
dest_Q5855442,dest_Q5855442
dest_Q3233392,dest_Q3233392
dest_Q2939647,dest_Q2405790
dest_Q12246393,dest_Q12246393
dest_Q676190,dest_Q2405790
dest_Q3002094,dest_Q3002094
dest_Q2910710,dest_Q2910091
dest_Q2405790,dest_Q2405790
dest_Q3010634,dest_Q3010634
dest_Q2866129,dest_Q2866129
dest_Q2887603,dest_Q2405790
dest_Q28498903,dest_Q28498903
dest_Q3217871,dest_Q2405790
dest_Q2937486,dest_Q2405790
dest_Q3230668,dest_Q3230668
dest_Q12184601,dest_Q12184601
dest_Q3041475,dest_Q3041475
dest_Q3298166,dest_Q2405790
dest_Q3607155,dest_Q3607155
dest_Q2922406,dest_Q2405790
dest_Q3058625,dest_Q3058625
dest_Q3290408,dest_Q3290408
dest_Q3003379,dest_Q3003379
dest_Q2910255,dest_Q2405790
dest_Q2843286,dest_Q2405790
dest_Q231167,dest_Q231167
dest_Q2878990,dest_Q2405790
dest_Q3058084,dest_Q3058084
dest_Q25396087,dest_Q25396087
dest_Q12191963,dest_Q12191963
dest_Q3106717,dest_Q3106717
dest_Q3208631,dest_Q3208631
dest_Q3208049,dest_Q2405790
dest_Q2892210,dest_Q2892210
dest_Q3114567,dest_Q3114567
dest_Q3212691,dest_Q3212691
dest_Q12209181,dest_Q12209181
dest_Q2910091,dest_Q2910091
dest_Q2844044,dest_Q2844044
dest_Q12209723,dest_Q12209723
dest_Q4118583,dest_Q4118583
dest_Q3017081,dest_Q2405790
dest_Q5940475,dest_Q5940475
dest_Q3213104,dest_Q3213104
dest_Q2947815,dest_Q2405790
dest_Q2928692,dest_Q2405790
dest_Q28226889,dest_Q28226889
dest_Q2894325,dest_Q2894325
dest_Q115661816,dest_Q115661816
dest_Q57249200,dest_Q57249200
dest_Q72867160,dest_Q72867160
dest_Q3980602,dest_Q3980602
dest_Q57249352,dest_Q57249352
dest_Q5266666,dest_Q5266666
dest_Q3362953,dest_Q2405790
dest_Q4863749,dest_Q4863748
dest_Q19951332,dest_Q19951332
dest_Q3461683,dest_Q2405790
dest_Q96675021,dest_Q96675021
dest_Q3474422,dest_Q3474422
dest_Q20731615,dest_Q20731615
dest_Q16671820,dest_Q16671820
dest_Q3469797,dest_Q3469797
dest_Q3373898,dest_Q2405790
dest_Q3315859,dest_Q3315859
dest_Q129074826,dest_Q129074826
dest_Q3491829,dest_Q3491829
dest_Q6843130,dest_Q6843130
dest_Q57248781,dest_Q57248781
dest_Q3463006,dest_Q2405790
dest_Q55596936,dest_Q2405790
dest_Q3463618,dest_Q3463618
dest_Q3557088,dest_Q3557088
dest_Q60845782,dest_Q2405790
dest_Q3322460,dest_Q3322460
dest_Q3462012,dest_Q2405790
dest_Q57248498,dest_Q57248498
dest_Q128999828,dest_Q128999828
dest_Q3462919,dest_Q3462919
dest_Q12948528,dest_Q12948528
dest_Q3363919,dest_Q3363919
dest_Q3324712,dest_Q3324712
dest_Q57248386,dest_Q57248386
dest_Q3413025,dest_Q2405790
dest_Q3322904,dest_Q3322904
dest_Q3428902,dest_Q3428902
dest_Q3346984,dest_Q3346984
dest_Q16511555,dest_Q16511555
dest_Q3463381,dest_Q3463381
dest_Q3322468,dest_Q3322468
dest_Q55107694,dest_Q2405790
dest_Q4863748,dest_Q4863748
dest_Q3315075,dest_Q3315075
dest_Q3512289,dest_Q2405790
dest_Q16531471,dest_Q16531471
dest_Q3401188,dest_Q3401188
dest_Q5263988,dest_Q5263988
dest_Q20971719,dest_Q20971719
dest_Q22938851,dest_Q22938851
dest_Q60848175,dest_Q60848175
dest_Q57249047,dest_Q57249047
dest_Q3478898,dest_Q2405790
dest_Q2891017,dest_Q2891017
dest_Q19460497,dest_Q19460497
dest_Q19880346,dest_Q19880346
dest_Q8000146,dest_Q8000146
dest_Q3137598,dest_Q3137598
dest_Q5069673,dest_Q5069673
dest_Q7568672,dest_Q7568672
dest_Q23709783,dest_Q23709783
dest_Q609145,dest_Q609145
dest_Q5596892,dest_Q5596892
dest_Q19460958,dest_Q19460958
dest_Q19460920,dest_Q19460920
dest_Q2777391,dest_Q2777391
dest_Q5877034,dest_Q5877034
dest_Q2897829,dest_Q2897829
dest_Q3489636,dest_Q3489636
dest_Q19462163,dest_Q19462163
dest_Q55603552,dest_Q55603552
dest_Q2494157,dest_Q2494157
dest_Q19462331,dest_Q19462331
dest_Q2903300,dest_Q2903300
dest_Q19461829,dest_Q19461829
dest_Q2897810,dest_Q120652717
dest_Q3506834,dest_Q3506834
dest_Q63133448,dest_Q63133448
dest_Q20657554,dest_Q20657554
dest_Q2776706,dest_Q2776706
dest_Q2777516,dest_Q2777516
dest_Q63229826,dest_Q63229826
dest_Q107062351,dest_Q107062351
dest_Q20638798,dest_Q20638798
dest_Q16358340,dest_Q16358340
dest_Q4179275,dest_Q4179275
dest_Q2909275,dest_Q2909275
dest_Q2776717,dest_Q2776717
dest_Q2900330,dest_Q2900330
dest_Q23709780,dest_Q23709780
dest_Q7057033,dest_Q7057033
dest_Q19460762,dest_Q19460762
dest_Q63229942,dest_Q63229942
dest_Q6858327,dest_Q6858327
dest_Q19462000,dest_Q19462000
dest_Q2906317,dest_Q2906317
dest_Q2904118,dest_Q13479684
dest_Q23709784,dest_Q23709784
dest_Q20657539,dest_Q20657539
dest_Q2909787,dest_Q2909787
dest_Q7622069,dest_Q7622069
dest_Q2777744,dest_Q2777744
dest_Q1495636,dest_Q1495636
dest_Q20657457,dest_Q20657457
dest_Q2908308,dest_Q2908308
dest_Q2897837,dest_Q2897837
dest_Q19461759,dest_Q19461759
dest_Q7641185,dest_Q7641185
dest_Q5329560,dest_Q5329560
dest_Q7336592,dest_Q7336592
dest_Q19461418,dest_Q19461418
dest_Q19857056,dest_Q19857056
dest_Q1076122,dest_Q1076122
dest_Q7566477,dest_Q7566477
dest_Q19461650,dest_Q19461650
dest_Q63148586,dest_Q63148586
dest_Q23709779,dest_Q23709779
dest_Q1068356,dest_Q1068356
dest_Q19460400,dest_Q19460400
dest_Q2777275,dest_Q2777275
dest_Q4179975,dest_Q4179975
dest_Q19461061,dest_Q19461061
dest_Q19462315,dest_Q19462315
dest_Q19462076,dest_Q19462076
dest_Q2776752,dest_Q2776752
dest_Q2906653,dest_Q2906653
dest_Q2901629,dest_Q2901629
dest_Q23709782,dest_Q23709782
dest_Q107476410,dest_Q107476406
dest_Q180294,dest_Q180294
dest_Q12040822,dest_Q12040822
dest_Q12411400,dest_Q12411400
dest_Q55649201,dest_Q55649201
dest_Q5565569,dest_Q5565569
dest_Q12049887,dest_Q12040822
dest_Q11975871,dest_Q11975871
dest_Q25490343,dest_Q25490343
dest_Q2094572,dest_Q13479684
dest_Q12049892,dest_Q12040822
dest_Q6578129,dest_Q6578129
dest_Q11707222,dest_Q11707222
dest_Q12411698,dest_Q12411698
dest_Q7210707,dest_Q7210707
dest_Q130711,dest_Q130711
dest_Q6733478,dest_Q6733478
dest_Q107476412,dest_Q107476406
dest_Q2920009,dest_Q2920009
dest_Q107476414,dest_Q107476406
dest_Q6565654,dest_Q6565654
dest_Q55649189,dest_Q55649189
dest_Q107476415,dest_Q107476406
dest_Q12040953,dest_Q12040953
dest_Q6619311,dest_Q6619311
dest_Q3496695,dest_Q3496695
dest_Q2632900,dest_Q2632900
dest_Q2919254,dest_Q2919254
dest_Q2776307,dest_Q2776307
dest_Q31197716,dest_Q31197716
dest_Q12040821,dest_Q12040821
dest_Q4745650,dest_Q4745650
dest_Q3496285,dest_Q3496285
dest_Q3488209,dest_Q3488209
dest_Q12049888,dest_Q12040822
dest_Q7083682,dest_Q7083682
dest_Q107476406,dest_Q107476406
dest_Q12411699,dest_Q12411699
dest_Q112942263,dest_Q112942263
dest_Q12049889,dest_Q12040822
dest_Q7222535,dest_Q7222535
dest_Q13479684,dest_Q13479684
dest_Q6573719,dest_Q6573719
dest_Q6545486,dest_Q6545486
dest_Q6649032,dest_Q6649032
dest_Q7003777,dest_Q7003777
dest_Q5636403,dest_Q5636403
dest_Q12411133,dest_Q12411133
dest_Q14236381,dest_Q14236381
dest_Q12049883,dest_Q12040822
dest_Q2919269,dest_Q2919269
dest_Q6966107,dest_Q6966107
dest_Q1913008,dest_Q1913008
dest_Q119100010,dest_Q119100010
dest_Q2273568,dest_Q2273568
dest_Q2414380,dest_Q2414380
dest_Q2114469,dest_Q2114469
dest_Q3119185,dest_Q3119185
dest_Q2179289,dest_Q2179289
dest_Q120652717,dest_Q120652717
dest_Q2379368,dest_Q2379368
dest_Q2282747,dest_Q2282747
dest_Q2011997,dest_Q2011997
dest_Q2383367,dest_Q2383367
dest_Q2544379,dest_Q2544379
dest_Q2934228,dest_Q2934228
dest_Q2389306,dest_Q2389306
dest_Q2274767,dest_Q2274767
dest_Q2431338,dest_Q2431338
dest_Q1993657,dest_Q1993657
dest_Q3111992,dest_Q3111992
dest_Q2084302,dest_Q2084302
dest_Q2958603,dest_Q2958603
dest_Q994533,dest_Q1987332
dest_Q2513425,dest_Q2513425
dest_Q3382714,dest_Q3382714
dest_Q2380712,dest_Q2380712
dest_Q3033863,dest_Q3033863
dest_Q2202644,dest_Q2202644
dest_Q2183044,dest_Q2183044
dest_Q3386239,dest_Q3386239
dest_Q2438939,dest_Q2438939
dest_Q1813498,dest_Q1813498
dest_Q837211,dest_Q2130917
dest_Q2940465,dest_Q2940465
dest_Q16333721,dest_Q16333721
dest_Q2251334,dest_Q2251334
dest_Q2370484,dest_Q2370484
dest_Q2130917,dest_Q2130917
dest_Q2254676,dest_Q2254676
dest_Q2350575,dest_Q2350575
dest_Q1920285,dest_Q1920285
dest_Q1990170,dest_Q1990170
dest_Q2888355,dest_Q2888355
dest_Q1987332,dest_Q1987332
dest_Q2149259,dest_Q2149259
dest_Q2601195,dest_Q2601195
dest_Q2055745,dest_Q2055745
dest_Q2008097,dest_Q2008097
dest_Q2145819,dest_Q2145819
dest_Q2919442,dest_Q2919442
dest_Q2335507,dest_Q2335507
dest_Q5480350,dest_Q5480350
dest_Q2025416,dest_Q2025416
dest_Q14516208,dest_Q14516208
dest_Q15879979,dest_Q15879979
dest_Q110453321,dest_Q110453321
dest_Q56683018,dest_Q56683018
dest_Q2663242,dest_Q2663242
dest_Q2776749,dest_Q2776749
dest_Q14512570,dest_Q14512570
dest_Q11873640,dest_Q11873640
dest_Q2613371,dest_Q2613371
dest_Q21007566,dest_Q21007566
dest_Q21095082,dest_Q21095082
dest_Q97202966,dest_Q97202966
dest_Q56402060,dest_Q56402060
dest_Q112040658,dest_Q112040658
dest_Q13571856,dest_Q13571856
dest_Q2704722,dest_Q2704722
dest_Q42294399,dest_Q42294399
dest_Q11880049,dest_Q11880049
dest_Q126709817,dest_Q126709817
dest_Q2619499,dest_Q2619499
dest_Q61864325,dest_Q61864325
dest_Q96250888,dest_Q96250888
dest_Q2657150,dest_Q2657150
dest_Q110087469,dest_Q110087469
dest_Q137656876,dest_Q137656876
dest_Q5491741,dest_Q5491741
dest_Q118490435,dest_Q118490435
dest_Q13702869,dest_Q13702869
dest_Q126943053,dest_Q126943053
dest_Q2663130,dest_Q2663130
dest_Q55643130,dest_Q55643130
dest_Q56400192,dest_Q56400192
dest_Q4842351,dest_Q4842351
dest_Q28942930,dest_Q28942930
dest_Q1723764,dest_Q1723764
dest_Q65241933,dest_Q65241933
dest_Q100251792,dest_Q100251792
dest_Q4916566,dest_Q4916566
dest_Q132732268,dest_Q132732268
dest_Q129823884,dest_Q129823884
dest_Q11861205,dest_Q11861205
dest_Q2642940,dest_Q2642940
dest_Q7137914,dest_Q7137914
dest_Q7624658,dest_Q7624658
dest_Q7291741,dest_Q7291741
dest_Q2175554,dest_Q2175554
dest_Q456170,dest_Q456149
dest_Q4889851,dest_Q4889851
dest_Q677133,dest_Q456149
dest_Q455735,dest_Q455735
dest_Q456153,dest_Q456149
dest_Q106887201,dest_Q106887201
dest_Q7985046,dest_Q7985046
dest_Q5035923,dest_Q5035923
dest_Q5572172,dest_Q5572172
dest_Q5303341,dest_Q5303341
dest_Q456149,dest_Q456149
dest_Q12065532,dest_Q12065532
dest_Q460885,dest_Q456149
dest_Q6423564,dest_Q6423564
dest_Q7056405,dest_Q7056405
dest_Q456175,dest_Q456149
dest_Q656446,dest_Q656446
dest_Q675017,dest_Q456149
dest_Q5762753,dest_Q5762753
dest_Q7842379,dest_Q7842379
dest_Q5504398,dest_Q5504398
dest_Q167179,dest_Q167179
dest_Q7203852,dest_Q7203852
dest_Q6983159,dest_Q6983159
dest_Q5061525,dest_Q5061525
dest_Q5148498,dest_Q5148498
dest_Q7056101,dest_Q7056101
dest_Q6802142,dest_Q6802142
dest_Q677710,dest_Q456149
dest_Q8032803,dest_Q16903651
dest_Q642353,dest_Q642353
dest_Q657525,dest_Q456149
dest_Q276792,dest_Q276792
dest_Q6837639,dest_Q6837639
dest_Q7961027,dest_Q7961027
dest_Q39240,dest_Q39240
dest_Q16903651,dest_Q16903651
dest_Q6550702,dest_Q6550702
dest_Q5329275,dest_Q5329275
dest_Q248593,dest_Q248593
dest_Q382903,dest_Q382903
dest_Q7270735,dest_Q7270735
dest_Q7646941,dest_Q7646941
dest_Q531899,dest_Q531899
dest_Q12060942,dest_Q12060942
dest_Q433012,dest_Q433012
dest_Q456159,dest_Q456149
dest_Q5132200,dest_Q5132200
dest_Q5035958,dest_Q5035923
dest_Q1801709,dest_Q1801709
dest_Q49006168,dest_Q49006168
dest_Q49006171,dest_Q49006168
dest_Q31843690,dest_Q31843690
dest_Q9162221,dest_Q11686984
dest_Q1786832,dest_Q1786832
dest_Q9154411,dest_Q9154411
dest_Q9154799,dest_Q9154799
dest_Q932405,dest_Q932405
dest_Q49006173,dest_Q49006168
dest_Q692728,dest_Q692728
dest_Q22630312,dest_Q22630312
dest_Q691367,dest_Q691367
dest_Q129352,dest_Q129352
dest_Q1664730,dest_Q1664730
dest_Q687052,dest_Q687052
dest_Q870098,dest_Q456149
dest_Q49006178,dest_Q49006168
dest_Q131290,dest_Q131290
dest_Q1108280,dest_Q1108280
dest_Q139251205,dest_Q139251205
dest_Q870084,dest_Q870084
dest_Q693413,dest_Q693413
dest_Q22647165,dest_Q22647129
dest_Q693374,dest_Q693374
dest_Q9155984,dest_Q9155984
dest_Q3506377,dest_Q3506377
dest_Q1805410,dest_Q1805410
dest_Q693397,dest_Q693397
dest_Q105375939,dest_Q105375939
dest_Q10987378,dest_Q10987378
dest_Q936912,dest_Q936912
dest_Q24901202,dest_Q24901202
dest_Q49006177,dest_Q49006168
dest_Q179833,dest_Q179833
dest_Q9157876,dest_Q9157876
dest_Q22560696,dest_Q22560696
dest_Q48770991,dest_Q48770991
dest_Q693357,dest_Q693357
dest_Q49371714,dest_Q49371714
dest_Q2120061,dest_Q2120061
dest_Q1093831,dest_Q1093831
dest_Q11689105,dest_Q11689105
dest_Q1390529,dest_Q1390529
dest_Q104707177,dest_Q104707177
dest_Q35791502,dest_Q35791502
dest_Q9168579,dest_Q9168579
dest_Q49006175,dest_Q49006168
dest_Q9146777,dest_Q9146777
dest_Q9170587,dest_Q11687947
dest_Q22647129,dest_Q22647129
dest_Q693483,dest_Q693483
dest_Q693321,dest_Q693321
dest_Q692773,dest_Q692773
dest_Q10756046,dest_Q10756046
dest_Q2542646,dest_Q2542646
dest_Q9166234,dest_Q9166234
dest_Q9350781,dest_Q9350781
dest_Q9180919,dest_Q9180919
dest_Q7510811,dest_Q7510811
dest_Q9339313,dest_Q9339313
dest_Q9302654,dest_Q9302654
dest_Q9332681,dest_Q9332681
dest_Q7084555,dest_Q7084555
dest_Q9295097,dest_Q9295097
dest_Q6358262,dest_Q6358262
dest_Q9181188,dest_Q9181188
dest_Q6440725,dest_Q6440725
dest_Q9252979,dest_Q9252979
dest_Q4821619,dest_Q11686984
dest_Q9355674,dest_Q9355674
dest_Q9275276,dest_Q9275268
dest_Q9352003,dest_Q9352003
dest_Q9378187,dest_Q9378187
dest_Q9351235,dest_Q9351235
dest_Q9359855,dest_Q9359855
dest_Q11690179,dest_Q11690179
dest_Q9355606,dest_Q9355606
dest_Q9282535,dest_Q9282535
dest_Q9275268,dest_Q9275268
dest_Q7398155,dest_Q7398155
dest_Q11687947,dest_Q11687947
dest_Q7667544,dest_Q106704678
dest_Q11689027,dest_Q11689027
dest_Q9249275,dest_Q9249255
dest_Q4937226,dest_Q4937226
dest_Q3909693,dest_Q3909693
dest_Q9364515,dest_Q9364515
dest_Q9379148,dest_Q9379148
dest_Q9288959,dest_Q11709129
dest_Q9249255,dest_Q9249255
dest_Q9338071,dest_Q9338071
dest_Q9283872,dest_Q9283872
dest_Q9339362,dest_Q9339362
dest_Q9344505,dest_Q9344505
dest_Q9325857,dest_Q9325855
dest_Q9303696,dest_Q9303696
dest_Q4981889,dest_Q4981889
dest_Q7667546,dest_Q106704678
dest_Q5575662,dest_Q11701010
dest_Q9190269,dest_Q9190269
dest_Q9350778,dest_Q9350778
dest_Q9344367,dest_Q9344367
dest_Q3569401,dest_Q3569401
dest_Q7082802,dest_Q7082802
dest_Q9275025,dest_Q9275025
dest_Q9324119,dest_Q9324119
dest_Q8039763,dest_Q8039763
dest_Q2752878,dest_Q2752878
dest_Q9377683,dest_Q9377683
dest_Q9276451,dest_Q9276451
dest_Q5202220,dest_Q5202220
dest_Q9332950,dest_Q9332950
dest_Q9210353,dest_Q9210353
dest_Q7606696,dest_Q7606696
dest_Q9344128,dest_Q9344128
dest_Q9332677,dest_Q9332677
dest_Q9181914,dest_Q9181914
dest_Q9177679,dest_Q9177679
dest_Q7667551,dest_Q106704678
dest_Q3648191,dest_Q3648191
dest_Q9353328,dest_Q9353328
dest_Q5201987,dest_Q5201987
dest_Q9261567,dest_Q9261567
dest_Q6343955,dest_Q6343955
dest_Q9325855,dest_Q9325855
dest_Q9249288,dest_Q9249255
dest_Q9183492,dest_Q9183492
dest_Q9352047,dest_Q9352047
dest_Q7510768,dest_Q7510768
dest_Q9261641,dest_Q9261641
dest_Q9343796,dest_Q9343796
dest_Q6781611,dest_Q11770894
dest_Q11800296,dest_Q11800296
dest_Q11764056,dest_Q11764056
dest_Q11788935,dest_Q11788935
dest_Q9374297,dest_Q9374297
dest_Q11698124,dest_Q11698124
dest_Q9375233,dest_Q9375233
dest_Q11702552,dest_Q11702552
dest_Q11796187,dest_Q11796187
dest_Q11762701,dest_Q11762701
dest_Q9395945,dest_Q9395945
dest_Q9397528,dest_Q9397528
dest_Q11800004,dest_Q11800004
dest_Q11701112,dest_Q11701112
dest_Q11770894,dest_Q11770894
dest_Q9387706,dest_Q9387706
dest_Q9397526,dest_Q9397526
dest_Q9374300,dest_Q9374297
dest_Q11793559,dest_Q11793559
dest_Q11716021,dest_Q11716021
dest_Q11802425,dest_Q11802425
dest_Q11798154,dest_Q11798154
dest_Q11783708,dest_Q11783708
dest_Q11686984,dest_Q11686984
dest_Q11770896,dest_Q11770894
dest_Q11798430,dest_Q11798430
dest_Q11797821,dest_Q11797821
dest_Q9371651,dest_Q9371651
dest_Q11753000,dest_Q11753000
dest_Q9385935,dest_Q9385935
dest_Q11761853,dest_Q11761853
dest_Q9385651,dest_Q9385651
dest_Q9397527,dest_Q9397527
dest_Q9374298,dest_Q9374297
dest_Q11701010,dest_Q11701010
dest_Q11795653,dest_Q11795653
dest_Q11784382,dest_Q11784381
dest_Q9387464,dest_Q9387464
dest_Q11778269,dest_Q11778269
dest_Q11692065,dest_Q11692065
dest_Q11770949,dest_Q11770949
dest_Q9395414,dest_Q9395414
dest_Q11793670,dest_Q11793670
dest_Q11709129,dest_Q11709129
dest_Q11711802,dest_Q11711802
dest_Q9387680,dest_Q9387680
dest_Q9374272,dest_Q9374272
dest_Q9387505,dest_Q9387505
dest_Q9376104,dest_Q9376104
dest_Q11755387,dest_Q11755387
dest_Q11782027,dest_Q11782027
dest_Q11780110,dest_Q11780110
dest_Q11733729,dest_Q11733729
dest_Q11752905,dest_Q11752905
dest_Q9395946,dest_Q9395945
dest_Q9381252,dest_Q9381252
dest_Q11793735,dest_Q11793735
dest_Q11788209,dest_Q11788209
dest_Q9371581,dest_Q9371581
dest_Q11770895,dest_Q11770894
dest_Q11755412,dest_Q11755412
dest_Q11767415,dest_Q11767415
dest_Q11772661,dest_Q11772661
dest_Q11785654,dest_Q11785654
dest_Q11793756,dest_Q11793756
dest_Q11753209,dest_Q11753209
dest_Q9390198,dest_Q9390198
dest_Q11784381,dest_Q11784381
dest_Q9397425,dest_Q9397425
dest_Q9394008,dest_Q9394008
dest_Q118903458,dest_Q118903458
dest_Q21020043,dest_Q21020043
dest_Q118902259,dest_Q118902259
dest_Q24947713,dest_Q1801709
dest_Q11740485,dest_Q11740485
dest_Q104833991,dest_Q104833991
dest_Q11751988,dest_Q11751988
dest_Q86724603,dest_Q86724603
dest_Q104817562,dest_Q104817562
dest_Q107209278,dest_Q107209278
dest_Q106614721,dest_Q106614721
dest_Q11748005,dest_Q11748005
dest_Q105495466,dest_Q105495466
dest_Q104817639,dest_Q104817639
dest_Q104816854,dest_Q104816854
dest_Q56340303,dest_Q56340303
dest_Q11744696,dest_Q11744696
dest_Q104805768,dest_Q104805768
dest_Q11743014,dest_Q11743014
dest_Q11815481,dest_Q11815481
dest_Q105041010,dest_Q105041010
dest_Q11752029,dest_Q11752013
dest_Q106489021,dest_Q106489021
dest_Q11816529,dest_Q11816529
dest_Q11737582,dest_Q11737582
dest_Q11752013,dest_Q11752013
dest_Q16913412,dest_Q16913412
dest_Q105105162,dest_Q105105162
dest_Q106357344,dest_Q106357344
dest_Q11752031,dest_Q11752031
dest_Q104833414,dest_Q104833414
dest_Q11819256,dest_Q11819256
dest_Q23955254,dest_Q23955254
dest_Q97931331,dest_Q936912
dest_Q104131029,dest_Q104131029
dest_Q23996247,dest_Q23996247
dest_Q11816309,dest_Q11816309
dest_Q16581633,dest_Q16581633
dest_Q118903451,dest_Q118903451
dest_Q107498801,dest_Q107498801
dest_Q101579681,dest_Q101579681
dest_Q107358656,dest_Q107358656
dest_Q104836679,dest_Q104836679
dest_Q11833489,dest_Q11833489
dest_Q16570471,dest_Q16570471
dest_Q106704678,dest_Q106704678
dest_Q11833730,dest_Q11833730
dest_Q107255889,dest_Q107255889
dest_Q16913410,dest_Q16913410
dest_Q11750898,dest_Q11750898
dest_Q11744570,dest_Q11744570
dest_Q108770327,dest_Q108770327
dest_Q3299460,dest_Q3299460
dest_Q165871,dest_Q165871
dest_Q109419869,dest_Q104836679
dest_Q134112536,dest_Q134112536
dest_Q138035613,dest_Q138035613
dest_Q171177,dest_Q171177
dest_Q96418492,dest_Q96418492
dest_Q109796598,dest_Q109796598
dest_Q170674,dest_Q170674
dest_Q4408287,dest_Q4408287
dest_Q111204033,dest_Q111204033
dest_Q4122840,dest_Q4122840
dest_Q52401395,dest_Q52401395
dest_Q125358562,dest_Q125358562
dest_Q6016253,dest_Q6016253
dest_Q110630192,dest_Q110630192
dest_Q111236929,dest_Q111236929
dest_Q110463214,dest_Q110463214
dest_Q21748569,dest_Q21748569
dest_Q110822517,dest_Q110822517
dest_Q110591573,dest_Q110591573
dest_Q124546907,dest_Q124546907
dest_Q108342442,dest_Q108342442
dest_Q4850821,dest_Q4850821
dest_Q130740314,dest_Q130740314
dest_Q110459395,dest_Q110459395
dest_Q72563,dest_Q72563
dest_Q171151,dest_Q171151
dest_Q109617061,dest_Q109617061
dest_Q170700,dest_Q170700
dest_Q110700090,dest_Q110700090
dest_Q108189400,dest_Q108189400
dest_Q2764105,dest_Q2764105
dest_Q129408527,dest_Q129408527
dest_Q1954924,dest_Q1954924
dest_Q139806112,dest_Q139806112
dest_Q109564747,dest_Q109564747
dest_Q18398447,dest_Q18398447
dest_Q110757536,dest_Q110757536
dest_Q52104122,dest_Q52104122
dest_Q170940,dest_Q170940
dest_Q1620983,dest_Q1620983
dest_Q109530704,dest_Q109530704
dest_Q110206647,dest_Q110206647
dest_Q170889,dest_Q170889
dest_Q4289758,dest_Q4289758
dest_Q109332058,dest_Q106704678
dest_Q3463066,dest_Q3463066
dest_Q115677706,dest_Q115677703
dest_Q20758138,dest_Q20758138
dest_Q7424132,dest_Q7424132
dest_Q115677683,dest_Q115677683
dest_Q115677701,dest_Q115677701
dest_Q115677684,dest_Q115677684
dest_Q11793834,dest_Q11793834
dest_Q115677685,dest_Q115677685
dest_Q6650485,dest_Q6650485
dest_Q9377381,dest_Q9377381
dest_Q115677695,dest_Q115677695
dest_Q115677682,dest_Q115677682
dest_Q9378128,dest_Q9378128
dest_Q9351191,dest_Q9351191
dest_Q115677705,dest_Q115677703
dest_Q115677687,dest_Q115677687
dest_Q115677702,dest_Q115677702
dest_Q11784799,dest_Q11784799
dest_Q9283985,dest_Q9283985
dest_Q7056370,dest_Q7056370
dest_Q9348671,dest_Q9348671
dest_Q1004192,dest_Q1004192
dest_Q115677688,dest_Q115677688
dest_Q9294650,dest_Q9294650
dest_Q115677696,dest_Q115677696
dest_Q115677698,dest_Q115677698
dest_Q11801546,dest_Q11801546
dest_Q115677709,dest_Q115677709
dest_Q5100157,dest_Q5100157
dest_Q11716167,dest_Q11716167
dest_Q11699244,dest_Q11699244
dest_Q115677697,dest_Q115677697
dest_Q11828312,dest_Q11828312
dest_Q11736663,dest_Q11736663
dest_Q115677689,dest_Q115677689
dest_Q115677700,dest_Q115677700
dest_Q115677703,dest_Q115677703
dest_Q2910808,dest_Q2910808
dest_Q115677690,dest_Q115677690
dest_Q11800526,dest_Q11800526
dest_Q11817045,dest_Q11817045
dest_Q9325914,dest_Q9325914
dest_Q115677686,dest_Q115677686
dest_Q137210681,dest_Q137210681
dest_Q115677694,dest_Q115677694
dest_Q9171480,dest_Q9171480
dest_Q5366943,dest_Q5366943
dest_Q11750563,dest_Q11750563
dest_Q9265297,dest_Q9265297
dest_Q11826552,dest_Q11826552
dest_Q652258,dest_Q652258
dest_Q2657474,dest_Q2657474
dest_Q2594514,dest_Q2594514
dest_Q11786470,dest_Q11786470
dest_Q5419566,dest_Q5419566
dest_Q115677693,dest_Q115677693
dest_Q115677692,dest_Q115677692
dest_Q115677708,dest_Q115677708
dest_Q115677699,dest_Q115677699
dest_Q3851571,dest_Q3851571
dest_Q11749039,dest_Q11749039
dest_Q9386348,dest_Q9386348
dest_Q11752728,dest_Q11752728
dest_Q3200044,dest_Q3200044
dest_Q115677704,dest_Q115677704
dest_Q115677681,dest_Q115677681
dest_Q11826431,dest_Q11826431
dest_Q115677691,dest_Q115677690
dest_Q115677676,dest_Q115677676
dest_Q115677651,dest_Q115677651
dest_Q115677655,dest_Q115677654
dest_Q115677645,dest_Q115677645
dest_Q115677665,dest_Q115677665
dest_Q115677657,dest_Q115677657
dest_Q115677642,dest_Q115677642
dest_Q115677640,dest_Q115677640
dest_Q115677644,dest_Q115677644
dest_Q115677635,dest_Q115677635
dest_Q115677633,dest_Q115677633
dest_Q115677652,dest_Q115677652
dest_Q115677664,dest_Q115677662
dest_Q115677648,dest_Q115677648
dest_Q133859461,dest_Q133859461
dest_Q115677659,dest_Q115677659
dest_Q115677649,dest_Q115677649
dest_Q115677634,dest_Q115677634
dest_Q115677674,dest_Q115677672
dest_Q115677675,dest_Q115677675
dest_Q115677658,dest_Q115677658
dest_Q115677678,dest_Q115677678
dest_Q115677668,dest_Q115677668
dest_Q133859166,dest_Q133859166
dest_Q125895621,dest_Q125895621
dest_Q115677663,dest_Q115677662
dest_Q115677643,dest_Q115677643
dest_Q115677650,dest_Q115677650
dest_Q134125724,dest_Q134125724
dest_Q115677639,dest_Q115677639
dest_Q115677677,dest_Q115677676
dest_Q115677672,dest_Q115677672
dest_Q134125322,dest_Q114903443
dest_Q115677656,dest_Q115677656
dest_Q115677632,dest_Q115677632
dest_Q115677666,dest_Q115677666
dest_Q134125440,dest_Q134125440
dest_Q115677670,dest_Q115677670
dest_Q115677638,dest_Q115677638
dest_Q115677669,dest_Q115677669
dest_Q115677662,dest_Q115677662
dest_Q115677637,dest_Q115677637
dest_Q133859205,dest_Q133859205
dest_Q134125427,dest_Q134125427
dest_Q115677679,dest_Q115677679
dest_Q115677661,dest_Q115677661
dest_Q115677636,dest_Q115677636
dest_Q115677671,dest_Q115677671
dest_Q115677641,dest_Q115677641
dest_Q115677654,dest_Q115677654
dest_Q115677646,dest_Q115677646
dest_Q115677667,dest_Q115677667
dest_Q115677673,dest_Q115677672
dest_Q115677647,dest_Q115677647
dest_Q115677653,dest_Q115677653
dest_Q115677680,dest_Q115677680
dest_Q115677627,dest_Q115677627
dest_Q107292797,dest_Q107292797
dest_Q114904279,dest_Q114904279
dest_Q111015493,dest_Q111015493
dest_Q115677618,dest_Q115677618
dest_Q58426897,dest_Q58426897
dest_Q107292945,dest_Q107292945
dest_Q107292908,dest_Q107292908
dest_Q107291494,dest_Q107291494
dest_Q8030408,dest_Q8030408
dest_Q14875043,dest_Q14875043
dest_Q114904296,dest_Q114904296
dest_Q14875063,dest_Q14875063
dest_Q114903551,dest_Q114903551
dest_Q107292845,dest_Q107292845
dest_Q56308838,dest_Q56308838
dest_Q28223276,dest_Q28223276
dest_Q115677620,dest_Q115677620
dest_Q114904156,dest_Q114904156
dest_Q107292858,dest_Q107292845
dest_Q56309772,dest_Q56309772
dest_Q107292994,dest_Q107292994
dest_Q107293014,dest_Q107293014
dest_Q107292719,dest_Q107292719
dest_Q115677615,dest_Q115677615
dest_Q107292870,dest_Q107292870
dest_Q58426895,dest_Q58426895
dest_Q115677630,dest_Q115677630
dest_Q8001550,dest_Q8001550
dest_Q110763365,dest_Q110763365
dest_Q114678867,dest_Q114678867
dest_Q115452262,dest_Q107292645
dest_Q107292645,dest_Q107292645
dest_Q14875040,dest_Q14875040
dest_Q115677619,dest_Q115677619
dest_Q17012771,dest_Q115677658
dest_Q114903479,dest_Q114903479
dest_Q115677624,dest_Q115677624
dest_Q114903443,dest_Q114903443
dest_Q112158025,dest_Q112158025
dest_Q115677629,dest_Q115677629
dest_Q15210645,dest_Q15210645
dest_Q114903713,dest_Q110979084
dest_Q17139238,dest_Q17139238
dest_Q115677622,dest_Q115677622
dest_Q114678823,dest_Q114678823
dest_Q107293042,dest_Q107293014
dest_Q107292888,dest_Q107292845
dest_Q107292981,dest_Q107292981
dest_Q110890434,dest_Q110890434
dest_Q112153423,dest_Q112153423
dest_Q56308833,dest_Q56308833
dest_Q107291488,dest_Q107291488
dest_Q115677623,dest_Q115677623
dest_Q112153424,dest_Q112153423
dest_Q58427134,dest_Q58427134
dest_Q2904992,dest_Q2904992
dest_Q107293056,dest_Q107293056
dest_Q114904160,dest_Q114904160
dest_Q7989373,dest_Q115677703
dest_Q110883205,dest_Q110883205
dest_Q115677625,dest_Q115677625
dest_Q110901603,dest_Q110901603
dest_Q33134218,dest_Q33134218
dest_Q115452887,dest_Q115452887
dest_Q107292773,dest_Q107292773
dest_Q33134229,dest_Q33134229
dest_Q115677621,dest_Q115677621
dest_Q6944581,dest_Q134125724
dest_Q107291490,dest_Q107291490
dest_Q110819407,dest_Q110819407
dest_Q107292935,dest_Q107292525
dest_Q115677626,dest_Q115677626
dest_Q110979084,dest_Q110979084
dest_Q56308842,dest_Q56308842
dest_Q107293090,dest_Q107293090
dest_Q107292785,dest_Q107292785
dest_Q107293003,dest_Q107293003
dest_Q107293097,dest_Q107293090
dest_Q59550951,dest_Q59550951
dest_Q7857175,dest_Q7857175
dest_Q114903394,dest_Q114903394
dest_Q107292831,dest_Q107292831
dest_Q107293100,dest_Q107293090
dest_Q107292955,dest_Q107292525
dest_Q112157944,dest_Q112157944
dest_Q115677628,dest_Q115677628
dest_Q7985049,dest_Q115677703
dest_Q107292900,dest_Q107292900
dest_Q110923232,dest_Q110923232
dest_Q56309774,dest_Q56309774
dest_Q110763750,dest_Q110763750
dest_Q114904866,dest_Q114904866
dest_Q3345967,dest_Q3345967
dest_Q107293112,dest_Q107293112
dest_Q107292966,dest_Q107292966
dest_Q58684846,dest_Q58684846
dest_Q107293119,dest_Q107293112
dest_Q115677617,dest_Q115677617
dest_Q107292525,dest_Q107292525
dest_Q126325700,dest_Q126325700
dest_Q10975731,dest_Q10975731
dest_Q115555087,dest_Q115555087
dest_Q8047957,dest_Q8047957
dest_Q16258866,dest_Q16258866
dest_Q806929,dest_Q806929
dest_Q115054310,dest_Q115054310
dest_Q11401114,dest_Q11401114
dest_Q113625127,dest_Q113625127
dest_Q7683552,dest_Q7683552
dest_Q7366173,dest_Q7366173
dest_Q131243,dest_Q131243
dest_Q115671333,dest_Q115033593
dest_Q115033593,dest_Q115033593
dest_Q1208250,dest_Q1208250
dest_Q123028844,dest_Q123028844
dest_Q88067928,dest_Q88067928
dest_Q2605285,dest_Q2605285
dest_Q115624485,dest_Q115624485
dest_Q9334696,dest_Q9334696
dest_Q2738426,dest_Q2738426
dest_Q87269734,dest_Q87269734
dest_Q7447029,dest_Q7447029
dest_Q5015935,dest_Q5015935
dest_Q5654806,dest_Q5654806
dest_Q1108306,dest_Q1108306
dest_Q95681823,dest_Q95681823
dest_Q193486,dest_Q193486
dest_Q3873137,dest_Q3873137
dest_Q5905318,dest_Q5905318
dest_Q2604875,dest_Q2604875
dest_Q30897875,dest_Q30897875
dest_Q104849940,dest_Q104849940
dest_Q140067675,dest_Q140067675
dest_Q484837,dest_Q484837
dest_Q5582651,dest_Q5582651
dest_Q121030309,dest_Q121030309
dest_Q14900639,dest_Q14900639
dest_Q7587702,dest_Q7587702
dest_Q1642093,dest_Q1642093
dest_Q4734611,dest_Q4734611
dest_Q6033994,dest_Q6033994
dest_Q132679,dest_Q132679
dest_Q3499744,dest_Q3499744
dest_Q12636065,dest_Q12636065
dest_Q786091,dest_Q786091
dest_Q16561280,dest_Q16561280
dest_Q4167668,dest_Q4167668
dest_Q7142831,dest_Q7142831
dest_Q22935700,dest_Q22935700
dest_Q22581717,dest_Q22581717
dest_Q104849946,dest_Q104849946
dest_Q12893657,dest_Q12893657
dest_Q25044523,dest_Q25044523
dest_Q104849945,dest_Q104849945
dest_Q7595793,dest_Q7595793
dest_Q139679484,dest_Q139679484
dest_Q1001810,dest_Q1001810
dest_Q1025805,dest_Q1025805
dest_Q24883633,dest_Q24883633
dest_Q36219,dest_Q36219
dest_Q205103,dest_Q205103
dest_Q2271341,dest_Q2271341
dest_Q137299811,dest_Q137299811
dest_Q126529013,dest_Q126529013
dest_Q47282,dest_Q47282
dest_Q5474812,dest_Q5474812
dest_Q55634648,dest_Q55634648
dest_Q113117861,dest_Q113117861
dest_Q1377518,dest_Q1377518
dest_Q104880774,dest_Q104880774
dest_Q30632745,dest_Q30632745
dest_Q13139122,dest_Q13139122
dest_Q6346204,dest_Q6346204
dest_Q2049147,dest_Q2049147
dest_Q24883534,dest_Q24883534
dest_Q40816,dest_Q40816
dest_Q485496,dest_Q485496
dest_Q24885007,dest_Q24885007
dest_Q7217779,dest_Q7217779
dest_Q97258452,dest_Q97258452
dest_Q132572,dest_Q132572
dest_Q2075535,dest_Q2075535
dest_Q49755141,dest_Q49755141
dest_Q5188402,dest_Q5188402
dest_Q168162,dest_Q168162
dest_Q2222888,dest_Q2222888
dest_Q13141363,dest_Q13141363
dest_Q3976467,dest_Q3976467
dest_Q14207862,dest_Q14207862
dest_Q134273185,dest_Q134273185
dest_Q22935702,dest_Q22935702
dest_Q291912,dest_Q291912
dest_Q740050,dest_Q740050
dest_Q6415759,dest_Q6415759
dest_Q1651059,dest_Q1651059
dest_Q6959686,dest_Q6959686
dest_Q7311182,dest_Q7311182
dest_Q7416998,dest_Q7416998
dest_Q125162773,dest_Q125162773
dest_Q16304283,dest_Q16304283
dest_Q16304725,dest_Q16304725
dest_Q1074598,dest_Q1074598
dest_Q48969795,dest_Q48969795
dest_Q15628804,dest_Q15628804
dest_Q13175971,dest_Q13175971
dest_Q992154,dest_Q992154
dest_Q65404172,dest_Q65404172
dest_Q97177895,dest_Q97177895
dest_Q4907053,dest_Q4907053
dest_Q26200857,dest_Q26200857
dest_Q4700804,dest_Q4700804
dest_Q788087,dest_Q788087
dest_Q655022,dest_Q655022
dest_Q2823871,dest_Q2823871
dest_Q31497424,dest_Q31497424
dest_Q2722569,dest_Q2722569
dest_Q21344928,dest_Q21344928
dest_Q11973466,dest_Q11973466
dest_Q221734,dest_Q221734
dest_Q5061291,dest_Q5061291
dest_Q7339121,dest_Q7339121
dest_Q6933300,dest_Q6933300
dest_Q49350081,dest_Q49350081
dest_Q3435496,dest_Q3435496
dest_Q32038828,dest_Q32038828
dest_Q6349234,dest_Q6349234
dest_Q5124297,dest_Q5124297
dest_Q32015088,dest_Q32015088
dest_Q5705491,dest_Q5705491
dest_Q4730404,dest_Q4730404
dest_Q5253775,dest_Q5253775
dest_Q7532246,dest_Q7532246
dest_Q4802256,dest_Q4802256
dest_Q111686131,dest_Q111686131
dest_Q21334634,dest_Q21334634
dest_Q24905446,dest_Q24905446
dest_Q137661465,dest_Q137661465
dest_Q4693683,dest_Q4693683
dest_Q4902282,dest_Q4902282
dest_Q12285722,dest_Q12285722
dest_Q7197588,dest_Q7197588
dest_Q23915191,dest_Q23915191
dest_Q3177467,dest_Q3177467
dest_Q3002408,dest_Q3002408
dest_Q515229,dest_Q515229
dest_Q4832157,dest_Q4832157
dest_Q6148207,dest_Q6148207
dest_Q118926562,dest_Q118926562
dest_Q41283,dest_Q41283
dest_Q20927,dest_Q20927
dest_Q121890480,dest_Q121890480
dest_Q121890938,dest_Q121890938
dest_Q134474129,dest_Q134474129
dest_Q104858704,dest_Q104858704
dest_Q134473960,dest_Q134473960
dest_Q121890970,dest_Q121890970
dest_Q121946388,dest_Q121946388
dest_Q134608652,dest_Q134608652
dest_Q111948088,dest_Q111948088
dest_Q134474434,dest_Q134474434
dest_Q121890408,dest_Q121890408
dest_Q19717169,dest_Q19717169
dest_Q134520314,dest_Q134520314
dest_Q125844065,dest_Q125844065
dest_Q123626553,dest_Q123626553
dest_Q134474003,dest_Q134474003
dest_Q86751732,dest_Q86751732
dest_Q134474219,dest_Q134474219
dest_Q96371616,dest_Q96371616
dest_Q20929,dest_Q20929
dest_Q121891477,dest_Q121891477
dest_Q123586679,dest_Q123586679
dest_Q20921,dest_Q20921
dest_Q121892030,dest_Q121892030
dest_Q122614738,dest_Q122614738
dest_Q123669584,dest_Q123669584
dest_Q121891019,dest_Q121891019
dest_Q125844168,dest_Q125844168
dest_Q134475211,dest_Q134475211
dest_Q121891997,dest_Q121891997
dest_Q134474246,dest_Q134474246
dest_Q123586836,dest_Q123586836
dest_Q121890883,dest_Q121890883
dest_Q121890542,dest_Q121890542
dest_Q121891054,dest_Q121891054
dest_Q126121779,dest_Q126121779
dest_Q121890998,dest_Q121890970
dest_Q123524279,dest_Q123524279
dest_Q125905300,dest_Q125905300
dest_Q134474179,dest_Q134474179
dest_Q134474061,dest_Q134474061
dest_Q121891170,dest_Q121891170
dest_Q134475068,dest_Q134475068
dest_Q137916929,dest_Q137916929
dest_Q137739630,dest_Q137739630
dest_Q138614158,dest_Q138614158
dest_Q137739628,dest_Q137739628
dest_Q137640092,dest_Q137639822
dest_Q138142509,dest_Q138142509
dest_Q137739625,dest_Q137644861
dest_Q137739636,dest_Q137739636
dest_Q137637171,dest_Q137637171
dest_Q137705263,dest_Q137639822
dest_Q137644863,dest_Q137644863
dest_Q1000327,dest_Q1000327
dest_Q137737379,dest_Q137644853
dest_Q137705220,dest_Q137644853
dest_Q137757315,dest_Q137639822
dest_Q137708883,dest_Q137644863
dest_Q138142781,dest_Q137772128
dest_Q137708886,dest_Q137639822
dest_Q126188693,dest_Q121890480
dest_Q131343548,dest_Q131343548
dest_Q137730820,dest_Q137730820
dest_Q137917038,dest_Q137917038
dest_Q137757322,dest_Q137757322
dest_Q137772128,dest_Q137772128
dest_Q137772146,dest_Q137772146
dest_Q137757327,dest_Q137639822
dest_Q1722889,dest_Q1722889
dest_Q137737461,dest_Q137730811
dest_Q138012935,dest_Q138012935
dest_Q138613790,dest_Q138613790
dest_Q137772308,dest_Q137772308
dest_Q138613270,dest_Q138613270
dest_Q137644861,dest_Q137644861
dest_Q137708889,dest_Q137644861
dest_Q137772133,dest_Q137772133
dest_Q137772155,dest_Q137772155
dest_Q137739579,dest_Q137644853
dest_Q137737545,dest_Q137737545
dest_Q131286029,dest_Q131286029
dest_Q137639822,dest_Q137639822
dest_Q138917870,dest_Q138917870
dest_Q137650346,dest_Q137650346
dest_Q138649675,dest_Q138649675
dest_Q137639908,dest_Q137639822
dest_Q137757307,dest_Q137757307
dest_Q137639717,dest_Q137639717
dest_Q131198459,dest_Q131198459
dest_Q137708896,dest_Q137644863
dest_Q137779758,dest_Q137739638
dest_Q1002580,dest_Q1002580
dest_Q137705238,dest_Q137639822
dest_Q138614002,dest_Q138614002
dest_Q137650373,dest_Q137644863
dest_Q137739634,dest_Q137739634
dest_Q137732491,dest_Q137732491
dest_Q137739641,dest_Q137739641
dest_Q137739585,dest_Q137644861
dest_Q137737493,dest_Q137644853
dest_Q137705376,dest_Q137705376
dest_Q137732469,dest_Q137644861
dest_Q137739594,dest_Q137639822
dest_Q137705350,dest_Q137644861
dest_Q137637141,dest_Q137637141
dest_Q137644853,dest_Q137644853
dest_Q137708874,dest_Q137708874
dest_Q137739638,dest_Q137739638
dest_Q138613591,dest_Q138613591
dest_Q137730811,dest_Q137730811
dest_Q137772149,dest_Q137772149
dest_Q137739617,dest_Q137644863
dest_Q15710688,dest_Q15710688
dest_Q229610,dest_Q229610
dest_Q15700363,dest_Q15700363
dest_Q55605759,dest_Q55605759
dest_Q14207198,dest_Q14207198
dest_Q9337088,dest_Q9337088
dest_Q15710693,dest_Q15700363
dest_Q30966,dest_Q30966
dest_Q79863,dest_Q79863
dest_Q30958,dest_Q30958
dest_Q7689261,dest_Q7689261
dest_Q11129620,dest_Q11129620
dest_Q181557,dest_Q181557
dest_Q5667609,dest_Q5667609
dest_Q20577232,dest_Q20577232
dest_Q244652,dest_Q244652
dest_Q72818,dest_Q72818
dest_Q646684,dest_Q646684
dest_Q113838996,dest_Q113838996
dest_Q2357510,dest_Q2357510
dest_Q335548,dest_Q335548
dest_Q140631,dest_Q140631
dest_Q216075,dest_Q216075
dest_Q117044343,dest_Q117044343
dest_Q1023712,dest_Q1023712
dest_Q5667302,dest_Q5667302
dest_Q5700508,dest_Q5700508
dest_Q36399,dest_Q36399
dest_Q5667075,dest_Q5667075
dest_Q176458,dest_Q176458
dest_Q5666996,dest_Q5666996
dest_Q5766186,dest_Q5766186
dest_Q818765,dest_Q818765
dest_Q244898,dest_Q244898
dest_Q733005,dest_Q733005
dest_Q245023,dest_Q245023
dest_Q867573,dest_Q867573
dest_Q5666936,dest_Q5666936
dest_Q115256,dest_Q115256
dest_Q4301,dest_Q4301
dest_Q139885271,dest_Q139885271
dest_Q113839929,dest_Q113839929
dest_Q526169,dest_Q526169
dest_Q39178,dest_Q39178
dest_Q5712621,dest_Q5712621
dest_Q2699709,dest_Q2699709
dest_Q1899754,dest_Q1899754
dest_Q794144,dest_Q794144
dest_Q3607443,dest_Q3607443
dest_Q5709620,dest_Q5709620
dest_Q5709618,dest_Q5709618
dest_Q133809950,dest_Q133809950
dest_Q7989849,dest_Q29512036
dest_Q572000,dest_Q572000
dest_Q4784758,dest_Q4784758
dest_Q21944784,dest_Q21944784
dest_Q5763341,dest_Q5763341
dest_Q26902499,dest_Q26902499
dest_Q5430651,dest_Q5430651
dest_Q4929689,dest_Q4929689
dest_Q4972319,dest_Q4972319
dest_Q7169651,dest_Q7169651
dest_Q7089083,dest_Q7089083
dest_Q1073089,dest_Q1073089
dest_Q5604954,dest_Q5604954
dest_Q2827102,dest_Q2827102
dest_Q6391269,dest_Q6391269
dest_Q7196807,dest_Q7196807
dest_Q4967575,dest_Q4967575
dest_Q5189368,dest_Q5189368
dest_Q5259147,dest_Q5259147
dest_Q7928753,dest_Q7928753
dest_Q26729260,dest_Q26729260
dest_Q3892059,dest_Q3892059
dest_Q5637605,dest_Q5637605
dest_Q7186393,dest_Q7186393
dest_Q7053667,dest_Q7053667
dest_Q7972196,dest_Q7972196
dest_Q14713813,dest_Q14713813
dest_Q30626130,dest_Q30626130
dest_Q5315406,dest_Q5315406
dest_Q38251064,dest_Q38251064
dest_Q43082348,dest_Q43082348
dest_Q4875945,dest_Q4875945
dest_Q7284915,dest_Q7284915
dest_Q5532707,dest_Q5532707
dest_Q7927502,dest_Q7927502
dest_Q7988963,dest_Q7988963
dest_Q4732051,dest_Q4732051
dest_Q12209183,dest_Q12209183
dest_Q25000306,dest_Q25000306
dest_Q6906050,dest_Q6906050
dest_Q5092372,dest_Q5092372
dest_Q25001267,dest_Q25001267
dest_Q4972252,dest_Q4972252
dest_Q5527329,dest_Q5527329
dest_Q6500070,dest_Q6500070
dest_Q12627480,dest_Q12627480
dest_Q28454570,dest_Q28454570
dest_Q29512036,dest_Q29512036
dest_Q6475354,dest_Q6475354
dest_Q5685611,dest_Q5685611
dest_Q192176,dest_Q192176
dest_Q112642036,dest_Q112642036
dest_Q138298701,dest_Q138298701
dest_Q133126312,dest_Q133126312
dest_Q688654,dest_Q688654
dest_Q125662634,dest_Q125662634
dest_Q7508587,dest_Q7508587
dest_Q125523286,dest_Q125523286
dest_Q490883,dest_Q490883
dest_Q27644414,dest_Q27644414
dest_Q137776962,dest_Q137776962
dest_Q24927925,dest_Q24927925
dest_Q122566468,dest_Q122566468
dest_Q24810366,dest_Q24810366
dest_Q14219428,dest_Q14219428
dest_Q28174148,dest_Q28174148
dest_Q10396595,dest_Q10396595
dest_Q967,dest_Q967
dest_Q79,dest_Q79
dest_Q921,dest_Q921
dest_Q399,dest_Q399
dest_Q750,dest_Q750
dest_Q1011,dest_Q1011
dest_Q227,dest_Q227
dest_Q225,dest_Q225
dest_Q31,dest_Q31
dest_Q889,dest_Q889
dest_Q963,dest_Q963
dest_Q25279,dest_Q25279
dest_Q977,dest_Q977
dest_Q1009,dest_Q1009
dest_Q657,dest_Q657
dest_Q970,dest_Q970
dest_Q26988,dest_Q26988
dest_Q902,dest_Q902
dest_Q929,dest_Q929
dest_Q224,dest_Q224
dest_Q736,dest_Q736
dest_Q784,dest_Q784
dest_Q408,dest_Q408
dest_Q40,dest_Q40
dest_Q35,dest_Q35
dest_Q916,dest_Q916
dest_Q16,dest_Q16
dest_Q155,dest_Q155
dest_Q213,dest_Q213
dest_Q184,dest_Q184
dest_Q244,dest_Q244
dest_Q917,dest_Q917
dest_Q228,dest_Q228
dest_Q21203,dest_Q21203
dest_Q424,dest_Q424
dest_Q262,dest_Q262
dest_Q298,dest_Q298
dest_Q229,dest_Q229
dest_Q800,dest_Q800
dest_Q965,dest_Q965
dest_Q242,dest_Q242
dest_Q786,dest_Q786
dest_Q962,dest_Q962
dest_Q219,dest_Q219
dest_Q974,dest_Q974
dest_Q781,dest_Q781
dest_Q241,dest_Q241
dest_Q222,dest_Q222
dest_Q739,dest_Q739
dest_Q414,dest_Q414
dest_Q28,dest_Q28
dest_Q4628,dest_Q4628
dest_Q27,dest_Q27
dest_Q232,dest_Q232
dest_Q183,dest_Q183
dest_Q1246,dest_Q1231
dest_Q1008,dest_Q1008
dest_Q1006,dest_Q1006
dest_Q1007,dest_Q1007
dest_Q774,dest_Q774
dest_Q712,dest_Q712
dest_Q792,dest_Q792
dest_Q822,dest_Q822
dest_Q114,dest_Q114
dest_Q230,dest_Q230
dest_Q115,dest_Q115
dest_Q117,dest_Q117
dest_Q17,dest_Q17
dest_Q986,dest_Q986
dest_Q252,dest_Q252
dest_Q790,dest_Q790
dest_Q734,dest_Q734
dest_Q223,dest_Q223
dest_Q33,dest_Q33
dest_Q796,dest_Q796
dest_Q191,dest_Q191
dest_Q1013,dest_Q1013
dest_Q817,dest_Q817
dest_Q668,dest_Q668
dest_Q801,dest_Q801
dest_Q1050,dest_Q1050
dest_Q1000,dest_Q1000
dest_Q813,dest_Q813
dest_Q702,dest_Q702
dest_Q1410,dest_Q1410
dest_Q819,dest_Q819
dest_Q189,dest_Q189
dest_Q810,dest_Q810
dest_Q710,dest_Q710
dest_Q1014,dest_Q1014
dest_Q29999,dest_Q29999
dest_Q794,dest_Q794
dest_Q211,dest_Q211
dest_Q783,dest_Q783
dest_Q41,dest_Q41
dest_Q983,dest_Q983
dest_Q766,dest_Q766
dest_Q769,dest_Q769
dest_Q38,dest_Q38
dest_Q142,dest_Q142
dest_Q419,dest_Q419
dest_Q912,dest_Q912
dest_Q236,dest_Q236
dest_Q733,dest_Q733
dest_Q826,dest_Q826
dest_Q34020,dest_Q34020
dest_Q1019,dest_Q1019
dest_Q221,dest_Q221
dest_Q45,dest_Q45
dest_Q757,dest_Q757
dest_Q1037,dest_Q1037
dest_Q811,dest_Q811
dest_Q1033,dest_Q1033
dest_Q1025,dest_Q1025
dest_Q1030,dest_Q1030
dest_Q347,dest_Q347
dest_Q32,dest_Q32
dest_Q159,dest_Q159
dest_Q1027,dest_Q1027
dest_Q709,dest_Q709
dest_Q691,dest_Q691
dest_Q1016,dest_Q1016
dest_Q697,dest_Q697
dest_Q664,dest_Q664
dest_Q233,dest_Q233
dest_Q928,dest_Q928
dest_Q842,dest_Q842
dest_Q148,dest_Q148
dest_Q836,dest_Q836
dest_Q36,dest_Q36
dest_Q1029,dest_Q1029
dest_Q971,dest_Q971
dest_Q235,dest_Q235
dest_Q423,dest_Q423
dest_Q760,dest_Q760
dest_Q1032,dest_Q1032
dest_Q837,dest_Q837
dest_Q804,dest_Q804
dest_Q843,dest_Q843
dest_Q711,dest_Q711
dest_Q218,dest_Q218
dest_Q217,dest_Q217
dest_Q833,dest_Q833
dest_Q37,dest_Q37
dest_Q1020,dest_Q1020
dest_Q219060,dest_Q219060
dest_Q695,dest_Q695
dest_Q763,dest_Q763
dest_Q96,dest_Q96
dest_Q20,dest_Q20
dest_Q717,dest_Q717
dest_Q1039,dest_Q1039
dest_Q39,dest_Q39
dest_Q1036,dest_Q1036
dest_Q945,dest_Q945
dest_Q958,dest_Q958
dest_Q858,dest_Q858
dest_Q1044,dest_Q1044
dest_Q258,dest_Q258
dest_Q678,dest_Q678
dest_Q1049,dest_Q1049
dest_Q1005,dest_Q1005
dest_Q212,dest_Q212
dest_Q754,dest_Q754
dest_Q924,dest_Q924
dest_Q730,dest_Q730
dest_Q1042,dest_Q1042
dest_Q29,dest_Q29
dest_Q30,dest_Q30
dest_Q34,dest_Q34
dest_Q869,dest_Q869
dest_Q238,dest_Q1848
dest_Q334,dest_Q334
dest_Q881,dest_Q881
dest_Q145,dest_Q145
dest_Q237,dest_Q237
dest_Q874,dest_Q874
dest_Q854,dest_Q854
dest_Q805,dest_Q805
dest_Q865,dest_Q32081
dest_Q265,dest_Q265
dest_Q403,dest_Q403
dest_Q778,dest_Q778
dest_Q574,dest_Q574
dest_Q1041,dest_Q1041
dest_Q851,dest_Q851
dest_Q672,dest_Q672
dest_Q1045,dest_Q1045
dest_Q43,dest_Q43
dest_Q26273,dest_Q26273
dest_Q214,dest_Q214
dest_Q948,dest_Q948
dest_Q884,dest_Q884
dest_Q863,dest_Q863
dest_Q77,dest_Q77
dest_Q685,dest_Q685
dest_Q215,dest_Q215
dest_Q686,dest_Q686
dest_Q683,dest_Q683
dest_Q878,dest_Q878
dest_Q953,dest_Q953
dest_Q954,dest_Q954
dest_Q180415,dest_Q180415
dest_Q186392,dest_Q186392
dest_Q89959,dest_Q89959
dest_Q29965,dest_Q29965
dest_Q165376,dest_Q165376
dest_Q90027,dest_Q90027
dest_Q171382,dest_Q171382
dest_Q31074,dest_Q31074
dest_Q173830,dest_Q173830
dest_Q240,dest_Q240
dest_Q167485,dest_Q167485
dest_Q188933,dest_Q188933
dest_Q11198,dest_Q11198
dest_Q30682,dest_Q30682
dest_Q173821,dest_Q173821
dest_Q173808,dest_Q173808
dest_Q182493,dest_Q182493
dest_Q1061368,dest_Q1061368
dest_Q180330,dest_Q180330
dest_Q235110,dest_Q235110
dest_Q188157,dest_Q188157
dest_Q183021,dest_Q183021
dest_Q9337,dest_Q9337
dest_Q30805,dest_Q30805
dest_Q235362,dest_Q235362
dest_Q172052,dest_Q172052
dest_Q30656,dest_Q30656
dest_Q170309,dest_Q170309
dest_Q30630,dest_Q30630
dest_Q183056,dest_Q183056
dest_Q491507,dest_Q491507
dest_Q181220,dest_Q181220
dest_Q272784,dest_Q272784
dest_Q31065,dest_Q31065
dest_Q139126,dest_Q139126
dest_Q235106,dest_Q235106
dest_Q183028,dest_Q183028
dest_Q231,dest_Q231
dest_Q30675,dest_Q30675
dest_Q29943,dest_Q29943
dest_Q233933,dest_Q233933
dest_Q30644,dest_Q30644
dest_Q30831,dest_Q30831
dest_Q173816,dest_Q173816
dest_Q188147,dest_Q188147
dest_Q30786,dest_Q30786
dest_Q178471,dest_Q178471
dest_Q238079,dest_Q238079
dest_Q183036,dest_Q183036
dest_Q30650,dest_Q30650
dest_Q30832,dest_Q30832
dest_Q194483,dest_Q194483
dest_Q31067,dest_Q31067
dest_Q29937,dest_Q29937
dest_Q475035,dest_Q475035
dest_Q30946,dest_Q30946
dest_Q182487,dest_Q182487
dest_Q185442,dest_Q185442
dest_Q185575,dest_Q182493
dest_Q30669,dest_Q30669
dest_Q121104,dest_Q121104
dest_Q30797,dest_Q30797
dest_Q30815,dest_Q30815
dest_Q182844,dest_Q182844
dest_Q31070,dest_Q31070
dest_Q31075,dest_Q31075
dest_Q183015,dest_Q183015
dest_Q30835,dest_Q30835
dest_Q328134,dest_Q328134
dest_Q30662,dest_Q30662
dest_Q30683,dest_Q30683
dest_Q185752,dest_Q185752
dest_Q181235,dest_Q181235
dest_Q31079,dest_Q31079
dest_Q186418,dest_Q186418
dest_Q186395,dest_Q186395
dest_Q822578,dest_Q822578
dest_Q494869,dest_Q494869
dest_Q6667298,dest_Q6667298
dest_Q847718,dest_Q847718
dest_Q645043,dest_Q645043
dest_Q671086,dest_Q671086
dest_Q720848,dest_Q720848
dest_Q500453,dest_Q500453
dest_Q477168,dest_Q477168
dest_Q822571,dest_Q822571
dest_Q822566,dest_Q822566
dest_Q505596,dest_Q505596
dest_Q40395,dest_Q40395
dest_Q476708,dest_Q476708
dest_Q40398,dest_Q40398
dest_Q720843,dest_Q720843
dest_Q720852,dest_Q720852
dest_Q477163,dest_Q477163
dest_Q9248,dest_Q9248
dest_Q600840,dest_Q600840
dest_Q645033,dest_Q645033
dest_Q1816580,dest_Q1816580
dest_Q476703,dest_Q476703
dest_Q823740,dest_Q823740
dest_Q131844612,dest_Q131844612
dest_Q735463,dest_Q735463
dest_Q20669646,dest_Q20669646
dest_Q269986,dest_Q269986
dest_Q330813,dest_Q330813
dest_Q330800,dest_Q330800
dest_Q301832,dest_Q301832
dest_Q330749,dest_Q330749
dest_Q269680,dest_Q269680
dest_Q152825,dest_Q152825
dest_Q249252,dest_Q249252
dest_Q201647,dest_Q201647
dest_Q330796,dest_Q330796
dest_Q179538,dest_Q179538
dest_Q330834,dest_Q330834
dest_Q330857,dest_Q330857
dest_Q249293,dest_Q249293
dest_Q127255,dest_Q127255
dest_Q330818,dest_Q330818
dest_Q275744,dest_Q275744
dest_Q330839,dest_Q330839
dest_Q330807,dest_Q330807
dest_Q275784,dest_Q275784
dest_Q330790,dest_Q330790
dest_Q263285,dest_Q263285
dest_Q153009,dest_Q153009
dest_Q330843,dest_Q330843
dest_Q330850,dest_Q330850
dest_Q147553,dest_Q147553
dest_Q389381,dest_Q389381
dest_Q458524,dest_Q458524
dest_Q431385,dest_Q431385
dest_Q457513,dest_Q457513
dest_Q388980,dest_Q388980
dest_Q457485,dest_Q457485
dest_Q343908,dest_Q343908
dest_Q372795,dest_Q372795
dest_Q331687,dest_Q331687
dest_Q386506,dest_Q386506
dest_Q388087,dest_Q388087
dest_Q388960,dest_Q388960
dest_Q476695,dest_Q476695
dest_Q387994,dest_Q387994
dest_Q457491,dest_Q457491
dest_Q457494,dest_Q457494
dest_Q344252,dest_Q344252
dest_Q457499,dest_Q457499
dest_Q382132,dest_Q382132
dest_Q460538,dest_Q460538
dest_Q476690,dest_Q476690
dest_Q330864,dest_Q330864
dest_Q457508,dest_Q457508
dest_Q201147,dest_Q201147
dest_Q201140,dest_Q201140
dest_Q233917,dest_Q233917
dest_Q201063,dest_Q201063
dest_Q233169,dest_Q233169
dest_Q230932,dest_Q230932
dest_Q200350,dest_Q200350
dest_Q241116,dest_Q241116
dest_Q498437,dest_Q498437
dest_Q199905,dest_Q199905
dest_Q199880,dest_Q199880
dest_Q200124,dest_Q200124
dest_Q688589,dest_Q688589
dest_Q4511,dest_Q4511
dest_Q601105,dest_Q601105
dest_Q643989,dest_Q643989
dest_Q593872,dest_Q593872
dest_Q644048,dest_Q644048
dest_Q688633,dest_Q688633
dest_Q1953,dest_Q1953
dest_Q6398826,dest_Q6398826
dest_Q2523428,dest_Q2523428
dest_Q688626,dest_Q688626
dest_Q820940,dest_Q820940
dest_Q17915,dest_Q17915
dest_Q2025789,dest_Q201647
dest_Q16632169,dest_Q16632169
dest_Q244978,dest_Q244978
dest_Q911421,dest_Q911421
dest_Q841338,dest_Q841338
dest_Q737711,dest_Q737711
dest_Q3832,dest_Q3832
dest_Q1050621,dest_Q1050621
dest_Q845168,dest_Q845168
dest_Q910393,dest_Q910393
dest_Q843975,dest_Q843975
dest_Q180414,dest_Q180414
dest_Q810484,dest_Q810484
dest_Q607499,dest_Q607499
dest_Q165784,dest_Q165784
dest_Q597410,dest_Q597410
dest_Q857122,dest_Q857122
dest_Q741025,dest_Q741025
dest_Q845172,dest_Q845172
dest_Q821037,dest_Q821037
dest_Q876023,dest_Q876023
dest_Q726620,dest_Q726620
dest_Q271797,dest_Q271797
dest_Q175706,dest_Q175706
dest_Q379382,dest_Q379382
dest_Q19594930,dest_Q19594930
dest_Q459732,dest_Q459732
dest_Q385584,dest_Q385584
dest_Q867856,dest_Q867856
dest_Q330158,dest_Q330158
dest_Q867869,dest_Q867869
dest_Q459723,dest_Q459723
dest_Q848585,dest_Q848585
dest_Q823946,dest_Q823946
dest_Q848560,dest_Q848560
dest_Q351514,dest_Q351514
dest_Q378970,dest_Q378970
dest_Q167514,dest_Q167514
dest_Q1139666,dest_Q1139666
dest_Q856227,dest_Q856227
dest_Q856237,dest_Q856237
dest_Q231324,dest_Q231324
dest_Q849841,dest_Q849841
dest_Q16632172,dest_Q16632169
dest_Q742455,dest_Q742455
dest_Q848572,dest_Q848572
dest_Q860813,dest_Q860813
dest_Q1149611,dest_Q1149611
dest_Q739951,dest_Q739951
dest_Q823976,dest_Q823976
dest_Q177799,dest_Q177799
dest_Q502341,dest_Q502341
dest_Q305257,dest_Q305257
dest_Q501696,dest_Q501696
dest_Q848567,dest_Q848567
dest_Q848578,dest_Q848578
dest_Q848582,dest_Q848582
dest_Q848591,dest_Q848591
dest_Q848596,dest_Q848596
dest_Q3659,dest_Q3659
dest_Q748093,dest_Q748093
dest_Q158087,dest_Q158087
dest_Q1042437,dest_Q1042437
dest_Q821008,dest_Q821008
dest_Q57571,dest_Q57571
dest_Q57581,dest_Q57581
dest_Q57695,dest_Q57695
dest_Q57636,dest_Q57617
dest_Q844929,dest_Q844929
dest_Q645896,dest_Q645896
dest_Q165536,dest_Q165536
dest_Q57525,dest_Q57525
dest_Q57609,dest_Q57609
dest_Q705941,dest_Q705941
dest_Q283979,dest_Q283979
dest_Q58129,dest_Q58129
dest_Q57593,dest_Q57593
dest_Q57599,dest_Q57599
dest_Q57617,dest_Q57617
dest_Q12182414,dest_Q12182414
dest_Q26067,dest_Q26067
dest_Q732322,dest_Q1431099
dest_Q41587,dest_Q41587
dest_Q40130,dest_Q40130
dest_Q37985,dest_Q37985
dest_Q41967,dest_Q41967
dest_Q1948,dest_Q1948
dest_Q43325,dest_Q43325
dest_Q1476302,dest_Q1431099
dest_Q1989,dest_Q1989
dest_Q131759114,dest_Q131759114
dest_Q173988,dest_Q173988
dest_Q42824,dest_Q42824
dest_Q168787,dest_Q168787
dest_Q2009,dest_Q2009
dest_Q1431129,dest_Q1431099
dest_Q190066,dest_Q190066
dest_Q131747739,dest_Q131747739
dest_Q41358,dest_Q41358
dest_Q131747679,dest_Q131747679
dest_Q1965,dest_Q1965
dest_Q1741,dest_Q1741
dest_Q26061,dest_Q26061
dest_Q41428,dest_Q41428
dest_Q617801,dest_Q1431099
dest_Q175,dest_Q175
dest_Q42880,dest_Q153809
dest_Q2023,dest_Q2023
dest_Q40885,dest_Q40885
dest_Q271176,dest_Q271176
dest_Q17511516,dest_Q17511516
dest_Q176,dest_Q176
dest_Q43255,dest_Q43255
dest_Q1431099,dest_Q1431099
dest_Q43233,dest_Q43233
dest_Q39109,dest_Q39109
dest_Q1951,dest_Q1951
dest_Q131281582,dest_Q131281582
dest_Q119158,dest_Q119158
dest_Q26586,dest_Q26586
dest_Q38981,dest_Q38981
dest_Q212786,dest_Q212786
dest_Q38088,dest_Q38088
dest_Q40123,dest_Q40123
dest_Q26073,dest_Q26073
dest_Q41115,dest_Q41115
dest_Q1476294,dest_Q1431099
dest_Q1973,dest_Q1973
dest_Q43319,dest_Q43319
dest_Q40040,dest_Q40040
dest_Q42722,dest_Q42722
dest_Q43210,dest_Q43210
dest_Q40030,dest_Q40030
dest_Q42508,dest_Q42508
dest_Q196674,dest_Q196674
dest_Q1952,dest_Q1952
dest_Q603676,dest_Q603676
dest_Q40942,dest_Q40942
dest_Q1431115,dest_Q1431099
dest_Q40430,dest_Q40430
dest_Q2003,dest_Q2003
dest_Q213977,dest_Q213977
dest_Q26589,dest_Q26589
dest_Q1431108,dest_Q1431099
dest_Q43783,dest_Q43783
dest_Q214221,dest_Q214221
dest_Q2007,dest_Q2007
dest_Q1476285,dest_Q1431099
dest_Q43235,dest_Q43235
dest_Q1904,dest_Q1904
dest_Q42497,dest_Q42497
dest_Q42362,dest_Q42362
dest_Q339063,dest_Q1431099
dest_Q131753762,dest_Q131753762
dest_Q704288,dest_Q704288
dest_Q39517,dest_Q39517
dest_Q191299,dest_Q191299
dest_Q1978,dest_Q1978
dest_Q40780,dest_Q40780
dest_Q15499,dest_Q15499
dest_Q216987,dest_Q216987
dest_Q189822,dest_Q189822
dest_Q193266,dest_Q193266
dest_Q215268,dest_Q215268
dest_Q190550,dest_Q190550
dest_Q216972,dest_Q216972
dest_Q190930,dest_Q190930
dest_Q192702,dest_Q192702
dest_Q192536,dest_Q192536
dest_Q193295,dest_Q193295
dest_Q216998,dest_Q216998
dest_Q172216,dest_Q172216
dest_Q191091,dest_Q191091
dest_Q216819,dest_Q216819
dest_Q188373,dest_Q188373
dest_Q193317,dest_Q193317
dest_Q131198,dest_Q131198
dest_Q133888,dest_Q133888
dest_Q216834,dest_Q216834
dest_Q188399,dest_Q188399
dest_Q188732,dest_Q188732
dest_Q192959,dest_Q192959
dest_Q185700,dest_Q185700
dest_Q219648,dest_Q219648
dest_Q218848,dest_Q218848
dest_Q214572,dest_Q214572
dest_Q173822,dest_Q173822
dest_Q219072,dest_Q219072
dest_Q192697,dest_Q192697
dest_Q193307,dest_Q193307
dest_Q191061,dest_Q191061
dest_Q3564604,dest_Q3564604
dest_Q1807822,dest_Q1807822
dest_Q3491317,dest_Q3491317
dest_Q3235,dest_Q3235
dest_Q46070,dest_Q46070
dest_Q1085,dest_Q1085
dest_Q34366,dest_Q34366
dest_Q31057,dest_Q31057
dest_Q3509008,dest_Q3509008
dest_Q3258,dest_Q3258
dest_Q36004,dest_Q36004
dest_Q36687,dest_Q36687
dest_Q35715,dest_Q35715
dest_Q15577,dest_Q15577
dest_Q31063,dest_Q31063
dest_Q36074,dest_Q36074
dest_Q960992,dest_Q192697
dest_Q3224,dest_Q3224
dest_Q3206,dest_Q3206
dest_Q3509827,dest_Q188373
dest_Q261165,dest_Q261165
dest_Q335471,dest_Q335471
dest_Q214814,dest_Q214814
dest_Q238492,dest_Q238492
dest_Q241140,dest_Q241140
dest_Q335526,dest_Q335526
dest_Q321863,dest_Q321863
dest_Q335464,dest_Q335464
dest_Q272586,dest_Q272586
dest_Q220451,dest_Q220451
dest_Q211900,dest_Q211900
dest_Q321729,dest_Q321729
dest_Q504252,dest_Q504252
dest_Q499456,dest_Q499456
dest_Q504238,dest_Q504238
dest_Q504666,dest_Q504666
dest_Q504260,dest_Q504260
dest_Q475038,dest_Q475038
dest_Q499475,dest_Q499475
dest_Q744670,dest_Q744670
dest_Q1123208,dest_Q1123208
dest_Q466019,dest_Q466019
dest_Q549522,dest_Q549522
dest_Q1124125,dest_Q1124125
dest_Q2280,dest_Q2280
dest_Q64759237,dest_Q188399
dest_Q1626524,dest_Q1626524
dest_Q233258,dest_Q233258
dest_Q550249,dest_Q1626540
dest_Q215467,dest_Q215467
dest_Q59153,dest_Q59153
dest_Q1647439,dest_Q1647439
dest_Q24282,dest_Q24282
dest_Q141026,dest_Q141026
dest_Q235714,dest_Q235714
dest_Q240870,dest_Q240870
dest_Q231151,dest_Q231151
dest_Q236758,dest_Q236758
dest_Q1647432,dest_Q1626540
dest_Q233675,dest_Q233675
dest_Q77103173,dest_Q77103173
dest_Q1647443,dest_Q1647443
dest_Q266411,dest_Q266411
dest_Q2522163,dest_Q2522163
dest_Q233645,dest_Q233645
dest_Q77101547,dest_Q77101547
dest_Q592141,dest_Q1626540
dest_Q235709,dest_Q235709
dest_Q233632,dest_Q233632
dest_Q213944,dest_Q213944
dest_Q59150,dest_Q59150
dest_Q233233,dest_Q233233
dest_Q188166,dest_Q188166
dest_Q235810,dest_Q235810
dest_Q233651,dest_Q233651
dest_Q59146,dest_Q59146
dest_Q1647447,dest_Q1647447
dest_Q76592938,dest_Q76592938
dest_Q235705,dest_Q235705
dest_Q231331,dest_Q231331
dest_Q267224,dest_Q267224
dest_Q233659,dest_Q233659
dest_Q229467,dest_Q229467
dest_Q235727,dest_Q235727
dest_Q235805,dest_Q235805
dest_Q24286,dest_Q24286
dest_Q233670,dest_Q233670
dest_Q77105251,dest_Q77105251
dest_Q215452,dest_Q215452
dest_Q1626540,dest_Q1626540
dest_Q24269,dest_Q24269
dest_Q221445,dest_Q221445
dest_Q233655,dest_Q233655
dest_Q17601,dest_Q17601
dest_Q59147,dest_Q59147
dest_Q232043,dest_Q232043
dest_Q236772,dest_Q236772
dest_Q458402,dest_Q458402
dest_Q235703,dest_Q235703
dest_Q932723,dest_Q1647443
dest_Q59148,dest_Q59148
dest_Q24272,dest_Q24272
dest_Q235718,dest_Q235718
dest_Q168953,dest_Q168953
dest_Q76593022,dest_Q76593022
dest_Q213950,dest_Q213950
dest_Q77102475,dest_Q77102475
dest_Q236776,dest_Q236776
dest_Q235723,dest_Q235723
dest_Q231752,dest_Q231752
dest_Q59133,dest_Q59133
dest_Q231748,dest_Q231748
dest_Q1647436,dest_Q1647436
dest_Q233640,dest_Q233640
dest_Q236788,dest_Q236788
dest_Q77103880,dest_Q77103880
dest_Q235814,dest_Q235814
dest_Q234227,dest_Q234227
dest_Q233637,dest_Q233637
dest_Q236752,dest_Q236752
dest_Q76520264,dest_Q76520264
dest_Q237164,dest_Q237164
dest_Q24276,dest_Q24276
dest_Q24260,dest_Q24260
dest_Q233665,dest_Q233665
dest_Q506646,dest_Q506646
dest_Q502148,dest_Q502148
dest_Q502320,dest_Q502320
dest_Q502151,dest_Q502151
dest_Q652773,dest_Q652773
dest_Q527093,dest_Q527093
dest_Q613345,dest_Q613345
dest_Q600200,dest_Q600200
dest_Q429149,dest_Q429149
dest_Q647808,dest_Q647808
dest_Q389734,dest_Q389734
dest_Q463242,dest_Q463242
dest_Q629538,dest_Q629538
dest_Q502181,dest_Q502181
dest_Q652754,dest_Q652754
dest_Q167279,dest_Q167279
dest_Q587062,dest_Q587062
dest_Q578294,dest_Q578294
dest_Q515655,dest_Q515655
dest_Q254889,dest_Q254889
dest_Q502170,dest_Q502170
dest_Q219458,dest_Q219458
dest_Q543006,dest_Q543006
dest_Q220966,dest_Q220966
dest_Q466031,dest_Q466031
dest_Q502188,dest_Q502188
dest_Q197564,dest_Q197564
dest_Q142258,dest_Q142258
dest_Q642644,dest_Q642644
dest_Q652784,dest_Q652784
dest_Q502192,dest_Q502192
dest_Q598793,dest_Q598793
dest_Q466000,dest_Q466000
dest_Q21606902,dest_Q21606902
dest_Q735146,dest_Q735146
dest_Q665514,dest_Q6557114
dest_Q652867,dest_Q652867
dest_Q850075,dest_Q850075
dest_Q850088,dest_Q850088
dest_Q748470,dest_Q748470
dest_Q862606,dest_Q862606
dest_Q728947,dest_Q728947
dest_Q690026,dest_Q690026
dest_Q754448,dest_Q754448
dest_Q652818,dest_Q652818
dest_Q728938,dest_Q728938
dest_Q747846,dest_Q747846
dest_Q728922,dest_Q728922
dest_Q652830,dest_Q652830
dest_Q728929,dest_Q728929
dest_Q845303,dest_Q845303
dest_Q850064,dest_Q850064
dest_Q850043,dest_Q850043
dest_Q728933,dest_Q728933
dest_Q853405,dest_Q853405
dest_Q751864,dest_Q751864
dest_Q3575748,dest_Q3575748
dest_Q728917,dest_Q728917
dest_Q30898219,dest_Q30898219
dest_Q810923,dest_Q810923
dest_Q15623578,dest_Q15623578
dest_Q131588587,dest_Q131588587
dest_Q2131,dest_Q2131
dest_Q131925452,dest_Q131925452
dest_Q136956695,dest_Q136956695
dest_Q2178,dest_Q2178
dest_Q877468,dest_Q877468
dest_Q136956696,dest_Q136956696
dest_Q136806466,dest_Q136806466
dest_Q2114,dest_Q2114
dest_Q136956694,dest_Q136956694
dest_Q2118,dest_Q2118
dest_Q2181,dest_Q2181
dest_Q2170,dest_Q2170
dest_Q2133,dest_Q2133
dest_Q24076693,dest_Q24076693
dest_Q852089,dest_Q852089
dest_Q131588980,dest_Q131588980
dest_Q2189,dest_Q2189
dest_Q2121,dest_Q2121
dest_Q136956698,dest_Q136956698
dest_Q1850,dest_Q1850
dest_Q136956697,dest_Q136956697
dest_Q856788,dest_Q856788
dest_Q21606903,dest_Q21606903
dest_Q785896,dest_Q785896
dest_Q837889,dest_Q837889
dest_Q2176,dest_Q2176
dest_Q2166,dest_Q2166
dest_Q2177,dest_Q2177
dest_Q136956700,dest_Q136956700
dest_Q834464,dest_Q834464
dest_Q2109,dest_Q2109
dest_Q3817,dest_Q3817
dest_Q2120,dest_Q2120
dest_Q506056,dest_Q506056
dest_Q193464,dest_Q193464
dest_Q115438,dest_Q115438
dest_Q530231,dest_Q530231
dest_Q506036,dest_Q506036
dest_Q202904,dest_Q202904
dest_Q1331932,dest_Q1331932
dest_Q193454,dest_Q193454
dest_Q804311,dest_Q804311
dest_Q2021942,dest_Q2021942
dest_Q1836903,dest_Q1836903
dest_Q2392373,dest_Q2392373
dest_Q2012589,dest_Q2012589
dest_Q182809,dest_Q182809
dest_Q1140742,dest_Q1140742
dest_Q2012621,dest_Q2012621
dest_Q187874,dest_Q187874
dest_Q229892,dest_Q229892
dest_Q369220,dest_Q369220
dest_Q1295496,dest_Q1295496
dest_Q1774848,dest_Q1774848
dest_Q234200,dest_Q234200
dest_Q2499228,dest_Q2499228
dest_Q2012583,dest_Q2012583
dest_Q506049,dest_Q506049
dest_Q1112985,dest_Q1112985
dest_Q215147,dest_Q215147
dest_Q1366119,dest_Q1366119
dest_Q192866,dest_Q192866
dest_Q2790675,dest_Q2790675
dest_Q502652,dest_Q502652
dest_Q113120,dest_Q113120
dest_Q907395,dest_Q907395
dest_Q2012430,dest_Q2012430
dest_Q189296,dest_Q189296
dest_Q794239,dest_Q794239
dest_Q549386,dest_Q549386
dest_Q1424391,dest_Q1424391
dest_Q184981,dest_Q184981
dest_Q1104675,dest_Q1104675
dest_Q1949656,dest_Q1949656
dest_Q1352536,dest_Q1352536
dest_Q592624,dest_Q592624
dest_Q193790,dest_Q193790
dest_Q1007272,dest_Q1007272
dest_Q1137545,dest_Q1137545
dest_Q115334,dest_Q115334
dest_Q594405,dest_Q594405
dest_Q231896,dest_Q231896
dest_Q1774831,dest_Q1774831
dest_Q1424401,dest_Q1424401
dest_Q183487,dest_Q183487
dest_Q193438,dest_Q193438
dest_Q115497,dest_Q115497
dest_Q1138575,dest_Q1138575
dest_Q1323353,dest_Q1323353
dest_Q512273,dest_Q512273
dest_Q115302,dest_Q115302
dest_Q91611321,dest_Q91611321
dest_Q193436,dest_Q193436
dest_Q1137551,dest_Q1137551
dest_Q1262745,dest_Q1262745
dest_Q115027,dest_Q115027
dest_Q6373961,dest_Q3820436
dest_Q1585725,dest_Q1585725
dest_Q220692,dest_Q220692
dest_Q220736,dest_Q220736
dest_Q1251933,dest_Q1251933
dest_Q2001793,dest_Q2001793
dest_Q1145487,dest_Q1145487
dest_Q231900,dest_Q231900
dest_Q115046,dest_Q115046
dest_Q2012242,dest_Q2012242
dest_Q1772983,dest_Q1772983
dest_Q115310,dest_Q115310
dest_Q693487,dest_Q693487
dest_Q2012423,dest_Q2012423
dest_Q937217,dest_Q937217
dest_Q1366107,dest_Q1366107
dest_Q91611326,dest_Q91611326
dest_Q115325,dest_Q115325
dest_Q192849,dest_Q192849
dest_Q1772745,dest_Q1772745
dest_Q2012785,dest_Q2012785
dest_Q192853,dest_Q192853
dest_Q2012234,dest_Q2012234
dest_Q2012227,dest_Q2012227
dest_Q115441,dest_Q115441
dest_Q2012772,dest_Q2012772
dest_Q115434,dest_Q115434
dest_Q2012057,dest_Q2012057
dest_Q115319,dest_Q115319
dest_Q6587068,dest_Q6587068
dest_Q1352533,dest_Q1352533
dest_Q6702952,dest_Q6702952
dest_Q508773,dest_Q508773
dest_Q807079,dest_Q807079
dest_Q91611351,dest_Q91611351
dest_Q115444,dest_Q115444
dest_Q130566,dest_Q130566
dest_Q630900,dest_Q630900
dest_Q847527,dest_Q847527
dest_Q80953,dest_Q80953
dest_Q139626,dest_Q139626
dest_Q123304,dest_Q123304
dest_Q831370,dest_Q831370
dest_Q917992,dest_Q917992
dest_Q488326,dest_Q488326
dest_Q241886,dest_Q241886
dest_Q130625,dest_Q130625
dest_Q130268,dest_Q130268
dest_Q751632,dest_Q751632
dest_Q199910,dest_Q199910
dest_Q1043494,dest_Q1043494
dest_Q121233,dest_Q121233
dest_Q209829,dest_Q209829
dest_Q652056,dest_Q652056
dest_Q834551,dest_Q834551
dest_Q559537,dest_Q559537
dest_Q671442,dest_Q671442
dest_Q826585,dest_Q826585
dest_Q427246,dest_Q427246
dest_Q605672,dest_Q605672
dest_Q29161,dest_Q29161
dest_Q13993,dest_Q13993
dest_Q91615395,dest_Q91615395
dest_Q1159531,dest_Q1159531
dest_Q29135,dest_Q29135
dest_Q29136,dest_Q29136
dest_Q32108,dest_Q32108
dest_Q1163429,dest_Q1163429
dest_Q29154,dest_Q29154
dest_Q91611357,dest_Q2012057
dest_Q29141,dest_Q29141
dest_Q13995,dest_Q13995
dest_Q29172,dest_Q29172
dest_Q3838,dest_Q3838
dest_Q24909562,dest_Q24909562
dest_Q13984,dest_Q13984
dest_Q29165,dest_Q29165
dest_Q26855,dest_Q26855
dest_Q24205498,dest_Q24205498
dest_Q91611403,dest_Q91611403
dest_Q91611422,dest_Q91611422
dest_Q91615385,dest_Q202904
dest_Q29169,dest_Q29169
dest_Q29147,dest_Q29147
dest_Q13990,dest_Q13990
dest_Q29158,dest_Q29158
dest_Q13985,dest_Q13985
dest_Q29173,dest_Q29173
dest_Q230602,dest_Q230602
dest_Q234505,dest_Q234505
dest_Q230223,dest_Q230223
dest_Q230217,dest_Q230217
dest_Q232953,dest_Q232953
dest_Q234501,dest_Q234501
dest_Q230584,dest_Q230584
dest_Q233058,dest_Q233058
dest_Q230607,dest_Q230607
dest_Q232564,dest_Q232564
dest_Q230597,dest_Q230597
dest_Q230882,dest_Q230882
dest_Q238629,dest_Q238629
dest_Q238752,dest_Q238752
dest_Q234912,dest_Q234912
dest_Q234916,dest_Q234916
dest_Q234920,dest_Q234920
dest_Q235188,dest_Q235188
dest_Q235166,dest_Q235166
dest_Q272747,dest_Q272747
dest_Q238645,dest_Q238645
dest_Q272885,dest_Q272885
dest_Q268729,dest_Q268729
dest_Q1952603,dest_Q1770796
dest_Q1999872,dest_Q1996895
dest_Q1770796,dest_Q1770796
dest_Q386093,dest_Q1996895
dest_Q548816,dest_Q548816
dest_Q431036,dest_Q431036
dest_Q457261,dest_Q457261
dest_Q1996895,dest_Q1996895
dest_Q44829,dest_Q44829
dest_Q44821,dest_Q44821
dest_Q12588,dest_Q12588
dest_Q44754,dest_Q44754
dest_Q44803,dest_Q44803
dest_Q44805,dest_Q44805
dest_Q44796,dest_Q44796
dest_Q44800,dest_Q44800
dest_Q44757,dest_Q44757
dest_Q44823,dest_Q44823
dest_Q44764,dest_Q44764
dest_Q44798,dest_Q44798
dest_Q44797,dest_Q44797
dest_Q44762,dest_Q44762
dest_Q44827,dest_Q44827
dest_Q44832,dest_Q44832
dest_Q44724,dest_Q44724
dest_Q44795,dest_Q14217351
dest_Q1486,dest_Q1486
dest_Q44759,dest_Q44759
dest_Q44818,dest_Q44818
dest_Q44761,dest_Q44761
dest_Q44802,dest_Q44802
dest_Q44758,dest_Q44758
dest_Q45007,dest_Q45007
dest_Q44756,dest_Q44756
dest_Q844502,dest_Q844502
dest_Q185368,dest_Q185368
dest_Q765975,dest_Q765975
dest_Q862611,dest_Q862611
dest_Q842266,dest_Q842266
dest_Q191616,dest_Q191616
dest_Q188612,dest_Q188612
dest_Q693658,dest_Q693658
dest_Q795591,dest_Q795591
dest_Q187753,dest_Q187753
dest_Q190518,dest_Q190518
dest_Q669802,dest_Q669802
dest_Q189655,dest_Q189655
dest_Q870146,dest_Q870146
dest_Q187693,dest_Q187693
dest_Q190522,dest_Q190522
dest_Q178136,dest_Q178136
dest_Q868515,dest_Q868515
dest_Q868520,dest_Q868520
dest_Q795587,dest_Q795587
dest_Q194273,dest_Q194273
dest_Q193031,dest_Q193031
dest_Q504647,dest_Q504647
dest_Q188895,dest_Q188895
dest_Q466061,dest_Q466061
dest_Q191604,dest_Q191604
dest_Q780784,dest_Q780784
dest_Q188890,dest_Q188890
dest_Q504637,dest_Q504637
dest_Q508804,dest_Q508804
dest_Q190018,dest_Q190018
dest_Q181018,dest_Q181018
dest_Q795441,dest_Q795441
dest_Q753037,dest_Q753037
dest_Q187677,dest_Q187677
dest_Q191625,dest_Q191625
dest_Q185374,dest_Q185374
dest_Q186195,dest_Q186195
dest_Q695660,dest_Q695660
dest_Q765984,dest_Q765984
dest_Q107021616,dest_Q107021616
dest_Q883734,dest_Q883734
dest_Q111830286,dest_Q111830286
dest_Q888307,dest_Q888307
dest_Q885644,dest_Q885644
dest_Q1373230,dest_Q1373230
dest_Q107021595,dest_Q107021595
dest_Q107021604,dest_Q107021604
dest_Q13378473,dest_Q13378473
dest_Q111281411,dest_Q111281411
dest_Q985,dest_Q985
dest_Q13378475,dest_Q13378475
dest_Q870191,dest_Q870191
dest_Q1043650,dest_Q1043650
dest_Q1318549,dest_Q1318549
dest_Q1055,dest_Q1055
dest_Q885656,dest_Q885656
dest_Q111279364,dest_Q111279364
dest_Q870166,dest_Q870166
dest_Q980,dest_Q980
dest_Q883907,dest_Q883907
dest_Q13378476,dest_Q13378476
dest_Q21002161,dest_Q21002161
dest_Q21002356,dest_Q21002356
dest_Q36156,dest_Q36156
dest_Q20980374,dest_Q20980374
dest_Q21003689,dest_Q21003689
dest_Q35493,dest_Q35493
dest_Q21003640,dest_Q21003640
dest_Q1520,dest_Q1520
dest_Q238931,dest_Q238931
dest_Q485605,dest_Q485605
dest_Q485088,dest_Q485088
dest_Q485437,dest_Q485437
dest_Q485429,dest_Q485429
dest_Q485056,dest_Q485056
dest_Q486007,dest_Q486007
dest_Q427658,dest_Q427658
dest_Q485322,dest_Q485322
dest_Q186466,dest_Q186466
dest_Q486144,dest_Q486144
dest_Q1046673,dest_Q1046673
dest_Q868964,dest_Q868964
dest_Q815330,dest_Q815330
dest_Q1059386,dest_Q1059386
dest_Q1048355,dest_Q1048355
dest_Q1048331,dest_Q1048331
dest_Q609247,dest_Q609247
dest_Q486657,dest_Q486657
dest_Q856426,dest_Q856426
dest_Q19830973,dest_Q19830973
dest_Q20980352,dest_Q20980352
dest_Q20980366,dest_Q20980366
dest_Q20980363,dest_Q20980363
dest_Q20980371,dest_Q20980371
dest_Q1586591,dest_Q1586591
dest_Q20365127,dest_Q20365127
dest_Q20980365,dest_Q20980365
dest_Q16629374,dest_Q16629374
dest_Q19830972,dest_Q19830972
dest_Q1199,dest_Q1199
dest_Q1198,dest_Q1198
dest_Q1197,dest_Q1197
dest_Q1206,dest_Q1206
dest_Q1209,dest_Q1209
dest_Q1205,dest_Q1205
dest_Q1208,dest_Q1208
dest_Q64,dest_Q64
dest_Q1194,dest_Q1194
dest_Q1202,dest_Q1202
dest_Q1200,dest_Q1200
dest_Q1196,dest_Q1196
dest_Q1201,dest_Q1201
dest_Q2772,dest_Q2772
dest_Q3906,dest_Q3906
dest_Q5095,dest_Q5095
dest_Q5093,dest_Q5093
dest_Q200127,dest_Q200127
dest_Q202800,dest_Q202800
dest_Q3724,dest_Q3724
dest_Q112810104,dest_Q112810104
dest_Q5075,dest_Q5075
dest_Q207638,dest_Q207638
dest_Q2110,dest_Q2110
dest_Q203193,dest_Q203193
dest_Q5068,dest_Q5068
dest_Q3741,dest_Q3741
dest_Q5061,dest_Q5061
dest_Q3891,dest_Q3891
dest_Q5096,dest_Q5096
dest_Q3557,dest_Q3557
dest_Q1890,dest_Q1890
dest_Q5078,dest_Q5078
dest_Q3916,dest_Q3916
dest_Q1070673,dest_Q1070673
dest_Q61439296,dest_Q61439296
dest_Q12486766,dest_Q12486766
dest_Q2051,dest_Q2051
dest_Q3903,dest_Q3903
dest_Q3125978,dest_Q3125978
dest_Q202107,dest_Q202107
dest_Q203009,dest_Q203009
dest_Q115253263,dest_Q115253263
dest_Q3624,dest_Q3624
dest_Q1866,dest_Q1866
dest_Q193494,dest_Q193494
dest_Q3586,dest_Q3586
dest_Q5067,dest_Q5067
dest_Q5065,dest_Q5065
dest_Q5062,dest_Q5062
dest_Q3630,dest_Q3630
dest_Q3540,dest_Q3540
dest_Q5082,dest_Q5082
dest_Q2223,dest_Q2223
dest_Q5094,dest_Q5094
dest_Q2271,dest_Q2271
dest_Q2175,dest_Q2175
dest_Q1033855,dest_Q1033855
dest_Q2140,dest_Q2140
dest_Q207635,dest_Q207635
dest_Q3899,dest_Q3899
dest_Q1823,dest_Q1823
dest_Q83273,dest_Q83273
dest_Q715805,dest_Q712828
dest_Q122723,dest_Q122723
dest_Q132720,dest_Q132720
dest_Q556146,dest_Q556146
dest_Q787753,dest_Q787753
dest_Q502215,dest_Q502215
dest_Q123376,dest_Q123376
dest_Q120730,dest_Q120730
dest_Q127513,dest_Q127513
dest_Q27910,dest_Q27910
dest_Q127264,dest_Q127264
dest_Q60764359,dest_Q60764359
dest_Q80011,dest_Q80011
dest_Q48804007,dest_Q48804007
dest_Q569468,dest_Q569468
dest_Q60764352,dest_Q60764352
dest_Q1062451,dest_Q1062451
dest_Q71707,dest_Q123258
dest_Q127877,dest_Q127877
dest_Q846323,dest_Q846323
dest_Q651688,dest_Q651688
dest_Q712828,dest_Q712828
dest_Q60764358,dest_Q60764358
dest_Q131281,dest_Q131281
dest_Q80434,dest_Q80434
dest_Q130300,dest_Q130300
dest_Q71699,dest_Q71699
dest_Q27728,dest_Q27728
dest_Q870155,dest_Q870155
dest_Q712832,dest_Q712832
dest_Q216945,dest_Q216945
dest_Q129499,dest_Q129499
dest_Q390267,dest_Q390267
dest_Q81863,dest_Q81863
dest_Q130290,dest_Q130290
dest_Q131358,dest_Q131358
dest_Q458417,dest_Q458417
dest_Q56345291,dest_Q56345291
dest_Q1062430,dest_Q1062430
dest_Q1053789,dest_Q1053789
dest_Q48804004,dest_Q48804004
dest_Q128196,dest_Q128196
dest_Q182169,dest_Q182169
dest_Q131314,dest_Q131314
dest_Q1037393,dest_Q1037393
dest_Q132751,dest_Q132751
dest_Q64685186,dest_Q64685186
dest_Q873012,dest_Q873012
dest_Q131277,dest_Q131277
dest_Q397737,dest_Q397737
dest_Q60764360,dest_Q60764360
dest_Q1490,dest_Q1490
dest_Q27710,dest_Q27710
dest_Q405670,dest_Q405670
dest_Q48326,dest_Q48326
dest_Q131320,dest_Q131320
dest_Q128186,dest_Q128186
dest_Q125863,dest_Q125863
dest_Q27928,dest_Q27928
dest_Q319632,dest_Q319632
dest_Q398417,dest_Q398417
dest_Q431729,dest_Q431729
dest_Q130308,dest_Q130308
dest_Q123258,dest_Q123258
dest_Q223643,dest_Q223643
dest_Q132705,dest_Q132705
dest_Q19038,dest_Q19038
dest_Q5765997,dest_Q5765997
dest_Q132936,dest_Q132936
dest_Q10877643,dest_Q10877643
dest_Q15701,dest_Q15701
dest_Q11428319,dest_Q11428319
dest_Q38893,dest_Q38893
dest_Q617375,dest_Q617375
dest_Q132929,dest_Q132929
dest_Q1543219,dest_Q1543219
dest_Q160734,dest_Q160734
dest_Q10440951,dest_Q10440951
dest_Q161454,dest_Q161454
dest_Q47896,dest_Q130300
dest_Q766445,dest_Q766445
dest_Q1130688,dest_Q1130688
dest_Q1122748,dest_Q1122748
dest_Q200048,dest_Q12870277
dest_Q212540,dest_Q212540
dest_Q133935,dest_Q133935
dest_Q1129788,dest_Q1129788
dest_Q200045,dest_Q200045
dest_Q19039,dest_Q19039
dest_Q1122836,dest_Q1122836
dest_Q11378040,dest_Q11378040
dest_Q572993,dest_Q572993
dest_Q671158,dest_Q671158
dest_Q200047,dest_Q200047
dest_Q11415214,dest_Q11415214
dest_Q914058,dest_Q914058
dest_Q522221,dest_Q522221
dest_Q133879,dest_Q123258
dest_Q930820,dest_Q930820
dest_Q1189121,dest_Q1189121
dest_Q200309,dest_Q200309
dest_Q11582007,dest_Q11582007
dest_Q11611687,dest_Q11611687
dest_Q1130180,dest_Q1130180
dest_Q169674,dest_Q169674
dest_Q930804,dest_Q930804
dest_Q133924,dest_Q133924
dest_Q44843,dest_Q44843
dest_Q1130677,dest_Q1130677
dest_Q2914461,dest_Q2914461
dest_Q459763,dest_Q459763
dest_Q134093,dest_Q134093
dest_Q169376,dest_Q169376
dest_Q160420,dest_Q160420
dest_Q203339,dest_Q203339
dest_Q994,dest_Q994
dest_Q7193788,dest_Q7193788
dest_Q1721867,dest_Q1721867
dest_Q1800699,dest_Q1800699
dest_Q891952,dest_Q891952
dest_Q2189432,dest_Q2189432
dest_Q1625834,dest_Q1625834
dest_Q1477874,dest_Q1477874
dest_Q1852220,dest_Q1852220
dest_Q1633078,dest_Q1633078
dest_Q1017519,dest_Q1017519
dest_Q1741307,dest_Q1741307
dest_Q1335242,dest_Q1335242
dest_Q1569613,dest_Q1569613
dest_Q1121429,dest_Q1121429
dest_Q383150,dest_Q383150
dest_Q1882639,dest_Q1882639
dest_Q15216433,dest_Q15216433
dest_Q1743730,dest_Q1743730
dest_Q1714352,dest_Q1714352
dest_Q2096419,dest_Q2096419
dest_Q1494292,dest_Q1494292
dest_Q952571,dest_Q952571
dest_Q1313202,dest_Q1313202
dest_Q1722597,dest_Q1722597
dest_Q1951652,dest_Q1951652
dest_Q3335223,dest_Q3335223
dest_Q808201,dest_Q808201
dest_Q285072,dest_Q285072
dest_Q1852202,dest_Q1852202
dest_Q1852209,dest_Q1852209
dest_Q1112885,dest_Q1112885
dest_Q1323683,dest_Q1323683
dest_Q2230311,dest_Q2230311
dest_Q1499046,dest_Q1499046
dest_Q15045704,dest_Q15045704
dest_Q1277758,dest_Q1277758
dest_Q1368802,dest_Q1368802
dest_Q2618458,dest_Q2618458
dest_Q202112,dest_Q202112
dest_Q1177,dest_Q1177
dest_Q1184,dest_Q1184
dest_Q188781,dest_Q188781
dest_Q180200,dest_Q180200
dest_Q1466462,dest_Q1466462
dest_Q1437,dest_Q1437
dest_Q1356,dest_Q1356
dest_Q695387,dest_Q695387
dest_Q1186,dest_Q1186
dest_Q4494730,dest_Q4494730
dest_Q44593337,dest_Q44593337
dest_Q5696,dest_Q5696
dest_Q5698,dest_Q5698
dest_Q192352,dest_Q192352
dest_Q188076,dest_Q188076
dest_Q1772596,dest_Q1772596
dest_Q5695,dest_Q5695
dest_Q4100821,dest_Q4100821
dest_Q66743,dest_Q66743
dest_Q2227696,dest_Q2227696
dest_Q189974,dest_Q189974
dest_Q5700,dest_Q5700
dest_Q476233,dest_Q476233
dest_Q677037,dest_Q677037
dest_Q5691,dest_Q5691
dest_Q844528,dest_Q844528
dest_Q478813,dest_Q478813
dest_Q189942,dest_Q189942
dest_Q236797,dest_Q236797
dest_Q1195,dest_Q1195
dest_Q192232,dest_Q192232
dest_Q1188,dest_Q1188
dest_Q1138022,dest_Q1138022
dest_Q1164,dest_Q1164
dest_Q5703,dest_Q5703
dest_Q192061,dest_Q192061
dest_Q1454035,dest_Q1454035
dest_Q192362,dest_Q192362
dest_Q1308627,dest_Q1308627
dest_Q1363,dest_Q1363
dest_Q1599,dest_Q1599
dest_Q5702,dest_Q5702
dest_Q1146777,dest_Q1146777
dest_Q537740,dest_Q537740
dest_Q1499,dest_Q1499
dest_Q9357528,dest_Q9357528
dest_Q1309042,dest_Q1309042
dest_Q1445,dest_Q1445
dest_Q203272,dest_Q203272
dest_Q188785,dest_Q188785
dest_Q4066154,dest_Q4066154
dest_Q1159,dest_Q1159
dest_Q189968,dest_Q189968
dest_Q5694,dest_Q5694
dest_Q1498,dest_Q1498
dest_Q1165,dest_Q1165
dest_Q189952,dest_Q189952
dest_Q5692,dest_Q5692
dest_Q5693,dest_Q5693
dest_Q200667,dest_Q200667
dest_Q1168,dest_Q1168
dest_Q16158529,dest_Q16158529
dest_Q1171,dest_Q1171
dest_Q44593409,dest_Q44593409
dest_Q1516381,dest_Q1516381
dest_Q680382,dest_Q680382
dest_Q1193,dest_Q1193
dest_Q1061,dest_Q1061
dest_Q192811,dest_Q192811
dest_Q1502,dest_Q1502
dest_Q185845,dest_Q185845
dest_Q3374892,dest_Q3374892
dest_Q5697,dest_Q5697
dest_Q844024,dest_Q844024
dest_Q192370,dest_Q192370
dest_Q608361,dest_Q608361
dest_Q1505,dest_Q1505
dest_Q189963,dest_Q189963
dest_Q14206360,dest_Q14206360
dest_Q1185,dest_Q1185
dest_Q188068,dest_Q188068
dest_Q1174,dest_Q1174
dest_Q2354639,dest_Q2354639
dest_Q125232,dest_Q125232
dest_Q1337549,dest_Q1337549
dest_Q185036,dest_Q185036
dest_Q191813,dest_Q191813
dest_Q1162,dest_Q1162
dest_Q2627082,dest_Q2627082
dest_Q1191,dest_Q1191
dest_Q1538311,dest_Q1538311
dest_Q1466671,dest_Q1466671
dest_Q1185362,dest_Q1185362
dest_Q189541,dest_Q189541
dest_Q217075,dest_Q217075
dest_Q817340,dest_Q817340
dest_Q405701,dest_Q405701
dest_Q839074,dest_Q839074
dest_Q193551,dest_Q193551
dest_Q192882,dest_Q192882
dest_Q747432,dest_Q747432
dest_Q213170,dest_Q213170
dest_Q215649,dest_Q215649
dest_Q737086,dest_Q737086
dest_Q213182,dest_Q213182
dest_Q189747,dest_Q189747
dest_Q191075,dest_Q191075
dest_Q819987,dest_Q819987
dest_Q839060,dest_Q839060
dest_Q214104,dest_Q214104
dest_Q552354,dest_Q552354
dest_Q212761,dest_Q212761
dest_Q817342,dest_Q817342
dest_Q193268,dest_Q193268
dest_Q817327,dest_Q817327
dest_Q190131,dest_Q190131
dest_Q535632,dest_Q535632
dest_Q66278313,dest_Q66278313
dest_Q850423,dest_Q850423
dest_Q77997266,dest_Q77997266
dest_Q936704,dest_Q936704
dest_Q913370,dest_Q913370
dest_Q1434621,dest_Q1434621
dest_Q1072757,dest_Q1072757
dest_Q15631321,dest_Q15631321
dest_Q120971341,dest_Q120971341
dest_Q67906082,dest_Q67906082
dest_Q936717,dest_Q936717
dest_Q59202,dest_Q59202
dest_Q62987,dest_Q62987
dest_Q913231,dest_Q913231
dest_Q844921,dest_Q844921
dest_Q1046645,dest_Q1046645
dest_Q943932,dest_Q608361
dest_Q928694,dest_Q608361
dest_Q5706,dest_Q5706
dest_Q5708,dest_Q5708
dest_Q5709,dest_Q5709
dest_Q22048,dest_Q22048
dest_Q22424,dest_Q169132
dest_Q40888,dest_Q40888
dest_Q26927,dest_Q26927
dest_Q5712,dest_Q5712
dest_Q5701,dest_Q5701
dest_Q5704,dest_Q5704
dest_Q5711,dest_Q5711
dest_Q1047895,dest_Q1047895
dest_Q870130,dest_Q870130
dest_Q7771127,dest_Q7771127
dest_Q955095,dest_Q955095
dest_Q31866835,dest_Q31866835
dest_Q2403514,dest_Q2403514
dest_Q1043644,dest_Q1043644
dest_Q950841,dest_Q950841
dest_Q870138,dest_Q870138
dest_Q11342951,dest_Q11342951
dest_Q868497,dest_Q868497
dest_Q1052737,dest_Q1052737
dest_Q948691,dest_Q948691
dest_Q1047921,dest_Q1047921
dest_Q1785093,dest_Q1785093
dest_Q877578,dest_Q877578
dest_Q1047875,dest_Q1047875
dest_Q20202028,dest_Q20202028
dest_Q305395,dest_Q305395
dest_Q486370,dest_Q486370
dest_Q203304,dest_Q203304
dest_Q204796,dest_Q204796
dest_Q574952,dest_Q574952
dest_Q486375,dest_Q486375
dest_Q302656,dest_Q302656
dest_Q487640,dest_Q487640
dest_Q271674,dest_Q271674
dest_Q465940,dest_Q465940
dest_Q334884,dest_Q334884
dest_Q465947,dest_Q465947
dest_Q221684,dest_Q221684
dest_Q465929,dest_Q465929
dest_Q231987,dest_Q231987
dest_Q487413,dest_Q487413
dest_Q271876,dest_Q271876
dest_Q241551,dest_Q210866
dest_Q260796,dest_Q260796
dest_Q334868,dest_Q334868
dest_Q281109,dest_Q281109
dest_Q465961,dest_Q465961
dest_Q334888,dest_Q334888
dest_Q109838,dest_Q109838
dest_Q503004,dest_Q503004
dest_Q585707,dest_Q585707
dest_Q487631,dest_Q487631
dest_Q502997,dest_Q502997
dest_Q472788,dest_Q472788
dest_Q506658,dest_Q506658
dest_Q221791,dest_Q221791
dest_Q506641,dest_Q506641
dest_Q220663,dest_Q220663
dest_Q210866,dest_Q210866
dest_Q212768,dest_Q212768
dest_Q750270,dest_Q750270
dest_Q721441,dest_Q721441
dest_Q750259,dest_Q750259
dest_Q747881,dest_Q747881
dest_Q750447,dest_Q750447
dest_Q862608,dest_Q862608
dest_Q735245,dest_Q735245
dest_Q854871,dest_Q854871
dest_Q844127,dest_Q844127
dest_Q823774,dest_Q823774
dest_Q720066,dest_Q720066
dest_Q727267,dest_Q727267
dest_Q846017,dest_Q846017
dest_Q654438,dest_Q654438
dest_Q823822,dest_Q823822
dest_Q721445,dest_Q721445
dest_Q721431,dest_Q721431
dest_Q606340,dest_Q606340
dest_Q735570,dest_Q735570
dest_Q823800,dest_Q823800
dest_Q590802,dest_Q590802
dest_Q856657,dest_Q856657
dest_Q845934,dest_Q845934
dest_Q823762,dest_Q823762
dest_Q823751,dest_Q823751
dest_Q592251,dest_Q592251
dest_Q9361,dest_Q9361
dest_Q1216,dest_Q1216
dest_Q279004,dest_Q279004
dest_Q80021,dest_Q80021
dest_Q1280,dest_Q1280
dest_Q97229842,dest_Q865676
dest_Q97232413,dest_Q2277469
dest_Q432596,dest_Q432596
dest_Q11068461,dest_Q11068461
dest_Q11748141,dest_Q11748141
dest_Q97232220,dest_Q2321579
dest_Q97230394,dest_Q1989164
dest_Q369007,dest_Q369007
dest_Q97232560,dest_Q11068461
dest_Q9254348,dest_Q9254348
dest_Q9161823,dest_Q11748141
dest_Q97231093,dest_Q1579113
dest_Q1447,dest_Q1447
dest_Q865658,dest_Q865658
dest_Q11815506,dest_Q11815506
dest_Q167668,dest_Q167668
dest_Q1345325,dest_Q104036
dest_Q511151,dest_Q511151
dest_Q519580,dest_Q519580
dest_Q1460,dest_Q1460
dest_Q5249082,dest_Q5249082
dest_Q179830,dest_Q179830
dest_Q1518841,dest_Q1518841
dest_Q199580,dest_Q199580
dest_Q134228,dest_Q134228
dest_Q932445,dest_Q932445
dest_Q1256,dest_Q1256
dest_Q1458,dest_Q1458
dest_Q1284,dest_Q1284
dest_Q178382,dest_Q178382
dest_Q180484,dest_Q180484
dest_Q1452,dest_Q1452
dest_Q1279,dest_Q1279
dest_Q97231990,dest_Q2198472
dest_Q1023757,dest_Q1023757
dest_Q7402727,dest_Q7402727
dest_Q865682,dest_Q865682
dest_Q1462,dest_Q1462
dest_Q131664,dest_Q131664
dest_Q97232692,dest_Q371429
dest_Q97231555,dest_Q1831695
dest_Q1250,dest_Q1250
dest_Q124285017,dest_Q124285017
dest_Q1243,dest_Q1243
dest_Q97232200,dest_Q2232018
dest_Q97230143,dest_Q2018672
dest_Q134411,dest_Q134411
dest_Q97230156,dest_Q2365998
dest_Q180379,dest_Q180379
dest_Q11836920,dest_Q11836920
dest_Q1210,dest_Q1210
dest_Q97232700,dest_Q2299251
dest_Q9380366,dest_Q11748141
dest_Q97231194,dest_Q1579101
dest_Q1443,dest_Q1443
dest_Q1282,dest_Q1282
dest_Q1438,dest_Q1438
dest_Q371429,dest_Q371429
dest_Q1773,dest_Q1773
dest_Q1222,dest_Q1222
dest_Q132945,dest_Q132945
dest_Q134386,dest_Q134386
dest_Q97231916,dest_Q1579076
dest_Q124954445,dest_Q124954445
dest_Q97231583,dest_Q2337188
dest_Q60846019,dest_Q16394
dest_Q865717,dest_Q865717
dest_Q1237,dest_Q1237
dest_Q97231943,dest_Q932445
dest_Q209187,dest_Q209187
dest_Q97232589,dest_Q1518841
dest_Q97230466,dest_Q519580
dest_Q97232673,dest_Q2299261
dest_Q960572,dest_Q80021
dest_Q1263,dest_Q1263
dest_Q865676,dest_Q865676
dest_Q97230083,dest_Q97230083
dest_Q134417,dest_Q134417
dest_Q865649,dest_Q865649
dest_Q104036,dest_Q104036
dest_Q1273,dest_Q1273
dest_Q1023736,dest_Q1023736
dest_Q773027,dest_Q773027
dest_Q97230452,dest_Q97230452
dest_Q2337298,dest_Q2337298
dest_Q2320320,dest_Q2320320
dest_Q2299415,dest_Q2299415
dest_Q2327041,dest_Q2327041
dest_Q2306846,dest_Q2306846
dest_Q2337188,dest_Q2337188
dest_Q2302998,dest_Q2302998
dest_Q2302964,dest_Q2302964
dest_Q2304926,dest_Q2304926
dest_Q2304902,dest_Q2304902
dest_Q2304840,dest_Q2304840
dest_Q2299231,dest_Q2299231
dest_Q2286864,dest_Q2286864
dest_Q2299436,dest_Q2299436
dest_Q2299223,dest_Q2299223
dest_Q2299251,dest_Q2299251
dest_Q2337266,dest_Q2337266
dest_Q2304893,dest_Q2304893
dest_Q2321579,dest_Q2321579
dest_Q2299447,dest_Q2299447
dest_Q2304831,dest_Q2304831
dest_Q2299214,dest_Q2299214
dest_Q2299239,dest_Q2299239
dest_Q2299261,dest_Q2299261
dest_Q2302986,dest_Q2302986
dest_Q97232977,dest_Q369007
dest_Q2365998,dest_Q2365998
dest_Q2880128,dest_Q2880128
dest_Q3040071,dest_Q3040071
dest_Q6178890,dest_Q6178890
dest_Q2375848,dest_Q2375848
dest_Q3393445,dest_Q3393445
dest_Q2451375,dest_Q2451375
dest_Q97232890,dest_Q2302964
dest_Q2453125,dest_Q2453125
dest_Q7396097,dest_Q7396097
dest_Q2395952,dest_Q2395952
dest_Q60770142,dest_Q60770142
dest_Q60770124,dest_Q60770124
dest_Q2485015,dest_Q2485015
dest_Q2416186,dest_Q2416186
dest_Q2989420,dest_Q2989420
dest_Q97233440,dest_Q2268947
dest_Q97232760,dest_Q1959984
dest_Q3274762,dest_Q3274762
dest_Q3019837,dest_Q3019837
dest_Q97233421,dest_Q3019837
dest_Q2343837,dest_Q2343837
dest_Q2361131,dest_Q2361131
dest_Q97233086,dest_Q97233086
dest_Q2361012,dest_Q2361012
dest_Q241119,dest_Q241119
dest_Q165352,dest_Q165352
dest_Q170570,dest_Q170570
dest_Q587090,dest_Q587090
dest_Q168949,dest_Q168949
dest_Q751725,dest_Q751725
dest_Q262125,dest_Q262125
dest_Q146726,dest_Q146726
dest_Q591139,dest_Q591139
dest_Q170568,dest_Q170568
dest_Q590866,dest_Q590866
dest_Q170041,dest_Q170041
dest_Q171551,dest_Q171551
dest_Q622619,dest_Q622619
dest_Q180068,dest_Q180068
dest_Q174010,dest_Q165352
dest_Q187373,dest_Q187373
dest_Q308864,dest_Q308864
dest_Q171702,dest_Q171702
dest_Q180075,dest_Q180075
dest_Q576651,dest_Q1291077
dest_Q392522,dest_Q392522
dest_Q744138,dest_Q744138
dest_Q633659,dest_Q633659
dest_Q176081,dest_Q176081
dest_Q867108,dest_Q867108
dest_Q867112,dest_Q867112
dest_Q977183,dest_Q1291077
dest_Q1367759,dest_Q1367759
dest_Q1131727,dest_Q1131727
dest_Q866886,dest_Q866886
dest_Q1004666,dest_Q1004666
dest_Q867089,dest_Q867089
dest_Q1123380,dest_Q1123380
dest_Q867097,dest_Q867097
dest_Q899272,dest_Q899272
dest_Q843984,dest_Q843984
dest_Q767244,dest_Q767244
dest_Q1291077,dest_Q1291077
dest_Q867084,dest_Q867084
dest_Q1579076,dest_Q1579076
dest_Q928828,dest_Q928828
dest_Q867117,dest_Q867117
dest_Q867126,dest_Q867126
dest_Q1476289,dest_Q1291077
dest_Q939575,dest_Q939575
dest_Q823443,dest_Q823443
dest_Q1476309,dest_Q1291077
dest_Q1105893,dest_Q1105893
dest_Q845368,dest_Q845368
dest_Q1869075,dest_Q1869075
dest_Q2072165,dest_Q2072165
dest_Q1959984,dest_Q1959984
dest_Q1945263,dest_Q1945263
dest_Q1837354,dest_Q1837354
dest_Q1920815,dest_Q1920815
dest_Q1962356,dest_Q1962356
dest_Q2045300,dest_Q2045300
dest_Q1950456,dest_Q1950456
dest_Q1989164,dest_Q1989164
dest_Q1995769,dest_Q1995769
dest_Q1934932,dest_Q1934932
dest_Q1942469,dest_Q1942469
dest_Q1955102,dest_Q1955102
dest_Q2025473,dest_Q2025473
dest_Q1892063,dest_Q1892063
dest_Q1831695,dest_Q1831695
dest_Q2072154,dest_Q2072154
dest_Q1579113,dest_Q1579113
dest_Q2018681,dest_Q2018681
dest_Q2018672,dest_Q2018672
dest_Q1579101,dest_Q1579101
dest_Q2030886,dest_Q2030886
dest_Q2018692,dest_Q2018692
dest_Q2024643,dest_Q2024643
dest_Q2079428,dest_Q2079428
dest_Q2161795,dest_Q2161795
dest_Q2124808,dest_Q2124808
dest_Q2251931,dest_Q2251931
dest_Q2079406,dest_Q2079406
dest_Q2269685,dest_Q2269685
dest_Q2274832,dest_Q2274832
dest_Q2252820,dest_Q2252820
dest_Q2079455,dest_Q2079455
dest_Q2072209,dest_Q2072209
dest_Q2079353,dest_Q2079353
dest_Q2140753,dest_Q2140753
dest_Q2268947,dest_Q2268947
dest_Q2277469,dest_Q2277469
dest_Q2283334,dest_Q2283334
dest_Q2122124,dest_Q2122124
dest_Q2087806,dest_Q1291077
dest_Q2093996,dest_Q2093996
dest_Q2277478,dest_Q2277478
dest_Q2171669,dest_Q2171669
dest_Q2106159,dest_Q2106159
dest_Q2198472,dest_Q2198472
dest_Q2124995,dest_Q2124995
dest_Q2232018,dest_Q2232018
dest_Q2277489,dest_Q2277489
dest_Q126125,dest_Q126125
dest_Q16954,dest_Q16954
dest_Q3769,dest_Q3769
dest_Q14103,dest_Q14103
dest_Q16394,dest_Q16394
dest_Q16961,dest_Q16961
dest_Q1152,dest_Q1152
dest_Q16393,dest_Q16393
dest_Q17009,dest_Q17009
dest_Q16987,dest_Q16987
dest_Q13950,dest_Q13950
dest_Q17070,dest_Q17070
dest_Q17054,dest_Q17054
dest_Q25362,dest_Q25362
dest_Q34617,dest_Q34617
dest_Q33788,dest_Q33788
dest_Q17063,dest_Q17063
dest_Q17012,dest_Q17012
dest_Q35555,dest_Q35555
dest_Q1513970,dest_Q1513970
dest_Q1462671,dest_Q1462671
dest_Q1440747,dest_Q1440747
dest_Q489821,dest_Q489821
dest_Q505220,dest_Q505220
dest_Q207424,dest_Q207424
dest_Q13365881,dest_Q13365881
dest_Q200938,dest_Q200938
dest_Q5061718,dest_Q5061718
dest_Q16045730,dest_Q16045730
dest_Q211208,dest_Q211208
dest_Q1143915,dest_Q1143915
dest_Q13365882,dest_Q13365882
dest_Q1165783,dest_Q1165783
dest_Q1344087,dest_Q1344087
dest_Q757782,dest_Q757782
dest_Q7898827,dest_Q7898827
dest_Q656073,dest_Q656073
dest_Q208186,dest_Q208186
dest_Q1352996,dest_Q1352996
dest_Q207973,dest_Q207973
dest_Q205126,dest_Q205126
dest_Q210061,dest_Q210061
dest_Q205057,dest_Q205057
dest_Q573931,dest_Q573931
dest_Q484625,dest_Q484625
dest_Q1143947,dest_Q1143947
dest_Q208183,dest_Q208183
dest_Q209597,dest_Q209597
dest_Q740164,dest_Q740164
dest_Q211795,dest_Q211795
dest_Q205089,dest_Q205089
dest_Q7898928,dest_Q7898928
dest_Q218981,dest_Q218981
dest_Q669259,dest_Q669259
dest_Q208185,dest_Q208185
dest_Q474134,dest_Q474134
dest_Q832223,dest_Q832223
dest_Q178449,dest_Q178449
dest_Q205104,dest_Q205104
dest_Q207413,dest_Q207413
dest_Q679739,dest_Q679739
dest_Q162020,dest_Q162020
dest_Q208182,dest_Q208182
dest_Q205112,dest_Q205112
dest_Q7566772,dest_Q7566772
dest_Q757781,dest_Q757781
dest_Q215221,dest_Q215221
dest_Q201162,dest_Q201162
dest_Q211793,dest_Q211793
dest_Q1463029,dest_Q1463029
dest_Q7568276,dest_Q7568276
dest_Q210896,dest_Q210896
dest_Q1514040,dest_Q1514040
dest_Q841197,dest_Q841197
dest_Q205078,dest_Q205078
dest_Q957929,dest_Q957929
dest_Q2424657,dest_Q2424657
dest_Q353375,dest_Q353375
dest_Q2316922,dest_Q2316922
dest_Q339462,dest_Q339462
dest_Q1390048,dest_Q1390048
dest_Q2210716,dest_Q2210716
dest_Q4856305,dest_Q4856305
dest_Q1468407,dest_Q1468407
dest_Q4865016,dest_Q4865016
dest_Q3296677,dest_Q3296677
dest_Q130755512,dest_Q130755512
dest_Q12750430,dest_Q12750430
dest_Q338988,dest_Q338988
dest_Q12750439,dest_Q12750439
dest_Q131522025,dest_Q131522025
dest_Q3317366,dest_Q3317366
dest_Q332113,dest_Q332113
dest_Q949513,dest_Q949513
dest_Q131468014,dest_Q131468014
dest_Q131314964,dest_Q131314964
dest_Q3305250,dest_Q3305250
dest_Q214155,dest_Q214155
dest_Q3299782,dest_Q3299782
dest_Q2709118,dest_Q2709118
dest_Q775323,dest_Q2316922
dest_Q2360912,dest_Q2360368
dest_Q1996432,dest_Q1996432
dest_Q16085370,dest_Q16085370
dest_Q130581074,dest_Q130581074
dest_Q4859821,dest_Q4859821
dest_Q130390762,dest_Q130390762
dest_Q1457965,dest_Q1457965
dest_Q3739214,dest_Q3739214
dest_Q3305075,dest_Q3305075
dest_Q15630696,dest_Q15630696
dest_Q3304454,dest_Q3304454
dest_Q287789,dest_Q287789
dest_Q131467708,dest_Q131467708
dest_Q4853794,dest_Q4853794
dest_Q131522532,dest_Q131522532
dest_Q4864476,dest_Q4864476
dest_Q131447789,dest_Q131447789
dest_Q3738564,dest_Q3738564
dest_Q2640183,dest_Q1116203
dest_Q3303233,dest_Q3303233
dest_Q2709111,dest_Q2709111
dest_Q1116203,dest_Q1116203
dest_Q461298,dest_Q461298
dest_Q332392,dest_Q332392
dest_Q2360368,dest_Q2360368
dest_Q2384773,dest_Q2384773
dest_Q2290784,dest_Q2290784
dest_Q2406322,dest_Q2406322
dest_Q3299950,dest_Q3299950
dest_Q3741507,dest_Q3741507
dest_Q2190334,dest_Q2190334
dest_Q656845,dest_Q656845
dest_Q3305169,dest_Q3305169
dest_Q1811116,dest_Q1811116
dest_Q3455550,dest_Q3455550
dest_Q55747201,dest_Q55747201
dest_Q13365880,dest_Q13365880
dest_Q2604068,dest_Q2604068
dest_Q2469227,dest_Q2469227
dest_Q4086488,dest_Q4086488
dest_Q880399,dest_Q880399
dest_Q740591,dest_Q740591
dest_Q950881,dest_Q950881
dest_Q326203,dest_Q326203
dest_Q244521,dest_Q244521
dest_Q26253,dest_Q26253
dest_Q741017,dest_Q741017
dest_Q2545297,dest_Q2545297
dest_Q274109,dest_Q274109
dest_Q273525,dest_Q273525
dest_Q1323340,dest_Q1323340
dest_Q225189,dest_Q225189
dest_Q426114,dest_Q426114
dest_Q2075188,dest_Q2075188
dest_Q856278,dest_Q856278
dest_Q1344996,dest_Q1323340
dest_Q273533,dest_Q273533
dest_Q881839,dest_Q881839
dest_Q591194,dest_Q591194
dest_Q526176,dest_Q526176
dest_Q431908,dest_Q431908
dest_Q1864637,dest_Q1864637
dest_Q686586,dest_Q686586
dest_Q159380,dest_Q159380
dest_Q750551,dest_Q750551
dest_Q1346554,dest_Q1346554
dest_Q657754,dest_Q657754
dest_Q244512,dest_Q244512
dest_Q1323332,dest_Q1323332
dest_Q755121,dest_Q755121
dest_Q244510,dest_Q244510
dest_Q1422453,dest_Q1422453
dest_Q281898,dest_Q281898
dest_Q2300294,dest_Q2300294
dest_Q1155055,dest_Q1155055
dest_Q682642,dest_Q682642
dest_Q2412394,dest_Q2300294
dest_Q1323322,dest_Q1323322
dest_Q749618,dest_Q749618
dest_Q521112,dest_Q521112
dest_Q1057563,dest_Q1057563
dest_Q274118,dest_Q274118
dest_Q682654,dest_Q682654
dest_Q2305115,dest_Q2300294
dest_Q741009,dest_Q741009
dest_Q25263,dest_Q25263
dest_Q372461,dest_Q372461
dest_Q207199,dest_Q207199
dest_Q755115,dest_Q755115
dest_Q1125333,dest_Q1125333
dest_Q629720,dest_Q629720
dest_Q793727,dest_Q793727
dest_Q379372,dest_Q379372
dest_Q326214,dest_Q326214
dest_Q373528,dest_Q373528
dest_Q210527,dest_Q210527
dest_Q321455,dest_Q321455
dest_Q222564,dest_Q222564
dest_Q755116,dest_Q755116
dest_Q279085,dest_Q279085
dest_Q322792,dest_Q322792
dest_Q240014,dest_Q240014
dest_Q273529,dest_Q273529
dest_Q244517,dest_Q244517
dest_Q2423082,dest_Q2423082
dest_Q1996410,dest_Q1996410
dest_Q1998500,dest_Q1998500
dest_Q2041219,dest_Q2041219
dest_Q1946579,dest_Q1946579
dest_Q2270414,dest_Q2270414
dest_Q1992728,dest_Q1992728
dest_Q1996439,dest_Q1996439
dest_Q2364199,dest_Q2364199
dest_Q2088034,dest_Q2088034
dest_Q2738284,dest_Q2738284
dest_Q2308287,dest_Q2308287
dest_Q3246545,dest_Q3246545
dest_Q2018980,dest_Q2018980
dest_Q1992691,dest_Q1992691
dest_Q2018930,dest_Q2018930
dest_Q1779775,dest_Q1779775
dest_Q2370973,dest_Q2370973
dest_Q2018957,dest_Q2018957
dest_Q2352376,dest_Q2352376
dest_Q2282274,dest_Q2282274
dest_Q2001785,dest_Q2001785
dest_Q1992752,dest_Q1992752
dest_Q1475001,dest_Q1475001
dest_Q2476159,dest_Q2476159
dest_Q2088022,dest_Q2088022
dest_Q2029825,dest_Q2029825
dest_Q9035785,dest_Q9035785
dest_Q1996470,dest_Q1996470
dest_Q1779085,dest_Q1779085
dest_Q2308277,dest_Q2308277
dest_Q1992701,dest_Q1992701
dest_Q1992716,dest_Q1992716
dest_Q2018921,dest_Q2018921
dest_Q2479526,dest_Q2479526
dest_Q1996740,dest_Q1996740
dest_Q3245456,dest_Q3245456
dest_Q2041236,dest_Q2041236
dest_Q1994547,dest_Q1994547
dest_Q1819289,dest_Q1819289
dest_Q2018974,dest_Q2018974
dest_Q2018939,dest_Q2018939
dest_Q1839369,dest_Q1839369
dest_Q2088561,dest_Q2088561
dest_Q2088585,dest_Q2088585
dest_Q4341,dest_Q4341
dest_Q2654,dest_Q2654
dest_Q836002,dest_Q397678
dest_Q188283,dest_Q188283
dest_Q656,dest_Q656
dest_Q1759,dest_Q1759
dest_Q2073,dest_Q2073
dest_Q845600,dest_Q397678
dest_Q2702,dest_Q2702
dest_Q2240,dest_Q2240
dest_Q3329,dest_Q3329
dest_Q2292,dest_Q2292
dest_Q720221,dest_Q397678
dest_Q3178,dest_Q3178
dest_Q3510,dest_Q3510
dest_Q1697,dest_Q1697
dest_Q3941,dest_Q3941
dest_Q2596,dest_Q2596
dest_Q1749,dest_Q1749
dest_Q397678,dest_Q397678
dest_Q1914,dest_Q1914
dest_Q3819,dest_Q3819
dest_Q5237,dest_Q5237
dest_Q2842,dest_Q2842
dest_Q2448,dest_Q2448
dest_Q208747,dest_Q208747
dest_Q550021,dest_Q550021
dest_Q3734,dest_Q3734
dest_Q3550,dest_Q3550
dest_Q5118,dest_Q5118
dest_Q2753,dest_Q2753
dest_Q3573,dest_Q3573
dest_Q2218,dest_Q2218
dest_Q835980,dest_Q397678
dest_Q1875,dest_Q1875
dest_Q691741,dest_Q691741
dest_Q691842,dest_Q397678
dest_Q5219,dest_Q5219
dest_Q3447,dest_Q3447
dest_Q960,dest_Q960
dest_Q2810,dest_Q2810
dest_Q691781,dest_Q397678
dest_Q1727,dest_Q1727
dest_Q2347,dest_Q2347
dest_Q649,dest_Q1697
dest_Q3953,dest_Q3953
dest_Q2191,dest_Q2191
dest_Q753917,dest_Q397678
dest_Q208284,dest_Q208284
dest_Q5187,dest_Q5187
dest_Q2015,dest_Q2015
dest_Q3129,dest_Q3129
dest_Q2032,dest_Q2032
dest_Q5207,dest_Q5207
dest_Q2792,dest_Q2792
dest_Q2246,dest_Q2246
dest_Q3680,dest_Q3680
dest_Q691793,dest_Q397678
dest_Q5387,dest_Q5387
dest_Q5422,dest_Q5422
dest_Q6809,dest_Q6809
dest_Q7730,dest_Q7730
dest_Q5267,dest_Q5267
dest_Q5400,dest_Q5400
dest_Q5714,dest_Q5714
dest_Q7797,dest_Q7797
dest_Q5481,dest_Q5481
dest_Q5338,dest_Q5338
dest_Q5942,dest_Q5942
dest_Q5462,dest_Q5462
dest_Q7948,dest_Q7948
dest_Q6605,dest_Q6605
dest_Q7984,dest_Q7984
dest_Q5328,dest_Q5328
dest_Q6076,dest_Q6076
dest_Q7788,dest_Q7788
dest_Q6886,dest_Q6886
dest_Q6838,dest_Q6838
dest_Q6543,dest_Q6543
dest_Q6563,dest_Q6563
dest_Q5334,dest_Q5334
dest_Q5545,dest_Q5545
dest_Q5971,dest_Q5971
dest_Q5446,dest_Q5446
dest_Q5634,dest_Q5634
dest_Q5340,dest_Q5340
dest_Q5741,dest_Q5741
dest_Q5710,dest_Q5710
dest_Q5835,dest_Q5835
dest_Q5824,dest_Q5824
dest_Q6585,dest_Q6585
dest_Q5466,dest_Q5466
dest_Q7971,dest_Q7971
dest_Q5851,dest_Q5851
dest_Q5884,dest_Q5884
dest_Q376241,dest_Q376241
dest_Q258405,dest_Q258405
dest_Q429908,dest_Q429908
dest_Q117714,dest_Q117714
dest_Q464953,dest_Q464953
dest_Q387745,dest_Q387745
dest_Q657821,dest_Q657821
dest_Q509300,dest_Q509300
dest_Q337514,dest_Q337514
dest_Q130626,dest_Q130626
dest_Q534917,dest_Q534917
dest_Q424388,dest_Q424388
dest_Q503941,dest_Q503941
dest_Q506808,dest_Q506808
dest_Q463959,dest_Q463959
dest_Q145793,dest_Q145793
dest_Q503936,dest_Q503936
dest_Q682571,dest_Q682571
dest_Q532153,dest_Q532153
dest_Q503923,dest_Q503923
dest_Q503928,dest_Q503928
dest_Q260009,dest_Q260009
dest_Q682691,dest_Q682691
dest_Q320852,dest_Q320852
dest_Q503910,dest_Q503910
dest_Q503905,dest_Q503905
dest_Q503932,dest_Q503932
dest_Q748523,dest_Q748523
dest_Q878284,dest_Q878284
dest_Q842939,dest_Q842939
dest_Q1844,dest_Q1844
dest_Q836654,dest_Q836654
dest_Q49660,dest_Q49660
dest_Q682777,dest_Q682777
dest_Q836645,dest_Q836645
dest_Q739676,dest_Q739676
dest_Q815913,dest_Q815913
dest_Q49657,dest_Q49657
dest_Q3817714,dest_Q3817714
dest_Q49654,dest_Q49651
dest_Q49651,dest_Q49651
dest_Q49661,dest_Q49661
dest_Q4540,dest_Q4540
dest_Q9294802,dest_Q9294802
dest_Q49663,dest_Q49663
dest_Q682704,dest_Q682704
dest_Q682721,dest_Q682721
dest_Q49662,dest_Q49662
dest_Q49655,dest_Q49655
dest_Q836657,dest_Q836657
dest_Q49659,dest_Q49659
dest_Q570358,dest_Q570358
dest_Q728099,dest_Q728099
dest_Q461133,dest_Q461133
dest_Q728015,dest_Q728015
dest_Q291279,dest_Q291279
dest_Q280973,dest_Q280973
dest_Q728120,dest_Q728120
dest_Q511859,dest_Q511859
dest_Q208668,dest_Q208668
dest_Q586818,dest_Q586818
dest_Q498452,dest_Q498452
dest_Q644024,dest_Q644024
dest_Q728022,dest_Q728022
dest_Q728056,dest_Q728056
dest_Q728127,dest_Q728127
dest_Q498443,dest_Q498443
dest_Q196042,dest_Q196042
dest_Q366626,dest_Q366626
dest_Q728155,dest_Q728155
dest_Q737354,dest_Q737354
dest_Q843903,dest_Q843903
dest_Q853162,dest_Q853162
dest_Q850435,dest_Q850435
dest_Q738546,dest_Q738546
dest_Q850022,dest_Q850022
dest_Q853152,dest_Q853152
dest_Q845807,dest_Q845807
dest_Q768119,dest_Q768119
dest_Q859567,dest_Q859567
dest_Q911635,dest_Q911635
dest_Q911651,dest_Q911651
dest_Q911643,dest_Q911643
dest_Q873740,dest_Q873740
dest_Q859581,dest_Q859581
dest_Q859831,dest_Q859831
dest_Q859573,dest_Q859573
dest_Q20669653,dest_Q20669647
dest_Q20669651,dest_Q20669647
dest_Q20669647,dest_Q20669647
dest_Q3859,dest_Q3859
dest_Q12632,dest_Q12632
dest_Q12621,dest_Q12621
dest_Q114333615,dest_Q114333615
dest_Q97184893,dest_Q97184893
dest_Q1053595,dest_Q1053595
dest_Q1053600,dest_Q1053600
dest_Q1053565,dest_Q1053565
dest_Q4458092,dest_Q4458092
dest_Q934126,dest_Q934126
dest_Q3509795,dest_Q3509795
dest_Q960645,dest_Q960645
dest_Q15966495,dest_Q15966495
dest_Q534528,dest_Q534528
dest_Q648753,dest_Q648753
dest_Q752676,dest_Q752676
dest_Q473190,dest_Q473190
dest_Q573467,dest_Q573467
dest_Q834508,dest_Q834508
dest_Q764385,dest_Q764385
dest_Q838775,dest_Q838775
dest_Q834513,dest_Q834513
dest_Q876512,dest_Q876512
dest_Q876506,dest_Q876506
dest_Q13156669,dest_Q13156669
dest_Q845702,dest_Q845702
dest_Q14824032,dest_Q14824027
dest_Q14824027,dest_Q14824027
dest_Q1755166,dest_Q1755166
dest_Q1499927,dest_Q1499927
dest_Q636580,dest_Q636580
dest_Q54171,dest_Q54171
dest_Q1752924,dest_Q1752924
dest_Q8686,dest_Q8686
dest_Q34800,dest_Q34800
dest_Q943781,dest_Q943781
dest_Q43407,dest_Q43407
dest_Q54150,dest_Q54150
dest_Q19770,dest_Q19770
dest_Q54155,dest_Q54155
dest_Q15175,dest_Q15175
dest_Q54187,dest_Q54187
dest_Q1422870,dest_Q1422870
dest_Q54153,dest_Q54153
dest_Q15176,dest_Q15176
dest_Q57052,dest_Q57052
dest_Q46913,dest_Q46913
dest_Q45761,dest_Q45761
dest_Q40956,dest_Q40956
dest_Q42200,dest_Q42200
dest_Q423946,dest_Q423946
dest_Q17432574,dest_Q17432574
dest_Q11736,dest_Q11736
dest_Q45833,dest_Q45833
dest_Q54175,dest_Q54175
dest_Q47097,dest_Q47097
dest_Q16967,dest_Q16967
dest_Q1410914,dest_Q1410914
dest_Q8646,dest_Q8646
dest_Q41079,dest_Q41079
dest_Q19206,dest_Q19206
dest_Q45208,dest_Q45208
dest_Q54184,dest_Q54184
dest_Q54188,dest_Q54188
dest_Q54177,dest_Q54177
dest_Q16963,dest_Q16963
dest_Q54158,dest_Q54158
dest_Q386333,dest_Q386333
dest_Q9377193,dest_Q54171
dest_Q42392,dest_Q42392
dest_Q956,dest_Q956
dest_Q54169,dest_Q54169
dest_Q43194,dest_Q43194
dest_Q57251,dest_Q32081
dest_Q11725,dest_Q11725
dest_Q2588302,dest_Q2588302
dest_Q43934,dest_Q43934
dest_Q17269,dest_Q17269
dest_Q57448,dest_Q57448
dest_Q14773,dest_Q14773
dest_Q46862,dest_Q46862
dest_Q1885838,dest_Q1885838
dest_Q54159,dest_Q54159
dest_Q54181,dest_Q54181
dest_Q54180,dest_Q54180
dest_Q1218470,dest_Q1218470
dest_Q54183,dest_Q54183
dest_Q47974,dest_Q47974
dest_Q43684,dest_Q43684
dest_Q54157,dest_Q54157
dest_Q41705,dest_Q41705
dest_Q21208,dest_Q21208
dest_Q1747120,dest_Q1747120
dest_Q666142,dest_Q666142
dest_Q140207,dest_Q140207
dest_Q140083,dest_Q140083
dest_Q274381,dest_Q274381
dest_Q667468,dest_Q667468
dest_Q251825,dest_Q251825
dest_Q541468,dest_Q541468
dest_Q326254,dest_Q326254
dest_Q209778,dest_Q209778
dest_Q329060,dest_Q329060
dest_Q139918,dest_Q139918
dest_Q240017,dest_Q240017
dest_Q202747,dest_Q202747
dest_Q599448,dest_Q599448
dest_Q209772,dest_Q209772
dest_Q140246,dest_Q140246
dest_Q139907,dest_Q139907
dest_Q657004,dest_Q657004
dest_Q1400625,dest_Q1400625
dest_Q849807,dest_Q849807
dest_Q20199334,dest_Q20199334
dest_Q862584,dest_Q862584
dest_Q19852486,dest_Q19852486
dest_Q692912,dest_Q692912
dest_Q849812,dest_Q849812
dest_Q849790,dest_Q849790
dest_Q753689,dest_Q753689
dest_Q20199405,dest_Q20199405
dest_Q874935,dest_Q874935
dest_Q6146085,dest_Q6146085
dest_Q2192924,dest_Q2192924
dest_Q838690,dest_Q838690
dest_Q1378310,dest_Q1378310
dest_Q1995856,dest_Q1995856
dest_Q2054290,dest_Q2054290
dest_Q690880,dest_Q690880
dest_Q849801,dest_Q849801
dest_Q874962,dest_Q874962
dest_Q1366684,dest_Q1366684
dest_Q726917,dest_Q726917
dest_Q864971,dest_Q864971
dest_Q856010,dest_Q856010
dest_Q1382499,dest_Q1382499
dest_Q853664,dest_Q853664
dest_Q27659,dest_Q27659
dest_Q26000,dest_Q26000
dest_Q26161,dest_Q26161
dest_Q32837,dest_Q32837
dest_Q25632,dest_Q25632
dest_Q26153,dest_Q26153
dest_Q32841,dest_Q32841
dest_Q26124,dest_Q26124
dest_Q25931,dest_Q25931
dest_Q26132,dest_Q26132
dest_Q26417,dest_Q26417
dest_Q26023,dest_Q26023
dest_Q59596,dest_Q59596
dest_Q48247,dest_Q48247
dest_Q48233,dest_Q48233
dest_Q48232,dest_Q48232
dest_Q33507,dest_Q33507
dest_Q48239,dest_Q48239
dest_Q48200,dest_Q48200
dest_Q32845,dest_Q32845
dest_Q48236,dest_Q48236
dest_Q328735,dest_Q328735
dest_Q119494,dest_Q119494
dest_Q140646,dest_Q140646
dest_Q327788,dest_Q327788
dest_Q328727,dest_Q328727
dest_Q233838,dest_Q233838
dest_Q328733,dest_Q328733
dest_Q378780,dest_Q378780
dest_Q328738,dest_Q328738
dest_Q456847,dest_Q456847
dest_Q372144,dest_Q372144
dest_Q378829,dest_Q378829
dest_Q378813,dest_Q378813
dest_Q473764,dest_Q473764
dest_Q652845,dest_Q652845
dest_Q800124,dest_Q800124
dest_Q792550,dest_Q792550
dest_Q495342,dest_Q495342
dest_Q544762,dest_Q544762
dest_Q852039,dest_Q852039
dest_Q847289,dest_Q847289
dest_Q806550,dest_Q806550
dest_Q818742,dest_Q818742
dest_Q833013,dest_Q833013
dest_Q843954,dest_Q843954
dest_Q4501876,dest_Q4501876
dest_Q1468596,dest_Q1468596
dest_Q856781,dest_Q856781
dest_Q958518,dest_Q958518
dest_Q4703564,dest_Q4703564
dest_Q4501894,dest_Q4501894
dest_Q1187200,dest_Q1187200
dest_Q4703565,dest_Q4703565
dest_Q13580,dest_Q13580
dest_Q13615,dest_Q13615
dest_Q17081785,dest_Q17081785
dest_Q12933,dest_Q12933
dest_Q13606,dest_Q13606
dest_Q13665,dest_Q13665
dest_Q13658,dest_Q13658
dest_Q13669,dest_Q13669
dest_Q13650,dest_Q13650
dest_Q13662,dest_Q13662
dest_Q13617,dest_Q13617
dest_Q13675,dest_Q13675
dest_Q13694,dest_Q13694
dest_Q13690,dest_Q13690
dest_Q13682,dest_Q13682
dest_Q13704,dest_Q13704
dest_Q13701,dest_Q13701
dest_Q18826,dest_Q18826
dest_Q120512566,dest_Q120512566
dest_Q47047,dest_Q47047
dest_Q120512576,dest_Q120512576
dest_Q46910,dest_Q46910
dest_Q120512582,dest_Q120512582
dest_Q182988,dest_Q182988
dest_Q466538,dest_Q466538
dest_Q466526,dest_Q466526
dest_Q466547,dest_Q466547
dest_Q272406,dest_Q272406
dest_Q1075816,dest_Q1075816
dest_Q1049867,dest_Q1049867
dest_Q739651,dest_Q739651
dest_Q599347,dest_Q599347
dest_Q1567791,dest_Q1567791
dest_Q1240193,dest_Q1240193
dest_Q953557,dest_Q953557
dest_Q217138,dest_Q217138
dest_Q1676934,dest_Q1676934
dest_Q593137,dest_Q593137
dest_Q109380,dest_Q109380
dest_Q109348,dest_Q109348
dest_Q626052,dest_Q626052
dest_Q379658,dest_Q379658
dest_Q41416,dest_Q41416
dest_Q688660,dest_Q688660
dest_Q183314,dest_Q183314
dest_Q28576,dest_Q28576
dest_Q848613,dest_Q848613
dest_Q1129783,dest_Q1129783
dest_Q1188890,dest_Q1188890
dest_Q163239,dest_Q163239
dest_Q37211,dest_Q37211
dest_Q842886,dest_Q842886
dest_Q18808,dest_Q18808
dest_Q200697,dest_Q200697
dest_Q110171,dest_Q110171
dest_Q911278,dest_Q911278
dest_Q825799,dest_Q825799
dest_Q4412467,dest_Q4412467
dest_Q16250688,dest_Q16250688
dest_Q109361,dest_Q109361
dest_Q919017,dest_Q919017
dest_Q605787,dest_Q605787
dest_Q1141041,dest_Q1141041
dest_Q109342,dest_Q109342
dest_Q28579,dest_Q28579
dest_Q622799,dest_Q622799
dest_Q622794,dest_Q622794
dest_Q622792,dest_Q622792
dest_Q622801,dest_Q622801
dest_Q4478,dest_Q4478
dest_Q557506,dest_Q557506
dest_Q622803,dest_Q622803
dest_Q3674,dest_Q3674
dest_Q820514,dest_Q820514
dest_Q28464,dest_Q28464
dest_Q23430,dest_Q23430
dest_Q109368,dest_Q109368
dest_Q28462,dest_Q28462
dest_Q276200,dest_Q276200
dest_Q25104016,dest_Q25104016
dest_Q276195,dest_Q276195
dest_Q25104015,dest_Q25104015
dest_Q213272,dest_Q213272
dest_Q827015,dest_Q827015
dest_Q25104009,dest_Q25104009
dest_Q244804,dest_Q244804
dest_Q207809,dest_Q207809
dest_Q167764,dest_Q167764
dest_Q191792,dest_Q191792
dest_Q775410,dest_Q775410
dest_Q25104014,dest_Q25104014
dest_Q134457230,dest_Q134457230
dest_Q850036,dest_Q850036
dest_Q871083,dest_Q871083
dest_Q134457232,dest_Q134457232
dest_Q1053302,dest_Q1053302
dest_Q134457202,dest_Q134457202
dest_Q780884,dest_Q780884
dest_Q863554,dest_Q863554
dest_Q25104017,dest_Q25104017
dest_Q25104008,dest_Q25104008
dest_Q969317,dest_Q969317
dest_Q239040,dest_Q239040
dest_Q25104019,dest_Q25104019
dest_Q204367,dest_Q204367
dest_Q855327,dest_Q855327
dest_Q861914,dest_Q861914
dest_Q18827,dest_Q18827
dest_Q125711,dest_Q125711
dest_Q55724634,dest_Q3674
dest_Q236333,dest_Q236333
dest_Q207795,dest_Q207795
dest_Q211835,dest_Q211835
dest_Q862753,dest_Q862753
dest_Q765370,dest_Q765370
dest_Q194098,dest_Q194098
dest_Q864647,dest_Q864647
dest_Q850055,dest_Q850055
dest_Q244788,dest_Q244788
dest_Q31929492,dest_Q31929492
dest_Q235579,dest_Q235579
dest_Q192945,dest_Q192945
dest_Q209774,dest_Q209774
dest_Q234710,dest_Q234710
dest_Q234713,dest_Q234713
dest_Q234680,dest_Q234680
dest_Q192942,dest_Q192942
dest_Q389944,dest_Q389944
dest_Q2069342,dest_Q2069342
dest_Q1351747,dest_Q1351747
dest_Q1351758,dest_Q1351758
dest_Q282098,dest_Q282098
dest_Q118903,dest_Q118903
dest_Q3685407,dest_Q3685407
dest_Q68929,dest_Q68929
dest_Q404943,dest_Q404943
dest_Q2089798,dest_Q2089798
dest_Q16456513,dest_Q141132
dest_Q1799182,dest_Q1799182
dest_Q588916,dest_Q588916
dest_Q3685412,dest_Q1351758
dest_Q141132,dest_Q141132
dest_Q156560,dest_Q156560
dest_Q677400,dest_Q677400
dest_Q2069355,dest_Q2069355
dest_Q2021318,dest_Q2021318
dest_Q58882,dest_Q58882
dest_Q1755961,dest_Q1755961
dest_Q923117,dest_Q118903
dest_Q2021307,dest_Q2021307
dest_Q1351768,dest_Q1351768
dest_Q313132,dest_Q313132
dest_Q610133,dest_Q610133
dest_Q3685410,dest_Q3685410
dest_Q766969,dest_Q766969
dest_Q928938,dest_Q1351722
dest_Q2071640,dest_Q2071640
dest_Q46786,dest_Q46786
dest_Q1657116,dest_Q1657116
dest_Q1387044,dest_Q1387044
dest_Q1417346,dest_Q1417346
dest_Q2089785,dest_Q2089785
dest_Q1351722,dest_Q1351722
dest_Q4993831,dest_Q1417346
dest_Q219115,dest_Q219115
dest_Q1987743,dest_Q1987743
dest_Q2089815,dest_Q2089815
dest_Q2089772,dest_Q2089772
dest_Q2069330,dest_Q2069330
dest_Q763504,dest_Q763504
dest_Q47090,dest_Q47090
dest_Q664415,dest_Q664415
dest_Q2089791,dest_Q2089791
dest_Q1023041,dest_Q1023041
dest_Q2069320,dest_Q2069320
dest_Q769940,dest_Q3685407
dest_Q1813849,dest_Q1813849
dest_Q1461920,dest_Q1461920
dest_Q50616,dest_Q50616
dest_Q79861,dest_Q79861
dest_Q34110,dest_Q34110
dest_Q50617,dest_Q50617
dest_Q46508,dest_Q46508
dest_Q13160,dest_Q13160
dest_Q80252,dest_Q80252
dest_Q60176,dest_Q60176
dest_Q60158,dest_Q60158
dest_Q80908,dest_Q80908
dest_Q79952,dest_Q79952
dest_Q50626,dest_Q50626
dest_Q189710,dest_Q189710
dest_Q50623,dest_Q50623
dest_Q50628,dest_Q50628
dest_Q50629,dest_Q50629
dest_Q66117,dest_Q66117
dest_Q79920,dest_Q79920
dest_Q1489,dest_Q1489
dest_Q80903,dest_Q80903
dest_Q15282,dest_Q15282
dest_Q56405721,dest_Q56405721
dest_Q188953,dest_Q188953
dest_Q60130,dest_Q60130
dest_Q61309,dest_Q61309
dest_Q50621,dest_Q50621
dest_Q46475,dest_Q46475
dest_Q213893,dest_Q213893
dest_Q213467,dest_Q213467
dest_Q80245,dest_Q80245
dest_Q56407178,dest_Q56407178
dest_Q50625,dest_Q50625
dest_Q79918,dest_Q79918
dest_Q189701,dest_Q189701
dest_Q188947,dest_Q188947
dest_Q80914,dest_Q80914
dest_Q79923,dest_Q79923
dest_Q53079,dest_Q53079
dest_Q58731,dest_Q46508
dest_Q60123,dest_Q60123
dest_Q80269,dest_Q80269
dest_Q78980,dest_Q78980
dest_Q82681,dest_Q82681
dest_Q191346,dest_Q191346
dest_Q179029,dest_Q179029
dest_Q183032,dest_Q183032
dest_Q188096,dest_Q188096
dest_Q12731492,dest_Q12731492
dest_Q185221,dest_Q185221
dest_Q80007,dest_Q80007
dest_Q16459845,dest_Q16459845
dest_Q82112,dest_Q82112
dest_Q185944,dest_Q185944
dest_Q46422,dest_Q46422
dest_Q79754,dest_Q79754
dest_Q655,dest_Q655
dest_Q170462,dest_Q170462
dest_Q866699,dest_Q866699
dest_Q2128882,dest_Q2128882
dest_Q878375,dest_Q878375
dest_Q2128964,dest_Q2128964
dest_Q865639,dest_Q865639
dest_Q1826662,dest_Q1826662
dest_Q2112462,dest_Q2112462
dest_Q769224,dest_Q769224
dest_Q878266,dest_Q878266
dest_Q878297,dest_Q878297
dest_Q1796621,dest_Q1796621
dest_Q865884,dest_Q865884
dest_Q865594,dest_Q865594
dest_Q2254,dest_Q2254
dest_Q2129025,dest_Q2129025
dest_Q2129061,dest_Q2129061
dest_Q2128862,dest_Q2128862
dest_Q2128869,dest_Q2128869
dest_Q12898552,dest_Q12898552
dest_Q2128868,dest_Q2128868
dest_Q2129022,dest_Q2129022
dest_Q871222,dest_Q871222
dest_Q878308,dest_Q878308
dest_Q878317,dest_Q878317
dest_Q266444,dest_Q266444
dest_Q753795,dest_Q753795
dest_Q854443,dest_Q854443
dest_Q3516752,dest_Q3516752
dest_Q1154127,dest_Q1154127
dest_Q407967,dest_Q407967
dest_Q189426,dest_Q189426
dest_Q430385,dest_Q430385
dest_Q1070180,dest_Q1070180
dest_Q530813,dest_Q530813
dest_Q1154101,dest_Q1154101
dest_Q878290,dest_Q878290
dest_Q975076,dest_Q975076
dest_Q1070185,dest_Q1070185
dest_Q286646,dest_Q286646
dest_Q684183,dest_Q684183
dest_Q611656,dest_Q611656
dest_Q878278,dest_Q878278
dest_Q50615,dest_Q50615
dest_Q50614,dest_Q50614
dest_Q1061128,dest_Q1061128
dest_Q50618,dest_Q50618
dest_Q1980044,dest_Q1980044
dest_Q1144496,dest_Q1144496
dest_Q865726,dest_Q865726
dest_Q497981,dest_Q497981
dest_Q860716,dest_Q860716
dest_Q405589,dest_Q405589
dest_Q16692359,dest_Q16692359
dest_Q190702,dest_Q190702
dest_Q18088065,dest_Q18088065
dest_Q860758,dest_Q860758
dest_Q179588,dest_Q179588
dest_Q186838,dest_Q186838
dest_Q182624,dest_Q182624
dest_Q188797,dest_Q188797
dest_Q648767,dest_Q648767
dest_Q188796,dest_Q188796
dest_Q190690,dest_Q190690
dest_Q182778,dest_Q182778
dest_Q185309,dest_Q185309
dest_Q190711,dest_Q190711
dest_Q50631,dest_Q50631
dest_Q2729021,dest_Q2729021
dest_Q52600648,dest_Q52600648
dest_Q178861,dest_Q178861
dest_Q185586,dest_Q185586
dest_Q181209,dest_Q181209
dest_Q191071,dest_Q191071
dest_Q188505,dest_Q188505
dest_Q188813,dest_Q188813
dest_Q868784,dest_Q868784
dest_Q5245991,dest_Q5245991
dest_Q191670,dest_Q191670
dest_Q188665,dest_Q188665
dest_Q181513,dest_Q181513
dest_Q193055,dest_Q193055
dest_Q167199,dest_Q167199
dest_Q56404886,dest_Q56404886
dest_Q191065,dest_Q191065
dest_Q184797,dest_Q184797
dest_Q17176229,dest_Q17176229
dest_Q188945,dest_Q188945
dest_Q191717,dest_Q191717
dest_Q187925,dest_Q187925
dest_Q190406,dest_Q190406
dest_Q50632,dest_Q50632
dest_Q56407177,dest_Q56407177
dest_Q179567,dest_Q179567
dest_Q182614,dest_Q182614
dest_Q188948,dest_Q188948
dest_Q127676,dest_Q127676
dest_Q193044,dest_Q193044
dest_Q50627,dest_Q50627
dest_Q179559,dest_Q179559
dest_Q188661,dest_Q188661
dest_Q2442138,dest_Q2442138
dest_Q868827,dest_Q868827
dest_Q45868,dest_Q45868
dest_Q164819,dest_Q164819
dest_Q29017181,dest_Q29017181
dest_Q191653,dest_Q12731492
dest_Q188503,dest_Q188503
dest_Q50624,dest_Q50624
dest_Q191078,dest_Q191078
dest_Q50630,dest_Q50630
dest_Q6274137,dest_Q6274137
dest_Q165459,dest_Q165459
dest_Q1008803,dest_Q1008803
dest_Q188959,dest_Q188959
dest_Q182888,dest_Q182888
dest_Q1461987,dest_Q1461987
dest_Q712011,dest_Q712011
dest_Q1461972,dest_Q1461972
dest_Q669649,dest_Q669649
dest_Q1931377,dest_Q1931377
dest_Q25231,dest_Q25231
dest_Q9305847,dest_Q9305847
dest_Q19660,dest_Q19660
dest_Q207794,dest_Q207794
dest_Q2015893,dest_Q2015893
dest_Q204989,dest_Q204989
dest_Q2558824,dest_Q2558824
dest_Q2089777,dest_Q2089777
dest_Q2283574,dest_Q2283574
dest_Q11929,dest_Q11911
dest_Q2559188,dest_Q2559188
dest_Q191186,dest_Q191186
dest_Q316220,dest_Q316220
dest_Q235563,dest_Q235563
dest_Q332095,dest_Q332095
dest_Q11943,dest_Q11911
dest_Q232387,dest_Q232387
dest_Q133083,dest_Q133083
dest_Q12404,dest_Q11911
dest_Q834,dest_Q834
dest_Q205843,dest_Q205843
dest_Q130840,dest_Q130840
dest_Q491138,dest_Q491138
dest_Q316291,dest_Q316291
dest_Q233236,dest_Q233236
dest_Q429685,dest_Q429685
dest_Q487702,dest_Q487702
dest_Q204876,dest_Q204876
dest_Q232355,dest_Q232355
dest_Q12079,dest_Q12079
dest_Q202075,dest_Q202075
dest_Q11925,dest_Q11911
dest_Q22119567,dest_Q22119567
dest_Q319979,dest_Q319979
dest_Q205776,dest_Q205776
dest_Q219690,dest_Q219690
dest_Q232399,dest_Q232399
dest_Q201121,dest_Q201121
dest_Q214094,dest_Q214094
dest_Q12433,dest_Q11911
dest_Q316216,dest_Q316216
dest_Q132418,dest_Q132418
dest_Q25101055,dest_Q25101055
dest_Q487709,dest_Q487709
dest_Q12573,dest_Q11911
dest_Q11972,dest_Q11911
dest_Q12146,dest_Q12146
dest_Q491111,dest_Q491111
dest_Q2559686,dest_Q2559686
dest_Q12172,dest_Q12146
dest_Q12094,dest_Q12079
dest_Q205796,dest_Q205796
dest_Q201137,dest_Q201137
dest_Q4102091,dest_Q4102091
dest_Q25550606,dest_Q25550606
dest_Q134907,dest_Q134907
dest_Q130343,dest_Q130343
dest_Q165582,dest_Q165582
dest_Q232382,dest_Q232382
dest_Q488519,dest_Q488519
dest_Q4494291,dest_Q4494291
dest_Q214064,dest_Q214064
dest_Q132410,dest_Q132410
dest_Q127167,dest_Q127167
dest_Q1689560,dest_Q1689560
dest_Q488904,dest_Q488904
dest_Q233914,dest_Q233914
dest_Q165956,dest_Q165956
dest_Q205824,dest_Q205824
dest_Q2007044,dest_Q2007044
dest_Q12121,dest_Q11911
dest_Q11922,dest_Q11911
dest_Q10383165,dest_Q10383165
dest_Q190687,dest_Q190687
dest_Q170453,dest_Q170453
dest_Q233218,dest_Q233218
dest_Q849164,dest_Q849164
dest_Q81725,dest_Q81725
dest_Q4533167,dest_Q4533167
dest_Q2559220,dest_Q2559220
dest_Q491096,dest_Q491096
dest_Q11933,dest_Q11911
dest_Q190922,dest_Q190922
dest_Q279945,dest_Q279945
dest_Q11911,dest_Q11911
dest_Q11917,dest_Q11917
dest_Q319965,dest_Q319965
dest_Q202068,dest_Q202068
dest_Q316306,dest_Q316306
dest_Q23925447,dest_Q23925447
dest_Q23925441,dest_Q23925441
dest_Q23926373,dest_Q23926373
dest_Q191174,dest_Q191174
dest_Q205784,dest_Q205784
dest_Q160284,dest_Q160284
dest_Q191164,dest_Q191164
dest_Q772185,dest_Q772185
dest_Q12724,dest_Q12724
dest_Q1050475,dest_Q1050475
dest_Q1050497,dest_Q1050497
dest_Q41144,dest_Q41144
dest_Q12713,dest_Q11911
dest_Q912359,dest_Q912359
dest_Q12592,dest_Q11911
dest_Q43271,dest_Q43271
dest_Q12755,dest_Q11911
dest_Q43269,dest_Q43269
dest_Q41146,dest_Q41146
dest_Q6710363,dest_Q6710363
dest_Q12697,dest_Q11911
dest_Q12738,dest_Q12738
dest_Q12640,dest_Q12640
dest_Q12771,dest_Q12771
dest_Q12746,dest_Q11911
dest_Q43371075,dest_Q43371075
dest_Q1387,dest_Q1387
dest_Q16641,dest_Q16641
dest_Q1428,dest_Q1428
dest_Q952510,dest_Q952510
dest_Q797,dest_Q797
dest_Q779,dest_Q779
dest_Q1043594,dest_Q1043594
dest_Q1603,dest_Q1603
dest_Q5756,dest_Q5756
dest_Q3995,dest_Q3995
dest_Q1444575,dest_Q1444575
dest_Q1612,dest_Q1612
dest_Q829,dest_Q829
dest_Q1207,dest_Q1207
dest_Q1166,dest_Q1166
dest_Q771,dest_Q771
dest_Q1371,dest_Q1371
dest_Q1140891,dest_Q1130134
dest_Q1649,dest_Q1649
dest_Q1214,dest_Q1214
dest_Q1261,dest_Q1261
dest_Q1130134,dest_Q1130134
dest_Q16635,dest_Q16635
dest_Q1223,dest_Q1223
dest_Q5720,dest_Q5720
dest_Q1454,dest_Q1454
dest_Q1456,dest_Q1456
dest_Q5831,dest_Q5831
dest_Q1494,dest_Q1494
dest_Q1527,dest_Q1527
dest_Q661405,dest_Q661405
dest_Q1393,dest_Q1393
dest_Q1211,dest_Q1211
dest_Q20021558,dest_Q20021558
dest_Q3946,dest_Q3946
dest_Q173,dest_Q173
dest_Q1439,dest_Q1439
dest_Q5727,dest_Q5727
dest_Q5756879,dest_Q5756879
dest_Q1408,dest_Q1408
dest_Q1415,dest_Q1415
dest_Q1384,dest_Q1384
dest_Q1204,dest_Q1204
dest_Q5705,dest_Q5705
dest_Q1118661,dest_Q1118661
dest_Q1351157,dest_Q1351157
dest_Q1147515,dest_Q1147515
dest_Q724,dest_Q724
dest_Q1391,dest_Q1391
dest_Q1130138,dest_Q1130138
dest_Q1147524,dest_Q1147524
dest_Q1370,dest_Q1370
dest_Q5772,dest_Q5772
dest_Q1509,dest_Q1509
dest_Q1546,dest_Q1546
dest_Q1140897,dest_Q1140897
dest_Q1130141,dest_Q1130141
dest_Q1212,dest_Q1212
dest_Q1227,dest_Q1227
dest_Q816,dest_Q816
dest_Q1553,dest_Q1553
dest_Q5813,dest_Q5813
dest_Q5823,dest_Q5823
dest_Q1947581,dest_Q1947581
dest_Q5748,dest_Q5748
dest_Q1537,dest_Q1537
dest_Q1588,dest_Q1588
dest_Q5739,dest_Q5739
dest_Q1899163,dest_Q1899163
dest_Q107356467,dest_Q107356467
dest_Q107356470,dest_Q107356467
dest_Q5777,dest_Q5777
dest_Q782,dest_Q782
dest_Q99,dest_Q99
dest_Q1397,dest_Q1397
dest_Q1400,dest_Q1400
dest_Q3908,dest_Q3908
dest_Q4018,dest_Q4018
dest_Q3934,dest_Q3934
dest_Q1558,dest_Q1558
dest_Q1581,dest_Q1581
dest_Q847680,dest_Q847680
dest_Q812,dest_Q812
dest_Q824,dest_Q824
dest_Q16551,dest_Q16551
dest_Q979608,dest_Q979608
dest_Q1221,dest_Q1221
dest_Q5783,dest_Q5783
dest_Q4040,dest_Q4040
dest_Q1522,dest_Q1522
dest_Q759,dest_Q759
dest_Q309352,dest_Q309352
dest_Q153326,dest_Q153326
dest_Q465490,dest_Q465490
dest_Q310120,dest_Q310120
dest_Q309478,dest_Q309478
dest_Q309489,dest_Q309489
dest_Q387293,dest_Q3241674
dest_Q329261,dest_Q329261
dest_Q458382,dest_Q458382
dest_Q458388,dest_Q458388
dest_Q309190,dest_Q309190
dest_Q310385,dest_Q310385
dest_Q328922,dest_Q328922
dest_Q153339,dest_Q153339
dest_Q331117,dest_Q331117
dest_Q389737,dest_Q389737
dest_Q309339,dest_Q309339
dest_Q310118,dest_Q310118
dest_Q331153,dest_Q331153
dest_Q115318,dest_Q115318
dest_Q153335,dest_Q153335
dest_Q309469,dest_Q309469
dest_Q153329,dest_Q153329
dest_Q458406,dest_Q458406
dest_Q458412,dest_Q458412
dest_Q213268,dest_Q213268
dest_Q954963,dest_Q954963
dest_Q849297,dest_Q849297
dest_Q838778,dest_Q838778
dest_Q498073,dest_Q498073
dest_Q747943,dest_Q747943
dest_Q1231388,dest_Q1231388
dest_Q2199897,dest_Q2199897
dest_Q2086273,dest_Q2086273
dest_Q498067,dest_Q498067
dest_Q1808165,dest_Q1808165
dest_Q846331,dest_Q846331
dest_Q2682731,dest_Q2682731
dest_Q1848521,dest_Q1848521
dest_Q1945413,dest_Q1945413
dest_Q536396,dest_Q536396
dest_Q557539,dest_Q557539
dest_Q569458,dest_Q569458
dest_Q569453,dest_Q3241674
dest_Q2278695,dest_Q2278695
dest_Q1819963,dest_Q1819963
dest_Q2787568,dest_Q2787568
dest_Q803716,dest_Q803716
dest_Q864093,dest_Q864093
dest_Q499465,dest_Q499465
dest_Q1094917,dest_Q1094917
dest_Q2280357,dest_Q2280357
dest_Q865534,dest_Q865534
dest_Q815077,dest_Q815077
dest_Q3545641,dest_Q3545641
dest_Q1928685,dest_Q1928685
dest_Q103691,dest_Q103691
dest_Q103686,dest_Q103686
dest_Q102377,dest_Q102377
dest_Q103093,dest_Q103093
dest_Q103679,dest_Q103679
dest_Q103732,dest_Q103732
dest_Q103707,dest_Q103707
dest_Q103659,dest_Q103659
dest_Q104231,dest_Q104231
dest_Q103672,dest_Q103672
dest_Q103738,dest_Q103738
dest_Q103699,dest_Q103699
dest_Q106789,dest_Q106789
dest_Q104891,dest_Q104891
dest_Q104257,dest_Q104257
dest_Q104746,dest_Q104746
dest_Q163271,dest_Q163271
dest_Q104926,dest_Q104926
dest_Q104877,dest_Q104877
dest_Q104940,dest_Q104940
dest_Q164193,dest_Q164193
dest_Q105075,dest_Q105075
dest_Q161808,dest_Q161808
dest_Q106915,dest_Q106915
dest_Q171965,dest_Q171965
dest_Q174187,dest_Q174187
dest_Q170666,dest_Q170666
dest_Q254990,dest_Q254990
dest_Q824373,dest_Q824373
dest_Q180981,dest_Q180981
dest_Q170446,dest_Q170446
dest_Q167874,dest_Q167874
dest_Q166709,dest_Q166709
dest_Q169501,dest_Q169501
dest_Q178269,dest_Q178269
dest_Q171334,dest_Q171334
dest_Q173407,dest_Q173407
dest_Q167859,dest_Q167859
dest_Q170036,dest_Q170036
dest_Q181633,dest_Q181633
dest_Q171331,dest_Q171331
dest_Q171852,dest_Q171852
dest_Q824421,dest_Q824421
dest_Q168856,dest_Q168856
dest_Q170213,dest_Q170213
dest_Q170672,dest_Q170672
dest_Q7479348,dest_Q7479348
dest_Q40637,dest_Q40637
dest_Q846161,dest_Q846161
dest_Q2012050,dest_Q2012050
dest_Q3241696,dest_Q3241696
dest_Q3241682,dest_Q3241682
dest_Q3241690,dest_Q1231388
dest_Q2228167,dest_Q2228167
dest_Q2718315,dest_Q2718315
dest_Q2487249,dest_Q2487249
dest_Q3245439,dest_Q3245439
dest_Q1544417,dest_Q1544417
dest_Q2679127,dest_Q2679127
dest_Q3241674,dest_Q3241674
dest_Q2494551,dest_Q2494551
dest_Q3551781,dest_Q3551781
dest_Q2679119,dest_Q2679119
dest_Q2056273,dest_Q2056273
dest_Q846158,dest_Q846158
dest_Q2287379,dest_Q2287379
dest_Q2877260,dest_Q2877260
dest_Q2679107,dest_Q2679107
dest_Q2667004,dest_Q2667004
dest_Q824431,dest_Q824431
dest_Q11870275,dest_Q11870275
dest_Q11888758,dest_Q11888758
dest_Q579801,dest_Q579801
dest_Q50372860,dest_Q50372860
dest_Q756294,dest_Q756294
dest_Q10548202,dest_Q10548202
dest_Q3277084,dest_Q3277084
dest_Q920468,dest_Q920468
dest_Q533915,dest_Q533915
dest_Q56398849,dest_Q56398849
dest_Q11872143,dest_Q11872143
dest_Q788291,dest_Q788291
dest_Q922842,dest_Q922842
dest_Q339637,dest_Q339637
dest_Q104032277,dest_Q104032277
dest_Q104032556,dest_Q104032277
dest_Q36610,dest_Q36610
dest_Q36725,dest_Q36725
dest_Q33356,dest_Q33356
dest_Q36900,dest_Q36900
dest_Q33354,dest_Q33354
dest_Q36409,dest_Q36409
dest_Q36676,dest_Q36676
dest_Q33271,dest_Q33271
dest_Q36666,dest_Q36666
dest_Q33366,dest_Q33366
dest_Q36367,dest_Q33408
dest_Q36723,dest_Q36723
dest_Q33272,dest_Q33272
dest_Q36587,dest_Q36587
dest_Q36866,dest_Q36866
dest_Q33369,dest_Q33369
dest_Q36235,dest_Q36235
dest_Q36315,dest_Q36315
dest_Q36320,dest_Q36320
dest_Q36512,dest_Q36512
dest_Q27566,dest_Q27566
dest_Q36672,dest_Q36672
dest_Q33351,dest_Q33351
dest_Q2332060,dest_Q2332060
dest_Q36955,dest_Q36955
dest_Q33408,dest_Q33408
dest_Q7333405,dest_Q7333405
dest_Q36015,dest_Q36015
dest_Q36662,dest_Q36662
dest_Q36693,dest_Q36693
dest_Q36658,dest_Q36658
dest_Q36615,dest_Q36615
dest_Q36690,dest_Q36690
dest_Q36349,dest_Q36349
dest_Q33403,dest_Q33403
dest_Q36608,dest_Q36608
dest_Q33304,dest_Q33304
dest_Q36729,dest_Q36729
dest_Q33379,dest_Q33379
dest_Q36576,dest_Q36576
dest_Q36579,dest_Q36579
dest_Q36685,dest_Q36685
dest_Q36446,dest_Q36446
dest_Q36681,dest_Q36681
dest_Q36404,dest_Q36404
dest_Q36721,dest_Q36721
dest_Q33396,dest_Q33396
dest_Q36592,dest_Q36592
dest_Q23533,dest_Q23533
dest_Q36865,dest_Q36865
dest_Q243795,dest_Q243795
dest_Q201368,dest_Q201368
dest_Q321324,dest_Q321324
dest_Q261241,dest_Q261241
dest_Q335492,dest_Q335492
dest_Q466212,dest_Q466212
dest_Q380761,dest_Q380761
dest_Q206962,dest_Q206962
dest_Q506598,dest_Q506598
dest_Q382125,dest_Q382125
dest_Q206363,dest_Q206363
dest_Q459748,dest_Q459748
dest_Q337627,dest_Q337627
dest_Q240520,dest_Q240520
dest_Q275781,dest_Q275781
dest_Q273306,dest_Q273306
dest_Q334686,dest_Q271529
dest_Q1001862,dest_Q1001862
dest_Q244649,dest_Q244649
dest_Q243791,dest_Q243791
dest_Q334836,dest_Q334836
dest_Q380752,dest_Q380752
dest_Q244695,dest_Q244695
dest_Q468554,dest_Q468554
dest_Q334841,dest_Q334841
dest_Q459742,dest_Q271529
dest_Q336122,dest_Q336122
dest_Q629024,dest_Q629024
dest_Q242977,dest_Q242977
dest_Q240540,dest_Q240540
dest_Q206980,dest_Q206980
dest_Q236802,dest_Q236802
dest_Q275388,dest_Q275388
dest_Q334906,dest_Q334906
dest_Q206968,dest_Q206968
dest_Q380757,dest_Q380757
dest_Q487393,dest_Q487393
dest_Q487389,dest_Q487389
dest_Q399899,dest_Q399899
dest_Q487401,dest_Q487401
dest_Q335221,dest_Q335221
dest_Q327510,dest_Q327510
dest_Q468547,dest_Q334841
dest_Q242932,dest_Q242932
dest_Q271442,dest_Q271442
dest_Q237874,dest_Q237874
dest_Q244698,dest_Q244698
dest_Q241884,dest_Q241884
dest_Q236781,dest_Q236781
dest_Q207068,dest_Q207068
dest_Q275758,dest_Q275758
dest_Q275740,dest_Q275740
dest_Q269270,dest_Q269270
dest_Q236769,dest_Q236769
dest_Q273807,dest_Q273807
dest_Q459759,dest_Q459759
dest_Q240495,dest_Q240495
dest_Q273794,dest_Q273794
dest_Q271529,dest_Q271529
dest_Q327730,dest_Q327730
dest_Q236263,dest_Q236263
dest_Q380764,dest_Q380764
dest_Q202202,dest_Q202202
dest_Q244618,dest_Q244618
dest_Q327737,dest_Q327737
dest_Q476222,dest_Q476222
dest_Q243805,dest_Q243805
dest_Q206356,dest_Q206356
dest_Q275377,dest_Q275377
dest_Q244699,dest_Q244699
dest_Q335119,dest_Q335119
dest_Q271737,dest_Q271737
dest_Q486073,dest_Q486073
dest_Q4502755,dest_Q4502755
dest_Q239844,dest_Q239844
dest_Q1151036,dest_Q1151036
dest_Q236419,dest_Q233588
dest_Q233588,dest_Q233588
dest_Q244691,dest_Q244691
dest_Q243808,dest_Q243808
dest_Q382144,dest_Q382144
dest_Q10761343,dest_Q10761343
dest_Q9573865,dest_Q9573865
dest_Q327533,dest_Q327533
dest_Q244628,dest_Q244628
dest_Q185412,dest_Q185412
dest_Q625463,dest_Q625463
dest_Q182565,dest_Q182565
dest_Q381889,dest_Q381889
dest_Q240463,dest_Q240463
dest_Q235574,dest_Q235574
dest_Q272247,dest_Q272247
dest_Q1057124,dest_Q1057124
dest_Q5784118,dest_Q3710534
dest_Q388280,dest_Q388280
dest_Q241135,dest_Q241135
dest_Q328158,dest_Q328158
dest_Q328180,dest_Q328180
dest_Q856686,dest_Q856686
dest_Q22,dest_Q22
dest_Q328128,dest_Q328128
dest_Q26,dest_Q26
dest_Q241774,dest_Q241774
dest_Q876293,dest_Q876293
dest_Q328187,dest_Q328187
dest_Q221212,dest_Q221212
dest_Q23438,dest_Q23438
dest_Q275720,dest_Q275720
dest_Q275755,dest_Q275755
dest_Q275732,dest_Q275732
dest_Q598745,dest_Q598745
dest_Q328193,dest_Q328193
dest_Q498465,dest_Q498465
dest_Q275752,dest_Q275752
dest_Q192184,dest_Q192184
dest_Q18221,dest_Q18221
dest_Q475033,dest_Q475033
dest_Q388318,dest_Q388318
dest_Q876308,dest_Q876308
dest_Q190716,dest_Q190716
dest_Q3710534,dest_Q3710534
dest_Q32130189,dest_Q32130189
dest_Q21,dest_Q21
dest_Q1861,dest_Q1861
dest_Q15728745,dest_Q15728745
dest_Q2544592,dest_Q2544592
dest_Q388291,dest_Q388291
dest_Q388274,dest_Q388274
dest_Q5784126,dest_Q1687545
dest_Q1046126,dest_Q1046126
dest_Q853272,dest_Q853272
dest_Q25,dest_Q25
dest_Q1687545,dest_Q1687545
dest_Q275729,dest_Q275729
dest_Q876339,dest_Q876339
dest_Q388330,dest_Q388330
dest_Q63698,dest_Q63698
dest_Q10822747,dest_Q10822747
dest_Q36869,dest_Q36869
dest_Q32081,dest_Q32081
dest_Q36903,dest_Q36903
dest_Q13014113,dest_Q13014113
dest_Q36874,dest_Q36874
dest_Q25282,dest_Q25282
dest_Q1848,dest_Q1848
dest_Q1867,dest_Q1867
dest_Q1854,dest_Q1854
dest_Q1858,dest_Q1858
dest_Q36907,dest_Q36907
dest_Q10780314,dest_Q10780314
dest_Q13014111,dest_Q13014111
dest_Q13014097,dest_Q13014097
dest_Q483195,dest_Q483195
dest_Q647378,dest_Q647378
dest_Q483078,dest_Q483078
dest_Q83102,dest_Q83102
dest_Q483180,dest_Q483180
dest_Q483053,dest_Q483053
dest_Q46763,dest_Q46763
dest_Q482975,dest_Q482975
dest_Q83239,dest_Q83239
dest_Q47813,dest_Q47813
dest_Q483154,dest_Q483154
dest_Q82089,dest_Q82089
dest_Q126874,dest_Q126874
dest_Q432391,dest_Q432391
dest_Q482825,dest_Q482825
dest_Q388469,dest_Q388469
dest_Q483040,dest_Q483040
dest_Q81551,dest_Q81551
dest_Q83069,dest_Q83069
dest_Q132637,dest_Q132637
dest_Q272947,dest_Q272947
dest_Q482779,dest_Q482779
dest_Q430693,dest_Q430693
dest_Q43745,dest_Q43745
dest_Q129387,dest_Q129387
dest_Q43690,dest_Q43690
dest_Q40249,dest_Q40249
dest_Q483168,dest_Q483168
dest_Q79846,dest_Q79846
dest_Q83077,dest_Q83077
dest_Q131293,dest_Q131293
dest_Q376797,dest_Q376797
dest_Q130553,dest_Q130553
dest_Q75445,dest_Q75445
dest_Q128978,dest_Q128978
dest_Q483191,dest_Q483191
dest_Q281206,dest_Q281206
dest_Q483472,dest_Q483472
dest_Q80370,dest_Q80370
dest_Q93209,dest_Q93209
dest_Q484392,dest_Q484392
dest_Q483481,dest_Q483481
dest_Q80036,dest_Q80036
dest_Q123934,dest_Q123934
dest_Q80051,dest_Q80051
dest_Q620742,dest_Q620742
dest_Q482788,dest_Q482788
dest_Q268043,dest_Q268043
dest_Q80088,dest_Q80088
dest_Q344490,dest_Q344490
dest_Q134187,dest_Q134187
dest_Q134413,dest_Q134413
dest_Q43924,dest_Q43924
dest_Q483173,dest_Q483173
dest_Q83081,dest_Q83081
dest_Q534799,dest_Q534799
dest_Q2297724,dest_Q2297724
dest_Q83965,dest_Q83965
dest_Q131384,dest_Q131384
dest_Q83274,dest_Q83274
dest_Q40549,dest_Q40549
dest_Q131597,dest_Q131597
dest_Q79840,dest_Q79840
dest_Q388995,dest_Q388995
dest_Q47117,dest_Q47117
dest_Q82096,dest_Q82096
dest_Q79760,dest_Q79760
dest_Q125506,dest_Q125506
dest_Q219956,dest_Q219956
dest_Q272662,dest_Q272662
dest_Q131387,dest_Q131387
dest_Q482834,dest_Q482834
dest_Q45220,dest_Q45220
dest_Q483063,dest_Q483063
dest_Q483100,dest_Q483100
dest_Q83073,dest_Q83073
dest_Q155219,dest_Q155219
dest_Q83342,dest_Q83342
dest_Q80550,dest_Q80550
dest_Q483091,dest_Q483091
dest_Q483083,dest_Q483083
dest_Q487384,dest_Q487384
dest_Q487089,dest_Q487089
dest_Q544118,dest_Q544118
dest_Q487570,dest_Q487570
dest_Q487537,dest_Q487537
dest_Q367027,dest_Q367027
dest_Q174618,dest_Q174618
dest_Q478278,dest_Q478278
dest_Q488811,dest_Q488811
dest_Q484245,dest_Q484245
dest_Q487547,dest_Q487547
dest_Q487577,dest_Q487577
dest_Q487532,dest_Q487532
dest_Q487561,dest_Q487561
dest_Q128654,dest_Q128654
dest_Q477586,dest_Q477586
dest_Q487585,dest_Q269
dest_Q547997,dest_Q547997
dest_Q474876,dest_Q474876
dest_Q487372,dest_Q487372
dest_Q745924,dest_Q745924
dest_Q867816,dest_Q867816
dest_Q861539,dest_Q861539
dest_Q876541,dest_Q876541
dest_Q867803,dest_Q867803
dest_Q778561,dest_Q778561
dest_Q632495,dest_Q632495
dest_Q845540,dest_Q845540
dest_Q580069,dest_Q580069
dest_Q863476,dest_Q863476
dest_Q623327,dest_Q623327
dest_Q827173,dest_Q827173
dest_Q2408672,dest_Q2408672
dest_Q1353668,dest_Q1353668
dest_Q1532634,dest_Q1532634
dest_Q2524373,dest_Q2524373
dest_Q1385577,dest_Q1385577
dest_Q1061099,dest_Q1061099
dest_Q2096558,dest_Q2096558
dest_Q1140993,dest_Q1140993
dest_Q1061082,dest_Q1061082
dest_Q2525298,dest_Q2525298
dest_Q2074197,dest_Q2074197
dest_Q1771681,dest_Q1771681
dest_Q2703192,dest_Q2703192
dest_Q2702334,dest_Q2702334
dest_Q2702338,dest_Q2702338
dest_Q3339000,dest_Q3339000
dest_Q2630334,dest_Q2630334
dest_Q2699411,dest_Q2699411
dest_Q2699715,dest_Q2699715
dest_Q2525371,dest_Q2525371
dest_Q2705535,dest_Q2705535
dest_Q236027,dest_Q236027
dest_Q234167,dest_Q234167
dest_Q178872,dest_Q178872
dest_Q243656,dest_Q243656
dest_Q269973,dest_Q269973
dest_Q201781,dest_Q201781
dest_Q165575,dest_Q165575
dest_Q405926,dest_Q405926
dest_Q610726,dest_Q610726
dest_Q464718,dest_Q464718
dest_Q589848,dest_Q589848
dest_Q405100,dest_Q405100
dest_Q629934,dest_Q629934
dest_Q282471,dest_Q282471
dest_Q686554,dest_Q686554
dest_Q738061,dest_Q738061
dest_Q668171,dest_Q668171
dest_Q779855,dest_Q779855
dest_Q811132,dest_Q811132
dest_Q738081,dest_Q738081
dest_Q848554,dest_Q848554
dest_Q822692,dest_Q822692
dest_Q847671,dest_Q847671
dest_Q847682,dest_Q847682
dest_Q852774,dest_Q852774
dest_Q856261,dest_Q856261
dest_Q860901,dest_Q860901
dest_Q856282,dest_Q856282
dest_Q856268,dest_Q856268
dest_Q860639,dest_Q860639
dest_Q860630,dest_Q860630
dest_Q860897,dest_Q860897
dest_Q856275,dest_Q856275
dest_Q1249255,dest_Q1249255
dest_Q1046666,dest_Q1046666
dest_Q1105411,dest_Q1105411
dest_Q953508,dest_Q953508
dest_Q860913,dest_Q860913
dest_Q1059694,dest_Q1059694
dest_Q1471266,dest_Q1471266
dest_Q21712462,dest_Q21712462
dest_Q122687952,dest_Q122687952
dest_Q21713445,dest_Q21713445
dest_Q17270486,dest_Q17270486
dest_Q1315953,dest_Q1315953
dest_Q21713441,dest_Q21713441
dest_Q44749,dest_Q44749
dest_Q915380,dest_Q915380
dest_Q1043446,dest_Q1043446
dest_Q1048139,dest_Q1048139
dest_Q938518,dest_Q938518
dest_Q967339,dest_Q967339
dest_Q1061076,dest_Q1061076
dest_Q1050154,dest_Q1050154
dest_Q34126,dest_Q34126
dest_Q269,dest_Q269
dest_Q1255,dest_Q1255
dest_Q17578833,dest_Q17578833
dest_Q1048184,dest_Q1048184
dest_Q370390,dest_Q1002229
dest_Q394103,dest_Q1002229
dest_Q998566,dest_Q1002229
dest_Q164123,dest_Q1002229
dest_Q999563,dest_Q1002229
dest_Q995101,dest_Q1002229
dest_Q394087,dest_Q1002229
dest_Q1003969,dest_Q1002229
dest_Q15893,dest_Q1002229
dest_Q15891,dest_Q1002229
dest_Q773659,dest_Q1002229
dest_Q15900,dest_Q15900
dest_Q778542,dest_Q1002229
dest_Q15910,dest_Q1002229
dest_Q570618,dest_Q1002229
dest_Q341658,dest_Q1002229
dest_Q539864,dest_Q1002229
dest_Q570397,dest_Q1002229
dest_Q554854,dest_Q1002229
dest_Q998557,dest_Q1002229
dest_Q556206,dest_Q1002229
dest_Q763400,dest_Q1002229
dest_Q1002247,dest_Q1002229
dest_Q392173,dest_Q1002229
dest_Q920353,dest_Q1002229
dest_Q1002229,dest_Q1002229
dest_Q773160,dest_Q1002229
dest_Q587328,dest_Q1002229
dest_Q859679,dest_Q1002229
dest_Q167001,dest_Q1002229
dest_Q252154,dest_Q1002229
dest_Q557216,dest_Q1002229
dest_Q392188,dest_Q1002229
dest_Q650009,dest_Q1002229
dest_Q201074,dest_Q1002229
dest_Q688287,dest_Q688287
dest_Q921092,dest_Q1002229
dest_Q15895,dest_Q1002229
dest_Q999553,dest_Q1002229
dest_Q924698,dest_Q1002229
dest_Q670975,dest_Q1002229
dest_Q779018,dest_Q1002229
dest_Q15881,dest_Q1002229
dest_Q778147,dest_Q1002229
dest_Q995065,dest_Q1002229
dest_Q946766,dest_Q1002229
dest_Q15894,dest_Q1002229
dest_Q678147,dest_Q1002229
dest_Q999540,dest_Q1002229
dest_Q925149,dest_Q1002229
dest_Q954987,dest_Q1002229
dest_Q391428,dest_Q1002229
dest_Q393910,dest_Q1002229
dest_Q594852,dest_Q1002229
dest_Q999559,dest_Q1002229
dest_Q392103,dest_Q1002229
dest_Q917397,dest_Q917397
dest_Q392468,dest_Q1002229
dest_Q612216,dest_Q1002229
dest_Q1002863,dest_Q1002229
dest_Q999525,dest_Q999525
dest_Q999530,dest_Q1002229
dest_Q279072,dest_Q1002229
dest_Q391446,dest_Q1002229
dest_Q647572,dest_Q1002229
dest_Q1002371,dest_Q1002229
dest_Q963986,dest_Q963986
dest_Q726548,dest_Q1002229
dest_Q999579,dest_Q1002229
dest_Q658076,dest_Q658076
dest_Q15884,dest_Q1002229
dest_Q391800,dest_Q1002229
dest_Q999589,dest_Q1002229
dest_Q15892,dest_Q15892
dest_Q995048,dest_Q1002229
dest_Q990063,dest_Q990063
dest_Q227163,dest_Q227163
dest_Q919934,dest_Q1002229
dest_Q849320,dest_Q1002229
dest_Q906879,dest_Q1002229
dest_Q927718,dest_Q1002229
dest_Q776770,dest_Q1002229
dest_Q906636,dest_Q1002229
dest_Q731093,dest_Q1002229
dest_Q632998,dest_Q1002229
dest_Q338743,dest_Q1002229
dest_Q999584,dest_Q999584
dest_Q669648,dest_Q1002229
dest_Q938443,dest_Q1002229
dest_Q599480,dest_Q1002229
dest_Q565170,dest_Q565170
dest_Q1003984,dest_Q1002229
dest_Q1027062,dest_Q1002229
dest_Q3441856,dest_Q1002229
dest_Q3509893,dest_Q1002229
dest_Q1005208,dest_Q1002229
dest_Q1016800,dest_Q1002229
dest_Q1016812,dest_Q1002229
dest_Q651573,dest_Q651573
dest_Q184548,dest_Q184548
dest_Q1008144,dest_Q1002229
dest_Q398116,dest_Q3435478
dest_Q3435478,dest_Q3435478
dest_Q3487128,dest_Q1002229
dest_Q2134561,dest_Q1002229
dest_Q1009409,dest_Q1002229
dest_Q1008079,dest_Q1002229
dest_Q1144488,dest_Q1144488
dest_Q1008102,dest_Q1002229
dest_Q3434113,dest_Q3434113
dest_Q1005185,dest_Q1002229
dest_Q186295,dest_Q186295
dest_Q1027089,dest_Q1002229
dest_Q3661628,dest_Q3661628
dest_Q460435,dest_Q460435
dest_Q3441817,dest_Q3435478
dest_Q1154332,dest_Q1154332
dest_Q1688771,dest_Q1002229
dest_Q3441823,dest_Q3435478
dest_Q1005364,dest_Q1002229
dest_Q184228,dest_Q184228
dest_Q183139,dest_Q183139
dest_Q1569014,dest_Q1002229
dest_Q1587261,dest_Q1002229
dest_Q3434092,dest_Q3434092
dest_Q1808143,dest_Q1002229
dest_Q3503123,dest_Q1002229
dest_Q3435117,dest_Q1002229
dest_Q3441796,dest_Q1002229
dest_Q3494723,dest_Q1002229
dest_Q1016805,dest_Q1016805
dest_Q1147216,dest_Q1147216
dest_Q1008179,dest_Q1002229
dest_Q1784972,dest_Q1002229
dest_Q1144482,dest_Q1144482
dest_Q1276793,dest_Q1002229
dest_Q2346638,dest_Q1002229
dest_Q556203,dest_Q3435478
dest_Q3278915,dest_Q1002229
dest_Q1016820,dest_Q1002229
dest_Q3484655,dest_Q3435478
dest_Q3482211,dest_Q3482211
dest_Q1009413,dest_Q1002229
dest_Q1154134,dest_Q1154134
dest_Q1515842,dest_Q1016805
dest_Q1016698,dest_Q1002229
dest_Q1034410,dest_Q1002229
dest_Q3441893,dest_Q3435478
dest_Q1008086,dest_Q1002229
dest_Q1252438,dest_Q1002229
dest_Q331196,dest_Q331196
dest_Q1008095,dest_Q1002229
dest_Q3435689,dest_Q1002229
dest_Q183640,dest_Q183640
dest_Q183498,dest_Q183498
dest_Q1154109,dest_Q1154109
dest_Q3503153,dest_Q1002229
dest_Q6309297,dest_Q1002229
dest_Q3441842,dest_Q1002229
dest_Q2242799,dest_Q1002229
dest_Q3441808,dest_Q3441808
dest_Q1154121,dest_Q1154121
dest_Q1009421,dest_Q1002229
dest_Q1016840,dest_Q1002229
dest_Q3435104,dest_Q3435104
dest_Q1193134,dest_Q1193134
dest_Q1019067,dest_Q1002229
dest_Q1008048,dest_Q1002229
dest_Q1587704,dest_Q1002229
dest_Q1012761,dest_Q1002229
dest_Q3441849,dest_Q3435478
dest_Q1005224,dest_Q1002229
dest_Q3259688,dest_Q1002229
dest_Q3346841,dest_Q3346841
dest_Q1193143,dest_Q1193134
dest_Q1313614,dest_Q1313614
dest_Q181342,dest_Q181342
dest_Q1027245,dest_Q1002229
dest_Q1005165,dest_Q1002229
dest_Q189001,dest_Q189001
dest_Q1193139,dest_Q1193139
dest_Q1016826,dest_Q1002229
dest_Q1027078,dest_Q1027078
dest_Q1016831,dest_Q1002229
dest_Q16577,dest_Q16577
dest_Q16579,dest_Q16579
dest_Q13378292,dest_Q1002229
dest_Q13378051,dest_Q1002229
dest_Q13377798,dest_Q1002229
dest_Q13365904,dest_Q1002229
dest_Q16578,dest_Q16578
dest_Q13377986,dest_Q13377986
dest_Q13377747,dest_Q1002229
dest_Q13370246,dest_Q1002229
dest_Q16582,dest_Q16582
dest_Q16575,dest_Q16575
dest_Q13378155,dest_Q13378155
dest_Q11214302,dest_Q11214302
dest_Q13378299,dest_Q1002229
dest_Q13377778,dest_Q1002229
dest_Q16610,dest_Q16610
dest_Q12062190,dest_Q1002229
dest_Q13107298,dest_Q1002229
dest_Q13378384,dest_Q13378384
dest_Q13378243,dest_Q13378243
dest_Q13378453,dest_Q1002229
dest_Q13378328,dest_Q13378328
dest_Q15283322,dest_Q15283322
dest_Q13365883,dest_Q1002229
dest_Q13377780,dest_Q13377780
dest_Q13377763,dest_Q1002229
dest_Q12042076,dest_Q1002229
dest_Q13220435,dest_Q1002229
dest_Q16580,dest_Q16580
dest_Q16584,dest_Q16584
dest_Q13377731,dest_Q1002229
dest_Q13365892,dest_Q1002229
dest_Q13378058,dest_Q1002229
dest_Q16603,dest_Q16603
dest_Q13377751,dest_Q1002229
dest_Q16595,dest_Q16595
dest_Q13377784,dest_Q1002229
dest_Q12042075,dest_Q12042075
dest_Q16593,dest_Q16593
dest_Q9273677,dest_Q9273677
dest_Q11211457,dest_Q1002229
dest_Q13378281,dest_Q1002229
dest_Q16596,dest_Q16596
dest_Q13378373,dest_Q1002229
dest_Q16594,dest_Q16594
dest_Q16609,dest_Q16609
dest_Q9014817,dest_Q1002229
dest_Q13378288,dest_Q1002229
dest_Q16576,dest_Q16576
dest_Q16587,dest_Q16587
dest_Q16591,dest_Q16591
dest_Q8684,dest_Q8684
dest_Q1139082,dest_Q1139082
dest_Q1051475,dest_Q1051475
dest_Q27916,dest_Q27916
dest_Q613,dest_Q159477
dest_Q1190896,dest_Q1190896
dest_Q16520,dest_Q16520
dest_Q4091,dest_Q4091
dest_Q1116700,dest_Q1116700
dest_Q936088,dest_Q936088
dest_Q241145,dest_Q241145
dest_Q207319,dest_Q207319
dest_Q150325,dest_Q150325
dest_Q276565,dest_Q276565
dest_Q188810,dest_Q159477
dest_Q159477,dest_Q159477
dest_Q276576,dest_Q276576
dest_Q187712,dest_Q187712
dest_Q269968,dest_Q269968
dest_Q242263,dest_Q242263
dest_Q233116,dest_Q233116
dest_Q276574,dest_Q276574
dest_Q238555,dest_Q238555
dest_Q175021,dest_Q159477
dest_Q170024,dest_Q170024
dest_Q241582,dest_Q241582
dest_Q241129,dest_Q241129
dest_Q293722,dest_Q293722
dest_Q328145,dest_Q328145
dest_Q734328,dest_Q734328
dest_Q328109,dest_Q328109
dest_Q328164,dest_Q328164
dest_Q388047,dest_Q388047
dest_Q318102,dest_Q318102
dest_Q633511,dest_Q633511
dest_Q327045,dest_Q327045
dest_Q328199,dest_Q328199
dest_Q388059,dest_Q388059
dest_Q286063,dest_Q286063
dest_Q650617,dest_Q650617
dest_Q328115,dest_Q328115
dest_Q576417,dest_Q576417
dest_Q399063,dest_Q399063
dest_Q633490,dest_Q633490
dest_Q327087,dest_Q327087
dest_Q276580,dest_Q276580
dest_Q327097,dest_Q327097
dest_Q41070,dest_Q41070
dest_Q41154,dest_Q41154
dest_Q41071,dest_Q41071
dest_Q41066,dest_Q41066
dest_Q20934,dest_Q20934
dest_Q20937,dest_Q20937
dest_Q41161,dest_Q41161
dest_Q41157,dest_Q41157
dest_Q41151,dest_Q41151
dest_Q15913,dest_Q1002229
dest_Q822514,dest_Q822514
dest_Q25110,dest_Q1002229
dest_Q836649,dest_Q836649
dest_Q15924,dest_Q1002229
dest_Q15927,dest_Q1002229
dest_Q740656,dest_Q740656
dest_Q760888,dest_Q760888
dest_Q15932,dest_Q15932
dest_Q41164,dest_Q41164
dest_Q15925,dest_Q1002229
dest_Q15923,dest_Q1002229
dest_Q15912,dest_Q1002229
dest_Q15931,dest_Q1002229
dest_Q740640,dest_Q740640
dest_Q748486,dest_Q748486
dest_Q6714242,dest_Q6714242
dest_Q386667,dest_Q386667
dest_Q819998,dest_Q819998
dest_Q190718,dest_Q190718
dest_Q846320,dest_Q846320
dest_Q457189,dest_Q457189
dest_Q24045859,dest_Q24045859
dest_Q823810,dest_Q823810
dest_Q456562,dest_Q456562
dest_Q456556,dest_Q456556
dest_Q498351,dest_Q498351
dest_Q498355,dest_Q498355
dest_Q778738,dest_Q778738
dest_Q16928358,dest_Q16928358
dest_Q596156,dest_Q596156
dest_Q738382,dest_Q738382
dest_Q465847,dest_Q465847
dest_Q465853,dest_Q457189
dest_Q176635,dest_Q176635
dest_Q640303,dest_Q640303
dest_Q1165582,dest_Q1165582
dest_Q66065,dest_Q66065
dest_Q207887,dest_Q207887
dest_Q170526,dest_Q170526
dest_Q44302,dest_Q44302
dest_Q190665,dest_Q190665
dest_Q738682,dest_Q738682
dest_Q118574,dest_Q118574
dest_Q696428,dest_Q696428
dest_Q748368,dest_Q748368
dest_Q1140225,dest_Q1140225
dest_Q1078270,dest_Q1078270
dest_Q1074945,dest_Q1074945
dest_Q960113,dest_Q960113
dest_Q27381,dest_Q27381
dest_Q1143203,dest_Q1143203
dest_Q389182,dest_Q389182
dest_Q185032,dest_Q185032
dest_Q27449,dest_Q27449
dest_Q771405,dest_Q771405
dest_Q200173,dest_Q200173
dest_Q80338,dest_Q80338
dest_Q27394,dest_Q27394
dest_Q476386,dest_Q476386
dest_Q135028,dest_Q135028
dest_Q209703,dest_Q209703
dest_Q177440,dest_Q177440
dest_Q208643,dest_Q208643
dest_Q844510,dest_Q844510
dest_Q4412,dest_Q4412
dest_Q1158060,dest_Q1158060
dest_Q236185,dest_Q236185
dest_Q132646,dest_Q132646
dest_Q778118,dest_Q778118
dest_Q179842,dest_Q179842
dest_Q181103,dest_Q181103
dest_Q144750,dest_Q144750
dest_Q578950,dest_Q578950
dest_Q105472,dest_Q105472
dest_Q683768,dest_Q683768
dest_Q463871,dest_Q463871
dest_Q806922,dest_Q806922
dest_Q11708,dest_Q11708
dest_Q27496,dest_Q27496
dest_Q27275,dest_Q27275
dest_Q507785,dest_Q507785
dest_Q203751,dest_Q203751
dest_Q236118,dest_Q236118
dest_Q2255186,dest_Q2255186
dest_Q2397204,dest_Q2397204
dest_Q1278925,dest_Q1278925
dest_Q2919361,dest_Q2919361
dest_Q2920405,dest_Q2920405
dest_Q2366175,dest_Q2366175
dest_Q2641492,dest_Q2641492
dest_Q3150100,dest_Q3150100
dest_Q1469840,dest_Q1469840
dest_Q2264583,dest_Q2264583
dest_Q2292373,dest_Q2292373
dest_Q1963500,dest_Q1963500
dest_Q2400872,dest_Q2400872
dest_Q2491613,dest_Q2491613
dest_Q1514886,dest_Q1514886
dest_Q1822077,dest_Q1822077
dest_Q1422037,dest_Q1422037
dest_Q1342464,dest_Q1342464
dest_Q2465242,dest_Q2465242
dest_Q928727,dest_Q928727
dest_Q1562139,dest_Q1562139
dest_Q2210101,dest_Q2210101
dest_Q1306228,dest_Q1306228
dest_Q1561488,dest_Q1561488
dest_Q2575801,dest_Q2575801
dest_Q1974194,dest_Q1974194
dest_Q1924507,dest_Q1924507
dest_Q2633450,dest_Q2633450
dest_Q1781326,dest_Q1781326
dest_Q2311442,dest_Q2311442
dest_Q2841453,dest_Q2841453
dest_Q2478990,dest_Q2478990
dest_Q2669453,dest_Q2669453
dest_Q2359205,dest_Q2359205
dest_Q1789654,dest_Q1789654
dest_Q2541006,dest_Q2541006
dest_Q3128509,dest_Q3128509
dest_Q1967085,dest_Q1967085
dest_Q1704398,dest_Q1704398
dest_Q1828130,dest_Q1828130
dest_Q1350121,dest_Q1350121
dest_Q1784321,dest_Q1784321
dest_Q3110862,dest_Q3110862
dest_Q2660389,dest_Q2660389
dest_Q1414323,dest_Q1414323
dest_Q2303643,dest_Q2303643
dest_Q955543,dest_Q955543
dest_Q1827673,dest_Q1827673
dest_Q1305748,dest_Q1305748
dest_Q1804710,dest_Q1804710
dest_Q2224284,dest_Q2224284
dest_Q6433192,dest_Q6433192
dest_Q5247515,dest_Q5247515
dest_Q4860756,dest_Q4860756
dest_Q11909576,dest_Q11909576
dest_Q13395623,dest_Q13395623
dest_Q6694414,dest_Q6694414
dest_Q5564954,dest_Q5564954
dest_Q4438510,dest_Q4438510
dest_Q10260800,dest_Q10260800
dest_Q6741549,dest_Q6741549
dest_Q4277427,dest_Q4277427
dest_Q5600528,dest_Q5600528
dest_Q11945139,dest_Q11945139
dest_Q14201981,dest_Q14201981
dest_Q7852028,dest_Q7852028
dest_Q4982007,dest_Q4982007
dest_Q3853800,dest_Q3853800
dest_Q6104215,dest_Q6104215
dest_Q14202669,dest_Q14202669
dest_Q6104137,dest_Q6104137
dest_Q11028933,dest_Q11028933
dest_Q4386943,dest_Q4386943
dest_Q6093276,dest_Q6093276
dest_Q5764010,dest_Q5764010
dest_Q7825341,dest_Q7825341
dest_Q5637035,dest_Q5637035
dest_Q3221379,dest_Q3221379
dest_Q8285348,dest_Q8285348
dest_Q4117928,dest_Q4117928
dest_Q5252690,dest_Q5252690
dest_Q12638789,dest_Q12638789
dest_Q14201986,dest_Q14201986
dest_Q3676505,dest_Q3676505
dest_Q11929565,dest_Q11929565
dest_Q10334749,dest_Q10334749
dest_Q3502877,dest_Q3502877
dest_Q14204155,dest_Q14204155
dest_Q7898816,dest_Q7898816
dest_Q3628762,dest_Q3628762
dest_Q3373288,dest_Q3373288
dest_Q14202768,dest_Q14202768
dest_Q3514521,dest_Q3514521
dest_Q12629815,dest_Q12629815
dest_Q12640360,dest_Q12640360
dest_Q3518659,dest_Q3518659
dest_Q3661891,dest_Q3661891
dest_Q14202312,dest_Q14202312
dest_Q6857956,dest_Q6857956
dest_Q12631538,dest_Q12631538
dest_Q4665993,dest_Q4665993
dest_Q14202767,dest_Q14202767
dest_Q11014588,dest_Q11014588
dest_Q7809086,dest_Q7809086
dest_Q23884786,dest_Q23884786
dest_Q14214819,dest_Q14214819
dest_Q16934859,dest_Q16934859
dest_Q14204917,dest_Q14204917
dest_Q66556144,dest_Q66556144
dest_Q28499525,dest_Q28499525
dest_Q39055678,dest_Q39055678
dest_Q14622968,dest_Q14622968
dest_Q14227332,dest_Q14227332
dest_Q14234669,dest_Q14234669
dest_Q43947978,dest_Q43947978
dest_Q14287866,dest_Q14287866
dest_Q23951366,dest_Q23951366
dest_Q14905994,dest_Q14905994
dest_Q14214389,dest_Q14214389
dest_Q56760336,dest_Q56760336
dest_Q20826436,dest_Q20826436
dest_Q59773472,dest_Q59773472
dest_Q28498838,dest_Q28498838
dest_Q48723721,dest_Q48723721
dest_Q27960545,dest_Q27960545
dest_Q64432982,dest_Q64432982
dest_Q14234432,dest_Q14234432
dest_Q60220078,dest_Q60220078
dest_Q15878978,dest_Q15878978
dest_Q26758117,dest_Q26758117
dest_Q14227333,dest_Q14227333
dest_Q14211916,dest_Q14211916
dest_Q17045437,dest_Q17045437
dest_Q27853229,dest_Q27853229
dest_Q14216245,dest_Q14216245
dest_Q25378792,dest_Q25378792
dest_Q101246406,dest_Q101246406
dest_Q16490955,dest_Q16490955
dest_Q25640284,dest_Q25640284
dest_Q16370554,dest_Q16370554
dest_Q16380303,dest_Q16380303
dest_Q16382510,dest_Q16382510
dest_Q16400218,dest_Q16400218
dest_Q16400355,dest_Q16400355
dest_Q16400976,dest_Q16400976
dest_Q27960935,dest_Q27960545
dest_Q20652829,dest_Q20652829
dest_Q16383874,dest_Q16383874
dest_Q14215067,dest_Q14215067
dest_Q14394584,dest_Q14394584
dest_Q14211829,dest_Q14211829
dest_Q61461040,dest_Q61461040
dest_Q16531555,dest_Q16531555
dest_Q16602076,dest_Q16602076
dest_Q110904349,dest_Q110904349
dest_Q98944617,dest_Q98944617
dest_Q111015739,dest_Q111015739
dest_Q87301126,dest_Q87301126
dest_Q134880096,dest_Q134880096
dest_Q130327805,dest_Q130327805
dest_Q116254264,dest_Q116254264
dest_Q98357049,dest_Q98357049
dest_Q123343078,dest_Q123343078
dest_Q81442652,dest_Q81442652
dest_Q108396571,dest_Q108396571
dest_Q135213045,dest_Q135213045
dest_Q110448495,dest_Q110448495
dest_Q130436305,dest_Q130436305
dest_Q126709498,dest_Q126709498
dest_Q126722829,dest_Q126722829
dest_Q133843193,dest_Q133843193
dest_Q98791624,dest_Q98791624
dest_Q74755520,dest_Q74755520
dest_Q104866655,dest_Q104866655
dest_Q118330432,dest_Q118330432
dest_Q131787538,dest_Q131787538
dest_Q98807668,dest_Q98807668
dest_Q98821367,dest_Q98821367
dest_Q83724349,dest_Q83724349
dest_Q74758796,dest_Q74758796
dest_Q98834193,dest_Q110899399
dest_Q110899436,dest_Q110899436
dest_Q131545696,dest_Q131545696
dest_Q124416161,dest_Q124416161
dest_Q74740253,dest_Q74740253
dest_Q136294520,dest_Q136294520
dest_Q124392568,dest_Q124392568
dest_Q115205467,dest_Q115205467
dest_Q115122224,dest_Q115122224
dest_Q115131680,dest_Q115131680
dest_Q129176170,dest_Q129176170
dest_Q137510054,dest_Q137510054
dest_Q133514662,dest_Q133514662
dest_Q97924439,dest_Q97924439
dest_Q106960539,dest_Q106960539
dest_Q98637648,dest_Q98637648
dest_Q106300355,dest_Q106300355
dest_Q110899399,dest_Q110899399
dest_Q3626,dest_Q3626
dest_Q118899,dest_Q118899
dest_Q208807,dest_Q208807
dest_Q261949,dest_Q261949
dest_Q225400,dest_Q225400
dest_Q81720,dest_Q81720
dest_Q12603,dest_Q12603
dest_Q278042,dest_Q278042
dest_Q95747,dest_Q95747
dest_Q1507,dest_Q1507
dest_Q259980,dest_Q259980
dest_Q27479,dest_Q27479
dest_Q372498,dest_Q372498
dest_Q189917,dest_Q189917
dest_Q370044,dest_Q370044
dest_Q153809,dest_Q153809
dest_Q463347,dest_Q463347
dest_Q45551,dest_Q45551
dest_Q46178,dest_Q46178
dest_Q254030,dest_Q254030
dest_Q43467,dest_Q43467
dest_Q35942,dest_Q35942
dest_Q7943,dest_Q7943
dest_Q380307,dest_Q380307
dest_Q246972,dest_Q246972
dest_Q501045,dest_Q501045
dest_Q252848,dest_Q252848
dest_Q383393,dest_Q383393
dest_Q176609,dest_Q176609
dest_Q351826,dest_Q351826
dest_Q12707,dest_Q12707
dest_Q25389,dest_Q25389
dest_Q249938,dest_Q249938
dest_Q21195,dest_Q21195
dest_Q266703,dest_Q266703
dest_Q387698,dest_Q2387798
dest_Q142312,dest_Q142312
dest_Q43266,dest_Q43266
dest_Q388130,dest_Q388130
dest_Q45256,dest_Q45256
dest_Q329505,dest_Q329505
dest_Q581975,dest_Q2387798
dest_Q701590,dest_Q701590
dest_Q564523,dest_Q564523
dest_Q759526,dest_Q759526
dest_Q1145847,dest_Q1145847
dest_Q825302,dest_Q825302
dest_Q647897,dest_Q647897
dest_Q671105,dest_Q671105
dest_Q758006,dest_Q758006
dest_Q595326,dest_Q595326
dest_Q748035,dest_Q748035
dest_Q875523,dest_Q875523
dest_Q1069118,dest_Q1069118
dest_Q731613,dest_Q731613
dest_Q560718,dest_Q560718
dest_Q580447,dest_Q580447
dest_Q764146,dest_Q764146
dest_Q700465,dest_Q700465
dest_Q1014875,dest_Q1014875
dest_Q575289,dest_Q575289
dest_Q1083808,dest_Q1083808
dest_Q924073,dest_Q2387798
dest_Q1116334,dest_Q1116334
dest_Q944582,dest_Q2387798
dest_Q698628,dest_Q698628
dest_Q697691,dest_Q697691
dest_Q931710,dest_Q931710
dest_Q1066906,dest_Q1066906
dest_Q602965,dest_Q602965
dest_Q900636,dest_Q900636
dest_Q585387,dest_Q2387798
dest_Q877018,dest_Q877018
dest_Q795077,dest_Q795077
dest_Q701613,dest_Q701613
dest_Q665570,dest_Q665570
dest_Q1048064,dest_Q1048064
dest_Q575491,dest_Q575491
dest_Q883399,dest_Q883399
dest_Q874361,dest_Q874361
dest_Q719852,dest_Q719852
dest_Q874380,dest_Q874380
dest_Q804016,dest_Q804016
dest_Q1080172,dest_Q1080172
dest_Q1005335,dest_Q1005335
dest_Q667529,dest_Q667529
dest_Q529024,dest_Q529024
dest_Q1069056,dest_Q1069056
dest_Q1074865,dest_Q1074865
dest_Q700460,dest_Q700460
dest_Q998643,dest_Q998643
dest_Q1535009,dest_Q1535009
dest_Q1701211,dest_Q1701211
dest_Q1475142,dest_Q1475142
dest_Q1554275,dest_Q1554275
dest_Q1364746,dest_Q1364746
dest_Q1400563,dest_Q1400563
dest_Q1770562,dest_Q1770562
dest_Q1811448,dest_Q1811448
dest_Q1638164,dest_Q1638164
dest_Q2092485,dest_Q2092485
dest_Q1666511,dest_Q1666511
dest_Q1477253,dest_Q1477253
dest_Q1470626,dest_Q1470626
dest_Q1541489,dest_Q1541489
dest_Q1617313,dest_Q1617313
dest_Q1509324,dest_Q1509324
dest_Q2010004,dest_Q2010004
dest_Q2000749,dest_Q2000749
dest_Q1746990,dest_Q1746990
dest_Q1791636,dest_Q1791636
dest_Q1320944,dest_Q1320944
dest_Q2053376,dest_Q2053376
dest_Q2096065,dest_Q2096065
dest_Q1362696,dest_Q1362696
dest_Q2079106,dest_Q2079106
dest_Q1396047,dest_Q1396047
dest_Q1348763,dest_Q1348763
dest_Q2011608,dest_Q2011608
dest_Q1240098,dest_Q1240098
dest_Q1480468,dest_Q1480468
dest_Q1400400,dest_Q1400400
dest_Q1549221,dest_Q1549221
dest_Q1664048,dest_Q1664048
dest_Q2381527,dest_Q2381527
dest_Q2006307,dest_Q2006307
dest_Q1746706,dest_Q1746706
dest_Q1812222,dest_Q1812222
dest_Q1570917,dest_Q1570917
dest_Q1727751,dest_Q1727751
dest_Q1195398,dest_Q1195398
dest_Q2066392,dest_Q2066392
dest_Q2096191,dest_Q2096191
dest_Q1564866,dest_Q1564866
dest_Q1419251,dest_Q1419251
dest_Q1365166,dest_Q1365166
dest_Q1467315,dest_Q1467315
dest_Q1686027,dest_Q1686027
dest_Q1496048,dest_Q1496048
dest_Q1343466,dest_Q1343466
dest_Q2658971,dest_Q2658971
dest_Q2941434,dest_Q2941434
dest_Q2944426,dest_Q2944426
dest_Q3010637,dest_Q3010637
dest_Q2517116,dest_Q2517116
dest_Q2363817,dest_Q2363817
dest_Q3114397,dest_Q3114397
dest_Q3198833,dest_Q3198833
dest_Q3128623,dest_Q3128623
dest_Q3010627,dest_Q3010627
dest_Q1894392,dest_Q1894392
dest_Q3197094,dest_Q3197094
dest_Q2287235,dest_Q2287235
dest_Q3135360,dest_Q3135360
dest_Q2236933,dest_Q2236933
dest_Q2658942,dest_Q2658942
dest_Q2630310,dest_Q2630310
dest_Q1997684,dest_Q1997684
dest_Q3153780,dest_Q3153780
dest_Q2875099,dest_Q2875099
dest_Q2387798,dest_Q2387798
dest_Q2436248,dest_Q2436248
dest_Q2630239,dest_Q2630239
dest_Q2234152,dest_Q2234152
dest_Q3066749,dest_Q3066749
dest_Q1940417,dest_Q1940417
dest_Q2587024,dest_Q2587024
dest_Q2597556,dest_Q2597556
dest_Q2215914,dest_Q2215914
dest_Q2567791,dest_Q2567791
dest_Q2166850,dest_Q2166850
dest_Q2497488,dest_Q2497488
dest_Q2542012,dest_Q2542012
dest_Q2304599,dest_Q1894392
dest_Q2944411,dest_Q2944411
dest_Q2749444,dest_Q2749444
dest_Q2227782,dest_Q2227782
dest_Q3010620,dest_Q3010620
dest_Q2749798,dest_Q2749798
dest_Q1894079,dest_Q1894079
dest_Q2459519,dest_Q2459519
dest_Q2656618,dest_Q2656618
dest_Q2998362,dest_Q2998362
dest_Q2135871,dest_Q2135871
dest_Q2341982,dest_Q2341982
dest_Q2171004,dest_Q2171004
dest_Q2155625,dest_Q2155625
dest_Q3111691,dest_Q3111691
dest_Q2630244,dest_Q2630244
dest_Q3088829,dest_Q3088829
dest_Q2903009,dest_Q2903009
dest_Q2904935,dest_Q2904935
dest_Q3259884,dest_Q2387798
dest_Q3259913,dest_Q2387798
dest_Q3259917,dest_Q2387798
dest_Q3259893,dest_Q2387798
dest_Q3259865,dest_Q2387798
dest_Q3259874,dest_Q2387798
dest_Q3259883,dest_Q2387798
dest_Q3259916,dest_Q2387798
dest_Q3259877,dest_Q2387798
dest_Q3259929,dest_Q2387798
dest_Q3358047,dest_Q3358047
dest_Q3259895,dest_Q2387798
dest_Q3259879,dest_Q2387798
dest_Q3259938,dest_Q2387798
dest_Q3259925,dest_Q2387798
dest_Q3259899,dest_Q2387798
dest_Q3259869,dest_Q2387798
dest_Q3259943,dest_Q2387798
dest_Q3259868,dest_Q2387798
dest_Q3259911,dest_Q2387798
dest_Q3259882,dest_Q2387798
dest_Q3259950,dest_Q2387798
dest_Q3259897,dest_Q2387798
dest_Q3259889,dest_Q2387798
dest_Q3259867,dest_Q2387798
dest_Q3259939,dest_Q2387798
dest_Q3259906,dest_Q2387798
dest_Q3259902,dest_Q2387798
dest_Q3259901,dest_Q2387798
dest_Q3259886,dest_Q2387798
dest_Q3259920,dest_Q2387798
dest_Q3259955,dest_Q2387798
dest_Q3259908,dest_Q2387798
dest_Q3259872,dest_Q2387798
dest_Q3431359,dest_Q3431359
dest_Q3259931,dest_Q2387798
dest_Q3259940,dest_Q2387798
dest_Q3259873,dest_Q2387798
dest_Q3259888,dest_Q2387798
dest_Q3259936,dest_Q2387798
dest_Q3259905,dest_Q2387798
dest_Q3344185,dest_Q3344185
dest_Q3259952,dest_Q2387798
dest_Q3259881,dest_Q2387798
dest_Q3259948,dest_Q2387798
dest_Q3414846,dest_Q3414846
dest_Q3259957,dest_Q2387798
dest_Q3259922,dest_Q2387798
dest_Q3259958,dest_Q2387798
dest_Q3259946,dest_Q2387798
dest_Q3259944,dest_Q2387798
dest_Q3259876,dest_Q2387798
dest_Q3259932,dest_Q2387798
dest_Q3259894,dest_Q2387798
dest_Q3259923,dest_Q2387798
dest_Q3259924,dest_Q2387798
dest_Q3259951,dest_Q2387798
dest_Q3322825,dest_Q3322825
dest_Q3259912,dest_Q2387798
dest_Q3259928,dest_Q2387798
dest_Q3275448,dest_Q3275448
dest_Q3259909,dest_Q2387798
dest_Q3259914,dest_Q2387798
dest_Q3259891,dest_Q2387798
dest_Q3259934,dest_Q2387798
dest_Q3373468,dest_Q3373468
dest_Q3312609,dest_Q3312609
dest_Q3259919,dest_Q2387798
dest_Q3259904,dest_Q2387798
dest_Q4740925,dest_Q4740925
dest_Q4712855,dest_Q4712855
dest_Q5520506,dest_Q5520506
dest_Q5600710,dest_Q5600710
dest_Q5925978,dest_Q5925978
dest_Q3502890,dest_Q3502890
dest_Q3561571,dest_Q3561571
dest_Q4116649,dest_Q4116649
dest_Q5328043,dest_Q5328043
dest_Q6046873,dest_Q6046873
dest_Q4180863,dest_Q4180863
dest_Q7057468,dest_Q7057468
dest_Q4949925,dest_Q4949925
dest_Q4958614,dest_Q4958614
dest_Q3455584,dest_Q3455584
dest_Q4344485,dest_Q4344485
dest_Q5579915,dest_Q5579915
dest_Q6135217,dest_Q6135217
dest_Q5053554,dest_Q5053554
dest_Q5061327,dest_Q5061327
dest_Q3652593,dest_Q3652593
dest_Q6171593,dest_Q6171593
dest_Q5169451,dest_Q5169451
dest_Q3539904,dest_Q3539904
dest_Q3717800,dest_Q3717800
dest_Q5580145,dest_Q5580145
dest_Q5620079,dest_Q5620079
dest_Q5327842,dest_Q5327842
dest_Q3434028,dest_Q3434028
dest_Q5035536,dest_Q5035536
dest_Q3492285,dest_Q3492285
dest_Q3502879,dest_Q3502879
dest_Q3486228,dest_Q3486228
dest_Q6066209,dest_Q1507
dest_Q5597398,dest_Q5597398
dest_Q4891553,dest_Q4891553
dest_Q5168707,dest_Q5168707
dest_Q5017980,dest_Q5017980
dest_Q7102414,dest_Q7102414
dest_Q3635541,dest_Q3635541
dest_Q5179709,dest_Q5179709
dest_Q3497075,dest_Q3497075
dest_Q5568474,dest_Q5568474
dest_Q3491239,dest_Q3491239
dest_Q5578673,dest_Q5578673
dest_Q6104318,dest_Q6104318
dest_Q3931951,dest_Q3931951
dest_Q4863718,dest_Q4863718
dest_Q5139283,dest_Q5139283
dest_Q5061728,dest_Q5061728
dest_Q7505497,dest_Q7505497
dest_Q12646871,dest_Q12646871
dest_Q7170847,dest_Q7170847
dest_Q11082647,dest_Q11082647
dest_Q7845805,dest_Q7845805
dest_Q7845814,dest_Q7845814
dest_Q7987786,dest_Q7987786
dest_Q7056658,dest_Q7056651
dest_Q10374625,dest_Q10374625
dest_Q11158783,dest_Q11158783
dest_Q7566458,dest_Q7566458
dest_Q12046518,dest_Q12046518
dest_Q6462660,dest_Q6462660
dest_Q11179360,dest_Q11179360
dest_Q11177319,dest_Q11177319
dest_Q10358774,dest_Q10358774
dest_Q6939549,dest_Q6939549
dest_Q6988177,dest_Q6988177
dest_Q7797051,dest_Q7797051
dest_Q7985228,dest_Q7985228
dest_Q7988205,dest_Q7988205
dest_Q7057226,dest_Q7057226
dest_Q7439799,dest_Q7439799
dest_Q10857142,dest_Q10857142
dest_Q7005520,dest_Q7005520
dest_Q12355425,dest_Q12355425
dest_Q7984754,dest_Q7984754
dest_Q12045910,dest_Q12045910
dest_Q6506661,dest_Q6506661
dest_Q7056651,dest_Q7056651
dest_Q6557114,dest_Q6557114
dest_Q6781144,dest_Q6781144
dest_Q8199675,dest_Q8199675
dest_Q12046021,dest_Q12046021
dest_Q6507043,dest_Q6507043
dest_Q7569604,dest_Q7569604
dest_Q12338119,dest_Q12338119
dest_Q12646870,dest_Q12646870
dest_Q12646872,dest_Q12646872
dest_Q7304598,dest_Q7304598
dest_Q7565279,dest_Q7565279
dest_Q7565311,dest_Q7565279
dest_Q7566868,dest_Q7566868
dest_Q12646874,dest_Q12646874
dest_Q12646875,dest_Q12646874
dest_Q12646877,dest_Q12646874
dest_Q12646882,dest_Q12646880
dest_Q12646883,dest_Q12646880
dest_Q12646880,dest_Q12646880
dest_Q9608409,dest_Q9608409
dest_Q7616921,dest_Q7616921
dest_Q7969970,dest_Q7969970
dest_Q14234724,dest_Q14234724
dest_Q14207068,dest_Q14207068
dest_Q14210639,dest_Q14210639
dest_Q14214508,dest_Q14214508
dest_Q14928162,dest_Q14928162
dest_Q14227118,dest_Q14227118
dest_Q14928191,dest_Q14928191
dest_Q14215487,dest_Q14215487
dest_Q14218676,dest_Q14218676
dest_Q14211120,dest_Q14211120
dest_Q14214423,dest_Q14214423
dest_Q14201503,dest_Q14201503
dest_Q14214411,dest_Q14214411
dest_Q14928164,dest_Q14928164
dest_Q14221267,dest_Q14221267
dest_Q14211167,dest_Q14211167
dest_Q14201926,dest_Q14201926
dest_Q14210573,dest_Q14210573
dest_Q14210556,dest_Q14210556
dest_Q14227354,dest_Q14227354
dest_Q14236595,dest_Q14236595
dest_Q14210554,dest_Q14210554
dest_Q14234737,dest_Q14234737
dest_Q14203609,dest_Q14203609
dest_Q14234788,dest_Q14234788
dest_Q14202643,dest_Q14202643
dest_Q14928182,dest_Q14928182
dest_Q14209135,dest_Q14209135
dest_Q14210412,dest_Q14210412
dest_Q14210353,dest_Q14210353
dest_Q14201497,dest_Q14201497
dest_Q14221288,dest_Q14221288
dest_Q14234649,dest_Q14234649
dest_Q14227277,dest_Q14227277
dest_Q14232958,dest_Q14232958
dest_Q14214511,dest_Q14214511
dest_Q14206971,dest_Q14206971
dest_Q14209589,dest_Q14209589
dest_Q14210593,dest_Q14210593
dest_Q14214519,dest_Q14214519
dest_Q14214572,dest_Q14214572
dest_Q14214722,dest_Q14214722
dest_Q14217182,dest_Q14217182
dest_Q14227511,dest_Q14227511
dest_Q14228988,dest_Q14228988
dest_Q14230033,dest_Q14230033
dest_Q14234758,dest_Q14234758
dest_Q13022615,dest_Q13022615
dest_Q14202891,dest_Q14202891
dest_Q14209353,dest_Q14209353
dest_Q14227362,dest_Q14227362
dest_Q14227072,dest_Q14227072
dest_Q14234569,dest_Q14234569
dest_Q30395186,dest_Q30395186
dest_Q30399348,dest_Q30399348
dest_Q30347015,dest_Q30347015
dest_Q16875674,dest_Q16875674
dest_Q18478000,dest_Q18478000
dest_Q30497038,dest_Q30497038
dest_Q14902058,dest_Q14902058
dest_Q14913957,dest_Q14913957
dest_Q30483246,dest_Q30483246
dest_Q14875515,dest_Q14875515
dest_Q17107561,dest_Q17107561
dest_Q20755724,dest_Q20755724
dest_Q17137745,dest_Q17137745
dest_Q19877100,dest_Q19877100
dest_Q15241934,dest_Q15241934
dest_Q30318742,dest_Q30318742
dest_Q17676069,dest_Q17676069
dest_Q14569551,dest_Q14569551
dest_Q30317414,dest_Q30317414
dest_Q30317402,dest_Q30317402
dest_Q30317695,dest_Q30317695
dest_Q30317635,dest_Q30317635
dest_Q30317712,dest_Q30317712
dest_Q30317765,dest_Q30317765
dest_Q14557699,dest_Q14557699
dest_Q30317836,dest_Q30317836
dest_Q30317887,dest_Q30317887
dest_Q30317870,dest_Q30317870
dest_Q30318806,dest_Q30318806
dest_Q30318797,dest_Q30318797
dest_Q30318749,dest_Q30318749
dest_Q30318818,dest_Q30318818
dest_Q30318786,dest_Q30318786
dest_Q30318764,dest_Q30318764
dest_Q30318859,dest_Q30318859
dest_Q30318990,dest_Q30318990
dest_Q30318997,dest_Q30318997
dest_Q30319006,dest_Q30319006
dest_Q30343512,dest_Q30343512
dest_Q30226395,dest_Q30226395
dest_Q30398673,dest_Q30398673
dest_Q30339927,dest_Q30339927
dest_Q30394779,dest_Q30394779
dest_Q30397055,dest_Q30397055
dest_Q26736692,dest_Q26736692
dest_Q30473521,dest_Q30473521
dest_Q83857,dest_Q83857
dest_Q151389,dest_Q151389
dest_Q251050,dest_Q251050
dest_Q442655,dest_Q442655
dest_Q111224,dest_Q111224
dest_Q30029,dest_Q165269
dest_Q13703,dest_Q13703
dest_Q130185,dest_Q130185
dest_Q155353,dest_Q155353
dest_Q152356,dest_Q152356
dest_Q150907,dest_Q150907
dest_Q22569,dest_Q22569
dest_Q574506,dest_Q574506
dest_Q225073,dest_Q225073
dest_Q445609,dest_Q445609
dest_Q169276,dest_Q169276
dest_Q130183,dest_Q130183
dest_Q130322,dest_Q130322
dest_Q8614,dest_Q8614
dest_Q210300,dest_Q210300
dest_Q109057,dest_Q109057
dest_Q152243,dest_Q152243
dest_Q32530,dest_Q32530
dest_Q148689,dest_Q148689
dest_Q1700,dest_Q1700
dest_Q52313,dest_Q52313
dest_Q22848,dest_Q22848
dest_Q573498,dest_Q573498
dest_Q145620,dest_Q145620
dest_Q165269,dest_Q165269
dest_Q181576,dest_Q124013999
dest_Q435421,dest_Q435421
dest_Q252431,dest_Q252431
dest_Q46613,dest_Q46613
dest_Q1231,dest_Q1231
dest_Q130359,dest_Q130359
dest_Q22602,dest_Q22602
dest_Q130330,dest_Q130330
dest_Q4194,dest_Q4194
dest_Q46519,dest_Q46519
dest_Q767106,dest_Q767106
dest_Q314510,dest_Q314510
dest_Q760593,dest_Q760593
dest_Q258104,dest_Q258104
dest_Q266201,dest_Q266201
dest_Q329159,dest_Q329159
dest_Q368638,dest_Q368638
dest_Q334427,dest_Q334427
dest_Q725827,dest_Q725827
dest_Q477622,dest_Q477622
dest_Q675430,dest_Q675430
dest_Q566224,dest_Q566224
dest_Q952483,dest_Q952483
dest_Q757666,dest_Q757666
dest_Q559125,dest_Q559125
dest_Q524856,dest_Q2378796
dest_Q694117,dest_Q694117
dest_Q1184019,dest_Q1184019
dest_Q701658,dest_Q701658
dest_Q320641,dest_Q320641
dest_Q653732,dest_Q653732
dest_Q702543,dest_Q150907
dest_Q779877,dest_Q779877
dest_Q649800,dest_Q649800
dest_Q677337,dest_Q677337
dest_Q340161,dest_Q340161
dest_Q473063,dest_Q473063
dest_Q298176,dest_Q298176
dest_Q705758,dest_Q705758
dest_Q487924,dest_Q2036208
dest_Q1168655,dest_Q1168655
dest_Q326359,dest_Q326359
dest_Q257376,dest_Q257376
dest_Q708317,dest_Q708317
dest_Q315496,dest_Q315496
dest_Q682432,dest_Q682432
dest_Q694156,dest_Q694156
dest_Q445702,dest_Q445702
dest_Q330001,dest_Q330001
dest_Q317108,dest_Q317108
dest_Q633218,dest_Q633218
dest_Q707665,dest_Q707665
dest_Q723819,dest_Q723819
dest_Q690971,dest_Q690971
dest_Q707297,dest_Q707297
dest_Q580471,dest_Q580471
dest_Q893575,dest_Q893575
dest_Q1146743,dest_Q1146743
dest_Q833128,dest_Q833128
dest_Q882777,dest_Q882777
dest_Q1014559,dest_Q1014559
dest_Q829767,dest_Q829767
dest_Q793279,dest_Q793279
dest_Q873119,dest_Q873119
dest_Q1050430,dest_Q1050430
dest_Q1014874,dest_Q1014874
dest_Q1017216,dest_Q1017216
dest_Q1031539,dest_Q1031539
dest_Q835429,dest_Q835429
dest_Q837017,dest_Q837017
dest_Q1257404,dest_Q1257404
dest_Q1294511,dest_Q1294511
dest_Q896499,dest_Q896499
dest_Q896937,dest_Q896937
dest_Q897042,dest_Q897042
dest_Q990025,dest_Q990025
dest_Q1622362,dest_Q1622362
dest_Q881875,dest_Q881875
dest_Q1116580,dest_Q1116580
dest_Q1635772,dest_Q1635772
dest_Q1622039,dest_Q1622039
dest_Q1020962,dest_Q1020962
dest_Q1072077,dest_Q1072077
dest_Q883889,dest_Q883889
dest_Q917276,dest_Q917276
dest_Q876515,dest_Q876515
dest_Q911532,dest_Q911532
dest_Q911538,dest_Q911538
dest_Q897243,dest_Q897243
dest_Q919721,dest_Q919721
dest_Q896446,dest_Q896446
dest_Q1615975,dest_Q1615975
dest_Q1060479,dest_Q1060479
dest_Q1622999,dest_Q1622999
dest_Q897270,dest_Q897270
dest_Q850245,dest_Q850245
dest_Q884805,dest_Q884805
dest_Q1061324,dest_Q1061324
dest_Q1056116,dest_Q1056116
dest_Q911639,dest_Q911639
dest_Q1623749,dest_Q1623749
dest_Q819339,dest_Q819339
dest_Q820516,dest_Q820516
dest_Q1090822,dest_Q1090822
dest_Q1635387,dest_Q1635387
dest_Q1234060,dest_Q1234060
dest_Q1482084,dest_Q1482084
dest_Q1588396,dest_Q1588396
dest_Q1459364,dest_Q1459364
dest_Q1998580,dest_Q1998580
dest_Q1673737,dest_Q1673737
dest_Q1997843,dest_Q1997843
dest_Q1776776,dest_Q1776776
dest_Q1940159,dest_Q1940159
dest_Q1691613,dest_Q1691613
dest_Q1883447,dest_Q1883447
dest_Q1420207,dest_Q1420207
dest_Q1940035,dest_Q1940035
dest_Q1322976,dest_Q1322976
dest_Q1959158,dest_Q1959158
dest_Q1295066,dest_Q1295066
dest_Q1301705,dest_Q1301705
dest_Q1998048,dest_Q1998048
dest_Q1303009,dest_Q1303009
dest_Q2045905,dest_Q2045905
dest_Q1321541,dest_Q1321541
dest_Q1393827,dest_Q1393827
dest_Q1461436,dest_Q1461436
dest_Q2082146,dest_Q2082146
dest_Q1555247,dest_Q1555247
dest_Q1940497,dest_Q1940497
dest_Q1310148,dest_Q1310148
dest_Q1998484,dest_Q1998484
dest_Q2010350,dest_Q2010350
dest_Q2258892,dest_Q2258892
dest_Q2263669,dest_Q2263669
dest_Q1321710,dest_Q1321710
dest_Q1802807,dest_Q1802807
dest_Q1310044,dest_Q1310044
dest_Q1971484,dest_Q1971484
dest_Q1373207,dest_Q1373207
dest_Q1535102,dest_Q1535102
dest_Q1639559,dest_Q1639559
dest_Q1998430,dest_Q1998430
dest_Q1535331,dest_Q1535331
dest_Q1747170,dest_Q1747170
dest_Q1411475,dest_Q1411475
dest_Q1325077,dest_Q1325077
dest_Q1339690,dest_Q1339690
dest_Q1421347,dest_Q1421347
dest_Q2257629,dest_Q2257629
dest_Q1437320,dest_Q1437320
dest_Q1558873,dest_Q1558873
dest_Q1745690,dest_Q1745690
dest_Q1379566,dest_Q1379566
dest_Q1743993,dest_Q1743993
dest_Q1425938,dest_Q1425938
dest_Q2036208,dest_Q2036208
dest_Q1411784,dest_Q1411784
dest_Q1413649,dest_Q1413649
dest_Q1500198,dest_Q1500198
dest_Q1725885,dest_Q1725885
dest_Q3300981,dest_Q3300981
dest_Q4753068,dest_Q4753068
dest_Q3199559,dest_Q3199559
dest_Q2381803,dest_Q2381803
dest_Q2380693,dest_Q2380693
dest_Q2984638,dest_Q2984638
dest_Q3752938,dest_Q3752938
dest_Q2396575,dest_Q2396575
dest_Q2671273,dest_Q2671273
dest_Q2381070,dest_Q2381070
dest_Q2381774,dest_Q2381774
dest_Q4968015,dest_Q4968015
dest_Q3775198,dest_Q3775198
dest_Q4981059,dest_Q4981059
dest_Q3820216,dest_Q1437320
dest_Q2151995,dest_Q2151995
dest_Q2497921,dest_Q2497921
dest_Q6157245,dest_Q6157245
dest_Q7987644,dest_Q7987644
dest_Q7067564,dest_Q7067564
dest_Q2565366,dest_Q2565366
dest_Q2565425,dest_Q2565425
dest_Q3256588,dest_Q3256588
dest_Q3275099,dest_Q3275099
dest_Q2533808,dest_Q2533808
dest_Q2380500,dest_Q2380500
dest_Q2381438,dest_Q2381438
dest_Q2215414,dest_Q2215414
dest_Q6877935,dest_Q6877935
dest_Q3820436,dest_Q3820436
dest_Q2378796,dest_Q2378796
dest_Q6152998,dest_Q6152998
dest_Q5790386,dest_Q5790386
dest_Q5108249,dest_Q5108249
dest_Q2168957,dest_Q2168957
dest_Q3755441,dest_Q3755441
dest_Q5153866,dest_Q5153866
dest_Q2191188,dest_Q2191188
dest_Q2381124,dest_Q2381124
dest_Q2556288,dest_Q2556288
dest_Q2382629,dest_Q2382629
dest_Q2450574,dest_Q2450574
dest_Q7366320,dest_Q7366320
dest_Q2291278,dest_Q2291278
dest_Q2298995,dest_Q2298995
dest_Q2381752,dest_Q2381752
dest_Q11819931,dest_Q11819931
dest_Q14209199,dest_Q14209199
dest_Q9325732,dest_Q9325732
dest_Q10261196,dest_Q10261196
dest_Q14201440,dest_Q14201440
dest_Q14202049,dest_Q14202049
dest_Q14202059,dest_Q14202057
dest_Q14202057,dest_Q14202057
dest_Q14202062,dest_Q14202060
dest_Q14202060,dest_Q14202060
dest_Q14202061,dest_Q14202060
dest_Q14202064,dest_Q14202060
dest_Q14202686,dest_Q14202686
dest_Q14202944,dest_Q14202944
dest_Q14202945,dest_Q14202944
dest_Q14210458,dest_Q14210458
dest_Q14210507,dest_Q14210507
dest_Q14210799,dest_Q14210799
dest_Q14211207,dest_Q14211207
dest_Q14211866,dest_Q14211866
dest_Q14211869,dest_Q14211866
dest_Q14212324,dest_Q14212324
dest_Q14212458,dest_Q14210458
dest_Q14222314,dest_Q14212324
dest_Q14223721,dest_Q14223721
dest_Q14223724,dest_Q14223721
dest_Q14222797,dest_Q14222797
dest_Q14202518,dest_Q14202518
dest_Q14204020,dest_Q14204020
dest_Q9209111,dest_Q9209111
dest_Q11792484,dest_Q11792484
dest_Q13041088,dest_Q13041088
dest_Q14201445,dest_Q14201445
dest_Q7493923,dest_Q7493923
dest_Q7514802,dest_Q7514802
dest_Q12292486,dest_Q12292486
dest_Q12293449,dest_Q12293449
dest_Q12294902,dest_Q12294902
dest_Q14208666,dest_Q14208666
dest_Q14202948,dest_Q14202948
dest_Q14203160,dest_Q14203160
dest_Q14221762,dest_Q14221762
dest_Q14223043,dest_Q14223043
dest_Q14223148,dest_Q14223148
dest_Q14223871,dest_Q14223871
dest_Q12669858,dest_Q12669858
dest_Q11821196,dest_Q11821196
dest_Q12280572,dest_Q12280572
dest_Q8273143,dest_Q8273143
dest_Q11826232,dest_Q11826232
dest_Q14205236,dest_Q14205236
dest_Q14216620,dest_Q14216620
dest_Q14204756,dest_Q14204756
dest_Q14206326,dest_Q14206326
dest_Q14213520,dest_Q14213520
dest_Q14214292,dest_Q14214292
dest_Q14214816,dest_Q14214816
dest_Q14215639,dest_Q14215639
dest_Q14215935,dest_Q14215935
dest_Q14216824,dest_Q14216824
dest_Q14216870,dest_Q14216870
dest_Q14217139,dest_Q14217139
dest_Q14217350,dest_Q14213520
dest_Q14217585,dest_Q14217585
dest_Q14218619,dest_Q14218619
dest_Q14220378,dest_Q14220378
dest_Q14220382,dest_Q14220378
dest_Q14220755,dest_Q14220755
dest_Q14220759,dest_Q14220755
dest_Q14206725,dest_Q14206725
dest_Q14213297,dest_Q14213297
dest_Q14217351,dest_Q14217351
dest_Q14214424,dest_Q14214424
dest_Q14873948,dest_Q14873948
dest_Q18417561,dest_Q18417561
dest_Q14640766,dest_Q14640766
dest_Q14891097,dest_Q14891097
dest_Q14227465,dest_Q14227465
dest_Q15238477,dest_Q15238477
dest_Q14425822,dest_Q14425822
dest_Q15849893,dest_Q15849893
dest_Q16558918,dest_Q16558918
dest_Q14214434,dest_Q14214434
dest_Q14204818,dest_Q14204818
dest_Q14214522,dest_Q14214522
dest_Q14214530,dest_Q14214530
dest_Q14215512,dest_Q14215512
dest_Q14216426,dest_Q14216426
dest_Q14216776,dest_Q14216776
dest_Q14216943,dest_Q14216943
dest_Q14396027,dest_Q14396027
dest_Q14214751,dest_Q14214751
dest_Q14227360,dest_Q14227360
dest_Q15108563,dest_Q15108563
dest_Q14420696,dest_Q14420696
dest_Q14423041,dest_Q14423041
dest_Q14440140,dest_Q14440140
dest_Q14491470,dest_Q14491470
dest_Q14492133,dest_Q14492133
dest_Q55648725,dest_Q55648725
dest_Q64824429,dest_Q64824429
dest_Q64590519,dest_Q64590519
dest_Q31665654,dest_Q31665654
dest_Q19299010,dest_Q19299010
dest_Q65591440,dest_Q65591440
dest_Q89979027,dest_Q89979027
dest_Q28195232,dest_Q28195232
dest_Q64590523,dest_Q64590523
dest_Q28722850,dest_Q28722850
dest_Q27922453,dest_Q27922453
dest_Q56388226,dest_Q56388226
dest_Q64824439,dest_Q64824439
dest_Q54867487,dest_Q54867487
dest_Q64590522,dest_Q64590520
dest_Q60169103,dest_Q60169103
dest_Q23786667,dest_Q23786667
dest_Q64824447,dest_Q64824447
dest_Q28499926,dest_Q28499926
dest_Q66004076,dest_Q66004076
dest_Q56827269,dest_Q56827269
dest_Q21491032,dest_Q21491032
dest_Q50366978,dest_Q50366978
dest_Q22665461,dest_Q22665461
dest_Q55868317,dest_Q55868317
dest_Q56033157,dest_Q56033157
dest_Q56033167,dest_Q56033157
dest_Q56041996,dest_Q56041996
dest_Q56042007,dest_Q56042004
dest_Q56042004,dest_Q56042004
dest_Q56042224,dest_Q56042224
dest_Q64590521,dest_Q64590520
dest_Q65099588,dest_Q65099588
dest_Q16968398,dest_Q16968398
dest_Q20656019,dest_Q20656019
dest_Q28498752,dest_Q28498752
dest_Q21088397,dest_Q21088397
dest_Q30134104,dest_Q30134104
dest_Q64824434,dest_Q64824434
dest_Q61523800,dest_Q61523800
dest_Q64568120,dest_Q64568120
dest_Q61597164,dest_Q61597164
dest_Q26271345,dest_Q26271345
dest_Q21011969,dest_Q21011969
dest_Q66144677,dest_Q66144677
dest_Q64824442,dest_Q64824442
dest_Q64590520,dest_Q64590520
dest_Q55394418,dest_Q55394418
dest_Q26844276,dest_Q26844276
dest_Q106610949,dest_Q106610949
dest_Q107052291,dest_Q107052291
dest_Q98931372,dest_Q98931372
dest_Q112572625,dest_Q112572625
dest_Q130278908,dest_Q130278908
dest_Q125961217,dest_Q125961217
dest_Q117101458,dest_Q117101458
dest_Q131924297,dest_Q131924297
dest_Q133806839,dest_Q133806839
dest_Q126488896,dest_Q126488896
dest_Q130381214,dest_Q130381214
dest_Q130272342,dest_Q130272342
dest_Q123413506,dest_Q123413506
dest_Q122068023,dest_Q122068023
dest_Q122615731,dest_Q122615731
dest_Q107212459,dest_Q107212459
dest_Q122222351,dest_Q122222351
dest_Q100023630,dest_Q100023630
dest_Q109016726,dest_Q109016726
dest_Q131384254,dest_Q131384254
dest_Q131384370,dest_Q131384370
dest_Q131384443,dest_Q131384443
dest_Q131384679,dest_Q131384679
dest_Q131384845,dest_Q131384254
dest_Q131384854,dest_Q131384254
dest_Q131384857,dest_Q131384254
dest_Q131384938,dest_Q131384938
dest_Q131384959,dest_Q131384959
dest_Q124754058,dest_Q124754058
dest_Q131703499,dest_Q131703499
dest_Q131716996,dest_Q131716996
dest_Q124013999,dest_Q124013999
dest_Q100556991,dest_Q100556991
dest_Q111106390,dest_Q111106390
dest_Q127598723,dest_Q127598723
dest_Q124197125,dest_Q124197125
dest_Q131384252,dest_Q131384252
dest_Q131455643,dest_Q131455643
dest_Q127692033,dest_Q127692033
dest_Q124289007,dest_Q124289007
dest_Q121029742,dest_Q121029742
dest_Q124338191,dest_Q124338191
dest_Q124465703,dest_Q124465703
dest_Q102046171,dest_Q102046171
dest_Q106463678,dest_Q106463678
dest_Q133873877,dest_Q133873877
dest_Q115022268,dest_Q115022268
dest_Q111795835,dest_Q111795835
dest_Q124391290,dest_Q124391290
dest_Q129029121,dest_Q129029121
dest_Q115634205,dest_Q115634205
dest_Q133571463,dest_Q133571463
dest_Q110811288,dest_Q110811288
dest_Q133823836,dest_Q133823836
dest_Q98856930,dest_Q98856930
dest_Q110811303,dest_Q110811288
dest_Q135227397,dest_Q135227397
dest_Q136757126,dest_Q136757126
dest_Q134432742,dest_Q134432742
dest_Q134447258,dest_Q134447258
dest_Q62132,dest_Q62132
dest_Q473181,dest_Q473181
dest_Q19044,dest_Q19044
dest_Q622719,dest_Q622719
dest_Q1122041,dest_Q1122041
dest_Q311819,dest_Q311819
dest_Q681937,dest_Q681937
dest_Q547984,dest_Q547984
dest_Q169132,dest_Q169132
dest_Q19084,dest_Q19084
dest_Q308891,dest_Q308891
dest_Q550691,dest_Q550691
dest_Q137555,dest_Q137555
dest_Q191738,dest_Q191738
dest_Q27243,dest_Q27243
dest_Q36678,dest_Q36678
dest_Q37394,dest_Q37394
dest_Q155321,dest_Q155321
dest_Q568561,dest_Q568561
dest_Q106955,dest_Q106955
dest_Q669319,dest_Q669319
dest_Q23792,dest_Q219060
dest_Q83241,dest_Q83241
dest_Q3845,dest_Q3845
dest_Q41470,dest_Q41470
dest_Q27231,dest_Q27231
dest_Q621643,dest_Q621643
dest_Q682410,dest_Q682410
dest_Q542146,dest_Q542146
dest_Q39731,dest_Q39731
dest_Q817364,dest_Q817364
dest_Q1480109,dest_Q1480109
dest_Q1151572,dest_Q1151572
dest_Q1249481,dest_Q1249481
dest_Q1858122,dest_Q1858122
dest_Q889904,dest_Q889904
dest_Q2004108,dest_Q2004108
dest_Q1581002,dest_Q1581002
dest_Q1142402,dest_Q1142402
dest_Q1196306,dest_Q1196306
dest_Q2162106,dest_Q2162106
dest_Q1323122,dest_Q1323122
dest_Q851955,dest_Q851955
dest_Q1794655,dest_Q1794655
dest_Q1203890,dest_Q1203890
dest_Q2066007,dest_Q2066007
dest_Q1151567,dest_Q1151567
dest_Q1069636,dest_Q1069636
dest_Q845466,dest_Q845466
dest_Q2010516,dest_Q2010516
dest_Q1463301,dest_Q1463301
dest_Q906602,dest_Q906602
dest_Q2767216,dest_Q2767216
dest_Q853968,dest_Q853968
dest_Q1318603,dest_Q1318603
dest_Q1786350,dest_Q1786350
dest_Q1071142,dest_Q1071142
dest_Q1370633,dest_Q1370633
dest_Q1334003,dest_Q1334003
dest_Q866733,dest_Q866733
dest_Q1195815,dest_Q1195815
dest_Q863038,dest_Q863038
dest_Q2158172,dest_Q2158172
dest_Q1058785,dest_Q1058785
dest_Q1205043,dest_Q1205043
dest_Q1719148,dest_Q1719148
dest_Q1340296,dest_Q1340296
dest_Q1778827,dest_Q1778827
dest_Q1354072,dest_Q1354072
dest_Q1435109,dest_Q1435109
dest_Q1534252,dest_Q1534252
dest_Q1142561,dest_Q1142561
dest_Q956858,dest_Q956858
dest_Q1977151,dest_Q1977151
dest_Q1364385,dest_Q1364385
dest_Q862947,dest_Q862947
dest_Q1091302,dest_Q1091302
dest_Q1611002,dest_Q1611002
dest_Q2919785,dest_Q2919785
dest_Q2920148,dest_Q2920148
dest_Q2941402,dest_Q2941402
dest_Q5169452,dest_Q5169452
dest_Q5221842,dest_Q5221842
dest_Q2552997,dest_Q2552997
dest_Q3984554,dest_Q3984554
dest_Q3536896,dest_Q3536896
dest_Q2891737,dest_Q2891737
dest_Q2915499,dest_Q2915499
dest_Q2631487,dest_Q2631487
dest_Q2453088,dest_Q2453088
dest_Q2426839,dest_Q2426839
dest_Q5264128,dest_Q5264128
dest_Q2915691,dest_Q2915691
dest_Q2554184,dest_Q2554184
dest_Q2911804,dest_Q2911804
dest_Q3431777,dest_Q3431777
dest_Q2556836,dest_Q2556836
dest_Q5061308,dest_Q5061308
dest_Q2512323,dest_Q2512323
dest_Q2473129,dest_Q2473129
dest_Q5119027,dest_Q5119027
dest_Q3010684,dest_Q3010684
dest_Q3238308,dest_Q3238308
dest_Q2911858,dest_Q2911858
dest_Q2889613,dest_Q2889613
dest_Q2577663,dest_Q2577663
dest_Q2383259,dest_Q2383259
dest_Q4121261,dest_Q4121261
dest_Q3825118,dest_Q3825118
dest_Q3367764,dest_Q3367764
dest_Q4145610,dest_Q4145610
dest_Q4901450,dest_Q4901450
dest_Q3489721,dest_Q3489721
dest_Q3628827,dest_Q3628827
dest_Q4991540,dest_Q4991540
dest_Q2914980,dest_Q2914980
dest_Q2920499,dest_Q2920499
dest_Q3518665,dest_Q3518665
dest_Q2916170,dest_Q2916170
dest_Q3825488,dest_Q3825488
dest_Q2917528,dest_Q2917528
dest_Q2910055,dest_Q2910055
dest_Q3236650,dest_Q3236650
dest_Q2547749,dest_Q2547749
dest_Q3249458,dest_Q3249458
dest_Q8539961,dest_Q8539961
dest_Q4784615,dest_Q4784615
dest_Q7820787,dest_Q7820787
dest_Q7849441,dest_Q7849441
dest_Q5751474,dest_Q5751474
dest_Q7568013,dest_Q7568013
dest_Q9067696,dest_Q9067696
dest_Q9067692,dest_Q9067692
dest_Q9067702,dest_Q9067702
dest_Q5483166,dest_Q5483166
dest_Q7862707,dest_Q7862707
dest_Q6732547,dest_Q6732547
dest_Q6079533,dest_Q6079533
dest_Q4819700,dest_Q4819700
dest_Q4784234,dest_Q4784234
dest_Q7566496,dest_Q7566496
dest_Q8017899,dest_Q8017899
dest_Q7002929,dest_Q7002929
dest_Q7988418,dest_Q7988418
dest_Q7054217,dest_Q7054217
dest_Q8017146,dest_Q8017146
dest_Q4702431,dest_Q4702431
dest_Q11412656,dest_Q11412656
dest_Q11421387,dest_Q11421387
dest_Q5579903,dest_Q5579903
dest_Q11433085,dest_Q11433085
dest_Q7988123,dest_Q7988123
dest_Q5328741,dest_Q5328741
dest_Q11434171,dest_Q11434171
dest_Q5330129,dest_Q5330129
dest_Q5366730,dest_Q5366730
dest_Q4400188,dest_Q4400188
dest_Q11420406,dest_Q11420406
dest_Q7566317,dest_Q7566317
dest_Q6020497,dest_Q6020497
dest_Q7446863,dest_Q7446863
dest_Q4378782,dest_Q4378782
dest_Q6429267,dest_Q6429267
dest_Q5560098,dest_Q5560098
dest_Q6455147,dest_Q200045
dest_Q6736667,dest_Q6736667
dest_Q8017724,dest_Q8017724
dest_Q4695139,dest_Q4695139
dest_Q6825678,dest_Q6825678
dest_Q8048278,dest_Q8048278
dest_Q6402299,dest_Q6402299
dest_Q7567630,dest_Q7567630
dest_Q8017303,dest_Q8017303
dest_Q11401126,dest_Q11401126
dest_Q10868722,dest_Q10868722
dest_Q11523104,dest_Q11523104
dest_Q11407391,dest_Q11407391
dest_Q11477412,dest_Q11477412
dest_Q11272708,dest_Q11272708
dest_Q11156727,dest_Q11156727
dest_Q11380622,dest_Q11380622
dest_Q11324349,dest_Q11324349
dest_Q11369266,dest_Q11369266
dest_Q11358460,dest_Q11358460
dest_Q11358800,dest_Q11358800
dest_Q11360647,dest_Q11360647
dest_Q11363067,dest_Q11363067
dest_Q11363252,dest_Q11363252
dest_Q11510267,dest_Q11510267
dest_Q11366314,dest_Q11366314
dest_Q11366393,dest_Q11366393
dest_Q11367110,dest_Q11367110
dest_Q11374560,dest_Q11374560
dest_Q11378105,dest_Q11378105
dest_Q11382601,dest_Q11382601
dest_Q11383283,dest_Q11383283
dest_Q11401125,dest_Q11401125
dest_Q11401177,dest_Q11401177
dest_Q11401300,dest_Q11401300
dest_Q11402294,dest_Q11402294
dest_Q11402339,dest_Q11402339
dest_Q11403780,dest_Q11403780
dest_Q11407491,dest_Q11407491
dest_Q11407532,dest_Q11407532
dest_Q11407592,dest_Q11407592
dest_Q11408065,dest_Q11408065
dest_Q11408519,dest_Q11408519
dest_Q11445584,dest_Q11445584
dest_Q11358939,dest_Q11358939
dest_Q11445957,dest_Q11445957
dest_Q11446096,dest_Q11446096
dest_Q11451492,dest_Q11451492
dest_Q11401111,dest_Q11401111
dest_Q11406182,dest_Q11406182
dest_Q11445940,dest_Q11445940
dest_Q11467694,dest_Q11467694
dest_Q11469965,dest_Q11469965
dest_Q11481859,dest_Q11481859
dest_Q11363018,dest_Q11363018
dest_Q11477418,dest_Q11477418
dest_Q11485804,dest_Q11485804
dest_Q11490920,dest_Q11490920
dest_Q11500730,dest_Q11500730
dest_Q11523836,dest_Q11523836
dest_Q11515435,dest_Q11515435
dest_Q11516871,dest_Q11516871
dest_Q11518537,dest_Q11518537
dest_Q11054941,dest_Q11054941
dest_Q11513508,dest_Q11513508
dest_Q10424522,dest_Q10424522
dest_Q11868667,dest_Q11868667
dest_Q11876298,dest_Q11876298
dest_Q11880042,dest_Q11880042
dest_Q11888460,dest_Q11888460
dest_Q11929887,dest_Q11929887
dest_Q11550795,dest_Q11550795
dest_Q11657685,dest_Q11657685
dest_Q11676348,dest_Q11676348
dest_Q11621252,dest_Q11621252
dest_Q11657582,dest_Q11657582
dest_Q11888686,dest_Q11888686
dest_Q11554735,dest_Q11554735
dest_Q11526502,dest_Q11526502
dest_Q11561910,dest_Q11561910
dest_Q11586856,dest_Q11586856
dest_Q11617353,dest_Q11617353
dest_Q11617511,dest_Q11617511
dest_Q11618319,dest_Q11618319
dest_Q11627535,dest_Q11627535
dest_Q11648247,dest_Q11648247
dest_Q11523861,dest_Q11523861
dest_Q11525999,dest_Q11525999
dest_Q11527553,dest_Q11527553
dest_Q11528178,dest_Q11528178
dest_Q11528212,dest_Q11528212
dest_Q11528294,dest_Q11528294
dest_Q11528343,dest_Q11528343
dest_Q11530969,dest_Q11530969
dest_Q11533737,dest_Q11533737
dest_Q11604997,dest_Q11604997
dest_Q11574112,dest_Q11574112
dest_Q11627419,dest_Q11627419
dest_Q11890036,dest_Q11890036
dest_Q11588552,dest_Q11588552
dest_Q11595063,dest_Q11595063
dest_Q11597015,dest_Q11597015
dest_Q11604989,dest_Q11604989
dest_Q11608539,dest_Q11608539
dest_Q11626759,dest_Q11626759
dest_Q11627068,dest_Q11627068
dest_Q11627093,dest_Q11627093
dest_Q11628946,dest_Q11628946
dest_Q11629510,dest_Q11629510
dest_Q11659992,dest_Q11659992
dest_Q11643105,dest_Q11643105
dest_Q11654147,dest_Q11654147
dest_Q11656489,dest_Q11656489
dest_Q11666112,dest_Q11666112
dest_Q11603342,dest_Q11603342
dest_Q11677257,dest_Q11677257
dest_Q11862147,dest_Q11862147
dest_Q14210615,dest_Q14210615
dest_Q14227394,dest_Q14227394
dest_Q14208851,dest_Q14208851
dest_Q13125092,dest_Q13125092
dest_Q14323036,dest_Q14323036
dest_Q14239159,dest_Q14239159
dest_Q13564904,dest_Q13564904
dest_Q14223170,dest_Q14223170
dest_Q14214532,dest_Q14214532
dest_Q14201991,dest_Q14201991
dest_Q12328258,dest_Q12328258
dest_Q14206721,dest_Q14206721
dest_Q14205239,dest_Q14205239
dest_Q14210093,dest_Q14210093
dest_Q12870969,dest_Q12870969
dest_Q14210369,dest_Q14210369
dest_Q13057253,dest_Q13057253
dest_Q12862070,dest_Q12862070
dest_Q14202843,dest_Q14202843
dest_Q14214403,dest_Q14214403
dest_Q14221200,dest_Q14221200
dest_Q12189686,dest_Q12189686
dest_Q12864680,dest_Q12864680
dest_Q14210496,dest_Q14210496
dest_Q12486505,dest_Q12486505
dest_Q12308758,dest_Q12308758
dest_Q11937070,dest_Q11937070
dest_Q12519891,dest_Q12519891
dest_Q11944947,dest_Q11944947
dest_Q11950803,dest_Q11950803
dest_Q14216463,dest_Q14216463
dest_Q12029082,dest_Q12029082
dest_Q14234644,dest_Q14234644
dest_Q14217360,dest_Q14217360
dest_Q14206203,dest_Q14206203
dest_Q14202698,dest_Q14202698
dest_Q14206699,dest_Q14206699
dest_Q14211929,dest_Q14211929
dest_Q14214558,dest_Q14214558
dest_Q14215378,dest_Q14215378
dest_Q14221654,dest_Q14221654
dest_Q12826657,dest_Q12826657
dest_Q16369530,dest_Q16369530
dest_Q12870277,dest_Q12870277
dest_Q11792449,dest_Q11792449
dest_Q14210498,dest_Q14210498
dest_Q14924987,dest_Q14924987
dest_Q12982818,dest_Q12982818
dest_Q14227388,dest_Q14227388
dest_Q21582274,dest_Q21582274
dest_Q22681171,dest_Q22681171
dest_Q25352269,dest_Q25352269
dest_Q19457556,dest_Q19457556
dest_Q18682637,dest_Q18682637
dest_Q18691234,dest_Q18691234
dest_Q18691482,dest_Q18691482
dest_Q48723573,dest_Q48723573
dest_Q16888482,dest_Q16888482
dest_Q61313680,dest_Q61313680
dest_Q17213572,dest_Q17213572
dest_Q17217833,dest_Q17217833
dest_Q24870227,dest_Q24870227
dest_Q24873465,dest_Q24873465
dest_Q24886649,dest_Q24886649
dest_Q19894840,dest_Q19894840
dest_Q16532421,dest_Q16532421
dest_Q27968464,dest_Q27968464
dest_Q16977843,dest_Q16977843
dest_Q17561402,dest_Q17561402
dest_Q17050405,dest_Q17050405
dest_Q51128157,dest_Q51128157
dest_Q27960071,dest_Q27960071
dest_Q27968143,dest_Q27968143
dest_Q27968651,dest_Q27968651
dest_Q17515152,dest_Q16888482
dest_Q20109190,dest_Q20109190
dest_Q47496765,dest_Q47496765
dest_Q18691512,dest_Q18691512
dest_Q16769121,dest_Q16769121
dest_Q20502113,dest_Q20502113
dest_Q15410122,dest_Q15410122
dest_Q18209257,dest_Q18209257
dest_Q26763857,dest_Q26763857
dest_Q25492509,dest_Q25492509
dest_Q16880058,dest_Q16880058
dest_Q18191931,dest_Q18191931
dest_Q16827153,dest_Q16827153
dest_Q16843756,dest_Q16843756
dest_Q16939137,dest_Q16939137
dest_Q17214541,dest_Q17214541
dest_Q29025248,dest_Q29025248
dest_Q24863537,dest_Q24863537
dest_Q18660802,dest_Q18660802
dest_Q18662178,dest_Q18662178
dest_Q18682874,dest_Q18682874
dest_Q32904732,dest_Q32904732
dest_Q48749084,dest_Q48749084
dest_Q21326544,dest_Q21326544
dest_Q18908066,dest_Q18908066
dest_Q26742876,dest_Q26742876
dest_Q61727576,dest_Q61727576
dest_Q106417748,dest_Q106417748
dest_Q109007491,dest_Q109007491
dest_Q122969956,dest_Q122969956
dest_Q109973339,dest_Q109973339
dest_Q112794323,dest_Q112794323
dest_Q123966285,dest_Q123966285
dest_Q110313672,dest_Q110313672
dest_Q126456181,dest_Q126456181
dest_Q126456214,dest_Q126456214
dest_Q126456231,dest_Q126456231
dest_Q108166858,dest_Q108166858
dest_Q63952588,dest_Q63952588
dest_Q126519848,dest_Q126519848
dest_Q126519837,dest_Q126519837
dest_Q125422945,dest_Q125422945
dest_Q88106546,dest_Q88106546
dest_Q66124405,dest_Q66124405
dest_Q86727490,dest_Q86727490
dest_Q107141828,dest_Q107141828
dest_Q109647832,dest_Q109647832
dest_Q84025129,dest_Q84025129
dest_Q66108561,dest_Q66108561
dest_Q113665569,dest_Q113665569
dest_Q66996164,dest_Q66996164
dest_Q86727667,dest_Q86727667
dest_Q117273505,dest_Q117273505
dest_Q64518165,dest_Q64518165
dest_Q109597411,dest_Q109597411
dest_Q107862760,dest_Q107862760
dest_Q65229315,dest_Q65229315
dest_Q65246142,dest_Q65246142
dest_Q65280424,dest_Q65280424
dest_Q105374668,dest_Q105374668
dest_Q105375559,dest_Q105375559
dest_Q108789986,dest_Q108789986
dest_Q67433474,dest_Q67433474
dest_Q67436903,dest_Q67436903
dest_Q105097502,dest_Q105097502
dest_Q126285018,dest_Q126285018
dest_Q66125133,dest_Q66125133
dest_Q111731497,dest_Q111731497
dest_Q123966144,dest_Q123966144
dest_Q114593844,dest_Q114593844
dest_Q86726116,dest_Q86726116
dest_Q97378195,dest_Q97378195
dest_Q66087885,dest_Q66087885
dest_Q67438241,dest_Q67438241
dest_Q118799241,dest_Q118799241
dest_Q111981907,dest_Q111981907
dest_Q108770576,dest_Q108770576
dest_Q122382621,dest_Q122382621
dest_Q136160152,dest_Q136160152
dest_Q140041451,dest_Q140041451
dest_Q134316224,dest_Q134316224
dest_Q134316134,dest_Q134316134
dest_Q134580438,dest_Q134580438
dest_Q137440228,dest_Q137440228
dest_Q133271512,dest_Q133271512
dest_Q133871528,dest_Q133871528
dest_Q139596336,dest_Q139596336
dest_Q134316243,dest_Q134316243
dest_Q137884165,dest_Q137884165
dest_Q126595015,dest_Q126595015
dest_Q135409566,dest_Q135409566
dest_Q134316195,dest_Q134316195
dest_Q135894710,dest_Q135894710
dest_Q255915,dest_Q255915
dest_Q428654,dest_Q428654
dest_Q302083,dest_Q302083
dest_Q129030,dest_Q129030
dest_Q19865,dest_Q19865
dest_Q215389,dest_Q215389
dest_Q263689,dest_Q263689
dest_Q78967,dest_Q78967
dest_Q1542,dest_Q1542
dest_Q101081,dest_Q101081
dest_Q392459,dest_Q392459
dest_Q207989,dest_Q207989
dest_Q166919,dest_Q166919
dest_Q385219,dest_Q385219
dest_Q448096,dest_Q448096
dest_Q366079,dest_Q366079
dest_Q19870,dest_Q19870
dest_Q428504,dest_Q428504
dest_Q274536,dest_Q274536
dest_Q249123,dest_Q249123
dest_Q81734,dest_Q81734
dest_Q160570,dest_Q160570
dest_Q219888,dest_Q219888
dest_Q19868,dest_Q19868
dest_Q94852,dest_Q94852
dest_Q176925,dest_Q176925
dest_Q898164,dest_Q898164
dest_Q727571,dest_Q727571
dest_Q1157591,dest_Q1157591
dest_Q1120630,dest_Q1120630
dest_Q1136387,dest_Q1136387
dest_Q472032,dest_Q472032
dest_Q1196055,dest_Q1196055
dest_Q745303,dest_Q745303
dest_Q899298,dest_Q899298
dest_Q1434689,dest_Q1434689
dest_Q757169,dest_Q757169
dest_Q852467,dest_Q852467
dest_Q1248224,dest_Q1248224
dest_Q579075,dest_Q579075
dest_Q549991,dest_Q549991
dest_Q850620,dest_Q850620
dest_Q1218390,dest_Q1218390
dest_Q1674515,dest_Q1674515
dest_Q805727,dest_Q805727
dest_Q815470,dest_Q815470
dest_Q1146636,dest_Q1146636
dest_Q1025312,dest_Q1025312
dest_Q1657176,dest_Q1657176
dest_Q695111,dest_Q695111
dest_Q1356798,dest_Q1356798
dest_Q525358,dest_Q525358
dest_Q1051664,dest_Q1051664
dest_Q1242205,dest_Q1242205
dest_Q782189,dest_Q782189
dest_Q735038,dest_Q735038
dest_Q1139769,dest_Q1139769
dest_Q1127320,dest_Q1127320
dest_Q1192701,dest_Q1192701
dest_Q1294629,dest_Q1294629
dest_Q1348342,dest_Q1348342
dest_Q954684,dest_Q954684
dest_Q641203,dest_Q641203
dest_Q640052,dest_Q640052
dest_Q1248675,dest_Q1248675
dest_Q1385861,dest_Q1385861
dest_Q807310,dest_Q807310
dest_Q869650,dest_Q869650
dest_Q779478,dest_Q779478
dest_Q465159,dest_Q465159
dest_Q1237299,dest_Q1237299
dest_Q3010655,dest_Q3010655
dest_Q1468519,dest_Q1468519
dest_Q1895719,dest_Q1895719
dest_Q2250397,dest_Q207989
dest_Q2327426,dest_Q2327426
dest_Q2991603,dest_Q2991603
dest_Q2961631,dest_Q2961631
dest_Q3010686,dest_Q3010686
dest_Q1514777,dest_Q1514777
dest_Q1778792,dest_Q1778792
dest_Q2972682,dest_Q2972682
dest_Q2472096,dest_Q2472096
dest_Q1858387,dest_Q1858387
dest_Q2509274,dest_Q2509274
dest_Q1517539,dest_Q1517539
dest_Q2404707,dest_Q2404707
dest_Q2725942,dest_Q2725942
dest_Q3053797,dest_Q3053797
dest_Q2840479,dest_Q2840479
dest_Q1976353,dest_Q1976353
dest_Q2037046,dest_Q2037046
dest_Q2891935,dest_Q2891935
dest_Q1515140,dest_Q1515140
dest_Q2619487,dest_Q2619487
dest_Q3036256,dest_Q3036256
dest_Q1515881,dest_Q1515881
dest_Q2155654,dest_Q2155654
dest_Q2862333,dest_Q2862333
dest_Q2535199,dest_Q2535199
dest_Q2118709,dest_Q2118709
dest_Q2843599,dest_Q2843599
dest_Q2863588,dest_Q2863588
dest_Q2887312,dest_Q2887312
dest_Q2979600,dest_Q2979600
dest_Q2998376,dest_Q2998376
dest_Q2932280,dest_Q2932280
dest_Q3006264,dest_Q3006264
dest_Q2947756,dest_Q2947756
dest_Q3058921,dest_Q3058921
dest_Q2712111,dest_Q2712111
dest_Q2955921,dest_Q2955921
dest_Q1759388,dest_Q1759388
dest_Q2839424,dest_Q2839424
dest_Q2264828,dest_Q2264828
dest_Q2860786,dest_Q2860786
dest_Q2887563,dest_Q2887563
dest_Q3695332,dest_Q3695332
dest_Q3542238,dest_Q3542238
dest_Q3753325,dest_Q3753325
dest_Q3114587,dest_Q3114587
dest_Q3503430,dest_Q3503430
dest_Q3390965,dest_Q3390965
dest_Q3498300,dest_Q3498300
dest_Q3828220,dest_Q3828220
dest_Q3297403,dest_Q3297403
dest_Q3846790,dest_Q3846790
dest_Q3760849,dest_Q3760849
dest_Q3373671,dest_Q3373671
dest_Q3553997,dest_Q3553997
dest_Q3111001,dest_Q3111001
dest_Q3114590,dest_Q3114590
dest_Q3182927,dest_Q3182927
dest_Q3684243,dest_Q3684243
dest_Q3311975,dest_Q3311975
dest_Q3373363,dest_Q3373363
dest_Q3636057,dest_Q3636057
dest_Q3433553,dest_Q3433553
dest_Q3503195,dest_Q3503195
dest_Q3518830,dest_Q3518830
dest_Q3162711,dest_Q3162711
dest_Q3650075,dest_Q3650075
dest_Q3373636,dest_Q3373636
dest_Q3473727,dest_Q3473727
dest_Q3621333,dest_Q3621333
dest_Q3433589,dest_Q3433589
dest_Q3516659,dest_Q3516659
dest_Q3555780,dest_Q3555780
dest_Q3676537,dest_Q3676537
dest_Q3679669,dest_Q3679669
dest_Q3609791,dest_Q3609791
dest_Q3636022,dest_Q3636020
dest_Q3636020,dest_Q3636020
dest_Q3636024,dest_Q3636020
dest_Q3636058,dest_Q3636057
dest_Q3667451,dest_Q3667451
dest_Q3667448,dest_Q3667448
dest_Q3667449,dest_Q3667448
dest_Q3683230,dest_Q3683230
dest_Q3846791,dest_Q3846791
dest_Q3846797,dest_Q3846791
dest_Q3538697,dest_Q3538697
dest_Q3154509,dest_Q3154509
dest_Q3485435,dest_Q3485435
dest_Q14210502,dest_Q14210502
dest_Q4008233,dest_Q4008233
dest_Q11945481,dest_Q11945481
dest_Q12297272,dest_Q12297272
dest_Q11954930,dest_Q11954930
dest_Q5953584,dest_Q5953584
dest_Q14201393,dest_Q14201393
dest_Q14209629,dest_Q14209629
dest_Q14210459,dest_Q14210459
dest_Q4008121,dest_Q4008121
dest_Q14201362,dest_Q14201362
dest_Q6919259,dest_Q6919259
dest_Q5691620,dest_Q5691620
dest_Q5701594,dest_Q5701594
dest_Q3902082,dest_Q3902082
dest_Q3861072,dest_Q3861072
dest_Q3875933,dest_Q3875933
dest_Q7295173,dest_Q7295173
dest_Q3879073,dest_Q3879073
dest_Q3881967,dest_Q3881967
dest_Q7570085,dest_Q7570085
dest_Q6961307,dest_Q6961307
dest_Q5061281,dest_Q5061281
dest_Q12259369,dest_Q12259369
dest_Q4345530,dest_Q4345530
dest_Q4007417,dest_Q4007417
dest_Q3960080,dest_Q3960080
dest_Q7987095,dest_Q7987095
dest_Q3984535,dest_Q3984535
dest_Q12883264,dest_Q12883264
dest_Q5317255,dest_Q5317255
dest_Q8079032,dest_Q8079032
dest_Q12898802,dest_Q12898802
dest_Q5501709,dest_Q5501709
dest_Q3998242,dest_Q3998242
dest_Q14205653,dest_Q14205653
dest_Q14204002,dest_Q14204002
dest_Q14205695,dest_Q14205695
dest_Q7570043,dest_Q7570043
dest_Q3927393,dest_Q3927393
dest_Q14205122,dest_Q14205122
dest_Q12804034,dest_Q12804034
dest_Q4008090,dest_Q4008090
dest_Q4008344,dest_Q4008344
dest_Q4009596,dest_Q4009596
dest_Q12948468,dest_Q12948468
dest_Q5686841,dest_Q5686841
dest_Q16331723,dest_Q16331723
dest_Q15645931,dest_Q15645931
dest_Q16422971,dest_Q16422971
dest_Q16428331,dest_Q16428331
dest_Q16887527,dest_Q16887527
dest_Q15646206,dest_Q15646206
dest_Q16984904,dest_Q16984904
dest_Q14237804,dest_Q14237804
dest_Q14212101,dest_Q14212101
dest_Q14211932,dest_Q14211932
dest_Q19702550,dest_Q19702550
dest_Q17102377,dest_Q17102377
dest_Q19543318,dest_Q19543318
dest_Q17154395,dest_Q17154395
dest_Q14234718,dest_Q14234718
dest_Q16428905,dest_Q16428905
dest_Q19945215,dest_Q19945215
dest_Q14234720,dest_Q14234720
dest_Q15645930,dest_Q15645930
dest_Q15646201,dest_Q15646201
dest_Q15646244,dest_Q15646244
dest_Q16589985,dest_Q16589985
dest_Q14227419,dest_Q14227419
dest_Q15643535,dest_Q15643535
dest_Q14211560,dest_Q14211560
dest_Q14228174,dest_Q14228174
dest_Q16429147,dest_Q16429147
dest_Q16360606,dest_Q16360606
dest_Q16427666,dest_Q16427666
dest_Q15506124,dest_Q15506124
dest_Q16426711,dest_Q16426711
dest_Q16421601,dest_Q16421601
dest_Q16419738,dest_Q16419738
dest_Q16422848,dest_Q16422848
dest_Q16424267,dest_Q16424267
dest_Q16426201,dest_Q16426201
dest_Q16427905,dest_Q16427905
dest_Q16429965,dest_Q16429965
dest_Q16424276,dest_Q16424276
dest_Q25581494,dest_Q25581494
dest_Q16428158,dest_Q16428158
dest_Q14218434,dest_Q14218434
dest_Q14231296,dest_Q14231296
dest_Q16423016,dest_Q16423016
dest_Q16430202,dest_Q16430202
dest_Q16429649,dest_Q16429649
dest_Q18763676,dest_Q18763676
dest_Q14491858,dest_Q14491858
dest_Q14492042,dest_Q14492042
dest_Q16419923,dest_Q16419923
dest_Q97259163,dest_Q97259163
dest_Q64541683,dest_Q22665719
dest_Q61629005,dest_Q61629005
dest_Q29968332,dest_Q29968332
dest_Q21934669,dest_Q21934669
dest_Q64831173,dest_Q64831173
dest_Q96385541,dest_Q96385541
dest_Q90772327,dest_Q90772327
dest_Q56681777,dest_Q56681777
dest_Q56681795,dest_Q56681795
dest_Q21076334,dest_Q21076334
dest_Q30740297,dest_Q30740297
dest_Q27861280,dest_Q27861280
dest_Q97791766,dest_Q97791766
dest_Q49327439,dest_Q49327439
dest_Q47011239,dest_Q47011239
dest_Q64399661,dest_Q64399660
dest_Q97724724,dest_Q97724724
dest_Q58941796,dest_Q58941796
dest_Q86964518,dest_Q86964518
dest_Q86964788,dest_Q86964788
dest_Q86964934,dest_Q86964934
dest_Q86968862,dest_Q86968862
dest_Q86969030,dest_Q86969030
dest_Q86969154,dest_Q86969154
dest_Q86969296,dest_Q86969296
dest_Q86969440,dest_Q86969440
dest_Q86976485,dest_Q86976485
dest_Q86997150,dest_Q86997150
dest_Q86999158,dest_Q86999158
dest_Q86999325,dest_Q86999325
dest_Q64833797,dest_Q64833797
dest_Q30880690,dest_Q30880690
dest_Q20198110,dest_Q20198110
dest_Q20198112,dest_Q20198110
dest_Q25599859,dest_Q25599859
dest_Q31066439,dest_Q31066439
dest_Q99237359,dest_Q99237359
dest_Q28530580,dest_Q28530580
dest_Q87831143,dest_Q87831143
dest_Q56681770,dest_Q56681770
dest_Q56681829,dest_Q56681829
dest_Q56681832,dest_Q56681829
dest_Q22665719,dest_Q22665719
dest_Q87824871,dest_Q87824871
dest_Q21192629,dest_Q21192629
dest_Q21234306,dest_Q21234306
dest_Q61629276,dest_Q61629276
dest_Q28921011,dest_Q28921011
dest_Q30742681,dest_Q30742681
dest_Q21828519,dest_Q21828519
dest_Q64399660,dest_Q64399660
dest_Q87818372,dest_Q87818372
dest_Q75998040,dest_Q75998040
dest_Q105037359,dest_Q105037359
dest_Q105055473,dest_Q105037359
dest_Q109315213,dest_Q109315213
dest_Q104887335,dest_Q104887335
dest_Q109042588,dest_Q109019209
dest_Q111209832,dest_Q111207757
dest_Q109043177,dest_Q109019209
dest_Q109019209,dest_Q109019209
dest_Q112912437,dest_Q112912437
dest_Q102173191,dest_Q102173191
dest_Q108493449,dest_Q108493449
dest_Q109312598,dest_Q109312598
dest_Q109315337,dest_Q109315337
dest_Q104998232,dest_Q104998232
dest_Q108564999,dest_Q108564999
dest_Q111208222,dest_Q111207757
dest_Q109653972,dest_Q109653972
dest_Q109046321,dest_Q109019209
dest_Q109016665,dest_Q109016665
dest_Q104884509,dest_Q104884509
dest_Q111208221,dest_Q111207757
dest_Q104920238,dest_Q104920238
dest_Q109046982,dest_Q109019209
dest_Q109044096,dest_Q109044096
dest_Q103135288,dest_Q103135288
dest_Q105271642,dest_Q105271642
dest_Q108569812,dest_Q108569812
dest_Q109315374,dest_Q109315374
dest_Q105037601,dest_Q105037601
dest_Q115802985,dest_Q115802985
dest_Q109046332,dest_Q109019209
dest_Q109046322,dest_Q109019209
dest_Q111209829,dest_Q111207757
dest_Q109316123,dest_Q109316123
dest_Q115045804,dest_Q115045804
dest_Q110577299,dest_Q110577299
dest_Q105500239,dest_Q105500239
dest_Q109044305,dest_Q109019209
dest_Q104912006,dest_Q104912006
dest_Q111207758,dest_Q111207757
dest_Q74893589,dest_Q74893589
dest_Q111212093,dest_Q111207757
dest_Q111207757,dest_Q111207757
dest_Q109046316,dest_Q109019209
dest_Q65243949,dest_Q65243949
dest_Q109046329,dest_Q109019209
dest_Q134171423,dest_Q134171423
dest_Q128795870,dest_Q128795870
dest_Q131934883,dest_Q131934883
dest_Q125743790,dest_Q125743790
dest_Q140131169,dest_Q140131169
dest_Q116940517,dest_Q116940517
dest_Q132776102,dest_Q132776102
dest_Q130305692,dest_Q130305692
dest_Q133854141,dest_Q133854141
dest_Q133854138,dest_Q133854138
dest_Q133854137,dest_Q133854137
dest_Q125978661,dest_Q125978661
dest_Q134588996,dest_Q134588996
dest_Q131743506,dest_Q131743506
dest_Q126708978,dest_Q126708978
dest_Q126709001,dest_Q126709001
dest_Q126709007,dest_Q126709004
dest_Q126709004,dest_Q126709004
dest_Q126709008,dest_Q126709004
dest_Q126709015,dest_Q126709004
dest_Q126709012,dest_Q126709004
dest_Q126709018,dest_Q126709004
dest_Q126709023,dest_Q126709004
dest_Q126709527,dest_Q126709527
dest_Q126720548,dest_Q126720548
dest_Q126720555,dest_Q126720555
dest_Q126720568,dest_Q126720548
dest_Q126722797,dest_Q126722797
dest_Q126727823,dest_Q126727823
dest_Q134483346,dest_Q134483346
dest_Q125811988,dest_Q125811988
dest_Q131466565,dest_Q131466565
dest_Q138357056,dest_Q138357056
dest_Q131720586,dest_Q131720586
dest_Q125852140,dest_Q125743790
dest_Q125872667,dest_Q125743790
dest_Q125852185,dest_Q125743790
dest_Q121027038,dest_Q121027038
dest_Q125851737,dest_Q125743790
dest_Q125905000,dest_Q125905000
dest_Q125903769,dest_Q125903769
dest_Q136981729,dest_Q136981729
dest_Q125959932,dest_Q125959932
dest_Q125565686,dest_Q125565686
dest_Q140131034,dest_Q140131034
dest_Q125896146,dest_Q125743790
dest_Q125851807,dest_Q125743790
dest_Q126903451,dest_Q126903451
dest_Q124948635,dest_Q124948635
dest_Q875134,dest_Q875134
dest_Q1158213,dest_Q1158213
dest_Q604496,dest_Q604496
dest_Q1232392,dest_Q1232392
dest_Q190350,dest_Q190350
dest_Q222043,dest_Q137766173
dest_Q821626,dest_Q821626
dest_Q644111,dest_Q644111
dest_Q1310929,dest_Q1310929
dest_Q1634214,dest_Q1634214
dest_Q209010,dest_Q209010
dest_Q705075,dest_Q705075
dest_Q1191996,dest_Q1191996
dest_Q27329,dest_Q27329
dest_Q1921255,dest_Q1921255
dest_Q487127,dest_Q487127
dest_Q1440091,dest_Q1440091
dest_Q1156427,dest_Q1156427
dest_Q1136318,dest_Q1136318
dest_Q37736,dest_Q37736
dest_Q5428,dest_Q5428
dest_Q809806,dest_Q809806
dest_Q808315,dest_Q808315
dest_Q588279,dest_Q588279
dest_Q598570,dest_Q598570
dest_Q4736797,dest_Q4736797
dest_Q3139098,dest_Q3139098
dest_Q1757791,dest_Q1757791
dest_Q3041236,dest_Q3041236
dest_Q4228740,dest_Q4228740
dest_Q2364623,dest_Q2364623
dest_Q3875368,dest_Q3875368
dest_Q1720063,dest_Q1720063
dest_Q1998944,dest_Q1998944
dest_Q4188483,dest_Q4188483
dest_Q2658965,dest_Q2658965
dest_Q5535232,dest_Q5535232
dest_Q1953931,dest_Q1953931
dest_Q2103436,dest_Q2103436
dest_Q4438724,dest_Q4438724
dest_Q3441757,dest_Q3441757
dest_Q4087548,dest_Q4087548
dest_Q4318821,dest_Q4318821
dest_Q3493788,dest_Q3493788
dest_Q3846812,dest_Q3846812
dest_Q4504093,dest_Q4504093
dest_Q3626741,dest_Q3626741
dest_Q4325659,dest_Q4325659
dest_Q4442156,dest_Q4442156
dest_Q6435875,dest_Q6435875
dest_Q4301256,dest_Q4301256
dest_Q4533911,dest_Q4533911
dest_Q2993117,dest_Q2993117
dest_Q1606114,dest_Q1606114
dest_Q3653378,dest_Q3653378
dest_Q2291884,dest_Q2291884
dest_Q4088115,dest_Q4088115
dest_Q1774112,dest_Q1774112
dest_Q5675054,dest_Q5675054
dest_Q4335405,dest_Q4335405
dest_Q2604025,dest_Q2604025
dest_Q1817282,dest_Q1817282
dest_Q3409884,dest_Q3409884
dest_Q1762154,dest_Q1762154
dest_Q11853486,dest_Q11853486
dest_Q14204022,dest_Q14204022
dest_Q7403039,dest_Q7403039
dest_Q14210926,dest_Q14210926
dest_Q14819418,dest_Q14819418
dest_Q11973034,dest_Q11973034
dest_Q10261201,dest_Q10261201
dest_Q13190620,dest_Q13190620
dest_Q11819933,dest_Q11819933
dest_Q10555398,dest_Q10555398
dest_Q14201670,dest_Q14201670
dest_Q14202648,dest_Q14202648
dest_Q14202729,dest_Q14202729
dest_Q14202787,dest_Q14202787
dest_Q14202791,dest_Q14202729
dest_Q14203399,dest_Q14203399
dest_Q14206152,dest_Q14206152
dest_Q14206153,dest_Q14206152
dest_Q14206164,dest_Q14206164
dest_Q14207143,dest_Q14207143
dest_Q14207436,dest_Q14207143
dest_Q14208086,dest_Q14208086
dest_Q14208144,dest_Q14208144
dest_Q14208750,dest_Q14208750
dest_Q14208949,dest_Q14208949
dest_Q14209985,dest_Q14209985
dest_Q14210031,dest_Q14210031
dest_Q6841227,dest_Q6841227
dest_Q14207877,dest_Q14207877
dest_Q7057506,dest_Q7057506
dest_Q9652822,dest_Q9652822
dest_Q14203684,dest_Q14203684
dest_Q14207744,dest_Q14207744
dest_Q7058792,dest_Q7058792
dest_Q14210211,dest_Q14210211
dest_Q14225442,dest_Q14225442
dest_Q14208839,dest_Q14208839
dest_Q14208468,dest_Q14208468
dest_Q10315567,dest_Q10315567
dest_Q11949693,dest_Q11949693
dest_Q14204197,dest_Q14204197
dest_Q11899944,dest_Q11899944
dest_Q14223153,dest_Q14223153
dest_Q7600666,dest_Q7600666
dest_Q14206447,dest_Q14206447
dest_Q137674664,dest_Q137674664
dest_Q137766173,dest_Q137766173
dest_Q137530367,dest_Q137530367
dest_Q47227546,dest_Q47227546
dest_Q14231683,dest_Q14231683
dest_Q65169054,dest_Q65169054
dest_Q130355189,dest_Q130355189
dest_Q106546141,dest_Q106546141
dest_Q100150008,dest_Q100150008
dest_Q24459611,dest_Q24459611
dest_Q27614207,dest_Q27614207
dest_Q29942207,dest_Q29942207
dest_Q17147759,dest_Q17147759
dest_Q15054934,dest_Q15054934
dest_Q106819844,dest_Q106819844
dest_Q14227451,dest_Q14227451
dest_Q20379500,dest_Q20379500
dest_Q14324291,dest_Q14324291
dest_Q85165725,dest_Q85165725
dest_Q64761112,dest_Q64761112
dest_Q117066280,dest_Q117066280
dest_Q16965991,dest_Q16965991
dest_Q107482133,dest_Q107482133
dest_Q14294808,dest_Q14294808
dest_Q113645368,dest_Q113645368
dest_Q109771517,dest_Q109771517
dest_Q84570820,dest_Q84570820
dest_Q115321748,dest_Q115321748
dest_Q105395806,dest_Q105395806
dest_Q14234624,dest_Q14234624
dest_Q25422445,dest_Q25422445
dest_Q14231690,dest_Q14231690
dest_Q130154753,dest_Q130154753
dest_Q16711968,dest_Q16711968
dest_Q101421675,dest_Q101421675
dest_Q64761221,dest_Q64761221
dest_Q14227398,dest_Q14227398
dest_Q14227450,dest_Q14227450
dest_Q14234805,dest_Q14234624
dest_Q14237860,dest_Q14237860
dest_Q100969266,dest_Q100969266
dest_Q14294968,dest_Q14294968
dest_Q14323356,dest_Q14323356
dest_Q14234748,dest_Q14234748
dest_Q118646205,dest_Q118646205
dest_Q14468603,dest_Q14468603
dest_Q23942303,dest_Q23942303
dest_Q37403089,dest_Q37403089
dest_Q805804,dest_Q805804
dest_Q284027,dest_Q284027
dest_Q761365,dest_Q761365
dest_Q189923,dest_Q189923
dest_Q814951,dest_Q814951
dest_Q427621,dest_Q427621
dest_Q140480,dest_Q140480
dest_Q190277,dest_Q190277
dest_Q47187,dest_Q47187
dest_Q147804,dest_Q147804
dest_Q190217,dest_Q190217
dest_Q197694,dest_Q197694
dest_Q19188,dest_Q19188
dest_Q797491,dest_Q797491
dest_Q315595,dest_Q315595
dest_Q750964,dest_Q750964
dest_Q17252,dest_Q17252
dest_Q192435,dest_Q192435
dest_Q815834,dest_Q815834
dest_Q11390,dest_Q11390
dest_Q262269,dest_Q262269
dest_Q34709,dest_Q34709
dest_Q713015,dest_Q713015
dest_Q692895,dest_Q692895
dest_Q2276348,dest_Q2276348
dest_Q909566,dest_Q909566
dest_Q1981096,dest_Q1981096
dest_Q894657,dest_Q894657
dest_Q844514,dest_Q844514
dest_Q1705697,dest_Q1705697
dest_Q621143,dest_Q621143
dest_Q1936648,dest_Q1936648
dest_Q672344,dest_Q11821199
dest_Q2342282,dest_Q2342282
dest_Q1656621,dest_Q1656621
dest_Q904369,dest_Q904369
dest_Q1889680,dest_Q1889680
dest_Q714871,dest_Q714871
dest_Q856427,dest_Q856427
dest_Q1672042,dest_Q1672042
dest_Q677164,dest_Q677164
dest_Q1617728,dest_Q1617728
dest_Q986372,dest_Q986372
dest_Q1428329,dest_Q1428329
dest_Q2122026,dest_Q2122026
dest_Q596660,dest_Q3242386
dest_Q1144869,dest_Q1144869
dest_Q708640,dest_Q708640
dest_Q691017,dest_Q691017
dest_Q1688903,dest_Q1688903
dest_Q1062525,dest_Q1062525
dest_Q1519429,dest_Q1519429
dest_Q2266713,dest_Q2266713
dest_Q982744,dest_Q982744
dest_Q1937196,dest_Q1937196
dest_Q1367898,dest_Q1367898
dest_Q9325679,dest_Q9325562
dest_Q7457795,dest_Q7457795
dest_Q9325681,dest_Q9325562
dest_Q9325690,dest_Q9325562
dest_Q9325693,dest_Q9325562
dest_Q9325705,dest_Q9325700
dest_Q4843221,dest_Q4843221
dest_Q3956637,dest_Q3956637
dest_Q6760824,dest_Q6760824
dest_Q9325716,dest_Q9325716
dest_Q5328102,dest_Q5328102
dest_Q4420354,dest_Q4420354
dest_Q4178310,dest_Q4178310
dest_Q9325683,dest_Q9325562
dest_Q7262427,dest_Q19188
dest_Q7223981,dest_Q7223981
dest_Q9325700,dest_Q9325700
dest_Q4860153,dest_Q4860153
dest_Q5952937,dest_Q5952937
dest_Q2710356,dest_Q2710356
dest_Q5924160,dest_Q5924160
dest_Q4584036,dest_Q4584036
dest_Q5102539,dest_Q5102539
dest_Q3237520,dest_Q3237520
dest_Q2607319,dest_Q2607319
dest_Q3249897,dest_Q3249897
dest_Q9325687,dest_Q9325687
dest_Q9325691,dest_Q9325691
dest_Q3736104,dest_Q3736104
dest_Q6813230,dest_Q6813230
dest_Q5528997,dest_Q5528997
dest_Q6353199,dest_Q6353199
dest_Q7208548,dest_Q7208548
dest_Q3972511,dest_Q3242386
dest_Q5519516,dest_Q5519516
dest_Q7125386,dest_Q7125386
dest_Q6124985,dest_Q6124985
dest_Q3242386,dest_Q3242386
dest_Q7292862,dest_Q7292862
dest_Q9325692,dest_Q9325692
dest_Q9325704,dest_Q9325704
dest_Q5329089,dest_Q5329089
dest_Q5617869,dest_Q5617869
dest_Q3249906,dest_Q3249897
dest_Q9180574,dest_Q9180574
dest_Q9208731,dest_Q9208731
dest_Q9208758,dest_Q9208758
dest_Q9208793,dest_Q9208731
dest_Q9208903,dest_Q9208731
dest_Q9208963,dest_Q9208731
dest_Q9265887,dest_Q9265885
dest_Q9265885,dest_Q9265885
dest_Q9380200,dest_Q9380200
dest_Q9273996,dest_Q9273996
dest_Q9325562,dest_Q9325562
dest_Q9325568,dest_Q9325562
dest_Q9380198,dest_Q9380179
dest_Q9380197,dest_Q9380179
dest_Q9380201,dest_Q9380201
dest_Q9380959,dest_Q9380179
dest_Q9380961,dest_Q9380961
dest_Q9380989,dest_Q9380179
dest_Q9380993,dest_Q9380179
dest_Q9380998,dest_Q9380179
dest_Q9381001,dest_Q9381001
dest_Q9381007,dest_Q9381001
dest_Q9381009,dest_Q9381001
dest_Q9381026,dest_Q9381001
dest_Q9381029,dest_Q9381001
dest_Q9381138,dest_Q9381134
dest_Q11134712,dest_Q11134712
dest_Q7985658,dest_Q7985658
dest_Q11198548,dest_Q11198548
dest_Q9380944,dest_Q9380944
dest_Q9381036,dest_Q9381036
dest_Q9385954,dest_Q9385954
dest_Q7853685,dest_Q7853685
dest_Q7709921,dest_Q7709921
dest_Q9208761,dest_Q9208761
dest_Q9208795,dest_Q9208795
dest_Q9283857,dest_Q9283857
dest_Q9380964,dest_Q9380964
dest_Q9381134,dest_Q9381134
dest_Q9169576,dest_Q9169576
dest_Q9261334,dest_Q9261334
dest_Q9386822,dest_Q9386822
dest_Q9380950,dest_Q9380950
dest_Q9380940,dest_Q9380940
dest_Q9380966,dest_Q9380966
dest_Q9384010,dest_Q14214549
dest_Q9381005,dest_Q9381001
dest_Q9265893,dest_Q9265893
dest_Q9380193,dest_Q9380193
dest_Q9208766,dest_Q9208766
dest_Q9325591,dest_Q9325591
dest_Q9381025,dest_Q9381025
dest_Q9380188,dest_Q9380188
dest_Q11061930,dest_Q11061930
dest_Q11794957,dest_Q11794957
dest_Q11813324,dest_Q11813324
dest_Q11821133,dest_Q11821133
dest_Q10872824,dest_Q10872824
dest_Q11747715,dest_Q11747715
dest_Q11784847,dest_Q11784847
dest_Q9325729,dest_Q9325562
dest_Q11794945,dest_Q11794945
dest_Q9371690,dest_Q9371690
dest_Q9379959,dest_Q9379959
dest_Q9380166,dest_Q9380160
dest_Q9380179,dest_Q9380179
dest_Q9380183,dest_Q9380179
dest_Q9393885,dest_Q9393885
dest_Q9397640,dest_Q3736104
dest_Q10267021,dest_Q10267021
dest_Q11783931,dest_Q11783931
dest_Q11821132,dest_Q11821132
dest_Q11802199,dest_Q11802199
dest_Q10946323,dest_Q10946323
dest_Q11744382,dest_Q11744342
dest_Q9325730,dest_Q9325730
dest_Q11794942,dest_Q11794942
dest_Q10913840,dest_Q10913840
dest_Q9325724,dest_Q9325724
dest_Q11771202,dest_Q11771202
dest_Q9325738,dest_Q9325738
dest_Q9397834,dest_Q9397834
dest_Q9380182,dest_Q9380182
dest_Q11744378,dest_Q11744342
dest_Q11744379,dest_Q11744342
dest_Q11771189,dest_Q11771189
dest_Q11771195,dest_Q11771189
dest_Q11771193,dest_Q11771189
dest_Q10773634,dest_Q10773634
dest_Q11792468,dest_Q11792468
dest_Q11794939,dest_Q11794939
dest_Q11794946,dest_Q11794942
dest_Q11819934,dest_Q11819934
dest_Q11819936,dest_Q11819934
dest_Q11820349,dest_Q11820349
dest_Q11821112,dest_Q11821112
dest_Q11821127,dest_Q11821112
dest_Q11821201,dest_Q11821201
dest_Q11821205,dest_Q11821205
dest_Q9325727,dest_Q9325727
dest_Q9325728,dest_Q9325728
dest_Q9380160,dest_Q9380160
dest_Q11744375,dest_Q11744375
dest_Q11820722,dest_Q11820722
dest_Q11821199,dest_Q11821199
dest_Q11821202,dest_Q11821202
dest_Q11821203,dest_Q11821203
dest_Q11821206,dest_Q11821206
dest_Q11821208,dest_Q11821208
dest_Q11821134,dest_Q11821134
dest_Q11821209,dest_Q11821209
dest_Q11813347,dest_Q11813324
dest_Q11707894,dest_Q11707894
dest_Q14234730,dest_Q14234730
dest_Q14210475,dest_Q14210475
dest_Q14214549,dest_Q14214549
dest_Q11826560,dest_Q11826560
dest_Q14223185,dest_Q14223185
dest_Q11699367,dest_Q11699367
dest_Q11831937,dest_Q11831937
dest_Q14221818,dest_Q14221818
dest_Q14214566,dest_Q14214566
dest_Q14210654,dest_Q14210654
dest_Q14234647,dest_Q14234647
dest_Q14210578,dest_Q14210578
dest_Q11907528,dest_Q11907528
dest_Q14226882,dest_Q14226882
dest_Q14214486,dest_Q14214486
dest_Q11821221,dest_Q11821201
dest_Q14211934,dest_Q14211934
dest_Q11744342,dest_Q11744342
dest_Q11744345,dest_Q11744342
dest_Q11744364,dest_Q11744342
dest_Q11744370,dest_Q11744342
dest_Q14218253,dest_Q14218253
dest_Q11694535,dest_Q11694535
dest_Q11821224,dest_Q11821201
dest_Q11821234,dest_Q11821201
dest_Q11826171,dest_Q11826171
dest_Q11826559,dest_Q11826559
dest_Q11832508,dest_Q11832508
dest_Q11838125,dest_Q11838125
dest_Q11823823,dest_Q11823823
dest_Q14208417,dest_Q14208417
dest_Q14214077,dest_Q14214077
dest_Q14214540,dest_Q14214540
dest_Q14214579,dest_Q14214579
dest_Q14214544,dest_Q14214544
dest_Q14214615,dest_Q14214615
dest_Q14216206,dest_Q14216206
dest_Q14224926,dest_Q14224926
dest_Q11821228,dest_Q11821228
dest_Q11694518,dest_Q11694518
dest_Q14210533,dest_Q14210533
dest_Q13185406,dest_Q13185406
dest_Q14232341,dest_Q14232341
dest_Q11702689,dest_Q11702689
dest_Q11688743,dest_Q11688743
dest_Q11821220,dest_Q11821220
dest_Q11821222,dest_Q11821222
dest_Q11821227,dest_Q11821227
dest_Q11821233,dest_Q11821233
dest_Q11823740,dest_Q11823740
dest_Q11825915,dest_Q11825915
dest_Q11832511,dest_Q11832511
dest_Q55731407,dest_Q55731407
dest_Q14925004,dest_Q14925004
dest_Q31909648,dest_Q31909648
dest_Q83707802,dest_Q83707802
dest_Q14913958,dest_Q14913958
dest_Q17039945,dest_Q17039945
dest_Q30326153,dest_Q30326153
dest_Q17064929,dest_Q17064929
dest_Q22101840,dest_Q22101840
dest_Q14928163,dest_Q14928163
dest_Q24834652,dest_Q24834652
dest_Q66133345,dest_Q66133345
dest_Q66133352,dest_Q66133352
dest_Q66134867,dest_Q66134867
dest_Q18200560,dest_Q18200560
dest_Q66133514,dest_Q66133514
dest_Q14227570,dest_Q14227570
dest_Q28182522,dest_Q28182522
dest_Q28151522,dest_Q28151522
dest_Q62556769,dest_Q62556769
dest_Q60855532,dest_Q60855532
dest_Q18210875,dest_Q18210875
dest_Q17113866,dest_Q17113866
dest_Q20493318,dest_Q20493318
dest_Q56327331,dest_Q56327331
dest_Q56327677,dest_Q56327677
dest_Q56327892,dest_Q56327892
dest_Q56327925,dest_Q56327892
dest_Q56339018,dest_Q56339018
dest_Q14968652,dest_Q14968652
dest_Q14925138,dest_Q14925138
dest_Q44264632,dest_Q44264632
dest_Q14928169,dest_Q14928169
dest_Q14475808,dest_Q14475808
dest_Q24841757,dest_Q24841757
dest_Q21092618,dest_Q21092618
dest_Q20892024,dest_Q20892024
dest_Q14227435,dest_Q14227435
dest_Q16056721,dest_Q16056721
dest_Q14913943,dest_Q14913943
dest_Q14928167,dest_Q14928167
dest_Q14227122,dest_Q14227122
dest_Q16833429,dest_Q16833429
dest_Q28739337,dest_Q28739337
dest_Q14227372,dest_Q14227372
dest_Q16631974,dest_Q16631974
dest_Q89460534,dest_Q89460534
dest_Q89460545,dest_Q89460534
dest_Q134179129,dest_Q134179129
dest_Q114797168,dest_Q114797168
dest_Q116601651,dest_Q116601651
dest_Q116198035,dest_Q116198035
dest_Q134621903,dest_Q134621903
dest_Q110097635,dest_Q110097635
dest_Q130236838,dest_Q130236838
dest_Q113012678,dest_Q113012678
dest_Q93043307,dest_Q93043307
dest_Q126456111,dest_Q126456111
dest_Q126521425,dest_Q126521425
dest_Q107050503,dest_Q107050503
dest_Q107050709,dest_Q107050709
dest_Q85867211,dest_Q85867211
dest_Q127163442,dest_Q127163442
dest_Q131139908,dest_Q131139908
dest_Q104852342,dest_Q104852342
dest_Q105110743,dest_Q105110743
dest_Q97254170,dest_Q97254170
dest_Q136514596,dest_Q136514596
dest_Q131418590,dest_Q131418590
dest_Q111607686,dest_Q111607686
dest_Q113085792,dest_Q113085792
dest_Q124333896,dest_Q124333896
dest_Q124382148,dest_Q124382148
dest_Q124382124,dest_Q124382124
dest_Q110484002,dest_Q110484002
dest_Q111954605,dest_Q111954605
dest_Q116033327,dest_Q116033327
dest_Q115244224,dest_Q115244224
dest_Q105990940,dest_Q105990940
dest_Q132987022,dest_Q132987022
dest_Q136893067,dest_Q136893067
dest_Q120484613,dest_Q120484613
dest_Q136338771,dest_Q136338771
dest_Q186822,dest_Q186822
dest_Q475403,dest_Q475403
dest_Q75653,dest_Q75653
dest_Q301467,dest_Q301467
dest_Q525264,dest_Q525264
dest_Q214086,dest_Q214086
dest_Q375986,dest_Q375986
dest_Q105206,dest_Q105206
dest_Q39760,dest_Q39760
dest_Q202513,dest_Q202513
dest_Q523302,dest_Q523302
dest_Q161334,dest_Q161334
dest_Q214069,dest_Q214069
dest_Q268034,dest_Q268034
dest_Q248539,dest_Q248539
dest_Q413114,dest_Q413114
dest_Q248499,dest_Q248499
dest_Q248532,dest_Q248532
dest_Q510870,dest_Q510870
dest_Q333934,dest_Q333934
dest_Q75651,dest_Q75651
dest_Q204593,dest_Q204593
dest_Q665421,dest_Q665421
dest_Q676537,dest_Q676537
dest_Q832218,dest_Q832218
dest_Q693912,dest_Q693912
dest_Q1475482,dest_Q1475482
dest_Q827212,dest_Q827212
dest_Q616912,dest_Q616912
dest_Q990546,dest_Q990546
dest_Q998984,dest_Q998984
dest_Q693153,dest_Q693153
dest_Q2084495,dest_Q2084495
dest_Q1328747,dest_Q1328747
dest_Q620982,dest_Q620982
dest_Q1303973,dest_Q1303973
dest_Q1328706,dest_Q1328706
dest_Q2092983,dest_Q2092983
dest_Q675581,dest_Q675581
dest_Q1425470,dest_Q1425470
dest_Q1453822,dest_Q1453822
dest_Q2096531,dest_Q2096531
dest_Q1315412,dest_Q1315412
dest_Q673456,dest_Q673456
dest_Q917549,dest_Q917549
dest_Q950873,dest_Q950873
dest_Q683581,dest_Q683581
dest_Q1526398,dest_Q1526398
dest_Q1317901,dest_Q1317901
dest_Q975708,dest_Q975708
dest_Q977736,dest_Q977736
dest_Q1343052,dest_Q1343052
dest_Q689055,dest_Q689055
dest_Q691344,dest_Q691344
dest_Q691037,dest_Q691037
dest_Q667187,dest_Q667187
dest_Q782781,dest_Q782781
dest_Q2139044,dest_Q2139044
dest_Q677596,dest_Q677596
dest_Q694291,dest_Q694291
dest_Q686543,dest_Q686543
dest_Q1220109,dest_Q1220109
dest_Q1094561,dest_Q1094561
dest_Q692754,dest_Q692754
dest_Q1233431,dest_Q1233431
dest_Q688060,dest_Q510873
dest_Q1614390,dest_Q1614390
dest_Q2318281,dest_Q2318281
dest_Q3323137,dest_Q3323137
dest_Q3234461,dest_Q3234461
dest_Q5061534,dest_Q5061534
dest_Q2381346,dest_Q2381346
dest_Q3206942,dest_Q3206942
dest_Q3537754,dest_Q3537754
dest_Q1925870,dest_Q1925870
dest_Q2945563,dest_Q2945563
dest_Q1643128,dest_Q1643128
dest_Q1776727,dest_Q1776727
dest_Q2209059,dest_Q2209059
dest_Q2497931,dest_Q2497931
dest_Q3128417,dest_Q3128417
dest_Q3122321,dest_Q3122321
dest_Q2380930,dest_Q2380930
dest_Q1998498,dest_Q1998498
dest_Q5285859,dest_Q5285859
dest_Q5368034,dest_Q5368034
dest_Q5133722,dest_Q5133722
dest_Q1894264,dest_Q1894264
dest_Q3647796,dest_Q3647796
dest_Q3285486,dest_Q3285486
dest_Q2009143,dest_Q2009143
dest_Q3299137,dest_Q3299137
dest_Q2552836,dest_Q2552836
dest_Q2464160,dest_Q2464160
dest_Q5302584,dest_Q5302584
dest_Q4116532,dest_Q4116532
dest_Q2917083,dest_Q2917083
dest_Q2947278,dest_Q2947278
dest_Q4575266,dest_Q4575266
dest_Q3259780,dest_Q3259780
dest_Q2311035,dest_Q2311035
dest_Q2265231,dest_Q2265231
dest_Q2947279,dest_Q2947278
dest_Q3361528,dest_Q3361528
dest_Q2795682,dest_Q2795682
dest_Q2269745,dest_Q2269745
dest_Q3207186,dest_Q3207186
dest_Q2443319,dest_Q2443319
dest_Q2881911,dest_Q2881911
dest_Q2886297,dest_Q2886297
dest_Q13035219,dest_Q13035219
dest_Q12654769,dest_Q12654769
dest_Q13035931,dest_Q13035931
dest_Q13035973,dest_Q13035973
dest_Q13036210,dest_Q13036210
dest_Q12675724,dest_Q12675724
dest_Q7569362,dest_Q7569362
dest_Q12673428,dest_Q12654769
dest_Q12664713,dest_Q12654769
dest_Q13142482,dest_Q13142482
dest_Q13142887,dest_Q13142887
dest_Q12671399,dest_Q12654769
dest_Q13193170,dest_Q13193149
dest_Q12667842,dest_Q12654769
dest_Q11030537,dest_Q11030537
dest_Q11198701,dest_Q11198701
dest_Q12674650,dest_Q12654769
dest_Q11314449,dest_Q11314449
dest_Q7828398,dest_Q7828398
dest_Q6910926,dest_Q6910926
dest_Q12668931,dest_Q12654769
dest_Q5778486,dest_Q5778486
dest_Q7919816,dest_Q7919816
dest_Q12502912,dest_Q12502912
dest_Q12672919,dest_Q12654769
dest_Q7986320,dest_Q7986320
dest_Q11327984,dest_Q11327984
dest_Q7058909,dest_Q7058909
dest_Q7060341,dest_Q7060341
dest_Q12670510,dest_Q12654769
dest_Q7122395,dest_Q7122395
dest_Q12675980,dest_Q12654769
dest_Q12669475,dest_Q12654769
dest_Q10975458,dest_Q10975458
dest_Q7666502,dest_Q7666502
dest_Q11248848,dest_Q11248848
dest_Q6104194,dest_Q6104194
dest_Q7367588,dest_Q7367588
dest_Q7653942,dest_Q7653942
dest_Q12718866,dest_Q12718866
dest_Q13193664,dest_Q13193664
dest_Q6744570,dest_Q6744570
dest_Q12665342,dest_Q12654769
dest_Q6681888,dest_Q6681888
dest_Q7570534,dest_Q7570534
dest_Q12713710,dest_Q12713710
dest_Q12739306,dest_Q12739306
dest_Q13193149,dest_Q13193149
dest_Q6981583,dest_Q6981583
dest_Q5614976,dest_Q5614976
dest_Q12679023,dest_Q12679023
dest_Q12679422,dest_Q12654769
dest_Q6826699,dest_Q6826699
dest_Q8043924,dest_Q8043924
dest_Q12678148,dest_Q12654769
dest_Q16647624,dest_Q16647624
dest_Q16465397,dest_Q16465397
dest_Q14919065,dest_Q14919065
dest_Q22665714,dest_Q22665714
dest_Q24234005,dest_Q24234005
dest_Q14204875,dest_Q14204875
dest_Q14207185,dest_Q14207185
dest_Q14210285,dest_Q14210285
dest_Q14214455,dest_Q14214455
dest_Q14216692,dest_Q14216692
dest_Q14216823,dest_Q14216823
dest_Q14218678,dest_Q14218678
dest_Q14223281,dest_Q14223281
dest_Q14919137,dest_Q14919137
dest_Q14421443,dest_Q14421443
dest_Q14467580,dest_Q14467580
dest_Q12012016,dest_Q12012016
dest_Q24088957,dest_Q24088957
dest_Q11983163,dest_Q11983163
dest_Q14919089,dest_Q14919089
dest_Q16465104,dest_Q16465104
dest_Q16471189,dest_Q16471189
dest_Q14207063,dest_Q14207063
dest_Q14207066,dest_Q14207066
dest_Q26331524,dest_Q26331524
dest_Q14220684,dest_Q14220684
dest_Q14919524,dest_Q14919524
dest_Q14235429,dest_Q14235429
dest_Q14204149,dest_Q14204149
dest_Q14206726,dest_Q14206726
dest_Q14919516,dest_Q14919516
dest_Q11991967,dest_Q11991967
dest_Q16469122,dest_Q16469122
dest_Q12356344,dest_Q12356344
dest_Q12400530,dest_Q12400530
dest_Q14219953,dest_Q14219953
dest_Q14210255,dest_Q14210255
dest_Q14919168,dest_Q14919168
dest_Q14205502,dest_Q14205502
dest_Q14210622,dest_Q14210622
dest_Q14227488,dest_Q14227488
dest_Q16473398,dest_Q16473398
dest_Q20981802,dest_Q20981802
dest_Q14227673,dest_Q14227673
dest_Q28025235,dest_Q28025235
dest_Q16474911,dest_Q16474911
dest_Q16459153,dest_Q16459153
dest_Q31180035,dest_Q31180035
dest_Q64520785,dest_Q64520785
dest_Q108887243,dest_Q108887243
dest_Q99455319,dest_Q99455319
dest_Q112649039,dest_Q112649039
dest_Q74598023,dest_Q74598023
dest_Q123095563,dest_Q123095563
dest_Q65040451,dest_Q65040451
dest_Q64520531,dest_Q64520531
dest_Q64520529,dest_Q64520529
dest_Q99455317,dest_Q99455317
dest_Q99455328,dest_Q99455328
dest_Q109311222,dest_Q109311222
dest_Q54888838,dest_Q54888838
dest_Q123235031,dest_Q123235031
dest_Q112842937,dest_Q112842937
dest_Q119840827,dest_Q119840827
dest_Q56404575,dest_Q56404575
dest_Q107050611,dest_Q107050611
dest_Q120241902,dest_Q120241902
dest_Q120245028,dest_Q120245028
dest_Q120246146,dest_Q120246146
dest_Q105773071,dest_Q105773071
dest_Q86751871,dest_Q86751871
dest_Q84231816,dest_Q84231816
dest_Q32043153,dest_Q32043153
dest_Q127274052,dest_Q127274052
dest_Q97198457,dest_Q97198457
dest_Q107576835,dest_Q107576835
dest_Q60792946,dest_Q60792946
dest_Q96284382,dest_Q96284382
dest_Q123235049,dest_Q123235049
dest_Q100986604,dest_Q100986604
dest_Q123378687,dest_Q123378687
dest_Q105369757,dest_Q105369757
dest_Q56388422,dest_Q56388422
dest_Q61085105,dest_Q61085105
dest_Q99455279,dest_Q99455279
dest_Q116172068,dest_Q116172068
dest_Q110566532,dest_Q110566532
dest_Q121687179,dest_Q121687179
dest_Q106486141,dest_Q106486141
dest_Q111912451,dest_Q111912451
dest_Q43313414,dest_Q43313414
dest_Q48795880,dest_Q48795880
dest_Q98118763,dest_Q98118763
dest_Q125701413,dest_Q125701413
dest_Q131985521,dest_Q131985521
dest_Q131406287,dest_Q131406287
dest_Q137885034,dest_Q137885034
dest_Q139882673,dest_Q139882673
dest_Q139551678,dest_Q139551678
dest_Q129255537,dest_Q129255537
dest_Q142318,dest_Q142318
dest_Q356128,dest_Q356128
dest_Q266864,dest_Q266864
dest_Q478494,dest_Q478494
dest_Q43708,dest_Q43708
dest_Q45850,dest_Q45850
dest_Q182647,dest_Q182647
dest_Q422941,dest_Q422941
dest_Q572018,dest_Q572018
dest_Q387163,dest_Q387163
dest_Q387785,dest_Q387785
dest_Q182279,dest_Q182279
dest_Q381897,dest_Q381897
dest_Q32486,dest_Q32486
dest_Q580631,dest_Q580631
dest_Q337417,dest_Q337417
dest_Q331254,dest_Q331254
dest_Q1338,dest_Q1338
dest_Q32286,dest_Q32286
dest_Q3596,dest_Q3596
dest_Q490672,dest_Q490672
dest_Q245107,dest_Q245107
dest_Q255055,dest_Q255055
dest_Q544039,dest_Q544039
dest_Q181386,dest_Q181386
dest_Q211778,dest_Q211778
dest_Q555073,dest_Q555073
dest_Q1140235,dest_Q1140235
dest_Q1084560,dest_Q1084560
dest_Q1137314,dest_Q1137314
dest_Q1324734,dest_Q1324734
dest_Q1132234,dest_Q1132234
dest_Q1053720,dest_Q1053720
dest_Q1245253,dest_Q1245253
dest_Q599708,dest_Q599708
dest_Q1190137,dest_Q1190137
dest_Q859413,dest_Q859413
dest_Q1136392,dest_Q1136392
dest_Q1255586,dest_Q1255586
dest_Q1133130,dest_Q1133130
dest_Q1286223,dest_Q1286223
dest_Q1066807,dest_Q1066807
dest_Q729469,dest_Q729469
dest_Q1087669,dest_Q1087669
dest_Q767860,dest_Q767860
dest_Q894184,dest_Q894184
dest_Q1112748,dest_Q1112748
dest_Q917870,dest_Q917870
dest_Q628737,dest_Q628737
dest_Q1276126,dest_Q1276126
dest_Q1276138,dest_Q1276138
dest_Q622778,dest_Q622778
dest_Q1098152,dest_Q1098152
dest_Q1188931,dest_Q1188931
dest_Q1250844,dest_Q1250844
dest_Q902887,dest_Q1098152
dest_Q641631,dest_Q641631
dest_Q623465,dest_Q623465
dest_Q879963,dest_Q879963
dest_Q596021,dest_Q596021
dest_Q844837,dest_Q844837
dest_Q1134486,dest_Q1134486
dest_Q1186241,dest_Q1186241
dest_Q855577,dest_Q855577
dest_Q1134643,dest_Q1134643
dest_Q1136751,dest_Q1136751
dest_Q867052,dest_Q867052
dest_Q674855,dest_Q674855
dest_Q923442,dest_Q923442
dest_Q1109433,dest_Q1109433
dest_Q957181,dest_Q957181
dest_Q1189073,dest_Q1189073
dest_Q850235,dest_Q850235
dest_Q605714,dest_Q605714
dest_Q750014,dest_Q750014
dest_Q2984680,dest_Q2984680
dest_Q2920371,dest_Q2920371
dest_Q2920489,dest_Q2920489
dest_Q1544595,dest_Q1544595
dest_Q1807196,dest_Q1807196
dest_Q2379316,dest_Q2379316
dest_Q2945568,dest_Q2945568
dest_Q2659022,dest_Q2659022
dest_Q2972607,dest_Q2972607
dest_Q2920378,dest_Q2920378
dest_Q1519298,dest_Q1519298
dest_Q1769502,dest_Q1769502
dest_Q1529744,dest_Q1529744
dest_Q1892770,dest_Q1892770
dest_Q2916367,dest_Q2916367
dest_Q2342092,dest_Q2342092
dest_Q1982906,dest_Q1982906
dest_Q1421085,dest_Q1421085
dest_Q2018923,dest_Q2018923
dest_Q1847928,dest_Q1847928
dest_Q2365946,dest_Q2365946
dest_Q2984683,dest_Q2984683
dest_Q2957044,dest_Q2957044
dest_Q1810131,dest_Q1255586
dest_Q1517159,dest_Q1517159
dest_Q2920477,dest_Q2920477
dest_Q2641546,dest_Q2641546
dest_Q2917959,dest_Q2917959
dest_Q1544231,dest_Q1544231
dest_Q1410741,dest_Q1410741
dest_Q2328124,dest_Q2328124
dest_Q1515679,dest_Q1515679
dest_Q2023035,dest_Q2023035
dest_Q2152974,dest_Q2152974
dest_Q1660598,dest_Q1660598
dest_Q2659030,dest_Q2659030
dest_Q1378786,dest_Q1378786
dest_Q1438691,dest_Q1438691
dest_Q2984672,dest_Q2984672
dest_Q2671326,dest_Q2671326
dest_Q2148535,dest_Q2148535
dest_Q2945571,dest_Q2945571
dest_Q1998401,dest_Q1998401
dest_Q2084432,dest_Q2084432
dest_Q1399638,dest_Q1399638
dest_Q2354215,dest_Q2354215
dest_Q2007511,dest_Q2007511
dest_Q1835523,dest_Q1835523
dest_Q1777776,dest_Q1777776
dest_Q2269514,dest_Q2269514
dest_Q1796200,dest_Q1796200
dest_Q1963606,dest_Q1963606
dest_Q2379541,dest_Q2379541
dest_Q1538205,dest_Q1538205
dest_Q2920358,dest_Q2920358
dest_Q1440479,dest_Q1440479
dest_Q1772582,dest_Q1772582
dest_Q3091321,dest_Q3091321
dest_Q2994930,dest_Q2994930
dest_Q2614518,dest_Q2614518
dest_Q3131132,dest_Q3131132
dest_Q3031723,dest_Q3031723
dest_Q3256684,dest_Q3256684
dest_Q3073742,dest_Q3073742
dest_Q2413435,dest_Q2413435
dest_Q2617944,dest_Q2617944
dest_Q3196301,dest_Q3196301
dest_Q2606827,dest_Q2606260
dest_Q2748425,dest_Q2748425
dest_Q2387700,dest_Q2387700
dest_Q2994926,dest_Q2994926
dest_Q2555617,dest_Q2555617
dest_Q2750114,dest_Q2750114
dest_Q3032600,dest_Q3032600
dest_Q3130380,dest_Q3130380
dest_Q3090851,dest_Q3090851
dest_Q2480534,dest_Q2480534
dest_Q2576201,dest_Q2576201
dest_Q2637988,dest_Q2637988
dest_Q3240725,dest_Q3240725
dest_Q2502431,dest_Q2502431
dest_Q3094811,dest_Q3094811
dest_Q3113549,dest_Q3113549
dest_Q3094812,dest_Q3094812
dest_Q2552970,dest_Q2552970
dest_Q2509282,dest_Q2509282
dest_Q2606221,dest_Q2606221
dest_Q3067058,dest_Q3067058
dest_Q2998379,dest_Q2998379
dest_Q3041864,dest_Q3041864
dest_Q2576428,dest_Q2576428
dest_Q2899541,dest_Q1134486
dest_Q2747220,dest_Q2747220
dest_Q3128484,dest_Q3128484
dest_Q3074267,dest_Q3074267
dest_Q3246511,dest_Q3246511
dest_Q2902152,dest_Q2902152
dest_Q3130048,dest_Q3130048
dest_Q2393494,dest_Q2393494
dest_Q3245148,dest_Q3245148
dest_Q2873231,dest_Q2873231
dest_Q2606207,dest_Q2606207
dest_Q2606260,dest_Q2606260
dest_Q3046581,dest_Q3046581
dest_Q2902396,dest_Q2902396
dest_Q2902384,dest_Q2902384
dest_Q3285378,dest_Q2917959
dest_Q3549318,dest_Q3549318
dest_Q3497789,dest_Q3497789
dest_Q3554098,dest_Q3554098
dest_Q4985714,dest_Q4985714
dest_Q4008110,dest_Q4008110
dest_Q5061228,dest_Q5061228
dest_Q3271856,dest_Q3271856
dest_Q3502886,dest_Q3502886
dest_Q3493982,dest_Q3493982
dest_Q3891624,dest_Q3891624
dest_Q5061492,dest_Q5061492
dest_Q3892514,dest_Q3892514
dest_Q3442735,dest_Q3442735
dest_Q3494060,dest_Q2902152
dest_Q3985389,dest_Q3985389
dest_Q5061230,dest_Q5061230
dest_Q3717698,dest_Q3717698
dest_Q3588848,dest_Q3588848
dest_Q5036291,dest_Q5036291
dest_Q5060408,dest_Q5060408
dest_Q4985798,dest_Q4985798
dest_Q5018991,dest_Q5018991
dest_Q3297259,dest_Q3297259
dest_Q3457240,dest_Q3457240
dest_Q3271661,dest_Q3271661
dest_Q3853432,dest_Q3853432
dest_Q3493922,dest_Q3493922
dest_Q3358102,dest_Q3358102
dest_Q3395678,dest_Q3395678
dest_Q3568313,dest_Q3568313
dest_Q5061123,dest_Q5061123
dest_Q3523012,dest_Q3523012
dest_Q3343570,dest_Q3343570
dest_Q5002820,dest_Q5002820
dest_Q3394276,dest_Q3394276
dest_Q5061385,dest_Q5061385
dest_Q5061505,dest_Q5061505
dest_Q5061446,dest_Q5061446
dest_Q3704668,dest_Q3704668
dest_Q3707806,dest_Q3707806
dest_Q5061512,dest_Q5061512
dest_Q5061549,dest_Q5061549
dest_Q5061558,dest_Q5061558
dest_Q3885311,dest_Q3885311
dest_Q5031395,dest_Q5031395
dest_Q5061379,dest_Q5061379
dest_Q3358100,dest_Q3358100
dest_Q5061409,dest_Q5061409
dest_Q4745373,dest_Q4745373
dest_Q4701657,dest_Q4701657
dest_Q5160805,dest_Q5160805
dest_Q5327804,dest_Q2617944
dest_Q5148981,dest_Q5148981
dest_Q5302807,dest_Q5302807
dest_Q5477030,dest_Q5477030
dest_Q5225666,dest_Q5225666
dest_Q5303253,dest_Q5303253
dest_Q6693289,dest_Q6693289
dest_Q5327559,dest_Q5327559
dest_Q5146463,dest_Q5146463
dest_Q6681413,dest_Q6681413
dest_Q5303294,dest_Q5303294
dest_Q4443319,dest_Q4443319
dest_Q5579909,dest_Q4193557
dest_Q5527278,dest_Q5527278
dest_Q4113785,dest_Q4113785
dest_Q5329589,dest_Q5329589
dest_Q5130738,dest_Q5130738
dest_Q5328292,dest_Q5328292
dest_Q5328789,dest_Q5328789
dest_Q5137767,dest_Q5137767
dest_Q5138257,dest_Q5138257
dest_Q5148801,dest_Q5148801
dest_Q4193557,dest_Q4193557
dest_Q4796187,dest_Q4796187
dest_Q5317290,dest_Q5317290
dest_Q4118600,dest_Q4118600
dest_Q5579912,dest_Q4193557
dest_Q5264114,dest_Q5264114
dest_Q5328053,dest_Q5328053
dest_Q6693394,dest_Q6693394
dest_Q5284800,dest_Q5284800
dest_Q5303293,dest_Q5303293
dest_Q5311167,dest_Q5311167
dest_Q5330442,dest_Q5330442
dest_Q5330319,dest_Q5330319
dest_Q5330331,dest_Q5330331
dest_Q5330352,dest_Q5330352
dest_Q4904677,dest_Q1660598
dest_Q4106539,dest_Q4106539
dest_Q5439582,dest_Q5439582
dest_Q4116189,dest_Q4116189
dest_Q5469731,dest_Q5469731
dest_Q5527612,dest_Q5527612
dest_Q4370859,dest_Q4370859
dest_Q5223203,dest_Q5223203
dest_Q5579913,dest_Q4193557
dest_Q5253342,dest_Q5253342
dest_Q4412295,dest_Q4412295
dest_Q4875694,dest_Q4875694
dest_Q4242054,dest_Q4242054
dest_Q5150518,dest_Q5150518
dest_Q5579781,dest_Q5579781
dest_Q5329630,dest_Q5329630
dest_Q5547503,dest_Q5547503
dest_Q4533682,dest_Q4533682
dest_Q5511297,dest_Q5511297
dest_Q5330203,dest_Q5330203
dest_Q4938087,dest_Q4938087
dest_Q5061655,dest_Q5061655
dest_Q5330337,dest_Q5330337
dest_Q5330343,dest_Q5330343
dest_Q4118228,dest_Q4118228
dest_Q6683932,dest_Q6683932
dest_Q7057945,dest_Q7057945
dest_Q6647466,dest_Q6647466
dest_Q5793730,dest_Q5793730
dest_Q6389758,dest_Q6389758
dest_Q6668567,dest_Q6668567
dest_Q6841198,dest_Q6841198
dest_Q6023676,dest_Q6023676
dest_Q7056310,dest_Q7056310
dest_Q5756363,dest_Q5756363
dest_Q6841610,dest_Q6841610
dest_Q7055353,dest_Q7055353
dest_Q7054748,dest_Q7054748
dest_Q6840690,dest_Q6840690
dest_Q7058391,dest_Q7058391
dest_Q7055998,dest_Q7055998
dest_Q7056653,dest_Q1134486
dest_Q6840760,dest_Q6840760
dest_Q6840653,dest_Q6840653
dest_Q6840945,dest_Q6840945
dest_Q5670739,dest_Q5670739
dest_Q5716768,dest_Q5716768
dest_Q6143355,dest_Q6143355
dest_Q6522252,dest_Q6522252
dest_Q7054746,dest_Q7054746
dest_Q5913520,dest_Q5913520
dest_Q6824442,dest_Q6824442
dest_Q7056655,dest_Q1134486
dest_Q5745807,dest_Q5745807
dest_Q5807403,dest_Q5807403
dest_Q7053680,dest_Q7053680
dest_Q6152028,dest_Q6152028
dest_Q6991914,dest_Q6991914
dest_Q6789607,dest_Q6789607
dest_Q6089019,dest_Q6089019
dest_Q7015155,dest_Q7015155
dest_Q7021483,dest_Q7021483
dest_Q6856738,dest_Q6856738
dest_Q7051200,dest_Q7051200
dest_Q7055236,dest_Q7055236
dest_Q7057317,dest_Q7055236
dest_Q7057818,dest_Q7057818
dest_Q6491616,dest_Q6491616
dest_Q6730871,dest_Q6730871
dest_Q5681371,dest_Q5681371
dest_Q6841061,dest_Q6841061
dest_Q7054724,dest_Q7054724
dest_Q5579916,dest_Q5579916
dest_Q5692796,dest_Q5692796
dest_Q5928845,dest_Q5928845
dest_Q7058246,dest_Q7058246
dest_Q6158730,dest_Q6158730
dest_Q7056115,dest_Q7056115
dest_Q5654582,dest_Q5654582
dest_Q6117341,dest_Q6117337
dest_Q6824604,dest_Q6824604
dest_Q5999955,dest_Q5999955
dest_Q7058124,dest_Q7058124
dest_Q6649796,dest_Q6649796
dest_Q6984764,dest_Q6984764
dest_Q7053532,dest_Q7053532
dest_Q7058048,dest_Q7058048
dest_Q6693405,dest_Q6693405
dest_Q5905417,dest_Q5905417
dest_Q7055479,dest_Q7055479
dest_Q6425893,dest_Q6425893
dest_Q6484194,dest_Q6484194
dest_Q6499829,dest_Q6499829
dest_Q6109849,dest_Q6109849
dest_Q6117337,dest_Q6117337
dest_Q7054928,dest_Q7054928
dest_Q5600332,dest_Q5600332
dest_Q5600522,dest_Q5600522
dest_Q6736374,dest_Q6736374
dest_Q6159062,dest_Q6159062
dest_Q7196817,dest_Q7196817
dest_Q7060298,dest_Q7058246
dest_Q7566000,dest_Q7566000
dest_Q7060133,dest_Q7057945
dest_Q7566773,dest_Q7566773
dest_Q7163526,dest_Q7163526
dest_Q7191545,dest_Q7191545
dest_Q7567141,dest_Q1286223
dest_Q7570467,dest_Q7570467
dest_Q7307658,dest_Q7307658
dest_Q7105517,dest_Q7105517
dest_Q7537802,dest_Q7537802
dest_Q7570120,dest_Q7570120
dest_Q7565262,dest_Q7565262
dest_Q7570625,dest_Q7570611
dest_Q7332669,dest_Q7332669
dest_Q7570233,dest_Q7570233
dest_Q7566761,dest_Q7566761
dest_Q7569336,dest_Q7569336
dest_Q7059104,dest_Q7059104
dest_Q7058599,dest_Q7058599
dest_Q7059238,dest_Q7059238
dest_Q7059934,dest_Q7053680
dest_Q7060327,dest_Q7060327
dest_Q7058433,dest_Q7058433
dest_Q7076631,dest_Q7076631
dest_Q7080843,dest_Q7080843
dest_Q7567226,dest_Q2902384
dest_Q7565927,dest_Q7565927
dest_Q7111969,dest_Q7111969
dest_Q7115211,dest_Q7115211
dest_Q7569630,dest_Q7569630
dest_Q7569285,dest_Q7569285
dest_Q7406179,dest_Q7406179
dest_Q7567952,dest_Q7567952
dest_Q7058402,dest_Q7058402
dest_Q7060047,dest_Q7060047
dest_Q7569352,dest_Q7569352
dest_Q7569365,dest_Q7569365
dest_Q7569494,dest_Q7569494
dest_Q7060084,dest_Q7060084
dest_Q7101280,dest_Q7101280
dest_Q7537547,dest_Q7537547
dest_Q7571041,dest_Q7571041
dest_Q7570176,dest_Q7570176
dest_Q7548125,dest_Q7548125
dest_Q7562692,dest_Q7562692
dest_Q7567420,dest_Q7567420
dest_Q7570012,dest_Q7570012
dest_Q7570611,dest_Q7570611
dest_Q7570033,dest_Q7570033
dest_Q7570136,dest_Q7570136
dest_Q7314536,dest_Q7314536
dest_Q7271860,dest_Q7271860
dest_Q7569441,dest_Q7569441
dest_Q178085,dest_Q178085
dest_Q736774,dest_Q736774
dest_Q425767,dest_Q425767
dest_Q742297,dest_Q742297
dest_Q217265,dest_Q217265
dest_Q630687,dest_Q630687
dest_Q498189,dest_Q498189
dest_Q261430,dest_Q261430
dest_Q487576,dest_Q487576
dest_Q125323,dest_Q125323
dest_Q171323,dest_Q171323
dest_Q739640,dest_Q739640
dest_Q425875,dest_Q425875
dest_Q742105,dest_Q742105
dest_Q148124,dest_Q148124
dest_Q621805,dest_Q621805
dest_Q169977,dest_Q169977
dest_Q218276,dest_Q218276
dest_Q484333,dest_Q484333
dest_Q489941,dest_Q489941
dest_Q215659,dest_Q215659
dest_Q494131,dest_Q494131
dest_Q620864,dest_Q620864
dest_Q1999779,dest_Q1999779
dest_Q2338801,dest_Q2338801
dest_Q3107121,dest_Q3107121
dest_Q1467567,dest_Q1467567
dest_Q4058111,dest_Q4058111
dest_Q1870366,dest_Q1870366
dest_Q1049525,dest_Q1049525
dest_Q2882531,dest_Q2882531
dest_Q6100877,dest_Q6100877
dest_Q1760538,dest_Q1760538
dest_Q1776264,dest_Q1776264
dest_Q6011990,dest_Q6011990
dest_Q5208185,dest_Q5208185
dest_Q2875105,dest_Q2875105
dest_Q7210939,dest_Q7210939
dest_Q1415409,dest_Q1415409
dest_Q5061788,dest_Q5061788
dest_Q926592,dest_Q926592
dest_Q3774282,dest_Q3774282
dest_Q3038622,dest_Q3038622
dest_Q3229844,dest_Q3229844
dest_Q833534,dest_Q833534
dest_Q3396247,dest_Q3396247
dest_Q3421462,dest_Q3421462
dest_Q3112617,dest_Q3112617
dest_Q4891188,dest_Q4891188
dest_Q2121746,dest_Q2121746
dest_Q957052,dest_Q957052
dest_Q909894,dest_Q909894
dest_Q818606,dest_Q818606
dest_Q839607,dest_Q839607
dest_Q4728314,dest_Q4728314
dest_Q3744761,dest_Q3744761
dest_Q14234761,dest_Q14234761
dest_Q13425218,dest_Q13425218
dest_Q15928885,dest_Q15928885
dest_Q14231979,dest_Q14231979
dest_Q21709864,dest_Q21709864
dest_Q13176275,dest_Q13176275
dest_Q19370803,dest_Q19370803
dest_Q7855285,dest_Q7855285
dest_Q29897253,dest_Q29897253
dest_Q29897296,dest_Q29897296
dest_Q29897279,dest_Q29897279
dest_Q14223109,dest_Q14223109
dest_Q14223647,dest_Q14223647
dest_Q12185773,dest_Q12185773
dest_Q12609208,dest_Q12609208
dest_Q6937218,dest_Q6937218
dest_Q6940941,dest_Q6940941
dest_Q14210494,dest_Q14210494
dest_Q28927276,dest_Q28927276
dest_Q12657385,dest_Q12654769
dest_Q14210477,dest_Q14210477
dest_Q7050817,dest_Q7050817
dest_Q12862449,dest_Q12862449
dest_Q11382021,dest_Q11382021
dest_Q28195245,dest_Q28195245
dest_Q20434458,dest_Q20434458
dest_Q20522090,dest_Q20522090
dest_Q22975217,dest_Q22975217
dest_Q6963743,dest_Q6963743
dest_Q16092333,dest_Q16092333
dest_Q12046348,dest_Q12046348
dest_Q16515930,dest_Q16515930
dest_Q14227467,dest_Q14227467
dest_Q14204207,dest_Q14204207
dest_Q12595631,dest_Q12595631
dest_Q12597410,dest_Q12597410
dest_Q18444594,dest_Q18444594
dest_Q16119219,dest_Q16119219
dest_Q14212035,dest_Q14212035
dest_Q14214554,dest_Q14214554
dest_Q14214562,dest_Q14214562
dest_Q14229662,dest_Q14229662
dest_Q14210325,dest_Q14210325
dest_Q22690572,dest_Q22690572
dest_Q12805544,dest_Q12805544
dest_Q14208448,dest_Q14208448
dest_Q14210594,dest_Q14210594
dest_Q93068778,dest_Q93068778
dest_Q107355139,dest_Q107355139
dest_Q90824159,dest_Q90824159
dest_Q125838675,dest_Q125838675
dest_Q125838685,dest_Q125838685
dest_Q24478802,dest_Q24478802
dest_Q109360909,dest_Q109360909
dest_Q122973615,dest_Q122973615
dest_Q109360324,dest_Q109360324
dest_Q109360510,dest_Q109360510
dest_Q109360732,dest_Q109360732
dest_Q86002383,dest_Q86002383
dest_Q123298705,dest_Q123298705
dest_Q104836974,dest_Q104836974
dest_Q123778554,dest_Q123778554
dest_Q64734991,dest_Q64734991
dest_Q117085127,dest_Q117085127
dest_Q117085158,dest_Q117085158
dest_Q97339644,dest_Q97339644
dest_Q64735072,dest_Q64735072
dest_Q109458313,dest_Q109458313
dest_Q97218664,dest_Q97218664
dest_Q60789180,dest_Q60789180
dest_Q60789165,dest_Q19370803
dest_Q62139994,dest_Q62139994
dest_Q64524375,dest_Q64524375
dest_Q64524365,dest_Q64524365
dest_Q64524334,dest_Q64524334
dest_Q64705500,dest_Q64705500
dest_Q61136200,dest_Q61136200
dest_Q117794098,dest_Q117794098
dest_Q110081968,dest_Q110081968
dest_Q64705498,dest_Q64705498
dest_Q25533118,dest_Q25533118
dest_Q64523998,dest_Q64523998
dest_Q64524357,dest_Q64524357
dest_Q64524347,dest_Q64524347
dest_Q97204961,dest_Q97204961
dest_Q115158230,dest_Q115158230
dest_Q65621607,dest_Q65621607
dest_Q124988652,dest_Q124988652
dest_Q66906608,dest_Q66906608
dest_Q64705502,dest_Q64705502
dest_Q64705501,dest_Q64705501
dest_Q130223492,dest_Q130223492
dest_Q133830236,dest_Q133830236
dest_Q126727929,dest_Q126727929
dest_Q134468302,dest_Q134468302
dest_Q136484498,dest_Q136484498
dest_Q137162826,dest_Q137162826
dest_Q134292345,dest_Q134292345
dest_Q137428503,dest_Q137428503
dest_Q14206735,dest_Q14206735
dest_Q14210655,dest_Q14210655
dest_Q135257493,dest_Q135257493
dest_Q1266775,dest_Q1266775
dest_Q1002037,dest_Q1002037
dest_Q1640913,dest_Q1640913
dest_Q14210029,dest_Q14210029
dest_Q5350664,dest_Q5350664
dest_Q20390997,dest_Q20390997
dest_Q2873359,dest_Q2873359
dest_Q7680919,dest_Q7680919
dest_Q2436688,dest_Q2436688
dest_Q6738830,dest_Q6738830
dest_Q2717494,dest_Q2717494
dest_Q7918716,dest_Q7918716
dest_Q3298238,dest_Q3298238
dest_Q6383513,dest_Q6383513
dest_Q4120192,dest_Q4120192
dest_Q6368458,dest_Q6368458
dest_Q7976942,dest_Q7976942
dest_Q7908791,dest_Q7908791
dest_Q16956752,dest_Q16956752
dest_Q1956578,dest_Q1956578
dest_Q11919650,dest_Q11919650
dest_Q55117381,dest_Q55117381
dest_Q2381360,dest_Q2381360
dest_Q4789054,dest_Q4789054
dest_Q11929976,dest_Q11929976
dest_Q2226734,dest_Q2226734
dest_Q2845671,dest_Q2845671
dest_Q4690376,dest_Q4690376
dest_Q2844525,dest_Q2844525
dest_Q6099014,dest_Q6099014
dest_Q4166595,dest_Q4166595
dest_Q3529565,dest_Q3529565
dest_Q2784675,dest_Q2784675
dest_Q16877044,dest_Q16877044
dest_Q11936095,dest_Q11936095
dest_Q21826174,dest_Q21826174
dest_Q170482,dest_Q170482
dest_Q3515617,dest_Q3515617
dest_Q3339284,dest_Q3339284
dest_Q3647768,dest_Q3647768
dest_Q3516205,dest_Q3516205
dest_Q18624018,dest_Q18624018
dest_Q139589166,dest_Q139589166
dest_Q3553313,dest_Q3553313
dest_Q2096164,dest_Q2096164
dest_Q7688983,dest_Q7688983
dest_Q4801564,dest_Q4801564
dest_Q3553338,dest_Q3553313
dest_Q5034162,dest_Q5034162
dest_Q5314770,dest_Q5314770
dest_Q7396895,dest_Q7396895
dest_Q24189200,dest_Q24189200
dest_Q3392966,dest_Q3392966
dest_Q10262333,dest_Q10262333
dest_Q18483568,dest_Q18483568
dest_Q10306134,dest_Q10306134
dest_Q10316649,dest_Q10316649
dest_Q10320962,dest_Q10320962
dest_Q9645026,dest_Q9645026
dest_Q10349766,dest_Q10349766
dest_Q10356506,dest_Q10356506
dest_Q10369324,dest_Q10369324
dest_Q10375575,dest_Q10375575
dest_Q10377745,dest_Q10377745
dest_Q10290665,dest_Q10290665
dest_Q491937,dest_Q491937
dest_Q5547472,dest_Q5547472
dest_Q10366824,dest_Q10366824
dest_Q22020060,dest_Q22020060
dest_Q6858445,dest_Q6858445
dest_Q20053150,dest_Q20053150
dest_Q20055796,dest_Q20055796
dest_Q20059691,dest_Q20059691
dest_Q9671662,dest_Q9671662
dest_Q20059104,dest_Q20059104
dest_Q7272336,dest_Q7272336
dest_Q5642230,dest_Q5642230
dest_Q492147,dest_Q492147
dest_Q7142834,dest_Q7142834
dest_Q3216177,dest_Q3216177
dest_Q5328743,dest_Q5328743
dest_Q7924491,dest_Q7924491
dest_Q1075130,dest_Q1075130
dest_Q20059681,dest_Q20059681
dest_Q10368207,dest_Q10368207
dest_Q5808860,dest_Q5808860
dest_Q16493222,dest_Q16493222
dest_Q16894530,dest_Q16894530
dest_Q279146,dest_Q279146
dest_Q21570222,dest_Q21570222
dest_Q9698046,dest_Q9698046
dest_Q10395629,dest_Q10395629
dest_Q10323452,dest_Q10323452
dest_Q7981382,dest_Q7981382
dest_Q5210869,dest_Q5210869
dest_Q9661559,dest_Q9661559
dest_Q5039330,dest_Q5039330
dest_Q9696641,dest_Q9696641
dest_Q14935484,dest_Q14935484
dest_Q138822852,dest_Q138822852
dest_Q123047504,dest_Q123047504
dest_Q131562221,dest_Q131562221
dest_Q104203306,dest_Q104203306
dest_Q116432149,dest_Q116432149
dest_Q107406993,dest_Q107406993
dest_Q55222793,dest_Q55222793
dest_Q110564528,dest_Q110564528
dest_Q131673154,dest_Q131673032
dest_Q64814916,dest_Q64814916
dest_Q96619758,dest_Q96619758
dest_Q121432527,dest_Q10368207
dest_Q121410400,dest_Q121410400
dest_Q121410625,dest_Q121410625
dest_Q48854986,dest_Q48854986
dest_Q64816092,dest_Q64816092
dest_Q64816330,dest_Q64816330
dest_Q64816347,dest_Q64816347
dest_Q64816350,dest_Q64816350
dest_Q64816378,dest_Q64816378
dest_Q64816384,dest_Q64816384
dest_Q64816397,dest_Q64816397
dest_Q64816480,dest_Q64816480
dest_Q117842682,dest_Q117842682
dest_Q131673032,dest_Q131673032
dest_Q124340744,dest_Q124340744
dest_Q103843102,dest_Q103843102
dest_Q48879051,dest_Q48879051
dest_Q104537240,dest_Q104537240
dest_Q117599897,dest_Q117599897
dest_Q135652640,dest_Q135652614
dest_Q116357682,dest_Q116357682
dest_Q135652657,dest_Q135652614
dest_Q21003993,dest_Q21003993
dest_Q5808906,dest_Q5808906
dest_Q24933024,dest_Q24933024
dest_Q23794204,dest_Q23794204
dest_Q6462131,dest_Q6462131
dest_Q1266495,dest_Q1266495
dest_Q5808739,dest_Q5808739
dest_Q5808763,dest_Q5808763
dest_Q5808896,dest_Q5808896
dest_Q60827592,dest_Q60827592
dest_Q5808720,dest_Q5808720
dest_Q6171645,dest_Q6171645
dest_Q25040499,dest_Q25040499
dest_Q1998402,dest_Q1998402
dest_Q135652614,dest_Q135652614
dest_Q2882583,dest_Q2882583
dest_Q17079640,dest_Q17079640
dest_Q3273431,dest_Q3273431
dest_Q12573073,dest_Q12573073
dest_Q5808766,dest_Q5808720
dest_Q6461454,dest_Q6461454
dest_Q7582432,dest_Q7582432
dest_Q135652763,dest_Q135652614
dest_Q1803124,dest_Q1803124
dest_Q5808843,dest_Q5808843
dest_Q2904390,dest_Q2904390
dest_Q584295,dest_Q584295
dest_Q3634636,dest_Q3634636
dest_Q4749000,dest_Q4749000
dest_Q2464187,dest_Q2464187
dest_Q5207525,dest_Q5207525
dest_Q4702940,dest_Q4702940
dest_Q13155672,dest_Q13155672
dest_Q1025123,dest_Q1025123
dest_Q2475615,dest_Q2475615
dest_Q2906161,dest_Q2906161
dest_Q6875621,dest_Q6875621
dest_Q14201895,dest_Q14201895
dest_Q2618795,dest_Q2618795
dest_Q1490703,dest_Q1490703
dest_Q6751860,dest_Q6751860
dest_Q6110301,dest_Q6110301
dest_Q2043690,dest_Q2043690
dest_Q3102786,dest_Q3102786
dest_Q941140,dest_Q941140
dest_Q4874274,dest_Q4874274
dest_Q3495485,dest_Q3495485
dest_Q2212773,dest_Q2212773
dest_Q6345462,dest_Q6345462
dest_Q2511190,dest_Q2511190
dest_Q4116010,dest_Q4116010
dest_Q4116175,dest_Q4116175
dest_Q5395214,dest_Q5395214
dest_Q2586447,dest_Q2586447
dest_Q7272966,dest_Q7272966
dest_Q5663882,dest_Q5663882
dest_Q5557719,dest_Q5557719
dest_Q4116013,dest_Q4116013
dest_Q1252978,dest_Q1252978
dest_Q3495496,dest_Q3495496
dest_Q7406961,dest_Q7406961
dest_Q1026813,dest_Q1026813
dest_Q14201325,dest_Q14201325
dest_Q6989789,dest_Q6989789
dest_Q2512996,dest_Q2512996
dest_Q2901106,dest_Q2901106
dest_Q4703450,dest_Q4703450
dest_Q1789499,dest_Q1789499
dest_Q4670174,dest_Q4670174
dest_Q4670194,dest_Q4670194
dest_Q7265734,dest_Q7265734
dest_Q4703810,dest_Q4703810
dest_Q4704105,dest_Q4704105
dest_Q2238147,dest_Q2238147
dest_Q5996378,dest_Q5996378
dest_Q11871760,dest_Q11871760
dest_Q16904030,dest_Q16904030
dest_Q16891952,dest_Q16891952
dest_Q26962495,dest_Q26962495
dest_Q16826466,dest_Q16826466
dest_Q122936767,dest_Q122936767
dest_Q85369458,dest_Q85369458
dest_Q9161471,dest_Q9161471
dest_Q119510557,dest_Q119510557
dest_Q17222204,dest_Q17222204
dest_Q56322056,dest_Q56322056
dest_Q21000265,dest_Q21000265
dest_Q56399161,dest_Q56399161
dest_Q23929310,dest_Q23929310
dest_Q16894144,dest_Q16894144
dest_Q11263444,dest_Q11263444
dest_Q56399265,dest_Q56399265
dest_Q11397795,dest_Q11397795
dest_Q11875963,dest_Q11875963
dest_Q11868381,dest_Q11868381
dest_Q31934500,dest_Q31934500
dest_Q16893565,dest_Q16893565
dest_Q138837170,dest_Q138837170
dest_Q12481659,dest_Q12481659
dest_Q65401764,dest_Q65401764
dest_Q16895860,dest_Q16895860
dest_Q97705119,dest_Q97705119
dest_Q97705173,dest_Q97705173
dest_Q97712058,dest_Q97712058
dest_Q16893515,dest_Q16893515
dest_Q23198554,dest_Q23198554
dest_Q131391442,dest_Q131391442
dest_Q28748048,dest_Q28748048
dest_Q24685367,dest_Q24685367
dest_Q21000728,dest_Q21000728
dest_Q83851961,dest_Q83851961
dest_Q11901343,dest_Q11901343
dest_Q17217741,dest_Q17217741
dest_Q57266773,dest_Q57266773
dest_Q14219717,dest_Q14219717
dest_Q16825402,dest_Q16825402
dest_Q57205206,dest_Q57205206
dest_Q20855051,dest_Q20855051
dest_Q56399531,dest_Q11871760
dest_Q23640843,dest_Q23640843
dest_Q83851587,dest_Q83851587
dest_Q37808698,dest_Q37808698
dest_Q130344765,dest_Q130344765
dest_Q107359846,dest_Q107359846
dest_Q37808852,dest_Q37808852
dest_Q37808823,dest_Q37808823
dest_Q2560805,dest_Q2560805
dest_Q759410,dest_Q759410
dest_Q55312678,dest_Q55312678
dest_Q118397998,dest_Q118397998
dest_Q16939423,dest_Q16939423
dest_Q769702,dest_Q769702
dest_Q115135372,dest_Q115135372
dest_Q7366101,dest_Q7366101
dest_Q3775859,dest_Q3775859
dest_Q3462562,dest_Q3462562
dest_Q12238205,dest_Q12238205
dest_Q12178224,dest_Q12178224
dest_Q16831918,dest_Q16831918
dest_Q12195016,dest_Q12195016
dest_Q61633921,dest_Q61633921
dest_Q12197655,dest_Q12197655
dest_Q5809152,dest_Q5809152
dest_Q3866850,dest_Q3866850
dest_Q2329349,dest_Q2329349
dest_Q12220701,dest_Q12220701
dest_Q16857488,dest_Q16857488
dest_Q186115,dest_Q186115
dest_Q105492427,dest_Q105492427
dest_Q2163936,dest_Q2163936
dest_Q6473680,dest_Q6473680
dest_Q3661515,dest_Q3661515
dest_Q22811970,dest_Q22811970
dest_Q57129849,dest_Q57129849
dest_Q12212924,dest_Q12212924
dest_Q14202021,dest_Q14202021
dest_Q3785577,dest_Q3785577
dest_Q27466472,dest_Q27466472
dest_Q2840873,dest_Q2840873
dest_Q3776282,dest_Q3776282
dest_Q16331526,dest_Q16331526
dest_Q106380053,dest_Q106380053
dest_Q3635103,dest_Q3635103
dest_Q25577952,dest_Q25577952
dest_Q21235245,dest_Q21235245
dest_Q11689889,dest_Q11689889
dest_Q12210432,dest_Q12210432
dest_Q24909694,dest_Q24909694
dest_Q67007910,dest_Q67007910
dest_Q62567567,dest_Q62567567
dest_Q118397931,dest_Q118397931
dest_Q20668702,dest_Q20668702
dest_Q107015018,dest_Q107015018
dest_Q118397965,dest_Q118397965
dest_Q4692650,dest_Q4692650
dest_Q651843,dest_Q651843
dest_Q118398140,dest_Q118398140
dest_Q122234276,dest_Q122234276
dest_Q118398109,dest_Q118398109
dest_Q118398065,dest_Q118398065
dest_Q118398035,dest_Q118398035
dest_Q133733443,dest_Q133733443
dest_Q94749771,dest_Q94749771
dest_Q6293056,dest_Q6293056
dest_Q7205044,dest_Q7205044
dest_Q16896850,dest_Q16896850
dest_Q110878292,dest_Q110878292
dest_Q5065666,dest_Q5065666
dest_Q25042825,dest_Q25042825
dest_Q10819274,dest_Q10819274
dest_Q10802421,dest_Q10802421
dest_Q2424750,dest_Q2424750
dest_Q7810213,dest_Q7810213
dest_Q10758489,dest_Q10758489
dest_Q122926998,dest_Q122926998
dest_Q16689995,dest_Q16689995
dest_Q793500,dest_Q793500
dest_Q10803402,dest_Q10803402
dest_Q97273927,dest_Q97273927
dest_Q111664646,dest_Q111664646
dest_Q136430782,dest_Q136430782
dest_Q4234809,dest_Q4234809
dest_Q10734473,dest_Q10734473
dest_Q10758023,dest_Q10758023
dest_Q10759877,dest_Q10759877
dest_Q10763280,dest_Q10763280
dest_Q28401809,dest_Q28401809
dest_Q7036766,dest_Q7036766
dest_Q21294921,dest_Q21294921
dest_Q10802257,dest_Q10802257
dest_Q10803579,dest_Q10803579
dest_Q10811169,dest_Q10811169
dest_Q106227665,dest_Q106227665
dest_Q139769234,dest_Q139769234
dest_Q10830084,dest_Q10830084
dest_Q10832150,dest_Q10832150
dest_Q10832577,dest_Q10832577
dest_Q10812286,dest_Q10812286
dest_Q7206211,dest_Q7206211
dest_Q11786401,dest_Q11786401
dest_Q1943646,dest_Q1943646
dest_Q11821150,dest_Q11821150
dest_Q11779450,dest_Q11779450
dest_Q4188196,dest_Q4188196
dest_Q5060712,dest_Q5060712
dest_Q1203470,dest_Q1203470
dest_Q1637419,dest_Q1637419
dest_Q4779957,dest_Q4779957
dest_Q3487449,dest_Q3487449
dest_Q6420591,dest_Q6420591
dest_Q1472864,dest_Q1472864
dest_Q7990425,dest_Q7990425
dest_Q9208303,dest_Q9208303
dest_Q8000968,dest_Q8000968
dest_Q1659001,dest_Q1659001
dest_Q1015832,dest_Q1015832
dest_Q9192875,dest_Q9192875
dest_Q7987650,dest_Q7987650
dest_Q643670,dest_Q643670
dest_Q11825327,dest_Q11825327
dest_Q1331303,dest_Q1331303
dest_Q6745461,dest_Q6745461
dest_Q1947740,dest_Q1947740
dest_Q10976131,dest_Q10976131
dest_Q11974587,dest_Q11974587
dest_Q31564579,dest_Q31564579
dest_Q4904388,dest_Q4904388
dest_Q47222,dest_Q47222
dest_Q1472841,dest_Q1472841
dest_Q11825037,dest_Q11825037
dest_Q9183095,dest_Q9183095
dest_Q20568937,dest_Q20568937
dest_Q11800435,dest_Q11800435
dest_Q6488453,dest_Q6488453
dest_Q11939801,dest_Q11939801
dest_Q9344329,dest_Q9344329
dest_Q51145033,dest_Q51145033
dest_Q11793478,dest_Q11793478
dest_Q9184399,dest_Q9184399
dest_Q5459752,dest_Q5459752
dest_Q4426125,dest_Q4426125
dest_Q4549373,dest_Q4549373
dest_Q11690604,dest_Q11690604
dest_Q9294279,dest_Q9294279
dest_Q11793888,dest_Q11793888
dest_Q11800765,dest_Q11800765
dest_Q30587896,dest_Q30587896
dest_Q110491282,dest_Q110491282
dest_Q110388507,dest_Q110388507
dest_Q110388508,dest_Q110388508
dest_Q110459966,dest_Q110459966
dest_Q55364211,dest_Q55364211
dest_Q110491305,dest_Q110491305
dest_Q55364458,dest_Q55364458
dest_Q121782625,dest_Q121782625
dest_Q55364409,dest_Q55364409
dest_Q24834663,dest_Q24834663
dest_Q128500236,dest_Q128500236
dest_Q118596535,dest_Q118596535
dest_Q86682678,dest_Q86682678
dest_Q55364387,dest_Q55364387
dest_Q110388478,dest_Q110388478
dest_Q28502026,dest_Q28502026
dest_Q110491247,dest_Q110491247
dest_Q86685224,dest_Q86685224
dest_Q110459454,dest_Q110459454
dest_Q124048152,dest_Q124048152
dest_Q110463190,dest_Q110463190
dest_Q54555787,dest_Q54555787
dest_Q54497499,dest_Q54497499
dest_Q114628898,dest_Q114628898
dest_Q54669874,dest_Q54669874
dest_Q114570248,dest_Q114570248
dest_Q55364443,dest_Q55364443
dest_Q54506425,dest_Q54506425
dest_Q134494288,dest_Q134494288
dest_Q61919446,dest_Q61919446
dest_Q56220058,dest_Q56220058
dest_Q55224641,dest_Q55224641
dest_Q61920091,dest_Q61920091
dest_Q54625143,dest_Q54625143
dest_Q108682216,dest_Q108682216
dest_Q63260967,dest_Q63260967
dest_Q92159379,dest_Q92159379
dest_Q92159412,dest_Q92159412
dest_Q92161826,dest_Q92159379
dest_Q92164464,dest_Q92159379
dest_Q886818,dest_Q886818
dest_Q510873,dest_Q510873
dest_Q7358639,dest_Q7358639
dest_Q1230005,dest_Q1230005
dest_Q500107,dest_Q500107
dest_Q7311426,dest_Q7311426
dest_Q961150,dest_Q961150
dest_Q5809236,dest_Q5809236
dest_Q5907491,dest_Q5907491
dest_Q19390438,dest_Q19390438
dest_Q7162420,dest_Q7162420
dest_Q16119949,dest_Q16119949
dest_Q818344,dest_Q818344
dest_Q6119136,dest_Q6119136
dest_Q5578998,dest_Q5578998
dest_Q7403460,dest_Q7403460
dest_Q22935678,dest_Q22935678
dest_Q22935686,dest_Q22935686
dest_Q22935691,dest_Q22935691
dest_Q22935766,dest_Q22935766
dest_Q20458219,dest_Q20458219
dest_Q12683896,dest_Q12683896
dest_Q660822,dest_Q660822
dest_Q2902477,dest_Q2902477
dest_Q6158417,dest_Q6158417
dest_Q28219798,dest_Q28219798
dest_Q14213491,dest_Q14213491
dest_Q28913875,dest_Q28913875
dest_Q14218887,dest_Q14218887
dest_Q14210331,dest_Q14210331
dest_Q12698350,dest_Q12698350
dest_Q12699919,dest_Q12699919
dest_Q1109399,dest_Q1109399
dest_Q5123063,dest_Q5123063
dest_Q1403122,dest_Q1403122
dest_Q5181758,dest_Q5181659
dest_Q1016737,dest_Q1016737
dest_Q5166222,dest_Q5166222
dest_Q3021298,dest_Q3021298
dest_Q5245057,dest_Q5245057
dest_Q5038769,dest_Q5038769
dest_Q5309268,dest_Q5309268
dest_Q5125498,dest_Q5125498
dest_Q5044178,dest_Q5044178
dest_Q151589,dest_Q151589
dest_Q5259129,dest_Q5259129
dest_Q5309133,dest_Q5309133
dest_Q5254501,dest_Q5254501
dest_Q5182117,dest_Q5182117
dest_Q5023997,dest_Q5023997
dest_Q148349,dest_Q148349
dest_Q4975322,dest_Q4975322
dest_Q179385,dest_Q179385
dest_Q5211522,dest_Q5211522
dest_Q3396731,dest_Q3396731
dest_Q165845,dest_Q165845
dest_Q5033398,dest_Q5033398
dest_Q3783649,dest_Q3783649
dest_Q940779,dest_Q940779
dest_Q5149368,dest_Q5149368
dest_Q5179620,dest_Q5179620
dest_Q5224146,dest_Q5224146
dest_Q3710549,dest_Q3710549
dest_Q5065584,dest_Q5065584
dest_Q4930900,dest_Q4930900
dest_Q5179689,dest_Q5179689
dest_Q5313748,dest_Q5313748
dest_Q5302650,dest_Q5302650
dest_Q3643946,dest_Q3643946
dest_Q1043339,dest_Q1043339
dest_Q5043743,dest_Q5043743
dest_Q124000,dest_Q124000
dest_Q5050553,dest_Q5050553
dest_Q2890727,dest_Q2890727
dest_Q3115421,dest_Q3115421
dest_Q5181659,dest_Q5181659
dest_Q5026831,dest_Q5026831
dest_Q4985075,dest_Q4985075
dest_Q423144,dest_Q423144
dest_Q5179732,dest_Q5179732
dest_Q683206,dest_Q683206
dest_Q5044174,dest_Q5044174
dest_Q5187913,dest_Q5187913
dest_Q3134367,dest_Q3134367
dest_Q631513,dest_Q631513
dest_Q892827,dest_Q892827
dest_Q3046559,dest_Q3046559
dest_Q5170856,dest_Q5170856
dest_Q5187487,dest_Q5187487
dest_Q860482,dest_Q860482
dest_Q3777232,dest_Q3777232
dest_Q2918277,dest_Q2918277
dest_Q3813675,dest_Q3813675
dest_Q773613,dest_Q773613
dest_Q5188735,dest_Q5188735
dest_Q5002508,dest_Q5002508
dest_Q3813838,dest_Q3813838
dest_Q1827044,dest_Q1827044
dest_Q5603925,dest_Q5603925
dest_Q5763378,dest_Q5763378
dest_Q5735119,dest_Q5735119
dest_Q1765582,dest_Q1765582
dest_Q4863914,dest_Q4863914
dest_Q4874754,dest_Q4874754
dest_Q4861284,dest_Q4861284
dest_Q4917486,dest_Q4917486
dest_Q1771488,dest_Q1771488
dest_Q4924204,dest_Q4924204
dest_Q5450731,dest_Q5450731
dest_Q4875692,dest_Q4875692
dest_Q5877269,dest_Q5877269
dest_Q5808737,dest_Q16545608
dest_Q5524085,dest_Q5524085
dest_Q2243629,dest_Q2243629
dest_Q5808704,dest_Q5808702
dest_Q4819418,dest_Q4819418
dest_Q4821761,dest_Q4821761
dest_Q5574870,dest_Q5574870
dest_Q5808702,dest_Q5808702
dest_Q4927108,dest_Q4927108
dest_Q5552246,dest_Q5552246
dest_Q4861128,dest_Q4861128
dest_Q5808714,dest_Q5808702
dest_Q5645287,dest_Q5645287
dest_Q5946613,dest_Q5946613
dest_Q4566819,dest_Q4566819
dest_Q4769476,dest_Q4769476
dest_Q5684177,dest_Q5684177
dest_Q2392844,dest_Q2392844
dest_Q5638719,dest_Q5638719
dest_Q5808706,dest_Q5808702
dest_Q4868001,dest_Q4868001
dest_Q1650230,dest_Q1650230
dest_Q5763320,dest_Q5763320
dest_Q5562593,dest_Q5562593
dest_Q4848462,dest_Q4848462
dest_Q4929224,dest_Q4929224
dest_Q5588797,dest_Q5588797
dest_Q4708386,dest_Q4708386
dest_Q1640716,dest_Q1640716
dest_Q5808712,dest_Q5808702
dest_Q5681354,dest_Q5681354
dest_Q4504160,dest_Q4504160
dest_Q4916685,dest_Q4916685
dest_Q5588576,dest_Q5588576
dest_Q4683790,dest_Q4683790
dest_Q2393654,dest_Q2393654
dest_Q5690428,dest_Q5690428
dest_Q5435795,dest_Q5435795
dest_Q5600752,dest_Q5600752
dest_Q4852493,dest_Q4852493
dest_Q5788481,dest_Q5788481
dest_Q5524400,dest_Q5524400
dest_Q4771198,dest_Q4771198
dest_Q4883416,dest_Q4883416
dest_Q5808772,dest_Q5808772
dest_Q6781343,dest_Q6781343
dest_Q7982985,dest_Q7982985
dest_Q8033312,dest_Q8033312
dest_Q7850902,dest_Q7850902
dest_Q6382441,dest_Q6382441
dest_Q6119686,dest_Q6119686
dest_Q6681221,dest_Q6681221
dest_Q8054554,dest_Q8054554
dest_Q6682016,dest_Q6682016
dest_Q7996112,dest_Q7996112
dest_Q6501806,dest_Q6501806
dest_Q6736109,dest_Q6736109
dest_Q6802148,dest_Q6802148
dest_Q6647290,dest_Q6647290
dest_Q6159328,dest_Q6159328
dest_Q6916694,dest_Q6916694
dest_Q6485453,dest_Q6485453
dest_Q7230978,dest_Q7230978
dest_Q6751599,dest_Q6751599
dest_Q6781200,dest_Q6781200
dest_Q7233431,dest_Q7233431
dest_Q6548608,dest_Q6548608
dest_Q6736271,dest_Q15243879
dest_Q7140476,dest_Q7140469
dest_Q6386774,dest_Q6386770
dest_Q6884648,dest_Q6884648
dest_Q7165413,dest_Q7165413
dest_Q6481466,dest_Q6481466
dest_Q6781344,dest_Q6781343
dest_Q7140469,dest_Q7140469
dest_Q6859379,dest_Q6859379
dest_Q6924367,dest_Q6924367
dest_Q7986493,dest_Q7986493
dest_Q7225859,dest_Q7225859
dest_Q7048509,dest_Q7048509
dest_Q6781348,dest_Q6781343
dest_Q6486480,dest_Q6486480
dest_Q6999627,dest_Q6999627
dest_Q6277213,dest_Q6277213
dest_Q6552622,dest_Q6552622
dest_Q6414127,dest_Q6414127
dest_Q7041531,dest_Q7041531
dest_Q7225723,dest_Q7225723
dest_Q7204297,dest_Q7204297
dest_Q6411043,dest_Q6411043
dest_Q6860909,dest_Q6860909
dest_Q6781345,dest_Q6781343
dest_Q6817526,dest_Q6817526
dest_Q6120935,dest_Q6120935
dest_Q8055637,dest_Q8055637
dest_Q7201597,dest_Q7201597
dest_Q7252285,dest_Q7252284
dest_Q7055767,dest_Q7055767
dest_Q6390926,dest_Q6390926
dest_Q7252284,dest_Q7252284
dest_Q7016831,dest_Q7016831
dest_Q6651764,dest_Q6651764
dest_Q8052390,dest_Q8052390
dest_Q8032910,dest_Q8032910
dest_Q6081504,dest_Q6081504
dest_Q7055975,dest_Q7055975
dest_Q7115212,dest_Q7115212
dest_Q6386770,dest_Q6386770
dest_Q7083420,dest_Q7083420
dest_Q6546261,dest_Q6546261
dest_Q6434834,dest_Q6434834
dest_Q8022305,dest_Q8022305
dest_Q7137586,dest_Q7137586
dest_Q7818682,dest_Q7818682
dest_Q14682360,dest_Q14682360
dest_Q15253155,dest_Q15253155
dest_Q13495014,dest_Q13495014
dest_Q7496167,dest_Q7496167
dest_Q7271080,dest_Q7271080
dest_Q14706775,dest_Q14706775
dest_Q7339915,dest_Q7339915
dest_Q7796591,dest_Q7796591
dest_Q7512104,dest_Q7512104
dest_Q7819010,dest_Q7819010
dest_Q13882341,dest_Q13882341
dest_Q7298167,dest_Q7298167
dest_Q7380695,dest_Q7380695
dest_Q7622031,dest_Q7622031
dest_Q15221433,dest_Q15221433
dest_Q7580808,dest_Q7580808
dest_Q7402003,dest_Q7402003
dest_Q13382532,dest_Q13382532
dest_Q7832196,dest_Q7832196
dest_Q7376577,dest_Q7376577
dest_Q7593879,dest_Q7593879
dest_Q12111092,dest_Q12111092
dest_Q7617774,dest_Q7617774
dest_Q12259353,dest_Q12259353
dest_Q7568024,dest_Q7568024
dest_Q15215279,dest_Q15215279
dest_Q7698406,dest_Q7698406
dest_Q7317585,dest_Q7317585
dest_Q7683393,dest_Q7683393
dest_Q7581427,dest_Q7581427
dest_Q15262156,dest_Q15262156
dest_Q7376592,dest_Q7376592
dest_Q15262151,dest_Q15262151
dest_Q15275013,dest_Q15275013
dest_Q11926147,dest_Q11926147
dest_Q7281814,dest_Q7281814
dest_Q7353484,dest_Q7353484
dest_Q15223910,dest_Q15223910
dest_Q7581117,dest_Q7580808
dest_Q15224070,dest_Q15224070
dest_Q7495680,dest_Q7495680
dest_Q13408049,dest_Q13408049
dest_Q15273562,dest_Q15273562
dest_Q7417536,dest_Q7417536
dest_Q7837474,dest_Q7837474
dest_Q16141730,dest_Q16141730
dest_Q7637674,dest_Q16248244
dest_Q7435810,dest_Q7435809
dest_Q7417151,dest_Q7417151
dest_Q15227171,dest_Q15227171
dest_Q15077913,dest_Q15077913
dest_Q15260074,dest_Q15260074
dest_Q15243879,dest_Q15243879
dest_Q12064745,dest_Q12064745
dest_Q7435809,dest_Q7435809
dest_Q15260189,dest_Q15260189
dest_Q14233915,dest_Q14233915
dest_Q44490214,dest_Q44490214
dest_Q16545608,dest_Q16545608
dest_Q18288855,dest_Q18288855
dest_Q25247920,dest_Q25247920
dest_Q24254926,dest_Q24254926
dest_Q24668512,dest_Q24668512
dest_Q85025959,dest_Q85025959
dest_Q44145545,dest_Q44145545
dest_Q17087548,dest_Q17087548
dest_Q29994365,dest_Q29994365
dest_Q85041581,dest_Q85041581
dest_Q85041890,dest_Q85041890
dest_Q22058947,dest_Q22058947
dest_Q85042331,dest_Q85042331
dest_Q85042776,dest_Q85042776
dest_Q85044928,dest_Q85044928
dest_Q65049937,dest_Q65049937
dest_Q28052006,dest_Q28052006
dest_Q37943811,dest_Q37943811
dest_Q28052004,dest_Q28052004
dest_Q88379307,dest_Q88379307
dest_Q24229367,dest_Q24229367
dest_Q25351777,dest_Q25351777
dest_Q44488803,dest_Q44488803
dest_Q29514307,dest_Q29514307
dest_Q18161533,dest_Q18161533
dest_Q44481264,dest_Q44481264
dest_Q131541834,dest_Q131541463
dest_Q131541842,dest_Q131541463
dest_Q131541847,dest_Q131541463
dest_Q131541845,dest_Q131541463
dest_Q131541849,dest_Q131541463
dest_Q28052003,dest_Q28052003
dest_Q16248297,dest_Q16248297
dest_Q57985617,dest_Q57985617
dest_Q31797924,dest_Q31797924
dest_Q44486120,dest_Q44486120
dest_Q19384026,dest_Q19384026
dest_Q19389779,dest_Q19389779
dest_Q55254720,dest_Q55254720
dest_Q55254842,dest_Q55254720
dest_Q55254886,dest_Q55254720
dest_Q55254921,dest_Q55254720
dest_Q55254949,dest_Q55254720
dest_Q55254989,dest_Q55254720
dest_Q55255032,dest_Q55254720
dest_Q16248244,dest_Q16248244
dest_Q44485082,dest_Q44485082
dest_Q44631382,dest_Q44631382
dest_Q44688696,dest_Q44688696
dest_Q137384384,dest_Q137384384
dest_Q102451616,dest_Q102451616
dest_Q136652505,dest_Q136652505
dest_Q104537995,dest_Q104537995
dest_Q104538068,dest_Q104537995
dest_Q104538098,dest_Q104537995
dest_Q104538106,dest_Q104537995
dest_Q104538130,dest_Q104537995
dest_Q104538145,dest_Q104537995
dest_Q104538168,dest_Q104537995
dest_Q104538208,dest_Q104537995
dest_Q104538221,dest_Q104537995
dest_Q104538253,dest_Q104537995
dest_Q104538266,dest_Q104537995
dest_Q104538301,dest_Q104537995
dest_Q102446300,dest_Q102446300
dest_Q88380236,dest_Q88380236
dest_Q131541463,dest_Q131541463
dest_Q131541477,dest_Q131541463
dest_Q131541497,dest_Q131541463
dest_Q131541564,dest_Q131541564
dest_Q131541831,dest_Q131541463
dest_Q131541828,dest_Q131541463
dest_Q131541853,dest_Q131541463
dest_Q104535027,dest_Q104535027
dest_Q136652492,dest_Q136652492
dest_Q96373372,dest_Q96373372
dest_Q102312772,dest_Q102312772
dest_Q135474957,dest_Q135474957
dest_Q107970239,dest_Q107970239
dest_Q107976367,dest_Q107976367
dest_Q137384236,dest_Q137384236
dest_Q1004613,dest_Q1004613
dest_Q693929,dest_Q693929
dest_Q104733649,dest_Q104733649
dest_Q482823,dest_Q482823
dest_Q214651,dest_Q214651
dest_Q16517910,dest_Q16517910
dest_Q17307448,dest_Q17307448
dest_Q14208835,dest_Q14208835
dest_Q28223483,dest_Q28223483
dest_Q206116,dest_Q206116
dest_Q129649,dest_Q129649
dest_Q49101789,dest_Q49101789
dest_Q55691553,dest_Q55691553
dest_Q29441781,dest_Q29441781
dest_Q207998,dest_Q207998
dest_Q743587,dest_Q743587
dest_Q1553052,dest_Q1553052
dest_Q1004653,dest_Q1004653
dest_Q22338248,dest_Q22338248
dest_Q2086353,dest_Q2086353
dest_Q172267,dest_Q172267
dest_Q12584807,dest_Q12584807
dest_Q11907684,dest_Q11907684
dest_Q104848518,dest_Q104848518
dest_Q11904742,dest_Q11904742
dest_Q12585038,dest_Q12585038
dest_Q637120,dest_Q637120
dest_Q5305968,dest_Q5305968
dest_Q1179844,dest_Q1179844
dest_Q12285774,dest_Q12285774
dest_Q388528,dest_Q388528
dest_Q282654,dest_Q282654
dest_Q3023581,dest_Q3023581
dest_Q65119314,dest_Q65119314
