unique_id,cluster_id
fest_Q60969574,fest_Q60969574
fest_Q71435666,fest_Q71435666
fest_Q2319714,fest_Q2319714
fest_Q7600800,fest_Q7600800
fest_Q38236899,fest_Q38236899
fest_Q60969892,fest_Q60969892
fest_Q4666934,fest_Q4666934
fest_Q3358839,fest_Q3358839
fest_Q28134942,fest_Q28134942
fest_Q2181135,fest_Q2181135
fest_Q23925671,fest_Q23925671
fest_Q12222274,fest_Q12222274
fest_Q2207483,fest_Q2207483
fest_Q4982316,fest_Q4982316
fest_Q105741210,fest_Q105741210
fest_Q139324332,fest_Q139324332
fest_Q16146537,fest_Q16146537
fest_Q112612933,fest_Q112612933
fest_Q23014326,fest_Q23014326
fest_Q1795594,fest_Q1795594
fest_Q4708969,fest_Q4708969
fest_Q79048068,fest_Q79048068
fest_Q20561724,fest_Q20561724
fest_Q16849154,fest_Q16849154
fest_Q56299731,fest_Q56299731
fest_Q304607,fest_Q304607
fest_Q948858,fest_Q948858
fest_Q11983109,fest_Q11983109
fest_Q116767093,fest_Q116767093
fest_Q26156861,fest_Q26156861
fest_Q138036118,fest_Q138036118
fest_Q138323197,fest_Q138323197
fest_Q138321756,fest_Q138321756
fest_Q127335869,fest_Q127335869
fest_Q25227199,fest_Q25227199
fest_Q108464937,fest_Q108464937
fest_Q115505283,fest_Q115505283
fest_Q130243963,fest_Q130243963
fest_Q3690905,fest_Q3690905
fest_Q84045610,fest_Q84045610
fest_Q17492841,fest_Q17492841
fest_Q16491950,fest_Q16491950
fest_Q5787759,fest_Q5787759
fest_Q3690900,fest_Q3690900
fest_Q19799894,fest_Q19799894
fest_Q24057155,fest_Q24057155
fest_Q127328811,fest_Q127328811
fest_Q7565949,fest_Q7565949
fest_Q76763282,fest_Q76763282
fest_Q4985521,fest_Q4985521
fest_Q139807837,fest_Q139807837
fest_Q96622031,fest_Q96622031
fest_Q97461264,fest_Q97461264
fest_Q5996078,fest_Q5996078
fest_Q121301318,fest_Q121301318
fest_Q1130500,fest_Q1130500
fest_Q134316570,fest_Q134316570
fest_Q6343954,fest_Q6343954
fest_Q22082577,fest_Q22082577
fest_Q24057022,fest_Q24057022
fest_Q6343952,fest_Q6343952
fest_Q127329161,fest_Q127329161
fest_Q6343959,fest_Q6343959
fest_Q127329167,fest_Q127329167
fest_Q127329467,fest_Q127329467
fest_Q6343956,fest_Q6343956
fest_Q20313154,fest_Q20313154
fest_Q19413530,fest_Q19413530
fest_Q6343957,fest_Q6343957
fest_Q112615789,fest_Q112615789
fest_Q7170506,fest_Q7170506
fest_Q96392358,fest_Q96392358
fest_Q13052112,fest_Q13052112
fest_Q6343960,fest_Q6343960
fest_Q5058966,fest_Q5058966
fest_Q6343964,fest_Q6343964
fest_Q125599959,fest_Q125599959
fest_Q56319324,fest_Q56319324
fest_Q5787592,fest_Q5787592
fest_Q135233603,fest_Q135233603
fest_Q127329181,fest_Q127329181
fest_Q127333532,fest_Q127333532
fest_Q20807227,fest_Q20807227
fest_Q132291574,fest_Q132291574
fest_Q4653945,fest_Q4653945
fest_Q1993348,fest_Q1993348
fest_Q609550,fest_Q609550
fest_Q127329193,fest_Q127329193
fest_Q138172086,fest_Q138172086
fest_Q5168211,fest_Q5168211
fest_Q1836480,fest_Q1836480
fest_Q21605520,fest_Q21605520
fest_Q5861655,fest_Q5861655
fest_Q127331152,fest_Q127331152
fest_Q20011195,fest_Q20011195
fest_Q130282561,fest_Q130282561
fest_Q21451634,fest_Q21451634
fest_Q21059662,fest_Q21059662
fest_Q83649221,fest_Q83649221
fest_Q127337171,fest_Q127337171
fest_Q125257928,fest_Q125257928
fest_Q7142119,fest_Q7142119
fest_Q16272148,fest_Q16272148
fest_Q5938034,fest_Q5938034
fest_Q136756111,fest_Q136756111
fest_Q109484558,fest_Q109484558
fest_Q116766836,fest_Q116766836
fest_Q1799109,fest_Q1799109
fest_Q127329387,fest_Q127329387
fest_Q127334784,fest_Q127334784
fest_Q106034463,fest_Q106034463
fest_Q1133236,fest_Q1133236
fest_Q53426517,fest_Q53426517
fest_Q1001834,fest_Q1001834
fest_Q100740692,fest_Q100740692
fest_Q16567719,fest_Q16567719
fest_Q4816156,fest_Q4816156
fest_Q48782022,fest_Q48782022
fest_Q5305076,fest_Q5305076
fest_Q4071451,fest_Q4071451
fest_Q133444005,fest_Q133444005
fest_Q65225643,fest_Q65225643
fest_Q6276334,fest_Q6276334
fest_Q5445726,fest_Q5445726
fest_Q127336311,fest_Q127336311
fest_Q111363084,fest_Q111363084
fest_Q21044497,fest_Q21044497
fest_Q6897370,fest_Q6897370
fest_Q17631763,fest_Q17631763
fest_Q1129940,fest_Q1129940
fest_Q121262925,fest_Q121262925
fest_Q1241933,fest_Q1241933
fest_Q124808386,fest_Q124808386
fest_Q124808387,fest_Q124808387
fest_Q124808384,fest_Q124808384
fest_Q124808385,fest_Q124808385
fest_Q124808390,fest_Q124808390
fest_Q4852748,fest_Q4852748
fest_Q111966898,fest_Q111966898
fest_Q124808391,fest_Q124808391
fest_Q47118668,fest_Q47118668
fest_Q124808388,fest_Q124808388
fest_Q4792537,fest_Q4792537
fest_Q124808389,fest_Q124808389
fest_Q2585452,fest_Q2585452
fest_Q59617928,fest_Q59617928
fest_Q111966451,fest_Q111966451
fest_Q124808394,fest_Q124808394
fest_Q4852886,fest_Q4852886
fest_Q103967891,fest_Q103967891
fest_Q124808395,fest_Q124808395
fest_Q124808393,fest_Q124808393
fest_Q124808398,fest_Q124808398
fest_Q1328626,fest_Q1328626
fest_Q124808396,fest_Q124808396
fest_Q112616037,fest_Q112616037
fest_Q136432182,fest_Q136432182
fest_Q124808397,fest_Q124808397
fest_Q20102416,fest_Q20102416
fest_Q118781114,fest_Q118781114
fest_Q694891,fest_Q694891
fest_Q85625819,fest_Q85625819
fest_Q33127652,fest_Q33127652
fest_Q111966913,fest_Q111966913
fest_Q111965428,fest_Q111965428
fest_Q63143963,fest_Q63143963
fest_Q104814344,fest_Q104814344
fest_Q135041629,fest_Q135041629
fest_Q124809612,fest_Q124809612
fest_Q5295460,fest_Q5295460
fest_Q4837688,fest_Q4837688
fest_Q107999226,fest_Q107999226
fest_Q6158397,fest_Q6158397
fest_Q698718,fest_Q698718
fest_Q38236899,fest_Q38236899
fest_Q118781033,fest_Q118781033
fest_Q133852415,fest_Q133852415
fest_Q1084193,fest_Q1084193
fest_Q11921899,fest_Q11921899
fest_Q479014,fest_Q479014
fest_Q111966932,fest_Q111966932
fest_Q124790347,fest_Q124790347
fest_Q118781117,fest_Q118781117
fest_Q131901416,fest_Q131901416
fest_Q1711230,fest_Q1711230
fest_Q20103498,fest_Q20103498
fest_Q138034817,fest_Q138034817
fest_Q115870073,fest_Q115870073
fest_Q111966607,fest_Q111966607
fest_Q1376362,fest_Q1376362
fest_Q112174343,fest_Q112174343
fest_Q118781122,fest_Q118781122
fest_Q111964654,fest_Q111964654
fest_Q30635344,fest_Q30635344
fest_Q121144392,fest_Q121144392
fest_Q111964228,fest_Q111964228
fest_Q24203052,fest_Q24203052
fest_Q118781123,fest_Q118781123
fest_Q54666713,fest_Q54666713
fest_Q118781092,fest_Q118781092
fest_Q114775713,fest_Q114775713
fest_Q63979259,fest_Q63979259
fest_Q107879672,fest_Q107879672
fest_Q20422783,fest_Q20422783
fest_Q118781094,fest_Q118781094
fest_Q136743150,fest_Q136743150
fest_Q112185038,fest_Q112185038
fest_Q139885495,fest_Q139885495
fest_Q112191005,fest_Q112191005
fest_Q2387726,fest_Q2387726
fest_Q111966976,fest_Q111966976
fest_Q31073768,fest_Q31073768
fest_Q80949,fest_Q80949
fest_Q1402710,fest_Q1402710
fest_Q112191014,fest_Q112191014
fest_Q111968692,fest_Q111968692
fest_Q6541316,fest_Q6541316
fest_Q118781142,fest_Q118781142
fest_Q23807418,fest_Q23807418
fest_Q19889347,fest_Q19889347
fest_Q4881124,fest_Q4881124
fest_Q50799330,fest_Q50799330
fest_Q118781098,fest_Q118781098
fest_Q118781096,fest_Q118781096
fest_Q80949,fest_Q80949
fest_Q1408647,fest_Q1408647
fest_Q118781101,fest_Q118781101
fest_Q118781106,fest_Q118781106
fest_Q118781104,fest_Q118781104
fest_Q1328341,fest_Q1328341
fest_Q2360207,fest_Q2360207
fest_Q118781108,fest_Q118781108
fest_Q959755,fest_Q959755
fest_Q111967720,fest_Q111966451
fest_Q124802049,fest_Q124802049
fest_Q2359108,fest_Q2359108
fest_Q7641902,fest_Q7641902
fest_Q106473417,fest_Q106473417
fest_Q4824472,fest_Q4824472
fest_Q6117914,fest_Q6117914
fest_Q112064456,fest_Q112064456
fest_Q118781125,fest_Q118781125
fest_Q2083986,fest_Q2083986
fest_Q60021471,fest_Q60021471
fest_Q136485557,fest_Q136485557
fest_Q6554944,fest_Q6554944
fest_Q112615470,fest_Q112615470
fest_Q111967092,fest_Q111967092
fest_Q112190997,fest_Q112190997
fest_Q112174574,fest_Q112174366
fest_Q1686168,fest_Q1686168
fest_Q5944895,fest_Q5944895
fest_Q124808382,fest_Q124808382
fest_Q2206144,fest_Q2206144
fest_Q124808383,fest_Q124808383
fest_Q124808381,fest_Q124808381
fest_Q5055276,fest_Q5055276
fest_Q19879182,fest_Q19879182
fest_Q7739376,fest_Q7739376
fest_Q4824785,fest_Q4824785
fest_Q5519829,fest_Q5519829
fest_Q24190412,fest_Q24190412
fest_Q17013864,fest_Q17013864
fest_Q7566121,fest_Q7566121
fest_Q4785217,fest_Q4785217
fest_Q5582563,fest_Q5582563
fest_Q20807647,fest_Q20807647
fest_Q6718064,fest_Q6718064
fest_Q6811770,fest_Q6811770
fest_Q5625142,fest_Q5625142
fest_Q48803069,fest_Q48803069
fest_Q7361085,fest_Q7361085
fest_Q6979473,fest_Q6979473
fest_Q48723635,fest_Q48723635
fest_Q19903813,fest_Q19903813
fest_Q7660053,fest_Q7660053
fest_Q6749509,fest_Q130712793
fest_Q7373583,fest_Q7373583
fest_Q4681688,fest_Q4681688
fest_Q107637051,fest_Q107637051
fest_Q23073782,fest_Q23073782
fest_Q5058971,fest_Q5058971
fest_Q24886945,fest_Q24886945
fest_Q18390549,fest_Q18390549
fest_Q4733886,fest_Q4733886
fest_Q4968569,fest_Q4968569
fest_Q4887083,fest_Q4887083
fest_Q4851456,fest_Q4851456
fest_Q7096650,fest_Q7096650
fest_Q28134942,fest_Q28134942
fest_Q4795617,fest_Q4795617
fest_Q96622031,fest_Q96622031
fest_Q16891412,fest_Q16891412
fest_Q1652194,fest_Q1652194
fest_Q5944596,fest_Q5944596
fest_Q7502011,fest_Q7502011
fest_Q4824816,fest_Q4824816
fest_Q5600122,fest_Q5600122
fest_Q57804576,fest_Q57804576
fest_Q2850027,fest_Q2850027
fest_Q17014244,fest_Q17014244
fest_Q5610366,fest_Q5610366
fest_Q135041629,fest_Q135041629
fest_Q16970846,fest_Q16970846
fest_Q17985794,fest_Q17985794
fest_Q4824401,fest_Q4824401
fest_Q19872904,fest_Q19872904
fest_Q4075920,fest_Q4075920
fest_Q106314769,fest_Q106314769
fest_Q937516,fest_Q937516
fest_Q7243085,fest_Q7243085
fest_Q4824330,fest_Q4824330
fest_Q5154710,fest_Q5154710
fest_Q19874514,fest_Q19874514
fest_Q3478312,fest_Q3478312
fest_Q7091312,fest_Q7091312
fest_Q23641765,fest_Q23641765
fest_Q496020,fest_Q496020
fest_Q7158475,fest_Q7158475
fest_Q7959875,fest_Q7959875
fest_Q81610,fest_Q81610
fest_Q85039642,fest_Q85039642
fest_Q28224213,fest_Q28224213
fest_Q4968603,fest_Q4968603
fest_Q4968595,fest_Q4968595
fest_Q4824163,fest_Q4824163
fest_Q5504503,fest_Q5504503
fest_Q16917680,fest_Q16917680
fest_Q4612095,fest_Q4612095
fest_Q106809542,fest_Q106809542
fest_Q6952824,fest_Q6952824
fest_Q6969988,fest_Q6969988
fest_Q63343503,fest_Q63343503
fest_Q113414745,fest_Q113414745
fest_Q6780879,fest_Q6780879
fest_Q17020380,fest_Q17020380
fest_Q7994532,fest_Q7994532
fest_Q24997542,fest_Q24997542
fest_Q111431254,fest_Q111431254
fest_Q4851469,fest_Q4851469
fest_Q4692171,fest_Q4692171
fest_Q6907391,fest_Q6907391
fest_Q5568412,fest_Q5568412
fest_Q17014240,fest_Q17014240
fest_Q5306803,fest_Q5306803
fest_Q617378,fest_Q617378
fest_Q17015117,fest_Q17015117
fest_Q4823390,fest_Q4823390
fest_Q133852415,fest_Q133852415
fest_Q5322603,fest_Q5322603
fest_Q66421540,fest_Q66421540
fest_Q5004306,fest_Q5004306
fest_Q106246041,fest_Q106246041
fest_Q3533306,fest_Q3533306
fest_Q28224128,fest_Q28224128
fest_Q1322124,fest_Q1322124
fest_Q7660044,fest_Q7660044
fest_Q7728133,fest_Q7728133
fest_Q1711348,fest_Q1711348
fest_Q7017467,fest_Q7017467
fest_Q6811812,fest_Q6811812
fest_Q55612039,fest_Q55612039
fest_Q5157907,fest_Q5157907
fest_Q108581987,fest_Q108581987
fest_Q7767794,fest_Q7767794
fest_Q7170890,fest_Q7170890
fest_Q23641720,fest_Q23641720
fest_Q6657094,fest_Q6657094
fest_Q6952272,fest_Q6952272
fest_Q8055626,fest_Q8055626
fest_Q7537707,fest_Q7537707
fest_Q18207482,fest_Q18207482
fest_Q6811774,fest_Q6811774
fest_Q60776171,fest_Q60776171
fest_Q7332549,fest_Q7332549
fest_Q7432714,fest_Q7432714
fest_Q7649604,fest_Q7649604
fest_Q6811817,fest_Q6811817
fest_Q4690907,fest_Q4690907
fest_Q7653412,fest_Q7653412
fest_Q7021165,fest_Q7021165
fest_Q7445477,fest_Q7445477
fest_Q4868159,fest_Q4868159
fest_Q5596005,fest_Q5596005
fest_Q6811807,fest_Q6811807
fest_Q1368654,fest_Q1368654
fest_Q52009089,fest_Q52009089
fest_Q138849470,fest_Q138849470
fest_Q19873102,fest_Q19873102
fest_Q3012492,fest_Q3012492
fest_Q105638526,fest_Q105638526
fest_Q6647854,fest_Q6647854
fest_Q7967820,fest_Q7967820
fest_Q55622727,fest_Q55622727
fest_Q130712668,fest_Q130712668
fest_Q116893705,fest_Q116893705
fest_Q116893714,fest_Q116893714
fest_Q136353254,fest_Q136353254
fest_Q136353190,fest_Q136353190
fest_Q136362151,fest_Q136362151
fest_Q130712630,fest_Q130712630
fest_Q134489695,fest_Q134489695
fest_Q130712804,fest_Q130712804
fest_Q117599080,fest_Q117599080
fest_Q122860685,fest_Q122860685
fest_Q135497336,fest_Q135497336
fest_Q17049884,fest_Q17049884
fest_Q130712825,fest_Q130712825
fest_Q130712727,fest_Q130712727
fest_Q10244,fest_Q10244
fest_Q130712631,fest_Q130712631
fest_Q24952301,fest_Q24952301
fest_Q130712803,fest_Q130712803
fest_Q110234453,fest_Q110234453
fest_Q96622031,fest_Q96622031
fest_Q112612996,fest_Q112612996
fest_Q137739285,fest_Q137739285
fest_Q16977968,fest_Q16977968
fest_Q136505028,fest_Q136505028
fest_Q130712604,fest_Q130712604
fest_Q136353273,fest_Q136353273
fest_Q117749901,fest_Q117749901
fest_Q123111273,fest_Q123111273
fest_Q130712730,fest_Q130712730
fest_Q130712626,fest_Q130712626
fest_Q136362355,fest_Q136362355
fest_Q116893700,fest_Q116893700
fest_Q130712815,fest_Q130712815
fest_Q5103471,fest_Q5103471
fest_Q17014106,fest_Q17014106
fest_Q136353266,fest_Q136353266
fest_Q108553597,fest_Q108553597
fest_Q123156556,fest_Q123156556
fest_Q117802240,fest_Q117802240
fest_Q130712570,fest_Q130712570
fest_Q127797242,fest_Q127797242
fest_Q19891320,fest_Q19891320
fest_Q130712717,fest_Q130712717
fest_Q112660157,fest_Q112660157
fest_Q130712769,fest_Q130712769
fest_Q123159015,fest_Q123159015
fest_Q430574,fest_Q430574
fest_Q25588150,fest_Q25588150
fest_Q137517290,fest_Q137517290
fest_Q132200592,fest_Q132200592
fest_Q16886667,fest_Q16886667
fest_Q134792827,fest_Q134792827
fest_Q112623631,fest_Q112623631
fest_Q108417800,fest_Q108417800
fest_Q130712868,fest_Q130712868
fest_Q130712793,fest_Q130712793
fest_Q130712555,fest_Q130712555
fest_Q120653763,fest_Q120653763
fest_Q130712852,fest_Q130712852
fest_Q105703284,fest_Q105703284
fest_Q125661229,fest_Q125661229
fest_Q130712643,fest_Q130712643
fest_Q112612933,fest_Q112612933
fest_Q112617847,fest_Q112617847
fest_Q130712693,fest_Q130712693
fest_Q130712904,fest_Q130712904
fest_Q130688600,fest_Q130688600
fest_Q111944318,fest_Q111944318
fest_Q133971207,fest_Q133971207
fest_Q136353321,fest_Q136353321
fest_Q130712671,fest_Q130712671
fest_Q136362417,fest_Q136362417
fest_Q130712646,fest_Q130712646
fest_Q135489859,fest_Q135489859
fest_Q134980164,fest_Q134980164
fest_Q116908266,fest_Q116908266
fest_Q116279995,fest_Q116279995
fest_Q17065751,fest_Q17065751
fest_Q123325057,fest_Q123325057
fest_Q116908165,fest_Q116908165
fest_Q130712908,fest_Q130712908
fest_Q136353331,fest_Q136353331
fest_Q54587748,fest_Q54587748
fest_Q798911,fest_Q798911
fest_Q65052355,fest_Q65052355
fest_Q12748851,fest_Q12748851
fest_Q33106168,fest_Q33106168
fest_Q56346275,fest_Q56346275
fest_Q33106169,fest_Q33106169
fest_Q86664758,fest_Q86664758
fest_Q94636784,fest_Q94636784
fest_Q29946979,fest_Q112033258
fest_Q17492841,fest_Q17492841
fest_Q51843934,fest_Q51843934
fest_Q33106180,fest_Q33106180
fest_Q4882285,fest_Q4882285
fest_Q21013246,fest_Q21013246
fest_Q3074850,fest_Q3074850
fest_Q63979259,fest_Q63979259
fest_Q54588230,fest_Q54588230
fest_Q4393642,fest_Q112033258
fest_Q572335,fest_Q572335
fest_Q805045,fest_Q805045
fest_Q25405777,fest_Q25405777
fest_Q54803896,fest_Q54803896
fest_Q14226255,fest_Q14226255
fest_Q4288600,fest_Q4288600
fest_Q794887,fest_Q794887
fest_Q2656379,fest_Q2656379
fest_Q24911461,fest_Q24911461
fest_Q33106173,fest_Q33106173
fest_Q1421817,fest_Q1421817
fest_Q55441924,fest_Q55441924
fest_Q3070008,fest_Q3070008
fest_Q18465047,fest_Q18465047
fest_Q55356825,fest_Q55356825
fest_Q1433233,fest_Q1433233
fest_Q5511682,fest_Q5511682
fest_Q3639930,fest_Q3639930
fest_Q33106166,fest_Q33106166
fest_Q17502535,fest_Q17502535
fest_Q3040732,fest_Q3040732
fest_Q2927115,fest_Q2927115
fest_Q63098987,fest_Q63098987
fest_Q3092908,fest_Q3092908
fest_Q25536445,fest_Q112033258
fest_Q5445782,fest_Q5445782
fest_Q4066281,fest_Q4066281
fest_Q55356809,fest_Q55356809
fest_Q6345022,fest_Q6345022
fest_Q1773038,fest_Q1773038
fest_Q54803356,fest_Q54803356
fest_Q24075477,fest_Q24075477
fest_Q11050247,fest_Q11050247
fest_Q1408689,fest_Q1408689
fest_Q19386234,fest_Q19386234
fest_Q28668761,fest_Q28668761
fest_Q2440929,fest_Q2440929
fest_Q33106167,fest_Q33106167
fest_Q33106174,fest_Q33106174
fest_Q17779336,fest_Q17779336
fest_Q25458984,fest_Q25458984
fest_Q3540271,fest_Q3540271
fest_Q2123481,fest_Q2123481
fest_Q33106170,fest_Q33106170
fest_Q58006044,fest_Q58006044
fest_Q16034467,fest_Q16034467
fest_Q33100437,fest_Q33100437
fest_Q54577394,fest_Q54577394
fest_Q891526,fest_Q891526
fest_Q117087485,fest_Q117087485
fest_Q2284770,fest_Q2284770
fest_Q117087503,fest_Q117087503
fest_Q376112,fest_Q376112
fest_Q112053330,fest_Q112053330
fest_Q112185954,fest_Q112185954
fest_Q131275633,fest_Q131275633
fest_Q117087462,fest_Q117087462
fest_Q1133236,fest_Q1133236
fest_Q115236242,fest_Q115236242
fest_Q111984024,fest_Q111984024
fest_Q111983245,fest_Q111983245
fest_Q2922048,fest_Q2922048
fest_Q119002345,fest_Q119002345
fest_Q13212982,fest_Q13212982
fest_Q131597465,fest_Q131597465
fest_Q111964052,fest_Q111964052
fest_Q115236244,fest_Q115236244
fest_Q124735415,fest_Q124735415
fest_Q128858925,fest_Q128858925
fest_Q111966913,fest_Q111966913
fest_Q117087555,fest_Q117087555
fest_Q111964321,fest_Q111964321
fest_Q475430,fest_Q475430
fest_Q109037780,fest_Q109037780
fest_Q123010518,fest_Q123010518
fest_Q111983274,fest_Q111983274
fest_Q662829,fest_Q662829
fest_Q117087472,fest_Q117087472
fest_Q2485118,fest_Q2485118
fest_Q4826093,fest_Q4826093
fest_Q117087478,fest_Q117087478
fest_Q131345426,fest_Q131345426
fest_Q123010515,fest_Q123010515
fest_Q124611458,fest_Q124611458
fest_Q123529075,fest_Q123529075
fest_Q3425199,fest_Q3425199
fest_Q2307031,fest_Q2307031
fest_Q112053405,fest_Q112053405
fest_Q117087496,fest_Q117087496
fest_Q117087507,fest_Q117087507
fest_Q2856346,fest_Q2856346
fest_Q112184603,fest_Q112184603
fest_Q3130130,fest_Q3130130
fest_Q114839858,fest_Q114839858
fest_Q111983813,fest_Q111983813
fest_Q117284078,fest_Q117284078
fest_Q122031279,fest_Q122031279
fest_Q2799112,fest_Q2799112
fest_Q115236255,fest_Q115236255
fest_Q112185875,fest_Q112185875
fest_Q1948068,fest_Q1948068
fest_Q122030555,fest_Q122030555
fest_Q126487038,fest_Q126487038
fest_Q2236734,fest_Q2236734
fest_Q2089965,fest_Q2089965
fest_Q125213566,fest_Q125213566
fest_Q112053263,fest_Q111983813
fest_Q80949,fest_Q80949
fest_Q112052913,fest_Q112052913
fest_Q112054205,fest_Q112054205
fest_Q96650089,fest_Q96650089
fest_Q117087516,fest_Q117087516
fest_Q2423538,fest_Q2423538
fest_Q4354765,fest_Q4354765
fest_Q4996129,fest_Q4996129
fest_Q118953344,fest_Q118953344
fest_Q112053441,fest_Q112053441
fest_Q81610,fest_Q81610
fest_Q117087515,fest_Q117087515
fest_Q112053296,fest_Q112053296
fest_Q1268418,fest_Q1268418
fest_Q115236243,fest_Q115236243
fest_Q117087526,fest_Q117087526
fest_Q2524862,fest_Q2524862
fest_Q112054245,fest_Q112054245
fest_Q117087542,fest_Q117087542
fest_Q130385162,fest_Q130385162
fest_Q1547573,fest_Q1547573
fest_Q1982882,fest_Q1982882
fest_Q117087493,fest_Q117087493
fest_Q111963877,fest_Q111963877
fest_Q5312579,fest_Q5312579
fest_Q1879540,fest_Q1879540
fest_Q117087524,fest_Q117087524
fest_Q115236236,fest_Q115236236
fest_Q117794100,fest_Q117794100
fest_Q107574886,fest_Q107574886
fest_Q21490948,fest_Q21490948
fest_Q134774353,fest_Q134774353
fest_Q106097078,fest_Q106097078
fest_Q107422705,fest_Q107422705
fest_Q116033868,fest_Q116033868
fest_Q113839933,fest_Q113839933
fest_Q112659908,fest_Q112659908
fest_Q116181461,fest_Q116181461
fest_Q63315475,fest_Q63315475
fest_Q96622031,fest_Q96622031
fest_Q92579799,fest_Q92579799
fest_Q108172946,fest_Q108172946
fest_Q137516000,fest_Q137516000
fest_Q5115569,fest_Q5115569
fest_Q97185727,fest_Q97185727
fest_Q17354578,fest_Q17354578
fest_Q16069797,fest_Q16069797
fest_Q107073590,fest_Q107073590
fest_Q107453693,fest_Q107453693
fest_Q38964592,fest_Q38964592
fest_Q108803788,fest_Q108803788
fest_Q116033862,fest_Q116033862
fest_Q112621590,fest_Q112621590
fest_Q123331690,fest_Q123331690
fest_Q116033863,fest_Q116033863
fest_Q126940977,fest_Q126940977
fest_Q112033258,fest_Q112033258
fest_Q116033866,fest_Q116033866
fest_Q15991824,fest_Q15991824
fest_Q111462551,fest_Q111462551
fest_Q50414249,fest_Q50414249
fest_Q125874444,fest_Q125874444
fest_Q115170429,fest_Q115170429
fest_Q136050930,fest_Q136050930
fest_Q138172086,fest_Q138172086
fest_Q108770696,fest_Q108770696
fest_Q115153874,fest_Q115153874
fest_Q15874171,fest_Q15874171
fest_Q112486235,fest_Q112486235
fest_Q116033865,fest_Q116033865
fest_Q115160954,fest_Q115160954
fest_Q30612298,fest_Q30612298
fest_Q117794211,fest_Q117794211
fest_Q115154411,fest_Q115154411
fest_Q129198556,fest_Q129198556
fest_Q15875465,fest_Q15875465
fest_Q54202417,fest_Q54202417
fest_Q7354740,fest_Q7354740
fest_Q19206998,fest_Q19206998
fest_Q42165678,fest_Q42165678
fest_Q20823612,fest_Q20823612
fest_Q2613396,fest_Q2613396
fest_Q23925671,fest_Q23925671
fest_Q31190698,fest_Q31190698
fest_Q124221051,fest_Q124221051
fest_Q115154531,fest_Q115154531
fest_Q9697538,fest_Q9697538
fest_Q16497294,fest_Q16497294
fest_Q4968603,fest_Q4968603
fest_Q127335869,fest_Q127335869
fest_Q116821895,fest_Q116821895
fest_Q4968595,fest_Q4968595
fest_Q109530554,fest_Q109530554
fest_Q24969549,fest_Q24969549
fest_Q4958900,fest_Q4958900
fest_Q17995964,fest_Q17995964
fest_Q18476898,fest_Q18476898
fest_Q16034467,fest_Q16034467
fest_Q8964906,fest_Q8964906
fest_Q116821892,fest_Q116821892
fest_Q18477812,fest_Q18477812
fest_Q7300437,fest_Q7300437
fest_Q116821894,fest_Q116821894
fest_Q18464392,fest_Q18464392
fest_Q10281773,fest_Q10281773
fest_Q3028738,fest_Q3028738
fest_Q18467868,fest_Q18467868
fest_Q4904581,fest_Q4904581
fest_Q10281980,fest_Q10281980
fest_Q80949,fest_Q80949
fest_Q127329161,fest_Q127329161
fest_Q127329167,fest_Q127329167
fest_Q9006025,fest_Q9006025
fest_Q127329467,fest_Q127329467
fest_Q112615440,fest_Q112615440
fest_Q10335626,fest_Q10335626
fest_Q545584,fest_Q545584
fest_Q135840916,fest_Q135840916
fest_Q139603935,fest_Q139603935
fest_Q84533874,fest_Q84533874
fest_Q127329181,fest_Q127329181
fest_Q81610,fest_Q81610
fest_Q127333532,fest_Q127333532
fest_Q9719362,fest_Q9719362
fest_Q101599202,fest_Q101599202
fest_Q10281956,fest_Q10281956
fest_Q16952930,fest_Q16952930
fest_Q127328811,fest_Q127328811
fest_Q5347112,fest_Q5347112
fest_Q127329193,fest_Q127329193
fest_Q137739285,fest_Q137739285
fest_Q9610154,fest_Q9610154
fest_Q50414249,fest_Q50414249
fest_Q127331152,fest_Q127331152
fest_Q3848622,fest_Q3848622
fest_Q9660320,fest_Q9660320
fest_Q116821891,fest_Q116821891
fest_Q1075347,fest_Q1075347
fest_Q127337171,fest_Q127337171
fest_Q5328323,fest_Q5328323
fest_Q18243472,fest_Q18243472
fest_Q125599959,fest_Q125599959
fest_Q4947296,fest_Q4947296
fest_Q3617564,fest_Q3617564
fest_Q10369872,fest_Q10369872
fest_Q10283236,fest_Q10283236
fest_Q63315475,fest_Q63315475
fest_Q10281999,fest_Q10281999
fest_Q6381503,fest_Q6381503
fest_Q16498285,fest_Q16498285
fest_Q10281997,fest_Q10281997
fest_Q45021690,fest_Q45021690
fest_Q10281801,fest_Q10281801
fest_Q8048120,fest_Q8048120
fest_Q130531831,fest_Q130531831
fest_Q10282001,fest_Q10282001
fest_Q5445654,fest_Q5445654
fest_Q127329387,fest_Q127329387
fest_Q127334784,fest_Q127334784
fest_Q1133236,fest_Q1133236
fest_Q16829590,fest_Q16829590
fest_Q65089389,fest_Q65089389
fest_Q10281732,fest_Q10281732
fest_Q10281793,fest_Q10281793
fest_Q112080326,fest_Q112080326
fest_Q17995332,fest_Q17995332
fest_Q130385162,fest_Q130385162
fest_Q782793,fest_Q782793
fest_Q70751104,fest_Q70751104
fest_Q7211012,fest_Q7211012
fest_Q10264164,fest_Q10264164
fest_Q127336311,fest_Q127336311
fest_Q746947,fest_Q746947
fest_Q19708219,fest_Q19708219
fest_Q4790906,fest_Q4790906
fest_Q116821893,fest_Q116821893
fest_Q55605278,fest_Q55605278
fest_Q21020252,fest_Q21020252
fest_Q54864384,fest_Q54864384
fest_Q138817866,fest_Q138817866
fest_Q86740825,fest_Q86740825
fest_Q138808532,fest_Q138808532
fest_Q132652860,fest_Q132652860
fest_Q4875387,fest_Q4875387
fest_Q30939126,fest_Q30939126
fest_Q61846485,fest_Q61846485
fest_Q62595089,fest_Q62595089
fest_Q56351611,fest_Q56351611
fest_Q42387577,fest_Q42387577
fest_Q138818063,fest_Q138818063
fest_Q114866361,fest_Q114866361
fest_Q7422993,fest_Q7422993
fest_Q133805362,fest_Q133805362
fest_Q61791944,fest_Q61791944
fest_Q16115980,fest_Q16115980
fest_Q55632569,fest_Q55632569
fest_Q114347478,fest_Q114347478
fest_Q55075152,fest_Q55075152
fest_Q7295277,fest_Q7295277
fest_Q111738409,fest_Q111738409
fest_Q105979888,fest_Q105979888
fest_Q107285736,fest_Q107285736
fest_Q138797787,fest_Q138797787
fest_Q90052538,fest_Q90052538
fest_Q128108280,fest_Q128108280
fest_Q106188930,fest_Q106188930
fest_Q96622031,fest_Q96622031
fest_Q48878067,fest_Q48878067
fest_Q55630076,fest_Q55630076
fest_Q124466550,fest_Q124466550
fest_Q55637261,fest_Q55637261
fest_Q125465900,fest_Q125465900
fest_Q63803041,fest_Q63803041
fest_Q28679584,fest_Q28679584
fest_Q115626612,fest_Q115626612
fest_Q138820727,fest_Q138820727
fest_Q125395092,fest_Q125395092
fest_Q105730568,fest_Q105730568
fest_Q110685305,fest_Q110685305
fest_Q123692553,fest_Q123692553
fest_Q55614515,fest_Q55614515
fest_Q55630247,fest_Q55630247
fest_Q138809030,fest_Q138809030
fest_Q108262539,fest_Q108262539
fest_Q115048266,fest_Q115048266
fest_Q55607852,fest_Q55607852
fest_Q66315607,fest_Q66315607
fest_Q126959025,fest_Q126959025
fest_Q26265418,fest_Q26265418
fest_Q138808531,fest_Q138808531
fest_Q106559996,fest_Q106559996
fest_Q42402171,fest_Q42402171
fest_Q61000339,fest_Q61000339
fest_Q28677197,fest_Q28677197
fest_Q112225305,fest_Q112225305
fest_Q138818254,fest_Q138818254
fest_Q25419802,fest_Q25419802
fest_Q86738652,fest_Q86738652
fest_Q108121534,fest_Q108121534
fest_Q30540488,fest_Q30540488
fest_Q13090411,fest_Q13090411
fest_Q113552637,fest_Q113552637
fest_Q55633713,fest_Q55633713
fest_Q65129637,fest_Q65129637
fest_Q55614320,fest_Q55614320
fest_Q63746744,fest_Q63746744
fest_Q114444726,fest_Q114444726
fest_Q19059464,fest_Q19059464
fest_Q6843456,fest_Q6843456
fest_Q9081812,fest_Q9081812
fest_Q3744009,fest_Q3744009
fest_Q11687544,fest_Q11687544
fest_Q7687705,fest_Q7687705
fest_Q116222290,fest_Q116222290
fest_Q6168894,fest_Q6168894
fest_Q6757771,fest_Q6757771
fest_Q19328355,fest_Q19328355
fest_Q5404784,fest_Q5404784
fest_Q114964373,fest_Q114964373
fest_Q9096441,fest_Q9096441
fest_Q124102008,fest_Q124102008
fest_Q8024867,fest_Q8024867
fest_Q6168749,fest_Q6168749
fest_Q60850003,fest_Q60850003
fest_Q2259748,fest_Q2259748
fest_Q1023986,fest_Q1023986
fest_Q6168759,fest_Q6168759
fest_Q106957967,fest_Q106957967
fest_Q4802690,fest_Q4802690
fest_Q4802683,fest_Q4802683
fest_Q16142280,fest_Q16142280
fest_Q20016913,fest_Q20016913
fest_Q3744008,fest_Q3744008
fest_Q7057560,fest_Q7057560
fest_Q6059351,fest_Q6059351
fest_Q20016917,fest_Q20016917
fest_Q6168821,fest_Q6168821
fest_Q6168916,fest_Q6168916
fest_Q51842888,fest_Q51842888
fest_Q6168769,fest_Q6168769
fest_Q5157900,fest_Q5157900
fest_Q55610059,fest_Q55610059
fest_Q24435796,fest_Q24435796
fest_Q6168927,fest_Q6168927
fest_Q4618793,fest_Q4618793
fest_Q6168930,fest_Q6168930
fest_Q110103890,fest_Q110103890
fest_Q15477144,fest_Q15477144
fest_Q4168006,fest_Q4168006
fest_Q15043434,fest_Q15043434
fest_Q5858775,fest_Q5858775
fest_Q4167984,fest_Q4167984
fest_Q28501465,fest_Q28501465
fest_Q6168790,fest_Q6168790
fest_Q6168936,fest_Q6168936
fest_Q123034336,fest_Q123034336
fest_Q5861340,fest_Q5861340
fest_Q6168940,fest_Q6168940
fest_Q67131205,fest_Q67131205
fest_Q14686742,fest_Q14686742
fest_Q81709125,fest_Q81709125
fest_Q6168799,fest_Q6168799
fest_Q6168796,fest_Q6168796
fest_Q6168948,fest_Q6168948
fest_Q20019058,fest_Q20019058
fest_Q7679967,fest_Q7679967
fest_Q6168953,fest_Q6168953
fest_Q5815860,fest_Q5815860
fest_Q6168958,fest_Q6168958
fest_Q6168807,fest_Q6168807
fest_Q6168804,fest_Q6168804
fest_Q20019061,fest_Q20019061
fest_Q134361417,fest_Q134361417
fest_Q6168811,fest_Q6168811
fest_Q139603246,fest_Q139603246
fest_Q33111556,fest_Q33111556
fest_Q20019064,fest_Q20019064
fest_Q15519773,fest_Q15519773
fest_Q20019065,fest_Q20019065
fest_Q6168814,fest_Q6168814
fest_Q5659100,fest_Q5659100
fest_Q6168819,fest_Q6168819
fest_Q6168817,fest_Q6168817
fest_Q107359695,fest_Q107359695
fest_Q108551189,fest_Q108551189
fest_Q136481281,fest_Q136481281
fest_Q125491365,fest_Q125491365
fest_Q111282776,fest_Q111282776
fest_Q22080139,fest_Q22080139
fest_Q3115407,fest_Q3115407
fest_Q6168984,fest_Q6168984
fest_Q5095554,fest_Q5095554
fest_Q6168990,fest_Q6168990
fest_Q4473910,fest_Q4473910
fest_Q6168993,fest_Q6168993
fest_Q5861105,fest_Q5861105
fest_Q5036248,fest_Q5036248
fest_Q6168828,fest_Q6168828
fest_Q5576680,fest_Q5576680
fest_Q6168997,fest_Q6168997
fest_Q11092978,fest_Q11092978
fest_Q131347051,fest_Q131347051
fest_Q21002516,fest_Q21002516
fest_Q9096417,fest_Q9096417
fest_Q108764273,fest_Q108764273
fest_Q115942710,fest_Q115942710
fest_Q106632483,fest_Q106632483
fest_Q20019074,fest_Q20019074
fest_Q6169012,fest_Q6169012
fest_Q6374325,fest_Q6374325
fest_Q6168865,fest_Q6168865
fest_Q4199911,fest_Q4199911
fest_Q7144161,fest_Q7144161
fest_Q81610,fest_Q81610
fest_Q6356511,fest_Q6356511
fest_Q20016878,fest_Q20016878
fest_Q4473919,fest_Q4473919
fest_Q6168882,fest_Q6168882
fest_Q5270148,fest_Q5270148
fest_Q54912534,fest_Q54912534
fest_Q139823010,fest_Q139823010
fest_Q126184062,fest_Q126184062
fest_Q108326238,fest_Q108326238
fest_Q16976237,fest_Q16976237
fest_Q135317660,fest_Q135317660
fest_Q16567572,fest_Q16567572
fest_Q130449694,fest_Q130449694
fest_Q96622031,fest_Q96622031
fest_Q5421470,fest_Q5421470
fest_Q137033966,fest_Q137033966
fest_Q6050049,fest_Q6050049
fest_Q580654,fest_Q580654
fest_Q6135496,fest_Q6135496
fest_Q126957591,fest_Q126957591
fest_Q3694370,fest_Q3694370
fest_Q133284716,fest_Q133284716
fest_Q131227847,fest_Q131227847
fest_Q24075477,fest_Q24075477
fest_Q131275633,fest_Q131275633
fest_Q6051033,fest_Q6051033
fest_Q7318795,fest_Q7318795
fest_Q1133236,fest_Q1133236
fest_Q5445813,fest_Q5445813
fest_Q5861134,fest_Q5861134
fest_Q5445820,fest_Q5445820
fest_Q5180480,fest_Q5180480
fest_Q2613047,fest_Q2613047
fest_Q124539982,fest_Q124539982
fest_Q7857911,fest_Q7857911
fest_Q12333811,fest_Q12333811
fest_Q66588073,fest_Q66588073
fest_Q110217976,fest_Q110217976
fest_Q108816208,fest_Q108816208
fest_Q7369009,fest_Q7369009
fest_Q108816702,fest_Q108816702
fest_Q10459001,fest_Q10459001
fest_Q258417,fest_Q258417
fest_Q10459001,fest_Q10459001
fest_Q21065149,fest_Q21065149
fest_Q25038242,fest_Q25038242
fest_Q21762313,fest_Q21762313
fest_Q12322858,fest_Q12322858
fest_Q12333805,fest_Q12333805
fest_Q111442284,fest_Q111442284
fest_Q57408666,fest_Q57408666
fest_Q12333808,fest_Q12333808
fest_Q109554261,fest_Q109554261
fest_Q12333807,fest_Q12333807
fest_Q16324383,fest_Q16324383
fest_Q12333810,fest_Q12333810
fest_Q7369007,fest_Q7369007
fest_Q6485867,fest_Q6485867
fest_Q112613033,fest_Q112613033
fest_Q135116222,fest_Q135116222
fest_Q12333804,fest_Q12333804
fest_Q17482227,fest_Q17482227
fest_Q50471315,fest_Q50471315
fest_Q1069508,fest_Q1069508
fest_Q108816621,fest_Q108816621
fest_Q7369005,fest_Q7369005
fest_Q12333806,fest_Q12333806
fest_Q80949,fest_Q80949
fest_Q131468037,fest_Q131468037
fest_Q12306687,fest_Q12306687
fest_Q12306687,fest_Q12306687
fest_Q12333803,fest_Q12333803
fest_Q108816617,fest_Q108816617
fest_Q16324382,fest_Q16324382
fest_Q108816623,fest_Q108816623
fest_Q5219679,fest_Q5219679
fest_Q12333802,fest_Q12333802
fest_Q28928997,fest_Q28928997
fest_Q5157911,fest_Q5157911
fest_Q18618544,fest_Q18618544
fest_Q7881914,fest_Q7881914
fest_Q109472952,fest_Q109472952
fest_Q25110850,fest_Q25110850
fest_Q12342732,fest_Q12342732
fest_Q12333800,fest_Q12333800
fest_Q12311192,fest_Q12311192
fest_Q108816620,fest_Q108816620
fest_Q135116233,fest_Q135116233
fest_Q135987242,fest_Q135987242
fest_Q139901480,fest_Q139901480
fest_Q108816420,fest_Q108816420
fest_Q81610,fest_Q81610
fest_Q12333812,fest_Q12333812
fest_Q97462547,fest_Q97462547
fest_Q108816622,fest_Q108816622
fest_Q29152581,fest_Q29152581
fest_Q2947200,fest_Q2947200
fest_Q17341772,fest_Q17341772
fest_Q7369010,fest_Q7369010
fest_Q4727824,fest_Q4727824
fest_Q108816699,fest_Q108816699
fest_Q5266038,fest_Q5266038
fest_Q3430342,fest_Q3430342
fest_Q12333798,fest_Q12333798
fest_Q5255323,fest_Q5255323
fest_Q16324385,fest_Q16324385
fest_Q12314109,fest_Q12314109
fest_Q12314109,fest_Q12314109
fest_Q108816202,fest_Q108816202
fest_Q64569200,fest_Q64569200
fest_Q56063696,fest_Q56063696
fest_Q112237231,fest_Q112237231
fest_Q17081230,fest_Q17081230
fest_Q108816698,fest_Q108816698
fest_Q17509342,fest_Q17509342
fest_Q16324384,fest_Q16324384
fest_Q135116239,fest_Q135116239
fest_Q12333801,fest_Q12333801
fest_Q5434248,fest_Q5434248
fest_Q5434248,fest_Q5434248
fest_Q16991678,fest_Q16991678
fest_Q64994907,fest_Q64994907
fest_Q28167921,fest_Q28167921
fest_Q3435973,fest_Q3435973
fest_Q3962454,fest_Q3962454
fest_Q130712684,fest_Q130712684
fest_Q108816476,fest_Q108816476
fest_Q108816493,fest_Q108816493
fest_Q1118605,fest_Q1118605
fest_Q12333632,fest_Q12333632
fest_Q7928850,fest_Q7928850
fest_Q3425467,fest_Q3425467
fest_Q112617138,fest_Q112617138
fest_Q85797933,fest_Q85797933
fest_Q545584,fest_Q545584
fest_Q108816624,fest_Q108816624
fest_Q12333799,fest_Q12333799
fest_Q108816701,fest_Q108816701
fest_Q16989031,fest_Q16989031
fest_Q5211295,fest_Q5211295
fest_Q6918116,fest_Q6918116
fest_Q7707679,fest_Q7707679
fest_Q108816178,fest_Q108816178
fest_Q108816492,fest_Q108816492
fest_Q662829,fest_Q662829
fest_Q662829,fest_Q662829
fest_Q31193509,fest_Q31193509
fest_Q12333809,fest_Q12333809
fest_Q7602460,fest_Q7602460
fest_Q1997010,fest_Q1997010
fest_Q135116680,fest_Q135116680
fest_Q11983109,fest_Q11983109
fest_Q108816619,fest_Q108816619
fest_Q6484244,fest_Q6484244
fest_Q108816494,fest_Q108816494
fest_Q108816700,fest_Q108816700
fest_Q124539982,fest_Q124539982
fest_Q106676266,fest_Q106676266
fest_Q121682802,fest_Q121682802
fest_Q123604829,fest_Q123604829
fest_Q12644207,fest_Q12644207
fest_Q3617564,fest_Q3617564
fest_Q104891169,fest_Q104891169
fest_Q112622457,fest_Q112622457
fest_Q131472248,fest_Q131472248
fest_Q138381580,fest_Q138381580
fest_Q12016672,fest_Q12016672
fest_Q106612670,fest_Q106612670
fest_Q5876332,fest_Q5876332
fest_Q12058473,fest_Q12058473
fest_Q10396698,fest_Q10396698
fest_Q12221393,fest_Q12221393
fest_Q12630976,fest_Q12630976
fest_Q4685615,fest_Q4685615
fest_Q5264411,fest_Q5264411
fest_Q12354195,fest_Q12354195
fest_Q113360468,fest_Q113360468
fest_Q18006511,fest_Q18006511
fest_Q12058968,fest_Q12058968
fest_Q27555477,fest_Q27555477
fest_Q109567034,fest_Q109567034
fest_Q60161744,fest_Q60161744
fest_Q1278356,fest_Q1278356
fest_Q131334835,fest_Q131334835
fest_Q30242242,fest_Q30242242
fest_Q118118480,fest_Q118118480
fest_Q21659661,fest_Q21659661
fest_Q6786726,fest_Q6786726
fest_Q11706376,fest_Q11706376
fest_Q125807006,fest_Q125807006
fest_Q61728467,fest_Q61728467
fest_Q3513877,fest_Q3513877
fest_Q7237677,fest_Q7237677
fest_Q17573685,fest_Q17573685
fest_Q11773871,fest_Q11773871
fest_Q12038552,fest_Q12038552
fest_Q12630969,fest_Q12630969
fest_Q20057394,fest_Q20057394
fest_Q131419079,fest_Q131419079
fest_Q7632447,fest_Q7632447
fest_Q131336018,fest_Q131336018
fest_Q11773873,fest_Q11773873
fest_Q117035823,fest_Q117035823
fest_Q5586807,fest_Q5586807
fest_Q48831837,fest_Q48831837
fest_Q121682677,fest_Q121682677
fest_Q5201741,fest_Q5201741
fest_Q136289011,fest_Q136289011
fest_Q3510937,fest_Q3510937
fest_Q93956718,fest_Q93956718
fest_Q22262482,fest_Q22262482
fest_Q131418901,fest_Q131418901
fest_Q12643646,fest_Q12643646
fest_Q12041853,fest_Q12041853
fest_Q5698187,fest_Q5698187
fest_Q26161577,fest_Q26161577
fest_Q60366252,fest_Q60366252
fest_Q44326566,fest_Q44326566
fest_Q107229240,fest_Q107229240
fest_Q12638009,fest_Q12638009
fest_Q104840435,fest_Q104840435
fest_Q26982039,fest_Q26982039
fest_Q12060313,fest_Q12060313
fest_Q131315275,fest_Q131315275
fest_Q104635478,fest_Q104635478
fest_Q12016795,fest_Q12016795
fest_Q130712886,fest_Q130712886
fest_Q123734154,fest_Q123734154
fest_Q12038182,fest_Q12038182
fest_Q7279969,fest_Q7279969
fest_Q66817205,fest_Q66817205
fest_Q42993305,fest_Q42993305
fest_Q662829,fest_Q662829
fest_Q12046766,fest_Q12046766
fest_Q59221158,fest_Q59221158
fest_Q24192639,fest_Q24192639
fest_Q113680960,fest_Q113680960
fest_Q101599202,fest_Q101599202
fest_Q12745604,fest_Q12745604
fest_Q117599979,fest_Q117599979
fest_Q111943397,fest_Q111943397
fest_Q117661923,fest_Q117661923
fest_Q130712913,fest_Q130712913
fest_Q20527082,fest_Q20527082
fest_Q117456147,fest_Q117456147
fest_Q117662400,fest_Q117662400
fest_Q117706038,fest_Q117706038
fest_Q122150399,fest_Q122150399
fest_Q117599399,fest_Q117599399
fest_Q2265649,fest_Q2265649
fest_Q135654882,fest_Q135654882
fest_Q113140891,fest_Q113140891
fest_Q112191628,fest_Q112191628
fest_Q131289525,fest_Q131289525
fest_Q135458449,fest_Q135458449
fest_Q25500125,fest_Q25500125
fest_Q12645507,fest_Q12645507
fest_Q115436356,fest_Q115436356
fest_Q117035706,fest_Q117035706
fest_Q117662134,fest_Q117662134
fest_Q112274802,fest_Q112274802
fest_Q117661960,fest_Q117661960
fest_Q113952228,fest_Q113952228
fest_Q117599727,fest_Q117599727
fest_Q117599579,fest_Q117599579
fest_Q65071396,fest_Q65071396
fest_Q117662603,fest_Q117662603
fest_Q18713042,fest_Q18713042
fest_Q135474555,fest_Q135474555
fest_Q16113327,fest_Q16113327
fest_Q117662305,fest_Q117662305
fest_Q116907447,fest_Q116907447
fest_Q108809043,fest_Q108809043
fest_Q136472780,fest_Q136472780
fest_Q12956992,fest_Q12956992
fest_Q115519555,fest_Q115519555
fest_Q117599618,fest_Q117599618
fest_Q117599918,fest_Q117599918
fest_Q117599320,fest_Q117599320
fest_Q117035731,fest_Q117035731
fest_Q117706270,fest_Q117706270
fest_Q31200259,fest_Q31200259
fest_Q117662095,fest_Q117662095
fest_Q117599785,fest_Q117599785
fest_Q117599491,fest_Q117599491
fest_Q117662203,fest_Q117662203
fest_Q1133236,fest_Q1133236
fest_Q109512562,fest_Q109512562
fest_Q81610,fest_Q81610
fest_Q117706311,fest_Q117706311
fest_Q117662514,fest_Q117662514
fest_Q115740102,fest_Q115740102
fest_Q6111504,fest_Q6111504
fest_Q130712784,fest_Q130712784
fest_Q117599823,fest_Q117599823
fest_Q110264185,fest_Q110264185
fest_Q31965926,fest_Q31965926
fest_Q3358839,fest_Q3358839
fest_Q129658162,fest_Q129658162
fest_Q829363,fest_Q829363
fest_Q67831982,fest_Q67831982
fest_Q12630967,fest_Q12630967
fest_Q4601298,fest_Q4601298
fest_Q5447342,fest_Q5447342
fest_Q129656533,fest_Q129656533
fest_Q133825285,fest_Q133825285
fest_Q5861729,fest_Q5861729
fest_Q133804057,fest_Q133804057
fest_Q112595903,fest_Q112595903
fest_Q137186035,fest_Q137186035
fest_Q68026902,fest_Q68026902
fest_Q129653037,fest_Q129653037
fest_Q5119452,fest_Q5119452
fest_Q47964898,fest_Q47964898
fest_Q68966535,fest_Q68966535
fest_Q16834839,fest_Q16834839
fest_Q129653470,fest_Q129653470
fest_Q1284693,fest_Q1284693
fest_Q117202248,fest_Q117202248
fest_Q21006870,fest_Q21006870
fest_Q129652966,fest_Q129652966
fest_Q5338146,fest_Q5338146
fest_Q65237899,fest_Q65237899
fest_Q129654049,fest_Q129654049
fest_Q4598638,fest_Q4598638
fest_Q105703284,fest_Q105703284
fest_Q85759420,fest_Q85759420
fest_Q136376725,fest_Q136376725
fest_Q106946693,fest_Q106946693
fest_Q1133236,fest_Q1133236
fest_Q120263404,fest_Q120263404
fest_Q7077014,fest_Q7077014
fest_Q4288599,fest_Q4288599
fest_Q17069789,fest_Q17069789
fest_Q129653889,fest_Q129653889
fest_Q5613183,fest_Q5613183
fest_Q43062532,fest_Q43062532
fest_Q4852692,fest_Q4852692
fest_Q60850003,fest_Q60850003
fest_Q64607727,fest_Q64607727
fest_Q56317877,fest_Q56317877
fest_Q10244,fest_Q10244
fest_Q125358639,fest_Q125358639
fest_Q110264185,fest_Q110264185
fest_Q65254802,fest_Q65254802
fest_Q96622031,fest_Q96622031
fest_Q12015639,fest_Q12015639
fest_Q106632483,fest_Q106632483
fest_Q17035928,fest_Q17035928
fest_Q7932770,fest_Q7932770
fest_Q11856211,fest_Q11856211
fest_Q4824816,fest_Q4824816
fest_Q15819138,fest_Q15819138
fest_Q136472780,fest_Q136472780
fest_Q137393968,fest_Q137393968
fest_Q2613628,fest_Q2613628
fest_Q98433660,fest_Q98433660
fest_Q131851351,fest_Q131851351
fest_Q125867585,fest_Q125867585
fest_Q5861255,fest_Q5861255
fest_Q21042070,fest_Q21042070
fest_Q1133236,fest_Q1133236
fest_Q115942710,fest_Q115942710
fest_Q65152687,fest_Q65152687
fest_Q11862160,fest_Q11862160
fest_Q15210367,fest_Q15210367
fest_Q125637783,fest_Q125637783
fest_Q24955623,fest_Q24955623
fest_Q114558589,fest_Q114558589
fest_Q111677584,fest_Q111677584
fest_Q113553776,fest_Q113553776
fest_Q3765292,fest_Q3765292
fest_Q7370637,fest_Q7370637
fest_Q2722469,fest_Q2722469
fest_Q3660978,fest_Q3660978
fest_Q479014,fest_Q479014
fest_Q31023,fest_Q31023
fest_Q5052269,fest_Q5052269
fest_Q5050453,fest_Q5050453
fest_Q3649159,fest_Q3649159
fest_Q1423773,fest_Q1423773
fest_Q6907083,fest_Q6907083
fest_Q3660434,fest_Q3660434
fest_Q1059856,fest_Q1059856
fest_Q7190443,fest_Q7190443
fest_Q7537703,fest_Q7537703
fest_Q10244,fest_Q10244
fest_Q3660960,fest_Q3660960
fest_Q3536399,fest_Q3536399
fest_Q2824458,fest_Q2824458
fest_Q5102229,fest_Q5102229
fest_Q3006213,fest_Q3006213
fest_Q7901139,fest_Q7901139
fest_Q10269,fest_Q10269
fest_Q931282,fest_Q135274167
fest_Q4006964,fest_Q4006964
fest_Q2777041,fest_Q2777041
fest_Q3743890,fest_Q3743890
fest_Q15121559,fest_Q15121559
fest_Q3859314,fest_Q3859314
fest_Q6730379,fest_Q6730379
fest_Q7229931,fest_Q7229931
fest_Q3106863,fest_Q3106863
fest_Q3055994,fest_Q3055994
fest_Q4850838,fest_Q4850838
fest_Q6434290,fest_Q6434290
fest_Q859333,fest_Q859333
fest_Q5211604,fest_Q5211604
fest_Q777550,fest_Q777550
fest_Q7270654,fest_Q7270654
fest_Q5170796,fest_Q5170796
fest_Q6473598,fest_Q6473598
fest_Q3744066,fest_Q3744066
fest_Q4750236,fest_Q4750236
fest_Q3866166,fest_Q3866166
fest_Q1771621,fest_Q1771621
fest_Q7136956,fest_Q7136956
fest_Q3885588,fest_Q3885588
fest_Q16130575,fest_Q16130575
fest_Q1520962,fest_Q1520962
fest_Q3754234,fest_Q3754234
fest_Q5359316,fest_Q5359316
fest_Q6781028,fest_Q6781028
fest_Q7698448,fest_Q7698448
fest_Q3744269,fest_Q3744269
fest_Q6635504,fest_Q6635504
fest_Q12408685,fest_Q12408685
fest_Q13109912,fest_Q13109912
fest_Q3908479,fest_Q3908479
fest_Q430574,fest_Q430574
fest_Q3070008,fest_Q3070008
fest_Q3070008,fest_Q3070008
fest_Q4787874,fest_Q4787874
fest_Q2979868,fest_Q2979868
fest_Q3639930,fest_Q3639930
fest_Q3910732,fest_Q3910732
fest_Q6810925,fest_Q6810925
fest_Q5475545,fest_Q5475545
fest_Q6738769,fest_Q6738769
fest_Q3883892,fest_Q3883892
fest_Q7522234,fest_Q7522234
fest_Q7368832,fest_Q7368832
fest_Q5431407,fest_Q5431407
fest_Q3650643,fest_Q3650643
fest_Q3494208,fest_Q3494208
fest_Q3651984,fest_Q3651984
fest_Q1141851,fest_Q1141851
fest_Q3815261,fest_Q3815261
fest_Q6459626,fest_Q6459626
fest_Q2923922,fest_Q2923922
fest_Q3744064,fest_Q3744064
fest_Q3874966,fest_Q3874966
fest_Q16928366,fest_Q16928366
fest_Q2000081,fest_Q2000081
fest_Q7427940,fest_Q7427940
fest_Q3566356,fest_Q3566356
fest_Q1850560,fest_Q1850560
fest_Q5620569,fest_Q5620569
fest_Q6345022,fest_Q6345022
fest_Q29271,fest_Q29271
fest_Q4900656,fest_Q4900656
fest_Q6697775,fest_Q6697775
fest_Q7723263,fest_Q7723263
fest_Q13112508,fest_Q13112508
fest_Q12411505,fest_Q12411505
fest_Q12976761,fest_Q12976761
fest_Q7967794,fest_Q7967794
fest_Q5357459,fest_Q5357459
fest_Q12414710,fest_Q12414710
fest_Q4121183,fest_Q4121183
fest_Q870188,fest_Q870188
fest_Q10266,fest_Q10266
fest_Q6393406,fest_Q6393406
fest_Q3660958,fest_Q3660958
fest_Q3873386,fest_Q3873386
fest_Q3663939,fest_Q3663939
fest_Q10274,fest_Q10274
fest_Q16252492,fest_Q16252492
fest_Q7590951,fest_Q7590951
fest_Q3930568,fest_Q3930568
fest_Q5517546,fest_Q5517546
fest_Q1138898,fest_Q1138898
fest_Q220281,fest_Q220281
fest_Q1328626,fest_Q1328626
fest_Q3876059,fest_Q3876059
fest_Q3778094,fest_Q3778094
fest_Q3743989,fest_Q3743989
fest_Q6506012,fest_Q6506012
fest_Q3686962,fest_Q3686962
fest_Q3800067,fest_Q3800067
fest_Q5740920,fest_Q5740920
fest_Q4900574,fest_Q4900574
fest_Q929250,fest_Q929250
fest_Q1408417,fest_Q1408417
fest_Q1000998,fest_Q1000998
fest_Q2612687,fest_Q2612687
fest_Q851227,fest_Q851227
fest_Q4929287,fest_Q4929287
fest_Q12418384,fest_Q12418384
fest_Q25403019,fest_Q25403019
fest_Q84034895,fest_Q84034895
fest_Q55394307,fest_Q55394307
fest_Q125131651,fest_Q125131651
fest_Q20865624,fest_Q20865624
fest_Q20473736,fest_Q20473736
fest_Q115114411,fest_Q115114411
fest_Q112244543,fest_Q112244543
fest_Q39089707,fest_Q39089707
fest_Q25221777,fest_Q25221777
fest_Q123317902,fest_Q123317902
fest_Q17049884,fest_Q17049884
fest_Q16381991,fest_Q16381991
fest_Q112244962,fest_Q112244962
fest_Q85783217,fest_Q85783217
fest_Q115867142,fest_Q115867142
fest_Q110246928,fest_Q110246928
fest_Q17055916,fest_Q17055916
fest_Q114759378,fest_Q114759378
fest_Q130316507,fest_Q130316507
fest_Q64869351,fest_Q64869351
fest_Q22083939,fest_Q22083939
fest_Q131048138,fest_Q131048138
fest_Q20422783,fest_Q20422783
fest_Q21877233,fest_Q21877233
fest_Q111851408,fest_Q111851408
fest_Q16860840,fest_Q16860840
fest_Q28670289,fest_Q28670289
fest_Q103839866,fest_Q103839866
fest_Q67907801,fest_Q67907801
fest_Q20804296,fest_Q20804296
fest_Q98834424,fest_Q98834424
fest_Q25500125,fest_Q25500125
fest_Q65214040,fest_Q65214040
fest_Q24932976,fest_Q24932976
fest_Q22570013,fest_Q22570013
fest_Q14866086,fest_Q14866086
fest_Q71421195,fest_Q71421195
fest_Q77031480,fest_Q77031480
fest_Q84533874,fest_Q84533874
fest_Q98149511,fest_Q98149511
fest_Q50799330,fest_Q50799330
fest_Q16711608,fest_Q16711608
fest_Q19894688,fest_Q19894688
fest_Q110635856,fest_Q110635856
fest_Q17155473,fest_Q17155473
fest_Q60401334,fest_Q60401334
fest_Q24946222,fest_Q24946222
fest_Q15725354,fest_Q15725354
fest_Q117881465,fest_Q117881465
fest_Q24906814,fest_Q24906814
fest_Q25456037,fest_Q25456037
fest_Q130263899,fest_Q130263899
fest_Q24948797,fest_Q24948797
fest_Q113232600,fest_Q113232600
fest_Q18394262,fest_Q18394262
fest_Q12814124,fest_Q12814124
fest_Q17165267,fest_Q17165267
fest_Q28173741,fest_Q28173741
fest_Q60839734,fest_Q60839734
fest_Q16886667,fest_Q16886667
fest_Q43086327,fest_Q43086327
fest_Q31441022,fest_Q31441022
fest_Q16978118,fest_Q16978118
fest_Q123322335,fest_Q123322335
fest_Q85991453,fest_Q85991453
fest_Q64347560,fest_Q64347560
fest_Q96405323,fest_Q96405323
fest_Q38410682,fest_Q38410682
fest_Q97228727,fest_Q97228727
fest_Q16978056,fest_Q16978056
fest_Q18110072,fest_Q18110072
fest_Q117705764,fest_Q117705764
fest_Q117336720,fest_Q117336720
fest_Q25681834,fest_Q25681834
fest_Q126888046,fest_Q126888046
fest_Q43065638,fest_Q43065638
fest_Q15723965,fest_Q15723965
fest_Q97342916,fest_Q97342916
fest_Q55829521,fest_Q55829521
fest_Q124789039,fest_Q124789039
fest_Q25689308,fest_Q25689308
fest_Q111718869,fest_Q111718869
fest_Q112134795,fest_Q112134795
fest_Q15692984,fest_Q15692984
fest_Q16973943,fest_Q10244
fest_Q60747577,fest_Q60747577
fest_Q130260067,fest_Q130260067
fest_Q17049325,fest_Q17049325
fest_Q119350367,fest_Q119350367
fest_Q16956249,fest_Q16956249
fest_Q28668761,fest_Q28668761
fest_Q15724870,fest_Q15724870
fest_Q85800902,fest_Q85800902
fest_Q123392539,fest_Q123392539
fest_Q113645107,fest_Q113645107
fest_Q42417212,fest_Q42417212
fest_Q128215295,fest_Q128215295
fest_Q28687631,fest_Q28687631
fest_Q56323566,fest_Q56323566
fest_Q60366965,fest_Q60366965
fest_Q85770548,fest_Q85770548
fest_Q26721262,fest_Q26721262
fest_Q95589843,fest_Q95589843
fest_Q63430531,fest_Q63430531
fest_Q61037369,fest_Q61037369
fest_Q48725466,fest_Q48725466
fest_Q97482010,fest_Q97482010
fest_Q30637839,fest_Q30637839
fest_Q48806384,fest_Q48806384
fest_Q115069039,fest_Q115069039
fest_Q109981193,fest_Q109981193
fest_Q21013223,fest_Q21013223
fest_Q108701707,fest_Q108701707
fest_Q43085956,fest_Q43085956
fest_Q123998626,fest_Q123998626
fest_Q30623004,fest_Q30623004
fest_Q136600665,fest_Q136600665
fest_Q1187361,fest_Q1187361
fest_Q13092254,fest_Q13092254
fest_Q136933916,fest_Q136933916
fest_Q104836203,fest_Q104836203
fest_Q550430,fest_Q550430
fest_Q115498546,fest_Q115498546
fest_Q139714127,fest_Q139714127
fest_Q136398922,fest_Q136398922
fest_Q134487457,fest_Q134487457
fest_Q121029169,fest_Q121029169
fest_Q5641261,fest_Q5641261
fest_Q6382557,fest_Q6382557
fest_Q57981141,fest_Q57981141
fest_Q109334637,fest_Q109334637
fest_Q12521717,fest_Q12521717
fest_Q116286589,fest_Q116286589
fest_Q136759957,fest_Q136759957
fest_Q138977692,fest_Q138977692
fest_Q108099976,fest_Q108099976
fest_Q13095105,fest_Q13095105
fest_Q131709321,fest_Q131709321
fest_Q3944237,fest_Q3944237
fest_Q3739491,fest_Q3739491
fest_Q17194409,fest_Q17194409
fest_Q133871646,fest_Q133871646
fest_Q80949,fest_Q80949
fest_Q7959468,fest_Q7959468
fest_Q3708591,fest_Q3708591
fest_Q97455494,fest_Q97455494
fest_Q12473228,fest_Q12473228
fest_Q13095413,fest_Q13095413
fest_Q6898689,fest_Q6898689
fest_Q80949,fest_Q80949
fest_Q135274167,fest_Q135274167
fest_Q81610,fest_Q81610
fest_Q80949,fest_Q80949
fest_Q12407714,fest_Q12407714
fest_Q19409,fest_Q19409
fest_Q132650050,fest_Q132650050
fest_Q13095713,fest_Q13095713
fest_Q804457,fest_Q804457
fest_Q138744640,fest_Q138744640
fest_Q81610,fest_Q81610
fest_Q118947258,fest_Q118947258
fest_Q137796949,fest_Q137796949
fest_Q13092031,fest_Q13092031
fest_Q81610,fest_Q81610
fest_Q48735009,fest_Q48735009
fest_Q139936502,fest_Q139936502
fest_Q81610,fest_Q81610
fest_Q131198847,fest_Q131198847
fest_Q109803885,fest_Q109803885
fest_Q1274953,fest_Q1274953
fest_Q13092045,fest_Q13092045
fest_Q5068768,fest_Q5068768
fest_Q17199583,fest_Q17199583
fest_Q136122140,fest_Q136122140
fest_Q373713,fest_Q373713
fest_Q12498656,fest_Q12498656
fest_Q65663280,fest_Q65663280
fest_Q138041518,fest_Q138041518
fest_Q3958383,fest_Q3958383
fest_Q25487937,fest_Q25487937
fest_Q41686878,fest_Q41686878
fest_Q13096970,fest_Q13096970
fest_Q81610,fest_Q81610
fest_Q124328397,fest_Q124328397
fest_Q6346722,fest_Q6346722
fest_Q134293383,fest_Q134293383
fest_Q30601521,fest_Q30601521
fest_Q3844193,fest_Q3844193
fest_Q136122216,fest_Q136122216
fest_Q648132,fest_Q648132
fest_Q13095481,fest_Q13095481
fest_Q106511747,fest_Q106511747
fest_Q3633448,fest_Q3633448
fest_Q4071451,fest_Q4071451
fest_Q4071451,fest_Q4071451
fest_Q3637123,fest_Q3637123
fest_Q23689139,fest_Q23689139
fest_Q111917713,fest_Q111917713
fest_Q17195088,fest_Q17195088
fest_Q131831137,fest_Q131831137
fest_Q56392653,fest_Q56392653
fest_Q69372573,fest_Q69372573
fest_Q16964039,fest_Q16964039
fest_Q138643827,fest_Q138643827
fest_Q1152140,fest_Q1152140
fest_Q7071224,fest_Q7071224
fest_Q13196173,fest_Q13196173
fest_Q17017832,fest_Q17017832
fest_Q5522281,fest_Q5522281
fest_Q17064752,fest_Q17064752
fest_Q1105963,fest_Q1105963
fest_Q7287106,fest_Q7287106
fest_Q6802890,fest_Q6802890
fest_Q13157160,fest_Q13157160
fest_Q5310979,fest_Q5310979
fest_Q7969890,fest_Q7969890
fest_Q137767146,fest_Q137767146
fest_Q12482909,fest_Q12482909
fest_Q617378,fest_Q617378
fest_Q16129946,fest_Q16129946
fest_Q6020036,fest_Q6020036
fest_Q22906209,fest_Q22906209
fest_Q21099719,fest_Q21099719
fest_Q3908551,fest_Q3908551
fest_Q4855058,fest_Q4855058
fest_Q1070962,fest_Q1070962
fest_Q4765082,fest_Q4765082
fest_Q7586372,fest_Q7586372
fest_Q4829513,fest_Q4829513
fest_Q16996002,fest_Q16996002
fest_Q13628754,fest_Q13628754
fest_Q15699373,fest_Q15699373
fest_Q3853891,fest_Q3853891
fest_Q23791036,fest_Q23791036
fest_Q5295611,fest_Q5295611
fest_Q22908798,fest_Q22908798
fest_Q7069037,fest_Q7069037
fest_Q22908514,fest_Q22908514
fest_Q19894876,fest_Q19894876
fest_Q662829,fest_Q662829
fest_Q7564977,fest_Q7564977
fest_Q3722420,fest_Q3722420
fest_Q3782780,fest_Q3782780
fest_Q6124460,fest_Q6124460
fest_Q4854733,fest_Q4854733
fest_Q5655482,fest_Q5655482
fest_Q19895155,fest_Q19895155
fest_Q19895159,fest_Q19895159
fest_Q20422823,fest_Q20422823
fest_Q1473135,fest_Q1473135
fest_Q3005611,fest_Q3005611
fest_Q7077014,fest_Q7077014
fest_Q662829,fest_Q662829
fest_Q11351906,fest_Q11351906
fest_Q3348778,fest_Q3348778
fest_Q20046372,fest_Q20046372
fest_Q6692029,fest_Q6692029
fest_Q662829,fest_Q662829
fest_Q20012080,fest_Q20012080
fest_Q7798281,fest_Q7798281
fest_Q24946759,fest_Q24946759
fest_Q7250378,fest_Q7250378
fest_Q3586557,fest_Q3586557
fest_Q3635091,fest_Q3635091
fest_Q17038407,fest_Q17038407
fest_Q17332549,fest_Q17332549
fest_Q1353202,fest_Q1353202
fest_Q3595695,fest_Q3595695
fest_Q6008722,fest_Q6008722
fest_Q22906181,fest_Q22906181
fest_Q6745431,fest_Q6745431
fest_Q5894753,fest_Q5894753
fest_Q16250045,fest_Q16250045
fest_Q8422162,fest_Q8422162
fest_Q5424333,fest_Q5424333
fest_Q12456876,fest_Q12456876
fest_Q2747677,fest_Q2747677
fest_Q1068874,fest_Q1068874
fest_Q7580485,fest_Q7580485
fest_Q5473422,fest_Q5473422
fest_Q25345632,fest_Q25345632
fest_Q22908572,fest_Q22908572
fest_Q24590470,fest_Q24590470
fest_Q6052829,fest_Q6052829
fest_Q6735005,fest_Q6735005
fest_Q3361439,fest_Q3361439
fest_Q5091429,fest_Q5091429
fest_Q16869136,fest_Q16869136
fest_Q18155396,fest_Q18155396
fest_Q25313319,fest_Q25313319
fest_Q891526,fest_Q891526
fest_Q3945748,fest_Q3945748
fest_Q10859603,fest_Q10859603
fest_Q17068401,fest_Q17068401
fest_Q7111889,fest_Q7111889
fest_Q17143301,fest_Q17143301
fest_Q13121950,fest_Q13121950
fest_Q5151748,fest_Q5151748
fest_Q16931036,fest_Q16931036
fest_Q22909850,fest_Q22909850
fest_Q5594718,fest_Q5594718
fest_Q5457769,fest_Q5457769
fest_Q4780260,fest_Q4780260
fest_Q6414080,fest_Q6414080
fest_Q3811125,fest_Q3811125
fest_Q11243436,fest_Q11243436
fest_Q17082209,fest_Q17082209
fest_Q22907886,fest_Q22907886
fest_Q6422821,fest_Q6422821
fest_Q25312991,fest_Q25312991
fest_Q25211957,fest_Q25211957
fest_Q17130616,fest_Q17130616
fest_Q5170741,fest_Q5170741
fest_Q22907172,fest_Q22907172
fest_Q5135046,fest_Q5135046
fest_Q3639261,fest_Q3639261
fest_Q17052473,fest_Q17052473
fest_Q5419384,fest_Q5419384
fest_Q19899721,fest_Q19899721
fest_Q7848818,fest_Q7848818
fest_Q17056437,fest_Q17056437
fest_Q4765143,fest_Q4765143
fest_Q16979843,fest_Q16979843
fest_Q18394287,fest_Q18394287
fest_Q5050564,fest_Q5050564
fest_Q4869059,fest_Q4869059
fest_Q3605857,fest_Q3605857
fest_Q4724588,fest_Q4724588
fest_Q24948566,fest_Q24948566
fest_Q5285200,fest_Q5285200
fest_Q8079596,fest_Q8079596
fest_Q17070924,fest_Q17070924
fest_Q15703133,fest_Q15703133
fest_Q7129631,fest_Q7129631
fest_Q3804071,fest_Q3804071
fest_Q3686090,fest_Q3686090
fest_Q1162234,fest_Q1162234
fest_Q18354408,fest_Q18354408
fest_Q5894534,fest_Q5894534
fest_Q16938401,fest_Q16938401
fest_Q22080139,fest_Q22080139
fest_Q22907706,fest_Q22907706
fest_Q6087591,fest_Q6087591
fest_Q27940504,fest_Q27940504
fest_Q48732842,fest_Q48732842
fest_Q63976547,fest_Q63976547
fest_Q28153891,fest_Q28153891
fest_Q64211270,fest_Q64211270
fest_Q39053659,fest_Q39053659
fest_Q108675544,fest_Q108675544
fest_Q64211294,fest_Q64211294
fest_Q64211249,fest_Q64211249
fest_Q25454527,fest_Q25454527
fest_Q64211340,fest_Q64211340
fest_Q48987885,fest_Q48987885
fest_Q84024478,fest_Q84024478
fest_Q64211278,fest_Q64211278
fest_Q92308912,fest_Q92308912
fest_Q125132471,fest_Q125132471
fest_Q28171987,fest_Q28171987
fest_Q108675456,fest_Q108675456
fest_Q64211281,fest_Q64211281
fest_Q105730384,fest_Q105730384
fest_Q116179006,fest_Q116179006
fest_Q108675533,fest_Q108675533
fest_Q64211296,fest_Q64211296
fest_Q48731415,fest_Q48731415
fest_Q64211319,fest_Q64211319
fest_Q65782856,fest_Q65782856
fest_Q64211160,fest_Q64211160
fest_Q64211323,fest_Q64211323
fest_Q96622031,fest_Q96622031
fest_Q96394615,fest_Q96394615
fest_Q96622031,fest_Q96622031
fest_Q65083094,fest_Q65083094
fest_Q25336661,fest_Q25336661
fest_Q57516482,fest_Q57516482
fest_Q64211333,fest_Q64211333
fest_Q59771129,fest_Q59771129
fest_Q108675531,fest_Q108675531
fest_Q64211310,fest_Q64211310
fest_Q23808343,fest_Q23808343
fest_Q59771037,fest_Q59771037
fest_Q108675539,fest_Q108675539
fest_Q48730654,fest_Q48730654
fest_Q24929726,fest_Q24929726
fest_Q65068267,fest_Q65068267
fest_Q48988230,fest_Q48988230
fest_Q120847224,fest_Q120847224
fest_Q65330106,fest_Q65330106
fest_Q27590944,fest_Q27590944
fest_Q42895112,fest_Q42895112
fest_Q81883555,fest_Q81883555
fest_Q64211272,fest_Q64211272
fest_Q64211291,fest_Q64211291
fest_Q111431254,fest_Q111431254
fest_Q123003412,fest_Q123003412
fest_Q65212044,fest_Q65212044
fest_Q64211343,fest_Q64211343
fest_Q64211308,fest_Q64211308
fest_Q124727243,fest_Q124727243
fest_Q24893434,fest_Q24893434
fest_Q108675538,fest_Q108675538
fest_Q24942920,fest_Q24942920
fest_Q64211267,fest_Q64211267
fest_Q64211304,fest_Q64211304
fest_Q113774103,fest_Q113774103
fest_Q69070182,fest_Q69070182
fest_Q31368760,fest_Q31368760
fest_Q110658135,fest_Q110658135
fest_Q64211316,fest_Q64211316
fest_Q64211327,fest_Q64211327
fest_Q109516252,fest_Q109516252
fest_Q59593975,fest_Q59593975
fest_Q67934054,fest_Q67934054
fest_Q24940293,fest_Q24940293
fest_Q61947748,fest_Q61947748
fest_Q64211247,fest_Q64211247
fest_Q28164192,fest_Q28164192
fest_Q64211321,fest_Q64211321
fest_Q108675543,fest_Q108675543
fest_Q74121310,fest_Q74121310
fest_Q61050455,fest_Q61050455
fest_Q39059077,fest_Q39059077
fest_Q64211338,fest_Q64211338
fest_Q117475531,fest_Q117475531
fest_Q85815824,fest_Q85815824
fest_Q30612298,fest_Q30612298
fest_Q64211275,fest_Q64211275
fest_Q84321390,fest_Q84321390
fest_Q107072390,fest_Q107072390
fest_Q24943353,fest_Q24943353
fest_Q89100462,fest_Q89100462
fest_Q67984328,fest_Q67984328
fest_Q65065557,fest_Q65065557
fest_Q28455188,fest_Q28455188
fest_Q57911463,fest_Q57911463
fest_Q71157556,fest_Q71157556
fest_Q109563034,fest_Q109563034
fest_Q123325057,fest_Q123325057
fest_Q60776402,fest_Q60776402
fest_Q56274125,fest_Q56274125
fest_Q64211256,fest_Q64211256
fest_Q115812562,fest_Q115812562
fest_Q24942482,fest_Q24942482
fest_Q108662782,fest_Q108662782
fest_Q59573944,fest_Q59573944
fest_Q29025545,fest_Q29025545
fest_Q30971306,fest_Q30971306
fest_Q109918362,fest_Q109918362
fest_Q108675535,fest_Q108675535
fest_Q64211335,fest_Q64211335
fest_Q48792905,fest_Q48792905
fest_Q84441169,fest_Q84441169
fest_Q64211283,fest_Q64211283
fest_Q123347540,fest_Q123347540
fest_Q64211253,fest_Q64211253
fest_Q64211298,fest_Q64211298
fest_Q73852346,fest_Q73852346
fest_Q64211330,fest_Q64211330
fest_Q28169230,fest_Q28169230
fest_Q64211306,fest_Q64211306
fest_Q111722308,fest_Q111722308
fest_Q28134445,fest_Q28134445
fest_Q64211325,fest_Q64211325
fest_Q114403092,fest_Q114403092
fest_Q45108310,fest_Q45108310
fest_Q60787696,fest_Q60787696
fest_Q56291777,fest_Q56291777
fest_Q30635079,fest_Q30635079
fest_Q116456767,fest_Q116456767
fest_Q64211287,fest_Q64211287
fest_Q60776473,fest_Q60776473
fest_Q65250318,fest_Q65250318
fest_Q64211301,fest_Q64211301
fest_Q64211260,fest_Q64211260
fest_Q64211264,fest_Q64211264
fest_Q119767471,fest_Q119767471
fest_Q138779106,fest_Q138779106
fest_Q2923452,fest_Q2923452
fest_Q2600487,fest_Q2600487
fest_Q2750847,fest_Q2750847
fest_Q1711529,fest_Q1711529
fest_Q127798872,fest_Q127798872
fest_Q127417589,fest_Q127417589
fest_Q18488711,fest_Q18488711
fest_Q135108246,fest_Q135108246
fest_Q139963803,fest_Q139963803
fest_Q139901480,fest_Q139901480
fest_Q2043882,fest_Q2043882
fest_Q136087801,fest_Q136087801
fest_Q55388025,fest_Q55388025
fest_Q131765963,fest_Q131765963
fest_Q130712882,fest_Q130712882
fest_Q2020312,fest_Q2020312
fest_Q5357462,fest_Q5357462
fest_Q5357460,fest_Q5357460
fest_Q139934157,fest_Q139934157
fest_Q137926466,fest_Q137926466
fest_Q1865905,fest_Q1865905
fest_Q139890054,fest_Q139890054
fest_Q139890026,fest_Q139890026
fest_Q125619572,fest_Q125619572
fest_Q133461756,fest_Q133461756
fest_Q136594169,fest_Q136594169
fest_Q130210778,fest_Q130210778
fest_Q133521869,fest_Q133521869
fest_Q135108184,fest_Q135108184
fest_Q131307356,fest_Q131307356
fest_Q139782067,fest_Q139782067
fest_Q3744129,fest_Q3744129
fest_Q137476800,fest_Q137476800
fest_Q125297726,fest_Q125297726
fest_Q23791026,fest_Q23791026
fest_Q125867237,fest_Q125867237
fest_Q137380112,fest_Q137380112
fest_Q131189837,fest_Q131189837
fest_Q2440262,fest_Q2440262
fest_Q3744131,fest_Q3744131
fest_Q18488701,fest_Q18488701
fest_Q22083962,fest_Q22083962
fest_Q1852928,fest_Q1852928
fest_Q131468037,fest_Q131468037
fest_Q131632435,fest_Q131632435
fest_Q133521901,fest_Q133521901
fest_Q2142382,fest_Q2142382
fest_Q132042287,fest_Q132042287
fest_Q3744128,fest_Q3744128
fest_Q131807059,fest_Q131807059
fest_Q135854942,fest_Q135854942
fest_Q131426752,fest_Q131426752
fest_Q3744126,fest_Q3744126
fest_Q127329063,fest_Q127329063
fest_Q130712759,fest_Q130712759
fest_Q1838455,fest_Q1838455
fest_Q131522408,fest_Q131522408
fest_Q131765255,fest_Q131765255
fest_Q137926592,fest_Q137926592
fest_Q2196081,fest_Q2196081
fest_Q130712865,fest_Q130712865
fest_Q3744125,fest_Q3744125
fest_Q138706228,fest_Q138706228
fest_Q138844625,fest_Q138844625
fest_Q131316181,fest_Q131316181
fest_Q139741925,fest_Q139741925
fest_Q3744124,fest_Q3744124
fest_Q139270224,fest_Q139270224
fest_Q2264055,fest_Q2264055
fest_Q138667185,fest_Q138667185
fest_Q130712743,fest_Q130712743
fest_Q138349325,fest_Q138349325
fest_Q130371350,fest_Q130371350
fest_Q3744132,fest_Q3744132
fest_Q130457925,fest_Q130457925
fest_Q135489859,fest_Q135489859
fest_Q134980164,fest_Q134980164
fest_Q2131673,fest_Q2131673
fest_Q3948551,fest_Q3948551
fest_Q138713071,fest_Q138713071
fest_Q131938281,fest_Q131938281
fest_Q129254754,fest_Q129254754
fest_Q130712747,fest_Q130712747
fest_Q125457919,fest_Q125457919
fest_Q3948556,fest_Q3948556
fest_Q124519394,fest_Q124519394
fest_Q130210782,fest_Q130210782
fest_Q139741876,fest_Q139741876
fest_Q131824503,fest_Q131824503
fest_Q25220281,fest_Q25220281
fest_Q11405274,fest_Q11405274
fest_Q11629036,fest_Q11629036
fest_Q11389379,fest_Q11389379
fest_Q11442078,fest_Q11442078
fest_Q24885817,fest_Q24885817
fest_Q11374839,fest_Q11374839
fest_Q6406163,fest_Q6406163
fest_Q28682646,fest_Q28682646
fest_Q6367753,fest_Q6367753
fest_Q6003417,fest_Q6003417
fest_Q4328104,fest_Q4328104
fest_Q24892914,fest_Q24892914
fest_Q4288486,fest_Q4288486
fest_Q617378,fest_Q617378
fest_Q4691834,fest_Q4691834
fest_Q16130575,fest_Q16130575
fest_Q11447740,fest_Q11447740
fest_Q2616539,fest_Q2616539
fest_Q11266554,fest_Q11266554
fest_Q120719694,fest_Q120719694
fest_Q17193309,fest_Q17193309
fest_Q11301756,fest_Q11301756
fest_Q11612202,fest_Q11612202
fest_Q11670304,fest_Q11670304
fest_Q9302453,fest_Q9302453
fest_Q11536932,fest_Q11536932
fest_Q11527721,fest_Q11527721
fest_Q11566994,fest_Q11566994
fest_Q111917713,fest_Q111917713
fest_Q11489125,fest_Q11489125
fest_Q11508806,fest_Q11508806
fest_Q11404273,fest_Q11404273
fest_Q11262273,fest_Q11262273
fest_Q137796949,fest_Q137796949
fest_Q1072387,fest_Q1072387
fest_Q27926875,fest_Q27926875
fest_Q986756,fest_Q986756
fest_Q1135687,fest_Q1135687
fest_Q11537266,fest_Q11537266
fest_Q10567340,fest_Q10567340
fest_Q11492412,fest_Q11492412
fest_Q5327561,fest_Q5327561
fest_Q7205337,fest_Q7205337
fest_Q11423189,fest_Q11423189
fest_Q20045311,fest_Q20045311
fest_Q6172694,fest_Q6172694
fest_Q11400243,fest_Q11400243
fest_Q5347024,fest_Q5347024
fest_Q21452641,fest_Q21452641
fest_Q1371522,fest_Q1371522
fest_Q20044199,fest_Q20044199
fest_Q19750810,fest_Q19750810
fest_Q64876314,fest_Q64876314
fest_Q11200930,fest_Q11200930
fest_Q11274533,fest_Q11274533
fest_Q11652418,fest_Q11652418
fest_Q109563034,fest_Q109563034
fest_Q16638525,fest_Q16638525
fest_Q11366524,fest_Q11366524
fest_Q11374838,fest_Q11374838
fest_Q11652390,fest_Q11652390
fest_Q11327037,fest_Q11327037
fest_Q11256639,fest_Q11256639
fest_Q763304,fest_Q763304
fest_Q17225061,fest_Q17225061
fest_Q2069076,fest_Q2069076
fest_Q11582264,fest_Q11582264
fest_Q1749262,fest_Q1749262
fest_Q22125523,fest_Q22125523
fest_Q11544879,fest_Q11544879
fest_Q11594394,fest_Q11594394
fest_Q65272007,fest_Q65272007
fest_Q11476051,fest_Q11476051
fest_Q21653791,fest_Q21653791
fest_Q11435600,fest_Q11435600
fest_Q85770548,fest_Q85770548
fest_Q1032381,fest_Q1032381
fest_Q80949,fest_Q80949
fest_Q11279175,fest_Q11279175
fest_Q5288609,fest_Q5288609
fest_Q8031746,fest_Q8031746
fest_Q17189951,fest_Q17189951
fest_Q13423122,fest_Q13423122
fest_Q6124460,fest_Q6124460
fest_Q11678799,fest_Q11678799
fest_Q16272090,fest_Q16272090
fest_Q10661677,fest_Q10661677
fest_Q11448260,fest_Q11448260
fest_Q11304313,fest_Q11304313
fest_Q3610588,fest_Q3610588
fest_Q2650249,fest_Q2650249
fest_Q11396697,fest_Q11396697
fest_Q81610,fest_Q81610
fest_Q11543279,fest_Q11543279
fest_Q16251000,fest_Q16251000
fest_Q11281926,fest_Q11281926
fest_Q11559379,fest_Q11559379
fest_Q11225372,fest_Q11225372
fest_Q11611950,fest_Q11611950
fest_Q11408956,fest_Q11408956
fest_Q16909481,fest_Q16909481
fest_Q16941387,fest_Q16941387
fest_Q11642088,fest_Q11642088
fest_Q109803885,fest_Q109803885
fest_Q11340380,fest_Q11340380
fest_Q11589832,fest_Q11589832
fest_Q11269290,fest_Q11269290
fest_Q11620248,fest_Q11620248
fest_Q17209977,fest_Q17209977
fest_Q135891628,fest_Q135891628
fest_Q112571725,fest_Q112571725
fest_Q109357571,fest_Q109357571
fest_Q109379755,fest_Q109379755
fest_Q131991089,fest_Q131991089
fest_Q118455731,fest_Q118455731
fest_Q114045450,fest_Q114045450
fest_Q39747320,fest_Q39747320
fest_Q55526656,fest_Q55526656
fest_Q130552906,fest_Q130552906
fest_Q128480280,fest_Q127503128
fest_Q39746709,fest_Q39746709
fest_Q131701907,fest_Q131701907
fest_Q28686932,fest_Q28686932
fest_Q80708100,fest_Q80708100
fest_Q6127305,fest_Q6127305
fest_Q65966757,fest_Q65966757
fest_Q370038,fest_Q370038
fest_Q131316266,fest_Q131316266
fest_Q131311624,fest_Q131311624
fest_Q7574658,fest_Q7574658
fest_Q109257142,fest_Q109257142
fest_Q125018927,fest_Q125018927
fest_Q86740734,fest_Q86740734
fest_Q64044545,fest_Q64044545
fest_Q55624261,fest_Q55624261
fest_Q138854437,fest_Q138854437
fest_Q135642091,fest_Q135642091
fest_Q108373656,fest_Q108373656
fest_Q129694314,fest_Q129694314
fest_Q135989693,fest_Q135989693
fest_Q24236111,fest_Q24236111
fest_Q65259305,fest_Q65259305
fest_Q133249186,fest_Q133249186
fest_Q55524579,fest_Q55524579
fest_Q39746601,fest_Q39746601
fest_Q118905214,fest_Q118905214
fest_Q131311717,fest_Q131311717
fest_Q131315722,fest_Q131315722
fest_Q131723343,fest_Q131723343
fest_Q109370434,fest_Q109370434
fest_Q113955168,fest_Q113955168
fest_Q124363255,fest_Q124363255
fest_Q132348392,fest_Q132348392
fest_Q131311915,fest_Q131311915
fest_Q121160208,fest_Q121160208
fest_Q131316160,fest_Q131316160
fest_Q121645849,fest_Q121645849
fest_Q136375503,fest_Q136375503
fest_Q63795744,fest_Q63795744
fest_Q39745435,fest_Q39745435
fest_Q125894291,fest_Q125894291
fest_Q125959947,fest_Q125959947
fest_Q39746481,fest_Q39746481
fest_Q133287908,fest_Q133287908
fest_Q70188015,fest_Q70188015
fest_Q25345082,fest_Q25345082
fest_Q137910804,fest_Q137910804
fest_Q83532750,fest_Q83532750
fest_Q138674079,fest_Q138674079
fest_Q130553101,fest_Q130553101
fest_Q116197089,fest_Q116197089
fest_Q135726467,fest_Q135726467
fest_Q30922504,fest_Q30922504
fest_Q130712731,fest_Q130712731
fest_Q121646023,fest_Q121646023
fest_Q39746961,fest_Q39746961
fest_Q86737662,fest_Q86737662
fest_Q129695018,fest_Q129695018
fest_Q39747116,fest_Q39747116
fest_Q132348219,fest_Q132348219
fest_Q131311451,fest_Q131311451
fest_Q56863439,fest_Q56863439
fest_Q39746053,fest_Q39746053
fest_Q127503128,fest_Q127503128
fest_Q60988115,fest_Q60988115
fest_Q39746804,fest_Q39746804
fest_Q60213133,fest_Q60213133
fest_Q127789312,fest_Q127789312
fest_Q39746356,fest_Q39746356
fest_Q131311844,fest_Q131311844
fest_Q114957242,fest_Q114957242
fest_Q86735439,fest_Q86735439
fest_Q61057617,fest_Q61057617
fest_Q65272329,fest_Q65272329
fest_Q131321722,fest_Q131321722
fest_Q39745767,fest_Q39745767
fest_Q65271684,fest_Q65271684
fest_Q39746220,fest_Q39746220
fest_Q131701917,fest_Q131701917
fest_Q65235263,fest_Q65235263
fest_Q8031744,fest_Q8031744
fest_Q135746980,fest_Q135746980
fest_Q123698819,fest_Q123698819
fest_Q28690104,fest_Q28690104
fest_Q109603119,fest_Q109603119
fest_Q112222177,fest_Q112222177
fest_Q30928431,fest_Q30928431
fest_Q111283049,fest_Q111283049
fest_Q57388689,fest_Q57388689
fest_Q124342230,fest_Q124342230
fest_Q130282561,fest_Q130282561
fest_Q85879019,fest_Q85879019
fest_Q115298088,fest_Q115298088
fest_Q130552888,fest_Q130552888
fest_Q119478096,fest_Q119478096
fest_Q131321470,fest_Q131321470
fest_Q48748975,fest_Q48748975
fest_Q124751043,fest_Q124751043
fest_Q113470456,fest_Q113470456
fest_Q3348778,fest_Q3348778
fest_Q7447349,fest_Q7447349
fest_Q7600800,fest_Q7600800
fest_Q65061247,fest_Q65061247
fest_Q108470882,fest_Q108470882
fest_Q60601182,fest_Q60601182
fest_Q29959335,fest_Q29959335
fest_Q107176534,fest_Q107176534
fest_Q98104254,fest_Q98104254
fest_Q11802057,fest_Q11802057
fest_Q27926875,fest_Q27926875
fest_Q123746410,fest_Q123746410
fest_Q12237733,fest_Q12237733
fest_Q1069508,fest_Q1069508
fest_Q108471053,fest_Q108471053
fest_Q131329790,fest_Q131329790
fest_Q11589832,fest_Q11589832
fest_Q12165653,fest_Q12165653
fest_Q3319267,fest_Q3319267
fest_Q105741210,fest_Q105741210
fest_Q20077703,fest_Q20077703
fest_Q139378460,fest_Q139378460
fest_Q21425910,fest_Q21425910
fest_Q132177384,fest_Q132177384
fest_Q20011191,fest_Q20011191
fest_Q6473368,fest_Q6473368
fest_Q71608002,fest_Q71608002
fest_Q12153736,fest_Q12153736
fest_Q113707371,fest_Q113707371
fest_Q6805421,fest_Q6805421
fest_Q125701268,fest_Q125701268
fest_Q115044876,fest_Q115044876
fest_Q7897486,fest_Q7897486
fest_Q7253161,fest_Q7253161
fest_Q12169050,fest_Q12169050
fest_Q4949782,fest_Q4949782
fest_Q139378331,fest_Q139378331
fest_Q1795594,fest_Q1795594
fest_Q136434402,fest_Q136434402
fest_Q11699225,fest_Q11699225
fest_Q97375636,fest_Q97375636
fest_Q18350674,fest_Q18350674
fest_Q4637374,fest_Q4637374
fest_Q125874444,fest_Q125874444
fest_Q17099050,fest_Q17099050
fest_Q112175370,fest_Q112175370
fest_Q112175068,fest_Q112175068
fest_Q5327561,fest_Q5327561
fest_Q7627990,fest_Q7627990
fest_Q112080263,fest_Q112080263
fest_Q112185038,fest_Q112185038
fest_Q937328,fest_Q937328
fest_Q4076961,fest_Q4076961
fest_Q4076961,fest_Q4076961
fest_Q112175383,fest_Q112175383
fest_Q2568529,fest_Q2568529
fest_Q7333342,fest_Q7333342
fest_Q19508432,fest_Q19508432
fest_Q4881387,fest_Q4881387
fest_Q98947020,fest_Q98947020
fest_Q112175096,fest_Q112175096
fest_Q15864742,fest_Q15864742
fest_Q3074850,fest_Q3074850
fest_Q137909802,fest_Q137909802
fest_Q19841497,fest_Q19841497
fest_Q55171303,fest_Q55171303
fest_Q18638656,fest_Q18638656
fest_Q109729341,fest_Q109729341
fest_Q67080823,fest_Q67080823
fest_Q51845040,fest_Q51845040
fest_Q97233807,fest_Q97233807
fest_Q61892420,fest_Q61892420
fest_Q19841520,fest_Q19841520
fest_Q112175447,fest_Q112175447
fest_Q13128183,fest_Q13128183
fest_Q112175299,fest_Q112175299
fest_Q3028738,fest_Q3028738
fest_Q5574730,fest_Q5574730
fest_Q673014,fest_Q673014
fest_Q113253520,fest_Q113253520
fest_Q6407064,fest_Q6407064
fest_Q4070157,fest_Q4070157
fest_Q139165304,fest_Q139165304
fest_Q112175014,fest_Q112175014
fest_Q48879529,fest_Q48879529
fest_Q65129607,fest_Q65129607
fest_Q112175468,fest_Q112175468
fest_Q890297,fest_Q890297
fest_Q890297,fest_Q890297
fest_Q15715248,fest_Q15715248
fest_Q112175328,fest_Q112175328
fest_Q16851156,fest_Q16851156
fest_Q12654989,fest_Q12654989
fest_Q12654989,fest_Q12654989
fest_Q1152956,fest_Q1152956
fest_Q6672817,fest_Q6672817
fest_Q48879654,fest_Q48879654
fest_Q662829,fest_Q662829
fest_Q12646889,fest_Q12646889
fest_Q134439968,fest_Q134439968
fest_Q111149729,fest_Q111149729
fest_Q4796950,fest_Q4796950
fest_Q131193721,fest_Q131193721
fest_Q135831137,fest_Q135831137
fest_Q662829,fest_Q662829
fest_Q13632977,fest_Q13632977
fest_Q10948,fest_Q10948
fest_Q136485557,fest_Q136485557
fest_Q30589254,fest_Q30589254
fest_Q78846875,fest_Q78846875
fest_Q1395073,fest_Q1395073
fest_Q123862814,fest_Q123862814
fest_Q1127473,fest_Q1127473
fest_Q12119143,fest_Q12119143
fest_Q117717339,fest_Q117717339
fest_Q2446735,fest_Q2446735
fest_Q9184805,fest_Q9184805
fest_Q5368835,fest_Q5368835
fest_Q5368835,fest_Q5368835
fest_Q25640486,fest_Q25640486
fest_Q139672443,fest_Q139672443
fest_Q96622031,fest_Q96622031
fest_Q30740257,fest_Q30740257
fest_Q119478325,fest_Q119478325
fest_Q123310678,fest_Q123310678
fest_Q1287634,fest_Q1287634
fest_Q11821535,fest_Q11821535
fest_Q9259206,fest_Q9259206
fest_Q59814090,fest_Q59814090
fest_Q1355092,fest_Q1355092
fest_Q2274064,fest_Q2274064
fest_Q113461590,fest_Q113461590
fest_Q9259336,fest_Q9259336
fest_Q3028738,fest_Q3028738
fest_Q6697775,fest_Q6697775
fest_Q6669815,fest_Q6669815
fest_Q56145919,fest_Q56145919
fest_Q8027085,fest_Q8027085
fest_Q16972574,fest_Q16972574
fest_Q113023151,fest_Q113023151
fest_Q2584209,fest_Q2584209
fest_Q3028738,fest_Q3028738
fest_Q3028738,fest_Q3028738
fest_Q4266494,fest_Q4266494
fest_Q85229173,fest_Q85229173
fest_Q112040117,fest_Q112040117
fest_Q55176050,fest_Q55176050
fest_Q62558388,fest_Q62558388
fest_Q2906822,fest_Q2906822
fest_Q6670410,fest_Q6670410
fest_Q9259255,fest_Q9259255
fest_Q6670505,fest_Q6670505
fest_Q538406,fest_Q538406
fest_Q627485,fest_Q627485
fest_Q139961697,fest_Q139961697
fest_Q6815954,fest_Q6815954
fest_Q2663784,fest_Q2663784
fest_Q78220196,fest_Q78220196
fest_Q4966654,fest_Q4966654
fest_Q20646971,fest_Q20646971
fest_Q5861826,fest_Q5861826
fest_Q112615511,fest_Q112615511
fest_Q5529780,fest_Q5529780
fest_Q5215209,fest_Q5215209
fest_Q2240130,fest_Q2240130
fest_Q110958110,fest_Q110958110
fest_Q18160724,fest_Q18160724
fest_Q127599572,fest_Q127599572
fest_Q123092347,fest_Q123092347
fest_Q2321840,fest_Q2321840
fest_Q5445777,fest_Q5445777
fest_Q12089187,fest_Q12089187
fest_Q22087183,fest_Q22087183
fest_Q139961683,fest_Q139961683
fest_Q65054598,fest_Q65054598
fest_Q27963750,fest_Q27963750
fest_Q139488682,fest_Q139488682
fest_Q139486688,fest_Q139486688
fest_Q139488678,fest_Q139488678
fest_Q108326540,fest_Q108326540
fest_Q25687998,fest_Q25687998
fest_Q130449694,fest_Q130449694
fest_Q24934691,fest_Q24934691
fest_Q10244,fest_Q10244
fest_Q139378331,fest_Q139378331
fest_Q16997282,fest_Q16997282
fest_Q4707938,fest_Q4707938
fest_Q42176250,fest_Q42176250
fest_Q7711307,fest_Q7711307
fest_Q18208274,fest_Q18208274
fest_Q96622031,fest_Q96622031
fest_Q7318594,fest_Q7318594
fest_Q42305826,fest_Q42305826
fest_Q1886519,fest_Q1886519
fest_Q139488683,fest_Q139488683
fest_Q79208045,fest_Q79208045
fest_Q124317844,fest_Q124317844
fest_Q139486692,fest_Q139486692
fest_Q139488677,fest_Q139488677
fest_Q131294364,fest_Q131294364
fest_Q139486690,fest_Q139486690
fest_Q134028947,fest_Q134028947
fest_Q6478640,fest_Q6478640
fest_Q61099606,fest_Q61099606
fest_Q124313901,fest_Q124313901
fest_Q12700537,fest_Q12700537
fest_Q139898702,fest_Q139898702
fest_Q25486500,fest_Q25486500
fest_Q67303429,fest_Q67303429
fest_Q19839999,fest_Q19839999
fest_Q12682000,fest_Q12682000
fest_Q118127974,fest_Q118127974
fest_Q109617399,fest_Q109617399
fest_Q6718973,fest_Q6718973
fest_Q139488675,fest_Q139488675
fest_Q136007869,fest_Q136007869
fest_Q24946823,fest_Q24946823
fest_Q29271,fest_Q29271
fest_Q29271,fest_Q29271
fest_Q139486691,fest_Q139486691
fest_Q139486689,fest_Q139486689
fest_Q139488674,fest_Q139488674
fest_Q139378460,fest_Q139378460
fest_Q4256343,fest_Q4256343
fest_Q139486687,fest_Q139486687
fest_Q7278814,fest_Q7278814
fest_Q12699415,fest_Q12699415
fest_Q7447349,fest_Q7447349
fest_Q580654,fest_Q580654
fest_Q139486742,fest_Q139486742
fest_Q139486693,fest_Q139486693
fest_Q139378435,fest_Q139378435
fest_Q18386346,fest_Q18386346
fest_Q106980863,fest_Q106980863
fest_Q6865209,fest_Q6865209
fest_Q6811770,fest_Q6811770
fest_Q3070315,fest_Q3070315
fest_Q6861503,fest_Q6861503
fest_Q6811774,fest_Q6811774
fest_Q3070316,fest_Q3070316
fest_Q6811807,fest_Q6811807
fest_Q3306414,fest_Q3306414
fest_Q7586652,fest_Q7586652
fest_Q5861015,fest_Q5861015
fest_Q130448934,fest_Q130448934
fest_Q5013416,fest_Q5013416
fest_Q3070534,fest_Q3070534
fest_Q55074660,fest_Q55074660
fest_Q130446454,fest_Q130446454
fest_Q112418032,fest_Q112418032
fest_Q4721902,fest_Q4721902
fest_Q5856656,fest_Q5856656
fest_Q117122814,fest_Q117122814
fest_Q96622031,fest_Q96622031
fest_Q130449690,fest_Q130449690
fest_Q5356879,fest_Q5356879
fest_Q60762157,fest_Q60762157
fest_Q139913541,fest_Q139913541
fest_Q60762157,fest_Q60762157
fest_Q5283926,fest_Q5283926
fest_Q130449690,fest_Q130449690
fest_Q137258734,fest_Q137258734
fest_Q130449692,fest_Q130449692
fest_Q5166126,fest_Q5166126
fest_Q16567733,fest_Q16567733
fest_Q7258838,fest_Q7258838
fest_Q116869186,fest_Q116869186
fest_Q16034467,fest_Q16034467
fest_Q5158628,fest_Q5158628
fest_Q136289122,fest_Q136289122
fest_Q6773081,fest_Q6773081
fest_Q7096093,fest_Q7096093
fest_Q607585,fest_Q607585
fest_Q130449107,fest_Q130449107
fest_Q111990983,fest_Q111990983
fest_Q123513558,fest_Q123513558
fest_Q29443339,fest_Q29443339
fest_Q17632986,fest_Q17632986
fest_Q5858790,fest_Q5858790
fest_Q5614753,fest_Q106980863
fest_Q3028738,fest_Q3028738
fest_Q16970846,fest_Q16970846
fest_Q7272050,fest_Q7272050
fest_Q2009332,fest_Q2009332
fest_Q116865878,fest_Q116865878
fest_Q5613185,fest_Q5613185
fest_Q106097078,fest_Q106097078
fest_Q81610,fest_Q81610
fest_Q20430438,fest_Q20430438
fest_Q123256583,fest_Q123256583
fest_Q6907391,fest_Q6907391
fest_Q5613183,fest_Q5613183
fest_Q4456967,fest_Q4456967
fest_Q116984010,fest_Q116984010
fest_Q3148912,fest_Q3148912
fest_Q17623129,fest_Q17623129
fest_Q130449691,fest_Q130449691
fest_Q6366640,fest_Q6366640
fest_Q111944318,fest_Q111944318
fest_Q765700,fest_Q765700
fest_Q107977901,fest_Q107977901
fest_Q72205356,fest_Q72205356
fest_Q56317877,fest_Q56317877
fest_Q3330959,fest_Q3330959
fest_Q123176833,fest_Q123176833
fest_Q1133236,fest_Q1133236
fest_Q123176833,fest_Q123176833
fest_Q112660178,fest_Q112660178
fest_Q105873851,fest_Q105873851
fest_Q19206998,fest_Q19206998
fest_Q3070809,fest_Q3070809
fest_Q14226255,fest_Q14226255
fest_Q139737336,fest_Q139737336
fest_Q117123984,fest_Q117123984
fest_Q96372033,fest_Q96372033
fest_Q661777,fest_Q661777
fest_Q130448934,fest_Q130448934
fest_Q112617847,fest_Q112617847
fest_Q123513558,fest_Q123513558
fest_Q29443339,fest_Q29443339
fest_Q26183454,fest_Q26183454
fest_Q28224128,fest_Q28224128
fest_Q116541587,fest_Q116541587
fest_Q19206998,fest_Q19206998
fest_Q51647311,fest_Q51647311
fest_Q131278398,fest_Q131278398
fest_Q6811812,fest_Q6811812
fest_Q1161566,fest_Q1161566
fest_Q3070337,fest_Q3070337
fest_Q86732596,fest_Q86732596
fest_Q85664014,fest_Q85664014
fest_Q17353817,fest_Q17353817
fest_Q85635110,fest_Q85635110
fest_Q85662947,fest_Q85662947
fest_Q131294364,fest_Q131294364
fest_Q110048786,fest_Q110048786
fest_Q132200576,fest_Q132200576
fest_Q85662053,fest_Q85662053
fest_Q85662524,fest_Q85662524
fest_Q25349615,fest_Q25349615
fest_Q28495007,fest_Q28495007
fest_Q111431254,fest_Q111431254
fest_Q25110777,fest_Q25110777
fest_Q28495014,fest_Q28495014
fest_Q131283231,fest_Q131283231
fest_Q25383554,fest_Q25383554
fest_Q85636907,fest_Q85636907
fest_Q131278983,fest_Q131278983
fest_Q86732525,fest_Q86732525
fest_Q85662304,fest_Q85662304
fest_Q3045874,fest_Q3045874
fest_Q39074938,fest_Q39074938
fest_Q530944,fest_Q530944
fest_Q86733894,fest_Q86733894
fest_Q85638771,fest_Q85638771
fest_Q85635672,fest_Q85635672
fest_Q12245982,fest_Q12245982
fest_Q85663667,fest_Q85663667
fest_Q131294508,fest_Q131294508
fest_Q85631891,fest_Q85631891
fest_Q94085101,fest_Q94085101
fest_Q86732553,fest_Q86732553
fest_Q85635380,fest_Q85635380
fest_Q4865246,fest_Q4865246
fest_Q85636682,fest_Q85636682
fest_Q3092853,fest_Q3092853
fest_Q85631794,fest_Q85631794
fest_Q131279123,fest_Q131279123
fest_Q85632056,fest_Q85632056
fest_Q16009834,fest_Q16009834
fest_Q85638081,fest_Q85638081
fest_Q85635838,fest_Q85635838
fest_Q85637338,fest_Q85637338
fest_Q16009833,fest_Q16009833
fest_Q85637507,fest_Q85637507
fest_Q721133,fest_Q721133
fest_Q16934233,fest_Q16934233
fest_Q85662743,fest_Q85662743
fest_Q85638912,fest_Q85638912
fest_Q124036381,fest_Q124036381
fest_Q113412235,fest_Q113412235
fest_Q452897,fest_Q452897
fest_Q7448003,fest_Q7448003
fest_Q2082409,fest_Q2082409
fest_Q1846767,fest_Q1846767
fest_Q2171993,fest_Q2171993
fest_Q5958068,fest_Q5958068
fest_Q2256949,fest_Q2256949
fest_Q1353202,fest_Q1353202
fest_Q113493162,fest_Q113493162
fest_Q2294184,fest_Q2294184
fest_Q6703618,fest_Q6703618
fest_Q2120072,fest_Q2120072
fest_Q2287773,fest_Q2287773
fest_Q2255458,fest_Q2255458
fest_Q2384646,fest_Q2384646
fest_Q1863445,fest_Q1863445
fest_Q1113829,fest_Q1113829
fest_Q2635715,fest_Q2635715
fest_Q2359698,fest_Q2359698
fest_Q124102031,fest_Q124102031
fest_Q2181135,fest_Q2181135
fest_Q135010700,fest_Q135010700
fest_Q2286836,fest_Q2286836
fest_Q1841668,fest_Q1841668
fest_Q1639632,fest_Q1639632
fest_Q112624232,fest_Q112624232
fest_Q2280523,fest_Q2280523
fest_Q2447862,fest_Q2447862
fest_Q4842341,fest_Q4842341
fest_Q681814,fest_Q681814
fest_Q2140539,fest_Q2140539
fest_Q18624252,fest_Q18624252
fest_Q117336720,fest_Q117336720
fest_Q85802389,fest_Q85802389
fest_Q2228011,fest_Q2228011
fest_Q2350450,fest_Q2350450
fest_Q2214547,fest_Q2214547
fest_Q2072705,fest_Q2072705
fest_Q1823260,fest_Q1823260
fest_Q2066411,fest_Q2066411
fest_Q2400066,fest_Q2400066
fest_Q135568353,fest_Q135568353
fest_Q3552770,fest_Q3552770
fest_Q80949,fest_Q80949
fest_Q121639672,fest_Q121639672
fest_Q1058102,fest_Q1058102
fest_Q616693,fest_Q616693
fest_Q3119054,fest_Q3119054
fest_Q974167,fest_Q974167
fest_Q24948797,fest_Q24948797
fest_Q1516940,fest_Q1516940
fest_Q2232965,fest_Q2232965
fest_Q1911707,fest_Q1911707
fest_Q2321840,fest_Q2321840
fest_Q110246928,fest_Q110246928
fest_Q2212236,fest_Q2212236
fest_Q2047885,fest_Q2047885
fest_Q2016137,fest_Q2016137
fest_Q111439846,fest_Q111439846
fest_Q1951091,fest_Q1951091
fest_Q2229455,fest_Q2229455
fest_Q2104914,fest_Q2104914
fest_Q2132045,fest_Q2132045
fest_Q1834547,fest_Q1834547
fest_Q258550,fest_Q258550
fest_Q2004206,fest_Q2004206
fest_Q2478389,fest_Q2478389
fest_Q1958531,fest_Q1958531
fest_Q1519668,fest_Q1519668
fest_Q2237897,fest_Q2237897
fest_Q2005256,fest_Q2005256
fest_Q2135223,fest_Q2135223
fest_Q137776825,fest_Q137776825
fest_Q2225726,fest_Q2225726
fest_Q111442303,fest_Q111442303
fest_Q111439782,fest_Q111439782
fest_Q60747577,fest_Q60747577
fest_Q113707971,fest_Q113707971
fest_Q100700975,fest_Q100700975
fest_Q1966423,fest_Q1966423
fest_Q136148747,fest_Q136148747
fest_Q2062414,fest_Q2062414
fest_Q2095889,fest_Q2095889
fest_Q2201305,fest_Q2201305
fest_Q2353364,fest_Q2353364
fest_Q739459,fest_Q739459
fest_Q112615487,fest_Q112615487
fest_Q617378,fest_Q617378
fest_Q2240130,fest_Q2240130
fest_Q1328416,fest_Q1328416
fest_Q2440929,fest_Q2440929
fest_Q333016,fest_Q333016
fest_Q112659899,fest_Q112659899
fest_Q2217867,fest_Q2217867
fest_Q2207483,fest_Q2207483
fest_Q948858,fest_Q948858
fest_Q1842272,fest_Q1842272
fest_Q135659074,fest_Q135659074
fest_Q112632021,fest_Q112632021
fest_Q129636581,fest_Q129636581
fest_Q1851942,fest_Q1851942
fest_Q17144006,fest_Q17144006
fest_Q13510235,fest_Q13510235
fest_Q2755211,fest_Q2755211
fest_Q4748745,fest_Q4748745
fest_Q56305320,fest_Q56305320
fest_Q15885631,fest_Q15885631
fest_Q17148787,fest_Q17148787
fest_Q3943627,fest_Q3943627
fest_Q2520077,fest_Q2520077
fest_Q15885632,fest_Q15885632
fest_Q6053673,fest_Q6053673
fest_Q15879662,fest_Q15879662
fest_Q15879663,fest_Q15879663
fest_Q15879660,fest_Q15879660
fest_Q15879666,fest_Q15879666
fest_Q4900107,fest_Q4900107
fest_Q3952132,fest_Q3952132
fest_Q3105189,fest_Q3105189
fest_Q14646155,fest_Q14646155
fest_Q2965050,fest_Q2965050
fest_Q2491204,fest_Q2491204
fest_Q27349622,fest_Q27349622
fest_Q14646160,fest_Q14646160
fest_Q14646166,fest_Q14646166
fest_Q26156861,fest_Q26156861
fest_Q2501496,fest_Q2501496
fest_Q2697905,fest_Q2697905
fest_Q2801443,fest_Q2801443
fest_Q2864426,fest_Q2864426
fest_Q13632977,fest_Q13632977
fest_Q20683546,fest_Q20683546
fest_Q15526277,fest_Q15526277
fest_Q4671838,fest_Q4671838
fest_Q25640486,fest_Q25640486
fest_Q55063975,fest_Q55063975
fest_Q52636390,fest_Q52636390
fest_Q30644087,fest_Q30644087
fest_Q20979131,fest_Q20979131
fest_Q50335348,fest_Q50335348
fest_Q14923361,fest_Q14923361
fest_Q15885630,fest_Q15885630
fest_Q14923364,fest_Q14923364
fest_Q14643351,fest_Q14643351
fest_Q4035098,fest_Q4035098
fest_Q13878586,fest_Q13878586
fest_Q20011006,fest_Q20011006
fest_Q3374213,fest_Q3374213
fest_Q3031119,fest_Q3031119
fest_Q4433028,fest_Q4433028
fest_Q2490268,fest_Q2490268
fest_Q5199972,fest_Q5199972
fest_Q34806206,fest_Q34806206
fest_Q2566527,fest_Q2566527
fest_Q4456582,fest_Q4456582
fest_Q16508486,fest_Q16508486
fest_Q7339580,fest_Q7339580
fest_Q44829646,fest_Q44829646
fest_Q19915201,fest_Q19915201
fest_Q13882224,fest_Q13882224
fest_Q4714147,fest_Q4714147
fest_Q14533152,fest_Q14533152
fest_Q20232423,fest_Q20232423
fest_Q4288521,fest_Q4288521
fest_Q2526253,fest_Q2526253
fest_Q2549726,fest_Q2549726
fest_Q2550462,fest_Q2550462
fest_Q2800699,fest_Q2800699
fest_Q3122642,fest_Q3122642
fest_Q16481672,fest_Q16481672
fest_Q17450505,fest_Q17450505
fest_Q4288362,fest_Q4288362
fest_Q3285439,fest_Q3285439
fest_Q3284468,fest_Q3284468
fest_Q2512512,fest_Q2512512
fest_Q4342233,fest_Q4342233
fest_Q2946156,fest_Q2946156
fest_Q113680453,fest_Q113680453
fest_Q90374203,fest_Q90374203
fest_Q129984162,fest_Q129984162
fest_Q31023,fest_Q31023
fest_Q129984163,fest_Q129984163
fest_Q128977198,fest_Q128977198
fest_Q129984167,fest_Q129984167
fest_Q129984164,fest_Q129984164
fest_Q129984165,fest_Q129984165
fest_Q111133748,fest_Q111133748
fest_Q129984169,fest_Q129984169
fest_Q79794247,fest_Q79794247
fest_Q65509269,fest_Q65509269
fest_Q79765879,fest_Q79765879
fest_Q10244,fest_Q10244
fest_Q122372472,fest_Q122372472
fest_Q129984173,fest_Q129984173
fest_Q98078079,fest_Q98078079
fest_Q129984179,fest_Q129984179
fest_Q121090741,fest_Q121090741
fest_Q129984176,fest_Q129984176
fest_Q129984183,fest_Q129984183
fest_Q123562027,fest_Q123562027
fest_Q79794980,fest_Q79794980
fest_Q79780597,fest_Q79780597
fest_Q126101199,fest_Q126101199
fest_Q66581862,fest_Q66581862
fest_Q129984186,fest_Q129984186
fest_Q129984184,fest_Q129984184
fest_Q129984185,fest_Q129984185
fest_Q129984190,fest_Q129984190
fest_Q131429464,fest_Q131429464
fest_Q129984188,fest_Q129984188
fest_Q123496552,fest_Q123496552
fest_Q13070866,fest_Q13070866
fest_Q61051464,fest_Q61051464
fest_Q129984193,fest_Q129984193
fest_Q133875500,fest_Q133875500
fest_Q129984198,fest_Q129984198
fest_Q129984196,fest_Q129984196
fest_Q129984202,fest_Q129984202
fest_Q116803063,fest_Q116803063
fest_Q129984201,fest_Q129984201
fest_Q109335217,fest_Q109335217
fest_Q79781986,fest_Q79781986
fest_Q131429443,fest_Q131429443
fest_Q113514093,fest_Q113514093
fest_Q134505629,fest_Q134505629
fest_Q125565159,fest_Q125565159
fest_Q129984159,fest_Q129984159
fest_Q13067088,fest_Q13067088
fest_Q136362355,fest_Q136362355
fest_Q111154718,fest_Q111154718
fest_Q123560224,fest_Q123560224
fest_Q129984160,fest_Q129984160
fest_Q129984161,fest_Q129984161
fest_Q112621590,fest_Q112621590
fest_Q136756507,fest_Q136756507
fest_Q7690402,fest_Q7690402
fest_Q121065986,fest_Q121065986
fest_Q130248953,fest_Q130248953
fest_Q131363190,fest_Q131363190
fest_Q113016622,fest_Q113016622
fest_Q121298163,fest_Q121298163
fest_Q79794615,fest_Q79794615
fest_Q134580739,fest_Q134580739
fest_Q136720338,fest_Q136720338
fest_Q115858490,fest_Q115858490
fest_Q60458513,fest_Q60458513
fest_Q87647510,fest_Q87647510
fest_Q56678353,fest_Q56678353
fest_Q114839781,fest_Q114839781
fest_Q117488181,fest_Q117488181
fest_Q114421166,fest_Q114421166
fest_Q135937267,fest_Q135937267
fest_Q79796115,fest_Q79796115
fest_Q79796418,fest_Q79796418
fest_Q97738122,fest_Q97738122
fest_Q13066990,fest_Q13066990
fest_Q135658992,fest_Q135658992
fest_Q59909777,fest_Q59909777
fest_Q79779646,fest_Q79779646
fest_Q124517834,fest_Q124517834
fest_Q107354969,fest_Q107354969
fest_Q107491721,fest_Q107491721
fest_Q109622706,fest_Q109622706
fest_Q79781467,fest_Q79781467
fest_Q121298523,fest_Q121298163
fest_Q8046513,fest_Q8046513
fest_Q110190309,fest_Q110190309
fest_Q130477597,fest_Q130477597
fest_Q85760070,fest_Q85760070
fest_Q14557893,fest_Q14557893
fest_Q105742388,fest_Q105742388
fest_Q64876314,fest_Q64876314
fest_Q50922878,fest_Q50922878
fest_Q5527730,fest_Q5527730
fest_Q10244,fest_Q10244
fest_Q139889444,fest_Q139889444
fest_Q96622031,fest_Q96622031
fest_Q96622031,fest_Q96622031
fest_Q13179959,fest_Q13179959
fest_Q13180109,fest_Q13180109
fest_Q26207721,fest_Q26207721
fest_Q1771621,fest_Q1771621
fest_Q430574,fest_Q430574
fest_Q16886667,fest_Q16886667
fest_Q596684,fest_Q596684
fest_Q30131186,fest_Q30131186
fest_Q7801802,fest_Q7801802
fest_Q13179120,fest_Q13179120
fest_Q106855753,fest_Q106855753
fest_Q19672090,fest_Q19672090
fest_Q81610,fest_Q81610
fest_Q17022491,fest_Q17022491
fest_Q761661,fest_Q761661
fest_Q105742385,fest_Q105742385
fest_Q19570759,fest_Q19570759
fest_Q11994263,fest_Q11994263
fest_Q7880100,fest_Q7880100
fest_Q25230902,fest_Q25230902
fest_Q7690875,fest_Q7690875
fest_Q19385906,fest_Q19385906
fest_Q4575290,fest_Q4575290
fest_Q11961846,fest_Q11961846
fest_Q7600800,fest_Q7600800
fest_Q19403862,fest_Q19403862
fest_Q85795313,fest_Q85795313
fest_Q63191908,fest_Q63191908
fest_Q4575389,fest_Q4575389
fest_Q21003218,fest_Q21003218
fest_Q7622425,fest_Q7622425
fest_Q21425910,fest_Q21425910
fest_Q56406187,fest_Q56406187
fest_Q22081661,fest_Q131341049
fest_Q17109271,fest_Q17109271
fest_Q24912700,fest_Q24912700
fest_Q17071521,fest_Q17071521
fest_Q18641750,fest_Q18641750
fest_Q7088502,fest_Q7088502
fest_Q5422961,fest_Q5422961
fest_Q11995058,fest_Q11995058
fest_Q20011191,fest_Q20011191
fest_Q28230225,fest_Q28230225
fest_Q11988924,fest_Q11988924
fest_Q12001816,fest_Q12001816
fest_Q12000424,fest_Q12000424
fest_Q23581371,fest_Q23581371
fest_Q1408555,fest_Q1408555
fest_Q19392795,fest_Q19392795
fest_Q16966674,fest_Q16966674
fest_Q19385570,fest_Q19385570
fest_Q11983085,fest_Q11983085
fest_Q1408555,fest_Q1408555
fest_Q7015455,fest_Q7015455
fest_Q11042751,fest_Q11042751
fest_Q8073028,fest_Q8073028
fest_Q7960029,fest_Q7960029
fest_Q25427636,fest_Q25427636
fest_Q26884519,fest_Q26884519
fest_Q4867607,fest_Q4867607
fest_Q1824110,fest_Q1824110
fest_Q11974308,fest_Q11974308
fest_Q11982671,fest_Q11982671
fest_Q5194692,fest_Q5194692
fest_Q4854225,fest_Q4854225
fest_Q60775315,fest_Q60775315
fest_Q20982117,fest_Q20982117
fest_Q19892311,fest_Q19892311
fest_Q5191955,fest_Q5191955
fest_Q4789767,fest_Q4789767
fest_Q3070830,fest_Q3070830
fest_Q602771,fest_Q602771
fest_Q7142119,fest_Q7142119
fest_Q1773038,fest_Q1773038
fest_Q61347854,fest_Q61347854
fest_Q48733452,fest_Q48733452
fest_Q794639,fest_Q794639
fest_Q855443,fest_Q855443
fest_Q10715818,fest_Q10715818
fest_Q24529817,fest_Q24529817
fest_Q19386234,fest_Q19386234
fest_Q31078908,fest_Q31078908
fest_Q4735526,fest_Q4735526
fest_Q4591200,fest_Q4591200
fest_Q24927689,fest_Q24927689
fest_Q60740235,fest_Q60740235
fest_Q48792945,fest_Q48792945
fest_Q16947416,fest_Q16947416
fest_Q6514220,fest_Q6514220
fest_Q2593605,fest_Q2593605
fest_Q17750586,fest_Q17750586
fest_Q61896981,fest_Q61896981
fest_Q12750093,fest_Q12750093
fest_Q455596,fest_Q455596
fest_Q65395323,fest_Q65395323
fest_Q5018273,fest_Q5018273
fest_Q4801560,fest_Q4801560
fest_Q66616069,fest_Q66616069
fest_Q4919977,fest_Q4919977
fest_Q85790015,fest_Q85790015
fest_Q108526568,fest_Q108526568
fest_Q108380697,fest_Q108380697
fest_Q108494824,fest_Q108494824
fest_Q115236296,fest_Q115236296
fest_Q108470558,fest_Q108470558
fest_Q108485819,fest_Q108485819
fest_Q108470434,fest_Q108470434
fest_Q108380244,fest_Q108380244
fest_Q108266042,fest_Q108266042
fest_Q108420241,fest_Q108420241
fest_Q115236264,fest_Q115236264
fest_Q108539268,fest_Q108539268
fest_Q108293172,fest_Q108293172
fest_Q115236297,fest_Q115236297
fest_Q108265827,fest_Q108265827
fest_Q88463693,fest_Q88463693
fest_Q108454680,fest_Q108454680
fest_Q114371572,fest_Q114371572
fest_Q108479731,fest_Q108479731
fest_Q115236306,fest_Q115236306
fest_Q108470882,fest_Q108470882
fest_Q108266406,fest_Q108266406
fest_Q108527351,fest_Q108527351
fest_Q108378484,fest_Q108378484
fest_Q108525819,fest_Q108525819
fest_Q101310644,fest_Q101310644
fest_Q108380880,fest_Q108380880
fest_Q108495547,fest_Q108495547
fest_Q108532706,fest_Q108532706
fest_Q110927360,fest_Q110927360
fest_Q108471197,fest_Q108471197
fest_Q108408281,fest_Q108408281
fest_Q108481678,fest_Q108481678
fest_Q108449322,fest_Q108449322
fest_Q108365793,fest_Q108365793
fest_Q115236280,fest_Q115236279
fest_Q108381260,fest_Q108381260
fest_Q115236269,fest_Q115236269
fest_Q108392320,fest_Q108392320
fest_Q110926890,fest_Q110926890
fest_Q108382309,fest_Q108382309
fest_Q115236298,fest_Q115236298
fest_Q115236272,fest_Q115236272
fest_Q108542503,fest_Q108542503
fest_Q115236307,fest_Q115236307
fest_Q115224072,fest_Q115224072
fest_Q108453340,fest_Q108453340
fest_Q108496020,fest_Q108496020
fest_Q108381204,fest_Q108381204
fest_Q105562886,fest_Q105562886
fest_Q115236262,fest_Q115236262
fest_Q108454639,fest_Q108454639
fest_Q108382469,fest_Q108382469
fest_Q108377759,fest_Q108377759
fest_Q115236273,fest_Q115236273
fest_Q111962775,fest_Q111962775
fest_Q115236246,fest_Q115236246
fest_Q108453552,fest_Q108453552
fest_Q108464937,fest_Q108464937
fest_Q108381140,fest_Q108381140
fest_Q108520130,fest_Q108520130
fest_Q115236248,fest_Q115236248
fest_Q115236283,fest_Q115236283
fest_Q110940583,fest_Q110940583
fest_Q108382193,fest_Q108382193
fest_Q115236281,fest_Q115236281
fest_Q108532165,fest_Q108532165
fest_Q85752118,fest_Q85752118
fest_Q115236284,fest_Q115236284
fest_Q108459979,fest_Q108459979
fest_Q115236237,fest_Q115236237
fest_Q108380940,fest_Q108380940
fest_Q115236243,fest_Q115236243
fest_Q108538207,fest_Q108538207
fest_Q111946570,fest_Q111946570
fest_Q115236250,fest_Q115236250
fest_Q115236261,fest_Q115236261
fest_Q108464023,fest_Q108464023
fest_Q115222159,fest_Q115222159
fest_Q115236252,fest_Q115236252
fest_Q115236275,fest_Q115236275
fest_Q115236253,fest_Q115236253
fest_Q108451767,fest_Q108451767
fest_Q108496241,fest_Q108496241
fest_Q108454577,fest_Q108454577
fest_Q108532496,fest_Q108532496
fest_Q108532649,fest_Q108532649
fest_Q110820050,fest_Q110820050
fest_Q115236236,fest_Q115236236
fest_Q108381548,fest_Q108381548
fest_Q108485724,fest_Q108485724
fest_Q108453845,fest_Q108453845
fest_Q108469900,fest_Q108469900
fest_Q108380057,fest_Q108380057
fest_Q108470727,fest_Q108470727
fest_Q108527279,fest_Q108527279
fest_Q108380569,fest_Q108380569
fest_Q108532356,fest_Q108532356
fest_Q115236238,fest_Q115236238
fest_Q108459490,fest_Q108459490
fest_Q108457485,fest_Q108457485
fest_Q108527055,fest_Q108527055
fest_Q108381459,fest_Q108381459
fest_Q108485995,fest_Q108485995
fest_Q107176534,fest_Q107176534
fest_Q108493902,fest_Q108493902
fest_Q108480754,fest_Q108480754
fest_Q108441987,fest_Q108441987
fest_Q108392609,fest_Q108392609
fest_Q108525904,fest_Q108525904
fest_Q115236240,fest_Q115236240
fest_Q108537958,fest_Q108537958
fest_Q115236242,fest_Q115236242
fest_Q108377525,fest_Q108377525
fest_Q108452743,fest_Q108452743
fest_Q115236259,fest_Q115236259
fest_Q115236241,fest_Q115236241
fest_Q108496481,fest_Q108496481
fest_Q108822163,fest_Q108822163
fest_Q108336614,fest_Q108336614
fest_Q108497000,fest_Q108497000
fest_Q115219268,fest_Q115219268
fest_Q108434741,fest_Q108434741
fest_Q107657194,fest_Q107657194
fest_Q108381943,fest_Q108381943
fest_Q115236244,fest_Q115236244
fest_Q104858415,fest_Q104858415
fest_Q108454536,fest_Q108454536
fest_Q115236295,fest_Q115236295
fest_Q108314956,fest_Q108314956
fest_Q108470714,fest_Q108470714
fest_Q108482211,fest_Q108482211
fest_Q108459637,fest_Q108459637
fest_Q108526405,fest_Q108526405
fest_Q108482343,fest_Q108482343
fest_Q108403159,fest_Q108403159
fest_Q108295169,fest_Q108295169
fest_Q85797064,fest_Q131329790
fest_Q104845866,fest_Q104845866
fest_Q108494193,fest_Q108494193
fest_Q108382406,fest_Q108382406
fest_Q115236249,fest_Q115236249
fest_Q108366016,fest_Q108366016
fest_Q108471053,fest_Q108471053
fest_Q108459074,fest_Q108459074
fest_Q117087479,fest_Q117087479
fest_Q117087514,fest_Q117087514
fest_Q115236279,fest_Q115236279
fest_Q130271264,fest_Q130271264
fest_Q117087497,fest_Q117087497
fest_Q115236300,fest_Q115236300
fest_Q117087486,fest_Q117087486
fest_Q117087504,fest_Q117087504
fest_Q117087544,fest_Q117087544
fest_Q117087482,fest_Q117087482
fest_Q117087525,fest_Q117087525
fest_Q115236265,fest_Q115236265
fest_Q117087463,fest_Q117087463
fest_Q117087496,fest_Q117087496
fest_Q117087474,fest_Q117087474
fest_Q117087535,fest_Q117087535
fest_Q117087551,fest_Q117087551
fest_Q117087547,fest_Q117087547
fest_Q117087507,fest_Q117087507
fest_Q115236286,fest_Q115236286
fest_Q115236302,fest_Q115236302
fest_Q117087490,fest_Q117087490
fest_Q115236301,fest_Q115236301
fest_Q117087521,fest_Q117087521
fest_Q117087536,fest_Q117087536
fest_Q131323934,fest_Q131323934
fest_Q131327649,fest_Q131327649
fest_Q117087467,fest_Q117087467
fest_Q117087491,fest_Q117087491
fest_Q125870048,fest_Q125870048
fest_Q117087543,fest_Q117087543
fest_Q130751845,fest_Q130751845
fest_Q117087523,fest_Q117087523
fest_Q115236255,fest_Q115236255
fest_Q115236294,fest_Q115236294
fest_Q117087489,fest_Q117087489
fest_Q117087552,fest_Q117087552
fest_Q117087475,fest_Q117087475
fest_Q115236256,fest_Q115236256
fest_Q117087502,fest_Q117087502
fest_Q131328999,fest_Q131328999
fest_Q117087492,fest_Q117087492
fest_Q131323920,fest_Q131323920
fest_Q115236266,fest_Q115236266
fest_Q115236267,fest_Q115236267
fest_Q117087548,fest_Q117087548
fest_Q130751456,fest_Q130751456
fest_Q115236268,fest_Q115236268
fest_Q125701268,fest_Q125701268
fest_Q115236304,fest_Q115236304
fest_Q117087477,fest_Q117087477
fest_Q117087509,fest_Q117087509
fest_Q117087530,fest_Q117087530
fest_Q117087512,fest_Q117087512
fest_Q117087468,fest_Q117087468
fest_Q115236290,fest_Q115236290
fest_Q117087556,fest_Q117087556
fest_Q117087464,fest_Q117087464
fest_Q117087518,fest_Q117087518
fest_Q117087541,fest_Q117087541
fest_Q117350746,fest_Q117350746
fest_Q117087553,fest_Q117087553
fest_Q117101340,fest_Q117101340
fest_Q117087480,fest_Q117087480
fest_Q117087511,fest_Q117087511
fest_Q117087516,fest_Q117087516
fest_Q117087532,fest_Q117087532
fest_Q117087465,fest_Q117087465
fest_Q115236278,fest_Q115236278
fest_Q131155323,fest_Q131155323
fest_Q115236292,fest_Q115236292
fest_Q115236276,fest_Q115236276
fest_Q115236285,fest_Q115236285
fest_Q117087487,fest_Q117087487
fest_Q117087529,fest_Q117087529
fest_Q115236277,fest_Q115236277
fest_Q117087483,fest_Q117087483
fest_Q117087515,fest_Q117087515
fest_Q117087501,fest_Q117087501
fest_Q117087540,fest_Q117087540
fest_Q117087549,fest_Q117087549
fest_Q117087508,fest_Q117087508
fest_Q117087538,fest_Q117087538
fest_Q117087473,fest_Q117087473
fest_Q117087500,fest_Q117087500
fest_Q117087527,fest_Q117087527
fest_Q131324225,fest_Q131324225
fest_Q130676811,fest_Q130676811
fest_Q117087526,fest_Q117087526
fest_Q125553844,fest_Q125553844
fest_Q131144253,fest_Q131144253
fest_Q115236254,fest_Q115236254
fest_Q117087471,fest_Q117087471
fest_Q117087545,fest_Q117087545
fest_Q115236287,fest_Q115236287
fest_Q117087559,fest_Q117087559
fest_Q118874500,fest_Q118874500
fest_Q117087542,fest_Q117087542
fest_Q117101339,fest_Q117101339
fest_Q117087522,fest_Q117087522
fest_Q117087519,fest_Q117087519
fest_Q117087528,fest_Q117087528
fest_Q117087493,fest_Q117087493
fest_Q117087539,fest_Q117087539
fest_Q117087481,fest_Q117087481
fest_Q117087554,fest_Q117087554
fest_Q117087524,fest_Q117087524
fest_Q117087503,fest_Q117087503
fest_Q131331025,fest_Q131331025
fest_Q117087517,fest_Q117087517
fest_Q117087469,fest_Q117087469
fest_Q117087485,fest_Q117087485
fest_Q117087520,fest_Q117087520
fest_Q115236291,fest_Q115236291
fest_Q117087462,fest_Q117087462
fest_Q130746489,fest_Q130746489
fest_Q115236289,fest_Q115236289
fest_Q117087531,fest_Q117087531
fest_Q130751984,fest_Q130751984
fest_Q117087476,fest_Q117087476
fest_Q117087466,fest_Q117087466
fest_Q115236257,fest_Q115236257
fest_Q117087494,fest_Q117087494
fest_Q117087533,fest_Q117087533
fest_Q117087558,fest_Q117087558
fest_Q117087506,fest_Q117087506
fest_Q117087484,fest_Q117087484
fest_Q117087546,fest_Q117087546
fest_Q117087499,fest_Q117087499
fest_Q117087513,fest_Q117087513
fest_Q117087550,fest_Q117087550
fest_Q117087555,fest_Q117087555
fest_Q117087510,fest_Q117087510
fest_Q117087495,fest_Q117087495
fest_Q131308696,fest_Q131308696
fest_Q131329790,fest_Q131329790
fest_Q117087472,fest_Q117087472
fest_Q117087498,fest_Q117087498
fest_Q118875012,fest_Q118875012
fest_Q117087560,fest_Q117087560
fest_Q117087478,fest_Q117087478
fest_Q136558775,fest_Q136558775
fest_Q115222790,fest_Q115222790
fest_Q19413737,fest_Q19413737
fest_Q5128158,fest_Q5128158
fest_Q135407269,fest_Q135407269
fest_Q55625214,fest_Q55625214
fest_Q120668510,fest_Q120668510
fest_Q135406876,fest_Q135406876
fest_Q17001854,fest_Q17001854
fest_Q131431683,fest_Q131431683
fest_Q7562715,fest_Q7562715
fest_Q135406927,fest_Q135406927
fest_Q3131556,fest_Q3131556
fest_Q139970687,fest_Q139970687
fest_Q131363866,fest_Q131363866
fest_Q65061247,fest_Q65061247
fest_Q7978988,fest_Q7978988
fest_Q130712635,fest_Q130712635
fest_Q125486981,fest_Q125486981
fest_Q48999067,fest_Q48999067
fest_Q135337794,fest_Q135337794
fest_Q7314396,fest_Q7314396
fest_Q134237795,fest_Q134237795
fest_Q136416990,fest_Q136416990
fest_Q135967026,fest_Q135967026
fest_Q11994260,fest_Q11994260
fest_Q132178869,fest_Q132178869
fest_Q22032108,fest_Q22032108
fest_Q22032343,fest_Q22032343
fest_Q18167234,fest_Q18167234
fest_Q130712838,fest_Q130712838
fest_Q136401536,fest_Q136401536
fest_Q7354169,fest_Q7354169
fest_Q4574407,fest_Q4574407
fest_Q17099563,fest_Q17099563
fest_Q6842616,fest_Q6842616
fest_Q116884030,fest_Q116884030
fest_Q31177860,fest_Q31177860
fest_Q137670335,fest_Q137670335
fest_Q1779329,fest_Q1779329
fest_Q139823010,fest_Q139823010
fest_Q137591499,fest_Q137591499
fest_Q139603246,fest_Q139603246
fest_Q135404309,fest_Q135404309
fest_Q100151828,fest_Q100151828
fest_Q131341049,fest_Q131341049
fest_Q135407421,fest_Q135407421
fest_Q712286,fest_Q712286
fest_Q7015537,fest_Q7015537
fest_Q115517902,fest_Q115517902
fest_Q24936530,fest_Q24936530
fest_Q98399879,fest_Q98399879
fest_Q18343749,fest_Q18343749
fest_Q135967085,fest_Q135967085
fest_Q135345006,fest_Q135345006
fest_Q474807,fest_Q474807
fest_Q135404422,fest_Q135404422
fest_Q132858901,fest_Q132858901
fest_Q108428837,fest_Q108428837
fest_Q25041528,fest_Q25041528
fest_Q1799015,fest_Q1799015
fest_Q23878304,fest_Q23878304
fest_Q6664346,fest_Q6664346
fest_Q127646692,fest_Q127646692
fest_Q135406893,fest_Q135406893
fest_Q1783034,fest_Q1783034
fest_Q135654882,fest_Q135654882
fest_Q136417006,fest_Q136417006
fest_Q65047342,fest_Q65047342
fest_Q130712632,fest_Q130712632
fest_Q134316570,fest_Q134316570
fest_Q96622031,fest_Q96622031
fest_Q135337824,fest_Q135337824
fest_Q7996499,fest_Q7996499
fest_Q17750658,fest_Q17750658
fest_Q136481281,fest_Q136481281
fest_Q134984693,fest_Q134984693
fest_Q137406485,fest_Q137406485
fest_Q5033619,fest_Q5033619
fest_Q123143807,fest_Q123143807
fest_Q24189367,fest_Q24189367
fest_Q1781220,fest_Q1781220
fest_Q136471747,fest_Q136471747
fest_Q16825873,fest_Q16825873
fest_Q136353273,fest_Q136353273
fest_Q16069051,fest_Q16069051
fest_Q80949,fest_Q80949
fest_Q11991873,fest_Q11991873
fest_Q18085526,fest_Q18085526
fest_Q108113158,fest_Q108113158
fest_Q108400705,fest_Q108400705
fest_Q136417013,fest_Q136417013
fest_Q124255692,fest_Q124255692
fest_Q133752663,fest_Q133752663
fest_Q7743963,fest_Q7743963
fest_Q137362701,fest_Q137362701
fest_Q112631873,fest_Q112631873
fest_Q131340804,fest_Q131340804
fest_Q5099348,fest_Q5099348
fest_Q48814326,fest_Q48814326
fest_Q135404473,fest_Q135404473
fest_Q130712641,fest_Q130712641
fest_Q81610,fest_Q81610
fest_Q6418915,fest_Q6418915
fest_Q134584395,fest_Q134584395
fest_Q48989737,fest_Q48989737
fest_Q112660236,fest_Q112660236
fest_Q130503642,fest_Q130503642
fest_Q7107037,fest_Q7107037
fest_Q135404066,fest_Q135404066
fest_Q55625216,fest_Q55625216
fest_Q29017863,fest_Q29017863
fest_Q11957777,fest_Q11957777
fest_Q12302690,fest_Q12302690
fest_Q116972912,fest_Q116972912
fest_Q25045221,fest_Q25045221
fest_Q7456091,fest_Q7456091
fest_Q48816649,fest_Q48816649
fest_Q7015254,fest_Q7015254
fest_Q18343734,fest_Q18343734
fest_Q617378,fest_Q617378
fest_Q17148787,fest_Q17148787
fest_Q132757428,fest_Q132757428
fest_Q130712620,fest_Q130712620
fest_Q16733752,fest_Q16733752
fest_Q116884026,fest_Q116884026
fest_Q120547552,fest_Q120547552
fest_Q131437821,fest_Q131437821
fest_Q130713478,fest_Q130713478
fest_Q19384809,fest_Q19384809
fest_Q6537933,fest_Q6537933
fest_Q139721083,fest_Q139721083
fest_Q135403874,fest_Q135403874
fest_Q13196173,fest_Q13196173
fest_Q106602898,fest_Q106602898
fest_Q117087506,fest_Q117087506
fest_Q26623738,fest_Q26623738
fest_Q39285597,fest_Q39285597
fest_Q115236300,fest_Q115236300
fest_Q124892346,fest_Q124892346
fest_Q71692193,fest_Q71692193
fest_Q16647418,fest_Q16647418
fest_Q7973217,fest_Q7973217
fest_Q25212806,fest_Q25212806
fest_Q112185961,fest_Q112185961
fest_Q117087495,fest_Q117087495
fest_Q7959468,fest_Q7959468
fest_Q136336724,fest_Q136336724
fest_Q115236302,fest_Q115236302
fest_Q18394860,fest_Q18394860
fest_Q117087521,fest_Q117087521
fest_Q115236249,fest_Q115236249
fest_Q36381219,fest_Q36381219
fest_Q64692754,fest_Q64692754
fest_Q124900549,fest_Q124900549
fest_Q117087479,fest_Q117087479
fest_Q118113506,fest_Q118113506
fest_Q115236279,fest_Q115236279
fest_Q64731302,fest_Q64731302
fest_Q5358393,fest_Q5358393
fest_Q64692614,fest_Q64692614
fest_Q65060295,fest_Q65060295
fest_Q124102008,fest_Q124102008
fest_Q94971990,fest_Q94971990
fest_Q117087463,fest_Q117087463
fest_Q17499286,fest_Q17499286
fest_Q117087475,fest_Q117087475
fest_Q3070814,fest_Q3070814
fest_Q119265974,fest_Q119265974
fest_Q66810060,fest_Q66810060
fest_Q117714294,fest_Q117714294
fest_Q117087536,fest_Q117087536
fest_Q117087467,fest_Q117087467
fest_Q7260268,fest_Q7260268
fest_Q117087491,fest_Q117087491
fest_Q1068874,fest_Q1068874
fest_Q5447343,fest_Q5447343
fest_Q48927765,fest_Q48927765
fest_Q10322114,fest_Q10322114
fest_Q98923468,fest_Q98923468
fest_Q115236294,fest_Q115236294
fest_Q934278,fest_Q934278
fest_Q105732646,fest_Q105732646
fest_Q125082077,fest_Q125082077
fest_Q136210972,fest_Q136210972
fest_Q117218923,fest_Q117218923
fest_Q617378,fest_Q617378
fest_Q115236256,fest_Q115236256
fest_Q125026619,fest_Q125026619
fest_Q3074886,fest_Q3074886
fest_Q117087480,fest_Q117087480
fest_Q115236280,fest_Q115236279
fest_Q42425905,fest_Q42425905
fest_Q5364492,fest_Q5364492
fest_Q115236304,fest_Q115236304
fest_Q115236278,fest_Q115236278
fest_Q115236276,fest_Q115236276
fest_Q117087487,fest_Q117087487
fest_Q115236277,fest_Q115236277
fest_Q115236298,fest_Q115236298
fest_Q10955077,fest_Q10955077
fest_Q115236283,fest_Q115236283
fest_Q117087530,fest_Q117087530
fest_Q115236281,fest_Q115236281
fest_Q117087512,fest_Q117087512
fest_Q137554391,fest_Q137554391
fest_Q115236290,fest_Q115236290
fest_Q115236284,fest_Q115236284
fest_Q117087464,fest_Q117087464
fest_Q99211395,fest_Q99211395
fest_Q117087508,fest_Q117087508
fest_Q10872057,fest_Q10872057
fest_Q14931580,fest_Q14931580
fest_Q117087553,fest_Q117087553
fest_Q115236250,fest_Q115236250
fest_Q13423122,fest_Q13423122
fest_Q2879997,fest_Q2879997
fest_Q65432529,fest_Q65432529
fest_Q115236252,fest_Q115236252
fest_Q43734999,fest_Q43734999
fest_Q117087465,fest_Q117087465
fest_Q7267893,fest_Q7267893
fest_Q115236292,fest_Q115236292
fest_Q19839999,fest_Q19839999
fest_Q115236246,fest_Q115236246
fest_Q124945479,fest_Q124945479
fest_Q117087483,fest_Q117087483
fest_Q15311343,fest_Q15311343
fest_Q64597076,fest_Q64597076
fest_Q117087501,fest_Q117087501
fest_Q3804600,fest_Q3804600
fest_Q125122112,fest_Q125122112
fest_Q1590995,fest_Q1590995
fest_Q19409,fest_Q19409
fest_Q1254268,fest_Q1254268
fest_Q1133236,fest_Q1133236
fest_Q5044117,fest_Q5044117
fest_Q8059443,fest_Q8059443
fest_Q117087533,fest_Q117087533
fest_Q64597031,fest_Q64597031
fest_Q5506859,fest_Q5506859
fest_Q65130339,fest_Q65130339
fest_Q85761194,fest_Q85761194
fest_Q81610,fest_Q81610
fest_Q81610,fest_Q81610
fest_Q117087550,fest_Q117087550
fest_Q69506863,fest_Q69506863
fest_Q1853379,fest_Q1853379
fest_Q6900764,fest_Q6900764
fest_Q132756202,fest_Q132756202
fest_Q36382413,fest_Q36382413
fest_Q64692368,fest_Q64692368
fest_Q7119078,fest_Q7119078
fest_Q115925770,fest_Q115925770
fest_Q67934054,fest_Q67934054
fest_Q71676875,fest_Q71676875
fest_Q11994260,fest_Q11994260
fest_Q4562479,fest_Q4562479
fest_Q4806380,fest_Q4806380
fest_Q10873422,fest_Q10873422
fest_Q7653412,fest_Q7653412
fest_Q6680074,fest_Q6680074
fest_Q77429230,fest_Q77429230
fest_Q113553776,fest_Q113553776
fest_Q25407447,fest_Q25407447
fest_Q3289735,fest_Q3289735
fest_Q5188112,fest_Q5188112
fest_Q134603800,fest_Q134603800
fest_Q67984328,fest_Q67984328
fest_Q110107733,fest_Q110107733
fest_Q5099651,fest_Q5099651
fest_Q7414448,fest_Q7414448
fest_Q5044114,fest_Q5044114
fest_Q5156335,fest_Q5156335
fest_Q5008697,fest_Q5008697
fest_Q96622031,fest_Q96622031
fest_Q96622031,fest_Q96622031
fest_Q78220196,fest_Q78220196
fest_Q28223907,fest_Q28223907
fest_Q4765082,fest_Q4765082
fest_Q74180754,fest_Q74180754
fest_Q60991974,fest_Q60991974
fest_Q138358613,fest_Q138358613
fest_Q7979397,fest_Q7979397
fest_Q4547198,fest_Q4547198
fest_Q109943604,fest_Q109943604
fest_Q78220196,fest_Q78220196
fest_Q43735828,fest_Q43735828
fest_Q6050097,fest_Q6050097
fest_Q60970062,fest_Q60970062
fest_Q10871947,fest_Q10871947
fest_Q117794045,fest_Q117794045
fest_Q10873959,fest_Q10873959
fest_Q5400595,fest_Q5400595
fest_Q114876658,fest_Q114876658
fest_Q6473368,fest_Q6473368
fest_Q120536125,fest_Q120536125
fest_Q5710125,fest_Q5710125
fest_Q5099677,fest_Q5099677
fest_Q6016032,fest_Q6016032
fest_Q139890026,fest_Q139890026
fest_Q7171374,fest_Q7171374
fest_Q21733315,fest_Q21733315
fest_Q65061149,fest_Q65061149
fest_Q10872175,fest_Q10872175
fest_Q43735984,fest_Q43735984
fest_Q130712590,fest_Q130712590
fest_Q8963575,fest_Q8963575
fest_Q3586949,fest_Q3586949
fest_Q19206998,fest_Q19206998
fest_Q8422162,fest_Q8422162
fest_Q139885495,fest_Q139885495
fest_Q6367753,fest_Q6367753
fest_Q12302690,fest_Q12302690
fest_Q17111410,fest_Q17111410
fest_Q18207781,fest_Q18207781
fest_Q112183293,fest_Q112183293
fest_Q6808040,fest_Q6808040
fest_Q16838050,fest_Q16838050
fest_Q112724172,fest_Q112724172
fest_Q43735681,fest_Q43735681
fest_Q10931956,fest_Q10931956
fest_Q43735908,fest_Q43735908
fest_Q112623631,fest_Q112623631
fest_Q15908309,fest_Q15908309
fest_Q8426845,fest_Q8426845
fest_Q4881124,fest_Q4881124
fest_Q6367766,fest_Q6367766
fest_Q5099740,fest_Q5099740
fest_Q26456601,fest_Q26456601
fest_Q5843837,fest_Q5843837
fest_Q7269702,fest_Q7269702
fest_Q25303529,fest_Q25303529
fest_Q7847638,fest_Q7847638
fest_Q109942029,fest_Q109942029
fest_Q85879019,fest_Q85879019
fest_Q10874738,fest_Q10874738
fest_Q124234760,fest_Q124234760
fest_Q30644427,fest_Q30644427
fest_Q5058972,fest_Q5058972
fest_Q6888876,fest_Q6888876
fest_Q60827556,fest_Q60827556
fest_Q24663924,fest_Q24663924
fest_Q906104,fest_Q906104
fest_Q11691494,fest_Q11691494
fest_Q3502395,fest_Q3502395
fest_Q479014,fest_Q479014
fest_Q7897486,fest_Q7897486
fest_Q130712840,fest_Q130712840
fest_Q60492564,fest_Q60492564
fest_Q9259336,fest_Q9259336
fest_Q662829,fest_Q662829
fest_Q11787926,fest_Q11787926
fest_Q127417512,fest_Q127417512
fest_Q136192931,fest_Q136192931
fest_Q7263612,fest_Q7263612
fest_Q131738072,fest_Q131738072
fest_Q6546096,fest_Q6546096
fest_Q139894889,fest_Q139894889
fest_Q104708373,fest_Q104708373
fest_Q11783883,fest_Q11783883
fest_Q131472248,fest_Q131472248
fest_Q9385961,fest_Q9385961
fest_Q7894411,fest_Q7894411
fest_Q116556396,fest_Q116556396
fest_Q11783870,fest_Q11783870
fest_Q11699225,fest_Q11699225
fest_Q28333164,fest_Q139897525
fest_Q56640489,fest_Q56640489
fest_Q4076961,fest_Q4076961
fest_Q16847677,fest_Q16847677
fest_Q98104254,fest_Q98104254
fest_Q124102031,fest_Q124102031
fest_Q131986800,fest_Q131986800
fest_Q7182996,fest_Q7182996
fest_Q3389129,fest_Q3389129
fest_Q10370522,fest_Q10370522
fest_Q20032415,fest_Q20032415
fest_Q127514918,fest_Q127514918
fest_Q9210543,fest_Q9210543
fest_Q7186818,fest_Q7186818
fest_Q105334118,fest_Q105334118
fest_Q28673169,fest_Q28673169
fest_Q7209223,fest_Q7209223
fest_Q84680668,fest_Q84680668
fest_Q8042381,fest_Q8042381
fest_Q121624438,fest_Q121624438
fest_Q11697990,fest_Q11697990
fest_Q64229799,fest_Q64229799
fest_Q7237677,fest_Q7237677
fest_Q80949,fest_Q80949
fest_Q12038552,fest_Q12038552
fest_Q6448507,fest_Q6448507
fest_Q7185370,fest_Q7185370
fest_Q3070008,fest_Q3070008
fest_Q7263612,fest_Q7263612
fest_Q579163,fest_Q579163
fest_Q131986778,fest_Q131986778
fest_Q29959335,fest_Q29959335
fest_Q129197516,fest_Q129197516
fest_Q102503360,fest_Q102503360
fest_Q112624917,fest_Q112624917
fest_Q6527812,fest_Q6527812
fest_Q130305880,fest_Q130305880
fest_Q7099761,fest_Q7099761
fest_Q86664778,fest_Q86664778
fest_Q85384,fest_Q85384
fest_Q117263,fest_Q117263
fest_Q1421817,fest_Q1421817
fest_Q59379328,fest_Q59379328
fest_Q7894411,fest_Q7894411
fest_Q11802057,fest_Q11802057
fest_Q106612670,fest_Q106612670
fest_Q9135574,fest_Q9135574
fest_Q7199258,fest_Q7199258
fest_Q1408581,fest_Q1408581
fest_Q17385362,fest_Q17385362
fest_Q25401987,fest_Q25401987
fest_Q51390076,fest_Q51390076
fest_Q80949,fest_Q80949
fest_Q11793763,fest_Q11793763
fest_Q139806760,fest_Q139806760
fest_Q7105291,fest_Q7105291
fest_Q130712764,fest_Q130712764
fest_Q10278764,fest_Q10278764
fest_Q5160222,fest_Q5160222
fest_Q11729771,fest_Q11729771
fest_Q99642299,fest_Q99642299
fest_Q7232025,fest_Q7232025
fest_Q130713478,fest_Q130713478
fest_Q108711138,fest_Q108711138
fest_Q2259288,fest_Q2259288
fest_Q11712135,fest_Q11712135
fest_Q3497485,fest_Q3497485
fest_Q134063882,fest_Q134063882
fest_Q9259296,fest_Q9259296
fest_Q48841955,fest_Q48841955
fest_Q11706376,fest_Q11706376
fest_Q130016776,fest_Q130016776
fest_Q106072978,fest_Q106072978
fest_Q9326143,fest_Q9326143
fest_Q42993305,fest_Q42993305
fest_Q114347232,fest_Q114347232
fest_Q86107,fest_Q86107
fest_Q9259286,fest_Q9259286
fest_Q1997010,fest_Q1997010
fest_Q139897525,fest_Q139897525
fest_Q9259206,fest_Q9259206
fest_Q77931877,fest_Q77931877
fest_Q11783869,fest_Q11783869
fest_Q11844537,fest_Q11844537
fest_Q131177539,fest_Q131177539
fest_Q7185138,fest_Q7185138
fest_Q7185385,fest_Q7185385
fest_Q1483763,fest_Q1483763
fest_Q78304389,fest_Q78304389
fest_Q105070555,fest_Q105070555
fest_Q5139823,fest_Q5139823
fest_Q7418191,fest_Q7418191
fest_Q86677802,fest_Q86677802
fest_Q17027126,fest_Q17027126
fest_Q17093218,fest_Q17093218
fest_Q25698335,fest_Q25698335
fest_Q121330771,fest_Q121330771
fest_Q20992217,fest_Q20992217
fest_Q10656268,fest_Q10656268
fest_Q113377766,fest_Q113377766
fest_Q48879529,fest_Q48879529
fest_Q117391269,fest_Q117391269
fest_Q139771827,fest_Q139771827
fest_Q113269127,fest_Q113269127
fest_Q7196508,fest_Q7196508
fest_Q12969038,fest_Q12969038
fest_Q30589848,fest_Q30589848
fest_Q2830670,fest_Q2830670
fest_Q23048151,fest_Q23048151
fest_Q7116584,fest_Q7116584
fest_Q1411756,fest_Q1411756
fest_Q96622031,fest_Q96622031
fest_Q7413869,fest_Q7413869
fest_Q20053349,fest_Q20053349
fest_Q132175625,fest_Q132175625
fest_Q10370522,fest_Q10370522
fest_Q6350041,fest_Q6350041
fest_Q86740514,fest_Q86740514
fest_Q5278041,fest_Q5278041
fest_Q10336793,fest_Q10336793
fest_Q127514918,fest_Q127514918
fest_Q2671446,fest_Q2671446
fest_Q137323422,fest_Q137323422
fest_Q10368222,fest_Q10368222
fest_Q25053473,fest_Q25053473
fest_Q21015919,fest_Q21015919
fest_Q9613569,fest_Q9613569
fest_Q149530,fest_Q149530
fest_Q7129743,fest_Q7129743
fest_Q5983620,fest_Q5983620
fest_Q4483214,fest_Q4483214
fest_Q3070008,fest_Q3070008
fest_Q139743058,fest_Q139743058
fest_Q124078091,fest_Q124078091
fest_Q10281966,fest_Q10281966
fest_Q81610,fest_Q81610
fest_Q125768360,fest_Q125768360
fest_Q121323620,fest_Q121323620
fest_Q5558384,fest_Q5558384
fest_Q137324205,fest_Q137324205
fest_Q17088388,fest_Q17088388
fest_Q6912301,fest_Q6912301
fest_Q6366042,fest_Q6366042
fest_Q85443050,fest_Q85443050
fest_Q112051447,fest_Q112051447
fest_Q126946424,fest_Q126946424
fest_Q85807019,fest_Q85807019
fest_Q10278764,fest_Q10278764
fest_Q65161817,fest_Q65161817
fest_Q43115913,fest_Q43115913
fest_Q4765851,fest_Q4765851
fest_Q29996642,fest_Q29996642
fest_Q114793367,fest_Q114793367
fest_Q138646248,fest_Q138646248
fest_Q7185277,fest_Q7185277
fest_Q17078384,fest_Q17078384
fest_Q113279722,fest_Q113279722
fest_Q109918362,fest_Q109918362
fest_Q3569997,fest_Q3569997
fest_Q1893443,fest_Q1893443
fest_Q5174671,fest_Q5174671
fest_Q122818812,fest_Q122818812
fest_Q29704207,fest_Q29704207
fest_Q10281831,fest_Q10281831
fest_Q48879654,fest_Q48879654
fest_Q137324570,fest_Q137324570
fest_Q3131900,fest_Q3131900
fest_Q4913845,fest_Q4913845
fest_Q137325556,fest_Q137325556
fest_Q6749688,fest_Q6749688
fest_Q17148787,fest_Q17148787
fest_Q128492542,fest_Q128492542
fest_Q18122919,fest_Q18122919
fest_Q16628632,fest_Q16628632
fest_Q4315507,fest_Q4315507
fest_Q4220930,fest_Q4220930
fest_Q4076961,fest_Q4076961
fest_Q4447908,fest_Q4447908
fest_Q64223581,fest_Q64223581
fest_Q1141359,fest_Q1141359
fest_Q16536110,fest_Q16536110
fest_Q37937330,fest_Q37937330
fest_Q113412235,fest_Q113412235
fest_Q131468037,fest_Q131468037
fest_Q42048759,fest_Q42048759
fest_Q4441664,fest_Q4441664
fest_Q1328626,fest_Q1328626
fest_Q52158842,fest_Q52158842
fest_Q127599572,fest_Q127599572
fest_Q4492070,fest_Q4492070
fest_Q2384646,fest_Q2384646
fest_Q4413754,fest_Q4413754
fest_Q15149201,fest_Q15149201
fest_Q95589843,fest_Q95589843
fest_Q26758861,fest_Q26758861
fest_Q376112,fest_Q376112
fest_Q105408698,fest_Q105408698
fest_Q24910363,fest_Q24910363
fest_Q97940655,fest_Q97940655
fest_Q109699239,fest_Q109699239
fest_Q56072167,fest_Q56072167
fest_Q124900549,fest_Q124900549
fest_Q4049669,fest_Q4049669
fest_Q136456423,fest_Q136456423
fest_Q25349615,fest_Q25349615
fest_Q3045874,fest_Q3045874
fest_Q115324832,fest_Q115324832
fest_Q5288911,fest_Q5288911
fest_Q16272126,fest_Q16272126
fest_Q15621180,fest_Q15621180
fest_Q28666928,fest_Q28666928
fest_Q4229103,fest_Q4229103
fest_Q4041155,fest_Q4041155
fest_Q121546575,fest_Q121546575
fest_Q119265974,fest_Q119265974
fest_Q97663551,fest_Q97663551
fest_Q16647418,fest_Q16647418
fest_Q86666498,fest_Q86666498
fest_Q104185806,fest_Q104185806
fest_Q662829,fest_Q662829
fest_Q110862607,fest_Q110862607
fest_Q19906929,fest_Q19906929
fest_Q125497600,fest_Q125497600
fest_Q4271558,fest_Q4271558
fest_Q15896364,fest_Q15896364
fest_Q62061940,fest_Q62061940
fest_Q64223602,fest_Q64223602
fest_Q4036042,fest_Q4036042
fest_Q47068109,fest_Q47068109
fest_Q4204218,fest_Q4204218
fest_Q98947020,fest_Q98947020
fest_Q1058102,fest_Q1058102
fest_Q602771,fest_Q602771
fest_Q56309652,fest_Q56309652
fest_Q135937267,fest_Q135937267
fest_Q80949,fest_Q80949
fest_Q20203401,fest_Q20203401
fest_Q29625699,fest_Q29625699
fest_Q4199911,fest_Q4199911
fest_Q15734813,fest_Q15734813
fest_Q56291777,fest_Q56291777
fest_Q4350734,fest_Q4350734
fest_Q20850530,fest_Q20850530
fest_Q135450235,fest_Q135450235
fest_Q5359316,fest_Q5359316
fest_Q16272090,fest_Q16272090
fest_Q18613634,fest_Q18613634
fest_Q542095,fest_Q542095
fest_Q131011429,fest_Q131011429
fest_Q1222838,fest_Q1222838
fest_Q4213650,fest_Q4213650
fest_Q136720338,fest_Q136720338
fest_Q107338157,fest_Q107338157
fest_Q23050206,fest_Q23050206
fest_Q3028738,fest_Q3028738
fest_Q3028738,fest_Q3028738
fest_Q107020788,fest_Q107020788
fest_Q103888326,fest_Q103888326
fest_Q135594475,fest_Q135594475
fest_Q19760041,fest_Q19760041
fest_Q3686090,fest_Q3686090
fest_Q4070157,fest_Q4070157
fest_Q114799519,fest_Q114799519
fest_Q6544437,fest_Q6544437
fest_Q56909,fest_Q56909
fest_Q65780861,fest_Q65780861
fest_Q22947792,fest_Q22947792
fest_Q55829521,fest_Q55829521
fest_Q7296383,fest_Q7296383
fest_Q93493275,fest_Q93493275
fest_Q131418198,fest_Q131418198
fest_Q66712580,fest_Q66712580
fest_Q109985604,fest_Q109985604
fest_Q728037,fest_Q728037
fest_Q135010700,fest_Q135010700
fest_Q87827974,fest_Q87827974
fest_Q114878761,fest_Q114878761
fest_Q5021787,fest_Q5021787
fest_Q5328323,fest_Q5328323
fest_Q120261203,fest_Q120261203
fest_Q115409881,fest_Q115409881
fest_Q6437701,fest_Q6437701
fest_Q30590317,fest_Q30590317
fest_Q136036007,fest_Q136036007
fest_Q118774149,fest_Q118774149
fest_Q12738613,fest_Q12738613
fest_Q5627258,fest_Q5627258
fest_Q110132077,fest_Q110132077
fest_Q43116157,fest_Q43116157
fest_Q4683230,fest_Q4683230
fest_Q127111646,fest_Q127111646
fest_Q5584324,fest_Q5584324
fest_Q135312661,fest_Q135312661
fest_Q29571874,fest_Q29571874
fest_Q130712557,fest_Q130712557
fest_Q129636581,fest_Q129636581
fest_Q120719694,fest_Q120719694
fest_Q124036381,fest_Q124036381
fest_Q12740365,fest_Q12740365
fest_Q12741793,fest_Q12741793
fest_Q134517750,fest_Q134517750
fest_Q20429197,fest_Q20429197
fest_Q133572188,fest_Q133572188
fest_Q135916008,fest_Q135916008
fest_Q61355174,fest_Q61355174
fest_Q109530554,fest_Q109530554
fest_Q662829,fest_Q662829
fest_Q130123869,fest_Q130123869
fest_Q107020788,fest_Q107020788
fest_Q15274619,fest_Q15274619
fest_Q96622031,fest_Q96622031
fest_Q109699239,fest_Q109699239
fest_Q4396828,fest_Q4396828
fest_Q4019072,fest_Q4019072
fest_Q5157905,fest_Q5157905
fest_Q662829,fest_Q662829
fest_Q135916158,fest_Q135916158
fest_Q81709125,fest_Q81709125
fest_Q114496415,fest_Q114496415
fest_Q3028738,fest_Q3028738
fest_Q125491365,fest_Q125491365
fest_Q542095,fest_Q542095
fest_Q856365,fest_Q856365
fest_Q107338157,fest_Q107338157
fest_Q23050206,fest_Q23050206
fest_Q29271,fest_Q29271
fest_Q137575395,fest_Q137575395
fest_Q4904581,fest_Q4904581
fest_Q7061444,fest_Q7061444
fest_Q130712886,fest_Q130712886
fest_Q282730,fest_Q282730
fest_Q134983917,fest_Q134983917
fest_Q125497600,fest_Q125497600
fest_Q25464688,fest_Q25464688
fest_Q25316228,fest_Q25316228
fest_Q6049401,fest_Q6049401
fest_Q111032653,fest_Q111032653
fest_Q12762217,fest_Q12762217
fest_Q2033154,fest_Q2033154
fest_Q77429230,fest_Q77429230
fest_Q30594043,fest_Q30594043
fest_Q25458984,fest_Q25458984
fest_Q3487863,fest_Q3487863
fest_Q111032660,fest_Q111032660
fest_Q135431592,fest_Q135431592
fest_Q13381875,fest_Q13381875
fest_Q136557170,fest_Q136557170
fest_Q13421542,fest_Q13421542
fest_Q5599964,fest_Q5599964
fest_Q136456423,fest_Q136456423
fest_Q21019824,fest_Q21019824
fest_Q131301806,fest_Q131301806
fest_Q136806050,fest_Q136806050
fest_Q121546575,fest_Q121546575
fest_Q6297319,fest_Q6297319
fest_Q12245988,fest_Q12245988
fest_Q131159637,fest_Q131159637
fest_Q110821727,fest_Q110821727
fest_Q110045984,fest_Q110045984
fest_Q110045272,fest_Q110045272
fest_Q12748851,fest_Q12748851
fest_Q10244,fest_Q10244
fest_Q65043136,fest_Q65043136
fest_Q18594232,fest_Q18594232
fest_Q45021690,fest_Q45021690
fest_Q61130342,fest_Q61130342
fest_Q126367951,fest_Q126367951
fest_Q28230225,fest_Q28230225
fest_Q60765692,fest_Q60765692
fest_Q136439225,fest_Q136439225
fest_Q64540334,fest_Q64540334
fest_Q25377463,fest_Q25377463
fest_Q17098395,fest_Q17098395
fest_Q28419214,fest_Q28419214
fest_Q96415692,fest_Q96415692
fest_Q5323805,fest_Q5323805
fest_Q64627172,fest_Q64627172
fest_Q17779336,fest_Q17779336
fest_Q74415146,fest_Q74415146
fest_Q7452831,fest_Q7452831
fest_Q43117460,fest_Q43117460
fest_Q1011736,fest_Q1011736
fest_Q25044935,fest_Q25044935
fest_Q135450235,fest_Q135450235
fest_Q61130583,fest_Q61130583
fest_Q3063098,fest_Q3063098
fest_Q12606158,fest_Q12606158
fest_Q4166017,fest_Q4166017
fest_Q12760595,fest_Q12760595
fest_Q6172694,fest_Q6172694
fest_Q130219864,fest_Q130219864
fest_Q5977922,fest_Q5977922
fest_Q130316450,fest_Q130316450
fest_Q483826,fest_Q483826
fest_Q19839999,fest_Q19839999
fest_Q30590409,fest_Q30590409
fest_Q131011429,fest_Q131011429
fest_Q1126527,fest_Q1126527
fest_Q108550619,fest_Q108550619
fest_Q12776529,fest_Q12776529
fest_Q135432259,fest_Q135432259
fest_Q94636784,fest_Q94636784
fest_Q6024547,fest_Q6024547
fest_Q115519555,fest_Q115519555
fest_Q949776,fest_Q949776
fest_Q16711610,fest_Q16711610
fest_Q74404584,fest_Q74404584
fest_Q5154060,fest_Q5154060
fest_Q114799519,fest_Q114799519
fest_Q99539520,fest_Q99539520
fest_Q555896,fest_Q555896
fest_Q4806603,fest_Q4806603
fest_Q128492542,fest_Q128492542
fest_Q5190775,fest_Q5190775
fest_Q16824205,fest_Q16824205
fest_Q125769206,fest_Q125769206
fest_Q7605451,fest_Q7605451
fest_Q7523159,fest_Q7523159
fest_Q20104271,fest_Q20104271
fest_Q12745604,fest_Q12745604
fest_Q2613306,fest_Q2613306
fest_Q20103498,fest_Q20103498
fest_Q17688140,fest_Q17688140
fest_Q20103233,fest_Q20103233
fest_Q18013184,fest_Q18013184
fest_Q5390543,fest_Q5390543
fest_Q5752918,fest_Q5752918
fest_Q11088726,fest_Q11088726
fest_Q12175110,fest_Q12175110
fest_Q18696305,fest_Q18696305
fest_Q20101522,fest_Q20101522
fest_Q10244,fest_Q10244
fest_Q10244,fest_Q10244
fest_Q5723385,fest_Q5723385
fest_Q2824458,fest_Q2824458
fest_Q3147421,fest_Q3147421
fest_Q6343452,fest_Q6343452
fest_Q625724,fest_Q625724
fest_Q20105952,fest_Q20105952
fest_Q19810537,fest_Q19810537
fest_Q5861023,fest_Q5861023
fest_Q18684615,fest_Q18684615
fest_Q5305196,fest_Q5305196
fest_Q5970261,fest_Q5970261
fest_Q4838443,fest_Q4838443
fest_Q11951447,fest_Q11951447
fest_Q11907763,fest_Q11907763
fest_Q5861062,fest_Q5861062
fest_Q3183439,fest_Q3183439
fest_Q3837409,fest_Q3837409
fest_Q5737902,fest_Q5737902
fest_Q17305074,fest_Q17305074
fest_Q5855501,fest_Q5855501
fest_Q5656997,fest_Q5656997
fest_Q5208205,fest_Q5208205
fest_Q1378191,fest_Q1378191
fest_Q5409826,fest_Q5409826
fest_Q12280565,fest_Q12280565
fest_Q7433388,fest_Q7433388
fest_Q5352198,fest_Q5352198
fest_Q5970284,fest_Q5970284
fest_Q8961597,fest_Q8961597
fest_Q18013658,fest_Q18013658
fest_Q3500067,fest_Q3500067
fest_Q11927138,fest_Q11927138
fest_Q2881621,fest_Q2881621
fest_Q20103634,fest_Q20103634
fest_Q12606158,fest_Q12606158
fest_Q6523298,fest_Q6523298
fest_Q5429969,fest_Q5429969
fest_Q2281587,fest_Q2281587
fest_Q5445749,fest_Q5445749
fest_Q5445754,fest_Q5445754
fest_Q11921910,fest_Q11921910
fest_Q5242970,fest_Q5242970
fest_Q12618343,fest_Q12618343
fest_Q4442796,fest_Q4442796
fest_Q2838024,fest_Q2838024
fest_Q11921916,fest_Q11921916
fest_Q7753039,fest_Q7753039
fest_Q5861379,fest_Q5861379
fest_Q20104202,fest_Q20104202
fest_Q18132936,fest_Q18132936
fest_Q11921923,fest_Q11921923
fest_Q496483,fest_Q496483
fest_Q11921920,fest_Q11921920
fest_Q8961627,fest_Q8961627
fest_Q12620053,fest_Q12620053
fest_Q12793293,fest_Q12793293
fest_Q17299707,fest_Q17299707
fest_Q3045527,fest_Q3045527
fest_Q20104455,fest_Q20104455
fest_Q555896,fest_Q555896
fest_Q8961229,fest_Q8961229
fest_Q5789882,fest_Q5789882
fest_Q3366656,fest_Q3366656
fest_Q12388493,fest_Q12388493
fest_Q5944895,fest_Q5944895
fest_Q11955007,fest_Q11955007
fest_Q2894377,fest_Q2894377
fest_Q12134277,fest_Q12134277
fest_Q4583727,fest_Q4583727
fest_Q2295568,fest_Q2295568
fest_Q29271,fest_Q29271
fest_Q12584328,fest_Q12584328
fest_Q3302580,fest_Q3302580
fest_Q8662801,fest_Q8662801
fest_Q17088931,fest_Q17088931
fest_Q13112508,fest_Q13112508
fest_Q6139051,fest_Q6139051
fest_Q17636451,fest_Q17636451
fest_Q14947228,fest_Q14947228
fest_Q5719012,fest_Q5719012
fest_Q5044119,fest_Q5044119
fest_Q4730265,fest_Q4730265
fest_Q5001265,fest_Q5001265
fest_Q5296017,fest_Q5296017
fest_Q11921960,fest_Q11921960
fest_Q3290365,fest_Q3290365
fest_Q5861858,fest_Q5861858
fest_Q20105615,fest_Q20105615
fest_Q12800598,fest_Q12800598
fest_Q486373,fest_Q486373
fest_Q6124437,fest_Q6124437
fest_Q7141858,fest_Q7141858
fest_Q20106122,fest_Q20106122
fest_Q20102907,fest_Q20102907
fest_Q20103461,fest_Q20103461
fest_Q20103161,fest_Q20103161
fest_Q15967896,fest_Q15967896
fest_Q12268038,fest_Q12268038
fest_Q5963001,fest_Q5963001
fest_Q21077728,fest_Q21077728
fest_Q21088799,fest_Q21088799
fest_Q23662620,fest_Q23662620
fest_Q23662691,fest_Q23662691
fest_Q23658059,fest_Q23658059
fest_Q23310072,fest_Q23310072
fest_Q23655668,fest_Q23655668
fest_Q20106405,fest_Q20106405
fest_Q23658031,fest_Q23658031
fest_Q23449320,fest_Q23449320
fest_Q23662585,fest_Q23662585
fest_Q23662616,fest_Q23662616
fest_Q20106459,fest_Q20106459
fest_Q23199332,fest_Q23199332
fest_Q23662084,fest_Q23662084
fest_Q20108081,fest_Q20108081
fest_Q20106281,fest_Q20106281
fest_Q23658017,fest_Q23658017
fest_Q23658054,fest_Q23658054
fest_Q20106444,fest_Q20106444
fest_Q23661721,fest_Q23661721
fest_Q20108095,fest_Q20108095
fest_Q23455822,fest_Q23455822
fest_Q23660811,fest_Q23660811
fest_Q23656927,fest_Q23656927
fest_Q23660809,fest_Q23660809
fest_Q20109030,fest_Q20109030
fest_Q23657666,fest_Q23657666
fest_Q23660816,fest_Q23660816
fest_Q23657668,fest_Q23657668
fest_Q23310075,fest_Q23310075
fest_Q23662039,fest_Q23662039
fest_Q23662637,fest_Q23662637
fest_Q23662643,fest_Q23662643
fest_Q23449319,fest_Q23449319
fest_Q23660832,fest_Q23660832
fest_Q23655987,fest_Q23655987
fest_Q20106496,fest_Q20106496
fest_Q23657680,fest_Q23657680
fest_Q21003051,fest_Q21003051
fest_Q23450140,fest_Q23450140
fest_Q23310069,fest_Q23310069
fest_Q22673355,fest_Q22673355
fest_Q23662594,fest_Q23662594
fest_Q23655940,fest_Q23655940
fest_Q23662660,fest_Q23662660
fest_Q23662605,fest_Q23662605
fest_Q20493067,fest_Q20493067
fest_Q23662580,fest_Q23662580
fest_Q21038058,fest_Q21038058
fest_Q23662679,fest_Q23662679
fest_Q23657694,fest_Q23657694
fest_Q20106902,fest_Q20106902
fest_Q21479977,fest_Q21479977
fest_Q23894905,fest_Q23894905
fest_Q23662702,fest_Q23662702
fest_Q23663151,fest_Q23663151
fest_Q21479921,fest_Q21479921
fest_Q21479872,fest_Q21479872
fest_Q23662860,fest_Q23662860
fest_Q21479929,fest_Q21479929
fest_Q23663605,fest_Q23663605
fest_Q23658027,fest_Q23658027
fest_Q23663326,fest_Q23663326
fest_Q23663386,fest_Q23663386
fest_Q23661684,fest_Q23661684
fest_Q23663342,fest_Q23663342
fest_Q21587742,fest_Q21587742
fest_Q23663397,fest_Q23663397
fest_Q23657059,fest_Q23657059
fest_Q23657061,fest_Q23657061
fest_Q23657558,fest_Q23657558
fest_Q23662957,fest_Q23662957
fest_Q23663059,fest_Q23663059
fest_Q23663100,fest_Q23663100
fest_Q24254507,fest_Q24254507
fest_Q23662746,fest_Q23662746
fest_Q21855013,fest_Q21855013
fest_Q23662634,fest_Q23662634
fest_Q23662785,fest_Q23662785
fest_Q23663395,fest_Q23663395
fest_Q21483881,fest_Q21483881
fest_Q23662631,fest_Q23662631
fest_Q23662803,fest_Q23662803
fest_Q23663308,fest_Q23663308
fest_Q23894724,fest_Q23894724
fest_Q23662966,fest_Q23662966
fest_Q24859892,fest_Q24859892
fest_Q23663307,fest_Q23663307
fest_Q61831783,fest_Q61831783
fest_Q105479764,fest_Q105479764
fest_Q31179441,fest_Q31179441
fest_Q47120057,fest_Q47120057
fest_Q28134991,fest_Q28134991
fest_Q136988214,fest_Q136988214
fest_Q104425094,fest_Q104425094
fest_Q105973735,fest_Q105973735
fest_Q115505283,fest_Q115505283
fest_Q71692193,fest_Q71692193
fest_Q137442051,fest_Q137442051
fest_Q123653547,fest_Q123653547
fest_Q115626809,fest_Q115626809
fest_Q78846875,fest_Q78846875
fest_Q47119479,fest_Q47119479
fest_Q28711502,fest_Q28711502
fest_Q47129466,fest_Q47129466
fest_Q63164477,fest_Q63164477
fest_Q136743150,fest_Q136743150
fest_Q113667591,fest_Q113667591
fest_Q105589549,fest_Q105589549
fest_Q78847962,fest_Q78847962
fest_Q114007985,fest_Q114007985
fest_Q66810060,fest_Q66810060
fest_Q137544425,fest_Q137544425
fest_Q135408016,fest_Q135408016
fest_Q78846744,fest_Q78846744
fest_Q130371088,fest_Q130371088
fest_Q43117460,fest_Q43117460
fest_Q47069820,fest_Q47069820
fest_Q137437222,fest_Q137437222
fest_Q827695,fest_Q827695
fest_Q78847323,fest_Q78847323
fest_Q75099337,fest_Q75099337
fest_Q137533731,fest_Q137533731
fest_Q106689307,fest_Q106689307
fest_Q43117056,fest_Q43117056
fest_Q31074902,fest_Q31074902
fest_Q139813926,fest_Q139813926
fest_Q137545685,fest_Q137545685
fest_Q27049481,fest_Q27049481
fest_Q66604982,fest_Q66604982
fest_Q113232600,fest_Q113232600
fest_Q47128911,fest_Q47128911
fest_Q110958110,fest_Q110958110
fest_Q123053262,fest_Q123053262
fest_Q78847112,fest_Q78847112
fest_Q50996351,fest_Q50996351
fest_Q137427845,fest_Q137427845
fest_Q123053215,fest_Q123053215
fest_Q66712801,fest_Q66712801
fest_Q137926467,fest_Q137926467
fest_Q78847864,fest_Q78847864
fest_Q26713999,fest_Q26713999
fest_Q104519344,fest_Q104519344
fest_Q137323422,fest_Q137323422
fest_Q125400595,fest_Q125400595
fest_Q137531733,fest_Q137531733
fest_Q117815241,fest_Q117815241
fest_Q118727089,fest_Q118727089
fest_Q81723491,fest_Q81723491
fest_Q123053220,fest_Q123053220
fest_Q131766833,fest_Q131766833
fest_Q52884919,fest_Q52884919
fest_Q78847431,fest_Q78847431
fest_Q3092925,fest_Q3092925
fest_Q136947818,fest_Q136947818
fest_Q118453305,fest_Q118453305
fest_Q137531648,fest_Q137531648
fest_Q123564264,fest_Q123564264
fest_Q137786920,fest_Q137786920
fest_Q98534687,fest_Q98534687
fest_Q41799347,fest_Q41799347
fest_Q43117015,fest_Q43117015
fest_Q131451456,fest_Q131451456
fest_Q31073872,fest_Q31073872
fest_Q137534041,fest_Q137534041
fest_Q56005589,fest_Q56005589
fest_Q69506863,fest_Q69506863
fest_Q118347664,fest_Q118347664
fest_Q137533763,fest_Q137533763
fest_Q129263928,fest_Q129263928
fest_Q26714030,fest_Q26714030
fest_Q124615023,fest_Q124615023
fest_Q129353096,fest_Q129353096
fest_Q117317246,fest_Q117317246
fest_Q78847579,fest_Q78847579
fest_Q112135244,fest_Q112135244
fest_Q539863,fest_Q539863
fest_Q123053230,fest_Q123053230
fest_Q12388475,fest_Q12388475
fest_Q4121017,fest_Q4121017
fest_Q11921899,fest_Q11921899
fest_Q3392407,fest_Q3392407
fest_Q11921905,fest_Q11921905
fest_Q8338712,fest_Q8338712
fest_Q8961610,fest_Q8961610
fest_Q5391361,fest_Q5391361
fest_Q5861822,fest_Q5861822
fest_Q4896555,fest_Q4896555
fest_Q5962041,fest_Q5962041
fest_Q23661019,fest_Q23661019
fest_Q11921922,fest_Q11921922
fest_Q5861673,fest_Q5861673
fest_Q20108100,fest_Q20108100
fest_Q894689,fest_Q894689
fest_Q12175050,fest_Q12175050
fest_Q10856568,fest_Q10856568
fest_Q5575352,fest_Q5575352
fest_Q5858918,fest_Q5858918
fest_Q20109040,fest_Q20109040
fest_Q1416022,fest_Q1416022
fest_Q5763483,fest_Q5763483
fest_Q20108115,fest_Q20108115
fest_Q3393255,fest_Q3393255
fest_Q5650864,fest_Q5650864
fest_Q4895460,fest_Q4895460
fest_Q12387893,fest_Q12387893
fest_Q5861667,fest_Q5861667
fest_Q23710981,fest_Q23710981
fest_Q5669877,fest_Q5669877
fest_Q20545088,fest_Q20545088
fest_Q11947723,fest_Q11947723
fest_Q12257567,fest_Q12257567
fest_Q20545247,fest_Q20545247
fest_Q4158427,fest_Q4158427
fest_Q5861780,fest_Q5861780
fest_Q2834310,fest_Q2834310
fest_Q11919232,fest_Q11919232
fest_Q20541714,fest_Q20541714
fest_Q17627199,fest_Q17627199
fest_Q1208044,fest_Q1208044
fest_Q11921918,fest_Q11921918
fest_Q9033856,fest_Q9033856
fest_Q8961500,fest_Q8961500
fest_Q20106517,fest_Q20106517
fest_Q2115110,fest_Q2115110
fest_Q8961628,fest_Q8961628
fest_Q16908679,fest_Q16908679
fest_Q5861826,fest_Q5861826
fest_Q10601520,fest_Q10601520
fest_Q3327994,fest_Q3327994
fest_Q11704629,fest_Q11704629
fest_Q6138503,fest_Q2613306
fest_Q1406268,fest_Q1406268
fest_Q5752941,fest_Q5752941
fest_Q20106411,fest_Q20106411
fest_Q21044497,fest_Q21044497
fest_Q12388467,fest_Q12388467
fest_Q3986817,fest_Q3986817
fest_Q3397662,fest_Q3397662
fest_Q8350950,fest_Q8350950
fest_Q1143768,fest_Q1143768
fest_Q20106598,fest_Q20106598
fest_Q61790058,fest_Q61790058
fest_Q120403918,fest_Q120403918
fest_Q137972579,fest_Q137972579
fest_Q28711577,fest_Q28711577
fest_Q23653026,fest_Q23653026
fest_Q10456317,fest_Q10456317
fest_Q24941846,fest_Q24941846
fest_Q6123993,fest_Q6123993
fest_Q123484962,fest_Q123484962
fest_Q23660979,fest_Q23660979
fest_Q91225122,fest_Q91225122
fest_Q90064213,fest_Q90064213
fest_Q65205710,fest_Q65205710
fest_Q115940024,fest_Q115940024
fest_Q97502346,fest_Q97502346
fest_Q115940402,fest_Q115940402
fest_Q113645748,fest_Q113645748
fest_Q483188,fest_Q483188
fest_Q7232850,fest_Q7232850
fest_Q81610,fest_Q81610
fest_Q23047569,fest_Q23047569
fest_Q17685565,fest_Q17685565
fest_Q3765976,fest_Q3765976
fest_Q81315394,fest_Q81315394
fest_Q118278977,fest_Q118278977
fest_Q100933143,fest_Q100933143
fest_Q19336875,fest_Q19336875
fest_Q6105049,fest_Q6105049
fest_Q81610,fest_Q81610
fest_Q95150541,fest_Q95150541
fest_Q20104258,fest_Q20104258
fest_Q124353516,fest_Q124353516
fest_Q108884831,fest_Q108884831
fest_Q109607040,fest_Q109607040
fest_Q117857185,fest_Q117857185
fest_Q483826,fest_Q483826
fest_Q16094859,fest_Q16094859
fest_Q98807123,fest_Q98807123
fest_Q120705939,fest_Q120705939
fest_Q110618287,fest_Q110618287
fest_Q137294646,fest_Q137294646
fest_Q76986822,fest_Q76986822
fest_Q485104,fest_Q485104
fest_Q486716,fest_Q486716
fest_Q107474570,fest_Q107474570
fest_Q31177887,fest_Q31177887
fest_Q67283027,fest_Q67283027
fest_Q139665563,fest_Q139665563
fest_Q23311250,fest_Q23311250
fest_Q662829,fest_Q662829
fest_Q483239,fest_Q483239
fest_Q41799593,fest_Q41799593
fest_Q16122928,fest_Q16122928
fest_Q489672,fest_Q489672
fest_Q23657684,fest_Q23657684
fest_Q20103221,fest_Q20103221
fest_Q51092064,fest_Q51092064
fest_Q71676875,fest_Q71676875
fest_Q3826736,fest_Q3826736
fest_Q5028375,fest_Q5028375
fest_Q48990178,fest_Q48990178
fest_Q55886016,fest_Q55886016
fest_Q7302227,fest_Q7302227
fest_Q4690109,fest_Q4690109
fest_Q5399202,fest_Q5399202
fest_Q4715215,fest_Q4715215
fest_Q18128993,fest_Q18128993
fest_Q2735642,fest_Q2735642
fest_Q20103333,fest_Q20103333
fest_Q27074702,fest_Q27074702
fest_Q5781213,fest_Q5781213
fest_Q20106316,fest_Q20106316
fest_Q2781969,fest_Q2781969
fest_Q11953204,fest_Q11953204
fest_Q795924,fest_Q795924
fest_Q23459536,fest_Q23459536
fest_Q20105580,fest_Q20105580
fest_Q17021063,fest_Q17021063
fest_Q7564787,fest_Q7564787
fest_Q96622031,fest_Q96622031
fest_Q4904542,fest_Q4904542
fest_Q6492194,fest_Q6492194
fest_Q2918983,fest_Q2918983
fest_Q108395528,fest_Q108395528
fest_Q60009059,fest_Q60009059
fest_Q18052798,fest_Q18052798
fest_Q11913284,fest_Q11913284
fest_Q6065390,fest_Q6065390
fest_Q7864134,fest_Q7864134
fest_Q3394495,fest_Q3394495
fest_Q17054931,fest_Q17054931
fest_Q31073768,fest_Q31073768
fest_Q3326913,fest_Q3326913
fest_Q6950424,fest_Q6950424
fest_Q12256073,fest_Q12256073
fest_Q3642773,fest_Q3642773
fest_Q1595338,fest_Q1595338
fest_Q7618050,fest_Q7618050
fest_Q11911104,fest_Q11911104
fest_Q6029177,fest_Q6029177
fest_Q30606321,fest_Q30606321
fest_Q28035278,fest_Q28035278
fest_Q3325889,fest_Q3325889
fest_Q6114439,fest_Q6114439
fest_Q88032026,fest_Q88032026
fest_Q16060402,fest_Q16060402
fest_Q6117914,fest_Q6117914
fest_Q5853465,fest_Q5853465
fest_Q60527811,fest_Q60527811
fest_Q26265418,fest_Q26265418
fest_Q5208172,fest_Q5208172
fest_Q3544398,fest_Q3544398
fest_Q90404757,fest_Q90404757
fest_Q62915258,fest_Q62915258
fest_Q4796950,fest_Q4796950
fest_Q28711740,fest_Q28711740
fest_Q107444042,fest_Q107444042
fest_Q20977935,fest_Q20977935
fest_Q12388476,fest_Q12388476
fest_Q28136211,fest_Q28136211
fest_Q7291438,fest_Q7291438
fest_Q12593133,fest_Q12593133
fest_Q5678970,fest_Q5678970
fest_Q61707893,fest_Q61707893
fest_Q10709483,fest_Q10709483
fest_Q19715702,fest_Q19715702
fest_Q20104399,fest_Q20104399
fest_Q78577973,fest_Q78577973
fest_Q17266419,fest_Q17266419
fest_Q5858812,fest_Q5858812
fest_Q50359557,fest_Q50359557
fest_Q28699278,fest_Q28699278
fest_Q85816998,fest_Q85816998
fest_Q5784967,fest_Q5784967
fest_Q11921927,fest_Q11921927
fest_Q60751238,fest_Q60751238
fest_Q4543437,fest_Q4543437
fest_Q1133236,fest_Q1133236
fest_Q2356144,fest_Q2356144
fest_Q20102416,fest_Q20102416
fest_Q77976093,fest_Q77976093
fest_Q6116623,fest_Q6116623
fest_Q17113098,fest_Q17113098
fest_Q85803189,fest_Q85803189
fest_Q5858832,fest_Q5858832
fest_Q20103073,fest_Q20103073
fest_Q73717023,fest_Q73717023
fest_Q18351126,fest_Q18351126
fest_Q1155490,fest_Q1155490
fest_Q7115155,fest_Q7115155
fest_Q1853379,fest_Q1853379
fest_Q3052748,fest_Q3052748
fest_Q12399517,fest_Q12399517
fest_Q98745524,fest_Q98745524
fest_Q8247090,fest_Q8247090
fest_Q1389170,fest_Q1389170
fest_Q94634713,fest_Q94634713
fest_Q11912002,fest_Q11912002
fest_Q5858914,fest_Q5858914
fest_Q3816943,fest_Q3816943
fest_Q135575000,fest_Q135575000
fest_Q106583615,fest_Q106583615
fest_Q15285633,fest_Q15285633
fest_Q135114843,fest_Q135114843
fest_Q116291455,fest_Q116291455
fest_Q135903860,fest_Q135903860
fest_Q1161561,fest_Q1161561
fest_Q136645712,fest_Q136645712
fest_Q106583334,fest_Q106583334
fest_Q59379328,fest_Q59379328
fest_Q130344231,fest_Q130344231
fest_Q128802598,fest_Q128802598
fest_Q108554373,fest_Q108554373
fest_Q4041178,fest_Q4041178
fest_Q106583346,fest_Q106583346
fest_Q119723250,fest_Q119723250
fest_Q139971240,fest_Q139971240
fest_Q17996850,fest_Q17996850
fest_Q136522389,fest_Q136522389
fest_Q115870073,fest_Q115870073
fest_Q122167346,fest_Q122167346
fest_Q106583358,fest_Q106583358
fest_Q136808353,fest_Q136808353
fest_Q137324570,fest_Q137324570
fest_Q106583662,fest_Q106583662
fest_Q136439995,fest_Q136439995
fest_Q130712739,fest_Q130712739
fest_Q115166077,fest_Q115166077
fest_Q124326031,fest_Q124326031
fest_Q106583675,fest_Q106583675
fest_Q112946309,fest_Q112946309
fest_Q127685138,fest_Q127685138
fest_Q106583682,fest_Q106583682
fest_Q106572579,fest_Q106572579
fest_Q4563803,fest_Q4563803
fest_Q106583838,fest_Q106583838
fest_Q137455846,fest_Q137455846
fest_Q135070819,fest_Q135070819
fest_Q131702810,fest_Q131702810
fest_Q123114360,fest_Q123114360
fest_Q104804867,fest_Q104804867
fest_Q106572590,fest_Q106572590
fest_Q104804864,fest_Q104804864
fest_Q106583395,fest_Q106583395
fest_Q138584056,fest_Q138584056
fest_Q123076620,fest_Q123076620
fest_Q106583700,fest_Q106583700
fest_Q106572603,fest_Q106572603
fest_Q6132317,fest_Q6132317
fest_Q131618758,fest_Q131618758
fest_Q114933942,fest_Q114933942
fest_Q106572611,fest_Q106572611
fest_Q131702809,fest_Q131702809
fest_Q106583864,fest_Q106583864
fest_Q106572615,fest_Q106572615
fest_Q130318015,fest_Q130318015
fest_Q130537958,fest_Q130537958
fest_Q113605120,fest_Q113605120
fest_Q136485557,fest_Q136485557
fest_Q134445153,fest_Q134445153
fest_Q130537677,fest_Q130537677
fest_Q106583728,fest_Q106583728
fest_Q115557501,fest_Q115557501
fest_Q124462102,fest_Q124462102
fest_Q106584035,fest_Q106584035
fest_Q124423870,fest_Q124423870
fest_Q135056262,fest_Q135056262
fest_Q119589069,fest_Q119589069
fest_Q130468605,fest_Q130468605
fest_Q140044454,fest_Q140044454
fest_Q106560643,fest_Q106560643
fest_Q106560647,fest_Q106560647
fest_Q110218237,fest_Q110218237
fest_Q137886202,fest_Q137886202
fest_Q133804045,fest_Q133804045
fest_Q138309745,fest_Q138309745
fest_Q55122032,fest_Q55122032
fest_Q105448800,fest_Q105448800
fest_Q4006251,fest_Q4006251
fest_Q18335094,fest_Q18335094
fest_Q10680536,fest_Q10680536
fest_Q5744239,fest_Q5744239
fest_Q136353190,fest_Q136353190
fest_Q10552942,fest_Q10552942
fest_Q18624661,fest_Q18624661
fest_Q11353805,fest_Q11353805
fest_Q4076961,fest_Q4076961
fest_Q137739285,fest_Q137739285
fest_Q7564787,fest_Q7564787
fest_Q63164477,fest_Q63164477
fest_Q13416957,fest_Q13416957
fest_Q16515160,fest_Q16515160
fest_Q10710243,fest_Q10710243
fest_Q29380903,fest_Q29380903
fest_Q114759378,fest_Q114759378
fest_Q6349666,fest_Q6349666
fest_Q2608553,fest_Q2608553
fest_Q10497456,fest_Q10497456
fest_Q10604689,fest_Q10604689
fest_Q10568317,fest_Q10568317
fest_Q5427122,fest_Q5427122
fest_Q65254802,fest_Q65254802
fest_Q10561526,fest_Q10561526
fest_Q65254802,fest_Q65254802
fest_Q57196864,fest_Q57196864
fest_Q18454723,fest_Q18454723
fest_Q7618050,fest_Q7618050
fest_Q80949,fest_Q80949
fest_Q2630341,fest_Q2630341
fest_Q80949,fest_Q80949
fest_Q5629055,fest_Q5629055
fest_Q77031480,fest_Q77031480
fest_Q4442796,fest_Q4442796
fest_Q400196,fest_Q400196
fest_Q7993417,fest_Q7993417
fest_Q1224610,fest_Q1224610
fest_Q7096094,fest_Q7096094
fest_Q15632654,fest_Q15632654
fest_Q17103578,fest_Q17103578
fest_Q136353266,fest_Q136353266
fest_Q105194463,fest_Q105194463
fest_Q18290485,fest_Q18290485
fest_Q761070,fest_Q761070
fest_Q10554272,fest_Q10554272
fest_Q56300371,fest_Q56300371
fest_Q4826093,fest_Q4826093
fest_Q6364269,fest_Q6364269
fest_Q8078933,fest_Q8078933
fest_Q10710505,fest_Q10710505
fest_Q7727685,fest_Q7727685
fest_Q10602035,fest_Q10602035
fest_Q477551,fest_Q477551
fest_Q1813040,fest_Q1813040
fest_Q7881529,fest_Q7881529
fest_Q16411367,fest_Q16411367
fest_Q3478312,fest_Q3478312
fest_Q98152365,fest_Q98152365
fest_Q16935369,fest_Q16935369
fest_Q80949,fest_Q80949
fest_Q252496,fest_Q252496
fest_Q10709483,fest_Q10709483
fest_Q10651450,fest_Q10651450
fest_Q4730265,fest_Q4730265
fest_Q16911466,fest_Q16911466
fest_Q7711307,fest_Q7711307
fest_Q3362037,fest_Q3362037
fest_Q22098766,fest_Q22098766
fest_Q10601520,fest_Q10601520
fest_Q4175709,fest_Q4175709
fest_Q130263899,fest_Q130263899
fest_Q10719030,fest_Q10719030
fest_Q19885745,fest_Q19885745
fest_Q633506,fest_Q633506
fest_Q1328626,fest_Q1328626
fest_Q8077188,fest_Q8077188
fest_Q662829,fest_Q662829
fest_Q100166656,fest_Q100166656
fest_Q10526631,fest_Q10526631
fest_Q65250318,fest_Q65250318
fest_Q10723750,fest_Q10723750
fest_Q24914676,fest_Q24914676
fest_Q47008417,fest_Q47008417
fest_Q17018415,fest_Q17018415
fest_Q10480777,fest_Q10480777
fest_Q130712750,fest_Q130712750
fest_Q106201531,fest_Q106201531
fest_Q111983813,fest_Q111983813
fest_Q111964228,fest_Q111964228
fest_Q115300617,fest_Q115300617
fest_Q63979259,fest_Q63979259
fest_Q111966898,fest_Q111966898
fest_Q129353096,fest_Q129353096
fest_Q1696625,fest_Q1696625
fest_Q111966451,fest_Q111966451
fest_Q111966993,fest_Q111966993
fest_Q3206936,fest_Q3206936
fest_Q115854,fest_Q115854
fest_Q111968716,fest_Q111968716
fest_Q111983191,fest_Q111983191
fest_Q122219063,fest_Q122219063
fest_Q111968692,fest_Q111968692
fest_Q1026768,fest_Q1026768
fest_Q111966913,fest_Q111966913
fest_Q111659285,fest_Q111659285
fest_Q67080823,fest_Q67080823
fest_Q15613979,fest_Q15613979
fest_Q111964321,fest_Q111964321
fest_Q51845040,fest_Q51845040
fest_Q24090941,fest_Q24090941
fest_Q22573883,fest_Q22573883
fest_Q123756244,fest_Q123756244
fest_Q118383836,fest_Q118383836
fest_Q3425199,fest_Q3425199
fest_Q111966932,fest_Q111966932
fest_Q479014,fest_Q479014
fest_Q111967720,fest_Q111966451
fest_Q673014,fest_Q673014
fest_Q15621527,fest_Q15621527
fest_Q28071153,fest_Q28071153
fest_Q111967009,fest_Q111967009
fest_Q28930072,fest_Q28930072
fest_Q111964654,fest_Q111964654
fest_Q43204877,fest_Q43204877
fest_Q59772758,fest_Q59772758
fest_Q27036577,fest_Q27036577
fest_Q130712611,fest_Q130712611
fest_Q17635751,fest_Q17635751
fest_Q3462932,fest_Q3462932
fest_Q111963877,fest_Q111963877
fest_Q111967092,fest_Q111967092
fest_Q111963345,fest_Q111963345
fest_Q107588121,fest_Q107588121
fest_Q15807491,fest_Q15807491
fest_Q111967594,fest_Q111967594
fest_Q139922353,fest_Q139922353
fest_Q96622031,fest_Q96622031
fest_Q130712692,fest_Q130712692
fest_Q55080309,fest_Q55080309
fest_Q698390,fest_Q698390
fest_Q111984024,fest_Q111984024
fest_Q71030630,fest_Q71030630
fest_Q111983245,fest_Q111983245
fest_Q111966976,fest_Q111966976
fest_Q5975015,fest_Q5975015
fest_Q130712698,fest_Q130712698
fest_Q111964052,fest_Q111964052
fest_Q186015,fest_Q186015
fest_Q128822418,fest_Q128822418
fest_Q682504,fest_Q682504
fest_Q126748138,fest_Q126748138
fest_Q111965428,fest_Q111965428
fest_Q2359108,fest_Q2359108
fest_Q3070536,fest_Q3070536
fest_Q130712826,fest_Q130712826
fest_Q55356410,fest_Q55356410
fest_Q122347172,fest_Q122347172
fest_Q125507374,fest_Q125507374
fest_Q388009,fest_Q388009
fest_Q111983274,fest_Q111983274
fest_Q130712789,fest_Q130712789
fest_Q3092910,fest_Q3092910
fest_Q24940293,fest_Q24940293
fest_Q130712863,fest_Q130712863
fest_Q118482734,fest_Q118482734
fest_Q121338057,fest_Q121338057
fest_Q132132083,fest_Q132132083
fest_Q111983214,fest_Q111983214
fest_Q130712791,fest_Q130712791
fest_Q3070027,fest_Q3070027
fest_Q132173063,fest_Q132173063
fest_Q112062291,fest_Q112062291
fest_Q112175468,fest_Q112175468
fest_Q112174574,fest_Q112174366
fest_Q112175528,fest_Q112175528
fest_Q11174917,fest_Q11174917
fest_Q112208556,fest_Q112208556
fest_Q10936918,fest_Q10936918
fest_Q112184392,fest_Q112184392
fest_Q22098766,fest_Q22098766
fest_Q112265348,fest_Q112265348
fest_Q112175328,fest_Q112175328
fest_Q112183945,fest_Q112183945
fest_Q112185954,fest_Q112185954
fest_Q112062534,fest_Q112062534
fest_Q112190925,fest_Q112190925
fest_Q112174884,fest_Q112174392
fest_Q112266029,fest_Q112266029
fest_Q112062102,fest_Q112062102
fest_Q130210785,fest_Q130210785
fest_Q21041633,fest_Q21041633
fest_Q112186081,fest_Q112186081
fest_Q112184223,fest_Q112184223
fest_Q112062541,fest_Q112062541
fest_Q112184374,fest_Q112184374
fest_Q112054651,fest_Q112054651
fest_Q11061149,fest_Q11061149
fest_Q112053263,fest_Q111983813
fest_Q4071451,fest_Q4071451
fest_Q112052913,fest_Q112052913
fest_Q112184981,fest_Q112184981
fest_Q112054205,fest_Q112054205
fest_Q112186000,fest_Q112186000
fest_Q112062560,fest_Q112062560
fest_Q112184428,fest_Q112184151
fest_Q112191041,fest_Q112191041
fest_Q11042716,fest_Q11042716
fest_Q112062564,fest_Q112062564
fest_Q112184435,fest_Q112183945
fest_Q112186093,fest_Q112186093
fest_Q112947930,fest_Q112947930
fest_Q112175370,fest_Q112175370
fest_Q112190960,fest_Q112190960
fest_Q39049249,fest_Q39049249
fest_Q112175068,fest_Q112175068
fest_Q112174920,fest_Q112174366
fest_Q112053441,fest_Q112053441
fest_Q112186103,fest_Q112186103
fest_Q15927336,fest_Q15927336
fest_Q15902172,fest_Q15902172
fest_Q112053296,fest_Q112053296
fest_Q112185007,fest_Q112185007
fest_Q112062579,fest_Q112062579
fest_Q112186022,fest_Q112186022
fest_Q112061902,fest_Q112061902
fest_Q112184145,fest_Q112184145
fest_Q112175383,fest_Q112175383
fest_Q112190973,fest_Q112190973
fest_Q112186108,fest_Q112186108
fest_Q15898861,fest_Q15898861
fest_Q112184151,fest_Q112184151
fest_Q123190820,fest_Q123190820
fest_Q7676551,fest_Q7676551
fest_Q112185977,fest_Q112185977
fest_Q112186025,fest_Q112186025
fest_Q112184454,fest_Q112184151
fest_Q112186113,fest_Q112186113
fest_Q112054245,fest_Q112054245
fest_Q112174343,fest_Q112174343
fest_Q112062588,fest_Q112062588
fest_Q112054938,fest_Q112054938
fest_Q112184572,fest_Q112184572
fest_Q112054903,fest_Q112054903
fest_Q112062163,fest_Q112062163
fest_Q112186036,fest_Q112186036
fest_Q112190997,fest_Q112190997
fest_Q112175096,fest_Q112175096
fest_Q112174948,fest_Q112174948
fest_Q116694667,fest_Q116694667
fest_Q10921475,fest_Q10921475
fest_Q112054436,fest_Q112054436
fest_Q10846717,fest_Q10846717
fest_Q112483887,fest_Q112483887
fest_Q112062600,fest_Q112062600
fest_Q112185875,fest_Q112185875
fest_Q15898326,fest_Q15898326
fest_Q112053330,fest_Q112053330
fest_Q112184442,fest_Q112184442
fest_Q112174366,fest_Q112174366
fest_Q21652190,fest_Q21652190
fest_Q112183882,fest_Q112183882
fest_Q112191005,fest_Q112191005
fest_Q112265360,fest_Q112265360
fest_Q112191014,fest_Q112191014
fest_Q10927445,fest_Q10927445
fest_Q112061884,fest_Q112061884
fest_Q10912656,fest_Q10912656
fest_Q4842341,fest_Q4842341
fest_Q1194539,fest_Q1194539
fest_Q112265299,fest_Q112265299
fest_Q112265297,fest_Q112265297
fest_Q112184199,fest_Q112184199
fest_Q112183832,fest_Q112183832
fest_Q112184165,fest_Q112184165
fest_Q112174392,fest_Q112174392
fest_Q15902598,fest_Q15902598
fest_Q15897231,fest_Q15897231
fest_Q112175447,fest_Q112175447
fest_Q112175299,fest_Q112175299
fest_Q112184631,fest_Q112184631
fest_Q112185038,fest_Q112185038
fest_Q112184368,fest_Q112184145
fest_Q112054321,fest_Q112054321
fest_Q10914407,fest_Q10914407
fest_Q112184486,fest_Q112184486
fest_Q112062504,fest_Q112062504
fest_Q7676544,fest_Q7676544
fest_Q112053405,fest_Q112053405
fest_Q112184527,fest_Q112183882
fest_Q1254268,fest_Q1254268
fest_Q112265329,fest_Q112265329
fest_Q13636373,fest_Q13636373
fest_Q112175014,fest_Q112175014
fest_Q112184603,fest_Q112184603
fest_Q3353195,fest_Q3353195
fest_Q112190911,fest_Q112190911
fest_Q131419653,fest_Q131419653
fest_Q39087739,fest_Q39087739
fest_Q13016696,fest_Q13016696
fest_Q56271761,fest_Q56271761
fest_Q4922745,fest_Q4922745
fest_Q136445091,fest_Q136445091
fest_Q65049265,fest_Q65049265
fest_Q135422460,fest_Q135422460
fest_Q55696349,fest_Q55696349
fest_Q56271943,fest_Q56271943
fest_Q126010560,fest_Q126010560
fest_Q7684126,fest_Q7684126
fest_Q67935296,fest_Q67935296
fest_Q131419834,fest_Q131419834
fest_Q130329232,fest_Q130329232
fest_Q131419536,fest_Q131419536
fest_Q131419989,fest_Q131419989
fest_Q6583105,fest_Q6583105
fest_Q118218309,fest_Q118218309
fest_Q105881930,fest_Q105881930
fest_Q135453640,fest_Q135453640
fest_Q116730325,fest_Q116730325
fest_Q137532364,fest_Q137532364
fest_Q85987157,fest_Q85987157
fest_Q131419559,fest_Q131419559
fest_Q5095195,fest_Q5095195
fest_Q48927632,fest_Q48927632
fest_Q135423022,fest_Q135423022
fest_Q20624760,fest_Q20624760
fest_Q13017671,fest_Q13017671
fest_Q97223881,fest_Q97223881
fest_Q19839999,fest_Q19839999
fest_Q131419721,fest_Q131419721
fest_Q139069265,fest_Q139069265
fest_Q131419879,fest_Q131419879
fest_Q122748347,fest_Q122748347
fest_Q132774085,fest_Q132774085
fest_Q139069028,fest_Q139069028
fest_Q138637094,fest_Q138637094
fest_Q130478523,fest_Q130478523
fest_Q126164299,fest_Q126164299
fest_Q81610,fest_Q81610
fest_Q130329213,fest_Q130329213
fest_Q13017652,fest_Q13017652
fest_Q124659362,fest_Q124659362
fest_Q13018159,fest_Q13018159
fest_Q16138610,fest_Q16138610
fest_Q131419282,fest_Q131419282
fest_Q6402203,fest_Q6402203
fest_Q48911080,fest_Q48911080
fest_Q131583824,fest_Q131583824
fest_Q131419912,fest_Q131419912
fest_Q13017658,fest_Q13017658
fest_Q117338081,fest_Q117338081
fest_Q1425496,fest_Q1425496
fest_Q119401434,fest_Q119401434
fest_Q2964638,fest_Q2964638
fest_Q13017666,fest_Q13017666
fest_Q13017665,fest_Q13017665
fest_Q13017670,fest_Q13017670
fest_Q119441518,fest_Q119441518
fest_Q13017668,fest_Q13017668
fest_Q13017669,fest_Q13017669
fest_Q138464672,fest_Q138464672
fest_Q64005451,fest_Q64005451
fest_Q124799318,fest_Q124799318
fest_Q110967783,fest_Q110967783
fest_Q117851818,fest_Q117851818
fest_Q13017680,fest_Q13017680
fest_Q119441567,fest_Q119441567
fest_Q3070641,fest_Q3070641
fest_Q261985,fest_Q261985
fest_Q139764089,fest_Q139764089
fest_Q136221507,fest_Q136221507
fest_Q3070655,fest_Q3070655
fest_Q7670141,fest_Q7670141
fest_Q3028738,fest_Q3028738
fest_Q3587147,fest_Q3587147
fest_Q83258064,fest_Q83258064
fest_Q26884519,fest_Q26884519
fest_Q123310678,fest_Q123310678
fest_Q123862814,fest_Q123862814
fest_Q10244,fest_Q10244
fest_Q115236301,fest_Q115236301
fest_Q110513294,fest_Q110513294
fest_Q7743963,fest_Q7743963
fest_Q117087556,fest_Q117087556
fest_Q12228866,fest_Q12228866
fest_Q16535936,fest_Q16535936
fest_Q120052439,fest_Q120052439
fest_Q138577582,fest_Q138577582
fest_Q139324332,fest_Q139324332
fest_Q96622031,fest_Q96622031
fest_Q123864290,fest_Q123864290
fest_Q117087552,fest_Q117087552
fest_Q106242538,fest_Q106242538
fest_Q5433535,fest_Q5433535
fest_Q3077681,fest_Q3077681
fest_Q115236272,fest_Q115236272
fest_Q136212362,fest_Q136212362
fest_Q1738508,fest_Q1738508
fest_Q117087532,fest_Q117087532
fest_Q6953944,fest_Q6953944
fest_Q133875500,fest_Q133875500
fest_Q17099563,fest_Q17099563
fest_Q125257122,fest_Q125257122
fest_Q11327037,fest_Q11327037
fest_Q120536125,fest_Q120536125
fest_Q7429541,fest_Q7429541
fest_Q18353529,fest_Q18353529
fest_Q25450533,fest_Q25450533
fest_Q3069874,fest_Q3069874
fest_Q134505629,fest_Q134505629
fest_Q138677111,fest_Q138677111
fest_Q117087528,fest_Q117087528
fest_Q76179596,fest_Q76179596
fest_Q117087554,fest_Q117087554
fest_Q117087510,fest_Q117087510
fest_Q7389947,fest_Q7389947
fest_Q109518238,fest_Q109518238
fest_Q136653561,fest_Q136653561
fest_Q2526253,fest_Q2526253
fest_Q22905775,fest_Q22905775
fest_Q117087498,fest_Q117087498
fest_Q112605826,fest_Q112605826
fest_Q133530550,fest_Q133530550
fest_Q135831137,fest_Q135831137
fest_Q1795594,fest_Q1795594
fest_Q115236241,fest_Q115236241
fest_Q3586559,fest_Q3586559
fest_Q79048068,fest_Q79048068
fest_Q7209118,fest_Q7209118
fest_Q115236286,fest_Q115236286
fest_Q109381890,fest_Q109381890
fest_Q611195,fest_Q611195
fest_Q16556551,fest_Q16556551
fest_Q107366632,fest_Q107366632
fest_Q114775713,fest_Q114775713
fest_Q82668,fest_Q82668
fest_Q10788643,fest_Q10788643
fest_Q131429195,fest_Q131429195
fest_Q1823978,fest_Q1823978
fest_Q5563375,fest_Q5563375
fest_Q124102031,fest_Q124102031
fest_Q139806760,fest_Q139806760
fest_Q5861684,fest_Q5861684
fest_Q5295460,fest_Q5295460
fest_Q5602422,fest_Q5602422
fest_Q6049188,fest_Q6049188
fest_Q118744944,fest_Q118744944
fest_Q5464553,fest_Q5464553
fest_Q6672963,fest_Q6672963
fest_Q2259288,fest_Q2259288
fest_Q3392883,fest_Q3392883
fest_Q113990878,fest_Q113990878
fest_Q109116323,fest_Q109116323
fest_Q134639871,fest_Q134639871
fest_Q3028738,fest_Q3028738
fest_Q126424793,fest_Q126424793
fest_Q110113726,fest_Q110113726
fest_Q4053339,fest_Q4053339
fest_Q7456091,fest_Q7456091
fest_Q24189367,fest_Q24189367
fest_Q112625441,fest_Q112625441
fest_Q137588961,fest_Q137588961
fest_Q103967891,fest_Q103967891
fest_Q77931877,fest_Q77931877
fest_Q4812085,fest_Q4812085
fest_Q1667801,fest_Q1667801
fest_Q136192931,fest_Q136192931
fest_Q137645303,fest_Q137645303
fest_Q81610,fest_Q81610
fest_Q48753867,fest_Q48753867
fest_Q1133236,fest_Q1133236
fest_Q16976122,fest_Q16976122
fest_Q2585452,fest_Q2585452
fest_Q3028738,fest_Q3028738
fest_Q24955623,fest_Q24955623
fest_Q114832762,fest_Q114832762
fest_Q618206,fest_Q618206
fest_Q10788596,fest_Q10788596
fest_Q10786579,fest_Q10786579
fest_Q7099761,fest_Q7099761
fest_Q10783777,fest_Q10783777
fest_Q16566903,fest_Q16566903
fest_Q259724,fest_Q259724
fest_Q109672560,fest_Q109672560
fest_Q9259286,fest_Q9259286
fest_Q32249508,fest_Q32249508
fest_Q112184428,fest_Q112184151
fest_Q20527082,fest_Q20527082
fest_Q112186022,fest_Q112186022
fest_Q112184151,fest_Q112184151
fest_Q112186025,fest_Q112186025
fest_Q112174343,fest_Q112174343
fest_Q31200259,fest_Q31200259
fest_Q112186036,fest_Q112186036
fest_Q12354195,fest_Q12354195
fest_Q112174948,fest_Q112174948
fest_Q96622031,fest_Q96622031
fest_Q11299314,fest_Q11299314
fest_Q28194643,fest_Q28194643
fest_Q111983214,fest_Q111983214
fest_Q115740102,fest_Q115740102
fest_Q126923743,fest_Q126923743
fest_Q112174392,fest_Q112174392
fest_Q63979259,fest_Q63979259
fest_Q64068351,fest_Q64068351
fest_Q111966993,fest_Q111966993
fest_Q112184527,fest_Q112183882
fest_Q111983191,fest_Q111983191
fest_Q12630976,fest_Q12630976
fest_Q122150399,fest_Q122150399
fest_Q117662095,fest_Q117662095
fest_Q51845040,fest_Q51845040
fest_Q123104993,fest_Q123104993
fest_Q111495571,fest_Q111495571
fest_Q81610,fest_Q81610
fest_Q65225643,fest_Q65225643
fest_Q112185977,fest_Q112185977
fest_Q20203401,fest_Q20203401
fest_Q112186000,fest_Q112186000
fest_Q7632447,fest_Q7632447
